generation,parent_idx,lineage_id,m_active,A_delta_fro,condition_number_after,shrink_applied,psd_fallback,active_js,v_norms
1,0,0,2,0.015320154402086986,1.0254766864284572,True,False,"[6, 15]","[0.02872283342289149, 0.02872283342289149]"
1,1,1,1,0.015149605075907843,1.0254766864284575,True,False,[17],[0.034645956846561125]
1,2,2,1,0.015659181121011546,1.0254766864284575,True,False,[7],[0.027465756632266684]
1,3,3,3,0.016498979706893766,1.0254766864284575,True,False,"[7, 11, 12]","[0.02227433438014308, 0.02227433438014308, 0.02227433438014308]"
1,4,4,1,0.0162283638918514,1.0254766864284572,True,False,[7],[0.023019363393388278]
1,5,5,1,0.016432535962488386,1.0254766864284584,True,False,[16],[0.043824184311590554]
1,6,6,1,0.01670768394412827,1.0254766864284572,True,False,[15],[0.016924525842627502]
1,7,7,1,0.015905167741063694,1.0254766864284575,True,False,[8],[0.04161181764162655]
1,8,8,1,0.014679385659717095,1.025476686428457,True,False,[5],[0.0371290035363941]
1,9,9,1,0.015577819014968998,1.0254766864284581,True,False,[6],[0.031076594081528335]
1,10,10,2,0.016301532675463384,1.0254766864284575,True,False,"[8, 16]","[0.03264582439102539, 0.03264582439102539]"
1,11,11,1,0.016592174016353243,1.025476686428457,True,False,[5],[0.023871614213183692]
1,12,12,1,0.016357674810366856,1.0254766864284572,True,False,[15],[0.050908866381511375]
1,13,13,1,0.015639150860965657,1.025476686428457,True,False,[8],[0.03715837767266857]
1,14,14,1,0.015734266584377994,1.0254766864284568,True,False,[11],[0.02121385933064]
1,15,15,1,0.01598908938957263,1.0254766864284572,True,False,[5],[0.05199452267713512]
1,16,16,1,0.015720087167133533,1.0254766864284561,True,False,[5],[0.035843781373666915]
1,17,17,2,0.013984294254093569,1.0254766864284572,True,False,"[8, 16]","[0.028989637585380677, 0.028989637585380677]"
1,18,18,1,0.015938893826284113,1.025476686428457,True,False,[7],[0.031275984196554266]
1,19,19,1,0.016272134444153978,1.0254766864284566,True,False,[7],[0.024677014405375113]
1,20,20,1,0.014644593391204937,1.0254766864284572,True,False,[5],[0.03148608134291658]
1,21,21,3,0.01548781547383069,1.0254766864284586,True,False,"[7, 12, 16]","[0.031179940927437273, 0.031179940927437273, 0.031179940927437273]"
1,22,22,1,0.016560833264732913,1.025476686428458,True,False,[7],[0.021020673775691123]
1,23,23,2,0.016135272345320008,1.0254766864284568,True,False,"[6, 16]","[0.053787265495739534, 0.053787265495739534]"
2,0,0,1,0.016589697054571216,1.0285717491373463,True,False,[5],[0.03368061182267006]
2,1,1,1,0.01584912805190786,1.0310652986786222,True,False,[9],[0.03559123600528365]
2,2,2,1,0.01627177625621436,1.0500190217308665,True,False,[7],[0.04260088500519206]
2,4,4,1,0.016777984634389214,1.0301522550261804,True,False,[8],[0.032528015296471584]
2,5,5,1,0.01603234507783818,1.0359025488845945,True,False,[5],[0.012262956336888082]
2,6,6,1,0.01644686827100622,1.0424940460970615,True,False,[15],[0.027302715356746107]
2,8,8,1,0.01590696877874357,1.0486990636835711,True,False,[5],[0.0452565480814921]
2,9,9,1,0.015289120373321337,1.0380383502370423,True,False,[5],[0.029053935592529608]
2,10,10,1,0.015149203818193513,1.0378917561936052,True,False,[5],[0.027608177370958224]
2,11,11,2,0.016280902505214766,1.0326852823965826,True,False,"[7, 8]","[0.03363873037960866, 0.03363873037960866]"
2,12,12,1,0.015006359828908572,1.048973514304286,True,False,[15],[0.0806343615040107]
2,13,13,1,0.01487345650381676,1.0366621662775013,True,False,[5],[0.0172409878223387]
2,15,15,1,0.016247522356656285,1.038168431019347,True,False,[7],[0.030681500499032097]
2,17,17,2,0.016232946338551872,1.0395598872012832,True,False,"[7, 15]","[0.0350970346000671, 0.0350970346000671]"
2,18,18,1,0.016558165310986597,1.0463013922310291,True,False,[7],[0.03080745453325065]
2,19,19,2,0.013998641744703324,1.0361609459014245,True,False,"[7, 15]","[0.033203228347338146, 0.022868222838522592]"
2,20,20,1,0.016219155748746203,1.0383231078265667,True,False,[7],[0.01059802341966483]
2,21,21,2,0.013101985248901271,1.0307916170803706,True,False,"[7, 9]","[0.032969091262184315, 0.02990225711120523]"
2,22,22,2,0.016213447351998613,1.0433745142818085,True,False,"[11, 16]","[0.04058538471535662, 0.04058538471535662]"
2,23,23,1,0.016021887880074498,1.0318270397913867,True,False,[5],[0.02388428247245575]
3,0,0,1,0.015791219223103812,1.0464568123086426,True,False,[6],[0.05154904612520628]
3,2,16,1,0.01664475083410902,1.0281815835189587,True,False,[7],[0.059410247881133055]
3,3,17,2,0.01587499984429579,1.0604269697660977,True,False,"[8, 16]","[0.02823166335774097, 0.02823166335774097]"
3,4,19,1,0.015360338956222533,1.04459820527285,True,False,[15],[0.031942219723953155]
3,8,8,1,0.016355149709155324,1.0702671865821611,True,False,[5],[0.04450213125190819]
3,9,2,1,0.014852873008563878,1.0597367450420574,True,False,[7],[0.036572998595177895]
3,10,22,2,0.01364588165607371,1.0450387662813145,True,False,"[7, 16]","[0.028828928133054908, 0.041056974196328096]"
3,11,14,1,0.016560279143748195,1.041725062220091,True,False,[5],[0.027674487362856628]
3,12,20,2,0.015863067367785193,1.0383550595714222,True,False,"[7, 16]","[0.029552314592260903, 0.029552314592260903]"
3,13,21,2,0.015899463210836604,1.0313547131396326,True,False,"[9, 12]","[0.017214783508546234, 0.017214783508546234]"
3,14,10,1,0.016132030688112028,1.040250583413689,True,False,[7],[0.010589396788525647]
3,15,15,1,0.016300186519409378,1.0600532794770985,True,False,[7],[0.03860452948802482]
3,16,23,1,0.016105920164438205,1.0319118327679748,True,False,[7],[0.03036518755121076]
3,17,11,1,0.01582327918545668,1.0486015109960736,True,False,[5],[0.024478542038613414]
3,18,6,1,0.015601188720318144,1.0455371045481348,True,False,[5],[0.02005455834024918]
3,20,5,1,0.01503203932904199,1.0433859501965315,True,False,[5],[0.04090289017107155]
3,21,18,1,0.016241052585625266,1.0491351050547768,True,False,[7],[0.050332846795202384]
3,22,3,2,0.015219822580952069,1.0331925106034237,True,False,"[7, 12]","[0.03332840361059053, 0.028339739585985364]"
3,23,1,1,0.016300505599159586,1.040738733370174,True,False,[5],[0.026085139170525535]
4,0,0,1,0.014237607666348585,1.0670574624719047,True,False,[7],[0.023100279754141497]
4,2,16,1,0.016145774302297418,1.048686845155678,True,False,[7],[0.05225575926274871]
4,4,19,1,0.014720604607174911,1.046513397173392,True,False,[5],[0.0265484631437311]
4,5,13,1,0.016402521333245792,1.0471699518419904,True,False,[5],[0.02025187518092059]
4,8,79,1,0.02749006630352255,1.2358175436499192,True,False,[8],[0.030854889233312144]
4,9,91,1,0.035732765064890516,1.1972823808230122,True,False,[7],[0.04367488093762118]
4,10,8,2,0.015855715835245632,1.0713264617566527,True,False,"[7, 17]","[0.061577105377289776, 0.04312620737775756]"
4,12,22,1,0.015987875674501745,1.0607306715161675,True,False,[5],[0.014396800251057926]
4,13,14,1,0.016407229588923336,1.041817071425458,True,False,[11],[0.030676881625242014]
4,14,20,1,0.016257849758423586,1.0469061091856176,True,False,[7],[0.023596362518876486]
4,15,21,2,0.01642610490702077,1.0394488363777932,True,False,"[12, 16]","[0.020363857133202285, 0.020363857133202285]"
4,16,10,1,0.016170616324060562,1.0484246830837056,True,False,[7],[0.04479370669993676]
4,17,15,1,0.01653050988878625,1.072559541538143,True,False,[7],[0.05191391907357164]
4,18,23,1,0.015052545656906063,1.042363132510311,True,False,[7],[0.04362562620018053]
4,19,11,1,0.01651144232151535,1.0534710839712498,True,False,[7],[0.0382889454899389]
4,20,6,1,0.0160715949564818,1.0571058021721274,True,False,[7],[0.027507047528805482]
4,21,62,2,0.062457021459864606,1.1837149820359267,True,False,"[7, 8]","[0.08216507305936444, 0.04136482140413284]"
4,22,18,1,0.015453907291903468,1.0576354646003996,True,False,[11],[0.05530471123011389]
4,23,3,1,0.016232804886031328,1.0512092606287997,True,False,[15],[0.022940250803959897]
5,0,0,1,0.015441523018396224,1.0905121721148527,True,False,[7],[0.039105550101840005]
5,3,17,1,0.015591645441345506,1.0764640487188413,True,False,[15],[0.033262784397997645]
5,4,19,1,0.013163578065622674,1.0549201915574293,True,False,[7],[0.036837126077754544]
5,6,12,3,0.013737310482873364,1.0620609378887642,True,False,"[7, 8, 15]","[0.03570311874508209, 0.03570311874508209, 0.0366612842169314]"
5,8,4,1,0.016179457756091687,1.0381659713649405,True,False,[5],[0.05072283305772818]
5,11,99,2,0.01427143595441898,1.0737339885316204,True,False,"[7, 8]","[0.04598870861430306, 0.04598870861430306]"
5,12,8,1,0.01663233409462815,1.0724031186014171,True,False,[7],[0.04285967816622344]
5,13,107,2,0.03274650303624223,1.113180620961967,True,False,"[7, 8]","[0.02981398703946185, 0.05505062584877921]"
5,14,22,1,0.016170428532029244,1.065315468010422,True,False,[7],[0.0511295624943749]
5,15,14,1,0.01645612295637672,1.056055225515347,True,False,[11],[0.04103234272741818]
5,16,20,1,0.01637736727413378,1.0563815306702493,True,False,[7],[0.038824604604286876]
5,17,21,4,0.01216600358201736,1.042356305078577,True,False,"[7, 9, 12, 16]","[0.03505395935674707, 0.03570569440883419, 0.03570569440883419, 0.05176467742497359]"
5,18,2,1,0.015305649661107446,1.0662786579620203,True,False,[7],[0.059069868951730616]
5,19,15,1,0.01627121786441825,1.0769998494554438,True,False,[5],[0.019594443693000268]
5,20,10,1,0.014546425920019744,1.0526199995143943,True,False,[5],[0.06599645059289747]
5,21,6,1,0.016270456899502177,1.0583479678343786,True,False,[5],[0.030310425597439607]
5,22,23,1,0.01565505629080785,1.0615397740758574,True,False,[5],[0.012018350390220058]
5,23,3,1,0.016686639623264277,1.0514485492147412,True,False,[12],[0.021681324409930883]
6,0,0,1,0.016093389741939686,1.1112096587828322,True,False,[7],[0.052336638004423036]
6,1,7,1,0.015409386841056206,1.0305858636648848,True,False,[8],[0.015727559147522673]
6,2,16,1,0.01650549640960779,1.0715341614720373,True,False,[7],[0.08437567201538984]
6,3,17,2,0.01384627217619144,1.0802061590614163,True,False,"[15, 16]","[0.06698529198258026, 0.06132371852854764]"
6,4,19,1,0.01618094642895494,1.0683982099042295,True,False,[8],[0.060050559774422474]
6,5,129,1,0.03326964513504492,1.4364644386689536,True,False,[8],[0.02629372536101011]
6,6,13,1,0.015808479801809966,1.0573731318535853,True,False,[5],[0.03642906801164621]
6,8,102,1,0.0152636685854475,1.0655011655817044,True,False,[5],[0.08336286916596022]
6,10,79,1,0.015300254950074726,1.2480879752299692,True,False,[7],[0.06784497027282646]
6,11,91,1,0.016118508979294927,1.2058519264556087,True,False,[7],[0.049635651676633724]
6,12,99,2,0.013741767064284528,1.0797294762461473,True,False,"[8, 16]","[0.03090594779053243, 0.04387437684357769]"
6,13,8,1,0.014679043483022767,1.092699734178051,True,False,[7],[0.046676244374898215]
6,14,130,1,0.03417441323648981,1.2772072321446841,True,False,[5],[0.031501920983413]
6,15,20,1,0.015540382952012747,1.0623314703298645,True,False,[5],[0.04829482462696886]
6,16,107,1,0.015798263346028078,1.1176142460051437,True,False,[7],[0.03934597059730247]
6,17,22,1,0.016537198592039032,1.0727092363575224,True,False,[5],[0.03753804905047032]
6,18,14,1,0.016071791266996333,1.0683757239221938,True,False,[5],[0.031484886613194006]
6,19,21,2,0.016343540229227287,1.0524656198284268,True,False,"[9, 16]","[0.018688009444043755, 0.018688009444043755]"
6,21,127,1,0.04510427320403579,1.1863753316882804,True,False,[7],[0.07800915638840766]
6,22,15,1,0.016202160676403156,1.082707085736027,True,False,[5],[0.03306114374739923]
6,23,6,1,0.015651596532792942,1.0650780765800216,True,False,[5],[0.04429006338579238]
7,0,0,1,0.014439890173007865,1.1196261218685246,True,False,[5],[0.06239720128263718]
7,1,7,2,0.014779648808037298,1.03901705965787,True,False,"[7, 8]","[0.029064677590129356, 0.035488518353766686]"
7,2,16,1,0.015683189529863462,1.0869520275301638,True,False,[5],[0.027676598900541964]
7,3,17,2,0.012817676816428956,1.0962150422213692,True,False,"[8, 16]","[0.03471949611419094, 0.05540261026948502]"
7,4,19,2,0.012964131895276978,1.0713668513082306,True,False,"[8, 15]","[0.07726258278210404, 0.05244767916720961]"
7,5,129,2,0.014050446891036896,1.4493281699922822,True,False,"[7, 11]","[0.037981497054909524, 0.037981497054909524]"
7,7,151,1,0.02194207294428095,1.0925915781346291,True,False,[7],[0.025757474326404642]
7,8,12,1,0.016426488010675335,1.0623098886137472,True,False,[5],[0.09423014256748936]
7,9,102,1,0.01579280441665117,1.0702791177567885,True,False,[5],[0.05366464747487102]
7,11,79,2,0.01321695817114942,1.249466018565047,True,False,"[7, 8]","[0.056478608307164294, 0.06467524724533893]"
7,12,91,1,0.016283679283392787,1.1948910901942853,True,False,[11],[0.042859924022463254]
7,13,99,2,0.011479397185428012,1.083658127423509,True,False,"[7, 16]","[0.03839433629385287, 0.03416816790736343]"
7,14,8,1,0.01415618923969805,1.0982791183918013,True,False,[7],[0.042262584232284114]
7,15,130,1,0.016274927139907983,1.27130605489323,True,False,[7],[0.04112494717273243]
7,16,20,1,0.015099832949085549,1.071650573978589,True,False,[5],[0.04173335576167582]
7,17,107,1,0.015742057367487097,1.123382821796006,True,False,[7],[0.04695960207099403]
7,18,164,1,0.03723684045468681,1.1958454874901294,True,False,[5],[0.04240897477650238]
7,19,22,1,0.016254153905401105,1.0720598886963242,True,False,[5],[0.0468162167853277]
7,20,14,1,0.015975299559838826,1.0892023290047013,True,False,[11],[0.030222255038025073]
7,21,21,2,0.011605417534478699,1.0551511802566638,True,False,"[9, 12]","[0.039961621648891735, 0.03306311272341165]"
7,23,15,1,0.015826562994454237,1.0954312545441298,True,False,[5],[0.059670973967192925]
8,0,0,1,0.01577740952044618,1.1318543935477237,True,False,[6],[0.05929459681086322]
8,1,7,1,0.016264787680743884,1.058442403821525,True,False,[8],[0.04296729755719651]
8,2,16,1,0.014654798570719116,1.0975689194508615,True,False,[12],[0.021315849705929726]
8,3,17,1,0.013683684380600247,1.1001969480024931,True,False,[16],[0.042939313132747625]
8,4,19,1,0.015842218904302836,1.074294572409917,True,False,[5],[0.03604715588799038]
8,5,129,2,0.01245757731799457,1.4621502092915828,True,False,"[7, 8]","[0.03839254702945448, 0.043286614271985685]"
8,6,13,2,0.013896398863521705,1.0653613846435006,True,False,"[8, 16]","[0.047714716385052695, 0.02613232485840071]"
8,7,151,1,0.016278863120677476,1.0977616642791777,True,False,[8],[0.052652982964918035]
8,8,12,1,0.014978628183831279,1.0706690957950746,True,False,[6],[0.032117634239886034]
8,9,102,1,0.01606357028156912,1.0759885068575687,True,False,[5],[0.07217383393738458]
8,10,4,1,0.016377483396390113,1.0470969062365851,True,False,[12],[0.041935115552710636]
8,11,79,1,0.013446119688967898,1.2555182576905095,True,False,[8],[0.08201501997852707]
8,12,91,1,0.015128516575973815,1.2014602744560265,True,False,[5],[0.0345930677141389]
8,14,178,1,0.057327832848909833,1.3127415949419179,True,False,[12],[0.03300720784988616]
8,15,130,1,0.015870685370964817,1.272826041070049,True,False,[7],[0.05153707024168311]
8,16,190,1,0.06205656621421486,1.2305820829702367,True,False,[15],[0.033834434587844874]
8,17,8,1,0.015409274138086064,1.1142035308805092,True,False,[5],[0.05439049373875172]
8,18,107,2,0.011402759459037334,1.1302913420527356,True,False,"[7, 16]","[0.057246756073289065, 0.02188997933795091]"
8,19,164,1,0.016212521124621248,1.1995254982144266,True,False,[5],[0.06786964192558463]
8,20,22,1,0.01565970879445677,1.0779340009417113,True,False,[5],[0.08448413335668727]
8,21,14,1,0.015871342264530148,1.0888582316905457,True,False,[5],[0.04592414696552957]
8,23,15,1,0.01632609904084474,1.0949915748293255,True,False,[7],[0.03637968442429568]
9,0,0,2,0.011000910289764625,1.1456078058710573,True,False,"[6, 7]","[0.051072168259135575, 0.06284144965035651]"
9,3,17,1,0.016117915710671053,1.0995880373707942,True,False,[15],[0.07578645144262249]
9,4,19,1,0.01518191322704435,1.0880108414364569,True,False,[8],[0.08066578099576102]
9,5,129,1,0.013505429047233796,1.4646719201521492,True,False,[8],[0.04757233062558622]
9,8,214,1,0.050667506351463346,1.2476871143123889,True,False,[7],[0.02538148084040575]
9,9,12,1,0.01635338465677456,1.0747523952019729,True,False,[8],[0.03809644939146265]
9,10,102,1,0.015682740150832944,1.080438289749099,True,False,[7],[0.07176184369632396]
9,11,205,2,0.013260060461880508,1.0980670861449504,True,False,"[7, 8]","[0.07522308665907716, 0.08243531644224296]"
9,12,4,1,0.01600548310797516,1.0494844768206693,True,False,[8],[0.0456961027329926]
9,14,91,1,0.015107745402863816,1.2103069481941913,True,False,[7],[0.05453782224459647]
9,15,99,2,0.014461361401182002,1.084023859627547,True,False,"[7, 16]","[0.07750784376153744, 0.046614744677798865]"
9,16,178,2,0.016519394448810155,1.3127248323395133,True,False,"[8, 12]","[0.02855745541701415, 0.02855745541701415]"
9,20,107,2,0.015707141298420258,1.1354973333350933,True,False,"[7, 16]","[0.05988782358613879, 0.03750205288592261]"
9,21,164,2,0.009788866810817535,1.213623313025765,True,False,"[7, 16]","[0.06746649029993396, 0.04272122858262126]"
9,22,22,1,0.01621931616351721,1.088341253478774,True,False,[16],[0.04718170027976518]
10,0,0,1,0.016244450993001133,1.1438160205312657,True,False,[8],[0.04227924282787631]
10,2,7,1,0.01605833881392639,1.059728244903009,True,False,[8],[0.03643240910033607]
10,3,16,1,0.014424736542653364,1.1019573209748081,True,False,[7],[0.04214704066994226]
10,4,17,2,0.014742813410344124,1.1017040886260512,True,False,"[15, 16]","[0.08096496238758936, 0.05055928683871971]"
10,5,19,1,0.015527197619769353,1.099898482319542,True,False,[7],[0.04672398403343244]
10,6,129,1,0.01522915504068672,1.4716237535809842,True,False,[8],[0.06059585285134172]
10,7,13,1,0.01660745080783598,1.0658082250885204,True,False,[8],[0.06439713811450021]
10,8,151,1,0.016362818360769336,1.0980624839033004,True,False,[7],[0.04442215114672913]
10,10,12,1,0.01587420324691163,1.0771934023258416,True,False,[8],[0.04024693866673985]
10,11,235,3,0.05431607781240529,1.2720973412756766,True,False,"[7, 8, 15]","[0.07042845501804532, 0.08432973360830932, 0.024960324012264324]"
10,12,102,1,0.016211185910603287,1.0802004314488531,True,False,[7],[0.050670195482404166]
10,13,205,1,0.015645199937377226,1.1098972210068705,True,False,[5],[0.03836154553773853]
10,14,217,1,0.030714878132579723,1.1618975989944997,True,False,[7],[0.055921175098831086]
10,15,223,1,0.03264780246076426,1.1776291697873116,True,False,[7],[0.08686813162248364]
10,16,99,1,0.015753427868047974,1.0940297451284726,True,False,[7],[0.0451319449719032]
10,17,4,1,0.01618396704272875,1.0543618340019911,True,False,[5],[0.07194778354670499]
10,18,79,1,0.015193175854762443,1.2722766368602043,True,False,[8],[0.0385480051716278]
10,19,91,1,0.01683389913182497,1.199750928884206,True,False,[7],[0.058697463649172464]
10,20,178,3,0.011369583471643305,1.3198766968628588,True,False,"[7, 8, 12]","[0.052513225633102165, 0.01976828991371639, 0.01976828991371639]"
10,21,234,1,0.02298651596861876,1.2727132556601493,True,False,[16],[0.06617175590878448]
10,22,130,1,0.015058914283865278,1.2768947756482945,True,False,[7],[0.0371038274360566]
10,23,233,1,0.018107095526717482,1.341963650514109,True,False,[7],[0.0321960911254101]
11,0,0,1,0.015577632513944124,1.1494822477702695,True,False,[5],[0.07452664838575862]
11,1,222,2,0.013591162224848406,1.0631246247731787,True,False,"[8, 16]","[0.06142087212403563, 0.03034836450016492]"
11,3,16,1,0.015748274326895045,1.1044028864280744,True,False,[5],[0.028072597404272075]
11,4,17,3,0.012903256070651466,1.1146088594292645,True,False,"[7, 15, 16]","[0.05779095315458391, 0.08664481599516358, 0.0702253225732997]"
11,6,129,1,0.014772891712960673,1.480838917561436,True,False,[5],[0.05414421292016093]
11,9,214,2,0.013816904456956308,1.2564424784577386,True,False,"[7, 8]","[0.07594082377250584, 0.08027976723390759]"
11,10,12,1,0.01587595613169249,1.0841805894543113,True,False,[7],[0.06957558757100289]
11,11,235,1,0.014671231201958276,1.2957806213004135,True,False,[7],[0.07415666914433595]
11,13,205,1,0.015183131327751077,1.1250146473667584,True,False,[8],[0.06199132671132738]
11,14,217,1,0.016023576604426288,1.1652740080147383,True,False,[5],[0.039386989559686086]
11,16,99,1,0.0158508036568505,1.1119065879209322,True,False,[8],[0.03921122593244189]
11,17,4,1,0.014509799113152639,1.0665976940925799,True,False,[7],[0.0779164898049604]
11,19,91,1,0.015878025051956096,1.19074039173951,True,False,[11],[0.04025512924086074]
11,20,178,1,0.015690137450649927,1.3357346860292652,True,False,[12],[0.023031956165425627]
11,21,234,2,0.015064929902814474,1.2798654122751907,True,False,"[7, 8]","[0.08137233727873623, 0.05785545466852023]"
11,22,130,1,0.015929053412140338,1.26995635716204,True,False,[16],[0.06703409112307745]
11,23,233,1,0.015083493114536911,1.3462520645723417,True,False,[8],[0.0427002651919917]
12,1,0,3,0.015244927732458292,1.1590612426272078,True,False,"[6, 15, 17]","[0.04062591440146811, 0.04062591440146811, 0.06742455283721079]"
12,2,222,1,0.014936426962804276,1.0800601109533043,True,False,[5],[0.03350443507105641]
12,3,7,1,0.015444651585852566,1.085858137971393,True,False,[5],[0.04021586509301891]
12,4,16,1,0.016427345249397016,1.1118031671125879,True,False,[12],[0.025008073184871568]
12,5,17,3,0.011884679290642845,1.1242590625154625,True,False,"[8, 15, 16]","[0.0671417781850351, 0.03520133605836147, 0.04816686865305729]"
12,6,19,1,0.015259992087597323,1.1030565754374906,True,False,[15],[0.0684203744875853]
12,7,129,1,0.015450264598695668,1.47442397212745,True,False,[7],[0.035897253941875505]
12,8,13,2,0.0116222720016777,1.0673328411799496,True,False,"[7, 8]","[0.061802393080072376, 0.050590866810342076]"
12,9,151,2,0.010817765801046292,1.1044969155298354,True,False,"[7, 15]","[0.06788810919277255, 0.02195368972548652]"
12,10,214,1,0.01553190170376967,1.257553070522497,True,False,[5],[0.05056342924915295]
12,11,12,1,0.015094545469223987,1.0846316473547981,True,False,[5],[0.04773478739220701]
12,12,235,2,0.011785483251309606,1.283455527813187,True,False,"[8, 15]","[0.06160372592335823, 0.08816315946073999]"
12,15,217,3,0.012969376486674592,1.1684576834106504,True,False,"[7, 8, 15]","[0.08688576602942218, 0.030701056905873634, 0.030701056905873634]"
12,16,223,1,0.01522314895848445,1.187040274074328,True,False,[16],[0.03484301297686646]
12,17,99,3,0.01055190754103828,1.1241810784242228,True,False,"[8, 15, 16]","[0.03983911860716042, 0.04266143965827757, 0.053778505502951414]"
12,19,79,1,0.01600668829358843,1.2826622309102955,True,False,[5],[0.08497828487435714]
12,21,178,1,0.015154480882115089,1.3344878338137933,True,False,[12],[0.041161689237251047]
12,22,234,2,0.013107970215581508,1.2821454772724963,True,False,"[7, 15]","[0.05294516718634707, 0.038046950727695296]"
13,1,0,1,0.015618446872086503,1.1735410996108981,True,False,[6],[0.04904985700042352]
13,4,16,1,0.015259431182851306,1.1101086538425458,True,False,[5],[0.055398005104561616]
13,5,17,2,0.01471675442043383,1.134226444021338,True,False,"[15, 16]","[0.05305172554723462, 0.0614525685788448]"
13,6,19,1,0.016132975553564435,1.1167950933108743,True,False,[8],[0.06769815449332098]
13,8,13,2,0.01573512564260602,1.0748977615923587,True,False,"[12, 16]","[0.03818443016770771, 0.03818443016770771]"
13,12,235,1,0.014900790387544357,1.277178208513689,True,False,[15],[0.09128638229440386]
13,13,102,1,0.014628042019194957,1.0798739753746982,True,False,[8],[0.07257312776037908]
13,14,205,2,0.012897182974351684,1.1220450287230725,True,False,"[7, 8]","[0.06429313741879238, 0.03126126814627927]"
13,15,217,1,0.01516449838056005,1.1798052395447007,True,False,[7],[0.09134983063275762]
13,16,223,1,0.014589981508069571,1.208093353030922,True,False,[7],[0.06284948382041922]
13,18,4,1,0.015973012127970084,1.0747027385143457,True,False,[5],[0.06356625693776195]
13,19,79,2,0.012541700969695724,1.289190779132468,True,False,"[7, 8]","[0.06236689488585148, 0.04319552893991928]"
13,20,91,1,0.015042261350353007,1.2101189446821925,True,False,[5],[0.10307798468071114]
13,22,234,2,0.010866530646962753,1.2993096972094968,True,False,"[7, 8]","[0.04929004527825974, 0.017415114806313386]"
13,23,233,1,0.014672794338002542,1.3369661992301975,True,False,[11],[0.048117541585883286]
14,0,271,2,0.05911498082418719,1.2098079205269516,True,False,"[8, 15]","[0.05360929471978609, 0.04041630279187999]"
14,1,0,2,0.014182987406774122,1.1893224542155405,True,False,"[6, 15]","[0.05032414199032007, 0.03972171328004043]"
14,2,222,1,0.015457799796832369,1.0826337033605375,True,False,[7],[0.08430420681958149]
14,3,7,2,0.0096669466051046,1.0954732935351033,True,False,"[7, 8]","[0.04673924055524023, 0.04121851810331064]"
14,4,16,1,0.015740633988147016,1.1108190976975563,True,False,[5],[0.07282363201416027]
14,5,17,3,0.013427002396550229,1.1414178921909977,True,False,"[8, 15, 16]","[0.07372029508250551, 0.0710249413207236, 0.06971411159570079]"
14,6,19,1,0.015717344794876693,1.129383760391285,True,False,[8],[0.06382626258309629]
14,8,13,2,0.015688968326142465,1.0846731208836944,True,False,"[12, 16]","[0.05872766876135065, 0.05872766876135065]"
14,9,151,1,0.015306576322945933,1.1194778181293266,True,False,[7],[0.07440412332489406]
14,10,214,1,0.015423755134036163,1.2693197395891538,True,False,[7],[0.0751106405423102]
14,11,12,1,0.01617797365818357,1.0842718734329089,True,False,[5],[0.06652975664653088]
14,12,235,1,0.015110109385914372,1.2774819568581173,True,False,[15],[0.10777937483168853]
14,14,205,2,0.014137411840951731,1.1224992080355694,True,False,"[7, 8]","[0.0749704781237567, 0.04391152913266495]"
14,15,312,1,0.031058539146242868,1.3042209422585738,True,False,[15],[0.03956409974289075]
14,16,217,2,0.01410682405074074,1.1775068072341877,True,False,"[8, 15]","[0.06676542543100997, 0.062121672601329066]"
14,17,223,1,0.015514523146549258,1.2084171650244204,True,False,[6],[0.03217327663443443]
14,18,99,3,0.015115001320591155,1.1323719890237045,True,False,"[8, 15, 16]","[0.07167850649491214, 0.04376173255990082, 0.053931174880092504]"
14,19,4,1,0.01614599853094486,1.0744433166210499,True,False,[8],[0.061026500004537944]
14,20,79,1,0.014421587356299283,1.3041278984166345,True,False,[8],[0.04102246993903327]
14,21,91,1,0.01575307350508566,1.2240377587586193,True,False,[7],[0.08566949151344853]
14,22,178,1,0.015854451848580125,1.331457261513084,True,False,[5],[0.04906382138166284]
14,23,233,1,0.014098094024058226,1.3329154190649077,True,False,[11],[0.07531387305114186]
15,0,271,1,0.015811913988230463,1.2132999323269953,True,False,[8],[0.07329805691078223]
15,1,0,1,0.01580275117650553,1.1844564945998552,True,False,[5],[0.015122846410131058]
15,2,222,1,0.015001586346887174,1.095266386247966,True,False,[8],[0.03945085580355845]
15,3,7,1,0.015299427625885762,1.1031736150057834,True,False,[8],[0.056615606844222836]
15,4,16,1,0.015379645990282388,1.1178145760468348,True,False,[7],[0.06313226777030796]
15,5,17,2,0.01545481957163614,1.1474691194518467,True,False,"[15, 16]","[0.07828863841399353, 0.07538654421134845]"
15,6,19,1,0.01627875010425372,1.1259833997941624,True,False,[7],[0.040631515959083306]
15,7,129,1,0.015121194843125381,1.479414576435303,True,False,[8],[0.06935902309136258]
15,8,13,1,0.016319633493651713,1.0861788889393844,True,False,[8],[0.035113709579958144]
15,9,151,1,0.015180407973140441,1.1242479849827667,True,False,[15],[0.045043128997317286]
15,10,214,1,0.015081174163393109,1.2777191385737003,True,False,[5],[0.05078607718272239]
15,11,12,1,0.015514894935284181,1.0937476983801953,True,False,[7],[0.0773593545590457]
15,13,102,1,0.014937529285532065,1.0939621162010602,True,False,[7],[0.05056632279909333]
15,14,205,2,0.011762531645561881,1.1218533891535674,True,False,"[7, 15]","[0.07952184831641777, 0.027979090589585344]"
15,15,312,1,0.01492016795248182,1.3092624553156518,True,False,[17],[0.04146943879487533]
15,18,99,1,0.015866880942644976,1.130519753418839,True,False,[5],[0.08194220473190655]
15,20,79,1,0.015023062023872288,1.3060041166090386,True,False,[7],[0.06584328108104116]
15,21,91,1,0.014816957366664737,1.2478980373839823,True,False,[7],[0.07641060306468443]
15,22,178,2,0.014074998004904367,1.3275830677667013,True,False,"[7, 12]","[0.060867122758426276, 0.04000891005911881]"
15,23,233,2,0.013791327162272486,1.3165801900599323,True,False,"[7, 9]","[0.04438725557330795, 0.04045497222562638]"
16,0,271,2,0.014864316473930194,1.2216478132586157,True,False,"[8, 15]","[0.09532789409436258, 0.062402995180282535]"
16,1,0,2,0.012794369861730328,1.1884550097242588,True,False,"[6, 7]","[0.0762082335483015, 0.048330762212105964]"
16,2,222,1,0.015581506269658471,1.1016553871052797,True,False,[16],[0.026536922179116233]
16,3,7,1,0.016094831212788777,1.1050337066433442,True,False,[15],[0.08243977828948093]
16,5,17,1,0.014438027218584523,1.1664256502735548,True,False,[8],[0.08297299446040114]
16,6,19,1,0.015094510764723752,1.1467478260184678,True,False,[8],[0.07213684906649502]
16,7,129,1,0.015283228478649219,1.4839629855039165,True,False,[5],[0.03119368165068424]
16,8,13,1,0.015776875393347066,1.0894172128405815,True,False,[8],[0.036323934348483966]
16,12,235,1,0.013595370705667017,1.2827537693923714,True,False,[15],[0.1078257470075378]
16,14,205,1,0.01592259908564393,1.1391580097788887,True,False,[8],[0.027409983390398625]
16,15,312,1,0.013983280467565752,1.322026015336809,True,False,[7],[0.09728839417413163]
16,16,217,1,0.015155260963793497,1.195100682659069,True,False,[5],[0.05386459553461387]
16,17,223,1,0.014779720147470567,1.2123570397436003,True,False,[16],[0.05016964035431843]
16,18,99,1,0.015108911472572584,1.1437169130415328,True,False,[7],[0.0663302885426722]
16,20,372,1,0.025949997233505887,1.2825850720755407,True,False,[15],[0.04116608671856111]
16,21,91,1,0.01611149948673087,1.2460561535391257,True,False,[5],[0.057655333965838586]
16,22,178,1,0.015401790628134685,1.329116443435434,True,False,[12],[0.04019580478879604]
16,23,79,1,0.014991454499724916,1.326552318927454,True,False,[5],[0.06707210582241213]
17,0,271,2,0.014740460954590221,1.2434807178805345,True,False,"[8, 15]","[0.09466832222734702, 0.06754460044374531]"
17,1,0,2,0.013396863802468068,1.207535614922312,True,False,"[6, 15]","[0.0836137822062213, 0.053035020142117216]"
17,2,222,1,0.015088429667883613,1.1195445517070908,True,False,[7],[0.08628648094165492]
17,3,7,1,0.014008231576779469,1.1190765070871815,True,False,[8],[0.07833537208017403]
17,5,17,2,0.015813343300870347,1.1674623352597653,True,False,"[15, 16]","[0.08226956717533433, 0.07929102992516494]"
17,8,13,1,0.015244784504991673,1.0950912429430022,True,False,[7],[0.07938037950858787]
17,9,151,1,0.01566056345799804,1.1214872986847748,True,False,[8],[0.09017237359766422]
17,10,388,1,0.02196175769855854,1.1530346577593098,True,False,[5],[0.061906150678010585]
17,12,235,1,0.015872687430413913,1.265806096839125,True,False,[8],[0.08049501318020705]
17,13,102,1,0.01524919511690365,1.0960245299581146,True,False,[15],[0.031993506371933156]
17,15,312,1,0.012828312368919943,1.337016285024494,True,False,[7],[0.10623407272130404]
17,16,214,1,0.015343150200460428,1.2990134441756447,True,False,[5],[0.06270650200438933]
17,17,223,2,0.011115613610699897,1.2073872733347102,True,False,"[7, 16]","[0.1010178632980092, 0.06661885472406812]"
17,19,217,2,0.014401690112624847,1.203523440238783,True,False,"[7, 8]","[0.07583801171502107, 0.07235254735694098]"
17,20,4,2,0.01114084489805487,1.0755595273004015,True,False,"[7, 12]","[0.06992706800319187, 0.0464075591875056]"
17,21,372,1,0.013178933381618092,1.3123821890740601,True,False,[7],[0.0717054610384208]
17,22,91,3,0.012039397290784893,1.2492828840648977,True,False,"[7, 11, 16]","[0.0831863085291243, 0.08760836754778749, 0.09538704144331457]"
17,23,79,1,0.014989988073902803,1.3321748938340126,True,False,[7],[0.05827392872028544]
18,0,271,3,0.014719829728246658,1.2668375423394707,True,False,"[8, 15, 17]","[0.10919959964902531, 0.08396277494840056, 0.03172425973497472]"
18,1,0,1,0.01574347013062472,1.2108040254775365,True,False,[7],[0.0722851256111399]
18,2,222,1,0.015468911054515854,1.134394083766953,True,False,[8],[0.05950538072614151]
18,3,7,1,0.01364214803449179,1.1366137980595619,True,False,[8],[0.07872425535180029]
18,4,16,1,0.01615694674441375,1.1267816010028127,True,False,[5],[0.06756609895734624]
18,5,17,2,0.011919079025168844,1.1775322115446756,True,False,"[8, 15]","[0.0813930930633331, 0.07562211208277914]"
18,8,13,2,0.010992619114455144,1.112206459778261,True,False,"[7, 8]","[0.08592819167047044, 0.03842989946339112]"
18,9,151,2,0.01080166164783066,1.1287608004662837,True,False,"[7, 15]","[0.08905828765884745, 0.059939942259376364]"
18,10,388,1,0.015238592002652457,1.1662238955564834,True,False,[5],[0.06877010676914243]
18,11,12,1,0.016351455437661522,1.0971433873244067,True,False,[5],[0.08561998882608424]
18,12,235,2,0.011284792251354285,1.2670921048899204,True,False,"[7, 15]","[0.06103809266249024, 0.10156468075781731]"
18,14,205,1,0.013551313398616318,1.1534264831069696,True,False,[7],[0.08213229159597778]
18,15,312,1,0.014776562307016392,1.3344359772629442,True,False,[15],[0.03912094408333065]
18,16,214,1,0.015413513778794023,1.3052993826281183,True,False,[7],[0.06798692284914389]
18,17,223,1,0.013874602844733769,1.2126399095808307,True,False,[6],[0.046507438247699345]
18,18,99,1,0.015028003472620016,1.1432824863067308,True,False,[5],[0.0943878325848367]
18,19,217,1,0.014847227979632163,1.1962516997253272,True,False,[15],[0.027671633345052692]
18,20,4,1,0.015873867458848397,1.092862741778983,True,False,[5],[0.11989211196877622]
18,21,372,2,0.01175242765720832,1.3228414208524315,True,False,"[7, 15]","[0.08080176608213144, 0.03670169846428736]"
18,22,91,1,0.013186161297267754,1.2746897676914963,True,False,[7],[0.08748526969840247]
18,23,79,1,0.014274002427625653,1.3493508379805093,True,False,[7],[0.05682269616975245]
19,0,271,1,0.01511058017492255,1.2679509588067819,True,False,[5],[0.08877846157684964]
19,2,222,1,0.014809245777218502,1.152025297054122,True,False,[7],[0.08906974337147042]
19,3,7,1,0.013879885698434817,1.1555402260189946,True,False,[8],[0.08109728699162294]
19,4,16,1,0.016171419213251423,1.1285050389528355,True,False,[16],[0.0826102130897192]
19,5,17,1,0.015170649694569507,1.1780700857471882,True,False,[15],[0.08280292294280168]
19,6,19,2,0.012332978035813178,1.1646072341104134,True,False,"[8, 15]","[0.07428528979841813, 0.0719300836544044]"
19,8,13,1,0.014610951004362742,1.1328170689976116,True,False,[12],[0.09029155844204262]
19,11,12,1,0.014698991782845661,1.1166954956347515,True,False,[7],[0.07136494800497649]
19,12,235,1,0.01489614212143457,1.2547872515841143,True,False,[8],[0.0919557664511192]
19,15,312,2,0.013547631722493606,1.3330439676492647,True,False,"[8, 15]","[0.046139695086732525, 0.04567979524567035]"
19,17,223,1,0.012934090828391349,1.2139894052581188,True,False,[16],[0.075623763681127]
19,18,99,2,0.015389413211852087,1.1501292218406673,True,False,"[8, 15]","[0.07923234691381688, 0.055104602767200084]"
19,19,217,1,0.0151462774970009,1.2171680998212542,True,False,[7],[0.07632601583235386]
19,20,4,1,0.015687132538991573,1.1174195365162647,True,False,[5],[0.12372111343450828]
19,21,372,2,0.013535953334635168,1.3223938631308647,True,False,"[15, 17]","[0.05473730811799918, 0.04040116682056338]"
19,22,91,1,0.015227827002857375,1.2750079417733382,True,False,[11],[0.10881968228982807]
20,0,271,1,0.015577595868775189,1.2866057354261977,True,False,[15],[0.08673987715473103]
20,1,0,1,0.014841749601039395,1.233982262599932,True,False,[6],[0.08761023076748245]
20,2,222,2,0.013346171534138328,1.1579222873683463,True,False,"[8, 16]","[0.08729273802041118, 0.05699237842213905]"
20,3,7,1,0.013881684255150383,1.1765998273370457,True,False,[8],[0.07700633772453211]
20,5,17,2,0.014404837185035642,1.1848430180646494,True,False,"[15, 16]","[0.09035961780576322, 0.0893345627535225]"
20,7,129,1,0.015306897063003274,1.4931174464224264,True,False,[7],[0.06988640147870698]
20,8,13,1,0.015837886772293322,1.1508936043111293,True,False,[5],[0.09197762345940269]
20,9,151,1,0.015275315138464415,1.140257704926526,True,False,[8],[0.09349011088521034]
20,10,388,1,0.013353230066173703,1.1902283427043343,True,False,[7],[0.05920703974296848]
20,11,12,2,0.014455666786631563,1.1230448634859251,True,False,"[8, 15]","[0.09504849842266377, 0.03963967719608708]"
20,12,235,1,0.01562110125696853,1.261936544080145,True,False,[5],[0.04116883947188103]
20,15,312,1,0.015074603918118129,1.3656610019779132,True,False,[5],[0.0642648458329841]
20,17,223,1,0.012993106975595754,1.2152369697237553,True,False,[7],[0.09859678511394598]
20,18,99,3,0.011612544399505329,1.156946242999164,True,False,"[7, 8, 16]","[0.07400979340224659, 0.0843996270707954, 0.06617044230835574]"
20,20,217,1,0.01484097232469103,1.2306595976204417,True,False,[7],[0.08601205365399503]
20,21,4,1,0.01589809456139499,1.1185427461435522,True,False,[5],[0.05614870067311804]
20,22,372,1,0.015863981793774375,1.3172427710587393,True,False,[17],[0.030775910218650445]
20,23,91,1,0.01516975011845745,1.2808909501546397,True,False,[7],[0.06765375445734537]
21,0,271,2,0.010637750927604474,1.301060315653193,True,False,"[7, 8]","[0.06772410057837913, 0.11024814319199931]"
21,1,0,1,0.014387275649659095,1.2608331732372073,True,False,[6],[0.07722107567948161]
21,2,222,1,0.014613130745598493,1.1575907383075503,True,False,[16],[0.059022206555417386]
21,3,7,1,0.015385539296048828,1.19439865304633,True,False,[5],[0.05746115628741679]
21,4,16,1,0.01383364993535734,1.1434818510057343,True,False,[7],[0.06444190594008851]
21,5,17,1,0.014778767953162807,1.1908190484484749,True,False,[15],[0.0748513057700373]
21,9,151,1,0.014587202001525605,1.1555541357665786,True,False,[8],[0.10061387942308912]
21,10,388,1,0.015013678299358929,1.190311144759332,True,False,[12],[0.05590673687151132]
21,11,12,1,0.013099497324199726,1.1408376310160626,True,False,[7],[0.062012774422194904]
21,12,484,2,0.020141979090426063,1.1411689046479363,True,False,"[7, 12]","[0.08111301538120261, 0.03312283998741102]"
21,13,235,3,0.010014556089704104,1.2603680721188253,True,False,"[7, 8, 15]","[0.07615495434712546, 0.07475231286408722, 0.046187386781079504]"
21,14,102,1,0.014997739293071488,1.1027911551079932,True,False,[8],[0.03124732705223944]
21,16,214,1,0.01552630828927608,1.3281050072427316,True,False,[5],[0.06168246271306482]
21,17,223,1,0.013032433861417149,1.2312512068165031,True,False,[6],[0.07369676494001286]
21,18,205,1,0.014617717039522998,1.1479212912145313,True,False,[8],[0.06979029450371932]
21,19,312,1,0.014839864805749396,1.3909752338455932,True,False,[5],[0.09049797359764458]
21,20,457,1,0.023698254346152886,1.2361324904435,True,False,[6],[0.028448187605888506]
21,21,217,1,0.014813224822258397,1.2565786301800526,True,False,[5],[0.0693272513566589]
21,22,99,3,0.011781869899671407,1.1558985490291789,True,False,"[7, 15, 16]","[0.09836794170831187, 0.061696474928376495, 0.10249688717112693]"
21,23,91,1,0.015028453639511042,1.299446323429979,True,False,[5],[0.0693251580188529]
22,0,271,1,0.015193656430352186,1.3131558715664777,True,False,[15],[0.09602888107388156]
22,1,0,1,0.014351945529090682,1.2861531827399704,True,False,[6],[0.07759146328088488]
22,3,7,1,0.01379256201103489,1.218083931615637,True,False,[8],[0.07458104163750495]
22,4,16,2,0.011679237615052455,1.1460467195164985,True,False,"[12, 16]","[0.04282943149742783, 0.09429148567951207]"
22,6,19,1,0.016287451870473212,1.1616233642129938,True,False,[7],[0.05169858181226236]
22,7,129,1,0.013848023575003133,1.5169100041817052,True,False,[8],[0.06353047492131436]
22,8,13,1,0.01575450429423558,1.1772992464916834,True,False,[8],[0.04823660771897418]
22,10,388,1,0.014925354101268481,1.2071670780396453,True,False,[5],[0.08878229796345337]
22,11,12,1,0.014174813255508869,1.1656376418458876,True,False,[7],[0.06777466129877309]
22,12,484,1,0.01575306226824206,1.141235526323355,True,False,[12],[0.04252829553031747]
22,13,235,1,0.013136618334385881,1.2598083608231463,True,False,[8],[0.07718163618021982]
22,14,102,2,0.012745307930763198,1.1177452463708426,True,False,"[7, 8]","[0.0979332480710894, 0.05375805616759096]"
22,16,214,1,0.015390536837939962,1.3504044634553753,True,False,[5],[0.05840082032283778]
22,17,223,2,0.01024463774345382,1.2321275206621105,True,False,"[7, 8]","[0.09953451587163291, 0.06639899102674912]"
22,18,205,2,0.010463949144913633,1.1644624220084046,True,False,"[7, 8]","[0.09525237893779849, 0.0651671803560564]"
22,19,312,1,0.013732643431852416,1.397188762179173,True,False,[15],[0.04413419650029475]
22,21,217,1,0.013565150182062273,1.270864496941623,True,False,[7],[0.0856098819284933]
22,22,99,2,0.010470307076677203,1.163304439952403,True,False,"[8, 16]","[0.03697483049474091, 0.09148610899603876]"
22,23,91,1,0.014852463609019317,1.3160173584947292,True,False,[5],[0.09041086697026021]
23,0,271,1,0.015149844393060649,1.3262997663457667,True,False,[15],[0.10345215913552924]
23,1,0,1,0.014985493995182564,1.287463173867905,True,False,[8],[0.06738506510947345]
23,2,222,1,0.015471438093692088,1.16769468215492,True,False,[8],[0.1011419733204932]
23,3,7,2,0.009839720202070083,1.2306515127200492,True,False,"[7, 8]","[0.07010640891961506, 0.07002354733830686]"
23,4,16,1,0.014985204684478856,1.1587620223034514,True,False,[7],[0.07339069208831202]
23,5,17,2,0.010798734088336523,1.1961142041005406,True,False,"[7, 15]","[0.05944940710054423, 0.07687259057224916]"
23,6,19,1,0.014642348772905494,1.1712686638259047,True,False,[15],[0.08311348523430112]
23,7,129,2,0.011223229879916108,1.5261283460225388,True,False,"[7, 8]","[0.07711797393441742, 0.0783011331194693]"
23,8,13,1,0.014904476316320065,1.199844106325876,True,False,[5],[0.09759597973382107]
23,9,151,3,0.009403173610236532,1.1634680320678383,True,False,"[7, 8, 15]","[0.1023319897873107, 0.0884850160826969, 0.08298771717110702]"
23,10,388,1,0.015262659744822066,1.2236326220904141,True,False,[5],[0.09248709317592498]
23,11,12,1,0.014444830029277229,1.1884798398913128,True,False,[7],[0.0860762094221354]
23,12,484,1,0.014512332054814734,1.1399622083437715,True,False,[12],[0.04309172809900726]
23,13,235,1,0.014356997759749076,1.27544913148426,True,False,[7],[0.0684877071870314]
23,14,102,1,0.015614136460540141,1.1150694335357618,True,False,[8],[0.06775126618746846]
23,15,496,2,0.1433870384145063,1.688496964493316,True,False,"[7, 16]","[0.11439650521512221, 0.06945613042638575]"
23,16,214,1,0.015600830089244788,1.3702796939131416,True,False,[5],[0.07354592734682798]
23,17,223,1,0.013426279798410334,1.2300544230681265,True,False,[16],[0.0958386359967616]
23,18,205,2,0.011905489930774513,1.1874328531277747,True,False,"[7, 8]","[0.10825301886002638, 0.07624081146982187]"
23,19,312,2,0.013777756763096873,1.4062714982187572,True,False,"[12, 15]","[0.028327874714705138, 0.05766544025934818]"
23,20,457,1,0.01527770844190636,1.2471721590387779,True,False,[16],[0.042060462382149534]
23,21,217,1,0.013716939415397804,1.2898544589013299,True,False,[7],[0.09028884417462257]
23,22,99,1,0.013116613939436743,1.169383194576719,True,False,[7],[0.09476745324645956]
24,0,271,2,0.011420935351811776,1.3344809791620171,True,False,"[7, 15]","[0.06954071227541596, 0.0938722087551715]"
24,1,0,2,0.014635213049728731,1.3145652095454743,True,False,"[6, 15]","[0.09447293727097339, 0.06931410610055506]"
24,3,7,1,0.015196418425061293,1.235634140074938,True,False,[15],[0.09204944106740036]
24,4,16,1,0.015799263349742944,1.1751241955270078,True,False,[5],[0.07243068769600583]
24,5,17,3,0.008806465266238567,1.2088244905257097,True,False,"[7, 8, 16]","[0.06535522003497554, 0.08814911613393149, 0.08926755732574483]"
24,6,19,1,0.015671127519373326,1.1703561218033236,True,False,[5],[0.0850147831293318]
24,10,388,1,0.012724508187291914,1.245731667786359,True,False,[7],[0.06759554846921965]
24,11,12,1,0.014696165333692085,1.212619096713092,True,False,[7],[0.09400666712451611]
24,13,235,1,0.015028109323650224,1.277114066229285,True,False,[5],[0.06302134804476486]
24,14,102,2,0.011689252624111105,1.1301509765406381,True,False,"[7, 8]","[0.09788825753356678, 0.06821956385187326]"
24,15,496,1,0.01489161334834093,1.70309047674941,True,False,[16],[0.06451509775069503]
24,16,214,1,0.01448332176470686,1.3698152306707718,True,False,[17],[0.03930808270767208]
24,17,223,1,0.01475441746172005,1.230585164783648,True,False,[5],[0.08220954956255648]
24,19,312,1,0.014902365212294716,1.4347611346140268,True,False,[5],[0.10974780332011967]
24,20,457,3,0.011981334829972266,1.2531472685119094,True,False,"[6, 7, 16]","[0.04836330491146675, 0.09824161286444198, 0.07306104293289724]"
24,21,217,1,0.014793696477785544,1.2856583309631167,True,False,[8],[0.0594618888837401]
24,22,99,1,0.014675876108774138,1.1728195252072617,True,False,[16],[0.07896147542852648]
24,23,543,2,0.1138012954150631,1.9725305185173567,True,False,"[7, 8]","[0.0786932931582032, 0.05582816560440735]"
25,0,271,2,0.009750849747743616,1.3481944068617744,True,False,"[7, 8]","[0.08431858069867998, 0.1077375528553645]"
25,1,588,1,0.04550646155153535,1.2460709055729198,True,False,[5],[0.05291575139679958]
25,2,17,2,0.010459702747882701,1.2088673868747095,True,False,"[8, 15]","[0.09185476764581228, 0.03228146829824132]"
25,6,222,1,0.015079410654437983,1.180100180801635,True,False,[12],[0.02199359322285076]
25,7,7,1,0.016251969989856337,1.244533207660731,True,False,[5],[0.055901161490706716]
25,8,16,1,0.013940840396745067,1.182386457263087,True,False,[12],[0.10763490822396599]
25,9,594,1,0.017773598699395935,1.2213241314690926,True,False,[8],[0.1151079091855335]
25,10,13,2,0.012937811267014302,1.1969097674807376,True,False,"[8, 12]","[0.07991970311134823, 0.06586421026275653]"
25,12,388,1,0.015291786321331305,1.2525982291746767,True,False,[5],[0.03922417751764033]
25,14,484,1,0.013263435112889183,1.1681132325271713,True,False,[7],[0.0878578089654245]
25,17,496,1,0.013459452747897623,1.703080553273014,True,False,[8],[0.082937427618015]
25,18,578,1,0.021083770164958993,1.1992151751944637,True,False,[16],[0.06517351493419529]
25,20,223,3,0.01056162193890402,1.2177152090135983,True,False,"[7, 11, 16]","[0.09450158472034888, 0.05255617613368197, 0.07900199669519316]"
25,21,205,1,0.016036614114709562,1.1821410257855074,True,False,[15],[0.0693955260448155]
25,22,312,1,0.015142914626711098,1.4257850793536768,True,False,[8],[0.05454337566009617]
25,23,217,1,0.015401773013775995,1.2888858967260168,True,False,[5],[0.10984095516415801]
26,0,271,1,0.013813225281738327,1.3731997706956847,True,False,[8],[0.11218533198953105]
26,2,17,2,0.0106694060049958,1.2110958680557469,True,False,"[15, 16]","[0.04251357136794909, 0.06586208784485549]"
26,3,19,1,0.013006610053155959,1.1835342753748705,True,False,[8],[0.07166674691331555]
26,4,129,1,0.014515855532877124,1.5484483510065614,True,False,[8],[0.09678886154517746]
26,5,0,1,0.015792067026428283,1.311703138888448,True,False,[5],[0.0453984459861117]
26,6,222,1,0.013561096142774148,1.1796846502474754,True,False,[15],[0.09057265812663483]
26,7,7,1,0.015593324353037607,1.2446588353223775,True,False,[7],[0.07975981092220537]
26,8,16,1,0.013950105523259364,1.2085548275341946,True,False,[7],[0.09529372974256937]
26,9,594,2,0.009962477317476735,1.2311090753716194,True,False,"[8, 15]","[0.10891951092396543, 0.0934919056652748]"
26,10,13,1,0.014746767560121303,1.2026462818850236,True,False,[5],[0.08303326510010489]
26,11,151,1,0.015919349159777302,1.1668314070404664,True,False,[5],[0.11444451062305047]
26,12,388,1,0.014457117997367696,1.272129607215425,True,False,[5],[0.03524062634264333]
26,13,12,1,0.015266578099172472,1.2237191333239696,True,False,[7],[0.0723563638224341]
26,14,484,1,0.014616106516444478,1.1710563917694727,True,False,[12],[0.04776607440258072]
26,15,235,1,0.015478954921957958,1.2657879318575482,True,False,[15],[0.05945308309206086]
26,18,578,1,0.01512062772288616,1.19997422584325,True,False,[8],[0.08520465545735574]
26,20,223,2,0.010951524195327357,1.2105983178131179,True,False,"[8, 16]","[0.06115502531167454, 0.08893114218759456]"
26,21,205,1,0.015244336191954156,1.1827536060960793,True,False,[15],[0.07430012362002025]
26,22,312,3,0.010206987411754024,1.4313725782272748,True,False,"[7, 15, 17]","[0.10099757068980639, 0.08589157980230258, 0.03386574373358346]"
27,2,17,1,0.014708597359812135,1.221123595263151,True,False,[15],[0.05562569928943577]
27,3,19,1,0.015625122369230023,1.1789490322321645,True,False,[5],[0.05713932572788722]
27,4,129,1,0.013516596528701819,1.579091006667421,True,False,[8],[0.0963590838781455]
27,5,0,1,0.014677057450457819,1.3152541746227828,True,False,[6],[0.02267266608437024]
27,9,594,2,0.009947233023569223,1.2401649119325144,True,False,"[15, 16]","[0.08195485449408983, 0.04816856353498832]"
27,10,13,1,0.014679079502370362,1.195383054128391,True,False,[8],[0.07441685633430827]
27,12,388,1,0.014744904858188397,1.2929605021215793,True,False,[7],[0.07918245786358406]
27,14,484,1,0.014819575653917255,1.1867225154836702,True,False,[12],[0.05015557648736116]
27,15,235,1,0.014600556892883556,1.2649049696407788,True,False,[15],[0.06168445188817768]
27,16,102,2,0.010331196466053193,1.136037866674148,True,False,"[7, 8]","[0.07704537224135137, 0.06472200344376876]"
27,17,496,3,0.009882597490955925,1.7158541654810182,True,False,"[7, 8, 16]","[0.10379563402862109, 0.08940799274853745, 0.10912986780582992]"
27,18,641,1,0.0327471124766022,1.822178218730728,True,False,[7],[0.11078221768957311]
27,19,578,1,0.014967920547440259,1.2115800776254753,True,False,[5],[0.10255096013928816]
27,20,214,1,0.014054479807136732,1.3941648412634235,True,False,[7],[0.09028987898546738]
27,21,223,1,0.014253433402141028,1.2230876237469055,True,False,[7],[0.10704320982816938]
27,22,205,1,0.013749165467908312,1.1905027970159925,True,False,[7],[0.0979166803092816]
27,23,217,2,0.011756402561993746,1.2996539391010928,True,False,"[7, 8]","[0.07470304585782983, 0.056965414329929916]"
28,2,17,3,0.009417424177358935,1.235078980732976,True,False,"[8, 15, 16]","[0.08009925739722852, 0.06875060173594649, 0.0950593663946676]"
28,4,129,3,0.009965703048967238,1.5868912302731941,True,False,"[7, 8, 15]","[0.09921751846214899, 0.08958329447643973, 0.10536341807880242]"
28,5,0,2,0.011491453538281982,1.3135456269040107,True,False,"[6, 16]","[0.031478508129420824, 0.09659841797487853]"
28,8,16,1,0.013804127854243389,1.2240900293344865,True,False,[5],[0.08546395449318189]
28,9,594,1,0.012144589896499396,1.2393742803994756,True,False,[15],[0.09110447966781668]
28,10,13,2,0.013171699738802637,1.1965620084818427,True,False,"[8, 12]","[0.08420161606195029, 0.07004633263829219]"
28,11,151,1,0.01495079214365615,1.1742927513863746,True,False,[7],[0.09685912363140012]
28,12,388,1,0.01439899685596847,1.3126604973239584,True,False,[5],[0.04645767214674775]
28,13,655,1,0.04687738100133899,1.2576999266424063,True,False,[7],[0.0753369111288289]
28,14,12,1,0.01498178896179683,1.246446747159843,True,False,[7],[0.10903891973343688]
28,15,484,1,0.0155879172150087,1.1866155873996176,True,False,[12],[0.027314376992953977]
28,16,235,2,0.01096736797809996,1.2758894584436282,True,False,"[7, 15]","[0.08907791113540676, 0.06954469237530134]"
28,17,102,1,0.011877829269766702,1.1527631056250436,True,False,[7],[0.09407265849687546]
28,18,496,2,0.010173006265054439,1.727645988103395,True,False,"[7, 17]","[0.11033345827414037, 0.04824344257900392]"
28,19,641,1,0.015177103849908136,1.8358280636964717,True,False,[7],[0.08831583478091729]
28,20,578,2,0.01229345735533327,1.2156320101462497,True,False,"[8, 16]","[0.07570249302823147, 0.10172874505763614]"
28,21,214,1,0.015005374542071766,1.4196826583378932,True,False,[5],[0.09253871110857217]
28,23,217,1,0.013990856962677942,1.303614460429996,True,False,[8],[0.06270293335811727]
29,0,271,1,0.014536103506399677,1.3788923951104306,True,False,[5],[0.10334594485489136]
29,1,588,2,0.013017690703133505,1.2414766352618707,True,False,"[8, 12]","[0.08371653248853275, 0.04053169671981942]"
29,2,17,2,0.011412902220945532,1.239849313574468,True,False,"[8, 16]","[0.09390604363826456, 0.08318252938417464]"
29,3,19,2,0.009591914176849787,1.1800192676075254,True,False,"[7, 15]","[0.07271573178109851, 0.0998600817765659]"
29,4,129,1,0.014018833869086382,1.5858430586615604,True,False,[7],[0.0985379482865379]
29,5,0,2,0.010137094372211062,1.3281828096858985,True,False,"[7, 15]","[0.06523815864969354, 0.0719301373581996]"
29,6,222,1,0.014747314219983881,1.1928265055997813,True,False,[12],[0.05293924842228701]
29,9,594,2,0.009305696537916634,1.2495554253367271,True,False,"[7, 15]","[0.0911466819949653, 0.09181110954690208]"
29,10,13,1,0.015411733508277042,1.1977514718712856,True,False,[8],[0.08945509423822721]
29,11,679,2,0.042476926991793396,1.3716609592577902,True,False,"[7, 8]","[0.09669569670164493, 0.10918028739766254]"
29,12,388,1,0.014025371676570593,1.3269255002312266,True,False,[5],[0.06207389172660453]
29,13,655,1,0.014952955950508757,1.25986759518432,True,False,[7],[0.08002747956066679]
29,15,484,1,0.015256488061814816,1.1871009010926588,True,False,[12],[0.05749089180110916]
29,16,235,1,0.013763980441519575,1.2666275934092184,True,False,[8],[0.07140557040823863]
29,17,102,1,0.012704222069545155,1.154109528124968,True,False,[8],[0.0883314128314565]
29,18,496,1,0.014388192601387087,1.7561500412318518,True,False,[5],[0.0897268818605585]
29,19,641,1,0.014749849530669648,1.8457218312322377,True,False,[7],[0.09230485242171134]
29,20,151,2,0.014373002280722282,1.1777499187275946,True,False,"[8, 16]","[0.0972907064436291, 0.1281936550182233]"
29,21,214,1,0.015014889334074024,1.4461826130995177,True,False,[5],[0.0997138481346925]
29,22,223,1,0.013461454225237167,1.2236402003774398,True,False,[16],[0.08354858766311582]
29,23,217,1,0.013329555390958118,1.3239770047755905,True,False,[7],[0.07064454599169644]
30,1,588,2,0.014511253896164585,1.2402612227379366,True,False,"[8, 12]","[0.11284593011123531, 0.07719089598517563]"
30,2,17,3,0.01034943182207377,1.2532360698705056,True,False,"[8, 15, 16]","[0.10198259747852005, 0.07859824101384932, 0.08959687273852553]"
30,3,19,1,0.014270625773863536,1.1818005266771319,True,False,[15],[0.10203790529891449]
30,4,129,1,0.013693802714397608,1.5880287652465581,True,False,[7],[0.09594101105074528]
30,5,0,2,0.01275999746847784,1.333061250288638,True,False,"[6, 15]","[0.04661754583013452, 0.07961349935155404]"
30,7,7,1,0.015335120190523755,1.2460581411026619,True,False,[7],[0.08584834379417162]
30,8,16,1,0.01431944941964664,1.2503063359337845,True,False,[7],[0.1080775793586655]
30,9,594,1,0.013694835796506573,1.2500518210994247,True,False,[15],[0.10152279248786224]
30,10,13,1,0.014947492639789988,1.2017122169213674,True,False,[8],[0.10913844537011015]
30,12,388,2,0.012431710710872512,1.3354926215460559,True,False,"[7, 12]","[0.08702014923034848, 0.0603717483080702]"
30,14,12,2,0.010670164195771664,1.2609337583638107,True,False,"[7, 8]","[0.10021381017835053, 0.07830681477016979]"
30,15,484,1,0.014237261433550108,1.1974350876422681,True,False,[16],[0.0779599211188972]
30,16,235,2,0.010806261357235523,1.2771048791985453,True,False,"[7, 15]","[0.08400819291908278, 0.06530269190498514]"
30,17,102,1,0.012278878147012477,1.1588004562404675,True,False,[8],[0.07871834426315881]
30,18,496,1,0.015051748993736317,1.765525589385593,True,False,[16],[0.05775107579738211]
30,19,641,1,0.01491417512158137,1.847171423660901,True,False,[16],[0.03537143565447139]
30,20,151,2,0.012834117006335046,1.193086419820262,True,False,"[6, 7]","[0.06242637980054204, 0.08876579444625034]"
30,21,214,1,0.0146089209725271,1.4690725872941786,True,False,[7],[0.10789241394538095]
30,22,223,1,0.012503573508222055,1.2319196659307283,True,False,[5],[0.06276345981893783]
31,0,271,1,0.014544047129958718,1.3907548384003636,True,False,[5],[0.11952662936743376]
31,1,588,2,0.010249935962137096,1.2450443063715446,True,False,"[7, 12]","[0.07161653090713259, 0.08336646556089401]"
31,2,17,2,0.01189296926182385,1.2736194664505542,True,False,"[15, 16]","[0.07947157340513326, 0.08849345892780282]"
31,3,19,3,0.008765127690544114,1.1848833400363155,True,False,"[7, 8, 15]","[0.08480946487445679, 0.07179597591198547, 0.10984051184999183]"
31,4,129,2,0.013168395242020323,1.5991104550464066,True,False,"[8, 11]","[0.10878770964353239, 0.04047464484002457]"
31,5,0,2,0.012608371031176034,1.343856189543699,True,False,"[6, 15]","[0.05248370775853844, 0.0749034488902836]"
31,6,222,2,0.01100981594453757,1.1924335607822982,True,False,"[7, 8]","[0.06607956564418374, 0.07724669854340088]"
31,7,7,1,0.015803742927518242,1.2645229087924896,True,False,[8],[0.0994458970550957]
31,8,16,1,0.014498089000632939,1.2636825849539892,True,False,[5],[0.0835008706160239]
31,10,13,1,0.014589706385581144,1.2129313880449393,True,False,[8],[0.1064068254657345]
31,12,388,1,0.014357035793027046,1.3548209324049727,True,False,[5],[0.063441133819839]
31,13,655,1,0.015157623949758482,1.2597652754761237,True,False,[7],[0.08456147660174054]
31,14,12,1,0.015915970937382517,1.263260112574715,True,False,[6],[0.039434678784984335]
31,15,484,1,0.012661523032162862,1.21526648251821,True,False,[7],[0.12603347179280594]
31,16,235,1,0.014371453317349032,1.2939480785437656,True,False,[5],[0.081741152642482]
31,17,102,2,0.00993279160758631,1.1695904317948704,True,False,"[7, 8]","[0.09514153346193742, 0.08571888790294825]"
31,18,496,1,0.014589388912079004,1.800082962909417,True,False,[5],[0.08549216989118542]
31,19,641,3,0.013060528107793012,1.8525597944214678,True,False,"[7, 16, 17]","[0.12040360811830778, 0.07815678453250019, 0.05855598131863492]"
31,20,151,1,0.015592014550203169,1.2067218666743862,True,False,[15],[0.06382602968324788]
31,22,223,1,0.013725447753021038,1.2332508252004177,True,False,[16],[0.09068252540931486]
31,23,217,1,0.014447974327620797,1.325630888001346,True,False,[8],[0.06743795241176606]
32,0,271,1,0.013698418561959552,1.4148966795794433,True,False,[8],[0.10870647977253409]
32,1,588,1,0.014169714707011888,1.263808572556399,True,False,[7],[0.06995579678530393]
32,3,19,1,0.015238296240237256,1.1870723296283943,True,False,[5],[0.065084254432055]
32,4,129,1,0.01479227056442451,1.6000753030302586,True,False,[5],[0.0919690844750792]
32,5,0,1,0.01409079323190433,1.3671848032648208,True,False,[7],[0.06963556474562649]
32,6,222,2,0.009849024313752947,1.1967114280686832,True,False,"[8, 16]","[0.07082054460079777, 0.03288680830024055]"
32,7,7,1,0.015497844150717744,1.286180280904251,True,False,[8],[0.09739802715644759]
32,8,16,1,0.014482587391354558,1.278137618259344,True,False,[5],[0.09421828434761866]
32,9,594,2,0.008922059961682743,1.2571136741558437,True,False,"[8, 15]","[0.1133978265801318, 0.1133810956611804]"
32,10,13,1,0.014175467617250198,1.22202631093705,True,False,[5],[0.08733235421678717]
32,12,388,1,0.012753625292285126,1.3548314830456647,True,False,[12],[0.06849728262846612]
32,13,655,1,0.014906777870636101,1.259224728274122,True,False,[7],[0.08677130476731264]
32,14,12,1,0.015619920829131365,1.2585991969363384,True,False,[15],[0.05263899063444643]
32,15,484,1,0.015113992370673813,1.2136089190198835,True,False,[12],[0.05405865805833163]
32,16,235,2,0.012436805018185088,1.3057093650079385,True,False,"[7, 15]","[0.09345246440786939, 0.0774715729381756]"
32,18,496,2,0.01125056177303803,1.812442632625984,True,False,"[8, 16]","[0.09378322240632093, 0.07495204192194024]"
32,19,641,1,0.01478748488188276,1.876603031770133,True,False,[5],[0.09702311145051314]
32,20,151,2,0.010321907361646688,1.2086624908844559,True,False,"[8, 15]","[0.09441751549451442, 0.08076234453811766]"
32,21,214,2,0.010848585717733537,1.4780776499837003,True,False,"[7, 17]","[0.10537970310991736, 0.06836077217681936]"
32,22,223,1,0.013557364019944791,1.2376994155213414,True,False,[16],[0.09057091409731016]
32,23,217,1,0.013089073709786774,1.3499994357809701,True,False,[7],[0.07466080080316093]
33,0,271,2,0.01097252477068662,1.434154469287737,True,False,"[8, 15]","[0.11388445968567013, 0.10140542091942026]"
33,1,588,1,0.01524562243634936,1.2707899788191865,True,False,[5],[0.06823317746026857]
33,2,17,3,0.009563376063592208,1.2839807446232279,True,False,"[7, 8, 16]","[0.08341097993500658, 0.10309958273189623, 0.0937712850844734]"
33,3,19,1,0.015569743949387795,1.1889672615838704,True,False,[5],[0.07402691864605686]
33,4,129,1,0.012808079094806513,1.6003758919942412,True,False,[7],[0.09576846750124857]
33,5,0,1,0.015191686293084802,1.381614299492577,True,False,[6],[0.055449059294295326]
33,6,222,1,0.015100789624967756,1.2018784941907676,True,False,[5],[0.08898915501682587]
33,7,7,1,0.015213214286835638,1.3084858067017424,True,False,[8],[0.08859426455982816]
33,8,16,2,0.00910837090348916,1.293864251681455,True,False,"[7, 12]","[0.11151317312145037, 0.09839120229173001]"
33,9,594,1,0.015043112557308884,1.269045749215963,True,False,[16],[0.07427183054416081]
33,10,13,1,0.012787605665181773,1.2227195080083613,True,False,[12],[0.06729083789637598]
33,11,679,1,0.01367230014832503,1.3692192268903163,True,False,[7],[0.08648404624909259]
33,14,12,2,0.011258745094806136,1.2751331382267346,True,False,"[7, 8]","[0.0958698082506095, 0.08622873554703112]"
33,15,484,1,0.014999351545956123,1.2135820515649467,True,False,[12],[0.0647543982762235]
33,16,235,1,0.01463789884767818,1.3116188103177575,True,False,[15],[0.06670039181414243]
33,18,496,2,0.013137223110462936,1.8041077973162318,True,False,"[8, 16]","[0.09777466002386663, 0.10037057330005042]"
33,19,641,1,0.014322571127718998,1.8916752654472542,True,False,[7],[0.11739065921384104]
33,20,151,1,0.014093460591579947,1.2240448473709105,True,False,[6],[0.08743647540558981]
33,22,223,1,0.012984084803086687,1.246084198807544,True,False,[7],[0.11346780736297019]
33,23,217,1,0.014762298133271358,1.3704563011278108,True,False,[5],[0.09778507746976603]
34,0,271,1,0.013085934560465466,1.4624839833632273,True,False,[8],[0.09683840279014007]
34,1,588,1,0.013028546369961256,1.2752888486553786,True,False,[12],[0.0847200162010807]
34,2,17,1,0.0135506839170962,1.2989684156927643,True,False,[16],[0.10787648517093874]
34,3,19,1,0.015268568375476311,1.1927890865031294,True,False,[5],[0.09290069534349639]
34,4,129,1,0.013200608650066304,1.627915340921894,True,False,[8],[0.09017538674884917]
34,5,0,2,0.01020160893115731,1.3921652387017072,True,False,"[7, 15]","[0.08213220786636345, 0.08494268879565912]"
34,6,222,1,0.014608365742340318,1.2198637075113214,True,False,[7],[0.06935059770655518]
34,8,16,1,0.01478738580809497,1.310200128317627,True,False,[5],[0.09866274038462311]
34,9,594,1,0.014163053440767731,1.2701439392238403,True,False,[15],[0.11567345831312074]
34,10,13,2,0.011127081964102283,1.219053652554642,True,False,"[8, 16]","[0.10439027945599764, 0.05124451644304484]"
34,11,679,2,0.012163592814284262,1.3788784423376206,True,False,"[7, 8]","[0.09781038960168656, 0.12603974125421452]"
34,12,388,1,0.013084604677487134,1.3829531084416595,True,False,[5],[0.06524546781268512]
34,14,12,1,0.01597827298038158,1.2645507741485655,True,False,[5],[0.06973789957619853]
34,15,484,2,0.009420157897196503,1.2217830373787406,True,False,"[7, 12]","[0.13008018013257325, 0.07343207230964353]"
34,17,102,1,0.012543746154663422,1.1878882005767237,True,False,[7],[0.09491099595017986]
34,18,496,1,0.013651806317360805,1.846106468385676,True,False,[5],[0.09528498138805476]
34,19,641,1,0.014247060467357017,1.9089274043389306,True,False,[7],[0.1134592111195934]
34,21,214,1,0.01340700605421281,1.5017061645581948,True,False,[7],[0.10285198465243586]
34,22,223,1,0.014905516859106351,1.2614846670878035,True,False,[6],[0.04002456441279153]
34,23,217,1,0.013678084145679064,1.3708214689024771,True,False,[8],[0.060041724387306115]
35,0,271,1,0.014205243969448804,1.4729211554453194,True,False,[5],[0.13580275565962135]
35,1,588,1,0.01466868457090552,1.2793899459063915,True,False,[8],[0.1079110993165614]
35,2,17,3,0.00856079723831144,1.3080825765208666,True,False,"[7, 8, 15]","[0.08534835752178285, 0.0966005815231629, 0.07276863252634624]"
35,3,19,2,0.011758212116179438,1.199448095459802,True,False,"[7, 15]","[0.10354767760069639, 0.10609163252120077]"
35,4,129,1,0.013810037481035533,1.6563784536812183,True,False,[8],[0.09071377117091996]
35,5,0,2,0.0116203275198631,1.4004637024630282,True,False,"[7, 15]","[0.08867672906977346, 0.0917050024991691]"
35,6,222,2,0.012461505733690027,1.2422938294144488,True,False,"[7, 8]","[0.09139257588294188, 0.08583295649777939]"
35,9,594,2,0.013053100789180283,1.2816767703194807,True,False,"[15, 16]","[0.12914933959213054, 0.09587857693861951]"
35,10,13,1,0.01439511527842386,1.2303153429487192,True,False,[5],[0.09480628641456298]
35,11,679,1,0.013100354250439861,1.3782916135402588,True,False,[7],[0.09183472631007657]
35,12,388,1,0.0142988351307646,1.4037274871038963,True,False,[7],[0.07618898284066213]
35,14,12,1,0.014932711798581418,1.265099169036108,True,False,[15],[0.06585080802187344]
35,15,484,1,0.015578650480106242,1.2168158308867911,True,False,[5],[0.07895395572439494]
35,17,102,1,0.014635670538182731,1.2047421656815667,True,False,[5],[0.08492985875813658]
35,18,496,2,0.01342168413228437,1.8428276411536773,True,False,"[8, 16]","[0.09717594540021145, 0.0979786886095155]"
35,20,151,2,0.01065705594383074,1.2314332141968893,True,False,"[6, 16]","[0.09886224194557394, 0.1311825557674186]"
35,21,214,1,0.01494212200107835,1.5308152518170521,True,False,[5],[0.1051138102488576]
35,22,223,1,0.013563524772864363,1.2652676859665961,True,False,[16],[0.10765060203559974]
35,23,217,1,0.013786456061970325,1.3993780827063902,True,False,[5],[0.09396574428451443]
36,0,271,1,0.013302399771752012,1.4848076210899357,True,False,[15],[0.11574641436493148]
36,1,588,1,0.014844185690823611,1.2894010426746467,True,False,[8],[0.1173003181985936]
36,2,17,2,0.012339874731588285,1.327486800416158,True,False,"[15, 16]","[0.09838177253894594, 0.11312680051568624]"
36,3,19,2,0.011097171064978812,1.2067787989963157,True,False,"[7, 8]","[0.11213848464489665, 0.09562193775765838]"
36,4,129,2,0.009025257299483842,1.6714269065535063,True,False,"[7, 8]","[0.09114002964722798, 0.08012167801094265]"
36,5,0,1,0.01372542076502462,1.4216990158075338,True,False,[7],[0.07955428191489693]
36,7,7,1,0.015330905380634004,1.3114086832077851,True,False,[7],[0.10612275984709689]
36,10,13,1,0.014994073800253811,1.2460729990562145,True,False,[5],[0.10502342470277788]
36,13,655,1,0.015028654271235056,1.2584148643159256,True,False,[7],[0.08931865131854702]
36,14,12,1,0.015862167951710162,1.264117747864651,True,False,[5],[0.09226579653362944]
36,15,484,1,0.015403373285407673,1.2136038357569405,True,False,[5],[0.09068985998527797]
36,16,235,2,0.009644639107106397,1.310198966776061,True,False,"[8, 15]","[0.08231368346450577, 0.0548233607429574]"
36,17,102,1,0.014174647899570401,1.2286306192298273,True,False,[5],[0.0953139608127202]
36,18,496,1,0.012971496884461333,1.8392761468238799,True,False,[8],[0.09640431946844308]
36,19,641,1,0.014081691922788617,1.934081514465248,True,False,[7],[0.10716580240256363]
36,20,151,2,0.011723990586717397,1.2384179805297366,True,False,"[8, 15]","[0.11235878094496739, 0.09056604564036043]"
36,21,214,1,0.011871890382115417,1.5638013093838268,True,False,[7],[0.08667633877762748]
36,22,223,1,0.012238052388328946,1.276992307013821,True,False,[7],[0.10959043498566363]
37,0,271,1,0.014997369623034022,1.4847531478333982,True,False,[17],[0.058263413435131584]
37,1,887,1,0.04409245955953075,1.4827995512280134,True,False,[5],[0.06746730165873385]
37,2,17,2,0.010885292275130541,1.33498550336894,True,False,"[7, 8]","[0.09767059134790235, 0.09743976831286637]"
37,3,19,1,0.014623007093022089,1.2067752124730524,True,False,[15],[0.10578052212318734]
37,4,129,1,0.014702774220387852,1.6719626700389543,True,False,[5],[0.11553493571625158]
37,5,588,1,0.013840289103178003,1.2999045356993304,True,False,[7],[0.0754726865221028]
37,7,0,1,0.015476472514884222,1.4046934502527804,True,False,[6],[0.027778318895363394]
37,8,222,1,0.014982641171758211,1.2604850651780104,True,False,[8],[0.0528003388826787]
37,9,7,1,0.013057992861123927,1.3100966416990338,True,False,[7],[0.09016127062404919]
37,10,16,1,0.014438284320479325,1.33694329309432,True,False,[5],[0.09295778684210963]
37,11,235,2,0.011998161571662551,1.3230620872821925,True,False,"[7, 16]","[0.10121439468904997, 0.040136968573275006]"
37,12,872,1,0.053130113493812504,1.4461583317082223,True,False,[8],[0.10931001105499108]
37,13,13,1,0.012217044485346244,1.2630527768026878,True,False,[8],[0.07582474253822827]
37,14,679,1,0.012382751600777666,1.3800205064305098,True,False,[7],[0.09298027769518381]
37,15,388,1,0.013187215407138776,1.4323175665167813,True,False,[7],[0.12409075628732333]
37,16,655,1,0.01431896162148503,1.2667988024702976,True,False,[7],[0.08921930538972317]
37,17,12,1,0.013928263969962605,1.2598323725573441,True,False,[6],[0.09219705015433703]
37,18,484,1,0.015044265002995284,1.2135935304180787,True,False,[12],[0.03140480550474786]
37,19,223,3,0.013537064858183961,1.2770138735320948,True,False,"[6, 8, 16]","[0.05573304524568696, 0.10928980367610838, 0.1119595689200965]"
37,20,102,2,0.01318824526792321,1.2249140117477746,True,False,"[8, 15]","[0.13156534128462327, 0.1250384460605702]"
37,21,496,1,0.011332516540741373,1.8705893880190667,True,False,[7],[0.0951445641038448]
37,22,876,1,0.0377486559497478,1.508225495597493,True,False,[5],[0.06259655480442483]
37,23,214,1,0.013485853583273168,1.579660960122975,True,False,[7],[0.08771665748795349]
38,0,271,2,0.010853896917003482,1.5085733116827849,True,False,"[8, 15]","[0.09129277446595037, 0.11671462898874138]"
38,1,887,1,0.014209616920183328,1.5017230531629666,True,False,[5],[0.07148858450490375]
38,3,19,2,0.012434946840235299,1.2149378630547043,True,False,"[7, 15]","[0.11538730270344828, 0.1249972811822337]"
38,5,588,2,0.009352371594144043,1.3088612497485066,True,False,"[7, 8]","[0.0852417622171397, 0.09911334267938478]"
38,6,594,2,0.01335771692104266,1.3088846431287149,True,False,"[7, 8]","[0.1154647728388295, 0.10371646232235998]"
38,7,0,1,0.014955594081305895,1.4058860479291964,True,False,[15],[0.023777285207332403]
38,8,222,1,0.014367928978145058,1.286386263376585,True,False,[8],[0.05099970842890421]
38,9,7,1,0.013342792158804184,1.32993016602375,True,False,[8],[0.10709170653722087]
38,10,16,1,0.014733400617690285,1.3635642693233643,True,False,[5],[0.09995204122181174]
38,12,872,1,0.014055990984748206,1.4563243013620248,True,False,[7],[0.09341063211401614]
38,13,13,1,0.014826597676060704,1.2858394663535329,True,False,[5],[0.07812570886932843]
38,14,679,1,0.0120647076643486,1.3814938228927816,True,False,[7],[0.09814720868540712]
38,15,388,1,0.012988752426294891,1.462680748017554,True,False,[7],[0.1183455233773531]
38,16,655,1,0.014641919649031906,1.2857247046659523,True,False,[7],[0.09200250106725642]
38,17,12,1,0.015007084929693788,1.2707249038700636,True,False,[5],[0.10671125256481934]
38,18,484,1,0.013688438785017664,1.2381112161635113,True,False,[5],[0.09599775537771994]
38,23,214,1,0.013919487063461177,1.588596588913556,True,False,[7],[0.09370284818324566]
39,0,271,2,0.009099717177978039,1.5245431223665344,True,False,"[7, 8]","[0.09280420784580752, 0.08103932254298045]"
39,1,887,1,0.014017488661248394,1.5162407297790956,True,False,[7],[0.08528116990246108]
39,2,17,1,0.013871673488459576,1.334769035361227,True,False,[8],[0.09877982929511708]
39,3,19,1,0.01431600489415169,1.2183174116102147,True,False,[15],[0.11340842277196986]
39,4,129,2,0.010268303722102495,1.6887380100723535,True,False,"[7, 8]","[0.09848475009680505, 0.08675908484116783]"
39,5,588,1,0.012582369652032369,1.307310176971121,True,False,[8],[0.1078695518365885]
39,6,594,1,0.014526397917700336,1.2993808697974905,True,False,[15],[0.11872746611663666]
39,7,934,1,0.04787471476053812,1.6769032867047142,True,False,[7],[0.11319379879388468]
39,8,0,1,0.014978392797384877,1.407106866103664,True,False,[5],[0.09981210205780744]
39,9,222,1,0.01494978892004181,1.3102319521042773,True,False,[16],[0.09457195261146409]
39,10,7,1,0.013522535979675924,1.3312834888683234,True,False,[7],[0.0761574896775576]
39,11,16,1,0.015064422503825815,1.3605088311035105,True,False,[12],[0.04493587908641618]
39,12,235,1,0.013141331219555661,1.3177337870668913,True,False,[8],[0.09410304112716648]
39,14,13,1,0.015022570584631066,1.2994105400499185,True,False,[5],[0.08269816814886015]
39,15,679,2,0.013095703598927658,1.3860121964586458,True,False,"[7, 8]","[0.1419985092543848, 0.08948962812918419]"
39,19,484,1,0.015490465942597464,1.2373331824168106,True,False,[12],[0.0484999543836404]
39,20,931,1,0.016161836740481092,1.288711836307568,True,False,[7],[0.09116607001912437]
39,22,496,1,0.015130145956038694,1.879622069715069,True,False,[16],[0.1225284726251458]
39,23,223,1,0.013441573412894123,1.2875043668629351,True,False,[7],[0.08826932023006454]
40,0,271,1,0.011462242217411996,1.5528380533966277,True,False,[8],[0.08456016298532609]
40,1,887,1,0.013841648524165803,1.530956717770306,True,False,[7],[0.08357702009874723]
40,2,17,1,0.01411730170021341,1.3525980223997134,True,False,[16],[0.11718341171147166]
40,3,19,1,0.013842144497612533,1.2367924412169906,True,False,[15],[0.10900893364163096]
40,4,129,1,0.012756221329387413,1.7272924597496595,True,False,[8],[0.08923235832516918]
40,6,594,1,0.013784506927909564,1.2965654369062956,True,False,[15],[0.12647800910900864]
40,7,934,2,0.014245920205734322,1.668582281325976,True,False,"[7, 12]","[0.1267532044534216, 0.03438207623744998]"
40,8,0,1,0.011553852428207027,1.4273791706955334,True,False,[7],[0.09925391274976837]
40,9,222,1,0.013721612692558687,1.313154693661061,True,False,[8],[0.12127547398800988]
40,11,16,1,0.013269005723196515,1.3914689654216763,True,False,[7],[0.10103313365036695]
40,12,235,2,0.009112830911674995,1.3143879533782368,True,False,"[8, 15]","[0.09465027892454038, 0.0971834106715524]"
40,14,13,1,0.015580680565699332,1.3053989701873694,True,False,[12],[0.05503740475143872]
40,15,679,1,0.015431445078414064,1.3960918463192507,True,False,[8],[0.08942517327165384]
40,17,655,1,0.014560130725518722,1.2873558826742906,True,False,[5],[0.09333660954930588]
40,19,484,1,0.014760047559115216,1.2541453493951875,True,False,[7],[0.10885371476635557]
40,20,931,1,0.013806058628558403,1.3053013743151478,True,False,[5],[0.13304370805345295]
40,21,953,1,0.02585951196359729,1.2972394799441966,True,False,[8],[0.061873034961984014]
40,23,223,1,0.014153311070922634,1.294827027069055,True,False,[5],[0.11056823319390563]
41,0,271,2,0.009491491469931206,1.5572455818289908,True,False,"[7, 15]","[0.09279469924494851, 0.11077086520056882]"
41,1,887,1,0.014221230593477296,1.5530082701313472,True,False,[5],[0.07598012111958453]
41,2,17,1,0.014075944790423012,1.3690437800659792,True,False,[16],[0.13088972753462072]
41,3,19,1,0.013534284443051854,1.2629023063109124,True,False,[15],[0.11421080794180058]
41,4,129,1,0.01195576745533957,1.7318226574852265,True,False,[11],[0.06709866220691718]
41,6,594,3,0.007651167474978132,1.3022222608752116,True,False,"[7, 15, 16]","[0.1057789124941248, 0.12198482047259689, 0.05975243613185176]"
41,7,934,1,0.014911680889808689,1.6406763421877053,True,False,[12],[0.054836428395015416]
41,8,982,1,0.1422101259543322,2.565198231685762,True,False,[16],[0.061824853118650755]
41,9,0,2,0.011466077252161554,1.432051239260824,True,False,"[6, 15]","[0.04685623397312148, 0.12688053829847074]"
41,10,222,1,0.014680745166187477,1.318357494694354,True,False,[8],[0.10326168802533017]
41,11,7,1,0.014255707236395238,1.3311680020456347,True,False,[15],[0.05225481069916027]
41,13,235,1,0.014797268381845266,1.3214671383628358,True,False,[7],[0.09450795171033162]
41,14,872,1,0.01529668205404574,1.4575792310302866,True,False,[8],[0.09142788790011559]
41,15,13,1,0.014236941614828986,1.3048978592995641,True,False,[12],[0.0887552268731008]
41,18,655,1,0.013411908771063722,1.3036832963838487,True,False,[5],[0.09787437677420112]
41,19,12,2,0.013213495571710728,1.2747180608328958,True,False,"[7, 8]","[0.10950913078316558, 0.12773174249280983]"
41,20,484,1,0.014120277117834167,1.2811730076656636,True,False,[5],[0.12602414827448274]
41,21,931,1,0.013474096949455465,1.3294378129147204,True,False,[5],[0.1188779492420693]
41,22,953,1,0.014205755724873793,1.3135524970697812,True,False,[8],[0.07222809025370844]
41,23,496,1,0.01405932525407759,1.8920036539349279,True,False,[7],[0.11292082604317515]
42,0,271,2,0.009907304971712274,1.569412582750817,True,False,"[7, 8]","[0.10700603696529351, 0.08976542541785072]"
42,1,887,1,0.014064003415096622,1.5702050222383455,True,False,[7],[0.08857666381624468]
42,2,17,1,0.014326826952472747,1.3854665240529251,True,False,[16],[0.13725535107002407]
42,3,19,1,0.014197892797440997,1.276729910276453,True,False,[7],[0.11184288342953501]
42,4,129,1,0.011679352782402954,1.7326132530319012,True,False,[7],[0.09884767980141825]
42,5,588,1,0.015127246561545012,1.3192198045853216,True,False,[5],[0.05203673169062847]
42,6,594,1,0.01329093679039605,1.3315813655585502,True,False,[8],[0.12197594122831806]
42,7,934,2,0.014066929552360703,1.63738638858524,True,False,"[7, 12]","[0.14879757654158593, 0.08077639337158184]"
42,9,0,2,0.009731404312158336,1.4388839739965262,True,False,"[6, 7]","[0.04967990771244662, 0.08400251837054337]"
42,10,222,1,0.01424052035696023,1.3353869481769545,True,False,[5],[0.10740667417927346]
42,11,7,1,0.015088824649231766,1.3423079167975582,True,False,[5],[0.11613301040061562]
42,12,16,1,0.014588894552286595,1.3865364736120316,True,False,[16],[0.07407998348523032]
42,13,235,1,0.014469534849356896,1.3158292216807375,True,False,[15],[0.062161427740732]
42,15,13,1,0.014662566833703948,1.3006591260159617,True,False,[16],[0.08215458447881477]
42,16,679,1,0.014799475523732147,1.3977589033598279,True,False,[7],[0.0955352405783442]
42,18,655,1,0.012650792804637132,1.335481150831567,True,False,[7],[0.1038561382310152]
42,20,484,2,0.00918521934251794,1.2939102216038678,True,False,"[7, 12]","[0.08640475777919113, 0.041390915155114505]"
42,23,496,1,0.014085559103970522,1.9144981397811422,True,False,[7],[0.13218557889978583]
43,0,271,1,0.011763734317117717,1.588722816209053,True,False,[8],[0.08809862395228711]
43,1,887,1,0.013625491298328987,1.5926973594515337,True,False,[7],[0.08271006631638352]
43,2,17,2,0.00970225952857775,1.3985495086656596,True,False,"[7, 16]","[0.09351397213071067, 0.13537088870383737]"
43,3,19,1,0.013616427352479728,1.3014441312724478,True,False,[15],[0.1181476410934529]
43,4,129,1,0.013990119174361042,1.7383365778270756,True,False,[5],[0.12666356190544611]
43,5,588,1,0.012164720923554468,1.3170175310710428,True,False,[8],[0.11820290370917819]
43,6,594,1,0.013387920436835959,1.3544358254906963,True,False,[5],[0.10397983582519152]
43,7,934,1,0.014502409259123333,1.6558646888714275,True,False,[7],[0.12378491458448296]
43,8,982,3,0.012872712631035956,2.5532344432870744,True,False,"[8, 9, 16]","[0.0828630414791471, 0.06059689882109174, 0.08993770376263674]"
43,9,0,1,0.01427599061992822,1.4418069053448825,True,False,[15],[0.14226577305387805]
43,10,222,2,0.009914855368203182,1.3376227855930258,True,False,"[7, 12]","[0.08696930700238907, 0.07642798442180007]"
43,11,7,1,0.01494104381741709,1.3589877799679613,True,False,[5],[0.13010449069725807]
43,13,235,1,0.014770883163499721,1.309079917285046,True,False,[15],[0.08252181217882083]
43,14,872,1,0.015112811535238566,1.4597679512308535,True,False,[8],[0.09079380116472568]
43,16,679,1,0.014232102287150175,1.421260857146495,True,False,[5],[0.0881643652783489]
43,17,388,1,0.01490404784283401,1.4658205012533727,True,False,[12],[0.04809282269924819]
43,18,655,1,0.013930489210888547,1.353789797538427,True,False,[5],[0.10461972077554828]
43,20,484,1,0.014297722538437738,1.2937185076153812,True,False,[12],[0.04595530835933185]
43,22,953,1,0.013527178874167147,1.3407436571690692,True,False,[8],[0.07556744199626658]
44,0,271,1,0.01130611538889559,1.6105794011753611,True,False,[8],[0.09357444501890358]
44,1,887,3,0.01018272368644526,1.598484891551593,True,False,"[7, 8, 11]","[0.08212588058555216, 0.12891411466294944, 0.040982137843314566]"
44,2,17,2,0.009904967755462518,1.4028840606045192,True,False,"[8, 15]","[0.10157353779413962, 0.1055321113227524]"
44,3,19,1,0.01312644277723847,1.327138474539621,True,False,[15],[0.11280059871530733]
44,6,594,3,0.00826576248855006,1.3723143337410848,True,False,"[7, 8, 15]","[0.11271217869076214, 0.11217298711089811, 0.1348597303250681]"
44,7,934,1,0.013989572040402359,1.6735366981917235,True,False,[5],[0.06202925881325306]
44,8,982,1,0.015171074268013441,2.5382677711958594,True,False,[16],[0.08331240761445054]
44,9,0,2,0.01047298532103214,1.4463685286883894,True,False,"[6, 15]","[0.061597535064961496, 0.13031556991277413]"
44,11,7,2,0.010695117993393597,1.3601266691197549,True,False,"[7, 15]","[0.10883467200787698, 0.07338518497351189]"
44,14,1047,1,0.04928941875071191,1.354460537071755,True,False,[8],[0.09165165709123871]
44,15,872,1,0.01517671341368136,1.4551504199995355,True,False,[8],[0.076934825825698]
44,17,679,2,0.011875254611154983,1.4352825894331365,True,False,"[7, 8]","[0.11491835673349028, 0.10676649820964633]"
44,18,388,1,0.01284134622892772,1.493849580750677,True,False,[5],[0.09738153777245885]
44,20,12,1,0.01488473475273345,1.2713030073140994,True,False,[15],[0.14222313431509545]
45,0,271,1,0.014388276957787749,1.6097930481480813,True,False,[17],[0.06784155554069429]
45,1,887,1,0.013543169793233114,1.625809014037951,True,False,[7],[0.08744385171427001]
45,2,17,1,0.014544256950191594,1.3933365123163743,True,False,[5],[0.0398414854059304]
45,3,19,1,0.01275113588302859,1.3529679298291344,True,False,[15],[0.108282446974055]
45,4,129,1,0.013030818572748713,1.7687838473570976,True,False,[8],[0.09069866156206356]
45,5,588,1,0.012018412414578994,1.3160062328631779,True,False,[8],[0.1305962319809202]
45,6,594,1,0.013239121406967922,1.3726092548848203,True,False,[16],[0.06174170942617739]
45,7,934,1,0.014336821327644076,1.6658848541784141,True,False,[12],[0.07532648499280711]
45,8,982,1,0.013558722329406013,2.5318541644434833,True,False,[16],[0.10078757216080451]
45,9,0,1,0.015495398783955783,1.449890953222774,True,False,[6],[0.06083923977774411]
45,10,222,1,0.014032013314363406,1.3489390166621358,True,False,[8],[0.08859716283640191]
45,11,1075,1,0.08829018515548767,1.7077705250105097,True,False,[5],[0.11678711639946929]
45,13,16,1,0.01492926935970341,1.397129263324073,True,False,[7],[0.10627086454763122]
45,15,1047,1,0.015455760814777926,1.339085011857779,True,False,[17],[0.07417870006804093]
45,16,872,1,0.014336400061822723,1.4601903430119356,True,False,[7],[0.09253436751939907]
45,17,13,2,0.01237099726400249,1.3079671006797386,True,False,"[8, 16]","[0.10182103114960911, 0.10394328267441086]"
45,18,1060,1,0.021952906992709853,1.7641318801012158,True,False,[5],[0.09127238673879046]
45,19,931,1,0.013995841476995077,1.3275787595803359,True,False,[8],[0.124639644143819]
45,20,953,2,0.009073701842244803,1.3430003526641368,True,False,"[7, 8]","[0.0933533117254169, 0.11953027606673543]"
45,22,12,1,0.012309748971669613,1.2918509082471448,True,False,[7],[0.10896862006832964]
45,23,484,1,0.015626439942717497,1.2893810006435578,True,False,[12],[0.02649606238901895]
46,2,17,2,0.011355042404489197,1.4024499408032491,True,False,"[15, 16]","[0.11404305533088054, 0.13284096786471897]"
46,3,19,1,0.014813378237900876,1.351873163259215,True,False,[5],[0.0928203953117562]
46,4,129,1,0.012684621507734094,1.794108969294037,True,False,[8],[0.09534562203162908]
46,5,588,2,0.009083937273878764,1.3311591263266789,True,False,"[7, 8]","[0.08466158229452758, 0.13169997681792342]"
46,6,594,3,0.00848046142214614,1.3811850417068823,True,False,"[8, 15, 16]","[0.11747165004292809, 0.13762779196665456, 0.08746345296699687]"
46,7,934,1,0.014311630977633048,1.6898507720474454,True,False,[5],[0.05260704626634309]
46,8,982,2,0.013099187772479136,2.515659967930044,True,False,"[9, 16]","[0.08988393924699521, 0.13414447556993564]"
46,9,0,1,0.01566754196045571,1.4533819375231753,True,False,[5],[0.09141618909455597]
46,10,222,1,0.01277263156808347,1.3510605678809726,True,False,[12],[0.08926213504167207]
46,11,1075,1,0.014401556678470264,1.7407083364962264,True,False,[5],[0.11222824675874714]
46,13,16,1,0.014751668962853256,1.4062528262404401,True,False,[7],[0.11168371406063382]
46,14,235,1,0.013892400645549492,1.3084103126366806,True,False,[15],[0.07989239629971148]
46,15,1047,1,0.014270585116137413,1.3495701835510516,True,False,[8],[0.07524419377522197]
46,16,872,1,0.014268643445250688,1.4633248539898323,True,False,[7],[0.10619443840559388]
46,17,13,1,0.014231187902502473,1.308407450519148,True,False,[16],[0.1134527490945784]
46,18,1060,1,0.011225419732916082,1.7910390809607817,True,False,[8],[0.09619206015066951]
46,19,931,2,0.011221252299304965,1.3368952047164189,True,False,"[7, 8]","[0.11465734038868641, 0.1268888122693809]"
46,22,12,1,0.012239002848851483,1.3210727968610225,True,False,[5],[0.06686408331922503]
47,0,1127,1,0.0556990855157915,1.4670558717032747,True,False,[16],[0.022443651681139976]
47,1,271,1,0.015740274101333315,1.5955471681628532,True,False,[15],[0.10418805335046528]
47,2,887,1,0.014230652251470707,1.6459077043784212,True,False,[5],[0.04506210751416908]
47,3,17,2,0.009304311278841192,1.4132140181231507,True,False,"[7, 16]","[0.10377112679124714, 0.06287008368941717]"
47,5,129,1,0.012567278182819209,1.8031720813004912,True,False,[7],[0.07839325762698283]
47,6,588,1,0.014102443962587469,1.3477961364879847,True,False,[5],[0.11195530111470084]
47,7,594,1,0.013902469854925738,1.385586522859262,True,False,[8],[0.07943637611235946]
47,8,934,1,0.01223654958098401,1.6897600743115313,True,False,[12],[0.11040189350855108]
47,9,982,1,0.011155483434780254,2.5692554635363574,True,False,[7],[0.10000099660198462]
47,10,0,2,0.011887060277029845,1.452300823331867,True,False,"[6, 8]","[0.04588322773589217, 0.10575916130713144]"
47,11,222,1,0.012895830997670454,1.3790496960114136,True,False,[8],[0.10880015881938669]
47,12,1075,1,0.013852965822911824,1.772465537053104,True,False,[5],[0.07319664664672873]
47,13,7,1,0.011844656647972716,1.3836640721514657,True,False,[8],[0.10271519169968259]
47,14,16,1,0.012005039146136947,1.4366484614411419,True,False,[7],[0.1095804531436068]
47,16,1047,1,0.013061805560446258,1.376216759126456,True,False,[5],[0.09035479730158695]
47,17,872,1,0.013806826447913137,1.4880468741688406,True,False,[5],[0.11594224950030399]
47,18,13,1,0.014830686071467326,1.3083655175044493,True,False,[16],[0.07802537441123193]
47,19,1060,2,0.011360735374856656,1.8108096442639123,True,False,"[8, 11]","[0.1462304336267348, 0.06768688330641795]"
47,21,953,1,0.013130528518350127,1.3489299642850432,True,False,[8],[0.08976178783479714]
47,22,679,1,0.012768265172393252,1.431899502194609,True,False,[7],[0.11465856847503127]
48,0,1127,1,0.012490902779879314,1.452642188792103,True,False,[8],[0.09679383679767839]
48,2,887,1,0.011683111838451846,1.6779232638015453,True,False,[7],[0.09329116486281101]
48,3,17,1,0.014557176665078015,1.4184484697214643,True,False,[16],[0.07729595338229311]
48,4,19,1,0.013610710985697286,1.3627764544362553,True,False,[15],[0.1057156075850846]
48,7,594,3,0.010982515426502621,1.3869131218566237,True,False,"[8, 15, 16]","[0.07816213697034408, 0.03672118967915236, 0.027293070790742027]"
48,8,934,1,0.013539808957520168,1.713730928494996,True,False,[5],[0.09178102349210472]
48,9,982,1,0.014220917280352382,2.6010526927213773,True,False,[16],[0.1183216464689091]
48,10,0,1,0.014211977415729467,1.4523571545951266,True,False,[6],[0.0438251193933098]
48,11,222,1,0.014114556044587745,1.3844886986884886,True,False,[16],[0.051405392544349233]
48,12,1075,1,0.014008390261414877,1.7929831199531157,True,False,[7],[0.10349121629285148]
48,13,7,1,0.014345743474257919,1.3972991819486245,True,False,[5],[0.09064293809317531]
48,14,16,1,0.012304256514347424,1.469462843251085,True,False,[7],[0.10541559304069331]
48,15,235,1,0.014987998704202808,1.313663694581283,True,False,[8],[0.09282194558917901]
48,16,1047,1,0.01318156157934053,1.3772264120575832,True,False,[7],[0.10725213379147822]
48,17,872,1,0.015191639737003618,1.4667562733427444,True,False,[8],[0.11472428499852584]
48,18,13,1,0.014577850691511043,1.3089727450703945,True,False,[16],[0.09883706277129489]
48,20,931,1,0.013604883916751607,1.3371764481128707,True,False,[16],[0.1348682566543095]
48,21,953,2,0.00904215419429116,1.352650460756624,True,False,"[7, 8]","[0.09091033098130562, 0.09345989455996222]"
48,22,679,1,0.01256065776830277,1.4325039780869728,True,False,[7],[0.11115695380392995]
49,0,1127,1,0.014498486491169041,1.4721442224572938,True,False,[5],[0.13079648585715825]
49,1,271,3,0.009528950407288949,1.582338664410915,True,False,"[7, 15, 17]","[0.09512566933239204, 0.1090561961560459, 0.09883615276118567]"
49,2,887,1,0.01177785890792476,1.7099736179746066,True,False,[7],[0.09408873569456026]
49,3,17,3,0.008016471600516039,1.4165288929431128,True,False,"[7, 15, 16]","[0.10684912795001329, 0.11190617965872143, 0.07321860674454025]"
49,4,19,1,0.011649542700649775,1.3725242001737952,True,False,[7],[0.10415325183962792]
49,5,129,1,0.010898770382829704,1.8446027154621112,True,False,[8],[0.12066597191259108]
49,6,588,1,0.013792577696670947,1.3740719423870502,True,False,[5],[0.10910690983762995]
49,7,594,2,0.010532009276546593,1.3933057614025843,True,False,"[8, 15]","[0.07063605306208649, 0.04823626379721479]"
49,8,934,1,0.01236585236978331,1.7148304867716613,True,False,[12],[0.1043001116411447]
49,9,982,2,0.010721257840947985,2.613939117188441,True,False,"[9, 16]","[0.02729523784367151, 0.10497797176559316]"
49,10,0,2,0.009215159699826388,1.466020496921382,True,False,"[6, 7]","[0.040145289943404085, 0.08951397712258334]"
49,11,222,2,0.01301646047554968,1.3865139523212935,True,False,"[12, 15]","[0.06419732648177505, 0.09056175008392667]"
49,12,1075,1,0.015189034993401818,1.7925850927896458,True,False,[6],[0.043812535885693345]
49,13,7,1,0.010881577093503188,1.4290508331011351,True,False,[8],[0.09059001161788]
49,14,16,1,0.013617060017241901,1.4964221704012024,True,False,[5],[0.09415524667707696]
49,15,235,2,0.011906763563528575,1.3328585809156357,True,False,"[7, 15]","[0.13956667549264967, 0.06596757200196467]"
49,16,1047,2,0.012205659842171325,1.38026657744181,True,False,"[8, 17]","[0.09404798119804611, 0.05647960297599803]"
49,17,872,1,0.0140187044548127,1.4680487455286593,True,False,[16],[0.12539325188803535]
49,18,13,1,0.013284559077644064,1.3088083826866168,True,False,[16],[0.10225105088628826]
49,19,1060,1,0.01217325135408882,1.8155464297624941,True,False,[7],[0.10673316499393354]
49,23,484,1,0.013561751983213627,1.2856029088272498,True,False,[8],[0.0793611083092199]
50,0,1127,1,0.014229865990425404,1.4872724157749337,True,False,[16],[0.04495701416997952]
50,4,19,1,0.014124496409935038,1.3733557333629722,True,False,[5],[0.12746385805630667]
50,5,129,1,0.011183309213914498,1.884458761857201,True,False,[8],[0.12126966825365168]
50,6,588,1,0.012481286471985136,1.386377289924995,True,False,[8],[0.11743093742315401]
50,7,594,1,0.013618780991327979,1.3925620953006888,True,False,[15],[0.06594801345622332]
50,8,934,2,0.0078698731159467,1.7323555468881762,True,False,"[7, 12]","[0.1077338887426454, 0.08834189816561967]"
50,9,982,1,0.01337305588514936,2.6136283076930735,True,False,[8],[0.13580661179911982]
50,10,0,2,0.010109178642826058,1.4811455782465024,True,False,"[6, 7]","[0.04829930815424998, 0.0908103103905518]"
50,11,222,1,0.012937786703587495,1.417485971496918,True,False,[8],[0.10611885070561393]
50,13,7,1,0.01093722995652073,1.4612606058376236,True,False,[8],[0.09030863898351998]
50,14,16,1,0.014202678021369054,1.5194351410652183,True,False,[5],[0.09753356844459649]
50,15,235,1,0.014655228777577536,1.3375168074541355,True,False,[8],[0.09997462599571773]
50,16,1047,1,0.01347215370609734,1.3906184828989776,True,False,[8],[0.0983612284472361]
50,17,872,1,0.014323404625304079,1.4507898499700091,True,False,[8],[0.11662177683710778]
50,19,1060,1,0.011365583982963211,1.8344099248606887,True,False,[7],[0.09399343728255306]
50,23,484,2,0.010281749500121602,1.292036588820713,True,False,"[7, 12]","[0.12326163821044636, 0.06845764742411937]"
51,0,1127,1,0.014414212137238553,1.505686753589061,True,False,[5],[0.14459895153886035]
51,1,271,2,0.009686005621130542,1.5933872735695682,True,False,"[8, 17]","[0.1283707935129216, 0.1155512715404665]"
51,2,887,1,0.012461403611483197,1.7433725859263791,True,False,[7],[0.09588997407028046]
51,3,17,1,0.013087961780605287,1.407107627110274,True,False,[15],[0.11982254026935409]
51,5,129,1,0.012024838983483655,1.9165826053569472,True,False,[5],[0.06242691696227099]
51,6,588,1,0.012565181005912359,1.4183010417375237,True,False,[7],[0.11122852204103795]
51,7,594,2,0.009993419148596376,1.4012003981057426,True,False,"[7, 8]","[0.11571731834294045, 0.08420638739791005]"
51,8,934,1,0.01225994448152263,1.733300475124077,True,False,[12],[0.09192771360958814]
51,9,982,1,0.013832679823568037,2.644662241252129,True,False,[16],[0.12018272127961625]
51,10,0,2,0.012201740686103047,1.4716484042759657,True,False,"[6, 16]","[0.05542216216881474, 0.06982158713878901]"
51,11,222,1,0.014432922591956337,1.4313641549060108,True,False,[5],[0.122501332388108]
51,12,1075,1,0.013944950156269365,1.8207379860327129,True,False,[7],[0.1020203524314941]
51,13,7,1,0.014311853848010514,1.4765616461170905,True,False,[5],[0.10362938181978416]
51,15,235,2,0.009792548370398889,1.3487889613826862,True,False,"[8, 15]","[0.10039694764639377, 0.06779755723851964]"
51,16,1047,1,0.012698244402339826,1.4217734244040854,True,False,[5],[0.09593250686975512]
51,17,872,1,0.013953777502124927,1.434692970933314,True,False,[8],[0.10592184817231655]
51,19,1060,1,0.013141080379378374,1.8727538066352902,True,False,[5],[0.10002650846554259]
51,20,931,2,0.008666769388420691,1.3439416055048514,True,False,"[7, 8]","[0.107143756041312, 0.10637884886499231]"
51,22,1158,1,0.04106479967792833,1.4747827052421523,True,False,[7],[0.1246313034638072]
51,23,484,2,0.011018567007316439,1.290357121213823,True,False,"[8, 12]","[0.09131202799016992, 0.10212122540922922]"
52,0,1127,2,0.012168128323723918,1.4941897875754153,True,False,"[8, 12]","[0.10817495167413815, 0.03574946771922056]"
52,1,271,2,0.009334996467839377,1.587291563101148,True,False,"[12, 15]","[0.10379756136771029, 0.08496466987103597]"
52,3,17,1,0.013569412398098266,1.411635803112462,True,False,[16],[0.06981184023081866]
52,4,19,1,0.012701383283711388,1.393174698684756,True,False,[15],[0.1040789348433063]
52,5,129,1,0.011581172303675686,1.9569353357355093,True,False,[8],[0.12723166369744027]
52,7,594,1,0.01168382334429303,1.399961578626113,True,False,[15],[0.0747963538539854]
52,8,934,1,0.013002816412483539,1.7609762240868894,True,False,[5],[0.08261266863888729]
52,9,982,1,0.014014191737353167,2.6802134203847103,True,False,[5],[0.10226292517861342]
52,10,0,1,0.015061027232890769,1.4709583022230344,True,False,[15],[0.02442021301210805]
52,11,222,1,0.013932564327044797,1.4509913576834705,True,False,[5],[0.11179149767608272]
52,12,1075,1,0.013394972028641674,1.8583113972699965,True,False,[7],[0.10326178133594319]
52,14,16,2,0.012558993478735212,1.515420095262958,True,False,"[8, 12]","[0.11822498785383866, 0.07448147320097386]"
52,15,235,1,0.014359687896045916,1.363355860012407,True,False,[15],[0.06394500184144189]
52,16,1047,1,0.013046974548194711,1.397601870261731,True,False,[17],[0.05811528785573943]
52,17,872,1,0.013145463519987449,1.4606285215305452,True,False,[7],[0.12929779133102087]
52,18,1238,1,0.02769489729275487,1.5521130166267736,True,False,[12],[0.03921335078267238]
52,19,13,1,0.01320133352100732,1.3267901708821486,True,False,[8],[0.13605322581567664]
52,21,931,2,0.010802448721954362,1.360211675758972,True,False,"[7, 15]","[0.1261621554280595, 0.1053581412254334]"
52,22,953,2,0.008953720012753153,1.367059777861992,True,False,"[7, 8]","[0.11395906782230494, 0.07735346976771644]"
53,0,1127,1,0.014361869999603087,1.5133132481868528,True,False,[5],[0.15484814394972177]
53,1,271,1,0.014663267293611917,1.5816422877727054,True,False,[15],[0.09605462303712652]
53,2,887,1,0.014921761355653498,1.7528098162648527,True,False,[15],[0.11520293010117491]
53,3,17,1,0.013639598577395256,1.4042227481544847,True,False,[15],[0.12842710964303258]
53,4,19,1,0.01183134852944821,1.408323214477644,True,False,[7],[0.10369397009450132]
53,5,129,1,0.012014804015582414,1.9607326062545138,True,False,[7],[0.07309312291075594]
53,6,588,1,0.012409177912336141,1.4312902676542518,True,False,[8],[0.11572636921582558]
53,7,594,2,0.009609087234835535,1.4086108847128047,True,False,"[8, 15]","[0.08502382003896172, 0.08885221033544682]"
53,8,934,1,0.013182818183492737,1.7881601856368534,True,False,[5],[0.08994794628065748]
53,9,982,1,0.013768963718021448,2.7210895037820055,True,False,[5],[0.11060497548889046]
53,10,0,1,0.01441368415006503,1.4762568973928554,True,False,[6],[0.049159862916566835]
53,11,222,1,0.013465964944971247,1.4777244206334188,True,False,[5],[0.11628171886197076]
53,12,1075,1,0.014558660171704096,1.8861157223521043,True,False,[5],[0.09427608868041465]
53,14,16,1,0.01264532322488733,1.5471820754795194,True,False,[7],[0.11958039456665306]
53,15,235,2,0.011120241443370725,1.3678848131598766,True,False,"[8, 15]","[0.1234573362839944, 0.06836489961071697]"
53,16,1047,1,0.013413311209032724,1.4009731905230922,True,False,[12],[0.044889259035092215]
53,17,872,1,0.012055826163954498,1.4924212730442499,True,False,[7],[0.1214362950658899]
53,18,1238,1,0.015015578754130628,1.5585707515912464,True,False,[12],[0.06042128264947261]
53,19,13,1,0.01422059382994795,1.3484599791526168,True,False,[5],[0.11165152194790715]
53,20,1060,1,0.012600371357287227,1.8952707275668703,True,False,[8],[0.12354343590368945]
54,0,1127,1,0.014251548248408283,1.5359496911642092,True,False,[5],[0.14555329798417124]
54,1,271,2,0.01182489054261729,1.584506990779271,True,False,"[8, 16]","[0.123423701535076, 0.0546781400059186]"
54,2,887,2,0.009457872787457976,1.7750002506951075,True,False,"[7, 8]","[0.08969438543208201, 0.0942880783930289]"
54,3,17,1,0.013431748298059534,1.4001868425211454,True,False,[15],[0.12500956302431906]
54,4,19,2,0.010670712897807464,1.4335372930462809,True,False,"[7, 15]","[0.11317100158194052, 0.12018562124247123]"
54,7,594,1,0.013624957505664882,1.408423444746619,True,False,[15],[0.08049473689810646]
54,8,934,1,0.009982659234218592,1.8312915361080855,True,False,[7],[0.10847428657412896]
54,9,982,1,0.014690090563309364,2.7603575193637653,True,False,[5],[0.10891056077487035]
54,10,0,2,0.011802141593876724,1.4696600273683145,True,False,"[15, 16]","[0.04839900041505228, 0.07728438962519608]"
54,11,222,1,0.01287510514173855,1.5098386637714005,True,False,[5],[0.1242372417040217]
54,13,7,1,0.010862918647516194,1.5097452296215519,True,False,[8],[0.09287192165564853]
54,14,16,1,0.011964151198465015,1.5827823610729619,True,False,[5],[0.1011148525939214]
54,15,235,1,0.014570405578886949,1.3706187924588478,True,False,[15],[0.061324439875949245]
54,16,1047,1,0.013930747390825532,1.4009237197140783,True,False,[7],[0.12667621451578015]
54,17,872,1,0.011611345110379097,1.5271192563266063,True,False,[7],[0.12374980259790783]
54,18,1238,1,0.014822726095549165,1.5604863250356462,True,False,[12],[0.06480405064611953]
54,19,13,2,0.011807435703827243,1.3560138560158446,True,False,"[8, 16]","[0.133667031925955, 0.1159744240876896]"
54,20,1060,1,0.012751292243845445,1.9256971557115046,True,False,[8],[0.11551129801676636]
54,21,931,1,0.010846763361502572,1.3928582725678358,True,False,[7],[0.11101646863174124]
54,22,953,1,0.011644514014309935,1.3932317770405083,True,False,[8],[0.06958777723972745]
54,23,1268,1,0.022012475187108884,1.9206820040645547,True,False,[5],[0.11168380452433097]
55,1,271,1,0.012882668720246949,1.6023510609989047,True,False,[8],[0.11747521672546592]
55,2,887,1,0.012653388040732185,1.7840820708913738,True,False,[8],[0.10376010830019282]
55,3,1301,1,0.02516347994022026,2.1951045985346935,True,False,[8],[0.10607501064386603]
55,5,129,2,0.009221036003914064,1.984938597947027,True,False,"[7, 8]","[0.0925463170822196, 0.13344066564578025]"
55,6,588,1,0.011121558321574883,1.452145423632374,True,False,[8],[0.12234208568339786]
55,7,17,2,0.010729219698713393,1.4050105875609127,True,False,"[7, 15]","[0.1216078109821462, 0.07956242340500481]"
55,8,982,1,0.010346500810785683,2.8112103701103788,True,False,[7],[0.11186847018518543]
55,9,0,1,0.012967227673931445,1.4789350764667761,True,False,[15],[0.12817594610834554]
55,10,222,1,0.01264223161305706,1.5143055172336046,True,False,[7],[0.09813153642675704]
55,11,1075,1,0.013601464803516813,1.9054242326415018,True,False,[5],[0.13203777283830614]
55,12,7,1,0.01247616693371204,1.5333584586933287,True,False,[8],[0.10144632206116605]
55,13,16,1,0.012481653181188053,1.5781325100322559,True,False,[8],[0.11220623397884445]
55,14,594,1,0.013579893391168548,1.4135842203597768,True,False,[5],[0.13891821270606472]
55,15,934,1,0.013341408801578114,1.836925871306403,True,False,[12],[0.09536085693372387]
55,17,1238,1,0.014291023483152232,1.5637673728459958,True,False,[12],[0.059428577455230835]
55,18,13,2,0.009961695580857428,1.3600518557700805,True,False,"[12, 16]","[0.06904705236328897, 0.0969461748309293]"
55,19,1060,1,0.011980161377086166,1.925423067173623,True,False,[7],[0.11472578410073632]
55,20,931,1,0.011356090082491638,1.4184542743850224,True,False,[7],[0.0997480976904195]
55,21,235,3,0.008695683062446275,1.3803217607055287,True,False,"[7, 8, 15]","[0.11197179806925449, 0.10571877211219069, 0.10495252698374323]"
55,22,1047,1,0.012107124371158916,1.4043231284171935,True,False,[7],[0.12101200328339487]
55,23,1268,1,0.012653828421638452,1.9322119357433667,True,False,[7],[0.13047423518101348]
56,0,1127,1,0.013814402331736706,1.5269324769517072,True,False,[8],[0.10668861189721304]
56,1,271,1,0.013670537893820573,1.6102208458773237,True,False,[8],[0.11600945123299408]
56,2,887,1,0.011719265204495387,1.824316842402525,True,False,[7],[0.08351915196932226]
56,5,129,1,0.01158477758232129,2.0244079330340448,True,False,[8],[0.12545387033954686]
56,6,588,1,0.011205826606639374,1.4701784733350922,True,False,[8],[0.1193410763552401]
56,7,17,1,0.013050915064531128,1.403577398066898,True,False,[15],[0.07417197900999252]
56,8,982,1,0.010587993978969213,2.860572011540881,True,False,[7],[0.1116518484338864]
56,9,0,1,0.01543174661059782,1.4765589990683095,True,False,[6],[0.06394691638388182]
56,10,222,1,0.012273948932607066,1.5334932297384356,True,False,[8],[0.09906233680497487]
56,13,16,1,0.01569074186885977,1.5735527742880893,True,False,[5],[0.10801410596162128]
56,14,594,2,0.010690398523724937,1.4201790569033115,True,False,"[8, 15]","[0.12166160781854318, 0.09335936572804368]"
56,15,934,1,0.012996411403245181,1.8619369208992096,True,False,[7],[0.13707761583107594]
56,17,1238,2,0.009462320354508927,1.5770613181967186,True,False,"[7, 8]","[0.1288036117509388, 0.10065041682221952]"
56,18,13,1,0.012139191144897192,1.3631810521619712,True,False,[16],[0.10565829315454922]
56,19,1060,1,0.01228457585755613,1.9281237705416767,True,False,[7],[0.12217317701604097]
56,20,1324,1,0.022703772209726743,1.4568976135754292,True,False,[8],[0.1098049303304309]
56,21,1320,1,0.024769411024579614,1.5460389965397758,True,False,[8],[0.10923215200496686]
56,22,235,1,0.012595734933334888,1.3778101296734533,True,False,[7],[0.12128386464417142]
56,23,1047,2,0.0103638655855136,1.4105420489660616,True,False,"[8, 17]","[0.08626926694573502, 0.02227608180006549]"
57,1,271,1,0.012614234400888972,1.6286611582182988,True,False,[8],[0.11738266299160505]
57,2,887,1,0.013254796699919668,1.8487642488236982,True,False,[7],[0.09377805531938754]
57,4,1301,1,0.010821883328105871,2.2421334405892264,True,False,[8],[0.09702047951019326]
57,6,129,1,0.01157683833927828,2.040356824795938,True,False,[7],[0.10349897114953167]
57,7,588,1,0.013028278369448944,1.4750784450421728,True,False,[7],[0.10018820798119986]
57,8,17,2,0.009702203218085083,1.4124123665711616,True,False,"[8, 16]","[0.08387119204406182, 0.12438284183308326]"
57,9,982,1,0.015810379346026183,2.8490252626930888,True,False,[9],[0.04921453397379062]
57,10,0,1,0.014049205028882081,1.4957145325045005,True,False,[5],[0.10046472959325185]
57,11,222,1,0.0129106697054339,1.566467418288501,True,False,[5],[0.13246958986929566]
57,12,1075,1,0.013726381825631379,1.9425937254480228,True,False,[7],[0.10939357272121052]
57,13,7,1,0.010443046736173708,1.569484994299912,True,False,[8],[0.10547395352847859]
57,14,16,1,0.0119923918796128,1.608269258207102,True,False,[7],[0.11478511330604196]
57,15,594,1,0.01441841912849979,1.4326124416074157,True,False,[5],[0.09724642716437336]
57,16,934,1,0.012494017373381655,1.863613041352712,True,False,[12],[0.047753263282334105]
57,17,872,1,0.01157238093217029,1.561918785023387,True,False,[7],[0.12442168833236554]
57,18,1238,1,0.012471814429863236,1.6050250961412298,True,False,[7],[0.12093304345483384]
57,19,13,1,0.014604556292267238,1.3632077544997956,True,False,[16],[0.11468864865551717]
57,20,1060,1,0.012451763661942812,1.9467649490601249,True,False,[7],[0.10856693560607249]
57,21,1324,1,0.01346968208077758,1.4457295357888775,True,False,[8],[0.10423261737858525]
58,0,1127,2,0.012973962318842907,1.5273338041494255,True,False,"[8, 12]","[0.11650880587524037, 0.06695301588926954]"
58,1,271,1,0.012783606127299025,1.6509605972336896,True,False,[8],[0.11489303916014262]
58,2,887,1,0.014753938802818358,1.8613964730837185,True,False,[15],[0.12690243849159694]
58,4,1301,1,0.012868942041146558,2.2416627880656335,True,False,[7],[0.12623758048859318]
58,5,19,1,0.013459842815747258,1.4376608631748051,True,False,[8],[0.1208883696929739]
58,8,17,2,0.011684432460565544,1.4305531776817473,True,False,"[15, 16]","[0.03159023153758701, 0.13041844271994615]"
58,9,982,1,0.013183696980452742,2.8955967054277694,True,False,[7],[0.12335074447150533]
58,10,0,3,0.00824307865027995,1.502974924166746,True,False,"[6, 7, 15]","[0.050691298297382836, 0.0934307220581787, 0.05135887042333667]"
58,11,222,2,0.012933872433319053,1.5750919926676568,True,False,"[12, 16]","[0.08881157626072365, 0.0762573784084908]"
58,13,7,1,0.011135183101530399,1.6037797364354687,True,False,[8],[0.10771735037491557]
58,14,16,1,0.013493272442296445,1.640533584036557,True,False,[5],[0.1289693665628239]
58,15,594,1,0.013209373938408204,1.4402529926738203,True,False,[8],[0.11809513243720145]
58,16,934,2,0.009214406331751943,1.8768340716161889,True,False,"[7, 12]","[0.13517455609549056, 0.057234102914942755]"
58,18,872,1,0.012944465928937336,1.5913479236984012,True,False,[5],[0.10795088290009917]
58,20,13,3,0.007979137660868916,1.3742201355127666,True,False,"[7, 8, 16]","[0.11258288481543756, 0.10903455915062847, 0.12893319819116092]"
58,21,1060,2,0.011118579754422424,1.9537348267976307,True,False,"[8, 11]","[0.10990097219867201, 0.03615352982712203]"
58,22,1320,1,0.012159718529010417,1.5682697798943233,True,False,[5],[0.08491193328435448]
59,0,1399,1,0.05966124639696565,1.6169903552052969,True,False,[7],[0.10749331371968521]
59,1,271,3,0.010003147962024743,1.6624966672831603,True,False,"[8, 15, 17]","[0.11017959894321108, 0.11357930468915138, 0.1348374052761022]"
59,2,887,1,0.013152910994405874,1.8843291104030941,True,False,[7],[0.09661187862374358]
59,3,1347,1,0.014164020067675705,2.1675398983573295,True,False,[5],[0.10852766552601743]
59,4,1301,2,0.00851028308506794,2.264993325164995,True,False,"[7, 8]","[0.123061851737863, 0.09772998327437886]"
59,7,1127,2,0.010354337978096909,1.516859628275677,True,False,"[12, 16]","[0.06253837275149453, 0.04017116135706944]"
59,8,588,1,0.011980420768220326,1.5048213420487564,True,False,[8],[0.08609103843044189]
59,9,17,1,0.014534857890699616,1.433855471228372,True,False,[5],[0.12286258552464464]
59,11,0,1,0.013939460696096266,1.493258429715811,True,False,[16],[0.08406886281189303]
59,12,222,1,0.012463952341752299,1.5755130645335775,True,False,[16],[0.07852186135398588]
59,15,16,2,0.009659669954875704,1.6518864567576874,True,False,"[7, 12]","[0.14188748856118727, 0.10501483956398344]"
59,16,594,1,0.011658456291802238,1.443844837527085,True,False,[15],[0.08050999217918388]
59,17,934,1,0.01233064908514509,1.9095739794457955,True,False,[5],[0.102145073600487]
59,18,1368,2,0.022203596592465465,1.588729223955682,True,False,"[8, 16]","[0.11563849687022204, 0.11182427759016392]"
59,19,872,1,0.014460719912894191,1.606876227767742,True,False,[5],[0.13819375729070427]
59,20,1238,1,0.01306379442824036,1.597046479828463,True,False,[8],[0.11155642941043564]
59,21,1060,1,0.011522026635872278,1.9784542026621577,True,False,[7],[0.11603370783172083]
59,23,1047,1,0.014383313318118318,1.4042307669198257,True,False,[7],[0.13098636964364246]
60,1,271,1,0.013541276780024418,1.6665892607805908,True,False,[15],[0.13122575625508495]
60,2,887,2,0.01038582447321599,1.898087559177008,True,False,"[7, 15]","[0.10715654905178681, 0.11355080219210698]"
60,3,1347,1,0.012888292385791224,2.202244380284744,True,False,[5],[0.11646724668429832]
60,4,1301,1,0.012631073409635006,2.309132289950392,True,False,[8],[0.10545095865701672]
60,5,19,1,0.0125706912886932,1.4619042962093396,True,False,[15],[0.10084404092770691]
60,6,129,1,0.011326405405207405,2.0733867273831397,True,False,[8],[0.12912502584647104]
60,7,1127,2,0.009657247040167252,1.519074547303039,True,False,"[7, 8]","[0.11766703716622305, 0.08214791119920314]"
60,8,588,1,0.013871008370179022,1.5326882752693942,True,False,[5],[0.09131551387396054]
60,9,17,1,0.012576835389169127,1.4403159007799398,True,False,[15],[0.13278308584108972]
60,11,0,1,0.015135410493319205,1.497684806868212,True,False,[6],[0.01894436686861089]
60,12,222,1,0.013288709870925211,1.5841393094491256,True,False,[8],[0.10029645035378594]
60,14,7,1,0.01400998889353858,1.6063766308556588,True,False,[5],[0.13495819838538436]
60,15,16,1,0.014125881891987515,1.6704759876779418,True,False,[7],[0.1507747012020192]
60,16,594,2,0.00962264965482122,1.4533590196572503,True,False,"[7, 8]","[0.12108231884808894, 0.09595709866772673]"
60,17,934,1,0.013460845532023593,1.9094351075601408,True,False,[12],[0.06593105039217771]
60,18,1368,1,0.016556423163537264,1.5672161687579078,True,False,[8],[0.11408359864802996]
60,20,1238,1,0.014472840466416708,1.596388219250476,True,False,[12],[0.07079239561701917]
60,21,1060,1,0.013161432144350376,1.996210718067326,True,False,[8],[0.11223274478347643]
60,22,1320,1,0.012690934113409982,1.568996167052541,True,False,[7],[0.12527460811031504]
60,23,1047,1,0.012243049501106856,1.4166926821464039,True,False,[8],[0.08485093553275899]
61,0,1399,1,0.012480952055173517,1.6390231170382648,True,False,[8],[0.12510542095224192]
61,1,271,1,0.012049133200141749,1.698454908284755,True,False,[8],[0.12311964270099673]
61,3,1347,1,0.011203111704726565,2.209758680869934,True,False,[7],[0.13318647895984012]
61,5,19,2,0.009234258227010425,1.4727621784931162,True,False,"[8, 15]","[0.12946769328018537, 0.1012791897831186]"
61,6,129,2,0.010839538241013684,2.0906300893647702,True,False,"[8, 15]","[0.15135946009399456, 0.1575586233810254]"
61,7,1127,2,0.009989494657575943,1.5162574044247743,True,False,"[8, 12]","[0.08023441170613228, 0.0675208595538376]"
61,9,17,3,0.007500052604325131,1.4541274182585022,True,False,"[8, 15, 16]","[0.12933343566309116, 0.12313188341014915, 0.11258241800443228]"
61,11,0,1,0.013279574956707667,1.5061453245155996,True,False,[7],[0.10490575666195744]
61,12,222,1,0.012144522943481525,1.601047250825047,True,False,[8],[0.09709073654100592]
61,15,16,1,0.013799723156650928,1.696782169066978,True,False,[7],[0.14324016717717755]
61,17,934,1,0.013585879536587598,1.9157058673537466,True,False,[12],[0.08588197950352079]
61,18,1368,2,0.011030646157352074,1.5737703850002476,True,False,"[7, 8]","[0.11450413524068732, 0.1284445956374267]"
61,19,872,1,0.014516001638805027,1.6254142755512395,True,False,[5],[0.13064192637985433]
61,20,1238,1,0.012869658655318583,1.6313429564409443,True,False,[5],[0.12484465736818713]
61,21,1060,1,0.014045490369257198,2.001269190269602,True,False,[11],[0.05757011005567534]
61,23,1047,2,0.009097925211146687,1.4298167899154355,True,False,"[8, 16]","[0.08241903946821158, 0.05412464515043221]"
62,2,887,1,0.0138260814751258,1.912068801943634,True,False,[7],[0.11082610175574086]
62,3,1347,1,0.013335009427640793,2.239425742853023,True,False,[5],[0.12575654813986806]
62,4,1301,1,0.011629413836015652,2.3086688561946755,True,False,[7],[0.11595036768276562]
62,5,19,1,0.012110006095239404,1.4880943371482624,True,False,[15],[0.1052076031513875]
62,7,1127,2,0.011044074100859736,1.5135164052987904,True,False,"[7, 12]","[0.1328317545057227, 0.09281909653198452]"
62,9,1477,2,0.015659173446529392,1.997448285393204,True,False,"[7, 8]","[0.13694122684208063, 0.11898391929222037]"
62,10,17,1,0.01325554970723562,1.4602311835433686,True,False,[15],[0.05275151013658999]
62,11,982,1,0.015987532658430493,2.8749017370624528,True,False,[9],[0.06179426232228453]
62,13,222,1,0.011822571421760042,1.6194488272337992,True,False,[8],[0.10907732312646543]
62,15,7,1,0.014053020371100709,1.6039617664739187,True,False,[7],[0.1337605387276635]
62,16,16,1,0.01377112558364999,1.722293819364711,True,False,[5],[0.0866870724264355]
62,17,594,1,0.010754125010079947,1.4820533889721148,True,False,[8],[0.10629392171766984]
62,18,934,1,0.011116702332445109,1.9595916334195076,True,False,[7],[0.11272502601839424]
62,19,1368,3,0.012603242666082834,1.5886834272457562,True,False,"[7, 8, 16]","[0.1365718274671032, 0.13583984411220967, 0.11513203315624944]"
62,20,872,1,0.013022707767678688,1.6593820826269048,True,False,[5],[0.12568325003895492]
62,21,1060,2,0.008442625369749471,2.0149986086264517,True,False,"[7, 11]","[0.11226242217249066, 0.07584233108345385]"
62,23,1047,1,0.011845126184826176,1.44864888606991,True,False,[8],[0.07734777560852138]
63,0,1399,2,0.012196566245618318,1.6529176114435082,True,False,"[8, 12]","[0.12067581044792727, 0.08228183277221207]"
63,1,271,1,0.013351063086424479,1.7066739542748668,True,False,[5],[0.07798971198436133]
63,2,887,1,0.013889086888894326,1.9283473285737147,True,False,[15],[0.1228834901866477]
63,3,1347,1,0.010727569966789651,2.252682039676564,True,False,[7],[0.11945237642215271]
63,4,1301,1,0.011872233788672684,2.3075781400439506,True,False,[7],[0.115933559120004]
63,6,129,2,0.008810761900149613,2.1155982260799524,True,False,"[7, 8]","[0.11575190034580078, 0.13959636310253684]"
63,7,1127,1,0.013514796042563662,1.5377285889110133,True,False,[5],[0.068860919431542]
63,9,1477,2,0.00901131183437718,2.0183840947443246,True,False,"[7, 8]","[0.13318692107307833, 0.11633710706141916]"
63,10,17,2,0.010151037530587777,1.4648685057483077,True,False,"[7, 15]","[0.09928754739776402, 0.06245212297199865]"
63,13,222,2,0.009809457231323683,1.627165063290152,True,False,"[8, 15]","[0.11463499417011767, 0.10316226823095924]"
63,15,7,1,0.013365143217467986,1.624118647466459,True,False,[8],[0.11765983684694048]
63,16,16,1,0.014752285764950296,1.7394805201793067,True,False,[5],[0.10757449266787847]
63,18,934,1,0.012387516779681102,1.9739078540234036,True,False,[12],[0.08110802833798932]
63,19,1368,2,0.015559511257403368,1.5803538752712174,True,False,"[8, 16]","[0.16203527602076329, 0.14210966848717446]"
63,20,872,1,0.014132454208224909,1.6437279209533462,True,False,[8],[0.13625962618546972]
63,21,1060,1,0.013252151063546116,2.0162224405742775,True,False,[11],[0.11411463073333195]
63,22,1320,2,0.009561414196741431,1.556511272477009,True,False,"[8, 16]","[0.08309621812676256, 0.13789220334688906]"
64,1,271,3,0.00744882421857399,1.7123552743449884,True,False,"[7, 8, 15]","[0.10946775139090342, 0.11938953962835913, 0.12497661678853325]"
64,3,1347,1,0.01089598104446643,2.2611941396754114,True,False,[7],[0.12232945644630905]
64,5,19,1,0.012229413321710828,1.504270742148391,True,False,[15],[0.10469456233566414]
64,7,1127,1,0.014471919413078104,1.5323454385635302,True,False,[12],[0.11038642477803169]
64,8,588,1,0.012648895178693572,1.5337341602640215,True,False,[12],[0.10508806593869657]
64,9,1477,1,0.011851369329593051,2.064894101237538,True,False,[7],[0.12595032207984744]
64,10,17,1,0.012442940842495285,1.4800450835761236,True,False,[7],[0.11419239658955603]
64,11,982,1,0.01656707530170606,2.829420714384045,True,False,[9],[0.11745417611584061]
64,12,0,1,0.014299756946050894,1.5226952952431854,True,False,[7],[0.11305454555412542]
64,13,222,1,0.014026341753343946,1.6303625248368054,True,False,[12],[0.034394554236335]
64,14,1075,1,0.012391623622969578,1.9768278455174901,True,False,[5],[0.12426647575077422]
64,15,7,1,0.013837171480135302,1.6466885664100899,True,False,[8],[0.11261654227049603]
64,17,594,1,0.012535928086601478,1.5027390266027918,True,False,[5],[0.11001325689814778]
64,19,1368,1,0.016029591017318108,1.5687951817434642,True,False,[16],[0.1267773925916369]
64,20,872,1,0.01129791605779976,1.681977318619846,True,False,[7],[0.10960605600507699]
64,21,1060,2,0.008597912435030611,2.0443064672126696,True,False,"[7, 8]","[0.11003208968763627, 0.11157350292307233]"
64,23,1047,1,0.011275897914899885,1.4767635083160993,True,False,[8],[0.08339235480778852]
65,0,1399,1,0.01333202504890773,1.6837733230506906,True,False,[5],[0.1448554993347127]
65,1,271,1,0.01262195122931185,1.7190040084648857,True,False,[15],[0.12044248155007858]
65,2,887,1,0.01353031424163921,1.947113391976458,True,False,[15],[0.12047262606983468]
65,3,1347,1,0.013201729738325948,2.2924477700271697,True,False,[5],[0.12787682921315616]
65,4,1301,1,0.012462609768512116,2.3515385613008633,True,False,[8],[0.10044069190282849]
65,5,19,2,0.009105936856293304,1.5148309764762922,True,False,"[7, 15]","[0.08895815767247892, 0.1001402825747044]"
65,9,1477,1,0.013550671221240752,2.0654821513013153,True,False,[15],[0.13751878376617346]
65,11,982,1,0.011879725454494124,2.880592358669537,True,False,[7],[0.11129299130554146]
65,13,222,2,0.009253734671360961,1.6387188384415634,True,False,"[7, 8]","[0.11037150964728926, 0.11047107704996621]"
65,14,1075,1,0.012046643539475254,2.0122565875810534,True,False,[7],[0.13050545735883062]
65,16,16,1,0.014895929953338046,1.7589845011679535,True,False,[5],[0.09791428959947449]
65,17,594,1,0.010452429979502065,1.5345458938608478,True,False,[8],[0.09745118114871433]
65,19,1368,1,0.016217644999676116,1.5877107706800624,True,False,[5],[0.1488651534984626]
65,20,872,1,0.013219318500752239,1.6727452915594783,True,False,[8],[0.1267150127927301]
65,22,1320,1,0.01267984795803332,1.5610360464649506,True,False,[12],[0.07140809826819544]
65,23,1047,1,0.01332882537938905,1.4728180571963143,True,False,[17],[0.033580337336261035]
66,0,1399,2,0.01054292261941689,1.7070025275904426,True,False,"[7, 8]","[0.12563419978240553, 0.13277945652426007]"
66,1,271,1,0.012758110981747822,1.7384558253983073,True,False,[5],[0.08130838944477052]
66,3,1347,1,0.01284674477210546,2.29458025394364,True,False,[15],[0.13036908525095608]
66,4,1301,1,0.011094561725828483,2.4045645843054295,True,False,[8],[0.09667170727677653]
66,5,19,1,0.012897839328568066,1.5107860754737565,True,False,[7],[0.09469729538109618]
66,6,129,2,0.009218192095276148,2.1372251915494456,True,False,"[7, 8]","[0.11532648644060114, 0.1349050442589503]"
66,7,1127,1,0.014029074809316651,1.530089447655324,True,False,[8],[0.09955314012895736]
66,8,588,1,0.011112866878212039,1.5399339895413406,True,False,[7],[0.12681955244876714]
66,9,1477,1,0.013066092253110192,2.088517889958485,True,False,[5],[0.1267782925476682]
66,10,17,1,0.01405657736509723,1.486653639451982,True,False,[5],[0.11928181072771518]
66,12,0,2,0.009585051239228265,1.5153361887602845,True,False,"[6, 16]","[0.038803689770555226, 0.094260218390565]"
66,13,222,1,0.013162311681167875,1.63865909948316,True,False,[15],[0.11631016827193595]
66,14,1075,1,0.01146720094616074,2.0575668119412267,True,False,[5],[0.12189538229112067]
66,15,7,1,0.014162904240762084,1.6412223647236635,True,False,[7],[0.13238123339564872]
66,16,16,1,0.01480445700051478,1.7840323153178885,True,False,[5],[0.0800770103643266]
66,17,594,2,0.009406155347201422,1.555136883014284,True,False,"[8, 15]","[0.10666293994308697, 0.04858053833938945]"
66,18,934,1,0.01159588524217679,2.0134796635015246,True,False,[5],[0.1043628213184749]
66,20,1570,1,0.03178247898379921,1.5202672991050727,True,False,[5],[0.12531710836966617]
66,21,872,1,0.013993706952910016,1.6989881312676824,True,False,[5],[0.11270063663183272]
66,22,1060,2,0.008538033436521814,2.0473729195237906,True,False,"[7, 8]","[0.12753868926344944, 0.08778908517438118]"
66,23,1047,2,0.008360640474952155,1.4909775313637048,True,False,"[7, 8]","[0.11825990621838298, 0.08755732408758254]"
67,0,1399,1,0.012184353723448992,1.7391452947486985,True,False,[8],[0.1096411312812432]
67,3,1347,1,0.013320960524517764,2.316553565334167,True,False,[5],[0.13949121729726]
67,4,1301,1,0.010819875403278245,2.451809689252246,True,False,[8],[0.11993429673465295]
67,5,19,1,0.013815712439604833,1.514454139034776,True,False,[8],[0.13126404339583367]
67,6,129,2,0.010191224697122416,2.155382354780223,True,False,"[7, 8]","[0.12307852202489349, 0.1403672633450017]"
67,7,1127,1,0.013568807600649954,1.5315030851527263,True,False,[16],[0.053213696659811675]
67,8,588,1,0.011337656938023752,1.5463558057214264,True,False,[7],[0.12130836677375162]
67,9,1477,1,0.0134528307154364,2.112967992054082,True,False,[5],[0.1303090088668726]
67,10,17,3,0.00786592250223752,1.4981880794684355,True,False,"[7, 15, 16]","[0.11493812106925723, 0.06417697075027853, 0.0704386453771456]"
67,12,0,2,0.010459628437660818,1.5136651059399282,True,False,"[15, 16]","[0.11512463456694656, 0.100026535046069]"
67,13,222,2,0.01056692535566264,1.6442879978048273,True,False,"[8, 15]","[0.13030097810862545, 0.13053436165985383]"
67,14,1075,1,0.011430752833363061,2.1037189081783025,True,False,[5],[0.12784823572054044]
67,16,16,1,0.014557126236500637,1.7781086910394286,True,False,[16],[0.05225390754243251]
67,17,594,1,0.013854033875075888,1.5527209695645032,True,False,[16],[0.14203512930496778]
67,18,934,1,0.013137187238371482,2.028741008539597,True,False,[12],[0.0987214937475538]
67,19,1368,2,0.015729069273414394,1.5731371675587984,True,False,"[8, 16]","[0.16705390173481502, 0.14161113458717242]"
67,20,1570,2,0.008554473505944378,1.5334997637630838,True,False,"[7, 16]","[0.10558471392677816, 0.11637968663212267]"
67,22,1060,1,0.010909842248498476,2.0568249450788714,True,False,[8],[0.08172827576128709]
68,1,271,1,0.01237377404110051,1.7468660645948213,True,False,[15],[0.1581491994970586]
68,2,887,1,0.013162707699380789,1.9702375483193222,True,False,[7],[0.10206082253073323]
68,6,129,1,0.012414383405306855,2.1840663613099704,True,False,[5],[0.1302367917847473]
68,7,1127,2,0.00978171351551807,1.5379498771932967,True,False,"[7, 8]","[0.13229254007493263, 0.0838469065997382]"
68,9,1477,2,0.008925853297471427,2.140360445262168,True,False,"[7, 8]","[0.13102666245179825, 0.10856157585093962]"
68,10,17,1,0.013711992090193352,1.5047125542494812,True,False,[5],[0.11278699388055069]
68,11,982,2,0.011022311682763823,2.909011066897282,True,False,"[7, 12]","[0.1128985975882573, 0.11687299328573603]"
68,12,0,1,0.014887570921991451,1.5168530470669357,True,False,[5],[0.09064403529985111]
68,13,222,1,0.013550986849163001,1.6598050764495371,True,False,[8],[0.1110283764705112]
68,14,1075,1,0.010173972276912132,2.152247936350219,True,False,[5],[0.11590431492398207]
68,15,7,1,0.013626547764691271,1.6371669970211877,True,False,[7],[0.12334257263071126]
68,16,16,2,0.01003430131088242,1.7939138922313291,True,False,"[7, 12]","[0.12778988947517525, 0.07123978463380701]"
68,17,594,2,0.009135231692809371,1.567733587437011,True,False,"[8, 16]","[0.11650363803378531, 0.1559391141097669]"
68,18,934,1,0.011684843220285433,2.0687387751927844,True,False,[5],[0.09559120904873923]
68,19,1368,1,0.01310358437663387,1.5971200825021974,True,False,[7],[0.1342407749800666]
68,20,1570,1,0.012980553324284737,1.538516894677661,True,False,[16],[0.12402076592149486]
68,21,872,1,0.01470852209936317,1.707827800815438,True,False,[8],[0.12102720070467353]
68,22,1060,2,0.008024905289793396,2.076933452869396,True,False,"[7, 8]","[0.12078814725594897, 0.08857335399305684]"
68,23,1047,1,0.011743036149945556,1.4911721700780298,True,False,[7],[0.10444321151581482]
69,0,1399,1,0.012125152964810707,1.7691847889525045,True,False,[8],[0.11861359500777705]
69,2,887,1,0.012690594199828478,2.000316606202334,True,False,[7],[0.09537751012637412]
69,3,1347,1,0.010889473487356183,2.3538607649071666,True,False,[8],[0.12995727267885537]
69,6,129,1,0.012476361182559112,2.203186549087361,True,False,[8],[0.1384788803598433]
69,7,1127,1,0.01267921336218609,1.5693295016150288,True,False,[5],[0.0705534056734562]
69,8,588,1,0.012703149645949643,1.5706519369861185,True,False,[8],[0.09424146194595548]
69,9,1477,1,0.013465175629409439,2.1664358569512783,True,False,[5],[0.1303438414579777]
69,10,17,1,0.013599352576592384,1.5129613178572137,True,False,[5],[0.11778284066405957]
69,11,982,2,0.012177246399726746,2.8937078615161154,True,False,"[9, 16]","[0.14496024256352197, 0.10258276958960175]"
69,12,0,4,0.008832474953348143,1.5212138366789998,True,False,"[6, 7, 8, 16]","[0.07147022561686665, 0.08496217729370979, 0.1152481329926678, 0.11073582306690637]"
69,14,1075,1,0.010629906749125178,2.2031625638763224,True,False,[5],[0.10592841390225914]
69,16,16,1,0.013574167675934523,1.8283205045120872,True,False,[5],[0.07822064758413647]
69,17,594,1,0.014361973245339282,1.5685538802865777,True,False,[15],[0.0519971886229535]
69,18,934,1,0.011675246015512904,2.1066007517732057,True,False,[5],[0.0998266122962224]
69,19,1368,2,0.016800074825638903,1.5777225290337415,True,False,"[8, 16]","[0.19940606307764563, 0.17723519394943185]"
70,0,1399,3,0.009668532712799346,1.7904874058852143,True,False,"[7, 8, 12]","[0.12231093913978301, 0.12380673358350663, 0.10666722518154935]"
70,1,271,1,0.01202825459378983,1.7574305878928758,True,False,[15],[0.14695851754793768]
70,2,887,1,0.01340164722302732,2.0230978735567358,True,False,[5],[0.06683753073578781]
70,3,1347,1,0.010530573987690127,2.3822184656467162,True,False,[7],[0.11015890280784124]
70,4,1301,1,0.009737709805744342,2.5115112084953926,True,False,[8],[0.09744754200745528]
70,6,129,1,0.0122705608174536,2.2080727501020365,True,False,[7],[0.14456473339188178]
70,7,1127,1,0.013231382471074108,1.5712477920564631,True,False,[8],[0.08364772073991704]
70,8,588,1,0.013764228504089607,1.6017164828231445,True,False,[5],[0.0855019937846412]
70,9,1477,1,0.013383955886678272,2.1929689784603497,True,False,[5],[0.1457664486232859]
70,10,17,2,0.009599803963024197,1.5131700451169674,True,False,"[8, 15]","[0.09382327688207542, 0.055017142945487874]"
70,11,982,2,0.013935519278167724,2.8807737462379976,True,False,"[9, 16]","[0.1626142017239858, 0.1301768338243312]"
70,12,0,1,0.014226961376437865,1.521154251338316,True,False,[6],[0.062206426009837446]
70,15,7,1,0.013960026593101253,1.6615821667016974,True,False,[8],[0.119344170378037]
70,16,16,1,0.014527212847110102,1.8268118691943873,True,False,[12],[0.08007338987251568]
70,17,594,1,0.010423674655270734,1.5989683208422025,True,False,[8],[0.11125482700219604]
70,18,934,2,0.00959844068255863,2.1366103914791013,True,False,"[7, 12]","[0.10236056017530037, 0.09758990936463809]"
70,19,1368,1,0.017141925054128634,1.5593285850583511,True,False,[16],[0.1467959158760876]
70,20,1570,1,0.01346019261439047,1.5420030600805692,True,False,[16],[0.11583578606403483]
70,22,1060,2,0.008860282038616142,2.0830956177153483,True,False,"[7, 11]","[0.11348715773057956, 0.119491832491801]"
70,23,1047,1,0.011637085887617847,1.4933681102298164,True,False,[7],[0.10511944385375974]
71,0,1399,1,0.0134614227295801,1.820420278097877,True,False,[5],[0.15365745019023397]
71,1,271,1,0.0099551404650098,1.7908457073762785,True,False,[8],[0.1065328961127333]
71,2,887,1,0.012934715192077407,2.0476173158686377,True,False,[5],[0.08017420557763591]
71,4,1301,1,0.011953259789627033,2.5114178122271973,True,False,[15],[0.13644028830132673]
71,5,19,1,0.012888323236192212,1.5135349586812508,True,False,[7],[0.09559496356235964]
71,6,129,1,0.011791191206620347,2.217637769050853,True,False,[7],[0.12763271997103431]
71,7,1127,2,0.008781649181728562,1.5774208012461126,True,False,"[8, 16]","[0.08886357904891515, 0.05413923730619553]"
71,8,588,1,0.014133654687802508,1.6297091952658056,True,False,[5],[0.10297382318936919]
71,9,1477,1,0.010711452806989437,2.2467739500273805,True,False,[7],[0.11785356844184147]
71,10,17,2,0.008423980473672297,1.5198230741631864,True,False,"[8, 16]","[0.09883480546369126, 0.07000974581577067]"
71,11,982,1,0.0129862129152956,2.8735142169222385,True,False,[16],[0.12850486350287546]
71,12,0,1,0.014437650210064625,1.526287698361614,True,False,[5],[0.08768611409751959]
71,13,222,2,0.012469636547639084,1.6661884482489493,True,False,"[12, 16]","[0.05794416068986319, 0.04954289091204279]"
71,14,1075,2,0.009700503809578369,2.209821591101096,True,False,"[6, 7]","[0.05436945615844493, 0.12990840968498685]"
71,16,16,1,0.012128317513795584,1.8687491774285405,True,False,[5],[0.07416562020969346]
71,17,594,1,0.010600751989070718,1.6308961935872945,True,False,[8],[0.11120204948532522]
71,18,934,1,0.012879905883320069,2.1441678804657545,True,False,[12],[0.08413692677204691]
71,20,1570,3,0.00803616747355716,1.5463059901192653,True,False,"[8, 15, 16]","[0.11232459130319637, 0.1407345665423882, 0.10585825822074178]"
71,22,1060,1,0.009742888139502758,2.1160784581088765,True,False,[8],[0.08719453109200269]
71,23,1047,2,0.009115131471244816,1.507204725081938,True,False,"[8, 16]","[0.10748367776383938, 0.07248476206063158]"
72,0,1399,1,0.014525247469468061,1.816558808948428,True,False,[12],[0.11616311176662263]
72,5,19,1,0.01389344617899203,1.5119733944162412,True,False,[5],[0.06781753992264934]
72,6,129,1,0.012939034587821892,2.233737361842885,True,False,[8],[0.1401666972225262]
72,7,1127,1,0.013105957534175946,1.576607465603102,True,False,[8],[0.10585029796786828]
72,8,588,1,0.014133005346223049,1.656310212287472,True,False,[5],[0.10567618787003488]
72,10,17,2,0.010694332837206024,1.535567174014862,True,False,"[7, 15]","[0.11489189524850256, 0.06476811039461249]"
72,11,982,1,0.013574653727736955,2.9224430368838434,True,False,[5],[0.14834018999107595]
72,12,0,1,0.014219841973068971,1.5311536975646005,True,False,[5],[0.07872781143170252]
72,13,222,1,0.01273380172942905,1.665757778820785,True,False,[7],[0.10930165432419507]
72,14,1075,1,0.011898227398431237,2.2512380040877376,True,False,[7],[0.11571713420508561]
72,16,16,1,0.01232379372477131,1.9113875296486116,True,False,[5],[0.06836782907278421]
72,18,934,1,0.012635474186466619,2.1515899242778738,True,False,[12],[0.0797458526172535]
72,19,1368,1,0.015659367044606874,1.5609693984146598,True,False,[15],[0.09853596035219896]
72,20,1570,2,0.0086355260986267,1.5539780699423897,True,False,"[7, 16]","[0.10788079354268813, 0.10428389475545335]"
72,22,1060,1,0.013832203014826032,2.112898433298294,True,False,[15],[0.09595566765062635]
72,23,1047,1,0.011817509359846679,1.5337423251441824,True,False,[8],[0.11279041948224867]
73,0,1399,1,0.012516740943871804,1.8324810581105415,True,False,[7],[0.12213717366110707]
73,2,887,1,0.013649088658705497,2.0634956248965355,True,False,[5],[0.09192350075362038]
73,3,1347,1,0.01298791066034351,2.3950520637926913,True,False,[5],[0.14910044598094807]
73,4,1301,2,0.007576496233452397,2.542174182432465,True,False,"[7, 8]","[0.11363097647667816, 0.10385706602249997]"
73,5,19,1,0.011802304168114813,1.5430605391633283,True,False,[15],[0.09591861141904288]
73,7,1127,1,0.013682899224298085,1.573749463510483,True,False,[12],[0.11504558210310116]
73,8,588,1,0.011125595862470793,1.6642526548508014,True,False,[7],[0.1167145960372196]
73,9,1477,1,0.010919587809121676,2.2930759846585076,True,False,[7],[0.11771762263407208]
73,10,17,2,0.008876681430569678,1.549801725989801,True,False,"[7, 16]","[0.12372365371266565, 0.07047821145246862]"
73,11,982,1,0.014343390002938371,2.95919473849208,True,False,[5],[0.16565393463203062]
73,14,1075,1,0.011725736673264894,2.2905500584566196,True,False,[7],[0.12255789908573873]
73,16,16,1,0.011486821637056084,1.940431700715243,True,False,[7],[0.12449629356668859]
73,18,934,1,0.011251519117135945,2.1880666443366046,True,False,[5],[0.08990415828492741]
73,19,1368,2,0.009773185618530711,1.5693173423191058,True,False,"[7, 16]","[0.1515850271812266, 0.12338436739138668]"
73,20,1570,1,0.012879950371518838,1.5618904274353043,True,False,[16],[0.11378512444829576]
73,21,872,1,0.01490333520116155,1.7094397549688016,True,False,[16],[0.08852609757487168]
73,22,1060,1,0.009745529894815912,2.151787680213634,True,False,[8],[0.08476223156844286]
73,23,1047,1,0.012784383348049098,1.5581925769879321,True,False,[5],[0.12223128765675473]
74,0,1399,2,0.011102119580552763,1.8252754392552915,True,False,"[7, 12]","[0.142155121869595, 0.11513019505947603]"
74,1,271,2,0.00931437070656589,1.7814064175866409,True,False,"[7, 12]","[0.10467106739143539, 0.12263062854485805]"
74,2,887,1,0.011984085267129024,2.100232845982327,True,False,[7],[0.0855991239109483]
74,3,1347,1,0.012555604813266924,2.4256923046376317,True,False,[5],[0.13011602368738878]
74,5,19,1,0.011716265204515157,1.5425559544233414,True,False,[7],[0.09688254934720282]
74,6,129,1,0.011954913822376038,2.2648890006338527,True,False,[5],[0.1388761268033771]
74,7,1127,2,0.009517668737296352,1.5772096997489322,True,False,"[8, 16]","[0.11322303009340735, 0.07541024624588359]"
74,10,17,2,0.009098364208129877,1.5548741344019597,True,False,"[8, 16]","[0.09314901382195781, 0.076107290474466]"
74,12,0,1,0.01182993849824288,1.5614056535041037,True,False,[7],[0.08528887833847085]
74,13,222,1,0.011840097882213553,1.691914997086637,True,False,[8],[0.09440820565666977]
74,14,1075,1,0.013354311275094694,2.2862053325698266,True,False,[15],[0.11123543680413805]
74,16,16,1,0.014507590965827929,1.9377160523671901,True,False,[12],[0.09569378533779767]
74,17,594,2,0.007851388647087851,1.6519570330774669,True,False,"[7, 8]","[0.12330551210694539, 0.1068601422293541]"
74,18,934,1,0.012006946831492261,2.223497190656122,True,False,[5],[0.09209609730204642]
74,19,1368,1,0.012945258304128203,1.5843396178546219,True,False,[7],[0.1432756771900318]
74,20,1570,1,0.012067456832712762,1.5727573824901426,True,False,[8],[0.1010757591288629]
74,21,872,1,0.014217398846334963,1.7340885535719064,True,False,[5],[0.11277221742015835]
74,22,1060,1,0.010284841919887733,2.1913939261886113,True,False,[8],[0.10866032336467508]
74,23,1047,1,0.011940643087080935,1.5851286460009943,True,False,[8],[0.12708179905416256]
75,0,1399,1,0.012565626040894713,1.8620198877395224,True,False,[8],[0.12397855177690807]
75,1,271,1,0.01017931223837742,1.818191688454897,True,False,[8],[0.10262712529812547]
75,3,1347,1,0.013582555328604745,2.4178850067398976,True,False,[11],[0.05129371489345042]
75,4,1301,2,0.008072447891981664,2.5749534948415524,True,False,"[7, 8]","[0.11549605580926911, 0.09883808453806259]"
75,6,129,1,0.012453649781775317,2.2769388436066222,True,False,[8],[0.12998156983203893]
75,7,1127,2,0.008937192459214998,1.5754667967372524,True,False,"[8, 12]","[0.10903587201620689, 0.11142851750407659]"
75,8,588,1,0.012560466835841827,1.6688821998210197,True,False,[7],[0.12752164868896695]
75,9,1477,1,0.01103046378266817,2.2949812877683646,True,False,[8],[0.11400656492233135]
75,10,17,2,0.008821717318570952,1.566618944071818,True,False,"[8, 16]","[0.09056350728757738, 0.06932010118770966]"
75,11,982,2,0.009601462098326474,2.978448532881645,True,False,"[7, 16]","[0.1428722203360746, 0.11936607981883793]"
75,12,0,1,0.012546123635651595,1.5535336192784501,True,False,[8],[0.12399695649953164]
75,14,1075,1,0.014085273024515699,2.249405346223408,True,False,[6],[0.08067693837856321]
75,15,7,1,0.013369333192657068,1.690200748260605,True,False,[8],[0.10675989741564937]
75,16,16,1,0.013733516200108702,1.9373653800789652,True,False,[12],[0.10302574371940489]
75,17,594,1,0.010207716587050133,1.688598851466303,True,False,[8],[0.10522433696397254]
75,18,934,1,0.012410475663761338,2.2328205792683136,True,False,[12],[0.0781224020905105]
75,19,1368,2,0.011117244168868883,1.582492556226464,True,False,"[8, 15]","[0.17008802946782658, 0.14171363288419356]"
75,20,1570,1,0.012203866874342688,1.5855181109790661,True,False,[16],[0.10548260069713421]
75,22,1060,1,0.010432512057280859,2.2313505956128665,True,False,[8],[0.10831706542315951]
75,23,1047,1,0.011651556016453303,1.6146972347684638,True,False,[8],[0.13106686728486414]
76,1,271,2,0.009611899305035932,1.8313851843629596,True,False,"[7, 8]","[0.12281272287122924, 0.11365018947788123]"
76,2,887,1,0.014106428927781774,2.110595839542588,True,False,[5],[0.09549509891446704]
76,3,1347,1,0.010017101334127526,2.4513668346772954,True,False,[7],[0.10037577230344992]
76,4,1301,1,0.011255028060547595,2.5910822522112404,True,False,[5],[0.1207375677453007]
76,5,19,1,0.011643624602187172,1.5426639840610121,True,False,[7],[0.09486252928610708]
76,6,129,1,0.011109533362904427,2.305884707016102,True,False,[8],[0.09742368834073434]
76,7,1127,2,0.009538062985910771,1.5760862457669231,True,False,"[7, 12]","[0.1382153113222968, 0.11609531179788846]"
76,8,588,1,0.013492304067172394,1.7014975754678126,True,False,[5],[0.10428309013655573]
76,11,982,1,0.01488832521239741,3.0164135415210196,True,False,[7],[0.15111495225679925]
76,13,222,1,0.012263371606948318,1.7192500576351808,True,False,[8],[0.08988349290474798]
76,15,7,1,0.012500163748508058,1.6884676891369599,True,False,[7],[0.11946266109405627]
76,16,16,1,0.01154474288362069,1.967335669648813,True,False,[7],[0.12582415039125874]
76,17,594,2,0.010342313603843509,1.6890946120082388,True,False,"[7, 15]","[0.11992136424900685, 0.08397317911478523]"
76,18,934,1,0.011225936670724693,2.2407984237583696,True,False,[12],[0.07411184488820569]
76,19,1368,1,0.01662575338313464,1.5803413355027316,True,False,[8],[0.1979643224291675]
76,20,1570,2,0.008316011984263736,1.5885832852900161,True,False,"[7, 8]","[0.11572492985583369, 0.09701779095842507]"
76,21,872,1,0.013453236480590342,1.7668203501661544,True,False,[5],[0.11267207673177004]
76,22,1060,1,0.012104511171105845,2.231345480523447,True,False,[7],[0.12060253817104528]
76,23,1047,1,0.013012446283442843,1.6116756605720408,True,False,[17],[0.049601248824101746]
77,0,1399,1,0.015568333042424684,1.840852232870244,True,False,[12],[0.1182007557368016]
77,1,271,1,0.012836702400299901,1.8508388775372664,True,False,[5],[0.09427270300785477]
77,3,1347,1,0.012362714086394822,2.455326853403054,True,False,[15],[0.14337177505855692]
77,7,1127,1,0.012103847309085926,1.573043758667418,True,False,[8],[0.13243220299966665]
77,8,588,1,0.012132855660606666,1.7113306306322325,True,False,[7],[0.15351453115304314]
77,9,1477,1,0.011432571632210236,2.3404297424737956,True,False,[7],[0.11279828560601134]
77,10,17,2,0.008519307737265558,1.5748355217953842,True,False,"[7, 8]","[0.12664749173033912, 0.095877627951161]"
77,11,982,3,0.007853086639635954,3.0116910186198433,True,False,"[8, 9, 16]","[0.1272932912808829, 0.15941407737498117, 0.12001472963708662]"
77,12,0,3,0.007179307362821672,1.564158582930886,True,False,"[6, 7, 15]","[0.05419599102098542, 0.08440961793893645, 0.10452485767585562]"
77,13,222,1,0.012353455988317984,1.7438516490697793,True,False,[8],[0.0905004195101701]
77,14,1075,1,0.010920569215802638,2.301623559690028,True,False,[5],[0.10174937874949935]
77,15,7,1,0.013487863943418738,1.7170688794656745,True,False,[8],[0.10353815586130047]
77,16,16,1,0.01165301281360721,1.9980536186292648,True,False,[7],[0.12534482167652153]
77,17,594,1,0.013514967169928647,1.693795263521892,True,False,[15],[0.06345155468129647]
77,18,934,1,0.012409686785662071,2.2755732451016932,True,False,[5],[0.09580448023682711]
77,19,1368,1,0.015795333552257408,1.5777743567869922,True,False,[16],[0.13240772651915123]
77,20,1570,1,0.01219689869222825,1.5896525600348266,True,False,[8],[0.10229062632150734]
77,21,872,1,0.009467670441834983,1.8068875990844244,True,False,[7],[0.10730746207078433]
77,22,1060,1,0.010940750435242187,2.231454549296586,True,False,[7],[0.11438310144533154]
78,0,1399,1,0.014889024424326422,1.82935149704088,True,False,[12],[0.13256309828332902]
78,3,1347,1,0.010917036484894267,2.4949900401081986,True,False,[7],[0.10831232989476743]
78,6,129,1,0.011623646600057021,2.3243825010109305,True,False,[8],[0.11112273694207409]
78,7,1127,1,0.01317715251334301,1.5706001760678774,True,False,[8],[0.13306378345715236]
78,9,1477,2,0.008201417519632877,2.3661279486307834,True,False,"[7, 8]","[0.11198147065902114, 0.11469772373116402]"
78,11,982,1,0.014799579134861714,3.055911426253817,True,False,[7],[0.15038773895263033]
78,12,0,2,0.012124989638687038,1.5602838989240435,True,False,"[6, 8]","[0.06474195914213697, 0.13423055818826723]"
78,14,1075,1,0.01173550257340752,2.3527626276297546,True,False,[5],[0.10639637646152714]
78,17,594,2,0.007862534552443812,1.7114094235660464,True,False,"[8, 15]","[0.09936124577708808, 0.06859885229490265]"
78,18,934,1,0.009364139221384385,2.3314635701259903,True,False,[7],[0.09288086397380717]
78,19,1368,1,0.016802482797379847,1.576047595646932,True,False,[8],[0.230691318932204]
78,21,872,3,0.008516683823653238,1.8288026708587106,True,False,"[7, 8, 16]","[0.11181592388596184, 0.11142518942839104, 0.10836064278219125]"
78,22,1060,1,0.010327644992572101,2.2742302356331834,True,False,[8],[0.10735732484475781]
78,23,1047,1,0.012243783300516595,1.6115172419948156,True,False,[17],[0.06300480712613576]
79,0,1399,1,0.012368454215492267,1.8644501335819343,True,False,[8],[0.1251983249311883]
79,1,271,1,0.012506769272914723,1.8588077452138765,True,False,[15],[0.14142172576738388]
79,2,887,1,0.014326171830368401,2.1163710751162594,True,False,[5],[0.09978748826477887]
79,3,1347,1,0.009404824960366593,2.5350687324774706,True,False,[7],[0.110336082711649]
79,6,129,1,0.012580487320819926,2.3297163322391494,True,False,[15],[0.16820689652008255]
79,7,1127,2,0.008702643415150419,1.569654475109908,True,False,"[8, 12]","[0.11948031022040853, 0.11888741466922333]"
79,8,588,1,0.012508571478827906,1.725756677278184,True,False,[7],[0.1489132960118145]
79,10,17,3,0.00686327158838087,1.5846223477178893,True,False,"[7, 8, 16]","[0.11738111815299024, 0.09043528370505606, 0.0795348071792277]"
79,11,982,2,0.010984171053914568,3.030967692376058,True,False,"[9, 16]","[0.15799249357253226, 0.12558107728122378]"
79,12,0,1,0.013066088987765626,1.5614971682163423,True,False,[6],[0.05513388529011859]
79,14,1075,1,0.010517686747147053,2.396761490347611,True,False,[7],[0.11003333855202149]
79,16,16,1,0.012296859406458277,2.0264713764780464,True,False,[7],[0.12676728284716846]
79,17,594,3,0.0076637210546053325,1.7237166680589862,True,False,"[7, 8, 15]","[0.11683827345781558, 0.11427221905335246, 0.07324200891085979]"
79,18,934,1,0.012288242425702933,2.3705217613608442,True,False,[5],[0.0970940542533267]
79,19,1368,2,0.012716593603106466,1.5693373811670868,True,False,"[8, 16]","[0.2078807783153461, 0.13139739537474676]"
79,20,1570,1,0.012323710272809896,1.5926642199839496,True,False,[8],[0.09887687639913738]
79,22,1060,2,0.007640135443995674,2.296180199432649,True,False,"[8, 11]","[0.10955936965782859, 0.12380873453378083]"
79,23,1047,2,0.008073898940173406,1.6265682053266068,True,False,"[8, 17]","[0.11386341993570939, 0.0712654667832342]"
80,1,271,2,0.008954699301868463,1.8629257036837443,True,False,"[7, 15]","[0.13964875442551966, 0.1336546060241629]"
80,3,1347,1,0.010721194480534811,2.564639090135669,True,False,[8],[0.14451212555168297]
80,4,1301,1,0.010406081078370011,2.643057251300881,True,False,[8],[0.10645064844718298]
80,5,19,1,0.011265646591969568,1.5769390989450962,True,False,[15],[0.0925115060772007]
80,7,1127,1,0.013142130846563228,1.5694890127485188,True,False,[12],[0.11892858682600625]
80,8,588,1,0.013431271162826618,1.759269533815012,True,False,[5],[0.12173309147790827]
80,9,1477,2,0.008921773161063235,2.3959825956697216,True,False,"[7, 8]","[0.10819016003284514, 0.1167261584501404]"
80,10,17,3,0.007707836271760921,1.5980817348116927,True,False,"[7, 15, 16]","[0.11489157183216145, 0.07066551311526278, 0.07871965277262537]"
80,11,982,2,0.010209842437382554,3.0388374076767377,True,False,"[7, 9]","[0.12857748614080447, 0.16916067878732272]"
80,12,0,1,0.012670674609073989,1.5612280280333648,True,False,[6],[0.062180018524233535]
80,13,222,1,0.011283550577560085,1.7761481449650887,True,False,[8],[0.08090843163656396]
80,14,1075,1,0.010951053896713702,2.437379403291327,True,False,[7],[0.11011646027327218]
80,15,7,1,0.013430912995786118,1.7464135692634377,True,False,[8],[0.10333446253751956]
80,16,16,1,0.012869850715601542,2.023057429879904,True,False,[16],[0.07224577836689623]
80,17,594,1,0.011665660071573733,1.722478472630287,True,False,[15],[0.0898194240225584]
80,18,934,1,0.008752980820718887,2.4246173063664593,True,False,[7],[0.08869596426023132]
80,19,1368,2,0.010274179685328285,1.5675466091266685,True,False,"[7, 16]","[0.15860451210826237, 0.11738120871391025]"
80,20,1570,1,0.012399513091721166,1.6043922012916543,True,False,[16],[0.10785639245617779]
80,23,1047,3,0.007086326688321059,1.6398353738576328,True,False,"[7, 8, 17]","[0.11227119216569643, 0.11200276427739922, 0.07221091300029277]"
81,0,1399,1,0.01143629739882472,1.8889211905889687,True,False,[8],[0.11722701024402143]
81,1,271,1,0.010505306651802979,1.8900340325809488,True,False,[8],[0.10951828615618932]
81,2,887,1,0.011571523744493514,2.1548514202913855,True,False,[7],[0.08621005310798122]
81,3,1347,1,0.00947402784302895,2.6141593429317105,True,False,[7],[0.10806547601241322]
81,4,1301,1,0.011025888423658444,2.6982737621411306,True,False,[8],[0.10059472235877626]
81,6,129,1,0.01263970844459767,2.33392179256343,True,False,[8],[0.12294933027347689]
81,7,1127,1,0.011891872296314934,1.56990637008963,True,False,[8],[0.13483679476415225]
81,8,588,1,0.013169433140877753,1.794635731685483,True,False,[5],[0.12589965124644517]
81,9,1477,2,0.009989775498191765,2.3933299120947935,True,False,"[6, 15]","[0.08981003871527571, 0.14085014525671402]"
81,10,17,2,0.010248314396720828,1.6147134665686464,True,False,"[7, 15]","[0.1183042614930726, 0.07909465037377902]"
81,11,982,2,0.008796630405930983,3.0708045601733645,True,False,"[7, 16]","[0.14030870806695872, 0.13062533729776876]"
81,12,0,3,0.00736401540458316,1.5677712505610932,True,False,"[6, 7, 15]","[0.06878964821377323, 0.09185666049941434, 0.11197347396696108]"
81,13,222,1,0.010994785096444581,1.8082191777181527,True,False,[8],[0.07793033979293196]
81,14,1075,1,0.010829947952276289,2.4910314822496185,True,False,[5],[0.09880558118340604]
81,15,7,1,0.014322074797581314,1.7526032666306843,True,False,[5],[0.09608949084734024]
81,16,16,1,0.012099144125070217,2.0668613247917453,True,False,[5],[0.06896340339377134]
81,17,1926,1,0.039312284611709776,2.5058879227380215,True,False,[7],[0.12369282246256744]
81,18,594,2,0.008388274983934544,1.7478670925668036,True,False,"[8, 15]","[0.12249907146032124, 0.07261815077842282]"
81,19,934,1,0.010481769784375776,2.4587655596772926,True,False,[7],[0.14683246888263482]
81,20,1368,1,0.014296148385978482,1.5837448780417451,True,False,[7],[0.13582549519130635]
81,21,1570,2,0.009952693397156303,1.6021690533011332,True,False,"[7, 8]","[0.11300184137000564, 0.10661159405973461]"
81,22,1060,2,0.007733366530117564,2.3200437319643092,True,False,"[7, 8]","[0.10691818984754364, 0.10810548421820586]"
81,23,1047,1,0.014512501380570602,1.6227893966312983,True,False,[12],[0.10752066746185744]
82,0,1399,1,0.014284975871338373,1.8819896034965675,True,False,[12],[0.12212680274879151]
82,1,271,1,0.012531524401368989,1.887818873761333,True,False,[7],[0.14525267558238783]
82,3,1347,1,0.01239894914921385,2.6166150454937425,True,False,[15],[0.15950831871746907]
82,5,19,1,0.01198924967593041,1.5763973074899187,True,False,[7],[0.09653089252197457]
82,6,129,2,0.009306343926868514,2.3429775268696544,True,False,"[7, 8]","[0.1326850791286089, 0.13617291775628387]"
82,7,1127,4,0.006423467909632562,1.5767656486007207,True,False,"[7, 8, 12, 16]","[0.13646222855978174, 0.11779630017565401, 0.12831808999410635, 0.06687272030692194]"
82,8,588,1,0.012162542143595714,1.7946239597036122,True,False,[12],[0.11438736065895393]
82,9,1477,1,0.012966459801101846,2.3980363047618924,True,False,[8],[0.12841705730654346]
82,10,17,1,0.011719449438891649,1.6187313699806563,True,False,[8],[0.09355948673304346]
82,11,982,1,0.010939345758272124,3.086009846594005,True,False,[8],[0.13716947813252836]
82,12,0,1,0.012326642505711787,1.5737361392378881,True,False,[6],[0.07836367779872788]
82,14,1075,1,0.011695589188925342,2.5411061266695527,True,False,[5],[0.10811077948502883]
82,15,7,1,0.012185888135466363,1.7543692420475427,True,False,[7],[0.11375368244007009]
82,16,16,1,0.012556788457368295,2.1094882533355324,True,False,[5],[0.09198398530611966]
82,17,1926,1,0.010771299077920255,2.5109410381955244,True,False,[7],[0.12001043474770119]
82,18,594,1,0.013226867197288545,1.7472739363174228,True,False,[16],[0.129696153500091]
82,19,934,1,0.010532335546240702,2.4933991223980647,True,False,[7],[0.14236256496449673]
82,20,1368,1,0.016163760434677845,1.581040261713144,True,False,[8],[0.1038796962696014]
82,23,1047,1,0.011824005440212575,1.623624566044879,True,False,[17],[0.10018398672333194]
83,0,1399,2,0.009219530094651828,1.8921173121004813,True,False,"[8, 12]","[0.10662179778599176, 0.11423789389934642]"
83,1,271,1,0.010695931421557978,1.9157529581777697,True,False,[8],[0.10796620429071697]
83,3,1347,1,0.010073252399930979,2.670689704963885,True,False,[7],[0.11109341932278108]
83,4,1301,1,0.011744171938288566,2.7472706574196217,True,False,[8],[0.09653386446500968]
83,7,1127,1,0.012300969087283682,1.5784717192589774,True,False,[12],[0.12436923826077548]
83,8,588,1,0.011261540511263277,1.810584703758619,True,False,[7],[0.15840888578760398]
83,9,1477,1,0.01290393316777813,2.4037676747244587,True,False,[15],[0.15264209950528806]
83,10,17,3,0.007302572393254943,1.6291063246542803,True,False,"[8, 15, 16]","[0.08860172503215832, 0.07363084353692763, 0.08016521146639943]"
83,11,982,1,0.010785493542166808,3.0862949227734173,True,False,[16],[0.1433272871380952]
83,12,0,1,0.011716861694872934,1.5853108941694654,True,False,[6],[0.07550232588447428]
83,13,222,1,0.01054359513093074,1.8420225182787187,True,False,[8],[0.0806142503848301]
83,14,1075,1,0.011420085339718859,2.5782791114649872,True,False,[7],[0.11645452668340571]
83,15,7,1,0.014123807310205605,1.7629720400775668,True,False,[5],[0.09851419310173426]
83,16,16,1,0.011171940656831225,2.146228299850394,True,False,[7],[0.1196665735702727]
83,20,1368,1,0.015881050351029734,1.591480449299664,True,False,[7],[0.15861313662714208]
83,21,1570,1,0.012270936327588041,1.600808741780235,True,False,[8],[0.09022168544045452]
83,23,1047,1,0.010366499860807715,1.6599207475968587,True,False,[8],[0.09936011105454114]
84,0,1399,1,0.011503386410173662,1.9064937598006457,True,False,[8],[0.10399515672916523]
84,1,271,1,0.010893492922337676,1.9451340146340639,True,False,[8],[0.10197257773309909]
84,3,1347,2,0.008428803135579102,2.7189020580566394,True,False,"[7, 8]","[0.1218152861279286, 0.14905081284849817]"
84,4,1301,1,0.010521475173685787,2.8065530046120886,True,False,[8],[0.08347313982364832]
84,5,19,1,0.012261420242884558,1.5777388399541707,True,False,[7],[0.09665044931537284]
84,6,129,1,0.011720110322829247,2.375337293716678,True,False,[5],[0.150922064683809]
84,7,1127,1,0.012219930266079988,1.6115208995500192,True,False,[5],[0.09460003191275587]
84,8,588,1,0.0119723940940435,1.8288971943581416,True,False,[8],[0.1100548079151023]
84,9,1477,1,0.013324712943606013,2.4022285812688926,True,False,[8],[0.12311631379121021]
84,10,17,1,0.010693853947497294,1.6486131934399224,True,False,[7],[0.11751124146758936]
84,11,982,1,0.01140099719914516,3.140202070001918,True,False,[7],[0.13473921648294165]
84,12,1998,1,0.034589516159745495,2.4869762553377046,True,False,[7],[0.08044377404297916]
84,14,1926,1,0.011297794691856778,2.5051289949264866,True,False,[7],[0.11703673106202717]
84,16,934,1,0.01113038367726746,2.4950033123899527,True,False,[12],[0.09516755899805075]
84,17,1368,2,0.010407416357242696,1.5949140297870854,True,False,"[8, 16]","[0.12508320038129908, 0.15300173482818213]"
84,18,0,2,0.011461722513957327,1.6015381008070682,True,False,"[6, 7]","[0.04138629150542847, 0.11334820164934149]"
84,21,7,1,0.011010615945562614,1.795495423562728,True,False,[8],[0.08698235401455741]
84,23,1047,1,0.010493239775232373,1.6972948835293704,True,False,[8],[0.09151373580055314]
85,0,1399,1,0.00999505702898427,1.9272982887132672,True,False,[8],[0.09125423678695664]
85,1,271,1,0.01079751854890286,1.9742484495876027,True,False,[8],[0.09580807201430523]
85,2,887,1,0.014055446738241797,2.166751647382305,True,False,[5],[0.10118643416414545]
85,3,2018,1,0.0910760567669894,2.5209613650636125,True,False,[7],[0.10922592713430347]
85,4,1347,1,0.009079418742999994,2.774066352028596,True,False,[7],[0.09728849731332044]
85,6,19,1,0.01181754833997644,1.5925563375128093,True,False,[7],[0.12095682870610198]
85,7,129,1,0.013295545458794661,2.378169450263665,True,False,[15],[0.09612866962126702]
85,10,1477,1,0.009121575251233596,2.448182285124624,True,False,[7],[0.12092156495734833]
85,11,17,2,0.008052975608471536,1.6631457319970429,True,False,"[7, 16]","[0.12573659637120507, 0.13691091363318725]"
85,12,982,2,0.011935571339456016,3.1028817914286417,True,False,"[9, 16]","[0.05541957016851521, 0.11853456328098211]"
85,13,1998,2,0.010697528186467648,2.51189513112368,True,False,"[8, 11]","[0.09828088326663953, 0.06911823974791853]"
85,14,16,1,0.011444158929211209,2.1930164695220986,True,False,[5],[0.12322930867797426]
85,15,1926,2,0.008096097621694182,2.520063760022171,True,False,"[7, 8]","[0.11136994868752094, 0.09797034986610315]"
85,16,594,2,0.010093230752440155,1.7517351076156054,True,False,"[15, 16]","[0.084149796622837, 0.1018386112847479]"
85,17,934,1,0.011782504155416812,2.509027082044524,True,False,[12],[0.07167338141090068]
85,18,1368,1,0.015517787783839651,1.618382430554741,True,False,[5],[0.12813604988709362]
85,19,0,2,0.009620592661193889,1.6061562809404721,True,False,"[6, 15]","[0.07239718045582047, 0.13433685203515155]"
85,20,1075,1,0.015555166182917704,2.5178920950486288,True,False,[6],[0.12605925125156475]
85,21,7,1,0.010438787501739967,1.832366853612901,True,False,[8],[0.08005944917734037]
85,22,2009,1,0.014784501401873673,2.4869450916796842,True,False,[5],[0.0889213694606478]
85,23,1047,1,0.011049533574817073,1.73414200860708,True,False,[8],[0.09153840305851149]
86,0,1399,1,0.010823733214828048,1.9531145192599673,True,False,[8],[0.09633733472742005]
86,2,887,1,0.013645911528576964,2.182697722677005,True,False,[5],[0.10391925243669209]
86,3,2018,1,0.00998739923984098,2.575233532922166,True,False,[7],[0.09992219130503951]
86,4,1347,1,0.008802806285855872,2.8304706649575637,True,False,[7],[0.09223178760169119]
86,8,1127,1,0.01121999643573867,1.6147745762928196,True,False,[12],[0.11297961268658017]
86,10,1477,1,0.008745585483540225,2.4994804248057214,True,False,[7],[0.11580557550592813]
86,12,982,3,0.009427675754786874,3.1036070846954886,True,False,"[7, 9, 16]","[0.08090686433271324, 0.0785692366633577, 0.1319090027985835]"
86,13,1998,2,0.009396540873884522,2.5238898156103877,True,False,"[8, 15]","[0.11510409560304963, 0.14900567311764076]"
86,14,16,1,0.010904772123802618,2.2315293316027653,True,False,[7],[0.11722220237068876]
86,16,594,1,0.011571901345453424,1.7650245905193573,True,False,[15],[0.09608702077909692]
86,17,934,1,0.010611469342926207,2.5605977219421696,True,False,[7],[0.13311369548117338]
86,18,1368,1,0.015336035369642214,1.6463085258153227,True,False,[5],[0.13397896398666145]
86,19,0,2,0.010369494635794941,1.6196546741642603,True,False,"[6, 15]","[0.07095769155730314, 0.13698848933515273]"
86,21,7,1,0.012314073707177594,1.8650278359723977,True,False,[8],[0.08533312110640391]
86,22,2009,1,0.013256490428495152,2.4373119932648026,True,False,[12],[0.09386201894197033]
86,23,1047,2,0.008070955965718335,1.7507099927077034,True,False,"[8, 17]","[0.08864140832567521, 0.10099243409547154]"
87,1,271,1,0.012393052066333727,1.9794106809109944,True,False,[15],[0.13650942876778188]
87,2,887,1,0.011850102182557238,2.1936538915935864,True,False,[8],[0.10477647097454632]
87,3,2018,1,0.012668997412870742,2.6018440074220295,True,False,[5],[0.11617571390228462]
87,5,1301,1,0.012416493835036279,2.8066639889428187,True,False,[7],[0.1065717787659069]
87,8,1127,1,0.011696114655351943,1.640634461601747,True,False,[5],[0.12844593088448697]
87,9,588,2,0.010676322522681797,1.828802639917974,True,False,"[8, 15]","[0.15000712932837, 0.17551254589463097]"
87,11,17,1,0.011315924396045523,1.6772205833350515,True,False,[16],[0.13914971957312794]
87,13,982,1,0.012979377370126225,3.158903851896201,True,False,[5],[0.10528521468621116]
87,15,16,1,0.013327749676568267,2.269179356690595,True,False,[5],[0.10116462459695041]
87,16,1926,1,0.011978337137858234,2.5199006622093,True,False,[7],[0.12434842701392378]
87,17,594,1,0.012097895496405777,1.7980493725547626,True,False,[8],[0.13022554896106125]
87,18,934,1,0.00874353615818544,2.611745402780622,True,False,[7],[0.11117797955053169]
87,20,0,2,0.010299153125411352,1.6273269461677835,True,False,"[7, 16]","[0.14619951486025365, 0.12418072171402028]"
87,21,1075,1,0.012865648471350034,2.520034053622816,True,False,[15],[0.1258603813241492]
87,22,2009,1,0.009926994411567408,2.4434396839319557,True,False,[7],[0.10755459934305218]
87,23,1047,2,0.007821529505537462,1.7738597608329119,True,False,"[7, 8]","[0.11603109345779422, 0.07558717603858715]"
88,3,2018,1,0.009453180406406077,2.6576893122919674,True,False,[7],[0.09744658541866447]
88,4,1347,2,0.009222694293144295,2.8167623465201643,True,False,"[7, 12]","[0.11714522130502532, 0.09513717487055899]"
88,5,1301,1,0.012095107810093441,2.814792400302469,True,False,[5],[0.09293796384833236]
88,6,19,1,0.014310523737706382,1.5926004344348197,True,False,[8],[0.13386126178285768]
88,9,271,2,0.009091624402460136,1.9968230802557572,True,False,"[7, 8]","[0.12092383710591269, 0.13595487320275634]"
88,10,588,1,0.010122228253950392,1.8494674464785081,True,False,[7],[0.12563638509976152]
88,12,17,1,0.012302281486052724,1.6760468337510892,True,False,[8],[0.12956175890346622]
88,14,982,1,0.015841300997365512,3.1106332667102654,True,False,[9],[0.052069781342525184]
88,15,2107,1,0.040319031728044505,1.6744369972057704,True,False,[7],[0.10471507833716635]
88,16,1998,1,0.013052265489098994,2.5232832817001865,True,False,[7],[0.1400873770820588]
88,17,16,1,0.010534380655109506,2.3140891585597068,True,False,[7],[0.11772575404621902]
88,21,1368,1,0.015461595880759564,1.679080824761207,True,False,[5],[0.12405224710177992]
88,22,0,1,0.013726951981228747,1.6443994892284926,True,False,[6],[0.03969576278738868]
89,0,1399,2,0.0088309330496542,1.9556924912022613,True,False,"[7, 12]","[0.1346930058121409, 0.11831295210598657]"
89,1,2088,1,0.03451893967418326,2.1227409979919734,True,False,[8],[0.09475954472777219]
89,4,1347,1,0.010158459801644268,2.842766685127868,True,False,[7],[0.124777411769154]
89,7,129,1,0.010886054824225192,2.3786145140106814,True,False,[7],[0.12722547228905762]
89,8,1127,2,0.009160002667441762,1.640772602527818,True,False,"[8, 12]","[0.12328543343801618, 0.11209598288894577]"
89,9,271,1,0.013032333946460152,2.008084086718716,True,False,[5],[0.14593496233295467]
89,13,2073,1,0.043883707396867415,1.9258147769779181,True,False,[8],[0.11621556431028744]
89,15,2107,1,0.011122787271711645,1.7017643524563875,True,False,[7],[0.14073540844359128]
89,16,1998,1,0.013487992442373111,2.530117611640909,True,False,[15],[0.10628741424426866]
89,17,16,2,0.008558342773995411,2.3351858111773125,True,False,"[7, 12]","[0.10815576502107271, 0.0831631426416485]"
89,19,594,3,0.007397145244443488,1.80209461845736,True,False,"[8, 15, 16]","[0.20077522890825877, 0.12266635398999749, 0.12775437582440022]"
89,20,934,1,0.011524095683195587,2.643589699560867,True,False,[7],[0.1364381509733569]
89,21,1368,1,0.01598062517773202,1.6780555456419441,True,False,[16],[0.12449044429991586]
89,22,0,1,0.01220376860718208,1.6691557364102172,True,False,[6],[0.03782345131752876]
90,0,1399,1,0.01144757532817658,1.9625640298920977,True,False,[12],[0.11740844782185264]
90,1,2088,1,0.011162861014987594,2.1638912440070945,True,False,[5],[0.0881109685282292]
90,2,887,1,0.011032667504355512,2.2338411341831583,True,False,[7],[0.07874113964661877]
90,4,1347,1,0.010805272795441963,2.9029591768249228,True,False,[5],[0.1347555348430259]
90,7,129,2,0.00750855200191494,2.40429334191602,True,False,"[7, 8]","[0.129960140537963, 0.11037218511236205]"
90,8,1127,1,0.011621101761811204,1.6481178932715812,True,False,[12],[0.11226263995120803]
90,10,588,1,0.013102577107010748,1.8773224531174302,True,False,[5],[0.1299019720544748]
90,11,1477,1,0.009350725796428072,2.5537701467276412,True,False,[7],[0.12823422284382122]
90,12,17,1,0.010618977875942463,1.677488066598312,True,False,[15],[0.10668380407123611]
90,13,2073,1,0.012887255054926418,1.9137905071621215,True,False,[8],[0.11287457862905148]
90,14,982,1,0.014760068050581825,3.1100802979017796,True,False,[16],[0.04411458799606459]
90,15,2107,1,0.015498540504456627,1.7234171857309422,True,False,[5],[0.1388198357766909]
90,16,1998,1,0.013463162249537848,2.5399112664198955,True,False,[15],[0.11756801019437359]
90,19,594,1,0.010353946715298401,1.8026798486756452,True,False,[15],[0.11896533138864246]
90,21,1368,1,0.01197559373895009,1.7044419733731275,True,False,[7],[0.11053373391556177]
90,22,0,1,0.012289587943533057,1.6972068417730488,True,False,[6],[0.05030993967397217]
90,23,2123,1,0.04343785570182055,2.519276261129248,True,False,[5],[0.12420813830049557]
91,1,2088,1,0.011000264051206875,2.1627652790606535,True,False,[12],[0.121038041828029]
91,4,1347,1,0.010540485132053414,2.9666637245144623,True,False,[5],[0.13770116087675413]
91,6,2180,2,0.02896794681283982,2.780910240749602,True,False,"[8, 12]","[0.14027076842937172, 0.0451293011109609]"
91,7,1127,3,0.00693629429919039,1.6608356118642589,True,False,"[8, 12, 16]","[0.10332325343034711, 0.11990919284934007, 0.07277865371119685]"
91,8,271,1,0.011123806886359477,2.0376838110657474,True,False,[8],[0.129885407655426]
91,9,588,2,0.009338748720629439,1.8839585792850573,True,False,"[7, 12]","[0.11274365520692713, 0.02977558750590325]"
91,10,1477,1,0.012766413272767403,2.5973787499791783,True,False,[5],[0.1363341986941978]
91,11,17,3,0.0068394312419995254,1.6894053411325531,True,False,"[7, 8, 16]","[0.12257238555260978, 0.13696567164170112, 0.13465034127860834]"
91,13,129,1,0.011981762156140005,2.425331585530647,True,False,[8],[0.11618824679872408]
91,14,2107,1,0.013008680119383257,1.7636023483583483,True,False,[5],[0.11970443943090676]
91,16,16,2,0.008911977760355528,2.3536522375611355,True,False,"[7, 16]","[0.12424639073172415, 0.1229853354802574]"
91,18,594,1,0.0114290872208918,1.842117505446021,True,False,[8],[0.11816153952323899]
91,19,934,1,0.01425787252249786,2.6630786564367033,True,False,[12],[0.06063775866390967]
91,20,1368,2,0.010463618466340382,1.7103325573637882,True,False,"[7, 8]","[0.1430475604520139, 0.11459095875234256]"
91,21,2073,1,0.013044931298553891,1.9160559832185577,True,False,[8],[0.09794230922325582]
91,22,982,1,0.010918035679048874,3.170450130632085,True,False,[5],[0.10361292472837443]
91,23,0,1,0.013354216782393468,1.7186012218200195,True,False,[5],[0.11916890759213498]
92,2,887,1,0.010332164508717346,2.2811352159070597,True,False,[7],[0.07736258214694584]
92,6,2180,1,0.011204160102445043,2.8250309521392776,True,False,[5],[0.1451329278356838]
92,7,1127,2,0.008425935296762322,1.667502321610542,True,False,"[8, 12]","[0.10843724669060606, 0.11756390214751722]"
92,8,271,1,0.015195151932237742,2.0063360537318067,True,False,[15],[0.04244364652364528]
92,9,588,1,0.013894272526985472,1.8896728580029465,True,False,[12],[0.060036167240747056]
92,10,1477,2,0.00747115293262615,2.6161765013336393,True,False,"[7, 8]","[0.12469121792913748, 0.09106969585104868]"
92,11,17,1,0.013007673621570954,1.7006353583857907,True,False,[5],[0.1672409640567699]
92,13,129,1,0.011455003707409662,2.4234967136506227,True,False,[7],[0.11212265619791408]
92,14,2107,1,0.013537661959629355,1.7780918411570568,True,False,[7],[0.1262831772579026]
92,15,1998,1,0.009597258796248554,2.5432085356902943,True,False,[7],[0.14795864651482468]
92,17,1926,1,0.01234424867123521,2.5211974643971846,True,False,[7],[0.11244735912344714]
92,19,934,1,0.014217826123633202,2.672347237792973,True,False,[12],[0.05219776548573626]
92,20,1368,3,0.008823283490411596,1.7062495124197194,True,False,"[8, 12, 16]","[0.10624049131917317, 0.09530436288553294, 0.12668979352804874]"
92,21,2073,1,0.012368977575183404,1.9563783383599347,True,False,[5],[0.1340677693375176]
92,22,982,1,0.010501782303099411,3.219709741117395,True,False,[7],[0.12363148842654152]
92,23,0,2,0.009468930474178872,1.7361540540087708,True,False,"[6, 15]","[0.04028946193290327, 0.046562642354593516]"
93,1,2088,2,0.00959477674767683,2.1675466642567773,True,False,"[7, 12]","[0.15258225182771853, 0.13197156617623357]"
93,3,2212,1,0.016811918883833397,3.092176475946263,True,False,[5],[0.12040043452814128]
93,5,2180,1,0.012533399558209,2.861563660934705,True,False,[5],[0.08873914343115133]
93,6,1127,1,0.013001615087794257,1.6732140362758303,True,False,[12],[0.060395967148449275]
93,7,271,1,0.009159738015145507,2.0502247328880676,True,False,[8],[0.11283660971398392]
93,8,588,1,0.011456492822254607,1.9343557269936478,True,False,[5],[0.12718360676249305]
93,10,1347,1,0.00893530323384939,2.9879920698037776,True,False,[8],[0.10361168347151581]
93,11,17,1,0.011081813519348347,1.7048415594092292,True,False,[15],[0.08692218597937011]
93,14,2107,2,0.01279689443179905,1.7674604890990668,True,False,"[8, 16]","[0.11598877956914205, 0.08549310716692268]"
93,15,1998,1,0.012149793184505068,2.5699023273350874,True,False,[8],[0.11052909154477861]
93,16,16,2,0.009185919317201448,2.37502916354863,True,False,"[7, 12]","[0.12520753440510338, 0.09383788196844627]"
93,18,594,1,0.012302821311650067,1.8394883461184066,True,False,[7],[0.11167379614297804]
93,19,934,2,0.009016366268861294,2.6944396673796547,True,False,"[7, 12]","[0.14549391427738043, 0.0601737139882616]"
93,20,1368,1,0.0156819811579144,1.7036100413159212,True,False,[8],[0.1273318141210093]
93,21,2073,1,0.012736823592051137,1.9583556375389408,True,False,[8],[0.096578159560376]
93,22,982,1,0.011258417895341244,3.2798232346939757,True,False,[5],[0.10711540521525124]
93,23,0,1,0.013500521969623532,1.7602210722206182,True,False,[15],[0.053741876205233734]
94,0,1399,1,0.012978933048664683,1.9656540356702672,True,False,[7],[0.13647657618069486]
94,2,887,1,0.009312936945535531,2.334494476473695,True,False,[7],[0.07137515293646618]
94,3,2212,1,0.009204353328510887,3.119817941198612,True,False,[8],[0.15610651811495566]
94,4,1301,1,0.010043843786108321,2.8769984315830213,True,False,[8],[0.08948674709117184]
94,5,2180,1,0.011387091247817529,2.903068449230817,True,False,[12],[0.030681622839521812]
94,6,1127,2,0.008990199644956037,1.6795468191809224,True,False,"[8, 12]","[0.13975928881125158, 0.09013308237160508]"
94,7,271,1,0.012321171076101315,2.0362683863058577,True,False,[7],[0.13231443260716153]
94,8,588,1,0.011787548535758844,1.9744311822877767,True,False,[5],[0.1428699638806209]
94,9,2018,1,0.011827684800129752,2.715027981148543,True,False,[5],[0.13601815353807675]
94,10,1347,1,0.008639131825630331,3.0423219380290725,True,False,[7],[0.10663507496457413]
94,14,129,1,0.010857767830449035,2.448985482473672,True,False,[5],[0.1244413931689652]
94,15,2107,1,0.01496583645210754,1.7675169018011658,True,False,[8],[0.13869453169355558]
94,16,1998,1,0.011962323888868824,2.585510160875573,True,False,[5],[0.09095146010646642]
94,17,16,1,0.011532650168687554,2.4277426536047972,True,False,[5],[0.10540967167910933]
94,18,1477,1,0.012999248297821587,2.6146574731676795,True,False,[8],[0.12056108415924444]
94,19,594,1,0.009880710812430775,1.8432159320352077,True,False,[15],[0.11324150667112778]
94,20,934,1,0.010269560805700335,2.7421360740239473,True,False,[7],[0.12585882677623467]
94,21,1368,2,0.012840006274911617,1.7172119810579765,True,False,"[7, 16]","[0.13530860533172293, 0.17040023622434972]"
94,22,2073,1,0.012450467791612733,1.9580588610501088,True,False,[8],[0.11917632038575464]
94,23,982,1,0.011743470368406745,3.293491282275996,True,False,[8],[0.1016166616170394]
95,0,1399,1,0.011762586139727556,1.9743387886653003,True,False,[7],[0.1359699870143935]
95,1,2088,1,0.011306838813671156,2.1666436369277364,True,False,[12],[0.11246594559817054]
95,4,1301,1,0.010157078327517898,2.9339743547419275,True,False,[8],[0.08628938412204856]
95,5,2180,1,0.013281786048629503,2.9393645069827623,True,False,[5],[0.08634426088663923]
95,6,1127,2,0.00993484569660819,1.6924957973017176,True,False,"[7, 16]","[0.13938236126131648, 0.09112047358733699]"
95,10,1347,1,0.008530159177486316,3.0965517505551725,True,False,[7],[0.1062575028151851]
95,11,2232,1,0.04327334124885285,2.0133158566659763,True,False,[7],[0.12570198945144673]
95,12,17,1,0.013512491930446015,1.7161180290594362,True,False,[5],[0.0882279431398916]
95,15,2107,1,0.014939794516103855,1.7676389077802686,True,False,[8],[0.16275485862186703]
95,16,1998,1,0.010464671906863489,2.6163252234226366,True,False,[5],[0.08001349833506508]
95,17,16,1,0.011832135922322906,2.479851362061416,True,False,[5],[0.10794520528080277]
95,19,594,1,0.011532445453648742,1.8680580104603823,True,False,[5],[0.13689640852145754]
95,20,934,1,0.0113694751132762,2.757404495129903,True,False,[12],[0.09446597112861159]
95,21,1368,1,0.015383868022249893,1.7470137754540733,True,False,[5],[0.15148515598709955]
95,22,2073,2,0.009171773945289105,1.967165488157898,True,False,"[8, 16]","[0.11046797583557083, 0.14569780423375892]"
95,23,982,2,0.009395954213648668,3.3231776359197207,True,False,"[7, 16]","[0.13856283083212176, 0.10334836975239262]"
96,0,1399,1,0.01207658221040662,2.002568503977343,True,False,[8],[0.10424376958006328]
96,1,2088,1,0.010224336996552515,2.201691129014024,True,False,[8],[0.09189614013298202]
96,3,2212,1,0.009406656705090324,3.1859429072022722,True,False,[7],[0.09283313570721693]
96,5,2180,1,0.01372420634554752,2.9712236532411365,True,False,[5],[0.08824354013097441]
96,6,1127,1,0.012793657546167528,1.6944711696146126,True,False,[12],[0.09892842163729054]
96,8,588,1,0.011846558545351453,1.9837402310573342,True,False,[8],[0.12552796161536467]
96,11,2232,1,0.010003427026628446,2.0414449169111544,True,False,[8],[0.14159677052047703]
96,12,17,3,0.006381246340015729,1.7207930333652373,True,False,"[7, 8, 15]","[0.08077651408035859, 0.1183677118501769, 0.1056929341984847]"
96,14,129,1,0.012129941278959173,2.482868412355549,True,False,[8],[0.11802183178327222]
96,15,2107,1,0.015387541635017104,1.7883045192254123,True,False,[5],[0.15341684847791637]
96,16,1998,1,0.013221635596402123,2.63233715592889,True,False,[15],[0.12519606012981593]
96,17,16,1,0.01219012196775232,2.5294215222589513,True,False,[5],[0.1016706821349796]
96,19,594,3,0.007267737257779443,1.8682957932717186,True,False,"[7, 8, 15]","[0.14520382926396716, 0.18650835628351536, 0.10773555394901675]"
96,21,1368,2,0.013662633341085879,1.7591592025275975,True,False,"[7, 16]","[0.14564088303737321, 0.1758831136394123]"
96,23,982,1,0.011236384090319162,3.3379327094061506,True,False,[8],[0.1176489343537382]
97,3,2212,1,0.00903017228602355,3.2053273588281987,True,False,[8],[0.15822933709040926]
97,4,1301,1,0.010371706263033569,2.9320268926849953,True,False,[7],[0.12381765721790419]
97,6,1127,1,0.012853528000162654,1.705823600209829,True,False,[12],[0.1192015904393473]
97,7,271,1,0.012873751594927704,2.039418783241194,True,False,[15],[0.09615060011834435]
97,8,588,1,0.011314229499756955,2.028151666116116,True,False,[5],[0.131807126764369]
97,9,2018,1,0.011689425869571392,2.7740424228148894,True,False,[5],[0.12967875643660418]
97,10,1347,2,0.011698562549068243,3.0655228653201547,True,False,"[11, 12]","[0.05813104194578498, 0.11775291239799078]"
97,11,2232,1,0.010525512101189387,2.057710921187721,True,False,[7],[0.12719543325650848]
97,12,17,2,0.008020486024437286,1.7262689286557094,True,False,"[8, 15]","[0.1260168369758304, 0.10002705727557484]"
97,15,2107,2,0.008916464856978036,1.806598959727989,True,False,"[7, 8]","[0.14719056458994723, 0.15809436898477586]"
97,16,1998,1,0.009260675141474394,2.6766802130327463,True,False,[8],[0.1085286613687986]
97,17,16,1,0.012523086923826589,2.577223871398142,True,False,[5],[0.10946959662426171]
97,18,1477,2,0.012259527577793711,2.6209233089878756,True,False,"[6, 7]","[0.07601491702783879, 0.1292817864297454]"
97,21,1368,2,0.014136013768801688,1.7691053134090855,True,False,"[7, 16]","[0.16024557011424706, 0.18640286676882395]"
97,22,2073,1,0.012530188856000405,1.9692441322615797,True,False,[8],[0.1080932689177178]
97,23,982,1,0.011497586271285299,3.4126444443534107,True,False,[5],[0.13669456699247773]
98,0,1399,1,0.012545156140764402,2.0392752542377637,True,False,[5],[0.15022271738790105]
98,1,2088,1,0.011502279782162847,2.209904731322901,True,False,[7],[0.1444805793016445]
98,4,1301,1,0.010614710261161425,2.974332261117402,True,False,[8],[0.09159353897043919]
98,5,2180,1,0.013647818245499387,2.972407004982328,True,False,[12],[0.048413153112231246]
98,6,1127,1,0.011780967254115338,1.7107266017856049,True,False,[8],[0.1482859163036743]
98,7,271,1,0.011119659314720837,2.072596075263673,True,False,[5],[0.0957657494158294]
98,8,588,2,0.009118100221072284,2.033473654160999,True,False,"[8, 12]","[0.1279723230262543, 0.12369483518921703]"
98,10,1347,1,0.009219423953224514,3.0839479805495427,True,False,[8],[0.130012153508053]
98,12,17,2,0.007505001920082981,1.7367691512396333,True,False,"[15, 16]","[0.10042025546167031, 0.13315218730629363]"
98,15,2107,2,0.011486377606526797,1.8090483143931608,True,False,"[8, 16]","[0.16576634683469338, 0.11503567362924663]"
98,16,1998,1,0.009792604724791923,2.7180252210297144,True,False,[8],[0.12127996455048365]
98,17,16,1,0.012285708447727108,2.6281506611335548,True,False,[5],[0.10860628203151446]
98,18,1477,1,0.01281418324424689,2.621065642126601,True,False,[8],[0.11370862019527019]
98,19,594,1,0.011491917227709895,1.8640199157358905,True,False,[15],[0.11274347285623884]
98,20,934,1,0.011921745583645296,2.7704478835484725,True,False,[12],[0.08937566974845121]
98,21,1368,1,0.01478173917457611,1.770294961003647,True,False,[16],[0.18061712185807252]
98,23,982,1,0.011968850555741033,3.4117132803701278,True,False,[16],[0.10677311237377508]
99,0,1399,1,0.011234985394580095,2.068578548875792,True,False,[8],[0.1125514120913262]
99,1,2088,3,0.007289316461096036,2.230500325630831,True,False,"[7, 8, 12]","[0.14421906313648283, 0.09353991064032274, 0.10866490990511811]"
99,4,1301,1,0.010502481057666728,2.972535718060571,True,False,[7],[0.12371613574313575]
99,5,2180,1,0.012207068197464109,3.0297920086121777,True,False,[5],[0.0658093760499655]
99,6,1127,1,0.011827230098525047,1.7222074935676819,True,False,[8],[0.1326304566551493]
99,7,271,1,0.009267738863463836,2.117013829100659,True,False,[8],[0.11900617789644079]
99,8,588,1,0.01009686120597102,2.052207695010836,True,False,[7],[0.15793734777125878]
99,9,2018,1,0.01015548232509206,2.82627295560544,True,False,[7],[0.10990036087624695]
99,11,2232,1,0.011911048349618451,2.0296858279049608,True,False,[16],[0.1705243495020578]
99,12,17,2,0.007821873690488961,1.7377123998267805,True,False,"[7, 8]","[0.08380147961730484, 0.11515169707267332]"
99,14,129,1,0.01240824079815224,2.5200877166723967,True,False,[8],[0.11873698905257564]
99,15,2107,1,0.015147648028439443,1.8346683189897626,True,False,[5],[0.15586032117009696]
99,16,1998,2,0.00881616804299236,2.7287098396532214,True,False,"[7, 15]","[0.1257505129057255, 0.13580753424463074]"
99,17,16,1,0.01371691497771681,2.6302743368914197,True,False,[12],[0.09592247181345182]
99,18,1477,2,0.010041671239853325,2.6162734787257964,True,False,"[8, 15]","[0.10652079385349943, 0.09077997257580363]"
99,19,594,2,0.009593640679110425,1.8658965405260275,True,False,"[8, 15]","[0.18002074992396666, 0.12642858241744712]"
99,20,934,1,0.011284693217684846,2.779231911067551,True,False,[12],[0.08115094457957478]
99,21,2073,1,0.011507827580974989,1.9828442786279068,True,False,[8],[0.10739398912720594]
99,22,982,1,0.011039178461334972,3.477915147329383,True,False,[5],[0.10320473957117482]
100,0,1399,2,0.008067230116022433,2.074763589485332,True,False,"[7, 12]","[0.12720378679207148, 0.12009591189192947]"
100,1,2088,2,0.0084904331802856,2.251611425295727,True,False,"[8, 12]","[0.09754257916907527, 0.10176629450874676]"
100,3,2212,1,0.011662356812865836,3.209412682081178,True,False,[12],[0.03775363872527839]
100,4,1301,1,0.010197669982554418,2.9724474916398314,True,False,[7],[0.11718668092492752]
100,5,2180,1,0.009867695345152678,3.1004400138085875,True,False,[7],[0.09928383816860338]
100,6,1127,2,0.00813732955271242,1.7290215725353433,True,False,"[8, 16]","[0.12843724174661447, 0.09380045371585198]"
100,8,588,1,0.010456916351206203,2.071930238437547,True,False,[7],[0.16821304615678453]
100,9,2018,1,0.011178940203338846,2.890348591447402,True,False,[5],[0.11417578536547478]
100,10,1347,1,0.011733411758211163,3.1355232259470887,True,False,[5],[0.12993194260402155]
100,11,2232,1,0.01155749340447013,2.0756653402068257,True,False,[5],[0.15114304993725133]
100,12,17,2,0.00790493575089495,1.750187518294898,True,False,"[8, 16]","[0.10969192920882768, 0.12925854156839858]"
100,15,2107,2,0.009395754444809312,1.8537598129805806,True,False,"[7, 8]","[0.17152002753099022, 0.17890450839487596]"
100,16,1998,1,0.011398812171585481,2.745793450096144,True,False,[5],[0.09291773409874238]
100,17,16,1,0.013607875808760049,2.6336749367055803,True,False,[12],[0.12539580115619733]
100,19,594,1,0.010515042445877741,1.8647919268249884,True,False,[15],[0.11393704499138504]
100,20,934,1,0.012167533317788946,2.828562485365529,True,False,[5],[0.12210069071481174]
100,22,982,2,0.012919482045399845,3.4827579926697676,True,False,"[9, 16]","[0.044576261722451285, 0.15318407595771796]"
100,23,2354,1,0.05635989340604222,2.5701684108231437,True,False,[8],[0.11406152452133522]
101,0,1399,1,0.012351394168286315,2.0784502524583286,True,False,[12],[0.13297920592759138]
101,1,2088,1,0.011279217915557234,2.253199424124507,True,False,[12],[0.10840806201799295]
101,3,2212,1,0.0101709471772972,3.2774861891977625,True,False,[5],[0.11411139886942248]
101,6,1127,1,0.01210069818866157,1.7461690048046643,True,False,[8],[0.14746135619596346]
101,7,271,1,0.009115176563423266,2.162764805738023,True,False,[8],[0.11027830345324101]
101,11,2232,1,0.0095595354323045,2.1026821016865878,True,False,[8],[0.1273089812150262]
101,12,17,2,0.008907366867957511,1.7596804725038544,True,False,"[8, 16]","[0.11653212937014898, 0.13104272314420576]"
101,14,129,1,0.01094008787843632,2.5142144440482417,True,False,[7],[0.12065770514488437]
101,15,2107,1,0.012789490419673356,1.8575842894366366,True,False,[8],[0.1746221542480302]
101,17,16,1,0.010924349464431963,2.685181774224148,True,False,[7],[0.1097031297895451]
101,18,1477,1,0.01079918401444695,2.611074246161326,True,False,[8],[0.09520501862808095]
101,19,594,2,0.009921559967451431,1.8691396215521499,True,False,"[8, 15]","[0.18222693863446424, 0.11696925645914975]"
101,21,2073,1,0.013506467356503644,1.9843582246451992,True,False,[7],[0.1499210448431387]
101,22,982,2,0.008937072058796,3.520784638482568,True,False,"[7, 16]","[0.11456634880599396, 0.13800327081852803]"
101,23,2354,1,0.011683749915237527,2.5695896815295454,True,False,[8],[0.11208475237208192]
102,0,1399,1,0.011091494694395984,2.082584896617318,True,False,[7],[0.13247024921421238]
102,3,2212,1,0.010553832129023716,3.350710901083604,True,False,[5],[0.11505502060074002]
102,5,2180,1,0.011491850105880616,3.1680098608682794,True,False,[5],[0.06633430495229213]
102,6,1127,1,0.011144841984383525,1.7423152652542389,True,False,[16],[0.11469839544528211]
102,7,2428,1,0.02808536776111957,3.1654045766787586,True,False,[5],[0.10971993039327324]
102,8,588,1,0.011126850860480183,2.1197539101287717,True,False,[5],[0.12856897586057028]
102,9,2018,1,0.0114238401890045,2.953185261539602,True,False,[5],[0.11048592959279278]
102,10,1347,1,0.008619538682775764,3.194200375554607,True,False,[7],[0.10963409459793644]
102,11,2232,1,0.011228984169795446,2.1103959210299257,True,False,[7],[0.13155927164666212]
102,12,17,2,0.008149367316676714,1.7645775341948362,True,False,"[8, 15]","[0.11560648798655294, 0.10116424934428313]"
102,17,16,1,0.01379792247687093,2.6765709137582854,True,False,[16],[0.16395136469333907]
102,18,1477,2,0.007490557596635662,2.629114895506558,True,False,"[7, 8]","[0.11033154350464938, 0.09241963076607454]"
102,19,594,1,0.010903143002673973,1.8663902728372541,True,False,[15],[0.11145516150580254]
102,20,934,1,0.011923630200744424,2.877372898775865,True,False,[5],[0.12490964870386145]
102,21,2073,1,0.01316666546425332,1.9857103387647559,True,False,[7],[0.1450427001718423]
102,22,982,3,0.010009356293811736,3.5236855304267927,True,False,"[8, 9, 16]","[0.12101198523409122, 0.07453165554656643, 0.1436026784485696]"
102,23,2354,1,0.011349901031026583,2.5670598007892793,True,False,[8],[0.10875333904524052]
103,0,1399,1,0.011317668557539688,2.127792350542009,True,False,[5],[0.15328909535231422]
103,1,2088,1,0.011843207549072412,2.2534238937559383,True,False,[12],[0.12223233926356351]
103,2,887,1,0.009222310461238536,2.388363603615517,True,False,[7],[0.0773312029432788]
103,6,1127,1,0.011527860009119064,1.7567158947669816,True,False,[7],[0.16235169486412013]
103,10,1347,1,0.010481325833030278,3.261486698707419,True,False,[5],[0.10913542030810386]
103,11,2232,1,0.009196402647798141,2.138118035000276,True,False,[8],[0.11502127871122492]
103,12,17,3,0.0068238997325536874,1.7736672156017523,True,False,"[8, 15, 16]","[0.10940917125057126, 0.10321067924751842, 0.11428617355529182]"
103,14,129,1,0.01230697446256977,2.5505934376433084,True,False,[8],[0.12016842099825077]
103,16,1998,1,0.010886136489103014,2.7475325684366445,True,False,[7],[0.12253570666994795]
103,17,16,1,0.013543158023493531,2.6755608203352663,True,False,[8],[0.1531768312111123]
103,18,1477,1,0.010033058030616972,2.6310915960660184,True,False,[8],[0.08838589917045075]
103,19,594,1,0.012870810591206525,1.860677623781781,True,False,[7],[0.15995204954905118]
103,20,934,1,0.009744257944275024,2.890841545974771,True,False,[12],[0.0844613019004746]
103,21,2073,1,0.011897782655821842,2.027908358245214,True,False,[5],[0.14045989623498198]
104,0,1399,1,0.011422061662286636,2.1565899970677487,True,False,[8],[0.1240129253121795]
104,1,2088,2,0.008023446399422028,2.2695706330094594,True,False,"[8, 12]","[0.0952836163136585, 0.11570507105940066]"
104,3,2212,1,0.010409956069895504,3.4220006463189665,True,False,[5],[0.1252613014689907]
104,4,1301,1,0.010726886368735181,3.0155015199740896,True,False,[8],[0.08567580328863228]
104,5,2180,1,0.011584426151945808,3.2331486535675147,True,False,[5],[0.06471329012085936]
104,6,1127,1,0.012941238983027894,1.7606637700382546,True,False,[12],[0.12296696659251985]
104,7,2428,1,0.010960315300506953,3.161151952107634,True,False,[7],[0.13409266030102315]
104,8,588,1,0.012170380831303737,2.1250887786185855,True,False,[8],[0.1429701053098477]
104,9,2018,1,0.011314609633139724,3.0181646300412397,True,False,[5],[0.10067541524115443]
104,12,17,1,0.010842593318564622,1.7789636667664572,True,False,[15],[0.11249897669515962]
104,14,129,1,0.010039237634177068,2.5511059137676435,True,False,[7],[0.1163391293068907]
104,15,271,1,0.00959300314225517,2.2060268731311194,True,False,[8],[0.1609814232266563]
104,16,1998,1,0.012166447484088528,2.755578483618941,True,False,[15],[0.1502890843221275]
104,18,1477,1,0.011894801986302212,2.6809786279740755,True,False,[5],[0.12707168878371386]
104,19,594,2,0.008274687754657112,1.8537612826910586,True,False,"[7, 15]","[0.15405595084436932, 0.10515841752207995]"
104,21,2073,1,0.011291457617783636,2.040555035696942,True,False,[8],[0.0994989839190959]
104,22,982,1,0.01083111329279137,3.593862535602669,True,False,[5],[0.10023995124699694]
104,23,2354,1,0.011737263723306761,2.612576356038193,True,False,[5],[0.135190089167041]
105,3,2212,1,0.008630441139220934,3.4432907527123096,True,False,[8],[0.159863882381305]
105,4,1301,1,0.010473162094307398,3.0220789048080268,True,False,[7],[0.11095223503502699]
105,5,2180,1,0.011330978939645667,3.30296596674513,True,False,[5],[0.06215571462559113]
105,6,1127,2,0.008742890463589864,1.7633401211213113,True,False,"[12, 16]","[0.13202206226806792, 0.11741354277309465]"
105,7,2428,1,0.010767449648692721,3.1926046028578012,True,False,[5],[0.10853706184064964]
105,8,588,1,0.012595356668552729,2.1296949953428532,True,False,[8],[0.15608384240369613]
105,10,1347,2,0.007719046680418558,3.287673865091047,True,False,"[7, 11]","[0.11122102844561894, 0.061515755410828925]"
105,11,2232,1,0.01064666942248484,2.155570142574606,True,False,[8],[0.11939867586855635]
105,12,17,3,0.007014618459981453,1.7885945383468171,True,False,"[8, 15, 16]","[0.10643204907263931, 0.11258870854697944, 0.10185758789459741]"
105,16,1998,1,0.011538735796191298,2.769863151510448,True,False,[5],[0.09940789618900879]
105,18,1477,1,0.01435695283751146,2.661937642142093,True,False,[6],[0.11528629314616956]
105,19,594,1,0.01056689278742751,1.851094971264623,True,False,[15],[0.10190706166515229]
105,20,934,1,0.01140456181147531,2.897329399999384,True,False,[12],[0.09987496015091879]
106,0,1399,2,0.008636763267979084,2.171340543998698,True,False,"[8, 12]","[0.11909598409789791, 0.14525286778257937]"
106,1,2088,1,0.0119608209502046,2.266710987608634,True,False,[12],[0.12335193745674669]
106,5,2180,2,0.008066966687005083,3.3347783496809047,True,False,"[7, 12]","[0.0935156083824338, 0.05855144670687247]"
106,6,1127,1,0.011594978579801915,1.777394078997442,True,False,[8],[0.1451364398173238]
106,7,2428,1,0.011119199172950772,3.2219136220086937,True,False,[5],[0.11481655493543043]
106,10,1347,1,0.009498862664116437,3.3124192573630924,True,False,[8],[0.14421517853535412]
106,11,2232,1,0.01118639627948299,2.201931976908305,True,False,[5],[0.15171802005446508]
106,12,17,2,0.008638570345084504,1.790701464716455,True,False,"[7, 8]","[0.08861642009619411, 0.10759810676109403]"
106,14,129,1,0.012498663298667738,2.5865144839637435,True,False,[8],[0.12728050075576863]
106,15,271,1,0.009675991639346453,2.251014458916999,True,False,[8],[0.14735561986459877]
106,16,1998,1,0.010580102947646438,2.7828620975744713,True,False,[5],[0.09939811316931249]
106,18,594,1,0.011281695949552544,1.8680829108013182,True,False,[15],[0.08291800958697208]
106,19,934,1,0.013532906635305451,2.906378088481061,True,False,[12],[0.06453209455069464]
106,20,2073,1,0.011389908685281095,2.0874191869766108,True,False,[5],[0.13178894312653572]
106,21,982,1,0.013233432781975727,3.591991492248554,True,False,[8],[0.12837960839764737]
106,22,2354,1,0.00877597324502703,2.6630015150922173,True,False,[7],[0.10490325854962507]
106,23,1477,1,0.01118332377989201,2.711583668894358,True,False,[5],[0.1334527021604571]
107,0,1399,1,0.01088270073516583,2.2168478293719365,True,False,[5],[0.1487416566056152]
107,1,2088,2,0.008886058627333628,2.2794430332250304,True,False,"[7, 12]","[0.1495888665426374, 0.11187451537397311]"
107,3,2212,1,0.008715099870849369,3.463156669330123,True,False,[8],[0.17714659917842024]
107,5,2180,1,0.012191428443057747,3.397224607566207,True,False,[5],[0.06674837334937657]
107,6,1127,2,0.008036408118547892,1.7848242968776513,True,False,"[8, 12]","[0.15679103516518805, 0.1290193494129872]"
107,8,588,1,0.010672826829687685,2.181628991771418,True,False,[5],[0.12267237158674951]
107,10,1347,1,0.01062441898535929,3.3801233542941294,True,False,[5],[0.10439037844588851]
107,14,271,1,0.01146903917834235,2.2838858281613987,True,False,[8],[0.10896794860759139]
107,15,1998,1,0.012462887996519508,2.808690330164315,True,False,[5],[0.15073624560163432]
107,18,17,1,0.012568807590527292,1.7991371680206714,True,False,[5],[0.12634822301824267]
107,20,982,1,0.011555283620076401,3.5988188442759026,True,False,[16],[0.1309282283744089]
107,21,2354,1,0.013271508211040327,2.6679403977178358,True,False,[8],[0.12010581522205054]
107,22,2547,1,0.03819161941946365,3.5625018253634346,True,False,[8],[0.11530486753682985]
107,23,934,1,0.012274498364152328,2.94917837937659,True,False,[5],[0.14547660295652318]
108,0,1399,1,0.012831032512707164,2.21850089204269,True,False,[12],[0.14595397266515286]
108,1,2088,2,0.010026732707618842,2.2875023034180493,True,False,"[7, 12]","[0.15490319461776078, 0.11411549488844681]"
108,3,2212,1,0.010053969683105526,3.5392355202305166,True,False,[5],[0.11718228810411488]
108,4,2552,1,0.027939853688807255,2.157110595560054,True,False,[5],[0.1405064720867694]
108,5,2180,1,0.00948543300058409,3.4768793653751198,True,False,[7],[0.0954060572425596]
108,6,1127,3,0.006294852031408101,1.789807796545115,True,False,"[8, 12, 16]","[0.13858138580338422, 0.11159125627102776, 0.1100842496953493]"
108,7,2428,1,0.00920710640043725,3.291869912763414,True,False,[8],[0.12001400179871637]
108,9,2018,1,0.010055964242430436,3.074985342689504,True,False,[7],[0.10612043021781153]
108,15,271,1,0.009309394081095136,2.3311020926491683,True,False,[8],[0.13773838783477085]
108,18,2232,1,0.012027428350303552,2.2096270736992683,True,False,[7],[0.12803704194833485]
108,19,17,1,0.011944399332092522,1.8025512454912913,True,False,[7],[0.14922696353001602]
108,21,982,1,0.014208881248356182,3.5949669410165144,True,False,[9],[0.05682078731908393]
108,22,2354,1,0.01211794618154824,2.6745555125785065,True,False,[8],[0.10079927120385072]
109,0,1399,1,0.012299597018200617,2.2268309435651408,True,False,[12],[0.14011037244648475]
109,1,2088,1,0.010502485257211881,2.2878719290389204,True,False,[12],[0.09125715199435719]
109,4,2552,1,0.008483417048042525,2.194164136684601,True,False,[7],[0.11225133123149734]
109,6,1127,1,0.011253827671590397,1.8081339977348396,True,False,[8],[0.129577742005693]
109,7,2428,1,0.009526136064751218,3.3614998125682107,True,False,[8],[0.12841284018516416]
109,8,887,1,0.009504743976127264,2.4397223478844037,True,False,[7],[0.15381428158451443]
109,9,2212,1,0.01274386730446617,3.535960749262868,True,False,[11],[0.05783896041867041]
109,10,1301,1,0.010432919599639977,3.0919276794857633,True,False,[8],[0.1408902127503483]
109,11,2577,1,0.07531289493580803,3.6398687043447557,True,False,[7],[0.12584466470258002]
109,13,129,1,0.011244294780273131,2.6223052101418927,True,False,[8],[0.10600143180654482]
109,14,271,1,0.01104667521903239,2.3473994580674193,True,False,[5],[0.12008408769332152]
109,15,588,1,0.010207437112335871,2.1902863144466567,True,False,[8],[0.14764555641982227]
109,16,2018,1,0.009792501545632458,3.1344044475049992,True,False,[5],[0.09289023994327271]
109,17,1347,1,0.011416224802467236,3.4525076513241784,True,False,[5],[0.10835972123289193]
109,19,17,2,0.009094600200250266,1.8054873173112183,True,False,"[8, 16]","[0.17401576285734516, 0.11750743427542765]"
109,20,2073,1,0.011276909697339785,2.0843620993023046,True,False,[8],[0.12020202009250301]
109,21,982,3,0.008295525929122218,3.5962095147432156,True,False,"[7, 9, 16]","[0.136594788728414, 0.05697183953107023, 0.17432979725754472]"
110,0,1399,2,0.008065261901075666,2.2472017665141446,True,False,"[8, 12]","[0.12981970393838604, 0.13077045693984624]"
110,1,2088,1,0.010482784817273355,2.3109177735988395,True,False,[8],[0.10563208722951076]
110,4,2552,1,0.011753119797365043,2.1849008307432154,True,False,[12],[0.09868117506457814]
110,5,2180,1,0.011753244433069946,3.534104935559733,True,False,[5],[0.06481778115383938]
110,6,1127,1,0.011334217823666894,1.8024534014603455,True,False,[16],[0.11151462667527302]
110,10,2212,1,0.009437172151646234,3.588604393666673,True,False,[7],[0.11672949169692559]
110,11,1301,1,0.010379644375031772,3.158296551264236,True,False,[8],[0.11523546298812809]
110,15,271,1,0.008803940404792184,2.396160832400978,True,False,[8],[0.14282310256501216]
110,16,588,1,0.010971593407714014,2.233567882291569,True,False,[5],[0.09333816882299534]
110,17,2018,1,0.012030635320223552,3.2011453134488357,True,False,[5],[0.0989935020824663]
110,18,1347,1,0.008916631474078424,3.4969616777373047,True,False,[7],[0.12115782203974831]
110,19,2232,1,0.01170023958366099,2.2100156778386517,True,False,[7],[0.15058027604598695]
110,20,17,1,0.011543674956379837,1.8067992357520672,True,False,[7],[0.12555111545558764]
110,23,2354,1,0.010792427602198382,2.672282099641578,True,False,[8],[0.1033881478321736]
111,1,2088,1,0.00992922361842548,2.3108864617564526,True,False,[12],[0.12468007368874194]
111,4,2552,1,0.01080050594087401,2.228532158346498,True,False,[5],[0.13314330198739044]
111,5,2180,1,0.012790786437898924,3.550727109918231,True,False,[12],[0.05865557511405134]
111,7,2428,1,0.011083113910662275,3.397884586283209,True,False,[5],[0.11678312985907319]
111,10,2212,2,0.008218640452790266,3.561631404575891,True,False,"[8, 12]","[0.14245322165413232, 0.15303918602535224]"
111,14,129,1,0.010468813537380281,2.6727384627000945,True,False,[8],[0.09431498471015363]
111,15,271,2,0.008626429399951148,2.4115114572284346,True,False,"[7, 15]","[0.16851668513168666, 0.055903945289983555]"
111,16,588,1,0.011596908857997376,2.2423258149498575,True,False,[7],[0.14268238830659788]
111,19,2073,1,0.010814562781849228,2.087537565357611,True,False,[7],[0.14581234095854684]
111,20,982,3,0.009447872350115584,3.615049824118127,True,False,"[7, 9, 16]","[0.14150398125428285, 0.04117974280692278, 0.1304776173870216]"
111,23,2232,1,0.011833641110905265,2.2358362495005104,True,False,[7],[0.12880827311384901]
112,1,2088,2,0.00880206190842199,2.3130541064098322,True,False,"[7, 12]","[0.15685367667600586, 0.12115519121043322]"
112,4,2552,1,0.011592911999889214,2.2274699976145076,True,False,[8],[0.09430073381062386]
112,5,2180,1,0.013582273181328118,3.543229600330567,True,False,[12],[0.0731257534497654]
112,6,1127,3,0.007069908025985931,1.8149504387126725,True,False,"[7, 8, 16]","[0.1671409515843804, 0.11399656686625637, 0.11617196984790024]"
112,10,2212,1,0.010610167178521916,3.5896400679588747,True,False,[7],[0.1292912685064392]
112,11,1301,1,0.010712660702976835,3.2243737628267324,True,False,[8],[0.10803896707523358]
112,15,271,1,0.008689397845856582,2.4620125014797045,True,False,[8],[0.1362096576682713]
112,16,588,1,0.010761239651145841,2.2584027258382764,True,False,[7],[0.13838238450789062]
112,18,17,1,0.013145861080976139,1.8025807528044155,True,False,[15],[0.07906899826960777]
112,21,2354,2,0.00945227553605638,2.689397237431741,True,False,"[7, 8]","[0.12356830264081693, 0.11190141973323683]"
112,23,2232,1,0.010515639291208018,2.2818917517289754,True,False,[5],[0.14260902974077513]
113,1,2088,1,0.010527089252205185,2.3634130302221426,True,False,[5],[0.09239578588131797]
113,5,2552,2,0.008685533778247802,2.2467973551268186,True,False,"[7, 12]","[0.10322517565440681, 0.060289264282580475]"
113,7,1127,1,0.012557042877601817,1.8319613704700317,True,False,[5],[0.12618973787162235]
113,8,2428,2,0.007435732493021274,3.4254374378347827,True,False,"[7, 8]","[0.1532077229126599, 0.13681223756865155]"
113,11,2212,2,0.010464190263419597,3.611719988429269,True,False,"[7, 11]","[0.13788882919510498, 0.03810635828437122]"
113,13,2577,1,0.011975481645498628,3.705851522143754,True,False,[5],[0.09333108028569112]
113,15,129,1,0.01201522926522146,2.699247833275134,True,False,[5],[0.13978087607052397]
113,16,271,1,0.009296888776475344,2.5096681875373705,True,False,[8],[0.1144085301826877]
113,19,17,2,0.008088598693724533,1.8132261749494103,True,False,"[7, 16]","[0.14222448751555955, 0.11737637218627102]"
113,20,2073,1,0.012262175250110046,2.0662870528537014,True,False,[16],[0.12914273920266953]
113,21,982,3,0.0076707167104263395,3.6097399123805562,True,False,"[8, 9, 16]","[0.1187295728136313, 0.06865337505764707, 0.15535672981361512]"
114,0,1399,2,0.009137953894258559,2.242199063366231,True,False,"[7, 15]","[0.1457502998183262, 0.1362871450951112]"
114,1,2088,1,0.010353998003641058,2.382353078805495,True,False,[8],[0.10557093426805375]
114,5,2552,1,0.010714408774834757,2.286935569744608,True,False,[7],[0.10580897279418093]
114,6,2180,1,0.010548222050549299,3.5536542871336287,True,False,[12],[0.09999670149379368]
114,7,1127,1,0.011708455192426958,1.8516621081367999,True,False,[16],[0.08801169278843063]
114,8,2428,1,0.009803695827438643,3.4901706324497694,True,False,[8],[0.1351674194944728]
114,10,887,1,0.011423707641230874,2.481841447918986,True,False,[7],[0.1228341947394276]
114,11,2212,3,0.009831495526039673,3.622701027594038,True,False,"[7, 11, 12]","[0.1561150316801424, 0.07366375724881669, 0.13024810116796856]"
114,14,129,1,0.010156140614898349,2.756043240893764,True,False,[8],[0.0852496470725804]
114,15,271,2,0.0090653139610858,2.5262788871476887,True,False,"[7, 15]","[0.1601621615069498, 0.06432535866657173]"
114,20,2577,1,0.011120017823754817,3.78250239909388,True,False,[5],[0.11937519616798735]
115,1,2088,1,0.010245128629554848,2.3798905951134253,True,False,[12],[0.11308357780991397]
115,2,2710,1,0.11175996329077746,2.028821846125616,True,False,[15],[0.11074417985877397]
115,5,2552,1,0.01362941488797444,2.2790772697587904,True,False,[12],[0.10000258896412263]
115,6,2180,1,0.01154320076019273,3.55317566569989,True,False,[12],[0.11108434974786721]
115,8,2428,1,0.010380346969292822,3.4841662658922257,True,False,[7],[0.15329823773621218]
115,11,2212,1,0.010730885686098191,3.6609670934780123,True,False,[7],[0.1588342253919742]
115,15,271,1,0.013083708113199219,2.5415943574545974,True,False,[15],[0.06924757435083083]
115,17,588,2,0.008815799089066106,2.2719541809322013,True,False,"[7, 12]","[0.10746243780615518, 0.11814633128986213]"
115,21,2073,1,0.012282690754604222,2.0690806243027295,True,False,[7],[0.1195372619732798]
115,23,2354,1,0.010941618036035805,2.687567087449663,True,False,[8],[0.09517045390895669]
116,0,1399,1,0.010396868316109857,2.2868006949903887,True,False,[5],[0.1483873717128056]
116,1,2088,1,0.010654567942543948,2.3754144689241214,True,False,[12],[0.13229921569535666]
116,5,2552,1,0.011119456108103883,2.3259719146699536,True,False,[5],[0.06707111089014002]
116,7,2780,1,0.09200020848545001,4.566004955990771,True,False,[15],[0.10006807401297785]
116,8,1127,2,0.00804317341977341,1.8585317151368168,True,False,"[8, 12]","[0.10922590983243038, 0.12120892605307387]"
116,12,2212,1,0.012721025900040537,3.6175291525059685,True,False,[12],[0.10251624104486723]
116,16,129,1,0.010416435959528868,2.766105311467945,True,False,[7],[0.14139036347988138]
116,17,271,1,0.012958586101135792,2.532869612248364,True,False,[7],[0.12188484017120262]
116,19,588,1,0.011043970630805925,2.3225357122230954,True,False,[5],[0.13518706265113672]
116,22,982,2,0.008715081250243631,3.6307995183260116,True,False,"[7, 9]","[0.11078585409608943, 0.0671862142791312]"
117,1,2088,1,0.011695380326242512,2.38240500100948,True,False,[7],[0.15480652136995632]
117,5,2552,1,0.011464249912050011,2.37451711444687,True,False,[5],[0.07290429086725156]
117,6,2180,1,0.012807103291922469,3.5494183435841444,True,False,[12],[0.11956938310570152]
117,7,2780,1,0.012278074475999127,4.564175784455322,True,False,[15],[0.09061579453546117]
117,8,1127,3,0.0074802432099386204,1.8472479627908747,True,False,"[8, 12, 16]","[0.11298692475463468, 0.11518278235293965, 0.1469804722059422]"
117,9,2428,1,0.011951099481955024,3.5117323664241753,True,False,[5],[0.11410342007088219]
117,10,2619,1,0.02336355939759122,1.9451418880771558,True,False,[15],[0.06553857032930607]
117,14,2722,1,0.07682167915399296,2.754165855508719,True,False,[7],[0.11116260312346764]
117,16,129,1,0.009799423946481096,2.8197326580870414,True,False,[8],[0.11020529870662824]
117,17,271,1,0.011773344453785422,2.562310777112289,True,False,[5],[0.1014019306056763]
117,19,588,1,0.013658075769617754,2.326905146070925,True,False,[12],[0.09050525907255028]
117,20,2212,1,0.01021870081661219,3.619017874057641,True,False,[8],[0.12723242384279623]
117,22,982,1,0.012414742801957607,3.652177380632354,True,False,[16],[0.1422426226003086]
117,23,2354,1,0.010269898783248032,2.6873394659990195,True,False,[8],[0.0920698708331203]
118,0,1399,1,0.010474870308807121,2.3305751054703987,True,False,[8],[0.1336643073226854]
118,1,2088,1,0.011677015357927156,2.386604046476411,True,False,[8],[0.11654982602933486]
118,6,2180,1,0.008516153101852827,3.6325830861151576,True,False,[7],[0.15555063501660296]
118,8,1127,3,0.008384919580745713,1.8343648090025826,True,False,"[8, 12, 16]","[0.11996182222783937, 0.11451383304321575, 0.14362924842146252]"
118,9,2428,1,0.011462058354013824,3.5118369009990236,True,False,[7],[0.1069161021330992]
118,16,129,1,0.009922263937712809,2.830858848749023,True,False,[7],[0.1393317970069777]
118,17,271,1,0.010708982727746374,2.608599156266176,True,False,[8],[0.14186190694498949]
118,19,588,1,0.010770847302660383,2.342872648139259,True,False,[7],[0.14590660017665985]
118,20,2212,2,0.008021617753670081,3.64646951882351,True,False,"[7, 11]","[0.1306762697125891, 0.08568703410160164]"
118,22,982,2,0.01274462998827072,3.654694361448554,True,False,"[9, 16]","[0.08302688168654859, 0.15312963702132648]"
118,23,2354,1,0.010220832527176692,2.686451674723405,True,False,[8],[0.08613749206793922]
119,0,1399,2,0.008935115409378865,2.3492108681552333,True,False,"[8, 12]","[0.14856040454744485, 0.14109924096632281]"
119,2,2710,1,0.012614261922774393,2.035847928171701,True,False,[15],[0.10099329248055268]
119,6,2180,2,0.008289472872705587,3.68266242402693,True,False,"[7, 8]","[0.1525875396949617, 0.13263310918704035]"
119,7,2780,1,0.00899413939106628,4.658970672805722,True,False,[7],[0.12493994319442443]
119,8,1127,2,0.00989747431990447,1.8197235111019057,True,False,"[8, 16]","[0.11874672219761187, 0.14094294288189865]"
119,9,2428,1,0.011666376746359272,3.5116728001357367,True,False,[7],[0.10318002109282935]
119,10,2619,1,0.011493083467612226,1.9673731253081772,True,False,[15],[0.060523346335921005]
119,11,887,1,0.011189138183117925,2.5278605971692407,True,False,[7],[0.1410930584702963]
119,14,2722,1,0.010164146369310307,2.8093197676344372,True,False,[5],[0.10966321205577594]
119,16,129,1,0.009875756860168478,2.842186658529142,True,False,[7],[0.12858505731778466]
119,17,271,1,0.011907495717610576,2.606122821335516,True,False,[7],[0.12653445728182802]
119,19,588,1,0.010782309089844316,2.3572239929615892,True,False,[7],[0.14471720865367427]
119,20,2212,1,0.008910020971843072,3.7110267924268427,True,False,[7],[0.11742230742932326]
119,22,982,1,0.013156324455947124,3.671640533004718,True,False,[16],[0.15368631941664393]
119,23,2354,1,0.010770422817480727,2.7297685217920797,True,False,[7],[0.12052878454298697]
120,0,1399,1,0.011533834425619319,2.389340762409491,True,False,[8],[0.1364668292421211]
120,4,2802,1,0.015437004704251809,1.748793520160155,True,False,[15],[0.1260953189691198]
120,5,2552,1,0.011807504578586403,2.3758326541782484,True,False,[8],[0.14130732188528775]
120,6,2180,1,0.013374853807045898,3.680097472557746,True,False,[12],[0.14029116427266433]
120,7,2780,1,0.012010519290926672,4.6575444833801765,True,False,[15],[0.09024149193558086]
120,8,1127,1,0.010143769230331336,1.830034409448505,True,False,[12],[0.10837629911822393]
120,9,2088,2,0.009409014910208298,2.411149808312147,True,False,"[8, 12]","[0.12220753974869612, 0.055362204807935564]"
120,16,129,1,0.010749522531982332,2.891889005672411,True,False,[8],[0.11692766082581497]
120,19,588,1,0.0100048150163515,2.3795849510993894,True,False,[7],[0.13033125857137973]
120,20,2212,1,0.012062965863963252,3.6612303143067364,True,False,[12],[0.12026670922300946]
120,23,2354,1,0.009936623288017815,2.731051085912602,True,False,[8],[0.07918681486579449]
121,0,1399,1,0.011979742497702216,2.3885175372687475,True,False,[12],[0.13196788316854052]
121,5,2552,1,0.010525827731643008,2.413297152024762,True,False,[7],[0.11944218621424534]
121,6,2180,2,0.007861131495752578,3.723402251578839,True,False,"[7, 12]","[0.13332601089687832, 0.11931284147870762]"
121,8,1127,1,0.010031852402863422,1.8431837044787687,True,False,[8],[0.11007549030004188]
121,9,2088,2,0.00924696711727112,2.41542640744227,True,False,"[7, 12]","[0.11376593009659178, 0.061792061651372486]"
121,10,2619,1,0.011346916113493359,1.9961857183309188,True,False,[15],[0.057531234754635]
121,16,129,1,0.010499595733206808,2.9460295949387527,True,False,[8],[0.10737990080606186]
121,19,588,1,0.012682807822592386,2.3725454104772226,True,False,[8],[0.15952854351282936]
121,20,2212,1,0.01229260482984883,3.599909735460845,True,False,[12],[0.14936286853927364]
121,22,982,1,0.012320448219383037,3.6947083783857577,True,False,[16],[0.1417419626575297]
121,23,2354,1,0.00963803597087053,2.7339509259038564,True,False,[8],[0.07203941912445797]
122,0,1399,1,0.011830622539013638,2.3876288175116387,True,False,[12],[0.1404824639003523]
122,6,2552,1,0.009041866792476413,2.456786840679723,True,False,[7],[0.12418336815124024]
122,7,2180,1,0.010821406051171597,3.7109173111496334,True,False,[12],[0.1313449930580091]
122,9,1127,1,0.011651324149368883,1.8857828866916106,True,False,[12],[0.08363927258609864]
122,10,2088,1,0.011992342371802288,2.4504242516589403,True,False,[5],[0.11310281771453959]
122,15,2722,1,0.012297999483938182,2.8562174010195815,True,False,[5],[0.13140460519512068]
122,18,2428,1,0.008755609901875636,3.510234075582385,True,False,[7],[0.11382967425809079]
122,20,2212,1,0.010748017093118189,3.5932398420280385,True,False,[8],[0.14768341550284358]
122,23,2354,1,0.009969030495323258,2.7373577210809628,True,False,[8],[0.06920902890983467]
123,3,2710,1,0.011509778755821131,2.041698622071587,True,False,[15],[0.14299078324177814]
123,6,2552,1,0.013543975050002944,2.4631338477837748,True,False,[12],[0.12257697454958487]
123,7,2180,1,0.012105303456020525,3.7695654942898504,True,False,[5],[0.13209000984473832]
123,9,1127,1,0.010797050389586369,1.9032070759607385,True,False,[8],[0.11124944191649498]
123,10,2088,1,0.010808001556688637,2.4597363452689853,True,False,[7],[0.1085033122924148]
123,12,887,1,0.012207773283507506,2.5659122847316636,True,False,[5],[0.08145018402854014]
123,15,2722,1,0.012226508420765744,2.9054455624335893,True,False,[5],[0.11932627124207495]
123,19,588,1,0.013698579742077487,2.374462819434677,True,False,[12],[0.104298263798608]
123,20,2212,1,0.010943641012842285,3.594078945718462,True,False,[11],[0.1094349091004871]
123,22,982,1,0.010042409777864435,3.7684193991328474,True,False,[5],[0.10425225842212167]
124,0,1399,2,0.008458749305411734,2.4071045506095805,True,False,"[8, 12]","[0.1435550874477396, 0.12625211273997658]"
124,3,2710,1,0.011292805579227395,2.0500074870481657,True,False,[15],[0.12809892152061106]
124,6,2552,2,0.008691305664852165,2.4464142907062914,True,False,"[12, 16]","[0.10377096160259372, 0.1272175693199653]"
124,7,2960,1,0.06453681420025237,5.0211308715924465,True,False,[15],[0.08059528948675235]
124,8,2780,1,0.009968808234221095,4.764423380545904,True,False,[5],[0.11412249336133595]
124,9,1127,1,0.0126445351501988,1.9335107139692473,True,False,[12],[0.10125034855974642]
124,10,2088,1,0.009290189133581081,2.4600902484382945,True,False,[12],[0.13948613207658514]
124,14,2778,1,0.03536054266965955,2.1133175482096744,True,False,[15],[0.10071772756617169]
124,16,2180,1,0.008728253302009822,3.8292326957104796,True,False,[5],[0.10485198923630006]
124,19,2212,1,0.010487438494938113,3.590633567170584,True,False,[8],[0.17603906784973997]
124,22,129,1,0.009049563641163145,3.0072601288174785,True,False,[8],[0.09823324168952671]
125,0,1399,1,0.010949060969852386,2.407046899034149,True,False,[12],[0.13912611080334367]
125,6,2552,1,0.010001572325867713,2.5033175707538264,True,False,[5],[0.13285465373664096]
125,7,2960,1,0.01190002315244413,5.013359325576173,True,False,[15],[0.07447685892613083]
125,9,1127,1,0.01072237744119972,1.954520066975776,True,False,[8],[0.10125962090836603]
125,10,2088,1,0.010185483588882934,2.4858702806291464,True,False,[8],[0.13776779517250293]
125,22,129,1,0.011566759086714843,3.0089997780555793,True,False,[5],[0.10858668895974904]
126,0,1399,1,0.011275566524294654,2.442769772808787,True,False,[8],[0.1382988071268923]
126,3,2710,1,0.01107093711196048,2.0645685829028335,True,False,[15],[0.11514903774829321]
126,6,2552,1,0.01133709949699077,2.509350828028328,True,False,[12],[0.09875027188938956]
126,9,1127,1,0.010858774133658999,1.9728649540670358,True,False,[7],[0.10535973874685192]
126,19,588,1,0.010532065470041561,2.3969418561506135,True,False,[7],[0.1286334747083032]
126,20,2212,1,0.009561897903495344,3.6696838299282266,True,False,[5],[0.1387578980276903]
126,23,129,1,0.008261943560346973,3.08042422069769,True,False,[8],[0.06823106446185823]
127,5,2552,1,0.012332569465199512,2.506400001577347,True,False,[12],[0.10516129720722253]
127,8,1399,1,0.009943809562738349,2.4452995483082773,True,False,[12],[0.10594182815291572]
127,17,1127,1,0.01118494023649113,2.008472588438169,True,False,[5],[0.09580225663454331]
127,19,3003,1,0.11831484323040997,2.63196024566877,True,False,[15],[0.09155390979413565]
127,20,2212,1,0.011747805006208272,3.626595488612478,True,False,[12],[0.15608594248187596]
127,23,129,1,0.009666721128237047,3.14921276420194,True,False,[8],[0.07317222720963944]
128,5,2552,2,0.00852117236502353,2.5079503037475126,True,False,"[8, 12]","[0.14096006434678393, 0.09331863844062811]"
128,6,2960,1,0.010606268264706543,5.122407207179142,True,False,[5],[0.12293576587859537]
128,7,2780,1,0.012039535992842814,4.834450763894626,True,False,[5],[0.11729159297806412]
128,8,1399,1,0.009047296190366753,2.5021727507684073,True,False,[8],[0.10062387453866187]
128,10,2088,1,0.012430207535616121,2.520965906102283,True,False,[5],[0.12304025753164201]
128,15,2180,1,0.00943907472565741,3.9163757111108426,True,False,[7],[0.1561012987255742]
128,16,1127,2,0.007460846108844677,2.012357749377809,True,False,"[8, 12]","[0.10971448990166012, 0.09472936463746329]"
128,17,2428,1,0.010413493415335187,3.5623521313032835,True,False,[5],[0.09405241287529166]
128,22,129,1,0.0092256788033259,3.21412173264524,True,False,[8],[0.10491880967753947]
129,5,2552,1,0.010878698160947685,2.560990094318096,True,False,[5],[0.08164982294038871]
129,6,2960,1,0.011157121020856111,5.126522348892739,True,False,[15],[0.1506003957253266]
129,8,1399,2,0.007971883303632916,2.5399528626435757,True,False,"[8, 12]","[0.12211652131256368, 0.11679755841280874]"
129,10,2088,1,0.00944831977913741,2.556990154793088,True,False,[8],[0.13433661749722284]
129,12,887,1,0.009091626493408028,2.6229948843213746,True,False,[7],[0.08177311063906638]
129,14,2722,1,0.010162703484858655,2.9648253353406875,True,False,[5],[0.10374312239466879]
129,15,2180,1,0.00917330416174388,4.00754395053443,True,False,[7],[0.14991727564713903]
129,16,1127,1,0.01155325682786654,2.0120806951128705,True,False,[16],[0.12050376875605284]
129,17,2428,1,0.009313666133810154,3.5621522175794413,True,False,[7],[0.11446325492525104]
129,18,3003,1,0.013156978643091038,2.6288792484087047,True,False,[15],[0.07104060660199156]
130,8,1399,1,0.010876481401204077,2.5669519200082376,True,False,[5],[0.14278661974006826]
130,10,2088,1,0.010202700157059786,2.584342032855371,True,False,[8],[0.13723037311219152]
130,16,2180,1,0.009227021842182432,4.07454703978416,True,False,[5],[0.09700264070838026]
130,17,1127,2,0.007949230461806348,2.0214171888403905,True,False,"[12, 16]","[0.13110438025045987, 0.15020889492185968]"
130,18,2428,1,0.010532718208444175,3.626147202011188,True,False,[5],[0.12073259280623785]
130,19,3003,1,0.01111696373790394,2.6290454960119813,True,False,[15],[0.08041614028943884]
130,23,129,1,0.011693006101564617,3.2120122842437566,True,False,[7],[0.11323523641402745]
131,5,2552,1,0.011107749264863518,2.56154751794762,True,False,[12],[0.08679032143722969]
131,6,2960,1,0.010667359932838322,5.234984514329465,True,False,[5],[0.11775704469013194]
131,8,1399,1,0.008558821434367345,2.6234027727279425,True,False,[8],[0.11083445038363733]
131,10,2088,2,0.006833744626689926,2.6018345893610935,True,False,"[8, 12]","[0.12872012930456053, 0.1251321459661534]"
131,14,2180,1,0.009154302542866576,4.162334820332935,True,False,[5],[0.09845768907696655]
131,15,1127,3,0.006858463213192646,2.025075893822194,True,False,"[8, 12, 16]","[0.13179954159056692, 0.12072441071802521, 0.10191746948187234]"
131,17,2428,1,0.00947478749412869,3.683855482775765,True,False,[5],[0.08899466736506852]
131,23,3003,1,0.013521089372387945,2.654461924872944,True,False,[15],[0.05057386356746133]
132,6,2552,1,0.010129158716479491,2.6226739259946097,True,False,[5],[0.12588032987580616]
132,7,2960,1,0.01143871119462088,5.230394278873311,True,False,[15],[0.06412410532669396]
132,8,2780,1,0.010397095957842117,4.9421703451534595,True,False,[5],[0.12764297000157457]
132,9,1399,1,0.010944416226011267,2.631005065084592,True,False,[7],[0.12102279612501204]
132,11,2088,1,0.010948178953728249,2.621906611169037,True,False,[8],[0.11205063745995973]
132,15,2180,1,0.00784282700390527,4.265199172335636,True,False,[7],[0.1340963179227459]
132,16,1127,2,0.009079611323731656,2.0236117678038292,True,False,"[8, 16]","[0.11019966454498514, 0.1170828129985405]"
132,23,129,1,0.009029606559050548,3.2833503244401245,True,False,[8],[0.06809208987120856]
133,6,2552,3,0.007531241809716056,2.625339326067668,True,False,"[7, 12, 16]","[0.12479520665525662, 0.09486948049867085, 0.13167345896282795]"
133,8,2780,1,0.014152999320431868,4.8955022317306005,True,False,[15],[0.03790255281717285]
133,11,2088,2,0.007736932943578853,2.6337486793171827,True,False,"[8, 12]","[0.12477181118579403, 0.11425019879222582]"
133,15,3180,1,0.06841076112922924,1.9931833316821699,True,False,[15],[0.06366484828287572]
133,16,2180,1,0.009604977668032389,4.338952225265372,True,False,[5],[0.09544594480630458]
133,17,1127,1,0.010457727715620597,2.0282788576054256,True,False,[16],[0.139459684641655]
133,23,129,1,0.01044227794055065,3.2807180987205236,True,False,[7],[0.09951754498498358]
134,6,2552,1,0.00931334366034821,2.626899952462231,True,False,[12],[0.08492456427811099]
134,7,2960,1,0.0107836341894333,5.218962608379736,True,False,[15],[0.06308559805024565]
134,11,2088,2,0.00846925354878169,2.643275658335642,True,False,"[7, 12]","[0.1330842982451869, 0.10151833023189162]"
134,16,2180,1,0.00781812189164294,4.419063406785476,True,False,[7],[0.128983057146072]
134,17,1127,1,0.010289716183536017,2.0479985028081247,True,False,[8],[0.13881494602963987]
134,23,129,1,0.008845617979398123,3.279675150888838,True,False,[7],[0.08580266182122871]
135,7,2552,1,0.011283403315192599,2.6422275852490187,True,False,[12],[0.1282610201039837]
135,8,2960,2,0.007976558705416453,5.249260742579238,True,False,"[7, 15]","[0.13848626410113382, 0.03898497019235478]"
135,9,2780,1,0.011203468297295937,5.001006268628555,True,False,[5],[0.10537861206366733]
135,12,2088,2,0.007276998185294162,2.6584472766829688,True,False,"[8, 12]","[0.09922758399098788, 0.10164499652359817]"
135,13,2619,1,0.010800925291702899,1.9989990053147055,True,False,[15],[0.13354495038146535]
135,17,2180,2,0.007345619210617103,4.472952034024234,True,False,"[7, 12]","[0.11847951337364661, 0.11579880450823919]"
135,18,1127,1,0.01199123765082105,2.0619763826949162,True,False,[7],[0.14351265138163324]
135,23,129,1,0.00954966886278572,3.278463967246069,True,False,[7],[0.08616857843644667]
136,7,2552,1,0.010463205605894345,2.6541530008925727,True,False,[12],[0.13541831964266865]
136,9,2780,1,0.011121005151655221,5.109062996289485,True,False,[5],[0.0957364121622501]
136,10,1399,1,0.01018501337306877,2.6648144649202683,True,False,[8],[0.12073981724303677]
136,12,2088,3,0.0059698175379025754,2.6896344274068276,True,False,"[7, 8, 12]","[0.09231433007468956, 0.10143461077005189, 0.10689443237223602]"
136,17,2180,1,0.009541453477221856,4.576839927631089,True,False,[5],[0.08260777314840857]
136,18,1127,2,0.006894460154248103,2.0819276710481205,True,False,"[8, 16]","[0.09210959597714902, 0.117470537655627]"
136,23,129,2,0.006129012750808915,3.31494958813821,True,False,"[7, 8]","[0.0815097268927255, 0.06606660177072275]"
137,7,2552,1,0.011174643528122521,2.6625751472008257,True,False,[12],[0.1421618510135709]
137,8,2960,1,0.01489369016924494,5.182310183940869,True,False,[15],[0.04523826599589845]
137,11,3283,1,0.08881707095061761,2.896970062795782,True,False,[15],[0.08109497532577685]
137,13,2088,1,0.00949833452145511,2.691739991413024,True,False,[12],[0.06638799133676296]
137,23,129,1,0.010494411048042237,3.314829098783932,True,False,[7],[0.08857033294663942]
138,7,2552,1,0.009878654443146583,2.6690369278075172,True,False,[12],[0.14051872772335658]
138,9,2780,1,0.010725238419815914,5.218513300838069,True,False,[5],[0.08842624581414385]
138,10,1399,2,0.007180765465162589,2.6950605714231823,True,False,"[7, 8]","[0.10602386125206646, 0.12593774326380042]"
138,13,2088,1,0.010762654069231834,2.694000631567258,True,False,[12],[0.0798084795785737]
138,18,2180,1,0.008410059339252129,4.6657274349600755,True,False,[7],[0.13625204578611705]
138,19,1127,3,0.006065486056560968,2.0928333833708033,True,False,"[8, 12, 16]","[0.1531424034157543, 0.1141769792862447, 0.1189118514277772]"
139,8,2960,1,0.009887729839196994,5.298774137650865,True,False,[5],[0.11186903277916053]
139,10,1399,1,0.010548873051240646,2.6980807509889977,True,False,[12],[0.12403922342114361]
139,13,2088,2,0.007449035980259315,2.700418972124945,True,False,"[7, 8]","[0.10988764604654556, 0.11091436983734626]"
139,23,129,1,0.008252039926474672,3.3850646285566537,True,False,[8],[0.07294005170648321]
140,7,2552,1,0.010199403352874425,2.675412824635136,True,False,[12],[0.14029026255982727]
140,8,2960,1,0.014490078751352706,5.232554278773219,True,False,[15],[0.03526896387428705]
140,10,1399,1,0.011146496246832394,2.70197066253219,True,False,[12],[0.1230580274195328]
140,18,2180,1,0.011275317021453228,4.746284819200334,True,False,[5],[0.1170956511673524]
140,19,1127,1,0.009988841637478308,2.097248456853672,True,False,[16],[0.11966837807730507]
140,23,129,1,0.008648939568743505,3.4479065740197967,True,False,[8],[0.078811925049335]
141,8,2960,1,0.009697607881655936,5.352670944110531,True,False,[5],[0.10090115197249115]
141,10,1399,2,0.007040112623787189,2.7273765745479164,True,False,"[8, 12]","[0.11900885318645703, 0.10870084971278395]"
141,13,2088,1,0.010281552021471635,2.700653873616631,True,False,[12],[0.07097454935187159]
141,18,2180,1,0.011769263309081863,4.822787496732871,True,False,[5],[0.11455934757162785]
141,22,3180,1,0.011992590401507196,2.003072904020455,True,False,[15],[0.08518990550084882]
141,23,129,1,0.009465404445018056,3.448711275473888,True,False,[7],[0.08224127344473389]
142,10,1399,2,0.006699830481235908,2.766064777894163,True,False,"[7, 8]","[0.10333524921392015, 0.10526213091955536]"
142,18,2180,1,0.007753528650333439,4.914771564372262,True,False,[7],[0.1278282725570984]
142,19,1127,3,0.007198298725466085,2.116097806914456,True,False,"[7, 8, 16]","[0.14206846623371602, 0.14738194672761967, 0.1332030208825198]"
142,20,2088,2,0.0068810370865561256,2.7033704077813177,True,False,"[8, 12]","[0.13706408634118103, 0.15815128155866556]"
143,7,2552,1,0.010656468073092853,2.697203249949499,True,False,[8],[0.13383970862966763]
143,10,1399,1,0.009608106380393545,2.766394927776488,True,False,[12],[0.1057080777218211]
143,19,2180,1,0.010306051211746062,4.92339831247149,True,False,[12],[0.11291467985338668]
143,21,1127,3,0.008018448610763732,2.1231483211018762,True,False,"[7, 12, 16]","[0.13600991825825376, 0.05950504852925098, 0.15164859464651523]"
143,22,2088,2,0.006782060745214047,2.706217718499545,True,False,"[7, 12]","[0.11696695627368972, 0.10401313844246081]"
143,23,3180,1,0.012193675299600632,2.002665292785759,True,False,[15],[0.05029210174361236]
144,7,2552,2,0.008038367675414354,2.6894448237733357,True,False,"[12, 16]","[0.13466472905048016, 0.09311855888671243]"
144,10,1399,1,0.00831431476484818,2.8260917198627027,True,False,[8],[0.0992064833043301]
144,17,3416,1,0.04262156355732291,5.507571011431385,True,False,[5],[0.07585540347828833]
144,20,2780,1,0.011796503934077721,5.230959384690113,True,False,[15],[0.1257434359771224]
144,21,1127,2,0.007406643285083883,2.134498942608989,True,False,"[8, 12]","[0.1137384831856095, 0.07689648552935457]"
144,22,2088,1,0.009847623167810576,2.744412011505909,True,False,[8],[0.10030835828801854]
145,3,2710,1,0.010933147597378515,2.0876287812275165,True,False,[15],[0.10328417347324592]
145,7,2552,1,0.011241595052359696,2.7500215649326973,True,False,[5],[0.10754420379374481]
145,19,2960,1,0.01072976369874481,5.354049038165994,True,False,[15],[0.07499449411193802]
145,21,1127,3,0.006531218761672127,2.1402648435840144,True,False,"[8, 12, 16]","[0.11783177672332017, 0.10247146750486448, 0.14243891870791744]"
145,22,2088,1,0.009020498469130377,2.7479511588194647,True,False,[12],[0.11291926809680458]
145,23,2180,1,0.011785856214146634,4.924007946741014,True,False,[12],[0.09690959542181798]
146,7,2552,2,0.006897182371914742,2.7673262445030575,True,False,"[7, 12]","[0.11816138121663865, 0.1380893103057529]"
146,9,3417,1,0.050819175446088924,5.862073105402661,True,False,[5],[0.07412808670187382]
146,19,2960,1,0.010423022536826927,5.356947272434109,True,False,[15],[0.06842108030040213]
146,20,2780,1,0.011582320264963782,5.24352068134071,True,False,[15],[0.11517137111976672]
146,23,2180,1,0.00944183526652896,5.0343497527381755,True,False,[5],[0.12964332620044472]
147,10,3441,1,0.11866067925135489,6.782642709005212,True,False,[5],[0.11352709243639832]
147,11,3417,1,0.011153965365114914,5.974452978251963,True,False,[5],[0.1368835797468318]
147,12,1399,1,0.009354613306939296,2.8268924181593538,True,False,[12],[0.09903218205214712]
147,21,2960,1,0.011196949007273634,5.353093823829984,True,False,[15],[0.11464876439595872]
147,23,1127,1,0.010898169430694712,2.149917296752811,True,False,[5],[0.13364473795825602]
148,9,2552,1,0.01057203881249036,2.8185929942923034,True,False,[5],[0.08458739813344339]
148,13,3283,1,0.01081622684839862,2.9108655776569554,True,False,[15],[0.12146140255224334]
148,22,2780,1,0.012418424931715223,5.253050586321288,True,False,[15],[0.08318567260515514]
148,23,1127,3,0.006577876706246281,2.1603545598834732,True,False,"[7, 8, 16]","[0.09320870198411589, 0.08176225290862615, 0.10440806370388842]"
149,8,2552,1,0.009488448016992914,2.8889667487847053,True,False,[5],[0.09166492346492594]
149,11,1399,1,0.011128326492250441,2.8434568441615924,True,False,[8],[0.13969973262946778]
149,19,2960,1,0.010483068997102645,5.356709450683112,True,False,[15],[0.06249004647287774]
149,20,2780,1,0.010303106922722774,5.367224152797452,True,False,[5],[0.12434939688187528]
149,21,1127,3,0.007252214686046048,2.1658110808801534,True,False,"[8, 12, 16]","[0.1265251683983519, 0.10743139350040302, 0.13335315499273726]"
150,7,2552,1,0.008952549914638753,2.8887505671759515,True,False,[12],[0.14085545669908114]
150,10,1399,2,0.006791609753060841,2.8705747993509076,True,False,"[8, 12]","[0.10565152865185891, 0.11346124545104994]"
150,19,2960,1,0.010179872652908924,5.347150651295806,True,False,[15],[0.0552220157757274]
150,21,1127,2,0.009046419110377513,2.171947309630308,True,False,"[8, 12]","[0.1282562501875049, 0.12367266545294472]"
151,9,2552,2,0.008595636823865679,2.899919098536929,True,False,"[12, 16]","[0.08515583199099487, 0.1147082295566583]"
151,14,3283,1,0.009767164184465488,2.929671521131579,True,False,[15],[0.09126986948237062]
151,22,2960,1,0.011657265651311373,5.357024180895287,True,False,[15],[0.07457178609628097]
151,23,2780,1,0.010871593463107065,5.483169948568052,True,False,[5],[0.1165276234443433]
152,12,3441,1,0.014428191739551162,6.79288368978996,True,False,[11],[0.05036753973784366]
152,22,2960,2,0.007173770143554635,5.416214996598459,True,False,"[7, 15]","[0.10857486199317115, 0.06844274150407828]"
153,10,2552,1,0.009053824433086196,2.902444890211648,True,False,[12],[0.10723934435584784]
153,12,3417,1,0.009722140551563393,6.083585166117884,True,False,[5],[0.07332318805572045]
153,23,2780,1,0.010663156995149574,5.60143367855534,True,False,[5],[0.10417634111136438]
154,10,2552,1,0.009449047552741393,2.9026172668534547,True,False,[12],[0.11003677751811494]
154,12,3417,1,0.010715123765503168,6.080789450304008,True,False,[15],[0.10500059574981982]
154,22,3441,1,0.010795444660127244,6.940318684649393,True,False,[5],[0.09356261011651563]
155,11,2552,1,0.0121337285035071,2.8664861206619263,True,False,[16],[0.16907504792808628]
155,13,3417,1,0.00749759892442445,6.205070592343738,True,False,[7],[0.1024928544707334]
155,14,1399,1,0.012011961623671784,2.8689164371595286,True,False,[12],[0.07278315577806264]
156,12,2552,2,0.007913396959363724,2.8912664065813383,True,False,"[7, 16]","[0.08825003555228474, 0.10002454616558926]"
156,14,3417,1,0.008880653710260198,6.343853408486989,True,False,[5],[0.08932830036502347]
157,2,3589,1,0.06617027187183665,3.3988628071327556,True,False,[15],[0.09190894286636007]
157,11,2552,2,0.007527610120371502,2.8883558945843855,True,False,"[12, 16]","[0.10150390191119042, 0.16443607053976578]"
157,16,3744,1,0.016485556983457064,3.4045352078125304,True,False,[15],[0.13263083012867746]
157,22,3441,1,0.01091171964868773,7.090496693348212,True,False,[5],[0.0872508742311469]
157,23,2780,1,0.010374797700625679,5.725459442064129,True,False,[5],[0.09157470723319164]
158,11,2552,1,0.009506524561783036,2.919607797720051,True,False,[12],[0.09465399290459127]
158,14,3626,1,0.02290377063079286,3.3871377158200784,True,False,[15],[0.0818780329078573]
158,16,3744,1,0.009644566781307038,3.427400513064748,True,False,[15],[0.11788642250234727]
159,9,2552,2,0.007319240125448039,2.9436029259698024,True,False,"[7, 16]","[0.11799220058208926, 0.11590979430245527]"
159,22,2780,1,0.01103757012607472,5.846368555430728,True,False,[5],[0.08134476815594387]
160,9,2552,1,0.010717002550993813,3.002358143432201,True,False,[5],[0.08098470444162877]
161,10,2552,1,0.008294660810306,3.0071315659986744,True,False,[12],[0.10704680708515828]
162,11,2552,2,0.00661559234250998,3.0568009353113426,True,False,"[7, 12]","[0.12572267283934813, 0.08876306450995042]"
162,22,3441,1,0.011029509608791071,7.242810734234656,True,False,[5],[0.07552118863859493]
163,23,2780,1,0.010119269080306758,5.978793691203447,True,False,[5],[0.08143714142630855]
164,13,3888,1,0.041276022836134116,2.199775611856044,True,False,[15],[0.1063044814694431]
165,7,2552,1,0.008797866567901425,3.06157195712156,True,False,[12],[0.13104212816913682]
165,14,3589,1,0.009291555783682607,3.4170738465264354,True,False,[15],[0.07604985789498085]
166,7,2552,1,0.01008556784921022,3.0541217868970674,True,False,[12],[0.13676678973061848]
166,14,3589,1,0.009063771223010464,3.4387889724964418,True,False,[15],[0.06854000180889412]
166,22,3441,1,0.011291999143480566,7.39553184043362,True,False,[5],[0.06994664330725009]
166,23,2780,1,0.0100084425803588,6.116846980738227,True,False,[5],[0.07161412407230897]
167,7,2552,1,0.008458477851585714,3.091811431946255,True,False,[7],[0.10805520887596795]
168,8,2552,1,0.0090062803505156,3.1669632353314436,True,False,[5],[0.09483212974594127]
169,9,2552,1,0.009764661964662946,3.171707310453683,True,False,[12],[0.08434779417182971]
169,22,3441,1,0.011953472985191355,7.410766516867861,True,False,[15],[0.062034507822435414]
170,6,3916,1,0.048729486293877466,2.105869769254663,True,False,[15],[0.13424156582850877]
171,2,4082,1,0.08071422201642187,4.154991810420327,True,False,[15],[0.08194839351546059]
171,11,2552,1,0.007578162543645649,3.2286091345934023,True,False,[7],[0.11989039774575688]
172,10,2552,1,0.008311817730764982,3.2351147619757006,True,False,[12],[0.11072499525743358]
173,13,3626,1,0.010073859868738442,3.4079477490590233,True,False,[15],[0.09631767360196636]
173,15,4082,1,0.012317040192266551,4.147242899623133,True,False,[15],[0.05753427372498884]
174,11,2552,1,0.008769972815067209,3.2809693344230793,True,False,[12],[0.08531515456323442]
176,11,2552,1,0.009406700852554434,3.324434762568668,True,False,[12],[0.08528076653109183]
178,15,3626,1,0.01193696690942094,3.404818418934301,True,False,[15],[0.053300654300573944]
178,21,2552,1,0.011979881169580707,3.3160842863418765,True,False,[16],[0.13366080361271573]
179,2,4122,1,0.13607090647595205,3.6462162353507606,True,False,[15],[0.07173678737227603]
179,21,2552,2,0.0072548231730389,3.341859505507853,True,False,"[7, 12]","[0.13219477405032848, 0.11783884295974581]"
183,22,2552,1,0.007713552733204493,3.3534287297815157,True,False,[12],[0.10098397571319097]
185,0,4312,1,0.08482611568195858,2.5496416925606544,True,False,[8],[0.12341265029431563]
185,21,2552,1,0.008687416679435445,3.370790507129933,True,False,[12],[0.11073496910110613]
187,3,4122,1,0.01073140873956786,3.6714677205434665,True,False,[15],[0.09143737995578348]
189,19,4531,1,0.05876040970451196,4.479350300228863,True,False,[15],[0.04891411028310108]
190,3,4122,1,0.010583257431203082,3.708365718927082,True,False,[15],[0.0808395792217043]
191,19,4531,1,0.009771289445572623,4.505477562335677,True,False,[15],[0.04398186503465997]
193,20,4531,1,0.011350919775618086,4.517680568000378,True,False,[15],[0.10180900965417708]
197,20,4700,1,0.06536902239278665,4.472662341168994,True,False,[15],[0.0906928649641273]
198,20,4700,1,0.011309676284112674,4.47573515200306,True,False,[15],[0.08145078023639955]
203,21,4700,1,0.010571490465191442,4.486194862008431,True,False,[15],[0.10111979257190251]
207,5,4941,1,0.052047208305581405,4.596375107103602,True,False,[15],[0.08172047232955731]
229,5,4941,1,0.009550840413296317,4.662916345630134,True,False,[15],[0.07219528917135921]
231,4,5504,1,0.03651727031655743,4.937991776933526,True,False,[15],[0.11064561821575002]
298,23,6878,1,0.09777537182137122,3.888697723809658,True,False,[15],[0.04611600601731957]
320,23,7557,1,0.07657112988285943,6.349771629670237,True,False,[15],[0.0427823486514636]
451,22,10654,1,0.34761877658541246,54.04572800152395,True,False,[15],[0.05570281406661126]
462,20,10964,1,0.13231325591586723,56.47371441821455,True,False,[15],[0.07150518473594754]
