generation,parent_idx,lineage_id,m_active,A_delta_fro,condition_number_after,shrink_applied,psd_fallback,active_js,v_norms
1,0,0,1,0.01665432414575243,1.0254766864284575,True,False,[5],[0.031067291430910086]
1,2,2,1,0.016488495638431,1.0254766864284568,True,False,[7],[0.030469002804892828]
1,3,3,1,0.015926815002910877,1.0254766864284575,True,False,[11],[0.02220128424504817]
1,4,4,1,0.016189759371167095,1.025476686428457,True,False,[5],[0.03613152177887173]
1,5,5,2,0.01666611069700077,1.0254766864284575,True,False,"[7, 11]","[0.0374803650479349, 0.0374803650479349]"
1,6,6,1,0.016260404879340815,1.025476686428458,True,False,[15],[0.042563369653543966]
1,8,8,1,0.016251824491043475,1.025476686428457,True,False,[7],[0.025254078051888926]
1,10,10,2,0.016532258515318612,1.0254766864284575,True,False,"[7, 16]","[0.023616832986802585, 0.023616832986802585]"
1,11,11,1,0.016490391570527223,1.0254766864284575,True,False,[7],[0.02633353455797614]
1,13,13,1,0.014961700602368426,1.0254766864284572,True,False,[7],[0.028615790013396963]
1,14,14,1,0.016118865575541905,1.0254766864284581,True,False,[5],[0.037151121300582124]
1,15,15,1,0.016286285032965336,1.0254766864284572,True,False,[5],[0.034104265518639904]
1,16,16,1,0.015547690466509103,1.0254766864284575,True,False,[5],[0.03931614596099621]
1,17,17,1,0.015856102842014407,1.0254766864284568,True,False,[16],[0.033564224993877165]
1,18,18,2,0.016049347848953652,1.0254766864284572,True,False,"[7, 11]","[0.03763249073869191, 0.03763249073869191]"
1,19,19,1,0.014981174845926346,1.0254766864284577,True,False,[8],[0.03676484535750443]
1,20,20,1,0.016481707026458525,1.025476686428457,True,False,[5],[0.03658428688061222]
1,21,21,1,0.016346072615596785,1.0254766864284575,True,False,[5],[0.03328186645126321]
1,22,22,1,0.015472660110350171,1.0254766864284572,True,False,[7],[0.02937243446371338]
1,23,23,1,0.015656055134769684,1.0254766864284572,True,False,[16],[0.03550448581456283]
2,0,0,1,0.015891130747664805,1.0391990850377428,True,False,[6],[0.04094127137010638]
2,1,7,1,0.01615483838810781,1.0254766864284568,True,False,[7],[0.03771520359126167]
2,2,16,1,0.016065057729374787,1.039865444575836,True,False,[5],[0.029293373856203855]
2,5,13,2,0.01628412310788002,1.0400515409989575,True,False,"[7, 8]","[0.06287626417546024, 0.03323592381779461]"
2,6,12,1,0.015575981999358442,1.0254766864284581,True,False,[5],[0.036005061478461324]
2,7,36,1,0.0540230080468932,1.165998470407943,True,False,[16],[0.030755910750875505]
2,8,4,1,0.015460712452388413,1.0334090680589336,True,False,[12],[0.024522168286270206]
2,11,22,1,0.014906566471532663,1.040253453198969,True,False,[7],[0.044742419007599954]
2,12,14,1,0.016624311448147477,1.0286702903488816,True,False,[7],[0.04418470818373938]
2,13,20,1,0.016470284761890684,1.0428020284093795,True,False,[5],[0.028400323520792182]
2,14,21,2,0.016380706727822693,1.0290552554176962,True,False,"[12, 16]","[0.016483234749821406, 0.016483234749821406]"
2,15,10,1,0.013964289671983534,1.0322809818291123,True,False,[7],[0.0308494321439438]
2,16,15,1,0.01652294130126438,1.0298360352544953,True,False,[5],[0.024919703671303]
2,17,23,2,0.012812731972777033,1.0339101410820533,True,False,"[6, 16]","[0.040559387761298256, 0.04602976079459549]"
2,20,5,1,0.016120775992644037,1.032861949782739,True,False,[7],[0.026791520552887565]
2,21,18,1,0.01657891842581591,1.0361859559881887,True,False,[5],[0.04445024049315327]
2,22,3,2,0.01623896765300478,1.0317378690347205,True,False,"[12, 15]","[0.018062288667454532, 0.018062288667454532]"
2,23,1,2,0.016541048785031546,1.025476686428458,True,False,"[9, 17]","[0.03873649292202583, 0.03873649292202583]"
3,0,0,2,0.015190350765107847,1.0556766931093748,True,False,"[6, 15]","[0.05903193070551755, 0.031067781485187743]"
3,1,7,1,0.016015238917225852,1.04074255146216,True,False,[8],[0.02823944639087204]
3,2,16,1,0.015900171453576577,1.0591591898275612,True,False,[8],[0.046716014382315776]
3,3,17,3,0.01565633877859037,1.0267437151501855,True,False,"[7, 15, 16]","[0.033253684103284144, 0.033253684103284144, 0.033253684103284144]"
3,4,19,1,0.015512976974487025,1.039453104605173,True,False,[5],[0.0561579788696894]
3,5,13,2,0.013543305742138025,1.0439318573919298,True,False,"[8, 16]","[0.038281123006943356, 0.03331637225271909]"
3,7,36,2,0.013981908868546887,1.1699239038671505,True,False,"[7, 16]","[0.036528789130796525, 0.042662507176105355]"
3,8,57,1,0.0717575234572988,1.2540575640562217,True,False,[7],[0.02629209502971329]
3,9,4,1,0.016359970725686686,1.0395545647546052,True,False,[7],[0.025562532222524543]
3,10,8,1,0.015554848994387731,1.039823011562589,True,False,[7],[0.043622595425612615]
3,11,66,1,0.029330792550961875,1.088074158708937,True,False,[11],[0.04071536128884421]
3,12,20,1,0.016152019876530053,1.0455796847711432,True,False,[5],[0.024186040455959432]
3,13,21,2,0.016062985398369582,1.0471523405112415,True,False,"[12, 16]","[0.038339551133739116, 0.038339551133739116]"
3,14,52,2,0.025582802741459274,1.088589675150634,True,False,"[7, 16]","[0.035907005902426056, 0.034932227452364226]"
3,15,2,1,0.015070696860083235,1.028018547949694,True,False,[8],[0.03910423867386589]
3,16,22,1,0.01340642901814715,1.0444595188598274,True,False,[11],[0.029087064404494135]
3,17,14,1,0.012751919485413654,1.0488617343662543,True,False,[16],[0.07321498240237422]
3,18,10,2,0.012218994853138007,1.0365684162639428,True,False,"[7, 16]","[0.0315701686502552, 0.03394036112302324]"
3,19,15,1,0.016593771961979455,1.0421798909084545,True,False,[5],[0.017376548039507802]
3,20,23,1,0.015677336472679736,1.052882377836053,True,False,[5],[0.03614932102666167]
3,22,6,2,0.012646650320555905,1.027540367419128,True,False,"[7, 15]","[0.0389258378229589, 0.029366109033873346]"
3,23,3,1,0.01603775923681121,1.0397258021012725,True,False,[7],[0.017244681184135958]
4,0,0,1,0.01581220175589603,1.0802269317752347,True,False,[6],[0.06253546614082714]
4,1,7,1,0.016724944134149676,1.053302995956148,True,False,[8],[0.028994739673950335]
4,2,16,2,0.012296833636943229,1.0709383848477019,True,False,"[7, 8]","[0.048828615794141814, 0.062139604201273534]"
4,3,17,2,0.014321636325894534,1.0401745492103813,True,False,"[8, 16]","[0.02742192337422375, 0.04409868665121114]"
4,5,13,3,0.012966192658793374,1.0480343325077552,True,False,"[7, 15, 16]","[0.07290890461658578, 0.05273500916475732, 0.06327560912304203]"
4,6,12,1,0.014877087424079142,1.0258005786608324,True,False,[7],[0.0328118324089076]
4,7,36,1,0.01328238128508491,1.172629284370214,True,False,[5],[0.037918672915406286]
4,8,57,1,0.015276647237541685,1.2613165915273075,True,False,[5],[0.02744468857251483]
4,9,4,1,0.016098045124850427,1.044638010881968,True,False,[5],[0.034471950064870645]
4,11,66,1,0.01490964494386327,1.1025378908937067,True,False,[7],[0.047639600526757996]
4,12,20,1,0.01583284372345775,1.0455799099839866,True,False,[7],[0.06546059145071356]
4,13,21,3,0.012172783124299535,1.0541499986635043,True,False,"[7, 9, 12]","[0.04564885331570345, 0.027481461497100144, 0.034453587020058005]"
4,14,52,1,0.015532355395922159,1.098559286698538,True,False,[5],[0.04140796833891047]
4,15,2,1,0.015738605394442117,1.0335338211971912,True,False,[5],[0.04236856866900775]
4,16,22,1,0.01655444730731745,1.0522961175381962,True,False,[16],[0.045337471987060785]
4,17,14,1,0.015880133256635166,1.050585678106269,True,False,[11],[0.025506721496426767]
4,18,10,1,0.016464888014711274,1.0402291784081052,True,False,[5],[0.03182983116731706]
4,19,15,1,0.016331698659853126,1.051604506539326,True,False,[7],[0.04070753596785065]
4,20,23,1,0.015905832520520018,1.0681326251504801,True,False,[5],[0.05671543336534991]
4,22,78,1,0.024328997625754495,1.0803086674487024,True,False,[7],[0.05940651958157335]
4,23,6,1,0.015823686766128442,1.0521734050229026,True,False,[15],[0.024468899544885375]
5,0,0,1,0.01614929284253856,1.089731134572917,True,False,[5],[0.061957631292895436]
5,1,7,1,0.016432459493399016,1.0587170745905392,True,False,[5],[0.025658515432820675]
5,2,16,1,0.015877406999362426,1.0735943691016685,True,False,[7],[0.04487207496677631]
5,3,17,1,0.016145496379628504,1.0576389547229743,True,False,[16],[0.04481991347307063]
5,4,19,2,0.016248512458034152,1.0534683357495436,True,False,"[8, 15]","[0.04116880853032312, 0.04116880853032312]"
5,5,13,1,0.015950125336340368,1.0571932338147256,True,False,[8],[0.04940639642217268]
5,6,12,1,0.01585124363545261,1.048729322429789,True,False,[7],[0.06377953285228609]
5,7,36,2,0.0138056110298019,1.1775565912430015,True,False,"[15, 16]","[0.028488507757198456, 0.05436809121486223]"
5,8,57,1,0.0160248144922874,1.2638046941538577,True,False,[16],[0.03167413370498716]
5,9,4,1,0.0165435449270297,1.069673528724039,True,False,[7],[0.05577940508419088]
5,10,8,1,0.01596485689547414,1.057942630139932,True,False,[7],[0.0663230107977813]
5,11,66,1,0.015672539932108806,1.1117523988671896,True,False,[5],[0.024541614015794376]
5,12,20,1,0.01556562456226413,1.0596317079305255,True,False,[7],[0.064278504674138]
5,13,21,3,0.01293857076834349,1.0650129047909502,True,False,"[9, 12, 16]","[0.03805707216664309, 0.04907729121060384, 0.049492497042417635]"
5,15,2,1,0.015165647978779425,1.0395078126640154,True,False,[16],[0.033051258371109574]
5,16,22,1,0.015846727282983347,1.0542781431189323,True,False,[5],[0.033148918271908856]
5,17,14,1,0.016364244153057945,1.0585967673755659,True,False,[5],[0.03686052950625854]
5,18,10,2,0.014274092486181974,1.0431165242071236,True,False,"[6, 7]","[0.04641223109959382, 0.06330750192376705]"
5,19,15,1,0.015240550723650888,1.0518775283629562,True,False,[5],[0.03521338292050544]
5,20,23,1,0.015411267427387458,1.090918960963259,True,False,[5],[0.09369734017837307]
5,22,78,2,0.013248376291623728,1.087828237513559,True,False,"[7, 16]","[0.06649388980482501, 0.03538163549720915]"
5,23,6,1,0.01646517428713415,1.0521735984664518,True,False,[7],[0.026971565942919995]
6,0,0,1,0.016288014794601343,1.0939950294571532,True,False,[16],[0.03052257136669438]
6,1,7,1,0.01580494640816045,1.0618477058613847,True,False,[15],[0.035014248864260716]
6,2,16,1,0.015481917947177778,1.0855314171681938,True,False,[5],[0.04673798631863541]
6,3,17,1,0.01564077679171886,1.0582351765951126,True,False,[8],[0.02797848605038058]
6,4,19,1,0.016142983026613794,1.0742817244247327,True,False,[5],[0.07470670984619444]
6,5,13,2,0.014182334903190522,1.0666499953456254,True,False,"[8, 15]","[0.0635267688585846, 0.07654672627869433]"
6,7,36,2,0.014732582018519404,1.1776298776764862,True,False,"[6, 15]","[0.029615655778032712, 0.048871794719117914]"
6,8,57,1,0.014822853283646199,1.2823139503134444,True,False,[7],[0.045282929171015514]
6,9,4,1,0.016418562743824302,1.076174171995865,True,False,[12],[0.03926368398983887]
6,10,8,1,0.01560982535126046,1.0800017402342086,True,False,[7],[0.06683593236113823]
6,12,20,1,0.015334295542467192,1.085003071131822,True,False,[7],[0.06287800860857777]
6,13,21,2,0.011184399070480801,1.0749187195064378,True,False,"[7, 16]","[0.05279010920399497, 0.05096616878188713]"
6,14,52,1,0.016542832621912272,1.0817713970101595,True,False,[7],[0.06463724418958317]
6,15,2,1,0.016234486977551164,1.040184643000032,True,False,[7],[0.0424948410070206]
6,16,22,1,0.016088618787615347,1.0613347339750616,True,False,[7],[0.03522882825903649]
6,17,14,1,0.016265355515893722,1.0788624009820846,True,False,[5],[0.047378960760393087]
6,18,10,2,0.014319789433682313,1.0580592272398182,True,False,"[7, 16]","[0.07085939384875363, 0.06212479471188116]"
6,19,15,1,0.015850558475823125,1.0602689629403763,True,False,[5],[0.0441689547367773]
6,20,23,1,0.01594832010326974,1.0974152454217443,True,False,[7],[0.04457950744601059]
6,23,6,1,0.015420660948057482,1.057994811239708,True,False,[5],[0.022104587717300332]
7,0,0,2,0.01516830151459355,1.106559073551468,True,False,"[6, 17]","[0.09347246038303877, 0.048297916623969164]"
7,1,7,1,0.01590790895044083,1.0761359820673448,True,False,[7],[0.0420499178736454]
7,2,16,1,0.015864792295574,1.0996295656548836,True,False,[5],[0.04673124286062769]
7,3,17,3,0.0100245089600767,1.0676639851064613,True,False,"[8, 15, 16]","[0.03797816290927094, 0.03437000458560359, 0.04307906374925836]"
7,5,13,1,0.016135166406096597,1.0736663000727664,True,False,[5],[0.021143174114445714]
7,6,12,1,0.015916924797180182,1.0509365979118812,True,False,[5],[0.05747837227927831]
7,7,36,2,0.014743973310914297,1.2044557294714007,True,False,"[7, 16]","[0.07720473717896204, 0.09375375751648822]"
7,8,57,1,0.01496261901138804,1.2859050656689803,True,False,[16],[0.059784250382483105]
7,9,4,2,0.011373893921839691,1.0879300912915462,True,False,"[7, 12]","[0.07295881001118797, 0.03683348036439244]"
7,10,8,1,0.014500298634583053,1.1034740021601124,True,False,[7],[0.08442744804746352]
7,12,66,1,0.015545834766843562,1.1167924431438316,True,False,[8],[0.034445989837756395]
7,13,20,1,0.016452878401330074,1.0947034962954592,True,False,[5],[0.04837707811391574]
7,14,21,2,0.013505195159232136,1.0846556381313581,True,False,"[7, 16]","[0.06439421752038517, 0.041880087447617134]"
7,15,52,1,0.015441194962162572,1.0904055562613921,True,False,[5],[0.036540713550204294]
7,16,2,2,0.013653152242826162,1.0478953972861904,True,False,"[8, 16]","[0.041025280995259886, 0.051507456010224]"
7,17,22,1,0.015554511321125744,1.0626630536193389,True,False,[5],[0.05264030093791618]
7,18,14,2,0.012073106143457423,1.0758446273024487,True,False,"[7, 11]","[0.08590797098398907, 0.07151257201329954]"
7,19,10,2,0.011277090474351924,1.0569494228793335,True,False,"[7, 8]","[0.031779410364132794, 0.05973879395410032]"
7,20,15,1,0.01563922161857326,1.0753920334531932,True,False,[5],[0.0972874502838199]
7,21,23,1,0.015210232326310344,1.1026680111794493,True,False,[6],[0.027443911887674928]
7,23,6,1,0.016160605651733245,1.0702568837482556,True,False,[5],[0.03430245581534263]
8,0,0,1,0.015787979432290454,1.122967731172688,True,False,[6],[0.11219214773144602]
8,1,7,1,0.01592506463961603,1.0949909312256072,True,False,[8],[0.043767723970508716]
8,2,16,1,0.016135445884559944,1.117235924565371,True,False,[5],[0.05944442718058472]
8,3,17,2,0.015792765185131515,1.0751538475294335,True,False,"[7, 15]","[0.07031853377711984, 0.0675644905465681]"
8,4,19,1,0.016422615638463457,1.0950730657812646,True,False,[5],[0.09481801501579426]
8,5,13,3,0.010400825715093924,1.0866807794938762,True,False,"[8, 12, 16]","[0.0535591518057579, 0.02721444379197001, 0.057189371002260535]"
8,6,12,1,0.015935439552304836,1.0707638028473965,True,False,[7],[0.0662960834385833]
8,7,36,1,0.014688810821543401,1.233227139534086,True,False,[16],[0.10441188404552366]
8,8,57,1,0.015299123789595715,1.3015963735016434,True,False,[7],[0.0508449612143062]
8,9,4,1,0.01308546198934221,1.0930727545483274,True,False,[15],[0.02965905073546496]
8,10,8,1,0.01549885780066192,1.1159748378439494,True,False,[5],[0.02605387510225109]
8,13,20,1,0.015004927550406888,1.1086994593729347,True,False,[7],[0.06295916722349146]
8,14,21,1,0.015588859843617445,1.1013303309342244,True,False,[5],[0.05306269037110394]
8,15,52,1,0.015275652551756384,1.0997732312539652,True,False,[12],[0.031214750978747978]
8,16,2,2,0.012925325474307846,1.057104915814521,True,False,"[7, 16]","[0.04636404280147976, 0.06001849362984239]"
8,17,22,2,0.01338153063594844,1.0544511064499544,True,False,"[7, 16]","[0.03356369556437093, 0.08488156356759338]"
8,18,14,1,0.016002322499300375,1.082217962557114,True,False,[8],[0.03424603514105068]
8,19,10,1,0.015977044290954884,1.070235842194439,True,False,[5],[0.0651830872829391]
8,20,15,1,0.01571009099777968,1.0965185802007764,True,False,[5],[0.10645330693326417]
8,21,23,1,0.01589985170972519,1.1187606189650083,True,False,[5],[0.06034972109437406]
8,22,11,1,0.016027431133317567,1.0475327371832652,True,False,[7],[0.0772767236767454]
8,23,6,2,0.011592806551767025,1.0748719921984107,True,False,"[7, 15]","[0.025095998570006373, 0.03087459262260163]"
9,0,0,3,0.011678824635375578,1.1291761575689427,True,False,"[6, 15, 16]","[0.11594677848543676, 0.04536528897532068, 0.05267421584728799]"
9,1,7,1,0.015360275440037041,1.1068792566021348,True,False,[7],[0.07680356629796403]
9,4,19,2,0.011215202180594396,1.1066590095326059,True,False,"[7, 15]","[0.016033015000218465, 0.03680375982808282]"
9,5,13,1,0.016202996553076825,1.102079941051343,True,False,[12],[0.043323866033195206]
9,6,12,1,0.01542548289940805,1.08858326860967,True,False,[6],[0.042442122642650175]
9,7,36,1,0.01496576763445859,1.2357907408384174,True,False,[5],[0.045828105294183956]
9,8,57,1,0.015515484027877013,1.3046561021490073,True,False,[5],[0.06959777681221734]
9,9,4,2,0.014175300705288184,1.108842531154523,True,False,"[7, 8]","[0.09943643098161839, 0.051588116455356006]"
9,10,8,1,0.014046424224725846,1.1414628614010285,True,False,[7],[0.0762094310943177]
9,11,166,1,0.016553601611270348,1.1114785555490934,True,False,[15],[0.036430233450649996]
9,12,66,1,0.013576886424077957,1.1388329351852284,True,False,[7],[0.061182188771469366]
9,13,20,1,0.014568618342447862,1.1282126811024107,True,False,[7],[0.059284901345005726]
9,14,21,2,0.01179118594252774,1.1060917161496038,True,False,"[7, 9]","[0.06434693467358381, 0.020286639021943356]"
9,15,52,1,0.015656327347401647,1.101691064839559,True,False,[7],[0.043694981270586124]
9,16,2,1,0.01558416488966927,1.0705576023307133,True,False,[8],[0.06333635329668635]
9,17,22,1,0.014560983726220444,1.067671056234891,True,False,[8],[0.030862536508168135]
9,19,10,1,0.015395876943710756,1.0918976157142197,True,False,[7],[0.051142091166629114]
9,20,15,1,0.01616457085578324,1.1174560134756628,True,False,[7],[0.05377295574925124]
9,21,23,1,0.014786055350934612,1.1220801096601325,True,False,[6],[0.04404785139433959]
9,22,11,1,0.015819075004627394,1.0714816864427759,True,False,[7],[0.07834786053563736]
9,23,6,1,0.016190807397149877,1.0837658570543396,True,False,[5],[0.04079953219552664]
10,0,0,1,0.016019069075617683,1.1391179919261145,True,False,[15],[0.05159003055087765]
10,2,16,1,0.015801082030436137,1.1399818363296945,True,False,[5],[0.04732483361166733]
10,3,17,1,0.015730239683365538,1.0867575623674501,True,False,[7],[0.08734852885557166]
10,4,19,1,0.016208607790127123,1.1193205088184683,True,False,[15],[0.04914721532693816]
10,5,234,1,0.026842251886177886,1.1260669498449447,True,False,[7],[0.08842703140635505]
10,6,12,1,0.015148948146572585,1.1102449291535965,True,False,[6],[0.05900639776557946]
10,7,36,2,0.01164245812792773,1.2457343831786543,True,False,"[15, 16]","[0.07972848366372308, 0.12205453143049608]"
10,8,13,1,0.014954230505002815,1.1041756766928232,True,False,[7],[0.06947180238599543]
10,9,57,1,0.016155059620883937,1.3079684328469807,True,False,[5],[0.044273466341930724]
10,11,8,1,0.016002160681173938,1.1411875481948466,True,False,[17],[0.02621032216167068]
10,14,20,1,0.016436379539866236,1.1283036713938983,True,False,[5],[0.05753066283595364]
10,15,21,3,0.013968541052473162,1.1140067801027373,True,False,"[9, 12, 16]","[0.026109845269050337, 0.048014275274933425, 0.04459647823922676]"
10,16,52,1,0.01535371004404686,1.1079500026789055,True,False,[7],[0.02695333931498377]
10,17,2,1,0.01458063269571398,1.0778073013837044,True,False,[8],[0.05879084393306272]
10,18,22,1,0.016168806891267602,1.0781063716044799,True,False,[16],[0.08460035577196698]
10,19,14,1,0.016142346440647368,1.0758882563881074,True,False,[16],[0.03715476089747869]
10,22,23,1,0.01575127827048629,1.1331779860455102,True,False,[7],[0.07821169077101729]
10,23,6,1,0.015705285521098435,1.0955747024198625,True,False,[7],[0.028011158311518444]
11,0,0,1,0.016184862446038013,1.1393864758844208,True,False,[7],[0.025423165292652646]
11,2,16,1,0.015986751281063295,1.1404751559412722,True,False,[7],[0.04995626432768833]
11,3,17,2,0.01171968303591642,1.0895924052458548,True,False,"[8, 16]","[0.03641855440500717, 0.04404455742487951]"
11,4,19,4,0.014203966559435892,1.1284838083290567,True,False,"[7, 8, 12, 15]","[0.05813626566569373, 0.058555603005588486, 0.0482962519069141, 0.07210119873756196]"
11,5,234,1,0.014695499636821189,1.1308162820979635,True,False,[16],[0.08914052378372737]
11,6,12,1,0.015769660355011345,1.128610237947208,True,False,[7],[0.06566559989172954]
11,7,36,1,0.015065565682385594,1.2521473410666866,True,False,[15],[0.08620648771451254]
11,8,13,3,0.013458107873927613,1.1052453214531524,True,False,"[8, 12, 16]","[0.03671840505691353, 0.043647340393189446, 0.08427492088607233]"
11,10,4,2,0.014514710001882312,1.1182932663600753,True,False,"[7, 11]","[0.09604255630329575, 0.04438537195227192]"
11,11,253,2,0.05048247517568326,1.255286891800153,True,False,"[7, 11]","[0.06338125953328959, 0.041298591522373654]"
11,12,260,1,0.034267294833525995,1.1937271849867372,True,False,[5],[0.035897677274336924]
11,13,66,1,0.015056561971898152,1.1547040140358895,True,False,[7],[0.06361614551951653]
11,14,8,2,0.010918161675213051,1.1453808171480937,True,False,"[7, 15]","[0.04913261539857735, 0.035711259323727935]"
11,15,166,3,0.014439926013612473,1.1055624132896769,True,False,"[6, 7, 15]","[0.052991168046329556, 0.0701871951164555, 0.052991168046329556]"
11,16,14,1,0.01524411342854901,1.0872394205818987,True,False,[7],[0.035852885929011195]
11,18,21,3,0.011284500357457424,1.1140825219959816,True,False,"[7, 9, 12]","[0.07053774676926569, 0.029930468881493498, 0.029930468881493498]"
11,19,52,1,0.015778750751045935,1.1144211867446958,True,False,[7],[0.05820636873225525]
11,20,2,2,0.015781194283872764,1.0780697704589475,True,False,"[15, 16]","[0.035899027432068666, 0.035899027432068666]"
11,21,22,1,0.016224749689170464,1.077350282706475,True,False,[5],[0.06794494985447339]
11,22,10,1,0.014948533219320218,1.0929669814226588,True,False,[16],[0.048562942360684924]
11,23,15,1,0.01476765469520442,1.114640759599642,True,False,[11],[0.028558944844699126]
12,0,0,1,0.013783154308927334,1.1441684940889891,True,False,[16],[0.060589725368666025]
12,3,17,2,0.01389718132610223,1.0910018039363005,True,False,"[8, 16]","[0.05152662503488475, 0.06037133442343654]"
12,4,19,1,0.01553173266031024,1.1301814874604286,True,False,[7],[0.07231842739459836]
12,5,234,1,0.014326444142493823,1.1224335164300958,True,False,[12],[0.04980568952299873]
12,6,12,1,0.015434138625964164,1.1328523963516655,True,False,[15],[0.06408717165908732]
12,7,36,2,0.012510206926426846,1.269847324864487,True,False,"[15, 16]","[0.08785638165546579, 0.11822505386703483]"
12,8,13,2,0.012656333848820036,1.1028228352390377,True,False,"[8, 16]","[0.04344704889407042, 0.08380986748831883]"
12,9,57,1,0.015699591276748838,1.3188395876190055,True,False,[5],[0.04498116684066766]
12,10,4,1,0.015287206504846768,1.1189479784372376,True,False,[12],[0.03755007039095308]
12,11,253,1,0.015089617010486443,1.2647656404681409,True,False,[11],[0.03643928044891807]
12,15,281,1,0.03886221970750615,1.2216039870098765,True,False,[5],[0.0408971647701128]
12,16,166,1,0.015271966254369036,1.1203206203741756,True,False,[15],[0.04450324338386785]
12,17,14,1,0.015908930047234555,1.1031232034394174,True,False,[5],[0.062189271643902075]
12,18,20,1,0.015594120182015964,1.1375228843462573,True,False,[7],[0.07272440938741581]
12,19,21,1,0.016050694262558646,1.1151120769117324,True,False,[7],[0.06865201110573502]
12,20,52,2,0.011941237368756337,1.1234720467755337,True,False,"[7, 15]","[0.06360899473897155, 0.05157493347213798]"
12,21,2,2,0.015663305579263744,1.0847069806270273,True,False,"[7, 8]","[0.02898688597393576, 0.02898688597393576]"
12,22,22,1,0.015611843968198591,1.076034803863646,True,False,[5],[0.024129130584159057]
12,23,273,1,0.028260396412602546,1.362856162718946,True,False,[5],[0.053472015898661025]
13,0,0,2,0.010505592890358743,1.1498021337335536,True,False,"[6, 7]","[0.09711226049946363, 0.0402255446456001]"
13,2,16,1,0.015655918218559182,1.1551482650655647,True,False,[5],[0.055205986963160265]
13,3,17,3,0.01049135713628292,1.1019364054551843,True,False,"[7, 8, 15]","[0.08037658909419863, 0.0549692204465524, 0.06797848092383048]"
13,4,19,2,0.014789793290091072,1.1415209818759593,True,False,"[7, 15]","[0.09554692651728589, 0.09694158014792718]"
13,6,12,2,0.010168716359403121,1.1459393948057788,True,False,"[6, 7]","[0.08005345475944387, 0.06197192885217569]"
13,7,36,1,0.014311315433118801,1.2936645186796678,True,False,[16],[0.10475827997065922]
13,8,13,4,0.012583857335127457,1.112818879842731,True,False,"[7, 8, 15, 16]","[0.10111868044971421, 0.07798287565942472, 0.0565477907173302, 0.10011901787267775]"
13,9,301,2,0.02020011951921578,1.1708663300369608,True,False,"[7, 8]","[0.10272052871119312, 0.07718976658290605]"
13,10,57,2,0.015434169443021417,1.3143348173372011,True,False,"[16, 17]","[0.056763037862683836, 0.05215721548708464]"
13,11,4,2,0.013092174504954835,1.126672482690276,True,False,"[7, 12]","[0.08444058220599311, 0.04063699455676267]"
13,13,260,1,0.014371449845320402,1.2046556692552548,True,False,[5],[0.06374179198247712]
13,14,66,1,0.014755125546147026,1.175427908836711,True,False,[7],[0.048765692112400186]
13,15,300,1,0.05128187337203053,1.3169956069011521,True,False,[7],[0.07577484433359123]
13,17,281,1,0.015588512454523907,1.2286968013924289,True,False,[7],[0.036789326530332477]
13,18,166,1,0.015051288915914413,1.1293985172070018,True,False,[5],[0.06816729159567235]
13,19,14,1,0.015849698239129333,1.1045500755689994,True,False,[7],[0.08694358239488247]
13,20,20,1,0.01608848189073548,1.1403452835139287,True,False,[7],[0.06176728332462121]
13,22,2,1,0.0154240257283814,1.1108139085244362,True,False,[16],[0.07704232168400188]
13,23,22,1,0.01590896837922337,1.0902071305998526,True,False,[16],[0.055159423801902696]
14,2,16,1,0.014839362064775844,1.175986117022139,True,False,[5],[0.06580774233281489]
14,3,17,2,0.01088360428398245,1.1141692758733164,True,False,"[15, 16]","[0.07249545090276703, 0.060924046635283106]"
14,4,19,1,0.01570007205895795,1.1583522572357712,True,False,[15],[0.10181351336313002]
14,5,234,1,0.01481279541311013,1.1299392639377963,True,False,[8],[0.06792828206437516]
14,6,12,2,0.01359442785862325,1.1529220898105532,True,False,"[7, 8]","[0.06933041113886035, 0.024256144822186194]"
14,7,36,3,0.011554531812255098,1.311824508888118,True,False,"[7, 15, 16]","[0.09641007605307104, 0.09796159743680044, 0.11881272120721323]"
14,8,13,2,0.011698603844689643,1.1154859879559043,True,False,"[12, 16]","[0.05578075986449312, 0.10170561501938918]"
14,9,301,1,0.015012365580468938,1.1930813283598467,True,False,[7],[0.10807720978371323]
14,10,57,1,0.016089924032832128,1.3262857694805383,True,False,[5],[0.03012287989478915]
14,11,4,1,0.015530453522286762,1.1510725650198057,True,False,[8],[0.021996452925090573]
14,12,253,1,0.013887861832325328,1.2690711825790693,True,False,[11],[0.020314059689571305]
14,13,260,1,0.015776041998343194,1.2143736011475412,True,False,[5],[0.08020846712199414]
14,15,300,1,0.013818193939138652,1.3184793620899231,True,False,[6],[0.06339560442856788]
14,16,8,1,0.01512272809174756,1.1657568552370527,True,False,[7],[0.0455402302961081]
14,17,281,1,0.015633951070651818,1.2387781651925556,True,False,[7],[0.05278527079613359]
14,18,166,1,0.01443496279361701,1.1466013424468315,True,False,[7],[0.07489907114260821]
14,20,20,1,0.01527410452146633,1.152189121348718,True,False,[5],[0.10792467320102055]
14,21,302,1,0.043345685343817046,1.250394649435963,True,False,[7],[0.04131016160991637]
14,22,2,1,0.014880094324010698,1.1343329615612692,True,False,[16],[0.08378116863844513]
14,23,22,1,0.015885254443273922,1.0896111596482714,True,False,[7],[0.054765280970558355]
15,0,0,1,0.015889276967804213,1.1520547270607926,True,False,[5],[0.0730817955594284]
15,1,7,2,0.014980205219601642,1.1249862722636645,True,False,"[8, 15]","[0.07583393749761556, 0.06919815552074648]"
15,2,16,1,0.015711063042416228,1.190619039003834,True,False,[12],[0.027629327204406178]
15,3,17,3,0.010668863720291173,1.1211478403487452,True,False,"[7, 8, 15]","[0.08564673128868013, 0.06623791291063938, 0.08823750706750168]"
15,4,19,1,0.01543937594298493,1.1681345153595484,True,False,[7],[0.09226191752690001]
15,5,234,1,0.015375636231909885,1.147468220345421,True,False,[7],[0.08907901367072318]
15,6,12,1,0.015170671658368547,1.1658673511625564,True,False,[7],[0.07269445313475115]
15,7,36,1,0.014216575238938054,1.3324072918632006,True,False,[7],[0.09014581486109062]
15,8,13,1,0.013682274268781956,1.130498658191205,True,False,[12],[0.06311753826802598]
15,9,301,1,0.015504148801217308,1.2003251553134815,True,False,[8],[0.06430600921651328]
15,11,57,1,0.013770034433626047,1.336329467333576,True,False,[7],[0.08742043459211155]
15,12,4,1,0.015326370985051666,1.1604326061323416,True,False,[8],[0.03970042967171732]
15,13,253,1,0.0150448388143827,1.2767440312343723,True,False,[11],[0.025360915041207462]
15,14,260,1,0.01462623775882707,1.223358439366315,True,False,[7],[0.059437477830132555]
15,16,300,1,0.015185393840121323,1.3287413964179375,True,False,[6],[0.039009181783332104]
15,18,281,1,0.015838660654348916,1.2484873483249912,True,False,[5],[0.07107713728785356]
15,19,166,1,0.013109630051947424,1.1317258671536468,True,False,[8],[0.09255188063236902]
15,21,20,1,0.015218886472701292,1.170177289838668,True,False,[5],[0.06853639923649413]
15,22,302,1,0.01509352439171605,1.2759205329822088,True,False,[17],[0.02359995760755072]
15,23,22,1,0.01570673337549882,1.1017701016660144,True,False,[7],[0.07394204011762855]
16,0,0,2,0.011331485404180375,1.154391775706332,True,False,"[7, 15]","[0.050306437140908045, 0.06313678677451981]"
16,1,7,1,0.015484509057523712,1.1506071009622474,True,False,[8],[0.08024900379594643]
16,3,17,1,0.01576844448409531,1.1327022631006969,True,False,[15],[0.09513513780040894]
16,4,19,1,0.01574636508791064,1.1869656386462755,True,False,[5],[0.10150791580015325]
16,5,234,1,0.015609275044952407,1.1484139522932708,True,False,[5],[0.03496938774436459]
16,7,36,1,0.014195684860431771,1.3546030810241994,True,False,[16],[0.11018146346124502]
16,8,13,1,0.015780143260442393,1.134645161984037,True,False,[8],[0.061236284777454304]
16,9,301,1,0.015130371549051563,1.2053116036637708,True,False,[8],[0.05917104700003312]
16,10,350,2,0.09347549163586098,1.3688470714643395,True,False,"[7, 8]","[0.08727428383979646, 0.03445820149560368]"
16,12,4,1,0.015084407323039475,1.1743790030840697,True,False,[7],[0.07796665846947849]
16,13,253,2,0.014353844785429977,1.2765194371558277,True,False,"[8, 11]","[0.03849228981330357, 0.048591652235764705]"
16,14,260,1,0.014725602468815945,1.2484539572107252,True,False,[5],[0.04202548248699146]
16,15,66,1,0.014782581113389747,1.1982586928170538,True,False,[7],[0.06424788157289207]
16,16,300,1,0.01368145552627997,1.3486274789162649,True,False,[7],[0.05367781363279777]
16,17,8,1,0.015092874691718557,1.1761940308817889,True,False,[7],[0.06052725829237242]
16,18,281,1,0.013640668203617992,1.2686306883175995,True,False,[7],[0.0705575856315491]
16,19,166,1,0.014949475689448379,1.1407131051298711,True,False,[15],[0.03583187713632176]
16,20,14,1,0.01563886999213709,1.1263858355110568,True,False,[5],[0.11913510863586656]
16,21,20,1,0.016190080650877788,1.1756303830107888,True,False,[7],[0.05297015928287603]
16,22,302,1,0.014519011081235626,1.2994110607163347,True,False,[7],[0.06845666330313638]
17,0,0,1,0.015929505805041235,1.154641180017907,True,False,[5],[0.07738765603347877]
17,2,16,1,0.015025424086464935,1.209789653299682,True,False,[5],[0.0563334860344011]
17,3,17,4,0.01007427322161561,1.1402379473810973,True,False,"[7, 8, 15, 16]","[0.09207333349255557, 0.08498059557211483, 0.09944994121247563, 0.06753988913709758]"
17,4,19,1,0.01490362181604349,1.2036313894515844,True,False,[15],[0.087678581509212]
17,5,234,1,0.015156865010747858,1.1685471218485632,True,False,[7],[0.09324337629397299]
17,6,395,1,0.06682378052518693,1.5245161579881616,True,False,[7],[0.08592425879121286]
17,7,13,1,0.015203196123608362,1.1343849952555942,True,False,[16],[0.10036245782342969]
17,8,12,1,0.01583951904837774,1.1734636872376656,True,False,[5],[0.06980714780041083]
17,9,36,2,0.011405377569187358,1.3624874660202615,True,False,"[7, 16]","[0.1021297455690067, 0.032114672931784084]"
17,11,350,1,0.013811024702875575,1.3997395404935022,True,False,[7],[0.09119539860935674]
17,12,57,1,0.015397212875816548,1.3633734961557993,True,False,[5],[0.07150752077662419]
17,14,253,2,0.01174179381954757,1.2964238636503351,True,False,"[7, 8]","[0.07247986354099956, 0.039724784952356096]"
17,18,300,1,0.015055996137867496,1.3747511558002476,True,False,[5],[0.06220457345270969]
17,19,8,1,0.015309789961147185,1.1938992224786409,True,False,[7],[0.10256555054995718]
17,20,281,1,0.015745002516871786,1.2721755052383044,True,False,[17],[0.03515566410462046]
17,21,166,1,0.014347902229888316,1.1659328462059282,True,False,[5],[0.07567800915340107]
17,23,370,1,0.04151071914119403,1.4943333799397829,True,False,[7],[0.10244240050773905]
18,1,7,1,0.015332308780228995,1.1747563414871955,True,False,[8],[0.07912455958436028]
18,3,17,2,0.010696355312747976,1.1471520765034662,True,False,"[15, 16]","[0.08279535050382417, 0.06166265862774413]"
18,5,234,1,0.014019877541019037,1.1872296576074675,True,False,[7],[0.07417213945103283]
18,6,395,1,0.015387601615145186,1.5464989517179613,True,False,[5],[0.06396132330634505]
18,8,12,1,0.013505571574872758,1.1785082035683196,True,False,[7],[0.11104778663339719]
18,9,36,1,0.014848798428153448,1.366563200125955,True,False,[7],[0.0937662282651904]
18,10,390,2,0.01898698886230957,1.1894467162799576,True,False,"[8, 15]","[0.05612393638018227, 0.040428511267256106]"
18,12,57,1,0.014391751003291538,1.3975651709041488,True,False,[5],[0.07029871160275938]
18,13,4,2,0.011931246929225687,1.1810482247701461,True,False,"[8, 12]","[0.05998523391273168, 0.05388833810329341]"
18,14,253,2,0.011998609591766523,1.3176701263911994,True,False,"[7, 8]","[0.07148653151411748, 0.04428676932307895]"
18,15,301,2,0.01098495378275418,1.213893564701369,True,False,"[7, 8]","[0.06950318931112447, 0.06068987640913776]"
18,16,260,3,0.010513976893633606,1.2565686686203266,True,False,"[6, 7, 8]","[0.05948478298017767, 0.07593568866699885, 0.07968585871134494]"
18,17,66,2,0.010708896494926156,1.2063559756698263,True,False,"[7, 8]","[0.07625508743400448, 0.061564673297633904]"
18,18,300,2,0.011523946459115949,1.3953228379699627,True,False,"[7, 16]","[0.08275931496761971, 0.10546308548677465]"
18,19,8,1,0.01598763424755515,1.1975712246308758,True,False,[15],[0.07069146445480748]
18,20,281,1,0.014912061495896238,1.2815517234156082,True,False,[7],[0.07223551200741689]
18,21,166,1,0.01374790488494985,1.1933830819727116,True,False,[5],[0.06606595108222718]
18,22,14,1,0.015949733041631116,1.135089565217002,True,False,[11],[0.027579108252325617]
18,23,370,1,0.01636486685365399,1.514265555545801,True,False,[5],[0.0635394274643408]
19,1,7,1,0.01483864773070724,1.183288358567654,True,False,[7],[0.07597701419575498]
19,2,16,1,0.01538274735662841,1.2297757763099442,True,False,[5],[0.07723495860789834]
19,3,17,1,0.012815919084731451,1.1623883873364482,True,False,[7],[0.09421551472653149]
19,5,234,1,0.01522476991042141,1.1974342030174852,True,False,[5],[0.050973388770405456]
19,6,395,1,0.015259796307166631,1.568982375008996,True,False,[5],[0.07137996354612682]
19,9,36,1,0.01503047002352247,1.3674513215553465,True,False,[7],[0.10018816809625034]
19,10,390,1,0.013133715885589429,1.2018894877758373,True,False,[7],[0.07662812199552788]
19,11,350,1,0.015403176346408842,1.3950414319237492,True,False,[5],[0.05923639074645094]
19,12,57,1,0.014336979845715069,1.426572422566231,True,False,[5],[0.07028844926916533]
19,13,4,1,0.014547816905327766,1.2028315340605777,True,False,[7],[0.07222778816194121]
19,14,436,2,0.03062479227975518,1.257063516097833,True,False,"[8, 15]","[0.050060850660265804, 0.053455493748575555]"
19,15,253,1,0.012982130847467853,1.3406914648159274,True,False,[7],[0.08009586719630411]
19,17,260,1,0.01541005349717295,1.265867656304289,True,False,[5],[0.0641234331394159]
19,18,66,2,0.012778891466852448,1.207648585072992,True,False,"[7, 8]","[0.08785551637150948, 0.050483130220911894]"
19,20,8,2,0.0134668782465405,1.1950705469810807,True,False,"[15, 17]","[0.06431396664552112, 0.0580387112329982]"
19,23,14,2,0.011350218222274893,1.1369873159279036,True,False,"[7, 16]","[0.09327987299179843, 0.06585101646695332]"
20,0,0,1,0.015540779750678668,1.1638934223996436,True,False,[5],[0.0830239834764366]
20,1,7,1,0.014847734129616789,1.2090821687576172,True,False,[8],[0.07662879958702352]
20,2,16,1,0.014741236788965337,1.2467078187712564,True,False,[5],[0.07349245444158978]
20,3,17,1,0.013067928763454422,1.1794703477007553,True,False,[7],[0.10456395911641372]
20,4,19,1,0.015241542419543758,1.2204266485471056,True,False,[15],[0.09978088696874374]
20,5,234,1,0.013050335801632059,1.2165544052352322,True,False,[7],[0.0784237736762014]
20,6,395,1,0.013849164836076866,1.590544524268921,True,False,[7],[0.1085297073558771]
20,7,13,1,0.01523452881014191,1.1572897815664647,True,False,[5],[0.05465848794718328]
20,8,12,1,0.012689577122436993,1.1920833942215028,True,False,[7],[0.1116817936693915]
20,9,36,2,0.010231484692071639,1.3676064460140867,True,False,"[7, 15]","[0.09401938456776186, 0.05083187658550799]"
20,10,390,1,0.014696946220616368,1.2144745491315525,True,False,[7],[0.10524703855314929]
20,11,350,1,0.015753574813742243,1.3951853770454068,True,False,[8],[0.061799797668899176]
20,12,57,1,0.01393352620136679,1.4395907852955954,True,False,[7],[0.07605074565734167]
20,13,4,1,0.015988719772857433,1.2097845645963814,True,False,[5],[0.08667689459419375]
20,14,436,1,0.014192116409325507,1.2713600287027838,True,False,[15],[0.05084628994229509]
20,17,260,1,0.015074219254774177,1.2775734007749444,True,False,[7],[0.07542191223558108]
20,18,66,1,0.014217849317769858,1.2257424572844962,True,False,[7],[0.0783225820817593]
20,19,300,1,0.014774212252755135,1.3940987212228095,True,False,[16],[0.05639959481156584]
20,20,478,1,0.020894430938397948,1.2078434037741406,True,False,[5],[0.10393587681203365]
20,21,8,2,0.016112802998243105,1.2051254646315495,True,False,"[15, 17]","[0.032512729454811894, 0.032512729454811894]"
20,22,166,1,0.01496497971235997,1.1989562271190584,True,False,[7],[0.09153655825067886]
20,23,14,1,0.015628196382870326,1.1390246737174405,True,False,[11],[0.05039410246407034]
21,0,0,1,0.013538929931479527,1.1712211289094079,True,False,[6],[0.09520068853844751]
21,1,7,1,0.014830812450013595,1.2330028894024143,True,False,[8],[0.07046641453102417]
21,2,16,2,0.011024857335672543,1.2653693018432841,True,False,"[7, 12]","[0.05707336188256341, 0.044065008857935385]"
21,3,17,1,0.01488973462185879,1.1947686798300872,True,False,[15],[0.08754371525418905]
21,4,19,1,0.015130337852508202,1.240507697987896,True,False,[15],[0.09845308413625622]
21,7,13,1,0.015178679535857945,1.1573937517246335,True,False,[16],[0.110478990319543]
21,9,36,3,0.0085917201904704,1.3692458803727692,True,False,"[7, 15, 16]","[0.09236276512894945, 0.05585346090722333, 0.03170157766431012]"
21,10,390,1,0.015591674823762081,1.220100222765413,True,False,[8],[0.06286202958867744]
21,11,350,1,0.01558837471487433,1.4052114593087859,True,False,[8],[0.059505620574539786]
21,12,57,1,0.014323613438752839,1.4665369996223763,True,False,[5],[0.08553008046958532]
21,14,436,1,0.01318733208620254,1.2813055625061034,True,False,[15],[0.05510529429475186]
21,15,253,3,0.00939876126246379,1.352182313679897,True,False,"[7, 8, 11]","[0.07760226531889168, 0.06042353727350521, 0.016520898962607302]"
21,16,301,1,0.014767423916552804,1.2193292679113252,True,False,[5],[0.04871635061649254]
21,17,495,1,0.015630699870898896,1.3359353516949881,True,False,[11],[0.03750140752246338]
21,18,260,1,0.014987913279810007,1.3044819547073334,True,False,[5],[0.07397031004844967]
21,19,66,1,0.015173114686323383,1.2329232965033867,True,False,[7],[0.10391758497397469]
21,20,300,1,0.015139116750972324,1.403707425117544,True,False,[7],[0.08584120498405848]
21,21,478,1,0.015059849764291445,1.2102860968919686,True,False,[15],[0.03436590961343048]
21,23,14,1,0.015531031321338594,1.1408069206817286,True,False,[5],[0.08333161973412893]
22,0,0,2,0.010589063003235975,1.1740111600516396,True,False,"[6, 7]","[0.09226201788138859, 0.06848353916780314]"
22,1,7,1,0.014738301120889464,1.2467336816431331,True,False,[7],[0.0912257329248706]
22,2,16,1,0.013907941949722098,1.279626518156714,True,False,[7],[0.06025471192071413]
22,3,17,3,0.011347050341593922,1.1986285323698966,True,False,"[8, 15, 16]","[0.1024641790190038, 0.08592587954912906, 0.08793116103848986]"
22,4,19,1,0.014352306366913368,1.2580318682950182,True,False,[15],[0.08704503408978699]
22,5,234,1,0.012404593626215417,1.2417775886403932,True,False,[7],[0.08580101551617779]
22,6,395,2,0.01467596976688667,1.593750759093845,True,False,"[7, 16]","[0.12037330370977851, 0.03854091461014811]"
22,8,12,1,0.013086684963953184,1.2039246526878218,True,False,[7],[0.13610240021401385]
22,9,36,3,0.009527425626450257,1.3727676541611096,True,False,"[7, 15, 16]","[0.0866799568883741, 0.058269034918255275, 0.045620243621107684]"
22,10,390,1,0.015584523588918726,1.223366404253268,True,False,[5],[0.04555148223214246]
22,11,350,1,0.014799955692186026,1.427031964100529,True,False,[8],[0.07829576366326393]
22,13,4,1,0.014590555855224169,1.2209966177026204,True,False,[8],[0.07467400170721264]
22,14,436,1,0.013149268342397909,1.2965055571048925,True,False,[15],[0.0602525292765257]
22,15,253,1,0.015294229707121607,1.3420255445361762,True,False,[11],[0.032946241501788286]
22,16,301,1,0.015037866216197977,1.2389433991946313,True,False,[5],[0.06737799769258045]
22,18,260,1,0.01512221201099791,1.3309283795570017,True,False,[5],[0.0711805679316802]
23,0,0,1,0.013308199047671752,1.183271219989481,True,False,[6],[0.0822471533953019]
23,1,7,1,0.01429812867750485,1.2643141973239895,True,False,[7],[0.10429887966980153]
23,2,550,1,0.028188268220125504,1.2692093100574522,True,False,[5],[0.06786149449034479]
23,3,16,1,0.01363383789805785,1.2979680088113839,True,False,[7],[0.10660023157560831]
23,4,17,1,0.015731445976900838,1.2036748985323227,True,False,[8],[0.0619648268444348]
23,5,19,1,0.015951491555857487,1.2598831729411122,True,False,[5],[0.07273094655825962]
23,6,234,1,0.015241047177406085,1.2514416661539152,True,False,[5],[0.07030845790635996]
23,7,395,1,0.015424326789747395,1.608333085802687,True,False,[7],[0.09146421744499035]
23,8,549,2,0.012363012005534451,1.21232210684787,True,False,"[8, 15]","[0.08358774876402879, 0.07822448894906986]"
23,9,13,2,0.013366851342032193,1.1632213869228174,True,False,"[8, 17]","[0.07381340633506372, 0.04645021268529516]"
23,10,12,3,0.00974315913306242,1.2099209388587993,True,False,"[6, 7, 8]","[0.044182600133879875, 0.08056466156285944, 0.07158329017129816]"
23,11,36,1,0.01380648718469091,1.372485672142972,True,False,[16],[0.021640041859366282]
23,12,390,1,0.012077022895459203,1.244369807048407,True,False,[7],[0.0820023603774458]
23,14,57,1,0.013364476163338674,1.4884901576243295,True,False,[7],[0.07643781143749104]
23,16,436,1,0.014982999538308096,1.297994062769066,True,False,[8],[0.08015832030565838]
23,17,253,1,0.015731223566340057,1.3478773562365918,True,False,[11],[0.06478990731654172]
23,20,260,1,0.014765332733729084,1.3483515998804085,True,False,[5],[0.11774518734813016]
23,21,66,1,0.015868246002146782,1.2300814998431548,True,False,[11],[0.07789612200026205]
23,22,300,1,0.014762156925664988,1.4252617312403868,True,False,[7],[0.10814079269653275]
23,23,478,2,0.01357565658899525,1.209421003320946,True,False,"[6, 15]","[0.041372138186926706, 0.06230899073434717]"
24,0,0,2,0.011769232470936145,1.1863204000600407,True,False,"[6, 7]","[0.08605484828650811, 0.071876823345398]"
24,1,7,1,0.014793943370640512,1.288989797941942,True,False,[8],[0.07078848347208438]
24,2,550,2,0.014971793028879828,1.2801741929517052,True,False,"[7, 16]","[0.10925700197365304, 0.06615942023693681]"
24,3,16,2,0.011201682113792128,1.304602866660766,True,False,"[7, 12]","[0.1057451164987423, 0.028314903298040626]"
24,4,17,2,0.011815827745164398,1.209147170466955,True,False,"[7, 16]","[0.09109123594524726, 0.03589876962769101]"
24,5,19,1,0.01478963193074742,1.2637650782840544,True,False,[5],[0.06741275371560244]
24,9,13,2,0.010544357408062805,1.1717801978298201,True,False,"[8, 12]","[0.06776016379538904, 0.04256167323871905]"
24,10,12,1,0.015804073461362745,1.2195384847254866,True,False,[5],[0.05412952922540819]
24,11,36,2,0.011169528629986644,1.367400811628774,True,False,"[7, 16]","[0.09213537897435989, 0.034539220014843997]"
24,13,350,1,0.013830110708009428,1.4591085863626967,True,False,[7],[0.07644346653629062]
24,15,4,1,0.012902244978891175,1.2336443012221157,True,False,[5],[0.05283137559678851]
24,16,436,1,0.014246620516803664,1.298151309165323,True,False,[15],[0.07001626683841396]
24,18,301,1,0.014720591464634456,1.2378205094944534,True,False,[8],[0.05022390741365139]
24,19,495,2,0.012693991526292789,1.3383190022008624,True,False,"[8, 11]","[0.1013715590282529, 0.035327414981597735]"
24,20,260,1,0.01466759541931726,1.364781739781455,True,False,[5],[0.1271177084091705]
24,22,300,1,0.014547125087774842,1.43903965348343,True,False,[5],[0.030453733683002734]
24,23,478,1,0.014340235833579663,1.2159626950167832,True,False,[7],[0.09316064936299692]
25,0,0,2,0.013409914716474704,1.1926841596564952,True,False,"[8, 16]","[0.035605086728796, 0.07992083895505177]"
25,1,584,3,0.01254672649100228,1.2204057216084605,True,False,"[7, 8, 15]","[0.10016671534389286, 0.11658027555240663, 0.10649918572757036]"
25,4,16,1,0.015221726792051726,1.3106367343981027,True,False,[12],[0.0551818091881842]
25,5,17,1,0.01414129700489863,1.2096659904287148,True,False,[16],[0.09089760684610194]
25,6,19,1,0.014979071375272887,1.2620268276762128,True,False,[15],[0.07755585581869032]
25,7,234,1,0.015261408182697746,1.2766246708900584,True,False,[5],[0.08062961808337163]
25,8,395,1,0.01416907675760879,1.621093150318087,True,False,[16],[0.0982990984442032]
25,9,549,1,0.013103701568608314,1.2156303408188376,True,False,[5],[0.05814091579549552]
25,13,390,1,0.014954006411451982,1.231496194092155,True,False,[8],[0.07891128653355926]
25,15,57,1,0.0128903575393977,1.5168495931852883,True,False,[7],[0.08159457403961343]
25,16,4,1,0.015577472157495713,1.2436134336721356,True,False,[5],[0.07916124976336875]
25,18,253,1,0.015528133521178582,1.34938610889309,True,False,[5],[0.10765532523777303]
25,19,301,1,0.014021132009002778,1.2362563471226422,True,False,[8],[0.10588756885449581]
25,20,495,2,0.00989403900459333,1.3588432080916837,True,False,"[7, 8]","[0.08586282392345697, 0.03779397882657316]"
25,21,260,1,0.014145839926036631,1.3915879950674466,True,False,[5],[0.06586032754972966]
25,23,478,2,0.010795601000680307,1.2124480869319822,True,False,"[8, 15]","[0.039054974203700264, 0.05848629270025661]"
26,0,0,1,0.015308298422495616,1.192903201671238,True,False,[5],[0.09482454817336515]
26,2,7,2,0.011711901190844396,1.2907031055260807,True,False,"[7, 8]","[0.10803805749234528, 0.06647914340628235]"
26,4,16,1,0.014787424305752202,1.3160536104566278,True,False,[7],[0.10058645148404734]
26,5,17,4,0.0089188563412627,1.2147893776040724,True,False,"[7, 8, 15, 16]","[0.096419324162964, 0.07020053557257147, 0.08408292130769339, 0.08076815481507205]"
26,7,617,2,0.028383188272490218,1.3157545047775,True,False,"[7, 8]","[0.08823438772073144, 0.02690020497232997]"
26,8,234,1,0.015105518073361558,1.295002975572442,True,False,[5],[0.07655988525991439]
26,9,395,1,0.011794904841225768,1.6501656093160655,True,False,[7],[0.0858126855680448]
26,10,611,1,0.02260018645170016,1.2662623803326984,True,False,[16],[0.06664074349782718]
26,11,549,2,0.010256368981294698,1.2195225854990188,True,False,"[7, 8]","[0.09758410329257461, 0.07036780350266342]"
26,12,13,1,0.013606303294637207,1.1684033473567441,True,False,[16],[0.03169522522135346]
26,13,12,1,0.01584267171847732,1.222764619321419,True,False,[5],[0.08502663154528277]
26,14,36,2,0.01164365533712721,1.3704194954488056,True,False,"[6, 7]","[0.027750490353748013, 0.07801640828966912]"
26,15,390,1,0.014690001952326786,1.2208984186211234,True,False,[8],[0.06980175416184056]
26,16,350,3,0.01322066168196904,1.460509857091757,True,False,"[7, 8, 9]","[0.0901220785053738, 0.10664617626369172, 0.04290464497096925]"
26,17,57,1,0.012383971105775276,1.5484818071849804,True,False,[7],[0.08219486019474083]
26,18,4,1,0.013118788972789938,1.263099795925153,True,False,[7],[0.07315246855402914]
26,19,436,1,0.014862378053102006,1.3013607334888282,True,False,[15],[0.07501988500321878]
26,20,253,1,0.015753598367361968,1.3503151085879488,True,False,[11],[0.049076658143676864]
26,21,301,1,0.014664938320094694,1.2372772764273552,True,False,[7],[0.08857778061594562]
26,22,495,1,0.015731315747427303,1.3509815299357502,True,False,[11],[0.043420832190280895]
26,23,478,2,0.010071741336500392,1.2162261955782907,True,False,"[7, 15]","[0.10678291056423453, 0.06515397153323478]"
27,0,0,1,0.015129452943441417,1.2113941249984925,True,False,[5],[0.09715035456776452]
27,1,584,1,0.013674058942181188,1.2403315873859562,True,False,[7],[0.09172701069328779]
27,2,7,1,0.013387380710732245,1.3014832923437811,True,False,[8],[0.06797073773379936]
27,3,550,1,0.012870494946141422,1.2960386834379023,True,False,[7],[0.11901397582174196]
27,4,16,1,0.014327416992281955,1.326903350678758,True,False,[7],[0.1126451114979232]
27,5,17,2,0.011780957099620343,1.2127961653067152,True,False,"[8, 16]","[0.07150792416384724, 0.09021842775667481]"
27,8,234,1,0.014821456955034184,1.3035214577247307,True,False,[8],[0.10326114495718554]
27,10,611,1,0.014813918995469784,1.2635683932165453,True,False,[15],[0.06372772597010515]
27,12,13,2,0.015201432888999292,1.1599570259495051,True,False,"[16, 17]","[0.06354423095034367, 0.04492947379159377]"
27,13,12,1,0.01530251831269598,1.2306042972001654,True,False,[5],[0.09201204742819154]
27,15,390,2,0.012566670651379626,1.2255466339940504,True,False,"[7, 8]","[0.09825519152322786, 0.08670196284401455]"
27,16,350,1,0.015465856739062143,1.4589317175465029,True,False,[5],[0.09472799878078289]
27,17,57,1,0.011941652882230985,1.5823323599773167,True,False,[7],[0.09341978623988756]
27,19,436,1,0.01506986288687922,1.3015872945041507,True,False,[15],[0.08951436170587017]
27,20,253,1,0.014646158448476542,1.3697347755639324,True,False,[8],[0.05018917237035974]
27,21,301,1,0.01423396859743987,1.2550405020634179,True,False,[5],[0.0827984786734602]
27,22,495,1,0.015443864598081856,1.3534687182134644,True,False,[5],[0.050872211634212766]
27,23,478,1,0.014137944551274787,1.2246450837838405,True,False,[7],[0.10417558224722599]
28,0,655,1,0.014781723310227068,1.3370267994717073,True,False,[7],[0.0917010012172916]
28,1,7,1,0.012728535746993144,1.3101346370049283,True,False,[7],[0.10181286858269283]
28,2,550,1,0.013775363629949354,1.3221719322386456,True,False,[7],[0.09356632317798425]
28,4,17,2,0.011668798484878522,1.2277677824202977,True,False,"[7, 8]","[0.11369273300834404, 0.07187919759065316]"
28,5,19,1,0.013291905120616811,1.27846469920975,True,False,[15],[0.0819674915920912]
28,6,0,1,0.013691967426661109,1.221284672622972,True,False,[6],[0.07709957569256386]
28,7,584,1,0.016817033499611677,1.2581563832308993,True,False,[5],[0.11134282935736568]
28,8,395,1,0.012545362781085442,1.6802932544447091,True,False,[7],[0.13494563258886327]
28,9,611,1,0.0148501130894539,1.2710335605494412,True,False,[15],[0.06456913494383239]
28,10,617,1,0.01477792877273736,1.2971853737499552,True,False,[12],[0.0493218746633432]
28,11,234,1,0.015647960265587697,1.3152079442301559,True,False,[5],[0.05170268226829239]
28,13,36,1,0.013673147802104475,1.3750576899364795,True,False,[7],[0.07868613786429932]
28,14,654,1,0.020684621263583152,1.3066179442812744,True,False,[5],[0.055370700759535714]
28,15,13,1,0.015434653417930945,1.1856246553616032,True,False,[16],[0.04850286206547743]
28,16,301,1,0.013260181272795086,1.27569532445675,True,False,[7],[0.08820309763966684]
28,17,549,1,0.012135522756751822,1.2426508021846632,True,False,[7],[0.10203592043192927]
28,18,666,1,0.04801542523897248,1.4512926323796467,True,False,[7],[0.0766931055779591]
28,19,253,2,0.011593466200184949,1.3747673248440382,True,False,"[7, 11]","[0.10882912502269851, 0.05438324233369963]"
28,20,390,2,0.011581075326798097,1.2367443276380778,True,False,"[7, 8]","[0.09646479725875262, 0.0725121472978575]"
28,21,57,1,0.012186275263227467,1.6167930157069421,True,False,[5],[0.08202296079262705]
28,22,436,1,0.01479600649703056,1.3031504838950694,True,False,[7],[0.11511250755229362]
28,23,478,1,0.013687277715705836,1.2395247674247056,True,False,[7],[0.11125187070985304]
29,2,550,1,0.013999153821775311,1.3491659250573624,True,False,[7],[0.10208640062646393]
29,3,16,1,0.015272379364683276,1.3326610535241095,True,False,[5],[0.02484941055215701]
29,4,17,2,0.012038821481942958,1.2342286837218028,True,False,"[7, 16]","[0.11056935860648326, 0.04574411476039073]"
29,7,584,2,0.012045540117773592,1.2673914310581218,True,False,"[7, 15]","[0.10248179707321979, 0.0855635216159211]"
29,8,395,2,0.00879383843445553,1.7028521585294143,True,False,"[7, 16]","[0.12412426626033095, 0.09782921280775489]"
29,9,611,1,0.015339761309543166,1.2872815740181425,True,False,[6],[0.03133764227098894]
29,10,617,1,0.014706700715432145,1.287809334407021,True,False,[12],[0.08159256337471724]
29,11,234,1,0.01380297714137218,1.3344696818035433,True,False,[7],[0.09920872467987756]
29,12,12,2,0.01038012465125116,1.2434505758568324,True,False,"[7, 8]","[0.09941426204207689, 0.05719782916094653]"
29,13,684,1,0.04895654395121636,1.3456468999199627,True,False,[5],[0.14344993172139336]
29,14,654,1,0.014396702021689214,1.3046721716626384,True,False,[7],[0.08700098754396086]
29,15,13,1,0.014280588931278709,1.1975415556866487,True,False,[8],[0.08550159296116923]
29,16,36,1,0.014627277976070625,1.4044579874498466,True,False,[15],[0.07390278574484524]
29,17,549,2,0.010862117392228006,1.2389274501698082,True,False,"[8, 16]","[0.08652269530114544, 0.10699941868191404]"
29,18,666,1,0.01448449772159775,1.4541911409251855,True,False,[8],[0.043833854785016335]
29,19,253,2,0.01308764765332987,1.3679173668442188,True,False,"[8, 11]","[0.12362496578979701, 0.07141230183834106]"
29,20,301,2,0.012511961593239262,1.291904302639381,True,False,"[7, 8]","[0.109223198169374, 0.08967690821449756]"
29,21,390,2,0.012333932414916976,1.2435863184788143,True,False,"[7, 8]","[0.09356533290691108, 0.04668176470230535]"
29,23,478,2,0.010801417499871211,1.239845018993583,True,False,"[6, 15]","[0.05981517682354666, 0.06636866896952903]"
30,0,655,1,0.014478864249001386,1.3299115143774751,True,False,[8],[0.06232625469259724]
30,1,7,1,0.013281826989379861,1.3194407687208805,True,False,[7],[0.10269257073719602]
30,2,550,1,0.013096172673780753,1.3471614642904888,True,False,[8],[0.08370023841593509]
30,3,16,1,0.013147148303539968,1.3510840647501012,True,False,[7],[0.1208362248074719]
30,4,17,2,0.010760395842796417,1.233376189846429,True,False,"[15, 16]","[0.07997020570528472, 0.04198815496620144]"
30,5,19,1,0.013641987666494765,1.2945970633080737,True,False,[15],[0.10984704853176962]
30,6,0,1,0.014023163877113855,1.2339716583974503,True,False,[6],[0.07327331614113534]
30,7,584,1,0.017668484290439563,1.264960321407459,True,False,[15],[0.1110483863398772]
30,8,395,1,0.01083021252857926,1.7398489457074535,True,False,[7],[0.13822868377001052]
30,9,611,2,0.012180723361693102,1.3108926739366737,True,False,"[7, 15]","[0.0952717506380152, 0.07424110506481475]"
30,10,617,1,0.0157883143781989,1.290400899225322,True,False,[5],[0.0601365833318844]
30,11,234,1,0.014777128596489943,1.3369906357676489,True,False,[8],[0.09037797755988337]
30,12,12,2,0.012924856358533769,1.2617745771357711,True,False,"[7, 8]","[0.11543525425746011, 0.08620683615186572]"
30,13,684,1,0.015598391640399415,1.3348370992135525,True,False,[8],[0.09375085664890358]
30,14,654,1,0.013312742466552011,1.3073050179983294,True,False,[15],[0.0764639834667827]
30,15,13,2,0.009996780762904677,1.2129717585990647,True,False,"[8, 16]","[0.08680159950166383, 0.05021336418356002]"
30,16,36,2,0.01124244497878868,1.4212379930713732,True,False,"[6, 7]","[0.07883584779944608, 0.08902444690179963]"
30,17,549,2,0.008460268893328137,1.2480487651522014,True,False,"[7, 8]","[0.09836300085934774, 0.09451062305952304]"
30,19,253,2,0.013843112107395217,1.3555457787985359,True,False,"[8, 11]","[0.12300212646368501, 0.074694577231834]"
30,20,301,1,0.014184618120420168,1.2977338112254209,True,False,[8],[0.10549836772340608]
30,21,390,1,0.01556946921773859,1.240511442022597,True,False,[8],[0.05775138152887413]
30,23,478,1,0.014738295370502476,1.237465594717503,True,False,[5],[0.10401966730720352]
31,0,655,1,0.01431010332420841,1.3207359295377272,True,False,[8],[0.07951285167298208]
31,1,7,2,0.009819183922242696,1.3303597090930093,True,False,"[7, 8]","[0.10240272117213751, 0.11619795111022463]"
31,2,550,2,0.01192553742760092,1.3616056233506628,True,False,"[7, 17]","[0.11051648328201927, 0.04203023087871679]"
31,3,16,1,0.015705902817475748,1.3519516385236015,True,False,[12],[0.04002546159096663]
31,4,17,1,0.015848190362164463,1.224401145065614,True,False,[16],[0.0697181310738483]
31,6,0,1,0.013730133834320575,1.2311327818166709,True,False,[8],[0.03956434266523187]
31,7,584,2,0.013302100249121922,1.2792411111073654,True,False,"[7, 15]","[0.11168982707052484, 0.13089726145690242]"
31,9,611,3,0.009646593946330767,1.31942984418041,True,False,"[6, 7, 15]","[0.04086589043756097, 0.09202145477828284, 0.07533676149920414]"
31,10,617,3,0.011067178643771509,1.290602786049594,True,False,"[7, 15, 16]","[0.10475047741667796, 0.09408152800856501, 0.10004714797898959]"
31,11,234,1,0.014106748570137502,1.3289572646027819,True,False,[11],[0.05654603142277249]
31,12,12,1,0.01209046121782976,1.2910926200238022,True,False,[7],[0.11697843297933597]
31,13,684,1,0.014643317736795234,1.3465093562940236,True,False,[7],[0.10752052109378349]
31,14,654,1,0.015526008386902292,1.3118630117930183,True,False,[5],[0.05310669042496405]
31,15,13,1,0.01434690356986801,1.2319139598809297,True,False,[8],[0.07638838126162034]
31,16,36,2,0.01051588225846376,1.4341290596653853,True,False,"[6, 15]","[0.10034283299247095, 0.07578435874365316]"
31,17,549,2,0.010903180069407438,1.2548986914798264,True,False,"[7, 15]","[0.1015452073807613, 0.03792468972138283]"
31,18,666,1,0.014323392922212337,1.4578851787432483,True,False,[12],[0.03813827072169187]
31,19,253,1,0.014988087687792005,1.3539600735351622,True,False,[11],[0.07550484093936718]
31,21,390,1,0.013854177300505229,1.2648894390250007,True,False,[5],[0.08920728637047044]
31,23,478,2,0.012039985450914016,1.2375572978446099,True,False,"[6, 15]","[0.07850778378287974, 0.07834977953216848]"
32,0,655,1,0.01422710528789606,1.3279506770853016,True,False,[7],[0.09178000413166168]
32,2,550,1,0.014289797144584693,1.365750627618194,True,False,[17],[0.052839690954056495]
32,5,19,1,0.012773430792192488,1.2956134300560946,True,False,[7],[0.10084965061022874]
32,6,0,1,0.014074781158541704,1.2462956423845795,True,False,[6],[0.07189979941323917]
32,7,584,1,0.014847714032122924,1.2801857907160865,True,False,[8],[0.036634471006478195]
32,8,395,1,0.012033990553987154,1.7719360817173766,True,False,[7],[0.1477907024559735]
32,9,611,2,0.013819154026532856,1.3392492126224667,True,False,"[7, 15]","[0.10191706255770751, 0.08417763536208432]"
32,10,617,3,0.008980838332506175,1.2843758584642735,True,False,"[7, 8, 12]","[0.11238534157128718, 0.0861021419279643, 0.09012615248596258]"
32,11,234,1,0.013085858899663495,1.3469117184880892,True,False,[7],[0.11371757713994779]
32,13,684,1,0.015109391776457278,1.355117018087846,True,False,[7],[0.13244661631022975]
32,15,13,1,0.014295439940281396,1.2444865072330298,True,False,[5],[0.05681569432610274]
32,16,36,1,0.015001810176914463,1.4507396779650619,True,False,[5],[0.09222437002298371]
32,17,549,1,0.014473973749529323,1.2707683269748444,True,False,[5],[0.06094374976776706]
32,18,666,1,0.011717533350206387,1.4856844918729852,True,False,[7],[0.07445134901806784]
32,19,253,1,0.01503947536082509,1.3480331891355446,True,False,[8],[0.127911088576253]
32,20,301,1,0.013815624183997817,1.3231430571016598,True,False,[5],[0.13002209135801499]
32,21,390,1,0.014835794967031092,1.2840469280009674,True,False,[7],[0.09526102017816107]
32,22,764,1,0.03241993302906161,1.3085829249886145,True,False,[5],[0.08928480025379533]
32,23,478,1,0.014633524911649657,1.2402728839149604,True,False,[5],[0.11795563792153678]
33,0,655,1,0.014571316407149915,1.3290713273653363,True,False,[5],[0.09026525978680429]
33,2,550,1,0.013503666408439008,1.3844489910471829,True,False,[5],[0.08830880131365312]
33,3,16,1,0.015418757606411216,1.3458334162483099,True,False,[5],[0.039115335100192654]
33,4,17,1,0.015113104899614666,1.231668957407605,True,False,[8],[0.06946247761232292]
33,6,0,1,0.014862192433106788,1.2425542359863586,True,False,[7],[0.1171386739272538]
33,7,584,1,0.016538837269632383,1.2815287294664608,True,False,[15],[0.13237698881154478]
33,8,395,1,0.015219896184435163,1.7865109731305846,True,False,[5],[0.08352868701645287]
33,9,611,1,0.014753016198793835,1.3392174596278257,True,False,[5],[0.06276818701752128]
33,10,617,1,0.014932805382599414,1.2602455833646249,True,False,[12],[0.08631784938291966]
33,11,234,1,0.01458930203627869,1.3517876438965593,True,False,[5],[0.07273225790791224]
33,12,12,1,0.011555082562360777,1.321375175859613,True,False,[7],[0.12617186940854527]
33,13,684,1,0.014646657125614157,1.3785571675416957,True,False,[5],[0.12843462524502497]
33,14,654,1,0.011531381840652303,1.329609034827098,True,False,[15],[0.0766326577204129]
33,15,13,1,0.014750642848943304,1.2567943504651113,True,False,[5],[0.06277342930809973]
33,17,549,1,0.01406900413675398,1.2913753984577148,True,False,[5],[0.06581636015659943]
33,18,666,2,0.010038774841624519,1.4902274692409114,True,False,"[8, 11]","[0.0441053096375277, 0.0734585798884988]"
33,20,301,1,0.01444857073592657,1.32348021435361,True,False,[8],[0.11361028018381353]
33,21,390,3,0.00983153096695374,1.287651809927065,True,False,"[7, 8, 15]","[0.09405016301337905, 0.049337156279486434, 0.06434366817303754]"
33,22,764,2,0.00925158623042775,1.3229249678749588,True,False,"[7, 8]","[0.09069447909596669, 0.0489849102542173]"
33,23,478,1,0.01378899143418272,1.2579222415725901,True,False,[7],[0.12367251912347092]
34,1,7,1,0.014841651070707687,1.3504870751967828,True,False,[8],[0.10951669056226977]
34,2,550,1,0.012662654263587125,1.40746007702095,True,False,[5],[0.08748327454906006]
34,3,16,1,0.0158048433391345,1.3514072407633175,True,False,[5],[0.05506163617949972]
34,4,17,1,0.015337097189702349,1.2218167831596773,True,False,[16],[0.08507458778162769]
34,5,19,2,0.01159791207680411,1.3071332950392864,True,False,"[12, 15]","[0.07631487049049762, 0.11819708208231662]"
34,6,0,1,0.01419411882779982,1.2398450210222192,True,False,[7],[0.12820277974702873]
34,7,584,1,0.01644326016473479,1.2786369117405672,True,False,[15],[0.14804707229500008]
34,8,395,1,0.012788573586803598,1.816810905525477,True,False,[7],[0.15154830989019746]
34,9,611,1,0.013546491091835183,1.3466979257107357,True,False,[5],[0.09197289019256481]
34,10,617,1,0.014227086795759972,1.2588436697462502,True,False,[12],[0.09634413971169839]
34,12,12,1,0.014946041371823402,1.3446884837050181,True,False,[5],[0.12569830670015616]
34,13,684,1,0.01449527975028095,1.4052696226285677,True,False,[5],[0.12100210206501032]
34,16,36,2,0.010489322477749028,1.4760512443875133,True,False,"[7, 15]","[0.08568859894679927, 0.0734510308279612]"
34,17,549,1,0.013628627158560055,1.2909724448199404,True,False,[15],[0.05686264748557099]
34,18,666,1,0.015050469809510898,1.4965769816721757,True,False,[8],[0.05105872800881872]
34,19,253,2,0.009745122511427604,1.3501669338688396,True,False,"[7, 8]","[0.10426420543898222, 0.10943376229396869]"
34,20,301,1,0.014865917313011406,1.3456048459314285,True,False,[5],[0.15843589388549156]
34,21,390,1,0.013970229662913274,1.3052326616812473,True,False,[7],[0.10318365162044531]
34,22,764,1,0.014893311786686025,1.3269800990101746,True,False,[8],[0.05756719012987026]
34,23,478,1,0.014584669760937478,1.2551413403979699,True,False,[15],[0.08450629703453864]
35,0,655,1,0.013620449043499334,1.3268821045845973,True,False,[8],[0.07898190805042593]
35,2,550,1,0.012919931787759346,1.4309829585536888,True,False,[5],[0.10369590105095192]
35,3,16,1,0.015351447897784996,1.3598391398349996,True,False,[5],[0.0674163672211383]
35,4,17,2,0.009971912273574064,1.2235417827943047,True,False,"[8, 16]","[0.07403429479680068, 0.07291474202730314]"
35,5,19,1,0.014724576675249887,1.3096818816297155,True,False,[5],[0.08369980990670856]
35,7,584,2,0.012816612648708047,1.2955079302240715,True,False,"[7, 16]","[0.14033451819908094, 0.14133999719151188]"
35,8,395,1,0.014150737661629446,1.8160656484502335,True,False,[8],[0.10260225001051336]
35,9,611,1,0.013942696846103757,1.363474076289149,True,False,[5],[0.09979694622677375]
35,10,617,1,0.013830406069979189,1.2640579587245147,True,False,[12],[0.09547463855539538]
35,12,12,2,0.011628017147775005,1.3629704826631963,True,False,"[7, 8]","[0.13100623720747048, 0.09955914406602583]"
35,14,654,1,0.012403677938955464,1.3466110345735702,True,False,[15],[0.08713067269115776]
35,15,13,1,0.01486102688073403,1.2788164664076107,True,False,[5],[0.06688844639600024]
35,16,36,1,0.014748076333728386,1.4946871078143698,True,False,[5],[0.09052301302759003]
35,17,549,1,0.011900228230572327,1.3094361963244776,True,False,[7],[0.12067556078748892]
35,18,666,1,0.015250140875295934,1.4994962342004952,True,False,[8],[0.05346252898589106]
35,19,253,2,0.010140964605775923,1.3526181648639375,True,False,"[7, 11]","[0.10862946441634104, 0.07173725798045644]"
35,20,301,1,0.014183203957606956,1.3707420819947551,True,False,[5],[0.14565278005753962]
35,21,390,1,0.014151741323974577,1.3226091430143965,True,False,[7],[0.11752705527441032]
35,23,478,1,0.012817051037344035,1.2580489554316057,True,False,[15],[0.0699090582791288]
36,0,655,1,0.014200185230550895,1.331357965160044,True,False,[7],[0.10139408801813425]
36,1,7,2,0.009745411122926664,1.3593634471552793,True,False,"[7, 15]","[0.10813934715685472, 0.10694940523965622]"
36,2,550,1,0.013022325457320886,1.4626725815595976,True,False,[7],[0.10914810928251036]
36,3,16,1,0.01465330060119293,1.374713174106062,True,False,[5],[0.0671573998145952]
36,5,19,1,0.014819588298504707,1.3131074337684259,True,False,[5],[0.08260875202957617]
36,6,0,1,0.013681365764873731,1.2397950521578103,True,False,[15],[0.08049177910760442]
36,7,584,2,0.012655016743653063,1.3115442680531757,True,False,"[7, 15]","[0.14408874327736795, 0.1471362490810138]"
36,8,395,1,0.014748074214895025,1.8256360652559709,True,False,[5],[0.10081348858526057]
36,9,611,1,0.015053535860477255,1.379970363116267,True,False,[15],[0.08446204224081144]
36,10,617,1,0.013512489105634684,1.269322050782261,True,False,[12],[0.0895761785834066]
36,11,234,2,0.012307068829829293,1.3547614522144402,True,False,"[7, 12]","[0.11577004753803469, 0.06209325327205021]"
36,12,12,1,0.01420587795125537,1.3891629407181818,True,False,[5],[0.12809533063391185]
36,13,684,1,0.014652263609915207,1.4324350492841882,True,False,[5],[0.12652344248844388]
36,14,654,1,0.013785305520842504,1.3487131435751045,True,False,[8],[0.057497388076428575]
36,15,13,2,0.011964315599901064,1.3019694994850304,True,False,"[8, 12]","[0.06315816032736273, 0.04568206245384255]"
36,16,36,3,0.010523850402434577,1.506235921606755,True,False,"[6, 7, 15]","[0.11605134094102315, 0.08811798614096109, 0.09037258176664024]"
36,17,549,1,0.012842019603995414,1.323266790481901,True,False,[7],[0.15050423670275953]
36,18,666,1,0.01498210889330215,1.5049074888566236,True,False,[8],[0.04952133471477988]
36,19,253,1,0.015080672699033975,1.3594534802959828,True,False,[5],[0.08120798456090114]
36,20,301,1,0.012010597501661698,1.4001759614177665,True,False,[7],[0.09813635757216495]
36,21,390,2,0.010629798284671673,1.3435804976581027,True,False,"[7, 8]","[0.11069676368776367, 0.06245766013781959]"
36,22,764,1,0.014455266456642557,1.3348978057470349,True,False,[11],[0.07858979011040901]
36,23,478,1,0.012499992639146348,1.2605108872474875,True,False,[15],[0.10494643218864406]
37,0,655,1,0.014307558639359301,1.3352419000633695,True,False,[5],[0.11468349020369341]
37,2,550,1,0.013410973722300252,1.4940713316007612,True,False,[7],[0.11533912652336865]
37,3,16,1,0.011811100666957884,1.3984294305955098,True,False,[7],[0.10556061525113562]
37,4,17,1,0.01468616438258267,1.2330517171398552,True,False,[8],[0.07409911269790383]
37,5,19,1,0.014427154379348212,1.3274786413530286,True,False,[15],[0.1218077979324043]
37,6,0,2,0.011585419813514547,1.244459015312141,True,False,"[6, 16]","[0.08684001220599602, 0.053389532217480655]"
37,7,584,2,0.012982517995637247,1.3279163619555998,True,False,"[7, 15]","[0.14137452871425407, 0.14595654088587814]"
37,8,395,1,0.012407528485865637,1.8643041145039283,True,False,[7],[0.13774998994721713]
37,9,611,1,0.014432716081066428,1.3988030818840231,True,False,[15],[0.07337872768479214]
37,10,617,1,0.011665593157252485,1.2794548900504337,True,False,[8],[0.07004856577584248]
37,11,234,1,0.012840994406103335,1.3693947638791513,True,False,[7],[0.11957239760260803]
37,12,12,2,0.011980450436071127,1.4082406527039517,True,False,"[7, 8]","[0.1259402735698872, 0.09921902342670477]"
37,13,684,2,0.010468495147906778,1.4371594293266847,True,False,"[7, 11]","[0.146412680020067, 0.06708755947796666]"
37,14,654,1,0.01529861406651516,1.3545967167017336,True,False,[5],[0.06694922353720768]
37,15,13,2,0.011733429250739799,1.3148696145389183,True,False,"[7, 15]","[0.10581156507577046, 0.06738475898530957]"
37,16,36,1,0.013890254566707276,1.524104983322424,True,False,[7],[0.08004739999133795]
37,17,549,2,0.010356273662761114,1.3322348429322397,True,False,"[7, 15]","[0.1500844477366274, 0.07420046334547714]"
37,18,666,1,0.015607549688369561,1.5159217573571808,True,False,[8],[0.07043571072691239]
37,19,253,1,0.01265677978766579,1.3847873419888543,True,False,[7],[0.1309682753899186]
37,20,301,1,0.01361220884096835,1.40466450909638,True,False,[8],[0.11683823877122446]
37,21,390,1,0.01314349161650941,1.3482866584255304,True,False,[8],[0.07714842106848815]
37,22,764,1,0.014539980870765828,1.352125737657868,True,False,[5],[0.09860384158998545]
37,23,478,1,0.011735521328767876,1.2609956655667856,True,False,[6],[0.08607633836718294]
38,1,7,1,0.013924050106899007,1.3641601892530895,True,False,[5],[0.036812474029276454]
38,3,16,1,0.014153520309308566,1.39846514305774,True,False,[12],[0.057233325415615585]
38,4,17,1,0.014659151672947747,1.2416340665903745,True,False,[16],[0.06521598639451079]
38,5,19,2,0.010984090072771022,1.3339310198829217,True,False,"[7, 15]","[0.10726655744867282, 0.13946434051553522]"
38,6,0,1,0.015505789812893618,1.2402965195141171,True,False,[5],[0.0648530075096874]
38,8,395,1,0.01490965630895175,1.8773217943390945,True,False,[5],[0.09654422697944727]
38,10,617,2,0.009717739289266595,1.277358427675397,True,False,"[12, 15]","[0.08845316240817636, 0.09708404063170184]"
38,12,12,1,0.014633954967019514,1.434087512893241,True,False,[5],[0.12897354928500193]
38,13,684,1,0.012545436959895519,1.4363741444790814,True,False,[11],[0.09333035046873511]
38,14,654,2,0.012511887972874608,1.3608133926160184,True,False,"[7, 8]","[0.10257303362792905, 0.0827172066873095]"
38,15,13,2,0.009649601509821986,1.3267815991414564,True,False,"[8, 16]","[0.06980400519047614, 0.057375759517517264]"
38,16,36,1,0.01394521597469197,1.5545886762047632,True,False,[5],[0.09047304408062914]
38,18,666,1,0.014592115336881288,1.5354510995245252,True,False,[8],[0.0691467194456867]
38,19,253,1,0.013724898137728163,1.3787860992674086,True,False,[11],[0.06657707277924871]
38,20,301,2,0.011099718682736924,1.4260848062940255,True,False,"[7, 8]","[0.1101376647840084, 0.12354987572473856]"
38,21,390,2,0.011104361496923457,1.3497129424054959,True,False,"[8, 15]","[0.09260904610123885, 0.08545321900006787]"
38,23,478,1,0.014265784406029354,1.2742448821490875,True,False,[5],[0.12353079605009956]
39,1,7,1,0.015163680141902336,1.3733415243609368,True,False,[5],[0.05700693458321951]
39,3,16,1,0.014773894871762564,1.4115028733325454,True,False,[5],[0.07218605316073673]
39,4,17,1,0.014211218272439981,1.2587240907623098,True,False,[8],[0.08544505001283074]
39,5,19,1,0.01537869665699802,1.345781774608272,True,False,[15],[0.14375618441949814]
39,6,914,1,0.056031474090378806,1.752624177302259,True,False,[8],[0.05634339667553406]
39,7,0,1,0.01444088055252607,1.2434810300203956,True,False,[15],[0.13352541473283636]
39,8,584,1,0.014741283907834229,1.3470788389859925,True,False,[7],[0.13460561441055158]
39,9,395,2,0.011406644476741114,1.9022853190254159,True,False,"[7, 16]","[0.11020951731856897, 0.061660220288459404]"
39,10,611,2,0.01238229177135482,1.417908173514134,True,False,"[7, 15]","[0.13684803225259942, 0.12258963437875993]"
39,12,234,1,0.012370325587761036,1.3950004886201772,True,False,[7],[0.12582937560361587]
39,13,12,2,0.013906225078494145,1.4377351049387261,True,False,"[8, 15]","[0.11475188306318641, 0.05184920823323655]"
39,14,684,1,0.014370675740183645,1.4537059123777702,True,False,[7],[0.10553711772734849]
39,15,654,1,0.014854260651306525,1.3656136938499484,True,False,[15],[0.07273535183129583]
39,16,13,1,0.01383488189959107,1.326882248452122,True,False,[16],[0.064018686560524]
39,17,36,1,0.014613466367680223,1.5681350083028105,True,False,[5],[0.08061227170683871]
39,20,253,1,0.01339404977811474,1.40031033092492,True,False,[7],[0.10641793779197797]
39,21,301,1,0.013143734784353085,1.4558665946280755,True,False,[5],[0.09091158864045935]
39,22,923,1,0.020865138400036613,1.385469433301244,True,False,[16],[0.10128654816746219]
40,2,17,1,0.012901051803236042,1.262735709722647,True,False,[8],[0.08169411938461231]
40,3,19,1,0.014971497555412303,1.343325665459046,True,False,[5],[0.0881929260133976]
40,4,914,1,0.01509417850300144,1.7575693625986946,True,False,[17],[0.04649103565090619]
40,5,0,1,0.012686399669086412,1.2502276990888734,True,False,[16],[0.10963159785835364]
40,6,584,1,0.016622370317739506,1.3514669380274316,True,False,[15],[0.11762904772689593]
40,9,16,1,0.014825589285635855,1.4171267576172513,True,False,[5],[0.0803804655938942]
40,10,611,2,0.009952647708416433,1.421594886141218,True,False,"[6, 15]","[0.06255435768367837, 0.10969812854207242]"
40,11,617,1,0.012372484393184877,1.285953891935804,True,False,[8],[0.07848869243647756]
40,12,234,1,0.01194469542281706,1.4165482478039384,True,False,[7],[0.12353429164800374]
40,13,395,1,0.015395178985565383,1.8794865231430478,True,False,[16],[0.07204030208779728]
40,14,654,1,0.012700133304202586,1.3677643494436686,True,False,[8],[0.10881598012817631]
40,15,13,3,0.00894403258867952,1.3410026416693643,True,False,"[7, 8, 12]","[0.11558933101811765, 0.08084402738285078, 0.0534623578221943]"
40,16,12,1,0.010623227801786603,1.4690456845179376,True,False,[7],[0.07014358801537791]
40,17,684,1,0.013039833381598635,1.4544672806278776,True,False,[8],[0.0933229519575914]
40,18,549,1,0.011554041793138292,1.362928203059011,True,False,[7],[0.07609374228737618]
40,19,936,2,0.01779452556475426,1.3419151448102489,True,False,"[7, 15]","[0.13844428527606373, 0.1014629019089632]"
40,20,36,2,0.011234066291865862,1.5816111530702721,True,False,"[7, 15]","[0.0923817816025234, 0.06246103517117779]"
40,22,666,1,0.015574981406188257,1.534050007305506,True,False,[5],[0.10524500104797377]
40,23,301,1,0.013681124659297751,1.466507580439803,True,False,[7],[0.1184401891913572]
41,0,655,1,0.013273168508777106,1.3300962856354133,True,False,[8],[0.11072319497846798]
41,1,938,1,0.05761001861794856,1.6882522217936171,True,False,[8],[0.10042158100248047]
41,2,17,3,0.009147671629192975,1.260676798957409,True,False,"[8, 15, 16]","[0.08141717183584822, 0.02074679556733544, 0.05488380885752912]"
41,3,19,1,0.015170309377512795,1.338635493605673,True,False,[5],[0.09222615431289725]
41,4,914,1,0.015171471854083967,1.769976364478242,True,False,[5],[0.10812541158343206]
41,5,0,2,0.011096876495362666,1.2610521013839167,True,False,"[6, 7]","[0.028509552148569102, 0.10523771479394098]"
41,6,584,3,0.00983293622638448,1.3588313030722592,True,False,"[7, 15, 16]","[0.14183740266979655, 0.14880924715488475, 0.10433953882400193]"
41,8,550,2,0.012629298493120753,1.5033186158151841,True,False,"[7, 16]","[0.14432630188926207, 0.1259945397245566]"
41,9,16,1,0.014096537121751726,1.424658441345184,True,False,[5],[0.07448994159858024]
41,10,981,1,0.019960241329808635,1.4476801996831345,True,False,[7],[0.1230337314834061]
41,11,611,2,0.009249765692502358,1.4192345744226156,True,False,"[7, 8]","[0.1255331791467081, 0.10088152272351136]"
41,12,617,1,0.012454030952632414,1.2910636051281834,True,False,[7],[0.11971425237078373]
41,13,234,1,0.014390374887536283,1.406716527073948,True,False,[16],[0.08518097894763077]
41,14,395,1,0.013966709679479418,1.9046768305181225,True,False,[7],[0.1294357723210433]
41,15,654,1,0.012878911169254144,1.3822977658449631,True,False,[7],[0.10705860859325302]
41,17,12,2,0.011273614433693015,1.484867130074277,True,False,"[7, 15]","[0.1416049096067355, 0.07581720666799524]"
41,18,684,1,0.01249489461993342,1.4856174587267041,True,False,[7],[0.09623605819701536]
41,19,549,1,0.014279089285834035,1.3743723222356805,True,False,[5],[0.09325292642517594]
41,20,936,1,0.013571237981734588,1.3435374847514627,True,False,[15],[0.0820251931999284]
41,21,36,1,0.012017614106144896,1.6087744696592985,True,False,[7],[0.10746326811960208]
41,22,923,1,0.014670502041174515,1.3894340361446782,True,False,[16],[0.10072745832005128]
42,0,655,1,0.013174229267060442,1.3279009346747268,True,False,[8],[0.12529260653772428]
42,1,938,1,0.014430353857627946,1.687954246906536,True,False,[8],[0.09537270831096145]
42,2,17,1,0.01429284293484345,1.266293513752487,True,False,[16],[0.06727872660560319]
42,3,19,1,0.0149685815466057,1.3451241253247312,True,False,[5],[0.08477511137354737]
42,4,914,1,0.01271681132262209,1.7961343661650802,True,False,[7],[0.11800763220612429]
42,5,0,1,0.01202190603847231,1.275619681280781,True,False,[7],[0.09726801971940041]
42,6,584,1,0.016072967638432346,1.36117862408491,True,False,[8],[0.08772257393602445]
42,8,550,2,0.010942443897079037,1.5026380404892687,True,False,"[8, 16]","[0.1237498631289394, 0.13978746388896915]"
42,9,16,1,0.013621715051395391,1.4443214168806473,True,False,[7],[0.10693129034854829]
42,11,611,2,0.01017351769096757,1.4252494125238653,True,False,"[7, 15]","[0.128516940400909, 0.05302251130287969]"
42,12,617,2,0.011139118811284892,1.3007894763576004,True,False,"[7, 12]","[0.11997427201829267, 0.02504801698610934]"
42,14,395,1,0.015084923271774655,1.9180852742545547,True,False,[5],[0.0734342785416988]
42,15,654,1,0.013649369350401147,1.4104698931610486,True,False,[5],[0.06742316646526028]
42,16,13,1,0.015175810084659402,1.355054015353542,True,False,[8],[0.09890593856787613]
42,17,12,1,0.014537615766664477,1.5082713939854722,True,False,[5],[0.09334769778778307]
42,18,684,1,0.013135403185527665,1.5132692234457465,True,False,[7],[0.11493444230630634]
42,19,549,2,0.009102976656787224,1.3817672901941684,True,False,"[7, 8]","[0.14249492151373397, 0.12149282845455323]"
42,20,936,1,0.013421181648199026,1.3497627637125815,True,False,[5],[0.1514026240823402]
42,21,36,1,0.012903384454354896,1.6422589354267056,True,False,[5],[0.0889719685131355]
42,22,923,2,0.009243649055969185,1.401390533448872,True,False,"[7, 16]","[0.10349474073536248, 0.09367376968223226]"
42,23,301,1,0.014707499879682447,1.4623800589094833,True,False,[8],[0.05377948132455255]
43,0,655,1,0.013884101606013256,1.329965826417111,True,False,[8],[0.15278681450402107]
43,1,938,1,0.014557044102094019,1.6859099069414611,True,False,[8],[0.09929715760579505]
43,2,17,2,0.010066194515553226,1.2720448788902698,True,False,"[7, 8]","[0.12033532746292643, 0.07957442684766203]"
43,4,914,1,0.013425386989836885,1.8204421541725258,True,False,[7],[0.12618988830253242]
43,5,0,1,0.014386508836276825,1.2797656635153736,True,False,[6],[0.03352403679413019]
43,6,584,1,0.014589787763714312,1.3810980586940282,True,False,[5],[0.06231842891692275]
43,7,7,2,0.009174534366059603,1.3774855842062985,True,False,"[7, 8]","[0.13050748468491585, 0.041430280812054084]"
43,8,550,1,0.013647539614501806,1.525066727835614,True,False,[7],[0.1418384009592649]
43,9,16,1,0.01391498089651098,1.4626657737249145,True,False,[7],[0.10356783441105959]
43,10,981,1,0.012832131214637539,1.458628667688371,True,False,[16],[0.1032156152189372]
43,11,611,2,0.010601142272642996,1.4243201910870409,True,False,"[6, 15]","[0.020742242593572862, 0.05020519693277912]"
43,12,617,1,0.014749210639558382,1.2977899226236205,True,False,[5],[0.13859013399862027]
43,13,234,1,0.013164431724519176,1.4384657235072622,True,False,[5],[0.12903645480543874]
43,14,395,1,0.013434124280410617,1.953183110386822,True,False,[5],[0.08368924914143856]
43,15,654,2,0.011469739806607194,1.4191408845307414,True,False,"[7, 15]","[0.11299516787473553, 0.08913412072429631]"
43,17,1018,2,0.037926489065365276,1.5174974897750044,True,False,"[7, 12]","[0.16222078264447032, 0.04482169208768796]"
43,18,12,1,0.015225390155549927,1.5348292921804059,True,False,[5],[0.13960543784348434]
43,19,684,2,0.00987758028372794,1.5236985677749637,True,False,"[7, 8]","[0.14847018568882048, 0.13637624035256862]"
43,20,549,1,0.01371536889801267,1.386706099640633,True,False,[6],[0.05779620828519956]
43,21,936,2,0.009658470961581532,1.3574047505335565,True,False,"[7, 16]","[0.10153979971267317, 0.0527088039527226]"
43,22,36,1,0.014983736281431154,1.6427823797071517,True,False,[15],[0.04641701552823113]
43,23,923,2,0.010157164871585045,1.407417516415827,True,False,"[7, 16]","[0.10619990352999871, 0.07520383765977]"
44,0,655,1,0.013248169832910644,1.343592629660578,True,False,[8],[0.1576845281243355]
44,2,17,3,0.00977489018859254,1.2832412864762144,True,False,"[7, 8, 15]","[0.12406905697108529, 0.09135126096663553, 0.033422067159102946]"
44,3,19,1,0.01468633700018721,1.358409206909318,True,False,[5],[0.08529292191149053]
44,4,914,1,0.014786317986450026,1.8308693979668986,True,False,[17],[0.06704469398567307]
44,5,0,3,0.009189035010576578,1.2986061760872554,True,False,"[6, 7, 16]","[0.04849446010908201, 0.10655334964719804, 0.11353208245835605]"
44,6,584,1,0.015926674382531345,1.3927917137977541,True,False,[5],[0.09955889037060232]
44,7,7,1,0.012965335456073725,1.3958391748958823,True,False,[8],[0.045135696677025466]
44,8,550,1,0.013097743488130099,1.5510643204886727,True,False,[7],[0.1320830366063381]
44,9,16,1,0.012393575945819559,1.4893427065270044,True,False,[7],[0.09017777779181971]
44,10,981,1,0.012764448622439846,1.471933869053906,True,False,[16],[0.11461362989485548]
44,11,611,1,0.014156845704674188,1.442130195681406,True,False,[15],[0.04435387959472639]
44,12,617,1,0.014384348372180708,1.2884450159216605,True,False,[15],[0.03602909049738066]
44,13,234,1,0.013105617287674226,1.4715355418883935,True,False,[5],[0.11405894773496082]
44,15,654,1,0.012962336248837457,1.435566286513533,True,False,[7],[0.1116567307126887]
44,16,13,1,0.01465304615145235,1.3542088226859452,True,False,[12],[0.028829286843656245]
44,17,1018,1,0.013693083554814712,1.5094109988216113,True,False,[12],[0.05365826414939662]
44,18,12,2,0.009266141195845016,1.5526670706440453,True,False,"[7, 8]","[0.12313794788961697, 0.07592274984659418]"
44,22,36,2,0.009956057262657275,1.634943139654306,True,False,"[8, 16]","[0.06333342564372386, 0.08693509980090727]"
44,23,923,1,0.012289091877561444,1.4247071765460482,True,False,[7],[0.095150557636324]
45,0,655,1,0.014242384989412105,1.354965891799791,True,False,[5],[0.12890893296256659]
45,1,938,1,0.012054771600043417,1.7116821132310678,True,False,[7],[0.10875114570214686]
45,2,17,3,0.010678497178637478,1.293353699505858,True,False,"[7, 8, 16]","[0.13100474128200312, 0.09369074376020363, 0.07086727422701938]"
45,3,19,1,0.013700046395453096,1.3687654662799915,True,False,[8],[0.1127878936492685]
45,4,914,1,0.013704200850256563,1.8518897899210836,True,False,[7],[0.1355288175039789]
45,5,0,1,0.012578757556954102,1.2903411275245205,True,False,[17],[0.04070787828730098]
45,6,584,1,0.015343639298152488,1.4174647419463082,True,False,[7],[0.14747950499955154]
45,8,550,1,0.01496612451150842,1.5573392080246173,True,False,[5],[0.09583595644393132]
45,9,16,1,0.014941854932694126,1.4923926582072986,True,False,[5],[0.07524863663497602]
45,11,611,1,0.014671751083086429,1.4550505479163716,True,False,[5],[0.0720575249738321]
45,12,617,1,0.013147267051118253,1.2939344257628878,True,False,[8],[0.10771922909355455]
45,13,234,1,0.012877442396980951,1.5057312520957735,True,False,[5],[0.11088663314689715]
45,14,395,1,0.01347796160367505,1.9862794470346363,True,False,[7],[0.11459476819998343]
45,16,13,3,0.008855137211655281,1.3552126584396853,True,False,"[8, 12, 16]","[0.09947630864149254, 0.04721584684977489, 0.06634081123714095]"
45,18,12,1,0.015188462643222019,1.5778846101645376,True,False,[5],[0.16743194971597392]
45,19,684,1,0.01240940670938554,1.5242392715890316,True,False,[8],[0.14752367022823462]
45,20,549,1,0.013652256232382143,1.3944635613809857,True,False,[7],[0.11746107903095805]
45,21,936,1,0.012933379163836233,1.3737522014203245,True,False,[5],[0.09727948282120841]
45,22,1076,1,0.02431312646735487,1.4432068135512375,True,False,[5],[0.10144757568329443]
45,23,923,1,0.01126154675858594,1.449827993728001,True,False,[7],[0.08954190910790995]
46,0,655,1,0.013176296060547958,1.3744303073928412,True,False,[8],[0.15526356664360638]
46,1,938,1,0.014035861878919618,1.7037628106286995,True,False,[8],[0.10059069756690209]
46,2,17,1,0.01301701397831591,1.3142899222767972,True,False,[5],[0.10401868953368884]
46,3,19,2,0.010891351601872728,1.3889038667235005,True,False,"[7, 15]","[0.1380080861470889, 0.0902724051298267]"
46,4,914,2,0.00981340519444948,1.8566735372605585,True,False,"[7, 17]","[0.13474274969438596, 0.07630837128222813]"
46,5,0,2,0.010061674835793602,1.2970270480285309,True,False,"[6, 15]","[0.05965250387050236, 0.13085194536263273]"
46,6,584,2,0.011686183410062397,1.4215717466514748,True,False,"[7, 15]","[0.1599667047489616, 0.16767588624456997]"
46,8,550,1,0.013453879827713787,1.5802641896856062,True,False,[7],[0.14680006936526935]
46,9,16,1,0.011812576326815427,1.5224866925997096,True,False,[7],[0.0876580159462469]
46,11,611,1,0.01367083919439547,1.4636421994305602,True,False,[7],[0.1311994847781324]
46,12,1095,1,0.02508836230112942,1.4212585040261065,True,False,[5],[0.15952446203406465]
46,13,617,1,0.01334789061805376,1.2989107842943515,True,False,[12],[0.05396519407777366]
46,14,234,1,0.014561882648329746,1.5002412702279537,True,False,[12],[0.03510876924419795]
46,15,395,1,0.013559291365027728,1.9865923713435814,True,False,[16],[0.0649194431313148]
46,16,1087,2,0.009612289804658732,1.4098909731063345,True,False,"[7, 8]","[0.07076895484505663, 0.09048717660875996]"
46,17,654,2,0.012267426170380557,1.4564380316657444,True,False,"[7, 15]","[0.17429234863731338, 0.08951864024543862]"
46,18,13,1,0.014364796224768623,1.3487535307626644,True,False,[8],[0.0870246938825818]
46,19,1018,1,0.012502898956560987,1.5087340503760216,True,False,[11],[0.0813121731427412]
46,20,12,1,0.013737304996959505,1.5996497615362086,True,False,[7],[0.1224754107317915]
46,21,684,1,0.013220543909131117,1.5544281196218794,True,False,[5],[0.11656434759338213]
46,22,549,2,0.010370634472336712,1.3969078856352006,True,False,"[7, 15]","[0.11774627390410568, 0.07537508135677491]"
46,23,1076,1,0.011579297260754453,1.4446058975556568,True,False,[15],[0.1122017727873911]
47,0,655,1,0.013740263103826056,1.3854442394701205,True,False,[7],[0.11828936882544205]
47,1,938,1,0.012862745942411869,1.690770948541499,True,False,[8],[0.12247067926317311]
47,2,17,1,0.0137353533161016,1.333827076754544,True,False,[8],[0.09932141879312407]
47,3,19,1,0.013290463998755062,1.4008473605709284,True,False,[8],[0.11672891633100708]
47,4,914,1,0.01372704078030149,1.8729740903600367,True,False,[7],[0.1586574460940674]
47,8,550,1,0.013176145144514798,1.5810440250703028,True,False,[17],[0.044941466756097635]
47,9,16,1,0.014693619224068017,1.5431860464310863,True,False,[5],[0.07490791667522134]
47,10,981,1,0.013143733406158977,1.4882255488254867,True,False,[7],[0.121102405926649]
47,11,611,2,0.00974534544318408,1.4821039148778465,True,False,"[7, 15]","[0.11999248252565672, 0.048207942051163404]"
47,13,617,1,0.014094302371343974,1.298418673341544,True,False,[15],[0.059012961253363694]
47,15,395,1,0.013404780770617047,1.986804318339623,True,False,[16],[0.08014215157477336]
47,17,654,1,0.012452774986883228,1.4443180456639058,True,False,[16],[0.11307568435421486]
47,18,13,1,0.013753297348669646,1.3391702321480474,True,False,[17],[0.03312881701363427]
47,19,1018,1,0.014174334816943829,1.5085899282395185,True,False,[12],[0.056334848668763496]
47,20,12,1,0.014724210916958932,1.6163457874405347,True,False,[7],[0.13109214018084286]
47,22,549,1,0.012449503928311496,1.4136665986535548,True,False,[7],[0.11972702989979771]
47,23,1076,1,0.01411727607099626,1.4485437995778143,True,False,[5],[0.14879427034911033]
48,0,655,1,0.012653826236532249,1.3906321293564996,True,False,[5],[0.12412333811504442]
48,1,938,3,0.011212473860113197,1.6882539040177411,True,False,"[8, 16, 17]","[0.12319629130026774, 0.04324580928964989, 0.04324580928964989]"
48,2,17,1,0.01459327162486545,1.3354048817217492,True,False,[16],[0.07668189194358176]
48,3,19,2,0.010652961245960239,1.4226657760294075,True,False,"[7, 15]","[0.12972829512492579, 0.08535157892003375]"
48,5,0,3,0.010335210359973259,1.3033478153549758,True,False,"[6, 7, 15]","[0.08656608173501847, 0.11673521666963899, 0.14251639519213477]"
48,6,584,1,0.016717506061028013,1.4174059654064108,True,False,[15],[0.1728516097393576]
48,7,7,1,0.012424368657449416,1.4169148471315804,True,False,[8],[0.04793822118225569]
48,8,550,1,0.014614134609664558,1.5823266005380678,True,False,[8],[0.13463970365473504]
48,9,16,1,0.01148287832727765,1.5730547377571273,True,False,[7],[0.08784790228923293]
48,10,981,1,0.01286921807205204,1.4889926154480666,True,False,[12],[0.10386135314498113]
48,11,611,1,0.01483909422234155,1.4879205333928849,True,False,[5],[0.08193572887222102]
48,13,617,2,0.00985593985481306,1.2977796614255455,True,False,"[7, 12]","[0.15073236117246858, 0.07490798707156442]"
48,14,234,1,0.014008840294760818,1.5187992415073814,True,False,[5],[0.09161370553708387]
48,15,395,1,0.013069063123869878,2.032058626107753,True,False,[5],[0.07303740594437377]
48,17,654,2,0.008735444065885188,1.4558487253544161,True,False,"[7, 8]","[0.1563114622383016, 0.10966256433367022]"
48,18,13,2,0.010196898300331273,1.3356090683850088,True,False,"[8, 16]","[0.08068692264710031, 0.10992501656204387]"
48,19,1018,2,0.009420411473890177,1.5040397680804802,True,False,"[8, 12]","[0.14361315185253543, 0.07752780953869633]"
48,21,684,1,0.012711899819090626,1.5541960614605597,True,False,[8],[0.09386756116383252]
48,22,549,1,0.013576118366484698,1.4009496905046628,True,False,[8],[0.09401283847519395]
48,23,1076,3,0.011475294940077091,1.4492354615023852,True,False,"[8, 11, 15]","[0.11092482359211443, 0.10278677039570265, 0.1394764026079579]"
49,0,655,1,0.013018992612698321,1.4038992183867895,True,False,[7],[0.11854318773596649]
49,1,938,1,0.014749259660548493,1.703726229728823,True,False,[5],[0.0738178129024587]
49,3,19,2,0.008946262178286885,1.4273091849954558,True,False,"[7, 8]","[0.12161804813548273, 0.11313760129103764]"
49,4,914,1,0.014253498152894823,1.8939396933075887,True,False,[5],[0.09890742390742042]
49,5,0,1,0.014197426163288339,1.3101364987224624,True,False,[6],[0.10488274727116552]
49,6,584,1,0.015713563672853825,1.4373530467300675,True,False,[5],[0.12343456697918845]
49,7,7,1,0.012207892279438396,1.439171522233153,True,False,[8],[0.05946764042521301]
49,8,550,1,0.014105721299260262,1.6000116974153218,True,False,[7],[0.15498788957343107]
49,9,16,1,0.0118450483693761,1.6030454854972245,True,False,[5],[0.06455307777685157]
49,10,981,1,0.013992337235313578,1.5122611137953015,True,False,[5],[0.05706050231290833]
49,11,611,1,0.014660253917270593,1.4965643667801924,True,False,[5],[0.08093969061135195]
49,13,617,2,0.011165257861035206,1.296654122860514,True,False,"[7, 12]","[0.16054805290909968, 0.08123243733770805]"
49,14,234,1,0.013176124613628262,1.5389000913760984,True,False,[12],[0.05979259420640036]
49,15,395,1,0.013635815246394185,2.072292788386096,True,False,[5],[0.073317048398575]
49,16,1087,1,0.014513411660069355,1.4182453892576048,True,False,[8],[0.09277092697326496]
49,17,654,1,0.01289495529273294,1.4759944737953425,True,False,[15],[0.10057189539877993]
49,18,13,1,0.0134074993494698,1.3391931113064917,True,False,[8],[0.0772238168701124]
49,19,1018,2,0.009521018474208354,1.4987222397156248,True,False,"[8, 11]","[0.15865998426179206, 0.10339757159939132]"
49,21,684,2,0.009221188983918464,1.5725980486804052,True,False,"[7, 8]","[0.102080108059095, 0.11788415978700116]"
49,22,549,1,0.014171380179436014,1.412629729634913,True,False,[5],[0.12217755843020081]
49,23,1076,1,0.009587939987940927,1.4825343620165599,True,False,[7],[0.08473781966879741]
50,0,655,1,0.013375988474824619,1.424990752160066,True,False,[7],[0.1196154687309491]
50,1,1178,2,0.026164411432297245,1.4184279164064968,True,False,"[15, 16]","[0.11115922791638096, 0.05719948189717361]"
50,3,17,1,0.013577872902893591,1.3442785130542794,True,False,[15],[0.08917741447864223]
50,5,914,1,0.012983415841494622,1.929555347468528,True,False,[5],[0.08204158800331557]
50,6,0,3,0.009838853303050414,1.3090443026380343,True,False,"[7, 8, 15]","[0.13378169235323728, 0.09685789133519132, 0.15276713568239822]"
50,7,584,1,0.012964228291038167,1.437733917074039,True,False,[8],[0.07972337103668363]
50,9,550,1,0.014009755288067319,1.6019466469620798,True,False,[8],[0.08159352470973338]
50,10,16,1,0.013008687735273004,1.599487103131766,True,False,[12],[0.10930642696374439]
50,11,981,1,0.013881944085958395,1.5393203260588495,True,False,[5],[0.08981940021214523]
50,12,611,1,0.013359289796731249,1.5121011843343897,True,False,[15],[0.04190943132330714]
50,13,1095,1,0.013163137485135794,1.4447213599417537,True,False,[5],[0.10395746752466381]
50,14,617,1,0.011932273715418837,1.3051019947005114,True,False,[8],[0.10725425598345872]
50,16,395,1,0.012653657265053462,2.069076518980836,True,False,[16],[0.06703508006274364]
50,17,1087,1,0.011460541408739472,1.4387763696255507,True,False,[8],[0.10281915598516025]
50,18,654,1,0.015159145554437654,1.4824535289555307,True,False,[5],[0.1811277600888912]
50,21,12,1,0.014667613073002943,1.6108218386752722,True,False,[16],[0.12159335398985878]
50,22,684,1,0.012894268000264206,1.5985960804280959,True,False,[7],[0.11695235480826027]
50,23,549,1,0.012340609111572177,1.4331602908680834,True,False,[7],[0.10727580958487108]
51,0,655,1,0.013157928130204518,1.4498306882047207,True,False,[7],[0.11639656052679613]
51,1,1178,1,0.012610824943300274,1.4114111401923723,True,False,[15],[0.10303722254756587]
51,4,19,1,0.014406546639906783,1.4477902551992894,True,False,[5],[0.10497080566621042]
51,5,914,1,0.011946836188150794,1.9720278944433351,True,False,[5],[0.08963700373786439]
51,6,0,1,0.01417115270027926,1.3205867138063223,True,False,[6],[0.09425136791834202]
51,7,584,1,0.01498137602825083,1.4375164179967201,True,False,[15],[0.14404672694037582]
51,8,7,1,0.01343205085328383,1.4707483946533537,True,False,[8],[0.12561783234822704]
51,9,550,2,0.012360496787542663,1.6102141363518894,True,False,"[7, 15]","[0.0992750633156224, 0.10503658515995182]"
51,10,16,1,0.012352647985808894,1.6275073736858787,True,False,[7],[0.11836746650666143]
51,12,611,2,0.00876483652764361,1.5099926812866493,True,False,"[8, 15]","[0.10829409919641317, 0.05043524712400573]"
51,15,234,1,0.013596744026224652,1.5687395638354666,True,False,[5],[0.07180140956074291]
51,18,654,2,0.010434773360625503,1.4996478449764588,True,False,"[7, 15]","[0.11607535249154935, 0.03506225947152406]"
51,19,13,1,0.0146681154421894,1.3336695187411953,True,False,[16],[0.05645216451150942]
51,20,1018,1,0.01298719116287508,1.5055618404780344,True,False,[7],[0.1200947000826267]
51,21,12,1,0.010701118288566217,1.650409238759067,True,False,[7],[0.10086468346235036]
51,22,684,1,0.013000426553756597,1.6178567781394486,True,False,[7],[0.11606440887281304]
51,23,549,1,0.012086780521273537,1.4551861754885653,True,False,[7],[0.10550216215088037]
52,0,655,1,0.013095483805903843,1.4787461137243836,True,False,[8],[0.16009336441470065]
52,2,938,1,0.012724364366874288,1.7364638731447435,True,False,[7],[0.1526144126114708]
52,5,914,1,0.012321914992207191,2.011311315512294,True,False,[5],[0.09571094500462503]
52,6,0,1,0.014891548134043357,1.3207335931868247,True,False,[5],[0.12281750931117628]
52,7,584,2,0.012092055098880575,1.4453359885688764,True,False,"[7, 15]","[0.1580080808716401, 0.16737112711266727]"
52,9,550,1,0.01285469959580275,1.633828047948019,True,False,[7],[0.11719805960461926]
52,10,16,2,0.00879211165705911,1.6422995696666345,True,False,"[7, 12]","[0.12053418966270199, 0.11247906761754055]"
52,11,981,1,0.013864895521532628,1.572526347955494,True,False,[5],[0.07556479236308535]
52,12,611,1,0.014356680895453462,1.5257448502787025,True,False,[6],[0.03505061679220058]
52,13,1095,1,0.013918912205178066,1.4386410229104356,True,False,[8],[0.14450918678781216]
52,14,617,1,0.012657009657346995,1.3098060552914788,True,False,[8],[0.11972441725245676]
52,15,234,1,0.013396947488221499,1.5944087526306225,True,False,[5],[0.07398804075312274]
52,16,395,1,0.015120496646467604,2.0905770526748215,True,False,[5],[0.099811495164181]
52,20,1018,1,0.013639375134790228,1.5009012371116282,True,False,[12],[0.04749047144440847]
52,21,12,1,0.012504783367668353,1.650063562163057,True,False,[8],[0.12274732098291079]
52,22,684,2,0.009429042897050297,1.6306279351413637,True,False,"[7, 11]","[0.10748076337538032, 0.10610053538938226]"
52,23,549,1,0.013423459655511803,1.4735671301610143,True,False,[5],[0.14243365121205892]
53,1,1178,1,0.011886324415553857,1.4215331031481653,True,False,[7],[0.10541940432013824]
53,2,938,2,0.010632410358309958,1.7412503269364548,True,False,"[8, 16]","[0.08413389753890828, 0.08117364167230125]"
53,5,914,1,0.013451177715790522,2.0453387089068986,True,False,[5],[0.11986404465786579]
53,6,0,3,0.00826135769392021,1.3296324261140764,True,False,"[6, 7, 16]","[0.09188840891245276, 0.1340197417068518, 0.10695856935467896]"
53,7,584,1,0.015154303778107425,1.4446393247520966,True,False,[15],[0.14837453402022005]
53,8,7,1,0.012982452071839233,1.5049163940588133,True,False,[8],[0.11938193716132331]
53,9,550,1,0.010988355401574229,1.667596122876408,True,False,[5],[0.08770498867139874]
53,10,16,1,0.014891475923519713,1.6635986339498319,True,False,[5],[0.0528495621521053]
53,11,981,1,0.011083043597221693,1.5938271425753248,True,False,[7],[0.12068505818759373]
53,12,611,2,0.009730356624035649,1.5462776605526385,True,False,"[7, 15]","[0.12328206841778248, 0.04915113292282339]"
53,14,1095,1,0.013314323415212716,1.463245980396616,True,False,[7],[0.09644224281616522]
53,15,617,1,0.012575274203696012,1.3228692020853174,True,False,[8],[0.08731726830712572]
53,16,234,1,0.011428074240514735,1.6226072154608,True,False,[7],[0.07736517223113734]
53,17,395,1,0.012383243914802278,2.130924797269418,True,False,[5],[0.10376113965095302]
53,18,1087,1,0.013646706968421492,1.4552007921300503,True,False,[8],[0.08476034413680594]
53,19,654,1,0.013403593708534809,1.5357842949171308,True,False,[5],[0.10490438300109907]
53,20,13,2,0.010779972233950351,1.3311838420724666,True,False,"[8, 16]","[0.11497145116160747, 0.039632167889551644]"
53,22,12,2,0.011110348056165899,1.647502143434213,True,False,"[8, 15]","[0.12762470013036809, 0.11166231915350207]"
53,23,684,2,0.010051902987646359,1.6355048784981068,True,False,"[8, 16]","[0.10875312418329382, 0.09898099524934266]"
54,0,655,1,0.012312593905014773,1.480400084102577,True,False,[5],[0.12836591493279073]
54,1,1178,1,0.011535163640972238,1.434478325931751,True,False,[7],[0.11199801069771967]
54,3,17,1,0.012735811236866346,1.3579410874778601,True,False,[7],[0.12369835677635474]
54,4,19,2,0.010314379505499028,1.461289482416224,True,False,"[7, 15]","[0.17287728313511722, 0.09852464177738003]"
54,5,914,1,0.01403146668085401,2.0732023817584557,True,False,[5],[0.1269808341958616]
54,6,0,1,0.01490431617744455,1.3335784233650037,True,False,[15],[0.13525897639572215]
54,7,584,2,0.010338468971756507,1.4440866929002663,True,False,"[8, 15]","[0.14320169780830286, 0.14275338012912472]"
54,9,550,1,0.013851714386738543,1.6899009655123727,True,False,[7],[0.1319058877542145]
54,10,16,1,0.013570246419348038,1.6625896572622048,True,False,[12],[0.12684597069903375]
54,11,981,1,0.010620298624132591,1.6163856664075067,True,False,[7],[0.1278259882515268]
54,12,611,2,0.010873298152566591,1.539748752557183,True,False,"[8, 15]","[0.117612761394196, 0.07215999029281547]"
54,13,1256,1,0.0486123765882237,1.6596425125617515,True,False,[8],[0.14305793240368883]
54,14,1095,1,0.01369221706831684,1.4911925692382322,True,False,[5],[0.10929287953469322]
54,15,617,1,0.01219824540289037,1.3261086498186043,True,False,[7],[0.11081011872385756]
54,16,234,1,0.012780583049582064,1.6433370534443943,True,False,[7],[0.11242746112041105]
54,17,395,1,0.012114050679004798,2.1243624581586142,True,False,[16],[0.1255619386234214]
54,19,654,1,0.012756734336753176,1.538758241056383,True,False,[8],[0.18349693531349354]
54,21,1018,1,0.011117253736418739,1.5348502202758825,True,False,[5],[0.10077620498057221]
54,23,684,1,0.01345242209679358,1.6577987648279255,True,False,[7],[0.11880608508325813]
55,0,655,1,0.0123025820630965,1.4848667451328152,True,False,[5],[0.13554166464030984]
55,1,1178,1,0.012218630660384543,1.4320922849081419,True,False,[15],[0.1040291681644594]
55,2,938,1,0.0149604057350376,1.7392679936842461,True,False,[8],[0.10273891786294677]
55,3,17,2,0.009823676878954232,1.3591234797574454,True,False,"[15, 16]","[0.09825802743175281, 0.08612769003294703]"
55,4,19,1,0.014502943400998234,1.464085258033605,True,False,[8],[0.073472281562607]
55,6,0,2,0.010679515765807081,1.3472797646759975,True,False,"[6, 15]","[0.09635213739313725, 0.13679414287224903]"
55,7,584,1,0.013841921510258754,1.4432340962181989,True,False,[15],[0.14885781142436527]
55,9,550,1,0.014252905305083654,1.701847092299382,True,False,[17],[0.07270501878470151]
55,10,16,1,0.014929749387856078,1.6806465334286265,True,False,[5],[0.06493032618896226]
55,11,981,1,0.013338497973286859,1.649351725589932,True,False,[5],[0.08071763365376337]
55,12,611,1,0.014104971105159767,1.5483495675027015,True,False,[5],[0.14878404696774988]
55,14,1095,2,0.00928289198688118,1.5048243953763853,True,False,"[7, 8]","[0.09691419874042446, 0.12006251224997033]"
55,16,234,1,0.013705942918236697,1.6688446272871655,True,False,[5],[0.08777823212007906]
55,17,395,1,0.011842567542457839,2.1721544016103933,True,False,[7],[0.1546310211600914]
55,18,1087,1,0.013717195162054304,1.474649579309078,True,False,[8],[0.08867844195895731]
55,19,654,1,0.012958599981758594,1.5765465263651974,True,False,[5],[0.09817205885116832]
55,20,13,2,0.009843413357778497,1.3350030081829671,True,False,"[8, 16]","[0.11538898391404122, 0.04406468624461452]"
55,22,12,1,0.015070701412842981,1.6590292166517562,True,False,[5],[0.13849275825711777]
55,23,684,1,0.014431578947960575,1.6708485241719848,True,False,[8],[0.11912634378516555]
56,0,655,2,0.009929941259191194,1.5119159262019126,True,False,"[7, 8]","[0.10237974283279161, 0.1433914137568939]"
56,1,1178,1,0.013337132390976452,1.4663931784379087,True,False,[5],[0.07012269139527542]
56,2,938,2,0.013274399598051906,1.740872945596628,True,False,"[8, 16]","[0.120973324591468, 0.11929131590720711]"
56,3,17,1,0.013422634092532672,1.3621237767857384,True,False,[15],[0.09567556162966527]
56,4,19,1,0.01277133551724599,1.4746184667565012,True,False,[15],[0.10809108200258168]
56,5,914,2,0.01143200452575216,2.070149269414129,True,False,"[8, 17]","[0.08424076930558734, 0.0687222325539825]"
56,7,584,2,0.012459842118101909,1.4438042098019894,True,False,"[8, 15]","[0.16579320586509577, 0.158073227350396]"
56,8,7,1,0.012781698573506337,1.5399711423553257,True,False,[8],[0.11226295489631209]
56,9,550,1,0.012417895790991786,1.7316937708689704,True,False,[5],[0.09926669801565126]
56,10,16,1,0.013386638374679644,1.6803295895105306,True,False,[12],[0.12861439897886615]
56,11,981,1,0.013484627791884807,1.6836063433046755,True,False,[5],[0.09346281246910151]
56,12,611,1,0.011490443567174668,1.5671856605442613,True,False,[7],[0.11906592266486796]
56,13,1256,1,0.013737751808397604,1.6684459142190824,True,False,[5],[0.10059607401082067]
56,14,1095,1,0.012364377803498111,1.5322362699413223,True,False,[7],[0.09120832943491657]
56,15,617,2,0.011422008165107148,1.33008071596036,True,False,"[8, 12]","[0.1066804074981477, 0.06899583650557914]"
56,16,234,2,0.00939899093250676,1.6724351891630194,True,False,"[8, 11]","[0.08938018896952513, 0.05282236265410552]"
56,17,395,1,0.011941384463819368,2.216216510979505,True,False,[5],[0.10523414583353596]
56,18,1087,2,0.009861149466045991,1.486038801439624,True,False,"[7, 8]","[0.11176845146005784, 0.08254000764327624]"
56,19,654,1,0.014655958735850471,1.5701259154692324,True,False,[15],[0.10486550383005253]
56,20,13,1,0.014346243490322638,1.3399386339418993,True,False,[8],[0.0948412535987052]
56,21,1018,1,0.011509728975663856,1.5691622541441541,True,False,[5],[0.10634445946915116]
56,22,12,2,0.009899005595142493,1.673269881526728,True,False,"[7, 16]","[0.11744869297642196, 0.12173130574905407]"
56,23,684,1,0.01413640458694718,1.6835092486593892,True,False,[8],[0.11794296393825122]
57,1,1178,1,0.012665288785957556,1.4699326112782078,True,False,[8],[0.12617372355381334]
57,2,938,2,0.009352630904572248,1.7485795630343015,True,False,"[8, 15]","[0.08641340248897275, 0.06707826511199824]"
57,3,17,2,0.009521702274591605,1.3726011556438125,True,False,"[7, 15]","[0.12202514485471064, 0.09504860114028663]"
57,4,19,1,0.013977845226558974,1.4873299185549518,True,False,[7],[0.1558868531212748]
57,5,914,1,0.010803462754504315,2.1053778213764867,True,False,[7],[0.11269228548525086]
57,8,7,1,0.012645984199885064,1.5777470604461217,True,False,[8],[0.10517467476354445]
57,9,550,1,0.014242253951619543,1.7473186739506177,True,False,[7],[0.15772384696346511]
57,12,611,2,0.012883286643350533,1.5642466007005886,True,False,"[11, 16]","[0.06231261848990957, 0.0919238927853753]"
57,14,1095,1,0.011859140760809881,1.556095475340339,True,False,[7],[0.10118127430067232]
57,15,617,1,0.012315429844576904,1.3387903571861954,True,False,[7],[0.12278369204188277]
57,16,234,3,0.009886064063480365,1.6818042088784133,True,False,"[7, 12, 16]","[0.1255315983723756, 0.0711163303670118, 0.08747059704912591]"
57,17,395,1,0.012022535936532762,2.2556156884117082,True,False,[5],[0.10319968772992337]
57,18,1087,1,0.014090586631238694,1.4898041134604767,True,False,[7],[0.10980645956084675]
57,19,654,2,0.009459137277499571,1.5875786219728583,True,False,"[7, 15]","[0.15816256936682904, 0.0933385014836299]"
57,20,13,2,0.010186742222289161,1.3473044461412,True,False,"[8, 16]","[0.09369312156880125, 0.04682386080209533]"
57,21,1018,1,0.012252960904787315,1.5992664955477955,True,False,[5],[0.12195478160914952]
57,22,12,2,0.009901825204164548,1.6867745133232428,True,False,"[6, 7]","[0.050888572135669226, 0.11040593318799556]"
57,23,684,1,0.01429457725151241,1.6765799256201235,True,False,[16],[0.11366192255210651]
58,0,655,3,0.00843015543336679,1.5213845308896785,True,False,"[7, 8, 15]","[0.11013947382483986, 0.1562285003310544, 0.09718715973379882]"
58,1,1178,1,0.011188015264013623,1.4826028610604143,True,False,[7],[0.11755788120036625]
58,2,938,1,0.013570832327766373,1.7633329145996597,True,False,[8],[0.08930633312598191]
58,3,17,2,0.010075085203721018,1.3764154920389275,True,False,"[15, 16]","[0.09385516009425247, 0.09103310344526105]"
58,4,19,2,0.011281113454482525,1.4996335535028125,True,False,"[8, 15]","[0.0897928411225418, 0.12197981628721005]"
58,5,914,1,0.013730752151160359,2.1376035084296943,True,False,[5],[0.1182299221893262]
58,7,584,2,0.009982702826898582,1.4553599909586281,True,False,"[7, 8]","[0.15289219644588295, 0.17819452991030904]"
58,9,550,2,0.009564676154296143,1.7591781383910077,True,False,"[7, 12]","[0.13541305512054544, 0.08007139652107993]"
58,10,16,1,0.01509723924096909,1.6940432220063903,True,False,[5],[0.08278299702222111]
58,11,981,1,0.010177820347097579,1.7097682791230882,True,False,[7],[0.11728480895102049]
58,12,611,1,0.011319687279381208,1.5876007510256707,True,False,[7],[0.13029323051015845]
58,13,1256,1,0.014105125841941105,1.6835694375490524,True,False,[7],[0.1448584306997378]
58,14,1095,1,0.012725692408274446,1.5867415990344635,True,False,[5],[0.12095985411646529]
58,15,617,2,0.008982493051105126,1.3416816140244239,True,False,"[7, 12]","[0.12419371574068011, 0.09850073112069442]"
58,16,234,1,0.01332986479617936,1.68139909200049,True,False,[11],[0.09979999841144256]
58,18,1087,2,0.010099690275829952,1.5030685547074956,True,False,"[7, 8]","[0.10036553777441738, 0.07540480892262634]"
58,20,654,1,0.013863042288479316,1.599834919246926,True,False,[7],[0.12566766948644872]
58,21,1368,1,0.0128009899107206,1.5088960323564868,True,False,[5],[0.13450938590319442]
58,22,12,1,0.0126874989364267,1.7094144956163322,True,False,[7],[0.11514976984786165]
58,23,684,2,0.010165838882304684,1.689682997782621,True,False,"[7, 8]","[0.12549643164123667, 0.10815132937177835]"
59,0,655,1,0.011877852640799163,1.5300018064599477,True,False,[5],[0.16826638356772272]
59,1,1178,1,0.011110261096301175,1.4984348177509412,True,False,[7],[0.11428809828881628]
59,2,938,1,0.012886629900758059,1.8011122686243266,True,False,[5],[0.09876674584628874]
59,3,17,3,0.007453369090163498,1.3873609413571504,True,False,"[7, 8, 15]","[0.11463910824392591, 0.10889755014733538, 0.09169910341359885]"
59,5,914,1,0.013719807170706878,2.1363849481116777,True,False,[17],[0.07986315237308024]
59,6,0,2,0.011200662952125578,1.354056609659777,True,False,"[7, 16]","[0.14545438187749696, 0.1152084964232797]"
59,7,584,1,0.01515783323515705,1.4833013900548584,True,False,[5],[0.11064553989666186]
59,8,7,1,0.012711081084014272,1.6152368946626223,True,False,[8],[0.09788428558335817]
59,9,550,1,0.012775206564628069,1.7930909840457896,True,False,[7],[0.12217032563016682]
59,11,981,1,0.011758747479487113,1.7318505700620515,True,False,[7],[0.12741203151919808]
59,13,1256,1,0.0139639093511108,1.7003072564921187,True,False,[7],[0.1354300535877245]
59,15,617,1,0.012411770990975771,1.340952545232109,True,False,[12],[0.08978853653646295]
59,16,234,1,0.01335991575389763,1.7075004293842324,True,False,[5],[0.08094668145962883]
59,17,395,1,0.012849694927682814,2.2918101052893856,True,False,[5],[0.10378119541675204]
59,19,1378,1,0.049244985313907516,1.732454332023799,True,False,[5],[0.10140541737917469]
59,20,654,1,0.013653350405795241,1.6091054392742044,True,False,[7],[0.11646679402500902]
59,21,1368,1,0.012814153594921385,1.516836129533277,True,False,[5],[0.13625954368377327]
59,23,684,2,0.009386676392132268,1.6991102831652076,True,False,"[7, 8]","[0.14258209527164328, 0.11318600681742745]"
60,0,655,1,0.010988393558931093,1.5486191920473926,True,False,[8],[0.15116239242622767]
60,1,1178,1,0.012453368303781555,1.5115210184940644,True,False,[16],[0.053841132607777786]
60,3,17,2,0.010571644432721041,1.3905726554041054,True,False,"[15, 16]","[0.09431181367768239, 0.09231607128356172]"
60,4,19,2,0.009235088970407423,1.5169508692900298,True,False,"[7, 15]","[0.15248438021847224, 0.1110334294141032]"
60,9,550,1,0.013826338315816002,1.7889422971523812,True,False,[8],[0.10680967831085715]
60,11,981,1,0.013579857840931357,1.7170075183385933,True,False,[12],[0.07461096872853823]
60,12,611,2,0.010046583048702196,1.5897977120325233,True,False,"[6, 7]","[0.06992101282031611, 0.14589020406491365]"
60,13,1256,1,0.012775048710505625,1.7230239953845425,True,False,[8],[0.1345147052346988]
60,14,1095,1,0.012522966497190877,1.6220518123640473,True,False,[5],[0.13954274898199415]
60,15,617,1,0.013894102621228204,1.3548902001211618,True,False,[5],[0.07459624866147435]
60,17,395,1,0.012142290115497832,2.342264684047519,True,False,[7],[0.15476105960899555]
60,18,1087,1,0.015118778301949225,1.5152605107347794,True,False,[5],[0.1773130674773113]
60,19,1378,1,0.012762746042399735,1.7320714687538388,True,False,[8],[0.17043026465230132]
60,21,1434,1,0.14117251486352678,2.111131767942913,True,False,[7],[0.09489824671180755]
60,22,684,1,0.01234602467405531,1.7295862130425081,True,False,[7],[0.12614936277423539]
60,23,1368,1,0.013354872820426926,1.5405024596146124,True,False,[5],[0.15210077639031094]
61,0,655,1,0.011656626732714725,1.5785148765209047,True,False,[8],[0.15344059666108775]
61,1,1178,1,0.010812003438604325,1.5302846183134455,True,False,[7],[0.10736571841790442]
61,2,938,2,0.012619609249623876,1.82682268694434,True,False,"[7, 8]","[0.155464695523359, 0.11229256145233618]"
61,4,19,1,0.012022119150138654,1.5362710119722969,True,False,[15],[0.12195520015152088]
61,5,914,1,0.013905164167505995,2.13035333207712,True,False,[8],[0.08159842160949189]
61,6,0,1,0.013741372199980407,1.376639701193061,True,False,[6],[0.08703819300655513]
61,7,584,1,0.014745308330910045,1.4833794209512696,True,False,[15],[0.16088192851837685]
61,9,550,2,0.009533624713052838,1.8064724093153242,True,False,"[7, 17]","[0.11267527309017147, 0.08238667609084774]"
61,10,16,1,0.01226435370186456,1.73110407798629,True,False,[7],[0.11373764060916809]
61,14,1095,2,0.008485606011821243,1.6388265092635887,True,False,"[7, 8]","[0.10294374853916817, 0.1389185010597289]"
61,15,617,2,0.010587177698886707,1.3595558937180237,True,False,"[7, 12]","[0.14691595006533462, 0.11722343469723953]"
61,17,1460,1,0.04356052647995273,1.7097878289326085,True,False,[16],[0.13443614028269602]
61,18,395,1,0.014436078079793994,2.378412125034088,True,False,[5],[0.16936724971992623]
61,19,1087,1,0.01198868492928765,1.542988423375631,True,False,[8],[0.15666493759503405]
61,21,654,1,0.011551130686641653,1.6203228038823552,True,False,[7],[0.09885095919849618]
61,22,1434,1,0.012511005362592453,2.1129437834696274,True,False,[7],[0.12491864123924279]
61,23,684,1,0.013960445091632556,1.7501705321416625,True,False,[7],[0.14342924808769447]
62,0,655,4,0.010325067590441045,1.5842327286559759,True,False,"[7, 8, 12, 15]","[0.14588123877404924, 0.1780306592121272, 0.06840232154585976, 0.1288699814815782]"
62,1,1178,1,0.012079797013931146,1.542877000403192,True,False,[7],[0.11476580920953437]
62,2,938,2,0.013336451019188112,1.8555243789582325,True,False,"[7, 8]","[0.16580726227321926, 0.12350405682574045]"
62,3,1472,1,0.045297274972167574,1.7506150099240054,True,False,[8],[0.09740913338787056]
62,4,19,1,0.013339791274504787,1.5489879094020464,True,False,[7],[0.14630320959898127]
62,8,7,1,0.01249498756766563,1.6528663280964462,True,False,[8],[0.08942738892212786]
62,10,16,1,0.015018008728514467,1.7470386921449765,True,False,[5],[0.08312340238209773]
62,11,17,1,0.012181707006938176,1.416833272186549,True,False,[7],[0.12228533046859509]
62,14,617,3,0.008779256909166117,1.3723805595300806,True,False,"[7, 8, 16]","[0.12096707678054724, 0.13838060913067077, 0.06950870850567877]"
62,15,234,1,0.01039598469783456,1.730327340747959,True,False,[7],[0.14838835517173846]
62,17,395,1,0.01240331742267343,2.418759196582087,True,False,[5],[0.08659877969798198]
62,18,981,2,0.011221699491945177,1.7229451946907133,True,False,"[7, 12]","[0.11228447512688088, 0.06445825841863008]"
62,19,611,1,0.01299391014259487,1.6083116017193362,True,False,[6],[0.0452447724640919]
62,23,1087,1,0.014620641744263559,1.5420496479284655,True,False,[7],[0.12839186852580864]
63,1,1178,1,0.012712680368279867,1.5591238985718163,True,False,[16],[0.06016345051264476]
63,2,938,1,0.013849272158780483,1.8588273125064483,True,False,[16],[0.13099259367459298]
63,3,1472,1,0.012276178367135387,1.7769767828941394,True,False,[8],[0.09341623083573929]
63,5,914,1,0.013449419294506422,2.1305001800237493,True,False,[8],[0.09143022430593467]
63,6,0,1,0.014089117167487614,1.4005304017948819,True,False,[6],[0.0966392577716442]
63,7,584,3,0.009924229850752574,1.4907916249943163,True,False,"[7, 8, 15]","[0.1827420684330132, 0.19061115153378097, 0.16525225536389312]"
63,8,7,1,0.012053214872211256,1.6921658618687692,True,False,[8],[0.08169458052044717]
63,9,550,1,0.011551141986375116,1.8444444629064611,True,False,[7],[0.11340681711963352]
63,11,17,2,0.008706184236698378,1.4284695710622668,True,False,"[7, 16]","[0.11372909223160313, 0.05520758288666611]"
63,13,1095,1,0.01375841467783947,1.6482061862927038,True,False,[7],[0.13288632826820657]
63,14,617,1,0.010618711018270572,1.3854195285160762,True,False,[8],[0.14274624685766124]
63,16,1460,1,0.012468696644900117,1.7115894570683097,True,False,[7],[0.12358345577432048]
63,17,395,1,0.011700289470269836,2.473215490684143,True,False,[7],[0.14137466565395165]
63,18,1494,1,0.017577332543985205,1.3809897800459086,True,False,[6],[0.06318529845383669]
63,19,611,1,0.01371602462081567,1.635994258735174,True,False,[5],[0.10406764517952015]
63,20,1378,1,0.013612892953117631,1.7291935309017292,True,False,[8],[0.089903057321695]
63,22,981,1,0.011727350663433864,1.742417503945439,True,False,[7],[0.14174158119641742]
64,0,655,2,0.009999529375012275,1.5956384340781062,True,False,"[7, 8]","[0.1597952489901368, 0.1836243694334966]"
64,1,1178,1,0.012192288659114564,1.5822897768953281,True,False,[16],[0.06364124321863937]
64,2,1512,1,0.05825816150128926,1.8014120494609613,True,False,[7],[0.18588047937359697]
64,3,1472,1,0.012312999642404659,1.8050906916446754,True,False,[8],[0.09448339636416578]
64,4,19,2,0.01023789845752798,1.5632987357189907,True,False,"[7, 12]","[0.1464885988911435, 0.09080796533353684]"
64,7,17,3,0.009116411964921693,1.4321168284667922,True,False,"[8, 15, 16]","[0.1778216761712578, 0.16715894110865193, 0.11390662917099736]"
64,8,914,1,0.013072016428518187,2.129345026323436,True,False,[8],[0.0859192981287692]
64,10,584,1,0.013166010191478988,1.4916698659831393,True,False,[8],[0.09075007305466325]
64,12,550,1,0.012342307340889409,1.8385462396866028,True,False,[8],[0.14959219075548238]
64,13,16,1,0.011787510584017658,1.767665466073113,True,False,[12],[0.08548069895177736]
64,14,1494,3,0.00930842525505502,1.3904492563444506,True,False,"[7, 8, 16]","[0.1279935636238965, 0.13849497339133313, 0.08137226477602173]"
64,15,611,1,0.014329448919315892,1.6413592748086907,True,False,[15],[0.11927662246351735]
64,17,1095,1,0.011467874620573493,1.6864718617665444,True,False,[7],[0.12447995192680114]
64,18,617,1,0.012279763372155408,1.4101032910980782,True,False,[7],[0.09859044803255125]
64,19,234,1,0.01327646854289236,1.7645577018504255,True,False,[5],[0.0926358585504878]
64,21,395,1,0.013630915100647224,2.4547140141549155,True,False,[16],[0.1264240028747257]
64,22,981,1,0.011449940332781327,1.7682591529554992,True,False,[7],[0.1450604045367994]
64,23,1087,1,0.012334477298658459,1.5667298294586536,True,False,[8],[0.10133321666946964]
65,0,655,1,0.010818920775915532,1.6256813405285666,True,False,[8],[0.16943831445447496]
65,1,1178,1,0.01162398706459992,1.5809995945164044,True,False,[15],[0.0933508146608057]
65,2,1512,1,0.01303516999914022,1.8101705884421355,True,False,[7],[0.17661548962942034]
65,4,19,1,0.014365950863973782,1.5673750202934753,True,False,[8],[0.09091644260343247]
65,7,17,1,0.0139841330843806,1.4345289656813542,True,False,[16],[0.11311706857924583]
65,9,0,3,0.00851729553421993,1.3989396289479972,True,False,"[6, 15, 16]","[0.06485916812862443, 0.1018371812359525, 0.06375049032632236]"
65,10,584,1,0.01420684327807627,1.5228187485620874,True,False,[7],[0.12715435361340252]
65,11,7,1,0.014856718857559582,1.6998505368264576,True,False,[5],[0.08474120061925669]
65,12,550,1,0.01316695028627045,1.8668189962370585,True,False,[5],[0.14285983238299077]
65,13,16,2,0.011876415646420387,1.7865394693837076,True,False,"[7, 12]","[0.14135251784343175, 0.09883306642862297]"
65,19,1460,1,0.011430950185851734,1.7202215437896342,True,False,[8],[0.1511656635263319]
65,20,395,1,0.012125657875634797,2.5074686259003975,True,False,[5],[0.13394685133306308]
65,21,1494,2,0.009064205847163453,1.400972722855527,True,False,"[6, 7]","[0.049005327626328254, 0.09321496606388843]"
65,23,981,1,0.013561464704615105,1.7860027492994348,True,False,[5],[0.15584382117724196]
66,0,655,2,0.012448636972737015,1.6418206348461053,True,False,"[8, 12]","[0.19803997787954572, 0.11090226973704607]"
66,2,1512,2,0.009266599978529392,1.8252933145569377,True,False,"[7, 12]","[0.1529262009333238, 0.09933193018288922]"
66,4,19,1,0.01268888472450629,1.5683422466230714,True,False,[8],[0.09669015960015098]
66,6,938,1,0.013105509900587578,1.854794683323209,True,False,[8],[0.11161513396374158]
66,8,17,1,0.013189700496224145,1.436352521517896,True,False,[16],[0.13518413605947624]
66,9,914,2,0.008639676377537995,2.1458927351677937,True,False,"[7, 8]","[0.1124164684510658, 0.10178666346416824]"
66,10,0,1,0.013119224799422041,1.399161312131922,True,False,[15],[0.10086209413182787]
66,11,584,1,0.015220306710821906,1.5539311991298967,True,False,[5],[0.0907714970449563]
66,14,1566,2,0.04945280907415533,1.9953413345071231,True,False,"[8, 17]","[0.1267829219614381, 0.021015613499687533]"
66,18,617,1,0.013571646844390535,1.4084181107875375,True,False,[12],[0.0667625890414174]
66,19,234,1,0.012802836707982695,1.803321856597054,True,False,[5],[0.09294765244718284]
66,21,16,1,0.009624369816153869,1.825533436085257,True,False,[7],[0.09191017988040312]
66,23,611,3,0.00822655890462471,1.6405309711417695,True,False,"[6, 7, 15]","[0.09753083088400141, 0.12967056204536975, 0.11242379636942951]"
67,0,655,1,0.01268695535133557,1.676100086919211,True,False,[8],[0.2013976679856906]
67,1,1178,2,0.008270445206656993,1.5807385027072547,True,False,"[8, 15]","[0.1204715716710084, 0.08998133331947598]"
67,2,1512,2,0.0101152135582877,1.8222869983414454,True,False,"[8, 12]","[0.12985520855489677, 0.12338320882987239]"
67,3,1472,1,0.012412213844969237,1.831558529401684,True,False,[8],[0.0940788650641015]
67,4,19,1,0.012525581830996838,1.568427511088758,True,False,[8],[0.09367708445363072]
67,6,938,1,0.012150982389246544,1.8566156779369187,True,False,[8],[0.12736375383171633]
67,8,17,1,0.012842748976509272,1.4322466960881548,True,False,[8],[0.08761722948329033]
67,9,1524,1,0.12262852436097806,2.0601356214338216,True,False,[7],[0.1113689824498353]
67,10,7,1,0.011026650829405061,1.7369014254362105,True,False,[8],[0.08710738517636665]
67,11,550,1,0.01479834448745774,1.8729661558140913,True,False,[17],[0.04667922446004812]
67,12,1566,1,0.009954229921971054,2.033839314755729,True,False,[7],[0.14292449619743303]
67,14,1552,1,0.02589583060429697,1.7465329998689119,True,False,[7],[0.11901265007909392]
67,15,914,1,0.011398602816039972,2.1803546615785385,True,False,[7],[0.16131430194611035]
67,16,0,2,0.012771878511484284,1.3959436269561618,True,False,"[6, 15]","[0.11262009518900701, 0.09667838827593972]"
67,17,584,1,0.01457377706461775,1.545628478218711,True,False,[11],[0.0954971010640697]
67,18,1460,3,0.010507036319253664,1.7312781835570263,True,False,"[7, 15, 16]","[0.12805736839570117, 0.08142469857625705, 0.1118923378457978]"
67,19,16,1,0.012960245757887906,1.8659693121323058,True,False,[5],[0.09906979118204261]
67,20,1494,1,0.0134973137032823,1.4009270862894299,True,False,[6],[0.060314327047834154]
67,21,611,3,0.008077942223476155,1.6595817191902273,True,False,"[7, 8, 15]","[0.10761801326823855, 0.13008746053076467, 0.09852460178874443]"
67,23,234,1,0.012600906075886233,1.8192077745646507,True,False,[7],[0.11899156947269728]
68,0,655,1,0.012410954924922312,1.7116463351699196,True,False,[8],[0.19334996239229707]
68,6,938,2,0.008658616301436287,1.8599364371321983,True,False,"[8, 16]","[0.12826875672564697, 0.14056440405457768]"
68,8,17,2,0.010221249693357127,1.4491135609953525,True,False,"[7, 15]","[0.1522289220321562, 0.08750961414643466]"
68,9,1524,1,0.013656552986572723,2.0692201378959685,True,False,[7],[0.10596511878732436]
68,11,550,2,0.008587393733809763,1.8928912158571867,True,False,"[7, 8]","[0.1238737956582651, 0.12315334467157828]"
68,12,1566,1,0.014122599531848223,2.0306742802623985,True,False,[12],[0.052899496943899484]
68,13,1606,1,0.015969142117941308,1.4216109160121595,True,False,[16],[0.08593973683704288]
68,15,914,1,0.010592055978275616,2.2198089522643554,True,False,[7],[0.15177570529335876]
68,16,0,2,0.013223682936352128,1.39247247193908,True,False,"[6, 15]","[0.11467763647578728, 0.11045273436734622]"
68,17,584,1,0.013863665198280924,1.5780630104680216,True,False,[7],[0.12531757778015426]
68,18,1460,1,0.012463176696804244,1.7606601536313182,True,False,[7],[0.1365502922035288]
68,21,611,1,0.01028676970732677,1.695079857909376,True,False,[7],[0.10617969043701046]
68,23,234,1,0.011942288867148659,1.8434870684650428,True,False,[7],[0.11544733071688723]
69,0,655,1,0.011598320106270727,1.7528751771690192,True,False,[8],[0.17556246513265117]
69,1,1178,2,0.008944002664647637,1.590719348687258,True,False,"[15, 16]","[0.08609107974332109, 0.06649218119554665]"
69,2,1512,1,0.01341586037773732,1.8229100765931472,True,False,[12],[0.13065836330225386]
69,3,1472,2,0.008691938979936614,1.8463106457219116,True,False,"[7, 8]","[0.11138197898311868, 0.08036829208692925]"
69,4,19,1,0.013653634733438513,1.590132108947164,True,False,[5],[0.1031323432414002]
69,5,1587,1,0.06123617334089648,2.0791653872653857,True,False,[8],[0.09652558705077177]
69,6,1634,1,0.029002350097028926,1.9400855991353008,True,False,[16],[0.1715157276007657]
69,7,938,2,0.009291295565991313,1.8614501488582729,True,False,"[8, 16]","[0.1700502584574134, 0.12346592031730315]"
69,8,1565,1,0.07262048485679454,2.0220626016364025,True,False,[5],[0.09210664505968383]
69,9,17,1,0.012549005847054881,1.4630257276023306,True,False,[15],[0.09946492699890938]
69,12,550,1,0.01357867812648518,1.893160320567428,True,False,[16],[0.09853253281537398]
69,13,1566,1,0.013594661850693891,2.0243006236589487,True,False,[8],[0.148026956064568]
69,14,1606,2,0.011667836678316506,1.4390091687320703,True,False,"[7, 16]","[0.1214354563095813, 0.09025185309342952]"
69,15,1552,1,0.011553643239254082,1.7622845684116382,True,False,[7],[0.13558378480801742]
69,17,0,1,0.013289372223436301,1.3923539456733085,True,False,[7],[0.11801776813922658]
69,18,584,1,0.01360010811381465,1.578109539334327,True,False,[8],[0.09626965858048608]
69,20,16,1,0.013564319384417595,1.8872276215379478,True,False,[5],[0.13948463281843765]
69,22,611,2,0.009261705610362062,1.6908141840664301,True,False,"[11, 15]","[0.12141381476658572, 0.11276416187229536]"
69,23,234,1,0.011570252112308216,1.8682906845869984,True,False,[7],[0.11304764253017995]
70,0,655,2,0.008184133139539487,1.7738275852439604,True,False,"[7, 8]","[0.14658645177130117, 0.160561840697253]"
70,1,1178,1,0.011866070226949304,1.588510903771895,True,False,[15],[0.08951222520905819]
70,2,1512,1,0.01183992448941206,1.8386371219526987,True,False,[5],[0.12888206642123368]
70,3,1472,1,0.011713815028209439,1.8804379736121921,True,False,[8],[0.07455943737817788]
70,6,1634,1,0.015134203514407963,1.9557249082267283,True,False,[5],[0.1418516430860857]
70,7,938,2,0.008297040151083125,1.8733178327980868,True,False,"[7, 16]","[0.15464891057797928, 0.1421166398066075]"
70,9,17,2,0.010622444289043315,1.4678888792542268,True,False,"[15, 16]","[0.09877142374383123, 0.07819902109313247]"
70,10,1524,1,0.013635549086793926,2.0788681334603085,True,False,[7],[0.11323739587378075]
70,11,7,1,0.010812938120262308,1.7645432145069493,True,False,[8],[0.11345504031800495]
70,12,550,1,0.011089941622657895,1.933805107295473,True,False,[7],[0.16836273979384955]
70,13,1566,2,0.011390748267443681,2.034349625510756,True,False,"[8, 17]","[0.14914086200550342, 0.05115779366393099]"
70,14,1606,1,0.011716746589848274,1.4337468102821493,True,False,[8],[0.12196222235968945]
70,16,914,1,0.015593337922135377,2.2038123178754785,True,False,[17],[0.035030289701972125]
70,17,0,1,0.014314920187005803,1.4102488044387558,True,False,[6],[0.041127720861364354]
70,18,584,1,0.0160152744712393,1.5965056560510973,True,False,[5],[0.18660469910158708]
70,20,16,1,0.013270757425629104,1.9135572724006364,True,False,[5],[0.12556892756726906]
70,21,1494,1,0.01184770990861912,1.396753048188985,True,False,[8],[0.13564655311555124]
70,22,611,1,0.012192424971203443,1.6884781774076305,True,False,[15],[0.11959720398700209]
70,23,234,1,0.012146749559741989,1.854083436718718,True,False,[12],[0.02178213906595085]
71,0,655,1,0.010331610846496508,1.8161477905490115,True,False,[8],[0.15475789898575035]
71,1,1178,1,0.01194692755285309,1.5885495599716983,True,False,[15],[0.09658608111661837]
71,2,1512,1,0.01056371788520454,1.87686573729909,True,False,[7],[0.1522807285669698]
71,3,1472,1,0.012506575380389424,1.9119690630623605,True,False,[8],[0.0803877194720878]
71,4,19,1,0.011497154727984406,1.6092150487276462,True,False,[7],[0.13712916187434432]
71,5,1587,1,0.013065752116222894,2.115616634566152,True,False,[8],[0.09748428768107653]
71,6,1634,1,0.015735656641881524,1.9803833486129323,True,False,[7],[0.16408846105324676]
71,8,1565,1,0.012705780714500245,2.0449484170409327,True,False,[5],[0.07998483391351159]
71,10,1524,1,0.014555781773435698,2.092505436792578,True,False,[7],[0.11204170815291645]
71,11,7,1,0.010316765120773832,1.7976056900575577,True,False,[8],[0.10198624032204139]
71,13,1566,2,0.008706935742863504,2.0309142113976035,True,False,"[8, 12]","[0.15580001794492765, 0.11078559547171195]"
71,14,1606,1,0.012117685623039944,1.4500020730839716,True,False,[7],[0.10961370182012437]
71,17,0,1,0.014014782822336275,1.43341681468893,True,False,[6],[0.03819481814937473]
71,18,584,1,0.015335455867428623,1.6168878328243441,True,False,[5],[0.18390652554753092]
71,19,1460,1,0.012300640407288463,1.795946402477699,True,False,[7],[0.1637965700436511]
71,20,16,1,0.013333720948017429,1.944236996961921,True,False,[5],[0.11922720889232366]
71,21,1494,2,0.009434460206453716,1.398108950684323,True,False,"[6, 15]","[0.05773898274497653, 0.10316793061484758]"
71,22,611,1,0.013811875941595907,1.688553214255161,True,False,[6],[0.10033649218151489]
71,23,234,1,0.013268951711129304,1.876591347915681,True,False,[5],[0.13909553170903016]
72,1,1178,1,0.01217056020170064,1.6153021313740819,True,False,[16],[0.07179370929527253]
72,2,1512,1,0.01188001790214625,1.8964824424144269,True,False,[5],[0.16222199158135445]
72,4,19,3,0.008902824118848721,1.6223618914200575,True,False,"[7, 8, 12]","[0.1524569716877175, 0.10021679536082716, 0.12073446629234633]"
72,6,1634,2,0.009346929722766396,2.0002263428131046,True,False,"[7, 8]","[0.1237114588298115, 0.14723819053083723]"
72,7,938,2,0.008756587714260555,1.870317235678679,True,False,"[8, 16]","[0.16482000826174803, 0.1446152564842803]"
72,8,1565,1,0.01287101771716305,2.0688583352357797,True,False,[5],[0.07627055342788458]
72,9,17,3,0.009666503671336141,1.4809179843949283,True,False,"[7, 15, 16]","[0.10690387056480166, 0.10721547466750699, 0.09923946796186243]"
72,10,1524,1,0.013785208052649054,2.112503076745913,True,False,[7],[0.10523921923644791]
72,12,550,1,0.011638913976522662,1.9687698494557837,True,False,[5],[0.1356910726037576]
72,13,1566,2,0.011189584015153898,2.0307072471308762,True,False,"[8, 17]","[0.14166850826262092, 0.0694378657058841]"
72,14,1606,2,0.009943628103617638,1.4678644039213435,True,False,"[6, 16]","[0.04260768031559744, 0.09473802157226202]"
72,16,914,1,0.012690350095665152,2.2021337363780593,True,False,[17],[0.031459080150451034]
72,17,0,1,0.013816814262239864,1.4576139569595685,True,False,[6],[0.03916384218549641]
72,18,584,1,0.013085423060599895,1.6191520611786745,True,False,[8],[0.10435474146676331]
72,19,1460,1,0.011864050117610443,1.8320708342907492,True,False,[7],[0.14823556159798035]
72,20,16,1,0.01510148133616421,1.9428181257634398,True,False,[12],[0.055845249602446016]
72,21,1494,2,0.010555629882204032,1.3935920063992127,True,False,"[6, 15]","[0.07145381816267404, 0.10890333854062434]"
72,22,611,1,0.013186293943200058,1.6883248531843547,True,False,[15],[0.1205676820544149]
72,23,234,1,0.01252040562856506,1.896723405455015,True,False,[7],[0.12226880986675526]
73,1,1743,1,0.08085362038724883,1.762023045072028,True,False,[5],[0.07019514978171476]
73,3,1512,1,0.013749080868721657,1.8979104178200343,True,False,[12],[0.1291979775220265]
73,5,19,1,0.01415342152013051,1.6248145326764232,True,False,[15],[0.13032023640378018]
73,6,1587,1,0.013201494463873366,2.117846612024612,True,False,[7],[0.1209945075251929]
73,7,1634,2,0.013676063165083279,2.0068649518852575,True,False,"[8, 17]","[0.18778808816881096, 0.06713335751746237]"
73,8,938,1,0.013726020525037427,1.8708604500774755,True,False,[8],[0.09475649347772959]
73,9,1565,1,0.012795764069160524,2.07659244627947,True,False,[5],[0.09554091725617643]
73,10,17,1,0.012212369952859634,1.47794241259129,True,False,[16],[0.10137601699691455]
73,12,7,1,0.010954410234222858,1.8255630216449878,True,False,[8],[0.13530426089142158]
73,13,550,1,0.011848763654978984,2.0094377962565564,True,False,[5],[0.10984299256792965]
73,14,1566,2,0.01157636946154223,2.031989766298248,True,False,"[8, 17]","[0.13804802824837106, 0.05495732904938679]"
73,17,914,1,0.01029378019890244,2.2498674942412,True,False,[7],[0.12657045747579998]
73,19,584,2,0.011090315408973421,1.6249301415440014,True,False,"[8, 15]","[0.1723919336839744, 0.12635125727763283]"
73,20,1460,1,0.012981985295382251,1.8582537315721697,True,False,[5],[0.13590770650871106]
73,21,16,2,0.010655657462748899,1.979480762372284,True,False,"[7, 12]","[0.10895754521568744, 0.026750059303749192]"
74,0,655,2,0.012282781046470185,1.8166436488860056,True,False,"[7, 15]","[0.16184908360572958, 0.13864237447421984]"
74,1,1743,1,0.011414619484146273,1.774472729933303,True,False,[7],[0.11059260666186821]
74,2,1178,1,0.012945863658788413,1.6318074260985806,True,False,[15],[0.07227156552256257]
74,5,19,1,0.0120460535673629,1.6443024131795048,True,False,[7],[0.11029811939987372]
74,7,1634,1,0.013834740119506868,2.0491812867348607,True,False,[7],[0.19096633738101415]
74,8,938,1,0.012548118067796165,1.8926546630042813,True,False,[7],[0.16731837011950815]
74,11,1524,1,0.014789268057609708,2.1099579767130656,True,False,[5],[0.08499653722938755]
74,12,7,1,0.013759323689858266,1.8257130598801417,True,False,[7],[0.15826179542340527]
74,13,550,1,0.01174115855085823,2.0436627484801075,True,False,[7],[0.11951152638574263]
74,14,1566,1,0.012204130728604979,2.0230905293315913,True,False,[8],[0.14520150384008848]
74,15,1606,1,0.012627415356535051,1.49557879523369,True,False,[5],[0.08174550694854368]
74,16,1552,1,0.01251574737020439,1.7758354314011293,True,False,[7],[0.11943508805848055]
74,17,914,1,0.01349744361336274,2.237340090884537,True,False,[8],[0.11929018835280286]
74,18,0,1,0.013498168147440521,1.4565350841780493,True,False,[7],[0.12755621457209462]
74,19,584,2,0.010892392600287617,1.6377159866972193,True,False,"[7, 15]","[0.15338443836462626, 0.14526634529128324]"
74,20,1460,1,0.01454478054325147,1.846455004895801,True,False,[16],[0.06964710935196722]
74,21,16,1,0.010249577980529659,2.023615078167474,True,False,[7],[0.10649327824889608]
74,23,611,1,0.014028020385901221,1.6878985690803758,True,False,[16],[0.1445972776728297]
75,0,655,1,0.01330944263597617,1.816572262061422,True,False,[7],[0.1710157144581135]
75,2,1178,2,0.008551383484475554,1.6408194300167882,True,False,"[15, 16]","[0.07101023834180847, 0.12307428727823262]"
75,3,1512,1,0.01259921263883381,1.9238729658860658,True,False,[7],[0.14059720575336482]
75,4,1472,1,0.011776530134253256,1.9341350136646047,True,False,[8],[0.09755830567751854]
75,5,19,1,0.014303624649745564,1.6445277060722607,True,False,[8],[0.11643151505954348]
75,6,1587,1,0.01105498211148651,2.15545627051353,True,False,[8],[0.1328098416894166]
75,7,1634,3,0.010806297270827225,2.0627814623294722,True,False,"[7, 8, 17]","[0.18534659893362468, 0.2031889776333099, 0.10901323130092781]"
75,8,938,1,0.013819741179341738,1.8887007676825116,True,False,[8],[0.10987213879424969]
75,11,7,1,0.010407092514927913,1.8593634624887787,True,False,[8],[0.09697552071149493]
75,12,550,1,0.011268140289811228,2.078898965799431,True,False,[5],[0.1445255949659005]
75,13,1565,1,0.0120138027153727,2.089767071576975,True,False,[5],[0.10150847172010505]
75,14,17,1,0.012819905221400281,1.4865340334765562,True,False,[15],[0.08878832239059575]
75,15,914,1,0.012598058902625383,2.278314887226595,True,False,[5],[0.09086332852895543]
75,16,0,1,0.013624787857544915,1.4638843555436416,True,False,[6],[0.10830196887140002]
75,17,584,1,0.013431356637608341,1.6363946087265426,True,False,[17],[0.08862379674957516]
75,18,1566,1,0.01332429832081832,2.026244090629834,True,False,[17],[0.07393971926132789]
75,19,1606,2,0.007953292239956894,1.507305884034435,True,False,"[7, 16]","[0.1456514649055506, 0.05671613684621985]"
75,22,16,1,0.01515717272885641,2.044822621611443,True,False,[5],[0.12433106655778366]
75,23,611,2,0.009266323775063047,1.6885325964838425,True,False,"[8, 15]","[0.10464928297164858, 0.13147566258913193]"
76,0,655,1,0.012495530533249697,1.8176157233099028,True,False,[15],[0.16562092780930154]
76,2,1178,1,0.011097831934893325,1.6460134453478923,True,False,[15],[0.06727085169338308]
76,3,1512,1,0.01360421252654062,1.9189170947115093,True,False,[12],[0.1398593150513277]
76,4,1472,1,0.012157034836876766,1.9570223964005407,True,False,[8],[0.08909987453278206]
76,5,19,1,0.01168049246707126,1.6685231545816654,True,False,[7],[0.11441427710172629]
76,7,1634,2,0.012014755573054373,2.080176667314035,True,False,"[7, 17]","[0.18844438925586438, 0.13836922512420152]"
76,8,938,2,0.009993601726688011,1.8843371098571586,True,False,"[8, 15]","[0.10588397179093897, 0.12087219643523038]"
76,11,7,1,0.010216561156066811,1.892972895890618,True,False,[8],[0.09046509676931672]
76,12,550,2,0.008465199722872187,2.100765478089524,True,False,"[7, 16]","[0.1495387614801055, 0.11790936382958361]"
76,13,1565,1,0.013107405341060517,2.0871327611524837,True,False,[7],[0.11364028859508844]
76,14,17,2,0.008583765670566392,1.4873009107378459,True,False,"[15, 16]","[0.08769462448176389, 0.08420825155383313]"
76,15,914,1,0.013368768058277292,2.2923038877481785,True,False,[8],[0.1175563726279402]
76,16,0,1,0.012903821301038922,1.4786136491313837,True,False,[6],[0.10268663548760243]
76,17,584,2,0.011550076958013166,1.6459408588140187,True,False,"[6, 7]","[0.11272041328595526, 0.13976631443001683]"
76,19,1606,1,0.012614797375108266,1.512411944949381,True,False,[7],[0.14555137723495662]
76,20,1552,1,0.012886868140368607,1.7838470148804693,True,False,[7],[0.10768445131398505]
76,21,1460,1,0.012376773611801905,1.88913673604255,True,False,[5],[0.1495509861040817]
76,22,16,1,0.013786736228056769,2.0446706470534086,True,False,[12],[0.02758000353688202]
76,23,611,2,0.008815263106935171,1.6987152630458577,True,False,"[7, 15]","[0.1121849331837192, 0.12102014190237691]"
77,2,1178,2,0.008229199583065507,1.6522996548251845,True,False,"[8, 15]","[0.11839256415624319, 0.06562705911625467]"
77,3,1512,1,0.012691786127025918,1.9195534231602438,True,False,[17],[0.0678362670831507]
77,7,1634,1,0.014779853941780855,2.1135965119961693,True,False,[7],[0.21860282397070308]
77,8,938,2,0.008763283736038414,1.899562853470165,True,False,"[7, 8]","[0.17573715970195333, 0.09266745727873835]"
77,12,1565,1,0.012572627981425144,2.096714254835065,True,False,[5],[0.13260113260809525]
77,13,17,2,0.00860245381371849,1.499508832118562,True,False,"[7, 16]","[0.11473517619508963, 0.08133746226168821]"
77,14,914,1,0.013309825177474404,2.310128258104943,True,False,[17],[0.07131316233594773]
77,15,0,1,0.011877234154217781,1.490230697348345,True,False,[6],[0.07455177892279226]
77,16,584,1,0.012834151541621704,1.6489008163631331,True,False,[16],[0.1123586854355825]
77,19,1566,1,0.011149122457736011,2.068047379242213,True,False,[7],[0.14220181161054285]
77,20,1606,1,0.01255881646389913,1.5243895788049355,True,False,[6],[0.0742208440198057]
77,22,1460,3,0.007270748021082204,1.8981811149476933,True,False,"[7, 15, 16]","[0.1559321490669415, 0.12286646057786704, 0.13048477380483725]"
77,23,611,1,0.013966925618539993,1.7221750925820645,True,False,[5],[0.14373182873934334]
78,0,655,3,0.008222260682724292,1.831107921194153,True,False,"[7, 8, 12]","[0.16821997492934226, 0.1435436334763724, 0.12972150470823338]"
78,3,1512,3,0.007397225146129519,1.931396880738198,True,False,"[7, 8, 12]","[0.1355265230516099, 0.12840730859748647, 0.14436207972845752]"
78,6,1587,1,0.011077225807530686,2.1932191389453277,True,False,[8],[0.12286209331241783]
78,7,1634,2,0.011417001499553,2.1273605297878033,True,False,"[7, 12]","[0.19477586355290305, 0.039641554271662556]"
78,8,938,1,0.011989522717467168,1.9331204130728177,True,False,[5],[0.09123787020433342]
78,11,1830,1,0.07878769697427189,2.4675501636689225,True,False,[7],[0.11796637193603766]
78,12,1565,1,0.012629076625558271,2.1132619110884576,True,False,[5],[0.13217986111070687]
78,13,17,2,0.01226311338598975,1.5014109384885304,True,False,"[8, 15]","[0.14359354047059514, 0.07129765042460692]"
78,14,914,1,0.01135557248498332,2.3551224858834963,True,False,[7],[0.1093165986584705]
78,16,584,1,0.014924687883601842,1.6455228645417157,True,False,[15],[0.12371901378546311]
78,17,7,1,0.011266908906829378,1.9203735689311234,True,False,[8],[0.10652053527615286]
78,18,550,1,0.011974043018691049,2.147292307128709,True,False,[7],[0.13258908781852094]
78,19,1566,3,0.009095429898941595,2.0645200626892355,True,False,"[8, 12, 17]","[0.14910387103640008, 0.09155636508317487, 0.04550957405251908]"
78,20,1606,2,0.00834666683015208,1.5310998470447907,True,False,"[6, 7]","[0.07994161263947447, 0.09819734712664459]"
78,22,1460,1,0.012838742623888302,1.9010540306745733,True,False,[16],[0.15646767563507785]
78,23,611,2,0.010607394271572607,1.7216782958523043,True,False,"[8, 15]","[0.12041071261972444, 0.1307437416913141]"
79,0,655,2,0.008605990239905825,1.8527045448933919,True,False,"[7, 8]","[0.1562507262176662, 0.1608772197570215]"
79,2,1178,1,0.011708548376831536,1.6592430722177969,True,False,[15],[0.06275975363032422]
79,3,1512,1,0.010788983611711593,1.970519501958794,True,False,[7],[0.1357917282716626]
79,4,1472,1,0.01258531359157613,1.9809867912353016,True,False,[8],[0.08098554106158844]
79,5,19,1,0.01358785291018284,1.6740221835406552,True,False,[15],[0.12293650587775279]
79,6,1587,1,0.01103753967588647,2.2290086104974463,True,False,[8],[0.11621094357290564]
79,7,1634,2,0.012343957196659315,2.1268061569295797,True,False,"[12, 17]","[0.050390671695231336, 0.13150630467509325]"
79,8,938,1,0.013354390761121103,1.9322918899785346,True,False,[8],[0.10759389512282871]
79,11,1830,1,0.014132833466701928,2.472598122621847,True,False,[5],[0.08707118222791257]
79,12,1565,1,0.012429309360004887,2.1279509764465807,True,False,[7],[0.13819421650800348]
79,13,17,1,0.012787436143568885,1.524063508389117,True,False,[7],[0.1235576291844301]
79,14,914,1,0.011801584071348604,2.3522165240224853,True,False,[8],[0.15398685306866294]
79,15,0,1,0.012794241115949772,1.4978659824767415,True,False,[6],[0.0858030236567244]
79,18,550,1,0.013680554226375274,2.174535855032481,True,False,[5],[0.17703078962034968]
79,19,1566,3,0.008025889223502137,2.063591701867108,True,False,"[7, 15, 17]","[0.14166735677392014, 0.17162087274514962, 0.07778237305691749]"
79,22,1460,1,0.012979503819704415,1.9425154170416126,True,False,[5],[0.11229342459639188]
79,23,611,3,0.00795841518046499,1.73073931257168,True,False,"[7, 8, 15]","[0.10238900118064341, 0.129189657649185, 0.13820931199089523]"
80,0,655,1,0.011545749654296092,1.8526600261798358,True,False,[15],[0.18485862243374154]
80,2,1178,1,0.012767771675798723,1.6661769346173232,True,False,[8],[0.11636661521999113]
80,3,1512,2,0.008274237526662204,1.991357838022904,True,False,"[7, 12]","[0.14195974653298188, 0.14712040532298867]"
80,4,1472,1,0.011881398650916244,2.006173744877764,True,False,[8],[0.0747378604774447]
80,5,19,1,0.011395749901589617,1.700704117833082,True,False,[7],[0.10859959713220299]
80,6,1587,1,0.010310404909893156,2.270190902346285,True,False,[8],[0.1075746266749837]
80,7,1634,1,0.013257252159921322,2.1719884202606776,True,False,[7],[0.19017852024947451]
80,8,938,1,0.012850878438374864,1.9306538239114677,True,False,[8],[0.10977166243377383]
80,13,17,1,0.014624959418060765,1.5243336195481805,True,False,[15],[0.06651032223855503]
80,14,914,2,0.011428839560310744,2.3578412259005535,True,False,"[8, 17]","[0.15593527150492356, 0.08207159715832071]"
80,15,0,1,0.012581979706479453,1.5104972691831213,True,False,[6],[0.08514321959807368]
80,16,584,1,0.013682337992531848,1.6447677196161679,True,False,[8],[0.11395137941119775]
80,18,550,1,0.01057803532893659,2.2282388814365066,True,False,[7],[0.12802098905857295]
80,19,1566,1,0.013008670767132212,2.0449031123484365,True,False,[17],[0.07680899339560555]
80,20,1606,1,0.012372520422126913,1.5366194615172968,True,False,[6],[0.07957277998163395]
80,22,1460,1,0.013301551269772617,1.9510404850839962,True,False,[8],[0.13465666195597759]
80,23,611,2,0.010016102635785914,1.7338896216159216,True,False,"[15, 16]","[0.14951617076338697, 0.17056642592929916]"
81,2,1178,2,0.008335105530835938,1.6800921336890942,True,False,"[7, 16]","[0.14132376898837867, 0.11914149952266147]"
81,3,1512,1,0.01103500767117638,2.0252788093049525,True,False,[7],[0.15736520327391088]
81,5,19,2,0.008544964899440621,1.7150680610660636,True,False,"[7, 8]","[0.10977920455295219, 0.11744652251410496]"
81,6,1587,1,0.012840962173198585,2.276528942176589,True,False,[7],[0.11277739515989933]
81,7,1634,1,0.01478816458173187,2.171756609701254,True,False,[17],[0.13700236925287806]
81,10,1931,1,0.09146451441743636,2.6464452423650546,True,False,[7],[0.10104073951521099]
81,12,1830,1,0.012484506149962476,2.4726502537702455,True,False,[5],[0.13178007922222046]
81,13,1565,1,0.010926819326113654,2.1734628668051372,True,False,[5],[0.09699301019093369]
81,15,914,1,0.011514721832262464,2.4090595500695406,True,False,[5],[0.0970002157186719]
81,17,584,1,0.014910710713891374,1.662931185165178,True,False,[7],[0.16009518636480294]
81,18,7,1,0.01094024661954285,1.9533501180258994,True,False,[8],[0.09503195208013258]
81,19,550,1,0.013050731378402975,2.2628037703583255,True,False,[5],[0.11516748866135965]
81,20,1566,1,0.014193202420845607,2.0661507669805745,True,False,[17],[0.10093870910840176]
81,21,1606,1,0.010837029901838397,1.5601020368009457,True,False,[7],[0.10304037018965025]
81,23,1460,1,0.012546498362566619,1.9887629934161373,True,False,[5],[0.15014228761936968]
82,0,655,3,0.009474259766940234,1.8749103616790224,True,False,"[7, 8, 12]","[0.1699337410733748, 0.19722320819725955, 0.17367232780250105]"
82,2,1178,1,0.01082851331160969,1.682290779017241,True,False,[15],[0.06200641621546117]
82,3,1512,2,0.007968217705762492,2.0551472667816704,True,False,"[7, 8]","[0.15279371099693242, 0.1379622566727921]"
82,4,1472,1,0.012321687838935027,2.0347914822232895,True,False,[8],[0.07138893686554942]
82,5,19,1,0.012113412042509372,1.7141572316575766,True,False,[8],[0.11347981412706626]
82,7,1634,1,0.015076731581792875,2.165775254734544,True,False,[17],[0.17858523877931157]
82,12,1830,1,0.012371067482327866,2.473554535578262,True,False,[5],[0.12710735453955455]
82,14,17,1,0.01205344069737044,1.536406271398333,True,False,[7],[0.10663105477006452]
82,15,914,1,0.01189800234857385,2.420955478314399,True,False,[8],[0.12066684482110072]
82,16,0,2,0.008118984451541154,1.5262562681469924,True,False,"[6, 16]","[0.08557427721197755, 0.11977097452742413]"
82,17,584,2,0.01038792479717149,1.6633943015806456,True,False,"[15, 16]","[0.11276272528595423, 0.17118396766385746]"
82,19,550,1,0.013364002196030485,2.3016195449245664,True,False,[5],[0.12459491186220598]
82,20,1566,1,0.013667096569190261,2.0570123266765528,True,False,[8],[0.09945602598631119]
82,21,1606,2,0.011123557269800532,1.5518459011658736,True,False,"[6, 15]","[0.08298085837910209, 0.11240120513281796]"
82,22,1552,1,0.012729717370485592,1.78698418136299,True,False,[7],[0.1534019232853537]
82,23,1460,1,0.011507115493982261,2.0137005190638493,True,False,[7],[0.11563129174088149]
83,0,655,1,0.01195245580919735,1.8862723502920384,True,False,[7],[0.1529644978505078]
83,2,1178,2,0.009369197100615585,1.6929905535687604,True,False,"[7, 16]","[0.14588623941845, 0.12443175317861979]"
83,3,1512,1,0.011553148043548553,2.053283818039944,True,False,[12],[0.16771234332618168]
83,7,1634,1,0.014601205622574867,2.170754317422328,True,False,[12],[0.0794541957262676]
83,8,938,1,0.01361901441010496,1.9149428069511247,True,False,[15],[0.15383856738131674]
83,15,914,1,0.011638848491340368,2.4345697966667212,True,False,[8],[0.11962706161667372]
83,16,0,1,0.013900704919084213,1.5449213264513575,True,False,[15],[0.1165627719194037]
83,18,7,1,0.010912894564846615,1.9863002503786025,True,False,[8],[0.0876676185415274]
83,19,550,1,0.01108239739522583,2.3502005937895465,True,False,[7],[0.14555111157480258]
83,21,1606,1,0.013550325735949062,1.5427277456883535,True,False,[6],[0.08084836579308798]
83,23,1460,1,0.011453840083857622,2.0380455940822086,True,False,[7],[0.13381697477006804]
84,0,655,1,0.01260486940226294,1.883024099472716,True,False,[7],[0.16409268174645297]
84,2,1178,1,0.011236784747446054,1.7068401293786288,True,False,[7],[0.1496009616028498]
84,3,1512,1,0.011753210677962306,2.0799333115837677,True,False,[5],[0.10381740348035193]
84,4,1472,1,0.01218164232277784,2.06143974643917,True,False,[8],[0.07254959666284268]
84,5,19,2,0.009552026749856078,1.7143552596363831,True,False,"[8, 15]","[0.11148523747882368, 0.10992246547937434]"
84,6,1587,1,0.010411072886690588,2.3192990410581857,True,False,[8],[0.10005268392329675]
84,7,1634,1,0.01465469567608873,2.200999356087926,True,False,[5],[0.16032247405873679]
84,8,938,2,0.010528960418249056,1.9090172725549526,True,False,"[8, 15]","[0.13597712200132792, 0.1824344619669007]"
84,13,1565,1,0.011450379705065728,2.2234607621339126,True,False,[5],[0.09527939707512886]
84,15,914,1,0.01112058323637087,2.4448764321558087,True,False,[8],[0.1284957390476687]
84,17,584,1,0.014538204212382578,1.6875428693986883,True,False,[7],[0.20043367790979771]
84,20,1566,1,0.013496146631098901,2.057190435180893,True,False,[8],[0.09811066333100452]
84,21,1606,2,0.008913188198710066,1.5543463478735076,True,False,"[6, 7]","[0.076480795755943, 0.10629330706259933]"
84,22,1552,1,0.014352316142836104,1.7881020999773554,True,False,[5],[0.10641160823237361]
85,0,655,2,0.010495105681371896,1.9068744819381518,True,False,"[8, 12]","[0.19866184033233608, 0.18856231561096873]"
85,2,1178,2,0.007956249860825307,1.7157128610846055,True,False,"[7, 15]","[0.14281629858213052, 0.06464039934519236]"
85,3,1512,1,0.01254203928731357,2.076102471123292,True,False,[12],[0.20205454446062882]
85,4,1472,2,0.009313128899342223,2.0719009688296772,True,False,"[7, 8]","[0.14062965245503925, 0.07066128893256408]"
85,5,19,1,0.011604013238304439,1.7144116194620387,True,False,[8],[0.10708939337783285]
85,6,2030,2,0.03665653491752944,1.5980724675544833,True,False,"[8, 15]","[0.09065784408400356, 0.12302305136039482]"
85,8,1634,1,0.013592447022740917,2.217735912537516,True,False,[5],[0.13023732275395064]
85,9,938,2,0.008937763386332924,1.9124765856299524,True,False,"[8, 16]","[0.09912153203774962, 0.11459990480290408]"
85,11,1931,1,0.011375539125836479,2.6468459343793596,True,False,[7],[0.11164950381914475]
85,13,1830,1,0.01312590168815603,2.479364070584533,True,False,[7],[0.11618237252062284]
85,14,1565,1,0.011856291350125399,2.269474708894185,True,False,[7],[0.09703528634673406]
85,15,17,2,0.009503455437136005,1.5407494999927593,True,False,"[15, 16]","[0.11419029120950859, 0.08510023807962969]"
85,16,914,1,0.01233575929185008,2.4962069574764603,True,False,[5],[0.09211366096758411]
85,17,0,1,0.013655348987169805,1.5610122062236857,True,False,[6],[0.09839176828474878]
85,18,584,2,0.012486558464863526,1.6888891514395645,True,False,"[8, 15]","[0.1228352524991923, 0.10649593874210679]"
85,19,7,1,0.010617028211292815,2.030831073020301,True,False,[8],[0.1296859902424342]
85,21,1566,1,0.0097293872078351,2.0912405684353153,True,False,[7],[0.11966398680244732]
85,22,1606,1,0.011163837300896795,1.5472709694746312,True,False,[15],[0.12171386162182331]
86,0,655,1,0.012273675707790652,1.9083001893997629,True,False,[7],[0.1576910583963184]
86,3,1512,2,0.010815577514291774,2.081761684759936,True,False,"[7, 15]","[0.1680124524425823, 0.1860434483551963]"
86,4,1472,1,0.013113745112074911,2.0986951099463025,True,False,[8],[0.06366419128714706]
86,5,19,1,0.014431432481317218,1.7368504609754518,True,False,[5],[0.12297859243085849]
86,6,2030,1,0.01112949041058678,1.59851149040955,True,False,[8],[0.08316511035564401]
86,7,1587,1,0.012036846717259981,2.3641809095307877,True,False,[8],[0.17413005168356568]
86,8,1634,2,0.015298858923841507,2.2047440344763274,True,False,"[8, 17]","[0.18027169543441157, 0.08879543355246738]"
86,9,938,1,0.010783882435753673,1.9391903261379544,True,False,[7],[0.13394568926517733]
86,16,914,1,0.010854925927917694,2.4912267320267194,True,False,[8],[0.10473909241305805]
86,17,0,1,0.012917172130220578,1.56156949069218,True,False,[15],[0.11517024340163472]
86,20,550,1,0.013932871887476418,2.328183611628259,True,False,[8],[0.117420551043421]
86,22,1606,1,0.012668228312462369,1.561400112574168,True,False,[6],[0.08712516311095508]
87,1,1743,1,0.011099484904769061,1.7931704788295333,True,False,[7],[0.10264515509438225]
87,2,1178,1,0.010751583568928424,1.734914344828572,True,False,[7],[0.13497072699856041]
87,3,1512,1,0.012722243311578845,2.077593565678692,True,False,[12],[0.20929582184268403]
87,4,1472,1,0.013009095493989441,2.1324395920488755,True,False,[8],[0.056248639515993425]
87,6,2030,1,0.01370296610077728,1.5971998826468545,True,False,[15],[0.11623491557356105]
87,8,1634,2,0.01397843603788465,2.2037676784813063,True,False,"[12, 17]","[0.11892010499095845, 0.10929163124893482]"
87,9,938,1,0.012403631498873092,1.9419280570026964,True,False,[8],[0.12230802938956341]
87,13,1830,1,0.011226652203316477,2.530652271952897,True,False,[8],[0.1336881061339906]
87,14,1565,1,0.01158369349081837,2.321957596019982,True,False,[7],[0.0900119352520636]
87,15,17,1,0.011362929275984325,1.5412933362912347,True,False,[8],[0.11767420214016451]
87,16,914,1,0.010929628496624296,2.48799221077153,True,False,[8],[0.1250249595600842]
87,17,0,1,0.013776979477315899,1.5615380940725956,True,False,[8],[0.12078578859168851]
87,18,584,1,0.013768170647889025,1.7047962355520685,True,False,[16],[0.10791035571460875]
87,20,550,1,0.012555661984604616,2.3741309873646173,True,False,[5],[0.1366966626610197]
87,21,1566,2,0.011353930547815087,2.087981672819775,True,False,"[8, 12]","[0.16490032183049586, 0.07302429325520228]"
88,0,655,2,0.00832899257767136,1.928877503345257,True,False,"[7, 8]","[0.1416832078941149, 0.19624446360372222]"
88,2,1178,1,0.012775700385607242,1.7525845194594285,True,False,[5],[0.15130389926955073]
88,3,1512,1,0.011502863197855285,2.075734415342817,True,False,[12],[0.19802891829228197]
88,4,1472,1,0.01263651896027867,2.1610746760399433,True,False,[8],[0.055881359469489786]
88,5,19,1,0.013259950716883502,1.7361451080548493,True,False,[15],[0.10756973869514895]
88,6,2030,1,0.01178072185850192,1.6000125283109652,True,False,[8],[0.082450957488951]
88,7,1587,2,0.009205001554688293,2.3855204293533006,True,False,"[7, 8]","[0.17996528616504523, 0.15776697169834678]"
88,8,1634,2,0.009930935099614246,2.2231499932663112,True,False,"[7, 8]","[0.1700809779066971, 0.1365293544156085]"
88,9,938,2,0.009344546401861012,1.9419787856286053,True,False,"[8, 16]","[0.1289781524799725, 0.14962158502468065]"
88,13,1830,1,0.012663164613795023,2.5419789749562653,True,False,[7],[0.11337369217648131]
88,15,17,2,0.0076363386692863775,1.5518549626413984,True,False,"[7, 8]","[0.1367601089333501, 0.11129133554591551]"
88,16,914,1,0.011937603523626383,2.5402018031518825,True,False,[5],[0.11027379277001455]
88,17,0,1,0.013567564362508402,1.5534121095569793,True,False,[5],[0.08227308380148945]
88,18,584,1,0.011803642518413218,1.729196019034676,True,False,[7],[0.13959462092622196]
88,19,7,1,0.010164809759681566,2.0778170967599676,True,False,[8],[0.11684978257476916]
88,21,1566,1,0.010607286640928483,2.0814106319174814,True,False,[8],[0.146850837053722]
88,22,1606,2,0.009323703963794037,1.5685985819250274,True,False,"[6, 7]","[0.09543137317108505, 0.15831999128258334]"
89,0,655,1,0.01008649054954226,1.9678910556770792,True,False,[8],[0.1967440467961122]
89,2,1178,1,0.011747105133126306,1.7560991918749282,True,False,[15],[0.0689620331052515]
89,3,1512,1,0.010751731079748732,2.114581716411969,True,False,[7],[0.18524497411554416]
89,4,1472,1,0.011694024622366121,2.1967907127629784,True,False,[8],[0.052544541069552024]
89,5,2123,1,0.08191691465983164,2.8417570956744034,True,False,[7],[0.10684923759397658]
89,6,2030,2,0.008933729530468266,1.6045766716408942,True,False,"[8, 15]","[0.07641882292184236, 0.10570829322655369]"
89,8,1634,2,0.010173505202751915,2.244032114588548,True,False,"[7, 17]","[0.15452367853253413, 0.14703604682397897]"
89,9,938,1,0.011497139709731364,1.9807092692821529,True,False,[5],[0.09292437515795456]
89,12,19,1,0.011871240770291983,1.7386652217697804,True,False,[8],[0.1358961250311375]
89,14,1830,1,0.012720094825862461,2.542093904826322,True,False,[7],[0.09028423020120648]
89,17,914,1,0.011374056489480052,2.5369469672025486,True,False,[8],[0.11979161199134679]
89,19,584,2,0.012812147074392693,1.735639432946391,True,False,"[7, 15]","[0.18051400828262473, 0.19331322268927753]"
89,20,550,3,0.008149726899743416,2.388028893572097,True,False,"[7, 12, 17]","[0.11284679353121993, 0.08432781863231405, 0.11365391819226853]"
89,21,1566,2,0.009591376192771055,2.0932133834511504,True,False,"[7, 17]","[0.13381668345305403, 0.04466383749045498]"
89,22,1606,1,0.011947887770353134,1.5808143591373136,True,False,[7],[0.15139325648150714]
89,23,1552,1,0.014137288846697389,1.7869325442481985,True,False,[5],[0.13909149752800568]
90,0,655,1,0.010489864762897268,2.006110368349911,True,False,[8],[0.20459335450357535]
90,2,2149,1,0.0723464234102634,2.2991020537086277,True,False,[7],[0.12387416754567653]
90,3,2030,1,0.012187996952730292,1.6045542066832383,True,False,[8],[0.12640530145130094]
90,5,1512,1,0.012024886401755589,2.150860479656775,True,False,[7],[0.11656059985916183]
90,6,1472,1,0.009933628976550764,2.240864520175984,True,False,[8],[0.07144691623747966]
90,7,2123,1,0.011919916474044468,2.8417792359244918,True,False,[7],[0.16009362907223879]
90,8,1587,1,0.012300737992760834,2.428237315007625,True,False,[8],[0.14042540999891917]
90,15,1830,1,0.010354337146539362,2.5548434057106952,True,False,[7],[0.1289322916793818]
90,16,1565,1,0.014643820597302192,2.3590444685125234,True,False,[5],[0.11030481780019154]
90,17,17,3,0.007091151769950651,1.5595085422404176,True,False,"[7, 8, 15]","[0.17765970855400195, 0.11436412953216155, 0.10809009648399628]"
90,19,0,1,0.013612345755025979,1.548493498226965,True,False,[15],[0.17838174958438854]
90,20,584,1,0.013839849785573287,1.7255739099264187,True,False,[15],[0.09876765161710797]
90,21,550,4,0.008019180915477474,2.4025424724080384,True,False,"[7, 8, 16, 17]","[0.13856325328396277, 0.17328426658102736, 0.1275150013468295, 0.08140112199046753]"
90,22,1566,1,0.013687158809334049,2.0932916394780667,True,False,[8],[0.16535158858393237]
91,0,655,1,0.009103152255705625,2.0533115513652844,True,False,[8],[0.17568596630323977]
91,1,1743,1,0.010755708658867966,1.8227577749515391,True,False,[8],[0.11435094553709978]
91,3,2030,1,0.011272934232984764,1.6046101169893,True,False,[8],[0.11832830086350643]
91,4,1178,2,0.009031073695917585,1.763886537259213,True,False,"[7, 16]","[0.1530204549179157, 0.07817654473162634]"
91,5,1512,1,0.01231877649038587,2.1800350936825525,True,False,[5],[0.10341454356223366]
91,6,1472,1,0.009524892849660035,2.291081561468807,True,False,[8],[0.06505297744790366]
91,9,1634,1,0.015363845222924253,2.242317401641046,True,False,[12],[0.14077605199324147]
91,12,1931,1,0.011514026636343624,2.647271088709187,True,False,[7],[0.13026767344342033]
91,17,17,1,0.011382953263924285,1.5813643680471403,True,False,[15],[0.09984596561810996]
91,18,914,1,0.01267719178927997,2.5733167966309702,True,False,[5],[0.16442063046225397]
91,20,584,2,0.009660833193869794,1.723753859547196,True,False,"[8, 15]","[0.1283876004000772, 0.10505461009631291]"
91,21,550,1,0.011595708395894877,2.4043361889791384,True,False,[8],[0.18701231082654637]
91,22,1566,3,0.009500443630384738,2.1014389108279,True,False,"[8, 12, 17]","[0.14759577403067214, 0.05540714738675004, 0.04693119076984309]"
92,0,655,1,0.009222952617259137,2.096080149661271,True,False,[8],[0.18031341543778243]
92,2,2149,1,0.010853894437667246,2.3441702527975052,True,False,[7],[0.11716762446844722]
92,3,2030,2,0.008181422349662883,1.6137931346236798,True,False,"[8, 15]","[0.11566639925095426, 0.18491849724084075]"
92,4,1178,1,0.011247448153899806,1.7749798546038658,True,False,[16],[0.07650912210804113]
92,5,1512,1,0.013058899304747525,2.176229814861222,True,False,[12],[0.09659378320549261]
92,6,1472,1,0.009518812136972362,2.343130357004512,True,False,[8],[0.06299108144573777]
92,7,2123,1,0.01071917357108983,2.844783054581517,True,False,[7],[0.14683038925386455]
92,8,1587,1,0.012454075483927166,2.470839400154909,True,False,[8],[0.1324795990521288]
92,9,1634,2,0.010686491755703617,2.258516096083918,True,False,"[7, 17]","[0.15044787644280835, 0.1387409495539297]"
92,10,938,2,0.0092897258280047,1.9750501537417215,True,False,"[7, 12]","[0.11856959124554767, 0.14348570971047134]"
92,12,1931,1,0.01230792264703767,2.647541499134378,True,False,[5],[0.13031105396391227]
92,17,17,1,0.010592635713586443,1.5851750109812197,True,False,[16],[0.1489276302025653]
92,18,914,1,0.012962663411615866,2.608301209462913,True,False,[5],[0.1698912145899716]
92,19,0,1,0.012363073580246223,1.5705753923794972,True,False,[6],[0.04385544888094532]
92,20,584,1,0.015019127461533888,1.724615356077755,True,False,[7],[0.1369099177999731]
92,21,550,1,0.011934024336324397,2.4554369522572093,True,False,[5],[0.13785566094215473]
92,22,1566,2,0.009034087369318542,2.1074603335470807,True,False,"[7, 17]","[0.16523689295486638, 0.05909348544496108]"
92,23,1552,1,0.01075959499723517,1.8205968066056435,True,False,[8],[0.12562622744780455]
93,0,655,1,0.010933875955153854,2.118972235876763,True,False,[5],[0.18217719112930292]
93,3,2030,1,0.011046046839500069,1.6395672213697865,True,False,[15],[0.1634807160223014]
93,5,1512,1,0.011874749881849899,2.1755840189273465,True,False,[12],[0.11387905617707163]
93,6,1472,1,0.009773547064863412,2.3948314540158115,True,False,[8],[0.056302167593652586]
93,7,2123,2,0.008886610664716608,2.879289736594195,True,False,"[7, 8]","[0.14405625104731198, 0.15316828197500226]"
93,8,1587,1,0.012040918082629722,2.5166961393026024,True,False,[8],[0.11631276119410097]
93,9,1634,1,0.011893745836832524,2.2997255854326597,True,False,[7],[0.15973271065176037]
93,10,938,1,0.010383504402447136,1.9783053932553507,True,False,[8],[0.10995111770360343]
93,11,1782,1,0.08126044115901512,2.3195839764413226,True,False,[7],[0.10659495874563593]
93,12,1931,1,0.01096072497601104,2.6485377460433224,True,False,[7],[0.12832939305509297]
93,15,1830,2,0.009632902874241735,2.560008056985109,True,False,"[7, 15]","[0.11962413676258478, 0.11852782046846283]"
93,17,17,2,0.009614183553680378,1.5896037849304727,True,False,"[7, 16]","[0.19029085224214734, 0.13740421779147272]"
93,18,914,1,0.012643838272829153,2.610850281711995,True,False,[17],[0.10155893351139907]
93,20,584,1,0.014845146224435817,1.724968519726558,True,False,[15],[0.13469186280239923]
93,21,550,1,0.011514836799963823,2.503990308811535,True,False,[5],[0.1378232126791692]
94,4,1178,1,0.010770384193684292,1.7800650543287497,True,False,[15],[0.11414596460106491]
94,5,1512,2,0.008409148671371184,2.193643098673329,True,False,"[7, 12]","[0.10749683226316473, 0.11617521105747108]"
94,9,1634,1,0.01119837656966436,2.3459985355309527,True,False,[7],[0.16068449871392146]
94,10,938,1,0.01289445339115021,1.9783951955521246,True,False,[16],[0.11788650353004929]
94,12,1931,1,0.011325394945631912,2.6479880316912308,True,False,[7],[0.1261178342064153]
94,13,19,1,0.01249337010767849,1.7385442098693706,True,False,[8],[0.13196650200698257]
94,15,1830,1,0.010265562859003348,2.5785209523615946,True,False,[7],[0.11586390757476421]
94,19,0,1,0.01357728249711996,1.5720187346303212,True,False,[7],[0.16326029391659952]
94,20,584,1,0.013608340453509659,1.735709330722689,True,False,[15],[0.12997948031820786]
94,21,550,1,0.01075587657950913,2.5561461713994023,True,False,[5],[0.1310936999184483]
94,22,1566,1,0.013827085749095252,2.106011786239087,True,False,[17],[0.09722785540771728]
95,0,655,1,0.009019014913694631,2.1637133092758947,True,False,[8],[0.2081519307828891]
95,2,2149,1,0.010597252057033742,2.3944606153917167,True,False,[7],[0.10734872723988576]
95,3,2030,1,0.010740315997929784,1.6416252262678368,True,False,[8],[0.10605962157376603]
95,5,1512,1,0.011089466851503024,2.191681891332603,True,False,[8],[0.12654654468004223]
95,6,1472,1,0.009556042288858715,2.446708109604124,True,False,[8],[0.056146504446617576]
95,7,2123,1,0.010551010885526744,2.8853506964174347,True,False,[7],[0.1356012374005774]
95,8,1587,2,0.00863192264059247,2.542376081047002,True,False,"[7, 8]","[0.15677614622959246, 0.10602825375375434]"
95,9,1634,1,0.014704903322814652,2.376038196893894,True,False,[5],[0.1111614588195958]
95,10,938,3,0.008057488131171341,1.9776789652636848,True,False,"[7, 8, 12]","[0.13580152375229412, 0.11980175733590916, 0.16137044280715707]"
95,13,19,1,0.013358379073904126,1.738832809350172,True,False,[15],[0.06871715002233993]
95,17,17,1,0.012042330006739594,1.6138014065182462,True,False,[15],[0.10133298378042453]
95,18,914,2,0.007431823713322077,2.639304214656861,True,False,"[7, 8]","[0.12825661644237168, 0.10630691654617494]"
95,19,0,1,0.014054910902988028,1.5678051603280763,True,False,[5],[0.12127065875786913]
95,20,584,1,0.013683751467526793,1.7528938269087244,True,False,[15],[0.13253114535046326]
95,21,550,2,0.011189566380443404,2.5589488881274884,True,False,"[8, 17]","[0.1834209500722616, 0.09611503542422803]"
95,22,1566,1,0.01406500797046153,2.0968955614729303,True,False,[17],[0.13010465096318932]
96,0,655,1,0.008602757019493711,2.212277816834314,True,False,[8],[0.19954813170362554]
96,1,1743,1,0.012163617173345189,1.8223209022740308,True,False,[5],[0.06964734708513591]
96,3,2030,1,0.011184980429696432,1.6714529646790877,True,False,[15],[0.15486667872689988]
96,5,1178,1,0.01176995224583949,1.7801875094337625,True,False,[15],[0.10193115982124179]
96,6,1512,1,0.012483095618663897,2.216363917586051,True,False,[5],[0.16194408066990731]
96,10,1634,2,0.011934341135941834,2.393978405575549,True,False,"[7, 12]","[0.14668646125788165, 0.16736438976649415]"
96,11,938,2,0.010161307146616162,1.9750334612879263,True,False,"[8, 16]","[0.11428024327900492, 0.08598468703426516]"
96,13,1931,1,0.012772848763111402,2.657091188626444,True,False,[7],[0.11531511166780024]
96,17,1565,1,0.012524104638050482,2.390737675622192,True,False,[5],[0.07874154320806828]
96,19,914,2,0.009390159780309536,2.6574586736695114,True,False,"[7, 8]","[0.1829597109041016, 0.13048515787321735]"
96,21,584,2,0.010128494900499073,1.765040462459719,True,False,"[7, 15]","[0.1541922043122652, 0.143781521935313]"
96,22,1566,1,0.011388745814943197,2.118055591542815,True,False,[7],[0.16850423474166298]
97,0,2316,1,0.02431656593745554,2.4272045480205544,True,False,[7],[0.12897518558107057]
97,2,655,1,0.010326422583681402,2.2112948995001456,True,False,[7],[0.10234150884510584]
97,4,1178,1,0.010378931163739606,1.7835569504835085,True,False,[15],[0.1020313161871883]
97,6,1472,1,0.009300219867292599,2.5004925285300534,True,False,[8],[0.05434290294199858]
97,8,2030,1,0.01223472775703561,1.6757375891024626,True,False,[16],[0.13185899289359723]
97,9,2292,1,0.03783182098598072,2.6227039124862612,True,False,[15],[0.11663164208945662]
97,11,1634,1,0.015668929778643755,2.405086279870821,True,False,[12],[0.1132494201770793]
97,12,938,1,0.010402907636805937,2.0019639586238984,True,False,[7],[0.1505978002731512]
97,14,1931,1,0.012133938543127974,2.649139908617958,True,False,[5],[0.1337290896144286]
97,15,19,2,0.007684902562151133,1.7492863701258745,True,False,"[7, 8]","[0.10616167167860883, 0.11307475389275694]"
97,17,1830,2,0.008040154044543604,2.608434809702593,True,False,"[7, 8]","[0.16693898101585816, 0.11009739896266674]"
97,18,1565,1,0.010311358996329525,2.4490018007401426,True,False,[7],[0.11937323190569074]
97,19,17,1,0.011530277065744509,1.616100914721979,True,False,[16],[0.06141694316177249]
97,20,914,1,0.011297984037803802,2.715550546200233,True,False,[5],[0.13521854087496027]
97,21,0,2,0.01207485299297783,1.5801434495127058,True,False,"[6, 15]","[0.08336268760016897, 0.14096122137043426]"
97,22,1566,3,0.007999738156208814,2.125269020300713,True,False,"[7, 8, 17]","[0.17436771170380647, 0.16776864365568275, 0.13638247534336292]"
97,23,1552,1,0.011897462658186047,1.8371545351738443,True,False,[7],[0.12219496555014744]
98,2,655,1,0.010534569302673904,2.210844486878284,True,False,[7],[0.09959637291975924]
98,5,1512,3,0.006477400931280949,2.2300189774998715,True,False,"[7, 8, 12]","[0.09844333436379515, 0.13985441943329477, 0.13203541524300436]"
98,6,1472,2,0.008783540584981745,2.5309997656628602,True,False,"[7, 8]","[0.10504742449441883, 0.04656886448281993]"
98,7,2123,1,0.0106912484640847,2.889106684418229,True,False,[7],[0.12570717625878908]
98,8,2030,1,0.011831180325534311,1.6832579930944729,True,False,[5],[0.12310171399311365]
98,10,2292,1,0.012611738544359272,2.6305509506377396,True,False,[7],[0.13498481390832381]
98,11,1178,1,0.013198204565810615,1.7950054898742691,True,False,[5],[0.09216773791413332]
98,12,1634,2,0.012041053150851752,2.4252427466642574,True,False,"[7, 12]","[0.1704505471419111, 0.10188449698179805]"
98,13,938,1,0.013608942557637093,1.9993964109876041,True,False,[16],[0.10426516764568297]
98,15,1931,1,0.014345521031212772,2.6469984912162197,True,False,[15],[0.12872602064393182]
98,16,19,1,0.013845284260261149,1.7494923378061753,True,False,[15],[0.1100066773399124]
98,20,17,2,0.009630372320787698,1.615950686791218,True,False,"[15, 16]","[0.12067139424805629, 0.08109227039035044]"
98,21,1587,1,0.00967036115909451,2.601921094314812,True,False,[8],[0.17059625895390373]
98,22,1566,1,0.01300813393939893,2.110479228857392,True,False,[12],[0.07078927190273894]
99,2,655,2,0.007741722366392899,2.2340631258931336,True,False,"[7, 8]","[0.09679030861591234, 0.12602215837508143]"
99,3,1743,1,0.012811685979087639,1.826758923536962,True,False,[5],[0.1003714359374312]
99,4,2331,1,0.05242888593885057,1.9788197234412501,True,False,[7],[0.13923280341971472]
99,6,1472,1,0.009171027184432181,2.58589086993546,True,False,[8],[0.040788547817495545]
99,7,2123,1,0.011670196953818601,2.9151879037887967,True,False,[5],[0.1574710788437094]
99,8,2030,1,0.01125587481900797,1.7019301178980333,True,False,[15],[0.17629412637034422]
99,9,2335,1,0.09600275964930685,3.4494777985907925,True,False,[7],[0.14909897966893074]
99,11,1178,1,0.012271573885908675,1.8140878112646586,True,False,[5],[0.09077652184137615]
99,12,1634,3,0.012299433072758471,2.4209969147689834,True,False,"[7, 9, 17]","[0.17247671207922324, 0.08259954316616086, 0.11320360910415683]"
99,13,938,1,0.012431051518719647,1.9914002178115435,True,False,[8],[0.12523988605736433]
99,15,1782,1,0.010933468196364784,2.32244054516153,True,False,[7],[0.09839073186029541]
99,16,1931,1,0.010855597333995267,2.666146099028062,True,False,[7],[0.11040660710847101]
99,17,19,1,0.012587935680925068,1.7548063997999264,True,False,[7],[0.16243111491804227]
99,18,2329,1,0.02333881802737644,2.4387304201388433,True,False,[7],[0.11259199841807187]
99,19,1830,1,0.012485193619462433,2.622921689402677,True,False,[5],[0.1277056584501667]
99,20,1565,1,0.012862398456664453,2.5006913054985427,True,False,[5],[0.12197103875566682]
100,2,655,1,0.011571620303762742,2.2609610585306648,True,False,[5],[0.17277092082565537]
100,5,1512,2,0.009680593328351637,2.2469226377122786,True,False,"[7, 12]","[0.11300481214478167, 0.15048596125565147]"
100,6,1472,1,0.008847546624391864,2.6452773966397714,True,False,[8],[0.04386396265165184]
100,7,2123,1,0.01164973461446675,2.9482901998105486,True,False,[5],[0.15426584934294374]
100,8,2030,1,0.011163779196707883,1.7303093229784878,True,False,[15],[0.1717735034237872]
100,9,2335,1,0.012028121027999486,3.4895967478614835,True,False,[5],[0.1051331152382212]
100,12,1634,1,0.013051874208913088,2.45910155499567,True,False,[7],[0.15623283395225032]
100,13,938,2,0.00918641369630001,1.988417391195317,True,False,"[8, 16]","[0.13427717717202023, 0.11374250412285897]"
100,17,2376,1,0.034021904250630744,2.3748702550830707,True,False,[8],[0.09817714590597254]
100,20,1830,1,0.014198809426511597,2.6275808627306274,True,False,[7],[0.12537774014325187]
100,21,1565,1,0.011394540877508224,2.554080014881591,True,False,[5],[0.12193158529524546]
100,23,1587,2,0.007547569470722601,2.6334995566140695,True,False,"[7, 8]","[0.11463732988434537, 0.1247190242977752]"
101,0,2316,1,0.009535084098890511,2.4783440031991426,True,False,[8],[0.18018113012356188]
101,2,655,1,0.011866479672670249,2.2845784559742555,True,False,[5],[0.1898774867814934]
101,3,1743,1,0.011630595688114843,1.8303837385640973,True,False,[7],[0.16876175068360047]
101,5,1512,1,0.011643091563785627,2.2422674776883866,True,False,[8],[0.15887100389217068]
101,10,2292,1,0.011942532309643752,2.643593035280275,True,False,[7],[0.11962631246456659]
101,12,1634,1,0.014616806186119727,2.4490335766239575,True,False,[17],[0.1586503947132925]
101,17,2376,2,0.008085425943042665,2.39962543580304,True,False,"[7, 8]","[0.153614923385307, 0.08874925253748758]"
101,18,19,1,0.011332374984828435,1.77431702963085,True,False,[7],[0.1125800097705086]
101,20,1830,1,0.014066919009339126,2.6376691282541906,True,False,[7],[0.12461635990914004]
101,21,1565,1,0.012556132525798283,2.6077593970263044,True,False,[7],[0.1447456873108228]
101,22,17,1,0.011844705722238676,1.6215229006489489,True,False,[16],[0.13963746186263518]
101,23,2401,1,0.03922350055242213,2.5840358164459305,True,False,[7],[0.1071695559099209]
102,2,655,1,0.01093681201563767,2.3152188839438455,True,False,[5],[0.17316161580524456]
102,5,1512,1,0.011561812816236108,2.2775195785810274,True,False,[7],[0.11791507388440443]
102,7,2123,1,0.010805050586284832,2.963550466471019,True,False,[7],[0.11671797062161045]
102,8,2030,1,0.011196211068819758,1.762433927669342,True,False,[15],[0.16214473903097337]
102,11,1178,1,0.010382764648387595,1.852479405734211,True,False,[7],[0.10067170399761459]
102,12,1634,2,0.013739188733989032,2.450126210190071,True,False,"[7, 9]","[0.19761699012656747, 0.14392564404611252]"
102,13,938,1,0.013230166696415002,1.9903743681262198,True,False,[16],[0.12142808385675068]
102,18,19,1,0.011125533714390215,1.797836188308111,True,False,[7],[0.10536938467548122]
102,21,1565,1,0.011442856373995353,2.6623546684599333,True,False,[5],[0.12058635262305739]
103,2,655,1,0.01091521145120466,2.3390534371454392,True,False,[5],[0.19753888990699628]
103,5,1512,1,0.012544871389232026,2.310930643799441,True,False,[7],[0.14171328547130427]
103,6,1472,1,0.010044426476056488,2.700311250368154,True,False,[8],[0.045848882737432525]
103,7,2123,1,0.010344019142153495,2.983632073037713,True,False,[7],[0.10531032108416816]
103,8,2030,2,0.0079832841127318,1.7785914783681334,True,False,"[8, 15]","[0.0995038338988828, 0.14082522647679266]"
103,11,1178,1,0.012397745282327682,1.8678018475695488,True,False,[5],[0.09960041724024327]
103,13,938,2,0.009443636548345246,2.0062218415543414,True,False,"[7, 8]","[0.10939848357497269, 0.12013575249359033]"
103,16,1931,1,0.009927349034535831,2.7222115765141153,True,False,[8],[0.1231891487567114]
103,21,1830,1,0.013285631467213796,2.636110689352303,True,False,[7],[0.13967622679273284]
104,2,655,2,0.008447239778661948,2.3737768911748662,True,False,"[7, 8]","[0.11916203426912578, 0.14346386137932568]"
104,5,1512,1,0.012550557950739791,2.3027340251529567,True,False,[8],[0.1753642541993991]
104,7,2123,1,0.011498476595672808,3.0068755499193207,True,False,[7],[0.11464556604600884]
104,8,2030,2,0.007724264817004309,1.7942058836463548,True,False,"[8, 15]","[0.09173411085025504, 0.12154157672687822]"
104,9,2468,2,0.047358711931941785,2.6981789515076953,True,False,"[7, 8]","[0.14132233285937312, 0.11219613725855816]"
104,10,2292,1,0.011569387519238099,2.663756499393703,True,False,[7],[0.11177472587982905]
104,11,1178,1,0.012204670694596409,1.8852886167555236,True,False,[5],[0.10105854723750698]
104,12,1634,2,0.009905026703661857,2.4670430308350353,True,False,"[7, 17]","[0.1590204175340572, 0.1606063209110681]"
104,17,2376,1,0.01095241268004687,2.43281406747702,True,False,[8],[0.08249339316302456]
104,18,19,1,0.014691411471726422,1.8028419694302176,True,False,[15],[0.09555178240781785]
105,2,655,1,0.008831774630634818,2.429514820132633,True,False,[8],[0.14398311536602904]
105,4,2331,1,0.011119548598861714,2.001054461001198,True,False,[7],[0.12493975423236922]
105,5,1512,1,0.009884953929245857,2.3456854278183035,True,False,[7],[0.1251729426387223]
105,6,1472,1,0.010600893538549504,2.755043211770306,True,False,[8],[0.04447462810176449]
105,7,2123,1,0.011446018805407738,3.045601736187376,True,False,[7],[0.1073837453375473]
105,8,2030,1,0.010976669250023037,1.825585517461927,True,False,[15],[0.12906773133015562]
105,9,2468,1,0.010259006016171048,2.7076457095474376,True,False,[7],[0.14243803616401787]
105,11,1178,1,0.012039551302204682,1.8831297660277708,True,False,[16],[0.08110711536113435]
105,12,1634,2,0.010648625789744388,2.4554329686989247,True,False,"[8, 12]","[0.17358210148970785, 0.11523375013505115]"
105,13,938,2,0.00865633380438756,2.000023334390078,True,False,"[8, 12]","[0.12269132794180322, 0.13222717626475405]"
105,17,2376,1,0.01083959616866489,2.469573129001188,True,False,[8],[0.07309593686371019]
106,0,2316,1,0.012316573894911002,2.4784326866724644,True,False,[7],[0.1187291550526623]
106,2,655,2,0.008852330089366225,2.4713588374181388,True,False,"[7, 8]","[0.12392520340580898, 0.1606644158912722]"
106,5,1512,1,0.010544427821064644,2.3830712237698286,True,False,[7],[0.1347284152190505]
106,6,1472,1,0.010472265157223881,2.813026149393091,True,False,[8],[0.04034818115712991]
106,7,2123,1,0.011854182523162421,3.088414942889166,True,False,[7],[0.1028228665335888]
106,8,2030,2,0.008802090690599014,1.841119164931284,True,False,"[8, 15]","[0.09206107002521133, 0.1208487626787443]"
106,10,2292,1,0.012509545113364842,2.690023870066808,True,False,[5],[0.08742978588424252]
106,11,1178,2,0.00975583862770001,1.922012213583972,True,False,"[7, 15]","[0.10218780219146871, 0.055058138981621776]"
106,15,2335,1,0.009771140721985844,3.4915526220155817,True,False,[7],[0.09424027100059292]
106,17,1634,3,0.013597250049438151,2.4557323890941185,True,False,"[7, 9, 12]","[0.17803116442416203, 0.0929488629045269, 0.1281571590478209]"
107,2,655,1,0.010752930339913183,2.5048366931064097,True,False,[5],[0.20290574114714774]
107,5,1512,1,0.011572619976946388,2.381660802652731,True,False,[12],[0.1495805338563221]
107,7,2123,1,0.011300635025351996,3.154036969983506,True,False,[5],[0.1507388826387579]
107,8,2030,1,0.0115426840090868,1.8443519545784306,True,False,[16],[0.13600577948970038]
107,9,2468,1,0.010144474676925395,2.7218692457878304,True,False,[7],[0.1325104919322586]
107,10,2292,1,0.012018498359702224,2.718232137006809,True,False,[5],[0.08200670751961292]
107,11,1178,1,0.012102109908001674,1.94359390069542,True,False,[5],[0.09960424281112229]
107,15,19,1,0.010354022628716184,1.830443186585309,True,False,[7],[0.09346653136369268]
107,16,2335,1,0.010240738029103637,3.489992155826981,True,False,[7],[0.11621416219306582]
107,18,1634,1,0.015340567966309445,2.4652023521895305,True,False,[5],[0.17582447951682842]
107,21,1931,1,0.010985486061309125,2.7281305660108646,True,False,[5],[0.11429392924334171]
107,22,2401,1,0.012555843530001476,2.6158833689480523,True,False,[7],[0.15847715265065146]
107,23,2520,1,0.034805052353553224,2.501149304274646,True,False,[7],[0.10021427557506626]
108,1,2149,1,0.01189821182382417,2.421061442561168,True,False,[5],[0.06904790285574444]
108,5,1512,1,0.010643655375221535,2.38108798039126,True,False,[12],[0.16163451252167263]
108,6,1472,2,0.007608056027737809,2.8507567955931004,True,False,"[7, 8]","[0.09994343608538173, 0.03555573493495868]"
108,8,2030,1,0.01079669306452096,1.8789771980684844,True,False,[15],[0.11936266143742259]
108,11,1178,1,0.011829209833209396,1.966531569284389,True,False,[5],[0.09824463165208305]
108,14,2376,1,0.010114111890170469,2.5227558184262473,True,False,[8],[0.1400056519933811]
108,15,19,1,0.010383568683469308,1.8603550259369586,True,False,[7],[0.09392123181861421]
108,16,2335,1,0.012413610462216278,3.560761735813872,True,False,[5],[0.10752627898061713]
108,18,1634,3,0.013284688595422296,2.4504601891208977,True,False,"[8, 12, 16]","[0.15179893110373485, 0.12161719048373372, 0.1755958497542603]"
108,21,1931,1,0.012571492778346155,2.7282872196712415,True,False,[7],[0.12244641586968033]
109,1,2149,1,0.010268635935824806,2.475402596884219,True,False,[7],[0.0969286836779137]
109,2,655,1,0.010562721193720858,2.5537372771565683,True,False,[8],[0.16191120822679228]
109,4,2331,1,0.010567301407817475,2.035253993701576,True,False,[7],[0.11128071293886373]
109,6,1472,1,0.009394354551690735,2.9135334020066312,True,False,[8],[0.032556913155102306]
109,8,2030,2,0.009050054814722196,1.8937812558402327,True,False,"[8, 15]","[0.10440912490811406, 0.11945898911940395]"
109,11,1178,1,0.010351717838426363,2.005377169693312,True,False,[7],[0.10304584336143463]
109,15,2335,1,0.011755544765367934,3.6311525161260447,True,False,[5],[0.09941801250139459]
109,17,1634,4,0.011675964445573206,2.4580839380578667,True,False,"[7, 8, 12, 15]","[0.18320259092489763, 0.17033431293107096, 0.19730163307284057, 0.19896077489634428]"
109,20,1931,1,0.015278289169462625,2.726052615961623,True,False,[7],[0.1354337382213902]
109,22,19,1,0.012296015971052775,1.86852828855956,True,False,[7],[0.1600750800982366]
110,3,655,1,0.00859004613219569,2.61073705891043,True,False,[8],[0.12955668604485965]
110,6,1512,1,0.01196096338072286,2.4121736622221075,True,False,[5],[0.21167636431355613]
110,7,1472,1,0.010926197860344895,2.971578761267338,True,False,[8],[0.13935963417875497]
110,8,2123,2,0.00799590994847115,3.182578790346936,True,False,"[7, 8]","[0.1384124720357431, 0.10064608362415899]"
110,9,2030,1,0.012171633363941592,1.8988376191806369,True,False,[8],[0.10698321960506614]
110,11,2292,1,0.01236927879979542,2.7288939487348087,True,False,[5],[0.09614977884247218]
110,12,1178,1,0.011010298148689493,2.045760725763547,True,False,[5],[0.1207705558989096]
110,18,1634,1,0.013466484392962845,2.4573077911579624,True,False,[8],[0.15953102138708863]
110,21,2621,1,0.0549553357685541,2.8052876424950073,True,False,[7],[0.14069606211252428]
110,22,2376,1,0.0135642586690443,2.5580081110792556,True,False,[8],[0.15113343034935792]
111,3,655,1,0.010963503174006795,2.609551120343132,True,False,[7],[0.2089366707916531]
111,7,1512,1,0.009648429158405268,2.466639339038861,True,False,[7],[0.10915615809411057]
111,8,1472,1,0.010217637631820337,3.032612719569002,True,False,[8],[0.0919828248461148]
111,10,2030,1,0.011211945051403147,1.9342221587715405,True,False,[15],[0.11290048498477383]
111,12,2292,1,0.01149526861703804,2.7434028044675585,True,False,[7],[0.14912883029035864]
111,13,1178,1,0.012603774462862457,2.0440096195497177,True,False,[15],[0.06970569069420937]
111,17,2335,1,0.010204958901873656,3.6749553863348186,True,False,[5],[0.07665415549405082]
111,19,2356,1,0.09164788807081935,2.041624403188512,True,False,[7],[0.16162677451410987]
111,20,1782,1,0.015182880806818238,2.3236908431454593,True,False,[7],[0.12354435590155582]
111,21,2621,1,0.013598312178476082,2.7997663168031988,True,False,[12],[0.0872128667019705]
111,22,2376,1,0.013582736840240143,2.5944693497934725,True,False,[8],[0.13550747814472627]
112,3,655,1,0.008179761208367341,2.6658920415699745,True,False,[8],[0.13955224850161096]
112,7,1512,1,0.00924937460342227,2.524661343120835,True,False,[7],[0.10123199877694887]
112,8,1472,1,0.009989245450854155,3.0948257642636956,True,False,[8],[0.08170621841091982]
112,9,2123,2,0.007388801795328956,3.2241448445038294,True,False,"[7, 8]","[0.13196331965423536, 0.10810009948724725]"
112,10,2030,1,0.010103884407024805,1.9348209129539753,True,False,[8],[0.1158441735954363]
112,12,2292,1,0.015741296164035374,2.7302826944562875,True,False,[15],[0.0763440191544315]
112,13,1178,1,0.012752050122295952,2.038846345752549,True,False,[15],[0.07184370255624697]
112,15,2563,1,0.12717084576100673,2.4203576404485023,True,False,[7],[0.08757344093075248]
112,17,2335,1,0.012138402517326709,3.7143319696466066,True,False,[7],[0.15114732187182903]
112,23,19,1,0.013354376926469142,1.8992709686965115,True,False,[5],[0.13411184239030055]
113,3,655,1,0.01023392987078109,2.668508274935707,True,False,[7],[0.19649899572543908]
113,7,1512,1,0.010470602426021108,2.573877703719533,True,False,[5],[0.1627571763434213]
113,9,2123,1,0.00957559336016277,3.288606361795571,True,False,[7],[0.11747962549398043]
113,10,2030,1,0.010053749793556294,1.9368865856084843,True,False,[8],[0.10400138019875846]
113,11,2468,1,0.010494350661572114,2.7619404237026104,True,False,[8],[0.11435552169470654]
113,13,2538,1,0.04082544077571631,1.9169180871760674,True,False,[12],[0.13260176593476194]
113,15,2609,1,0.04051080199908804,2.597922971651909,True,False,[7],[0.08216175414688878]
113,16,2335,1,0.012254080364210343,3.7931675243266723,True,False,[5],[0.10775711404028886]
113,18,1178,1,0.013004835035348945,2.0419983046332377,True,False,[15],[0.0939864896396278]
113,22,19,1,0.012730721278973399,1.9357349205500805,True,False,[5],[0.09826030422888482]
114,3,655,1,0.010675873526960682,2.6623343345386856,True,False,[7],[0.1937643164920716]
114,11,2030,1,0.011593841258159002,1.9749272211473698,True,False,[15],[0.046772928593817785]
114,14,2538,1,0.011121224734207241,1.9497450182298757,True,False,[7],[0.08851679915742969]
114,17,2335,1,0.012786177586782117,3.8443325474863923,True,False,[7],[0.14789583090010966]
114,18,2292,1,0.011187548236935308,2.7801738788732107,True,False,[8],[0.1542252148780931]
114,19,1178,1,0.012184888699397173,2.0560287461503544,True,False,[15],[0.1647001391279535]
114,20,2714,1,0.06330490274704775,3.25855898061551,True,False,[7],[0.11025600645015872]
114,22,2376,1,0.013520152777587975,2.6334825802209516,True,False,[8],[0.12208240169537353]
114,23,2693,1,0.012794392779830233,2.077834762482736,True,False,[7],[0.09325233315747489]
115,4,655,2,0.008803691963625116,2.697935088953479,True,False,"[7, 8]","[0.14941908043351337, 0.08917553682665941]"
115,8,1512,1,0.009978485902463861,2.575885195642436,True,False,[8],[0.0964934761815623]
115,10,2123,2,0.007374856577325409,3.3297933483621693,True,False,"[7, 8]","[0.10032892007351187, 0.0989572260224911]"
115,12,2030,1,0.012289658441953701,1.9984798649534592,True,False,[15],[0.07315224818562698]
115,18,2335,1,0.009390387763694545,3.920111291123284,True,False,[7],[0.09780129122454628]
115,19,1178,1,0.011921485508465189,2.0960958451049168,True,False,[5],[0.11910697847912857]
115,20,2714,1,0.011799020976761249,3.3096697121868885,True,False,[5],[0.11729876616925035]
116,4,655,1,0.011059442613128356,2.7354176390753717,True,False,[5],[0.11891335664051261]
116,8,1512,2,0.00857845044695079,2.597639048653963,True,False,"[7, 12]","[0.1707630179979576, 0.14574564031247392]"
116,10,2123,1,0.01132774094489535,3.393898182633766,True,False,[5],[0.08403108500342159]
116,12,2030,2,0.007595196203661019,2.0163696147272545,True,False,"[8, 15]","[0.15799083647200832, 0.06626875665424858]"
116,16,2538,1,0.010954002940696074,1.9702509688155658,True,False,[7],[0.11370529328337343]
116,17,2563,1,0.010407056258697547,2.476175317074231,True,False,[5],[0.06919875886212623]
116,19,2335,1,0.012315008152025034,3.968673327301586,True,False,[7],[0.1589409602436995]
116,20,1178,1,0.011316322542670927,2.0969237967235883,True,False,[15],[0.11002325520352665]
117,0,2316,1,0.01191300747908828,2.478581181620503,True,False,[7],[0.10818062047770015]
117,2,2149,1,0.011853829582876748,2.5125582239747266,True,False,[7],[0.1108640428003416]
117,4,655,1,0.01009889002513134,2.751213484512965,True,False,[7],[0.15234742945165225]
117,6,2694,1,0.03039606497054253,2.667109660807669,True,False,[7],[0.09258134032356186]
117,8,1512,1,0.012035197999153195,2.627613416023287,True,False,[5],[0.13910249375084988]
117,10,2123,1,0.009582953857738668,3.4326217264865115,True,False,[8],[0.09890273801232799]
117,11,2718,1,0.018508681208576752,2.6484894055759884,True,False,[7],[0.09617596421135725]
117,12,2030,1,0.010864918208290206,2.0452730781839286,True,False,[15],[0.06354115469759838]
117,13,2468,1,0.010728220842432981,2.8224698491579594,True,False,[8],[0.12248988694200491]
117,16,2538,1,0.010764403901555286,1.9915847855068773,True,False,[7],[0.10873954123136796]
117,21,1178,1,0.011290258217268088,2.138793788909821,True,False,[5],[0.11746703203505407]
118,1,2748,1,0.12935325744225068,2.8228502848920742,True,False,[5],[0.07610763546371521]
118,4,655,1,0.011398051478964864,2.8017941490430984,True,False,[5],[0.12598368825755896]
118,13,1472,1,0.009552117003632041,3.166890617985712,True,False,[8],[0.10873797633593851]
118,16,2335,1,0.010567071067012485,4.061212552131477,True,False,[5],[0.09487868061580439]
118,17,1178,1,0.009931672485545162,2.168956167467101,True,False,[5],[0.072869816900663]
118,20,2563,1,0.011974717840105759,2.5167807038027696,True,False,[5],[0.10633607457779082]
119,4,655,2,0.009466114198091579,2.8222572262455876,True,False,"[8, 15]","[0.12489746275821054, 0.13256446053337906]"
119,9,2030,1,0.00996997910107319,2.092313805220723,True,False,[15],[0.11236405781418028]
119,12,1512,2,0.010693866453966352,2.6188837427661613,True,False,"[8, 12]","[0.18504029518696824, 0.1536725708394609]"
119,13,1472,1,0.009087419435352576,3.2422438330821803,True,False,[8],[0.0963061147528956]
119,14,2123,1,0.010514947735776088,3.4390593408047,True,False,[8],[0.13971535865044182]
119,19,2538,1,0.012627991692756765,2.018379659447314,True,False,[7],[0.15258201717259445]
120,0,2316,2,0.007442922215773118,2.5046263466129624,True,False,"[7, 8]","[0.10323002267221942, 0.16202098858051608]"
120,5,655,1,0.01023343213906714,2.820284750441377,True,False,[7],[0.15852007490676073]
120,11,2030,2,0.008188743932958155,2.111656333981922,True,False,"[8, 15]","[0.10962561497798741, 0.05297708097021768]"
120,14,1512,1,0.0123438194228961,2.6376541739981403,True,False,[7],[0.1200236365908678]
120,18,2335,1,0.009025008395436823,4.138209069763735,True,False,[7],[0.10218265812221178]
120,22,1472,1,0.01324608278077316,3.2818465434208153,True,False,[8],[0.11161808313652863]
121,1,2748,1,0.009194096147505295,2.850957761640275,True,False,[7],[0.08774456957900817]
121,5,655,1,0.010884416887510667,2.8182652637158405,True,False,[7],[0.18103942991614133]
121,13,2866,1,0.07931879097209266,2.60171309604326,True,False,[5],[0.09464485535851813]
121,20,1512,1,0.010310292424107243,2.6397163297579143,True,False,[8],[0.16286485649043084]
121,21,1472,1,0.008528230642385452,3.3627247101908866,True,False,[8],[0.15278625822447203]
121,23,1178,1,0.012398778121064992,2.208970780086735,True,False,[5],[0.1343408233368501]
122,1,2748,1,0.01036041473649185,2.850282777203309,True,False,[5],[0.07217081885468678]
122,5,655,1,0.010813206366106122,2.8163154225112397,True,False,[7],[0.17159433451659148]
122,18,2335,1,0.00941659247569113,4.214986780586543,True,False,[7],[0.10298629489628468]
122,20,1512,1,0.011152464985098883,2.688411748613181,True,False,[5],[0.12524692772324816]
122,21,2890,1,0.08716333008021257,3.936253025855645,True,False,[5],[0.1109222355700592]
122,22,1472,1,0.013447811181550024,3.400556901212742,True,False,[8],[0.10891887192568667]
123,4,2874,1,0.09547679404795929,3.9400922530327724,True,False,[7],[0.13961916364826085]
123,9,2030,1,0.010210773963224467,2.1168207070205294,True,False,[8],[0.10971515162016747]
123,10,2468,1,0.010692895428880021,2.8432769389048143,True,False,[7],[0.09493606032605344]
123,13,2866,1,0.008987338060448711,2.61765979432638,True,False,[5],[0.09260261175102674]
123,15,2863,1,0.07746372560263605,2.973786610132838,True,False,[7],[0.07552304727465255]
123,16,2123,1,0.009701070526631725,3.4539525818003063,True,False,[8],[0.12168242200189501]
123,20,2655,1,0.0406809964473001,2.6231713065871016,True,False,[7],[0.09962360722717924]
124,4,2874,1,0.011646102437482668,4.023932630164634,True,False,[7],[0.1290377681704023]
124,5,655,1,0.010504693836706394,2.817248194467512,True,False,[7],[0.15861504425612274]
124,9,2030,1,0.010195994797012279,2.1252318802260075,True,False,[8],[0.10307531180390511]
124,14,2918,1,0.06581510021524685,4.160477550656203,True,False,[7],[0.1085138880219907]
124,18,2335,1,0.011672311304345836,4.297583339802461,True,False,[5],[0.1612700505803485]
124,22,1472,1,0.013343210157982474,3.4386108194772698,True,False,[8],[0.09686564581979243]
125,5,655,2,0.007577006843653641,2.8420162292773217,True,False,"[7, 8]","[0.16587848063887767, 0.17743479008941657]"
125,8,2893,1,0.08846206902386038,2.2794306797150528,True,False,[7],[0.15327312579723257]
125,10,2030,2,0.007452282110858532,2.1462783930267277,True,False,"[8, 15]","[0.08945294644919947, 0.10962650844596451]"
125,11,2468,1,0.010609449834448071,2.8445096838384925,True,False,[7],[0.09268503325081202]
125,13,2940,1,0.0160709127166858,2.684900775519226,True,False,[7],[0.10577822200234008]
125,19,2335,1,0.011982391026784493,4.34881988481151,True,False,[7],[0.14206530679714374]
126,5,655,2,0.00930586716195071,2.8681374893452314,True,False,"[7, 8]","[0.20638082306645764, 0.20151843142949158]"
126,10,2030,2,0.006906446438454821,2.1667577610775672,True,False,"[8, 15]","[0.10215022190408983, 0.0870946493577102]"
126,11,2468,1,0.01052196489761757,2.849199984013408,True,False,[7],[0.0905498487413227]
126,13,2940,1,0.011110458204388456,2.7373451724639617,True,False,[7],[0.09505989055697373]
126,17,2863,1,0.011715010132263146,3.026656194615875,True,False,[7],[0.12811245105313265]
126,18,2123,1,0.010820683893815145,3.478746238594627,True,False,[8],[0.14083717717622105]
127,4,2874,1,0.011279708795905292,4.112127613360126,True,False,[7],[0.11703106173655846]
127,9,3027,1,0.05102027760496308,3.454967631685441,True,False,[7],[0.10693896351678908]
127,11,655,2,0.009319251793829678,2.8601768249100226,True,False,"[7, 16]","[0.08927820009471504, 0.1320952602444532]"
127,14,2866,1,0.011603241119258808,2.6315411137510045,True,False,[5],[0.13767925922530502]
127,18,2123,1,0.010579919007428506,3.514530167457606,True,False,[7],[0.10042629243310547]
127,19,2718,1,0.012070482007909784,2.6952326547087178,True,False,[7],[0.12818682589541192]
128,10,2811,1,0.14617310903420197,3.7143107180444352,True,False,[5],[0.078007835733538]
128,11,655,1,0.009176033133113088,2.873276532482082,True,False,[7],[0.08807838436735566]
128,14,2866,1,0.011295319427462413,2.6566744564989566,True,False,[5],[0.13329544017417355]
128,18,2123,1,0.010351233425180968,3.5635447852290527,True,False,[7],[0.10005052544202282]
128,20,2030,1,0.012525005723319452,2.1656073551475763,True,False,[5],[0.11566763083840588]
129,3,2629,1,0.13159962122305036,3.028037299636814,True,False,[7],[0.17378786617172506]
129,11,655,1,0.012068315027683225,2.8421758343118504,True,False,[16],[0.1776962274172704]
129,16,2918,1,0.009733944974144938,4.253950325182331,True,False,[7],[0.10176207437211057]
129,18,2123,1,0.010310927819510247,3.615275502403851,True,False,[7],[0.10776073220119421]
130,7,2748,1,0.008980000131376002,2.8552325407636245,True,False,[7],[0.09530089854778308]
130,10,2811,1,0.01007388308300556,3.7863327394289255,True,False,[7],[0.09492781055758251]
130,11,655,1,0.01025467629936319,2.900265975188193,True,False,[5],[0.09266634151132966]
130,13,2940,1,0.008667313832286545,2.801757730702701,True,False,[5],[0.09153324045740424]
130,14,2866,1,0.01330313363013107,2.6786379562080147,True,False,[7],[0.11164471349018376]
130,16,2918,1,0.011609636792985226,4.329091894215292,True,False,[5],[0.09077186391901473]
130,17,2863,1,0.011597531597965914,3.085763470397128,True,False,[7],[0.11328525358711604]
130,20,2030,1,0.010763414174527287,2.1893244684312148,True,False,[15],[0.10381935972853192]
131,7,2748,1,0.0086666518815534,2.866370793616756,True,False,[7],[0.09412797153058092]
131,11,655,1,0.010862596439771026,2.9486726602845175,True,False,[5],[0.12493557438694425]
131,14,2940,1,0.012480741865457822,2.8396955176624092,True,False,[7],[0.10560013355537629]
131,15,2866,1,0.009015968387544922,2.7307564535085556,True,False,[7],[0.07266856833748993]
131,16,3003,1,0.09269048447407083,3.461182004054951,True,False,[7],[0.09698334518332527]
131,17,2918,1,0.010344947686364717,4.426679597006777,True,False,[5],[0.07408475941613181]
131,18,2863,1,0.010668542124010487,3.1395225533074664,True,False,[7],[0.10432862715981547]
131,22,3004,1,0.18073296297930072,5.307276147218631,True,False,[7],[0.1446966649264692]
132,10,2874,1,0.010804877063092109,4.208164087098278,True,False,[7],[0.08667432317715275]
132,11,655,1,0.011342401571049057,2.9516098624405296,True,False,[7],[0.10619166136647763]
132,15,2866,1,0.009141147984443446,2.788402629843514,True,False,[7],[0.07106539507722838]
132,18,2030,1,0.013037095382720961,2.2074960172461875,True,False,[15],[0.09527472529633915]
132,22,2123,1,0.013865130168415559,3.6251432391163583,True,False,[8],[0.10781423660345495]
133,3,2629,1,0.011909330054388522,3.0591261089771575,True,False,[5],[0.09341453312584035]
133,5,3047,1,0.030862963799498475,2.677390916479829,True,False,[7],[0.1851880280108513]
133,7,2748,1,0.01060738844709236,2.8618217138581405,True,False,[5],[0.15410026642703314]
133,11,655,1,0.008849512002551338,2.995300102708213,True,False,[8],[0.10699192691057367]
133,15,2866,1,0.011568158670238766,2.8172633378859353,True,False,[5],[0.0907218060748091]
133,18,2030,1,0.012245209895329866,2.2319182624425773,True,False,[15],[0.09381194669591279]
133,20,2918,1,0.011647011002762655,4.50432941119281,True,False,[7],[0.09398911191270544]
134,7,3047,1,0.011647222719104854,2.7151673719139335,True,False,[5],[0.15280361606013318]
134,9,2748,1,0.009223016527006042,2.883455346750962,True,False,[7],[0.099455587394081]
134,18,3003,1,0.012410303940744122,3.5021831039461984,True,False,[5],[0.14759452775585766]
134,20,2030,2,0.007130698808803056,2.2502065773519373,True,False,"[8, 15]","[0.13964694761040486, 0.09406310426555654]"
135,13,655,1,0.014144415800720454,2.9811965922208583,True,False,[15],[0.11727898881375073]
135,17,2866,1,0.009352642855443781,2.873810175385236,True,False,[7],[0.10561030904447749]
135,20,2030,1,0.009795715055669485,2.2868311853907337,True,False,[15],[0.08547268535261925]
136,9,2748,1,0.009261862258163889,2.9150920899033386,True,False,[7],[0.09670454177238143]
136,12,2874,1,0.010654448225436843,4.284970129615507,True,False,[5],[0.11872316931445372]
136,13,655,1,0.009348406560245612,3.0304857682912343,True,False,[5],[0.10435049287611849]
136,20,2940,1,0.012582339227987446,2.8733742752636333,True,False,[7],[0.0951460802630332]
137,7,3047,1,0.009008679441440454,2.7755933571850773,True,False,[7],[0.09350284870807161]
137,13,655,2,0.009858370506013783,3.044695667453484,True,False,"[8, 12]","[0.14190355791171194, 0.18961699847276678]"
137,21,3250,1,0.16790611501063168,3.396724054158417,True,False,[7],[0.1292111393282927]
138,20,2030,2,0.006853456446358149,2.3086788920078107,True,False,"[8, 15]","[0.12929101713745786, 0.07938651317050546]"
139,11,2748,1,0.011262665703092645,2.965409447296865,True,False,[7],[0.09374284756441378]
139,14,2874,1,0.012115244693880003,4.3472459237503385,True,False,[7],[0.09702172088920223]
139,15,655,1,0.00986789234100535,3.102458919040475,True,False,[8],[0.12123473345649134]
139,21,2030,1,0.008768510868831255,2.3498216258595113,True,False,[15],[0.12020958395075512]
140,6,2629,1,0.009670054032738868,3.131561223200729,True,False,[7],[0.08693755757393164]
140,15,655,1,0.010912506626070777,3.1450546995167423,True,False,[8],[0.13743883514865993]
141,20,2811,1,0.0123592434976012,3.84778555062087,True,False,[7],[0.08916205828820471]
141,21,2030,1,0.009879595257168952,2.3589692837270984,True,False,[8],[0.13801383241092974]
142,13,2874,1,0.010969863580141612,4.438360236794001,True,False,[7],[0.09066155087534422]
142,15,655,2,0.009731771962184351,3.1548431664532472,True,False,"[7, 12]","[0.1259100642421892, 0.17241115477687252]"
142,21,2030,1,0.008443872393912312,2.4053681358808534,True,False,[15],[0.11048376473549763]
143,12,3027,1,0.011728908505641754,3.5181181029157775,True,False,[7],[0.13428826007895964]
143,13,2874,1,0.010387764520560673,4.531736150624085,True,False,[5],[0.09876869807361088]
143,15,655,1,0.00949087401152676,3.160349772708867,True,False,[7],[0.12298193905839383]
143,21,2030,1,0.00829196752231724,2.4559158709084032,True,False,[15],[0.09998549240227306]
144,9,3047,1,0.009369642205573571,2.834022900435644,True,False,[7],[0.09923221073864674]
144,11,2893,1,0.012089651550156387,2.3221619774766125,True,False,[7],[0.0852056552045013]
144,15,655,2,0.0070704874836155325,3.1919196357253474,True,False,"[7, 8]","[0.12029640622865335, 0.13276851636594478]"
144,21,2030,2,0.0064503573334102,2.483267762630047,True,False,"[8, 15]","[0.12989728855264102, 0.09418773244918427]"
145,9,3047,2,0.007966697939749162,2.862895451105336,True,False,"[7, 8]","[0.09433292328384542, 0.0973620581581803]"
145,16,655,1,0.009548126540460899,3.202246518760453,True,False,[8],[0.13097125455519823]
145,22,2030,2,0.006978840889491441,2.512375202550809,True,False,"[8, 15]","[0.09522446541340698, 0.10739193110611546]"
146,9,3047,1,0.010822504924318603,2.858992893317241,True,False,[8],[0.10024394917321088]
146,13,3027,1,0.011180403673086963,3.59084576335752,True,False,[5],[0.09490302272749995]
146,16,655,1,0.010255489953968779,3.2093305629989453,True,False,[8],[0.1417561547160638]
146,22,2030,1,0.011313178357604672,2.5118704936470992,True,False,[8],[0.08979830009793366]
147,10,3047,1,0.010452781661681806,2.8474106315279593,True,False,[8],[0.10123909677237589]
147,17,655,1,0.01026329752454341,3.272397682343583,True,False,[5],[0.09260362681376706]
148,18,655,3,0.0072873004977197465,3.300958847884054,True,False,"[7, 8, 12]","[0.10171854721704253, 0.15214571197670335, 0.1276191228659394]"
149,11,3047,1,0.010782584621985487,2.898813530930585,True,False,[7],[0.08149401295459709]
149,18,655,2,0.008001877794049147,3.319980608924579,True,False,"[7, 12]","[0.11305420390004542, 0.14083214202951264]"
150,19,655,1,0.009654960448169873,3.391947988244673,True,False,[5],[0.12589113241769104]
150,22,3027,1,0.011019600435834807,3.661336780491384,True,False,[7],[0.12805539576610356]
150,23,2811,1,0.010237118120410607,3.930503407890668,True,False,[7],[0.086782155433492]
151,12,3047,2,0.008032427573575592,2.931865524565755,True,False,"[7, 8]","[0.11488333696879828, 0.16646396494238075]"
152,19,655,1,0.009059092275551963,3.4509170018013915,True,False,[8],[0.13583029466551547]
154,12,3047,1,0.008829857680922818,2.9981653779394177,True,False,[7],[0.1057625380381532]
154,20,655,1,0.010533185324048738,3.453708169729546,True,False,[7],[0.08975018605559158]
155,20,655,1,0.007845266245711458,3.4876174095097436,True,False,[8],[0.12511876342625544]
156,21,655,2,0.007592596588528481,3.5113448164866883,True,False,"[7, 12]","[0.12863730481163801, 0.09261766565516345]"
157,21,655,3,0.008564169157292854,3.5389338824233727,True,False,"[8, 12, 15]","[0.13329509566558345, 0.12514430591846196, 0.1275815089080239]"
160,9,3047,1,0.009463385598256083,3.062440430050175,True,False,[7],[0.08936204577763568]
160,20,655,1,0.011437967461461947,3.5291184188651,True,False,[7],[0.12093409339627385]
161,9,3047,1,0.010736518721041742,3.0600059496028704,True,False,[8],[0.10220361547106852]
161,20,655,1,0.012287482265706872,3.5098723128870484,True,False,[7],[0.14211968816348203]
162,10,3047,1,0.00971404415833592,3.1323683755895915,True,False,[7],[0.08338872003589984]
162,21,655,1,0.007403515048436926,3.553078830141327,True,False,[8],[0.13123214333737987]
163,22,655,1,0.01085270424908788,3.6273573829109953,True,False,[5],[0.12481809615011197]
164,22,655,1,0.01288229624119237,3.6274303095445863,True,False,[12],[0.09612077578812284]
165,10,3047,2,0.007219244116814135,3.1638945438286714,True,False,"[7, 8]","[0.08133612970294951, 0.09574926731302315]"
165,23,655,1,0.010427713602648058,3.697553655603958,True,False,[5],[0.1411005947637731]
166,10,3047,1,0.010518247120762247,3.2359147495360263,True,False,[7],[0.08344803369147377]
255,9,6065,1,0.041066116886067816,4.6350324525254045,True,False,[7],[0.0813691748564558]
256,0,6096,1,0.0588228916342858,4.6726879732944315,True,False,[7],[0.09253785545059857]
257,16,6065,1,0.03761291426084091,4.720303683301929,True,False,[7],[0.08859366930010956]
257,20,6079,1,0.07166972758817149,4.779344184250656,True,False,[7],[0.13404073549847942]
258,5,6120,1,0.07219092474465826,4.628641714853244,True,False,[7],[0.17858583194997968]
258,6,6180,1,0.03713805259074854,4.569415144813863,True,False,[7],[0.08099189999411037]
258,9,6154,1,0.04125575667831385,4.583308535528391,True,False,[7],[0.072809564165919]
258,21,6065,1,0.044621805224101634,4.8205776703919305,True,False,[7],[0.11390507822506477]
259,4,6173,1,0.07096901208597962,4.557672978846783,True,False,[5],[0.11717793406797022]
259,5,6120,1,0.07023456346983742,4.692039727344265,True,False,[7],[0.160789317662243]
260,1,6190,1,0.050073621904047676,4.8370131393541875,True,False,[5],[0.07537545138665361]
260,3,6171,1,0.07305791124684027,4.617374504208874,True,False,[7],[0.16893049777688837]
260,4,6173,1,0.048339362804121544,4.655763013097426,True,False,[7],[0.10411687200917742]
260,10,6222,1,0.054857249091244384,4.689194188177977,True,False,[7],[0.07732358182094133]
260,13,6225,1,0.05321418321127562,4.691466497296529,True,False,[5],[0.08733118396079473]
261,0,6218,1,0.08257418015068933,4.658003806702,True,False,[5],[0.17152041765155482]
261,3,6171,1,0.06918826106444165,4.681587279179656,True,False,[7],[0.15065295192014488]
261,4,6173,1,0.04879022105600106,4.753421621203133,True,False,[7],[0.09604566761732333]
261,14,6248,1,0.06521832729482824,4.632990804285546,True,False,[7],[0.09072055345565662]
261,21,6230,1,0.0453602525367126,4.739659228868431,True,False,[7],[0.10212176108629241]
262,2,6096,1,0.05946080740505905,4.752570533777033,True,False,[7],[0.10314709381671115]
262,3,6171,1,0.07139499213960294,4.747836989149569,True,False,[7],[0.14126828506831557]
262,5,6148,1,0.04669415249710333,4.76786856697511,True,False,[7],[0.13640263653053253]
262,6,6120,1,0.09070494458084441,4.652716654507643,True,False,[15],[0.1153488144121625]
262,11,6280,1,0.06594939181358125,4.7656587042820515,True,False,[7],[0.07713523584980776]
262,16,6248,1,0.05951146899304351,4.728799416187227,True,False,[5],[0.0855159575473851]
262,22,6131,1,0.038346598126699834,4.689387721994543,True,False,[7],[0.11901746084815755]
263,0,6218,1,0.08461156686704042,4.74629925316128,True,False,[5],[0.162131580999168]
263,2,6190,1,0.059942466785806975,4.918578197274938,True,False,[5],[0.19282967488586528]
263,4,6171,1,0.05660175312175601,4.829905434397618,True,False,[7],[0.09145642121369003]
263,5,6173,1,0.04691148987726874,4.8201113305558,True,False,[7],[0.12811610420853758]
263,7,6120,1,0.07843691515082868,4.73116455063894,True,False,[5],[0.14748454623295726]
263,8,6298,1,0.05550605760647991,4.6491602287352105,True,False,[7],[0.13696487261440543]
263,9,6247,1,0.05401635064041548,4.646689648611177,True,False,[7],[0.07570345915046567]
263,10,6180,1,0.045251861023226134,4.665677886576313,True,False,[7],[0.07243365560350319]
263,12,6092,1,0.042855451407271136,4.650514693103613,True,False,[7],[0.09545832923753367]
263,13,6280,1,0.05993991621361856,4.850526120618299,True,False,[5],[0.08796868927439405]
263,16,6154,1,0.03804857635797889,4.680617144550331,True,False,[7],[0.08489551264110529]
263,18,6248,1,0.0717543483763848,4.816928798091599,True,False,[5],[0.13437881606059085]
263,20,6225,1,0.058671577976625054,4.7882542462334605,True,False,[5],[0.10420551662721454]
264,2,6315,1,0.0665568650528137,4.845263654979088,True,False,[7],[0.10043999359970263]
264,3,6301,1,0.06644281730302401,4.7712636530957,True,False,[5],[0.0860315929132363]
264,6,6096,1,0.061672500868655375,4.840433920727784,True,False,[5],[0.20075640949679704]
264,7,6171,1,0.06603787895609796,4.9132517453402915,True,False,[5],[0.1406633760589564]
264,8,6173,1,0.04595584354914491,4.9158542911074425,True,False,[7],[0.12069921833697543]
264,9,6148,1,0.05282939952363913,4.85365855470511,True,False,[7],[0.07512250780374385]
264,11,6298,1,0.06087112469180669,4.706590358704643,True,False,[7],[0.07679449604950882]
264,12,6247,1,0.05530268709956457,4.734105248589085,True,False,[5],[0.10620683727650573]
264,13,6180,1,0.04720214907595941,4.705702727578589,True,False,[7],[0.09475747049245103]
264,21,6248,1,0.05912863293926322,4.928782789614167,True,False,[7],[0.09153152054912206]
264,23,6225,1,0.059506367361812626,4.846547240059424,True,False,[5],[0.1320845071189449]
265,2,6318,1,0.06839679306521695,4.871639250215982,True,False,[5],[0.17398147471672043]
265,3,6218,1,0.07517733538438841,4.8164469734432975,True,False,[5],[0.09009902539945346]
265,4,6315,1,0.06921709377115652,4.937478842082404,True,False,[7],[0.08721243019256567]
265,5,6301,1,0.0600628668651261,4.834086134349606,True,False,[7],[0.1220054626159709]
265,8,6337,1,0.09675791753693253,4.847454027410506,True,False,[5],[0.1220924322933955]
265,10,6171,1,0.06069505930280105,5.001402258493183,True,False,[7],[0.07543481656979274]
265,11,6173,1,0.049555052011163676,4.979260842844699,True,False,[7],[0.07246746702856392]
265,12,6148,1,0.055878116250177925,4.953154377495953,True,False,[5],[0.09962544077382868]
265,13,6120,1,0.07677278204152298,4.759999570059233,True,False,[7],[0.09345381059912221]
265,19,6280,1,0.06404772381612284,4.938677144694761,True,False,[7],[0.11889691880866729]
265,21,6346,1,0.0771536150507184,4.907669799533346,True,False,[7],[0.08109890507808823]
265,23,6154,1,0.03726759265333821,4.764579268466859,True,False,[7],[0.08515270150974463]
266,2,6336,1,0.08127950889994782,4.948164854408382,True,False,[5],[0.1618047292576617]
266,3,6318,1,0.07172661268445703,4.938342923661466,True,False,[7],[0.13619518250761897]
266,4,6218,1,0.06364290566467214,4.912461205222907,True,False,[7],[0.07796415996088492]
266,5,6315,1,0.08573789653777997,5.025939393088681,True,False,[5],[0.11368507393688147]
266,8,6190,1,0.04634627955619195,5.019738400237121,True,False,[7],[0.11016111891963692]
266,9,6337,1,0.09215254386244502,4.933673394899356,True,False,[5],[0.11119844662219283]
266,10,6096,1,0.06594378837367947,4.912475037788046,True,False,[7],[0.07256785246156099]
266,11,6171,1,0.06553890688590851,5.042719905738196,True,False,[7],[0.07430380026559268]
266,12,6173,1,0.041216721875807515,5.078435076296696,True,False,[7],[0.08808732789129468]
266,13,6148,1,0.05277895605489929,5.031821159599515,True,False,[5],[0.089143195756245]
266,14,6375,1,0.061697344966668476,4.859816432235446,True,False,[7],[0.07389171770264033]
266,16,6298,1,0.06168091512062641,4.7804444659216525,True,False,[5],[0.08959420178347793]
266,19,6180,1,0.04468413162902613,4.792234998053576,True,False,[7],[0.10699130517979347]
267,0,6378,1,0.05044627792325678,4.784990735663416,True,False,[7],[0.08004488469653487]
267,1,6340,1,0.04479984912093652,3.9301212767193636,True,False,[7],[0.07943599572120236]
267,2,6336,1,0.07464023542805383,5.042807986600774,True,False,[5],[0.14145749076455286]
267,4,6218,1,0.06559783102762722,4.9851710894810415,True,False,[7],[0.07888231384568392]
267,7,6301,1,0.0636730180700469,4.936498951108822,True,False,[7],[0.08570267852690766]
267,10,6337,1,0.07461225008318165,5.020499198266171,True,False,[7],[0.06168745022466703]
267,11,6096,1,0.07463996055404964,4.9376976411640685,True,False,[7],[0.08068027381249267]
267,15,6375,1,0.05897015993490078,4.9540177750091186,True,False,[5],[0.08732670930464403]
267,16,6120,1,0.1115339921373815,4.7558653861113465,True,False,[15],[0.11568968928997385]
267,17,6298,1,0.07438062879006903,4.874940393089416,True,False,[5],[0.10196561182595265]
267,18,6247,1,0.046369659779302706,4.8443834908301415,True,False,[7],[0.10143373407009751]
267,19,6369,1,0.08183838991932622,4.93585291485794,True,False,[7],[0.11862221663495486]
267,23,6280,1,0.05317453019963401,5.041932829585649,True,False,[7],[0.07847821598942038]
268,0,6378,1,0.07369223432868631,4.871866296308202,True,False,[5],[0.1639937915390413]
268,2,6336,1,0.1027897284927645,4.994632335875546,True,False,[15],[0.10001155658116534]
268,3,6318,1,0.06533800063119119,5.0164471824746055,True,False,[5],[0.09639046915221852]
268,4,6218,1,0.059804820667706024,5.078212338782405,True,False,[7],[0.06766592518735601]
268,5,6401,1,0.05249759283626292,4.816096680154329,True,False,[7],[0.10339682358441243]
268,6,6315,1,0.0898596084761514,4.977219236723032,True,False,[15],[0.1326691536863602]
268,9,6422,1,0.05874237443000427,5.117270276764186,True,False,[7],[0.08346637623302257]
268,10,6190,1,0.04954152942936361,5.112882616592253,True,False,[7],[0.06499607922254341]
268,14,6173,1,0.05114867556152801,5.164115729444254,True,False,[7],[0.07495234526349237]
268,18,6298,1,0.05569544652234158,4.980798556965702,True,False,[7],[0.10129362927665458]
268,19,6247,1,0.05568356204841594,4.946429698794551,True,False,[5],[0.11459522836714502]
268,21,6180,1,0.04204495717554487,4.897205390124864,True,False,[7],[0.07493343999913171]
268,22,6414,1,0.10293915753896825,5.0957376186958125,True,False,[5],[0.12243474647290399]
269,2,6340,1,0.05465535503327211,3.9992754382822095,True,False,[7],[0.09620664656858798]
269,6,6401,1,0.05172329443098268,4.9259929487638,True,False,[7],[0.07831914571158093]
269,7,6315,1,0.06736193925077508,5.068727505104752,True,False,[7],[0.08438580043676928]
269,8,6301,1,0.057635863006925483,5.024145178684412,True,False,[7],[0.10239201843637571]
269,10,6449,1,0.07417054744796914,4.858237237453024,True,False,[7],[0.06362524848818978]
269,13,6337,1,0.1290689178754434,5.005092871062944,True,False,[15],[0.10728697018518187]
269,14,6096,1,0.06175895084575081,5.018027797496142,True,False,[7],[0.0794928591956523]
269,17,6173,1,0.04294505216480713,5.278015034673056,True,False,[7],[0.10101559915150805]
269,18,6148,1,0.041510760396822215,5.152181277591496,True,False,[7],[0.08766856751967268]
269,20,6120,1,0.07792357795385303,4.858810041485941,True,False,[5],[0.11242007904410281]
269,22,6247,1,0.06645727684792158,5.023946047150982,True,False,[5],[0.11574763629124613]
269,23,6369,1,0.0639162687795889,5.035593630778659,True,False,[7],[0.07626086024677085]
270,1,6378,1,0.059750910528312634,4.962616004454329,True,False,[7],[0.09802872922945102]
270,2,6340,1,0.05350080296047539,4.069314971664261,True,False,[7],[0.0906076105245133]
270,3,6336,1,0.08030837126035494,5.075931665665349,True,False,[5],[0.09435750008635536]
270,4,6318,1,0.07223046745484507,5.1041533096376455,True,False,[5],[0.11294109076402632]
270,5,6218,1,0.06667732636607354,5.146002688214024,True,False,[7],[0.10998705351351784]
270,6,6401,1,0.06018934093084842,5.013998225787341,True,False,[5],[0.18795731700167542]
270,8,6301,1,0.05815394075179135,5.107103890009558,True,False,[7],[0.0997688505089719]
270,10,6449,1,0.07921243669790062,4.932685092190704,True,False,[7],[0.06813259661706692]
270,12,6190,1,0.0386009700130879,5.223964502729528,True,False,[7],[0.07892527446717872]
270,13,6337,1,0.10079328504686884,5.047806600156919,True,False,[7],[0.10503194706301097]
270,14,6096,1,0.052020185517598155,5.13967464286975,True,False,[5],[0.11876959815732169]
270,17,6173,1,0.04595633148484534,5.396305975925002,True,False,[7],[0.10044902530751268]
270,18,6148,1,0.04805888933704834,5.256912214072611,True,False,[7],[0.09429899937487475]
270,23,6247,1,0.043885238402163414,5.113014689495003,True,False,[7],[0.07045377987409292]
271,0,6501,1,0.07967400050817092,4.9712149758289375,True,False,[7],[0.0777770074074768]
271,2,6378,1,0.08518694509940224,4.890518684357506,True,False,[15],[0.10267442001274234]
271,4,6336,1,0.07280756906248455,5.158653786931471,True,False,[7],[0.07003148362570065]
271,5,6318,1,0.06500026158327016,5.1457256277964385,True,False,[7],[0.11940221816672744]
271,6,6218,1,0.06798271455993053,5.2495509411266665,True,False,[5],[0.17995283946808463]
271,7,6401,1,0.052468048055244174,5.0932638959011545,True,False,[7],[0.08429169365117159]
271,8,6499,1,0.0640787254157955,5.073263349902875,True,False,[7],[0.08254640514181788]
271,9,6315,1,0.07835235905628386,5.165531602881637,True,False,[5],[0.11305313923851157]
271,12,6449,1,0.067473411725724,5.022627931812746,True,False,[7],[0.08113645077448654]
271,15,6337,2,0.07413053735314247,5.118271261542758,True,False,"[7, 15]","[0.128694719024669, 0.115988459987109]"
271,16,6096,1,0.050593639039516226,5.244828949285345,True,False,[7],[0.07945403345862437]
271,20,6148,1,0.064833623890381,5.2897612287887625,True,False,[7],[0.13234804497728067]
271,21,6375,1,0.07068463489215766,5.034839734315435,True,False,[5],[0.10760827132494448]
271,23,6298,1,0.05869115055453656,5.056559070885515,True,False,[7],[0.07444572036430736]
272,0,6501,1,0.07213133941145848,5.038433605138186,True,False,[7],[0.0972842987693413]
272,1,6455,1,0.4985354904478041,3.88135543823992,True,False,[7],[0.08937606911933756]
272,2,6378,1,0.0891436014901367,4.8307570123815555,True,False,[15],[0.12389324377708454]
272,4,6336,1,0.08569441767843801,5.2430398767852155,True,False,[5],[0.11460119195214138]
272,5,6318,1,0.06732121050862415,5.18427987486958,True,False,[7],[0.136103425453951]
272,9,6499,1,0.0706386576905676,5.146115859482197,True,False,[7],[0.09274534502702467]
272,10,6315,1,0.08198201014967439,5.21917636732791,True,False,[7],[0.10324229984629806]
272,11,6301,1,0.0734329959973299,5.111680182276452,True,False,[7],[0.0970719920193839]
272,13,6449,1,0.09895896484380319,5.073962899580807,True,False,[7],[0.11468806703623893]
272,16,6337,1,0.07748090793188449,5.212715763922246,True,False,[7],[0.07982582999798288]
272,17,6096,1,0.05281591807132502,5.365277880296949,True,False,[7],[0.09402345418168355]
272,21,6148,1,0.04886429034276976,5.395693638099699,True,False,[7],[0.07503431211034345]
272,22,6375,1,0.07062249680625361,5.11614980845048,True,False,[5],[0.10873436457894085]
272,23,6468,1,0.23517705968745972,5.267968839773079,True,False,[7],[0.10503049619683533]
273,3,6548,1,0.06382851371559282,5.463392335037398,True,False,[5],[0.09299044385425728]
273,4,6547,1,0.09057274030648635,5.008993269492103,True,False,[7],[0.08413837074263565]
273,6,6534,1,0.05760303518320217,5.497295148597467,True,False,[7],[0.07698865717097923]
273,7,6336,1,0.06532606457791693,5.314736808599738,True,False,[7],[0.10207645803326579]
273,8,6318,1,0.06916640646843548,5.236141687225233,True,False,[5],[0.12602386679228136]
273,10,6218,1,0.0764371075945302,5.343393990953145,True,False,[5],[0.08111265993136928]
273,11,6401,1,0.07794393151177385,5.0917966848526195,True,False,[7],[0.10092040247392589]
273,13,6315,1,0.0758547251920308,5.3085066205193305,True,False,[7],[0.10029213891132532]
273,14,6301,1,0.047632559756652905,5.234232400101137,True,False,[5],[0.11191641224979493]
273,16,6449,1,0.13606411758098794,5.032404000527633,True,False,[15],[0.13377204687637706]
273,17,6422,1,0.0495312348206193,5.2377605945686705,True,False,[7],[0.09169271092396189]
273,18,6190,1,0.045762843842983625,5.330127969740399,True,False,[7],[0.09555940380205763]
273,19,6337,1,0.11625932811290345,5.169800817673122,True,False,[15],[0.17206967545846286]
273,21,6171,1,0.06320961632347508,5.118980236124315,True,False,[7],[0.07621416001192428]
273,22,6439,1,0.08342059903593212,5.011842652672601,True,False,[5],[0.12347524459821585]
274,0,6501,1,0.07056953728477741,5.114871547895486,True,False,[7],[0.1056888585522992]
274,4,6548,1,0.07253720138874073,5.533970844238758,True,False,[5],[0.1119606991769908]
274,5,6547,1,0.08248660379789294,5.072577632245846,True,False,[7],[0.14464597188781114]
274,7,6534,1,0.06763610257951143,5.570002007386753,True,False,[7],[0.11372635705163586]
274,8,6336,1,0.0792819810875555,5.367859316084725,True,False,[5],[0.1280622577275859]
274,9,6318,1,0.049716975374214545,5.329561701580139,True,False,[7],[0.08429034962609774]
274,12,6401,1,0.06721367492986013,5.1881200309513655,True,False,[5],[0.10281812612991045]
274,13,6499,3,0.06471938315167257,5.156508338035587,True,False,"[7, 10, 15]","[0.09843685076707455, 0.04666121996640669, 0.1218723824258035]"
274,14,6315,1,0.11119922097557422,5.227560795423806,True,False,[15],[0.09653153111182947]
274,20,6337,1,0.13448197595508984,5.132942447239861,True,False,[15],[0.08920203774489921]
275,1,6501,2,0.08419126139008135,5.065379810505398,True,False,"[15, 17]","[0.12762666723900915, 0.07870468504904414]"
275,2,6378,1,0.05227323051723049,4.9048414801987725,True,False,[7],[0.09577292286760103]
275,5,6547,1,0.08548798611941047,5.126428230889335,True,False,[7],[0.14603943859232246]
275,7,6534,1,0.0583108495483579,5.6675668007901905,True,False,[7],[0.09730762497238359]
275,8,6336,1,0.08617559734712954,5.420460578540316,True,False,[5],[0.13387267181275078]
275,13,6499,1,0.06030933640653467,5.255346412510863,True,False,[7],[0.09201525153382059]
275,16,6329,1,0.04712560938592839,3.887709908469774,True,False,[7],[0.07834419685117068]
275,18,6422,1,0.049405440187876286,5.3358134088732925,True,False,[7],[0.10399591058555324]
275,20,6337,1,0.1302218246715469,5.076049336535624,True,False,[15],[0.10253630140160026]
275,22,6171,1,0.059747787249559065,5.218069711282844,True,False,[7],[0.10906593141119102]
275,23,6439,1,0.1014978373886472,5.023517704937301,True,False,[7],[0.13591385722979368]
276,2,6378,1,0.0641003519925082,4.941583757825158,True,False,[7],[0.10701717861861784]
276,3,6548,1,0.06521095939532029,5.615990401540153,True,False,[5],[0.08959485012488588]
276,5,6340,1,0.06441660032832376,4.12665763827427,True,False,[7],[0.13461217754674537]
276,7,6336,1,0.0768576037104651,5.522089430633657,True,False,[5],[0.13383119658646134]
276,8,6534,1,0.08644466345605305,5.69368064800758,True,False,[5],[0.13642815552601423]
276,9,6318,1,0.07307783956362876,5.442958552852783,True,False,[5],[0.11205091570829108]
276,10,6523,1,0.06166999453429365,5.507818753453479,True,False,[5],[0.06884589593038815]
276,11,6218,1,0.08856480477660827,5.363168489048841,True,False,[7],[0.10030735957757676]
276,13,6499,1,0.07684076635901067,5.309237239426246,True,False,[5],[0.09404313550032621]
276,15,6301,1,0.05747776773152738,5.35295576119476,True,False,[7],[0.11809491352782385]
276,17,6449,1,0.09105115827626868,5.139321506745852,True,False,[5],[0.11832402407104108]
276,18,6422,1,0.09163008896093291,5.307881710386107,True,False,[15],[0.10860842948940444]
276,21,6190,1,0.0594924902076582,5.424971799503897,True,False,[5],[0.10985086094079559]
276,23,6439,1,0.0724614201576105,5.089074661240554,True,False,[7],[0.11291091126951744]
277,1,6378,1,0.08520282553760622,4.85380677023775,True,False,[15],[0.14649732553431305]
277,2,6548,1,0.06359913500419792,5.728649725478527,True,False,[5],[0.13773927743119663]
277,3,6340,1,0.05796705478251666,4.214879927424537,True,False,[7],[0.12014322372561274]
277,6,6561,1,0.07126108863720391,5.509783218782494,True,False,[5],[0.18245144291352]
277,7,6534,1,0.09365510410919113,5.665798233863196,True,False,[15],[0.16790595727082727]
277,8,6336,1,0.0807011102611156,5.539982890489173,True,False,[5],[0.14385946942147892]
277,9,6318,1,0.07261346518281847,5.5477373406284105,True,False,[5],[0.12197582361763783]
277,10,6523,1,0.07179088792931806,5.5488131854271465,True,False,[7],[0.11703749545718307]
277,11,6218,1,0.10539404845947614,5.381758348748115,True,False,[15],[0.0751362860982154]
277,12,6401,1,0.06832606120868533,5.297519367017338,True,False,[5],[0.10199025057505602]
277,15,6301,1,0.06015498127000008,5.457205679644561,True,False,[7],[0.13204659171918068]
277,17,6449,1,0.08907126050578587,5.2241870191561866,True,False,[5],[0.13087002808779002]
277,18,6422,1,0.0646106697634096,5.378928505645231,True,False,[7],[0.12877051695336594]
277,20,6337,1,0.11003809673016575,5.094852597565796,True,False,[7],[0.13870116424158005]
277,22,6096,1,0.06334399089326859,5.4697111816039525,True,False,[7],[0.10461691766012951]
277,23,6439,1,0.06638913486671506,5.173511461460082,True,False,[7],[0.1015629900601937]
278,2,6378,1,0.063833160797777,4.845863140855951,True,False,[8],[0.17875484089654148]
278,3,6548,1,0.06653617733891329,5.805313068105191,True,False,[5],[0.09016243962808775]
278,4,6501,1,0.10003256083281566,5.0961370774132995,True,False,[5],[0.12686005993250427]
278,5,6336,1,0.07176219033555843,5.582760174752933,True,False,[7],[0.14787818280352838]
278,7,6547,1,0.08403601393912764,5.206783805563127,True,False,[7],[0.09559007771929609]
278,8,6318,1,0.050050351121500636,5.655286071374736,True,False,[7],[0.08264754194797862]
278,10,6534,1,0.07724201279989246,5.713518511678449,True,False,[7],[0.10442309874028385]
278,12,6315,1,0.058343371226626195,5.340064923701668,True,False,[7],[0.07320823238075627]
278,13,6401,1,0.06902630214415734,5.348252034590952,True,False,[5],[0.10565715723374274]
278,14,6499,1,0.07363675414662493,5.401144639591001,True,False,[7],[0.07444859512583575]
278,15,6301,1,0.05366796432696063,5.551744707533754,True,False,[5],[0.10044264702096056]
278,17,6449,1,0.06750830313887281,5.350805162439123,True,False,[7],[0.11039492543523848]
278,18,6422,1,0.06810124678898015,5.3724652310115495,True,False,[8],[0.15876106364109835]
278,23,6439,1,0.06791337314094052,5.173565149708823,True,False,[8],[0.1382657990421261]
279,2,6336,1,0.0736734506206974,5.693021531407445,True,False,[5],[0.13300775066121356]
279,6,6561,1,0.07660811825802023,5.632617879668979,True,False,[5],[0.17063766843175968]
279,7,6501,1,0.09306813402519598,5.096863766635359,True,False,[8],[0.16447130552114672]
279,8,6547,2,0.08741465490089415,5.234214409358633,True,False,"[7, 15]","[0.08641832848315319, 0.17101832786472748]"
279,9,6523,1,0.07165614516563176,5.595914775643347,True,False,[7],[0.10319073339260569]
279,10,6499,1,0.09124600642616408,5.513169389485931,True,False,[5],[0.07562895358477698]
279,11,6315,1,0.08402514238518635,5.444773846196185,True,False,[5],[0.13465140612956383]
279,13,6401,1,0.054685471937965156,5.44957235990991,True,False,[7],[0.08833447340604393]
279,14,6218,1,0.08044431990142359,5.469324166937157,True,False,[7],[0.07324669584613518]
279,15,6329,1,0.048275160519034625,3.9465754560977993,True,False,[5],[0.09387814942605488]
279,16,6301,1,0.056448574102101294,5.656742623939312,True,False,[5],[0.08067340839799937]
279,18,6449,1,0.08800744608858273,5.423557236092944,True,False,[7],[0.12092053727450569]
279,20,6337,2,0.07599987010380653,5.097518862557415,True,False,"[7, 15]","[0.13121759599923583, 0.11822220663422037]"
279,21,6600,1,0.40280893819276864,4.538940965351617,True,False,[7],[0.07032732803876245]
279,22,6190,1,0.05151169841791402,5.516936301231815,True,False,[5],[0.11931937066726526]
279,23,6096,1,0.08868313712014758,5.419529321331032,True,False,[15],[0.16392440489917312]
280,1,6340,1,0.05532125008835445,4.285323050104331,True,False,[7],[0.09015075119488337]
280,2,6336,1,0.0666182473976957,5.775016526840828,True,False,[7],[0.10681875829240058]
280,3,6378,1,0.07990852715398063,4.837195939300472,True,False,[15],[0.17104250330062967]
280,5,6499,1,0.062087343547658665,5.599920244919275,True,False,[7],[0.12224887140339542]
280,6,6318,1,0.0593890371392309,5.790872147945444,True,False,[5],[0.14216629191058738]
280,8,6501,1,0.10343617223795133,5.094608992589389,True,False,[5],[0.1547232546748966]
280,9,6547,1,0.08321988574346971,5.343253889060227,True,False,[5],[0.10245911145652332]
280,11,6561,1,0.08607946382783023,5.730601269012543,True,False,[5],[0.12496901315072888]
280,15,6534,1,0.06947172892249799,5.828944385085121,True,False,[7],[0.1192480499922177]
280,16,6422,1,0.056358006358955055,5.472801161040358,True,False,[7],[0.09005363957493075]
280,17,6301,1,0.04932166112679989,5.795571202032436,True,False,[7],[0.10077152698506624]
280,18,6337,1,0.09501239770738953,5.195835592517958,True,False,[5],[0.12078181231136353]
280,19,6449,1,0.0899950737232919,5.489481543785239,True,False,[7],[0.12333512537563476]
280,21,6600,1,0.04257267502353378,4.621386817831335,True,False,[7],[0.0625466175752637]
280,23,6096,1,0.048819090321918175,5.518420694702231,True,False,[7],[0.0992462449700501]
281,1,6340,1,0.04932011336658688,4.372593484812319,True,False,[5],[0.07080004034708806]
281,3,6378,1,0.061193285887090894,4.908465558197953,True,False,[5],[0.0810636133402169]
281,5,6499,1,0.07566672747520828,5.650211050785333,True,False,[7],[0.1380625410134144]
281,6,6318,1,0.05062311583420848,5.929625635812402,True,False,[7],[0.07456792071108406]
281,7,6315,1,0.05428374996860093,5.547987774521718,True,False,[7],[0.09212743044078064]
281,8,6523,1,0.06926075985848246,5.707999246699795,True,False,[7],[0.08572806929431696]
281,10,6547,2,0.07900370654868441,5.363992763941089,True,False,"[7, 8]","[0.10226847736989486, 0.11999475895155086]"
281,11,6422,1,0.08461262419291436,5.442231444936066,True,False,[15],[0.09766346148176072]
281,14,6218,1,0.07698486955986993,5.53588500135736,True,False,[7],[0.06886798437932168]
281,20,6337,1,0.11898002361996889,5.153565447993166,True,False,[15],[0.1387421219111454]
281,21,6449,1,0.12613421590899226,5.381689931026881,True,False,[15],[0.1583227909645878]
281,22,6600,1,0.04115838237467167,4.718131392749925,True,False,[7],[0.10457667628616453]
282,2,6336,1,0.06839288447915644,5.855075797801401,True,False,[7],[0.12027407021813137]
282,3,6378,2,0.06124221398386737,4.949275422319089,True,False,"[7, 15]","[0.1205448687833771, 0.17883341443929643]"
282,4,6548,1,0.07368293622041304,5.84845737572591,True,False,[5],[0.13449484365596864]
282,5,6422,1,0.07399369650462444,5.545277216839468,True,False,[5],[0.12248783797405177]
282,6,6315,1,0.06847364461212745,5.680518290098693,True,False,[5],[0.13734387800064027]
282,7,6499,1,0.06158203084146836,5.739470953866867,True,False,[7],[0.10416486672524164]
282,9,6329,1,0.060476751564590654,3.9978265645413256,True,False,[5],[0.10174912344276056]
282,10,6501,1,0.0839407562488321,5.195388424261181,True,False,[5],[0.07558513524674122]
282,12,6756,1,0.07971890917844233,5.837654020355406,True,False,[7],[0.09777354754122662]
282,13,6523,1,0.05545388950249144,5.828782279191394,True,False,[7],[0.08314456783771153]
282,15,6218,1,0.05834689958533248,5.643818646262991,True,False,[5],[0.10039381799036629]
282,16,6561,1,0.06267754706324524,5.827733440672039,True,False,[5],[0.10063822910214863]
282,17,6301,1,0.049327635874027956,5.93084687842323,True,False,[7],[0.09468452656639058]
282,18,6534,1,0.06766058409608865,5.9215928384799446,True,False,[7],[0.11729873027555232]
282,20,6759,1,0.27730391825665995,4.051397529086372,True,False,[7],[0.11838914323275802]
282,22,6337,2,0.0773099763197931,5.2088586139663935,True,False,"[7, 15]","[0.09981385009063543, 0.12371197301768387]"
283,0,6455,1,0.04281105814967674,3.944277878196916,True,False,[5],[0.149017271910021]
283,1,6340,1,0.05946494262226734,4.437949254409852,True,False,[7],[0.093884583438603]
283,2,6422,1,0.05841485552310549,5.654866573079421,True,False,[5],[0.12616581822739345]
283,3,6336,1,0.0870840949826249,5.959046937390876,True,False,[7],[0.12544962782700175]
283,5,6548,1,0.07187220404284629,5.961368515709843,True,False,[5],[0.10960742185149373]
283,6,6378,1,0.08317024386380717,4.871321113157667,True,False,[15],[0.1348561289164712]
283,9,6499,1,0.10856141027810863,5.747394218206128,True,False,[7],[0.1358868067187551]
283,10,6318,1,0.05577009843441326,6.061634808116714,True,False,[5],[0.08352431815496318]
283,11,6523,2,0.06625274306917658,5.861581140722111,True,False,"[7, 15]","[0.08775910078603531, 0.12531590895414838]"
283,12,6501,1,0.09501650141273732,5.274714834317701,True,False,[7],[0.10665161149292936]
283,13,6547,1,0.13518954640446032,5.31803479502557,True,False,[15],[0.15678004933917994]
283,14,6561,1,0.10661527170229886,5.729654635934962,True,False,[15],[0.13721067047911142]
283,15,6401,2,0.055871225241545926,5.510880704880962,True,False,"[7, 8]","[0.1182288042265003, 0.13896127368059977]"
283,16,6688,1,0.12367119681270143,4.0072580871318415,True,False,[7],[0.0842812031886315]
283,17,6218,1,0.08420621338590367,5.74021192363355,True,False,[5],[0.14301170236034538]
283,18,6740,1,0.3664889366877964,4.049254871540146,True,False,[5],[0.11460041377586734]
283,20,6534,1,0.10077313015928768,5.851760727635008,True,False,[15],[0.14304286942014205]
283,21,6337,1,0.12279256774772544,5.116704186800939,True,False,[15],[0.1677321726743752]
283,22,6759,1,0.038587792251245354,4.1488253273852065,True,False,[7],[0.09028086054095842]
284,3,6756,1,0.11525249730717693,5.80304166710963,True,False,[15],[0.20179161116995914]
284,4,6336,1,0.08788924307495664,6.031280128972504,True,False,[7],[0.09848798076859734]
284,5,6378,1,0.0716848476920056,4.941475406485308,True,False,[5],[0.11602556656322736]
284,7,6499,1,0.06291114342451821,5.851495913025145,True,False,[7],[0.09964760768727919]
284,9,6315,1,0.09927541346189311,5.705808721188801,True,False,[7],[0.11886660589127654]
284,11,6501,1,0.0966174808730402,5.3819075050112986,True,False,[7],[0.08681033421046391]
284,12,6318,1,0.0849610803856146,5.997388854230273,True,False,[15],[0.09837831169957972]
284,14,6547,1,0.06678481045911747,5.439896130053598,True,False,[5],[0.1247595738132224]
284,17,6218,2,0.07160110798938607,5.818748420523299,True,False,"[7, 8]","[0.09586824711029872, 0.16897776305672713]"
284,19,6799,1,0.12482687856098926,5.765155943262989,True,False,[7],[0.13777870656563165]
284,20,6401,1,0.06523123281859705,5.566400093655135,True,False,[7],[0.1497729688886814]
284,21,6301,1,0.09366097009182774,5.797804585343515,True,False,[15],[0.18615074445339735]
285,0,6756,1,0.06225073760847916,5.90655448899313,True,False,[7],[0.12769230958350486]
285,4,6336,1,0.08563130558496647,6.089416979548884,True,False,[5],[0.1445729943677206]
285,6,6378,1,0.06530712208895742,5.014602450481362,True,False,[7],[0.08720153800632204]
285,8,6499,1,0.08001376327947374,5.973065918308163,True,False,[7],[0.08181070994485541]
285,9,6315,1,0.08927203950266506,5.737950438514595,True,False,[7],[0.11726572549159864]
285,12,6318,1,0.0636712697025599,6.069045508267352,True,False,[7],[0.11521451411375502]
285,13,6337,1,0.08569928253688518,5.176079673606643,True,False,[7],[0.12668111943246307]
285,14,6822,1,0.13759290232154434,6.062309535514627,True,False,[7],[0.07393635433883124]
285,15,6547,1,0.11656205728736686,5.435128711681842,True,False,[17],[0.07137962346326705]
285,16,6523,1,0.05923605177233023,5.972677660133509,True,False,[7],[0.08684741619371758]
285,17,6688,1,0.05091678271675172,4.081413250306283,True,False,[7],[0.09064530803156744]
285,18,6218,1,0.10162535498445079,5.753443339899302,True,False,[15],[0.1057562163545978]
285,19,6561,1,0.08189319624238156,5.774903772036702,True,False,[7],[0.12257393125488547]
285,20,6799,1,0.07062521399552128,5.814871432397369,True,False,[7],[0.15525556786085806]
285,21,6401,1,0.060715020887915465,5.667968258932266,True,False,[5],[0.10038900536207229]
285,23,6534,1,0.061283696921756475,5.950200461676226,True,False,[7],[0.10419378006174641]
286,0,6756,1,0.06423191239975738,5.999440540028474,True,False,[7],[0.13225221761161923]
286,5,6336,1,0.08040427587248992,6.201054131791434,True,False,[5],[0.10925388819359208]
286,6,6822,1,0.05864426300699768,6.200590465496273,True,False,[5],[0.1235317018646064]
286,7,6378,1,0.056469570814338635,5.102984171328878,True,False,[7],[0.09410353886724299]
286,8,6548,1,0.08236298173275283,5.958326478354414,True,False,[5],[0.16261595449962546]
286,9,6499,1,0.10519704422006132,5.989118993479246,True,False,[7],[0.12833978754077868]
286,10,6315,1,0.0699623512218502,5.829039016829134,True,False,[7],[0.11638020861502213]
286,11,6329,1,0.05470833633575295,4.065362849034256,True,False,[5],[0.1129589220751473]
286,12,6501,1,0.0696133531627728,5.514616219864841,True,False,[5],[0.10775254267103343]
286,13,6318,1,0.07794455554772013,6.066603370016889,True,False,[8],[0.14797521218259171]
286,14,6337,2,0.054977698146756036,5.227339881202633,True,False,"[7, 8]","[0.06729967274019746, 0.15930964225924288]"
286,15,6523,1,0.05632212275732714,6.108199929170119,True,False,[7],[0.12376875899010055]
286,16,6547,1,0.11393739027991762,5.452042755213123,True,False,[7],[0.14492025937043684]
286,17,6850,1,0.17997559705275082,4.116062329107596,True,False,[7],[0.08214772011838545]
286,18,6561,1,0.07941522174997312,5.855084808595544,True,False,[5],[0.13395187079997042]
286,20,6218,1,0.07622439197857672,5.800137538925501,True,False,[7],[0.15708896302560765]
286,21,6799,1,0.07225643259530744,5.8854036555508165,True,False,[5],[0.11789963525075565]
286,22,6401,1,0.05208646532764482,5.774431792038919,True,False,[5],[0.11052008337092073]
287,2,6340,1,0.057951760013758395,4.513871007419236,True,False,[5],[0.11801269072614755]
287,3,6422,1,0.06338631131619218,5.762122026062508,True,False,[7],[0.10500593734102273]
287,6,6822,1,0.0594043819170935,6.278486667065992,True,False,[7],[0.08838118168830653]
287,7,6378,2,0.04783196597715635,5.152731906976951,True,False,"[7, 15]","[0.09084257641079904, 0.16418805728810337]"
287,8,6548,1,0.07307408476323761,6.0780418082661845,True,False,[7],[0.08630039287830038]
287,9,6499,1,0.1090989582642016,6.01608053439944,True,False,[7],[0.14067631755937213]
287,10,6315,1,0.06936922811234637,5.9417482599480245,True,False,[5],[0.09737233397159278]
287,12,6501,1,0.08483234338119354,5.617893037516721,True,False,[7],[0.10575074498245955]
287,14,6337,1,0.07251445177235775,5.313421801880489,True,False,[7],[0.0904510559495531]
287,15,6523,1,0.048855234447835294,6.223888997348496,True,False,[5],[0.1117269237831575]
287,16,6547,1,0.09970654763958377,5.5006149089041205,True,False,[7],[0.16195608166411135]
287,19,6561,1,0.08806038270897527,5.85315402052585,True,False,[8],[0.16522634609992545]
287,21,6218,1,0.08239110310960077,5.805208899656247,True,False,[8],[0.15687764243010163]
287,22,6799,1,0.062042523766909635,5.979630660007224,True,False,[5],[0.12232536343481627]
287,23,6401,1,0.07194115861675394,5.856718195135696,True,False,[5],[0.1306176509081512]
288,0,6756,1,0.06491447207854127,6.113844726609588,True,False,[7],[0.1435055958866958]
288,3,6422,1,0.08131336408706652,5.7042310304192245,True,False,[15],[0.19402008158716977]
288,5,6336,1,0.06652374506016909,6.276256197308835,True,False,[7],[0.12540745779715476]
288,7,6378,1,0.05267145933237334,5.255359508013849,True,False,[7],[0.09237389280383516]
288,8,6548,1,0.06042669922368557,6.2120939078137,True,False,[7],[0.0725462346758926]
288,9,6822,1,0.0899972615440666,6.325914218871546,True,False,[7],[0.12787833200329582]
288,10,6499,1,0.07954578199894607,6.096237627848318,True,False,[5],[0.10934750786149378]
288,11,6315,1,0.07857520014250115,6.075365373921001,True,False,[5],[0.10489719286313898]
288,13,6501,1,0.08504136208410137,5.699862696245079,True,False,[5],[0.09380577461810786]
288,14,6318,1,0.055490714136569044,6.1629985785370405,True,False,[7],[0.09684923659804762]
288,15,6337,1,0.0734181577732811,5.426700370284317,True,False,[7],[0.1235766331220812]
288,16,6523,1,0.05716464396884965,6.318588490577125,True,False,[5],[0.10418766892885216]
288,17,6547,1,0.12129220270059009,5.503992998217284,True,False,[8],[0.19014102253155724]
288,18,6850,1,0.05526451862004865,4.1645391179740425,True,False,[5],[0.11615866839517182]
288,20,6561,1,0.07907961490595874,5.978640375156173,True,False,[5],[0.12033674387947588]
288,22,6218,1,0.09796728855443254,5.782592151105393,True,False,[15],[0.14298660121429588]
289,3,6422,2,0.06249111609229881,5.697149654942899,True,False,"[8, 15]","[0.16088425997215527, 0.21647867878274873]"
289,7,6378,1,0.05405803028570245,5.362491962892755,True,False,[7],[0.10791602285404785]
289,9,6822,1,0.08663105914259997,6.367755511340463,True,False,[7],[0.11624043051255904]
289,10,6499,1,0.07076162729034026,6.212111078576121,True,False,[7],[0.09680158269720787]
289,11,6315,1,0.07248747174095105,6.170537971251836,True,False,[7],[0.08410819900802198]
289,13,6501,1,0.1222553224894484,5.68535451963437,True,False,[17],[0.09678851595403448]
289,14,6318,1,0.05343374140567034,6.25983890382537,True,False,[7],[0.10758011698670304]
289,15,6337,1,0.06824021745855183,5.538244318603811,True,False,[7],[0.12646699328028]
289,16,6523,1,0.06501123688552576,6.384953749487942,True,False,[7],[0.15302120474620132]
289,17,6547,1,0.10016206898976031,5.577854071218387,True,False,[5],[0.15501318371359424]
289,18,6850,1,0.048908239316736164,4.230719485894916,True,False,[7],[0.10517030688446277]
289,19,6868,1,0.506642248017562,4.3560863602107505,True,False,[7],[0.111044334877058]
289,20,6561,1,0.08332445040163795,6.105118432473328,True,False,[5],[0.13262180559752926]
289,21,6688,1,0.05064020285232475,4.136686825616757,True,False,[7],[0.062080487558139566]
289,22,6916,1,0.31421202109132534,4.331629123954812,True,False,[5],[0.11294982191860642]
289,23,6218,1,0.06879590343938086,5.858895017996798,True,False,[7],[0.1101894261742549]
290,0,6756,1,0.10229676046897121,6.22493541988933,True,False,[5],[0.15694308309892552]
290,3,6422,1,0.06116898793997716,5.790641081704,True,False,[5],[0.09801801368453314]
290,7,6378,1,0.07467027166744088,5.361102093636611,True,False,[15],[0.1814754042781337]
290,8,6548,1,0.08132614832576353,6.233187687924803,True,False,[5],[0.1475203119696574]
290,10,6499,1,0.07619532694771708,6.2920706176855745,True,False,[5],[0.11595833823769008]
290,13,6501,1,0.0985377087139012,5.716821460264893,True,False,[7],[0.16487331531064786]
290,14,6318,1,0.050891288711871,6.3947818662525036,True,False,[5],[0.12254593666305076]
290,15,6944,1,0.06783947542550305,6.339983261438179,True,False,[7],[0.12216283445627846]
290,16,6337,1,0.07378161587243504,5.646569308842482,True,False,[5],[0.09893015783458607]
290,17,6523,1,0.07263030700668771,6.455707299248923,True,False,[5],[0.14438858090335263]
290,18,6547,1,0.0823020298372229,5.644583856340088,True,False,[7],[0.10559561872552328]
290,19,6850,1,0.053117794012770156,4.294577024056404,True,False,[7],[0.09000598107052074]
290,20,6868,1,0.05997123547932567,4.429363551272491,True,False,[5],[0.12571573920546664]
290,21,6561,1,0.07363953004024175,6.179085280555182,True,False,[5],[0.11792014955610396]
291,0,6756,1,0.06807243243310533,6.347529963392069,True,False,[7],[0.14509836476348845]
291,3,6422,1,0.06666058870360961,5.899019376588563,True,False,[5],[0.0974853812176571]
291,7,6378,1,0.05314168105362758,5.462347193825581,True,False,[7],[0.107301381849247]
291,8,6548,1,0.07876197513815342,6.269925546861071,True,False,[5],[0.13203449851921203]
291,9,6822,1,0.0931409167582018,6.367383691915051,True,False,[7],[0.1340814936793347]
291,10,6499,1,0.07204837762406938,6.387481875278589,True,False,[7],[0.12281307832564586]
291,11,6969,1,0.10291132412966403,6.484206376854009,True,False,[7],[0.08314695793704165]
291,14,6501,1,0.06837475675364875,5.814178204208139,True,False,[7],[0.12259548979309655]
291,17,6337,1,0.08899298627767913,5.7314900295893185,True,False,[7],[0.0956701339446848]
291,22,6561,1,0.06051986631412886,6.282256543795091,True,False,[5],[0.10845087019063879]
291,23,6916,1,0.05040065691067545,4.382418872558948,True,False,[7],[0.10410703435959595]
292,0,6756,1,0.09961257381428824,6.443844833406313,True,False,[5],[0.16502611116773774]
292,2,6997,1,0.07004760346171462,4.109533662920313,True,False,[7],[0.11401045163983886]
292,6,6336,1,0.06272465288338078,6.369787953904587,True,False,[7],[0.07428776599480677]
292,9,6548,1,0.06468967870922006,6.394724509855348,True,False,[5],[0.10156776246078188]
292,10,6822,1,0.053539009526693104,6.478263716629885,True,False,[7],[0.10595215533696604]
292,12,6969,1,0.08611419858617941,6.566658659312316,True,False,[7],[0.13644568415823974]
292,13,6315,1,0.09194477216682413,6.17947539549421,True,False,[8],[0.15631578119381154]
292,16,6318,1,0.07146946955211675,6.426526301239075,True,False,[7],[0.1663612931524638]
292,17,6944,1,0.073325890868049,6.444598655166897,True,False,[7],[0.09795706038456702]
292,18,6337,1,0.11602786713491968,5.639105273998246,True,False,[15],[0.11413839455923659]
292,20,6547,1,0.09487183383337854,5.659021838683883,True,False,[8],[0.17051769813013382]
292,21,6850,1,0.052175664465482816,4.348539921615401,True,False,[5],[0.10676277014920221]
292,23,6561,1,0.10406406911527882,6.204361591177661,True,False,[15],[0.19317775302290494]
293,0,6756,1,0.08206568109061471,6.544763292772933,True,False,[7],[0.17473126854132387]
293,3,6340,1,0.06164906197163964,4.573797497851271,True,False,[5],[0.09748901512099903]
293,5,6740,1,0.05084425551563015,4.100055939755216,True,False,[7],[0.12177871697965]
293,6,6336,1,0.06739781064089886,6.511127290636988,True,False,[5],[0.12492918765752407]
293,8,6378,2,0.05933697835490079,5.516384824584194,True,False,"[7, 15]","[0.07131487604408704, 0.16919613441620704]"
293,9,6548,1,0.09259785085138263,6.393383346412247,True,False,[7],[0.14421579210343544]
293,10,6822,1,0.05750958975929111,6.563483429901733,True,False,[7],[0.1106236313457288]
293,11,6499,1,0.10816433354488748,6.315395464954604,True,False,[15],[0.14145772347714639]
293,12,6969,1,0.10259398327766765,6.438045629099282,True,False,[15],[0.11488820273758311]
293,14,6315,1,0.06210828921952722,6.283050799586621,True,False,[7],[0.14367157800657815]
293,16,6501,1,0.1120010170958388,5.810494828265442,True,False,[7],[0.1921217382408026]
293,18,6944,1,0.08259019983713241,6.487686586751001,True,False,[7],[0.11787414353605484]
293,19,6337,1,0.11705538774387991,5.572122541479953,True,False,[15],[0.16075069693388713]
293,20,6523,1,0.07063636596884594,6.571510989689529,True,False,[5],[0.1291875701094002]
293,21,6547,2,0.054965020911315374,5.712119893153291,True,False,"[7, 8]","[0.076437397590835, 0.16198813037574875]"
293,23,6561,1,0.08617680301436285,6.317152277521784,True,False,[5],[0.12642642939004203]
294,2,6997,1,0.04656684048987592,4.173138876944123,True,False,[7],[0.10213076783140114]
294,4,6422,1,0.06171713542861613,5.997651549256276,True,False,[7],[0.09194333194661551]
294,5,6740,1,0.05702973655662851,4.125744934559098,True,False,[5],[0.11500950611932813]
294,6,6336,1,0.05722340619606584,6.622060957669877,True,False,[7],[0.07932841373305892]
294,7,6906,1,0.2419272135404497,4.70946084547553,True,False,[7],[0.10488676542188453]
294,8,6378,1,0.0518051597641409,5.641343166457794,True,False,[7],[0.08359028586930273]
294,11,6499,1,0.06387706500563918,6.431517853743594,True,False,[7],[0.09171513746415018]
294,14,6315,1,0.062429267943473074,6.415309676156101,True,False,[5],[0.11636545545912773]
294,16,6501,1,0.1251028041878219,5.752089677506906,True,False,[15],[0.16222726437495452]
294,18,6944,1,0.07889179913486224,6.603885382141594,True,False,[5],[0.11474294346571294]
294,19,6337,1,0.0894716360914954,5.626824958469107,True,False,[7],[0.09870606130670213]
294,21,6547,3,0.07558315186381857,5.71715828271901,True,False,"[7, 8, 15]","[0.09414978256290882, 0.17991498593635064, 0.22401213672467418]"
294,23,6561,1,0.06405281699573633,6.453080051364137,True,False,[5],[0.1116828855091693]
295,0,6756,1,0.13242991994380895,6.446593945867547,True,False,[15],[0.2549443651031823]
295,4,6422,1,0.06939592150737574,6.079836005670607,True,False,[7],[0.10372204857090407]
295,5,6740,1,0.0510346671710757,4.180151528234698,True,False,[7],[0.11223015303351008]
295,6,6336,1,0.0739127082813613,6.607805895309114,True,False,[16],[0.2103303666404306]
295,8,6378,1,0.046425500216586105,5.739781037909009,True,False,[7],[0.0927597244832432]
295,12,6499,1,0.04873412498594398,6.587470615067712,True,False,[5],[0.11104137340677536]
295,13,6969,1,0.07807212305978216,6.523410236225538,True,False,[5],[0.10423237604996186]
295,14,7011,1,0.1108536225674182,4.639889480441218,True,False,[7],[0.13021564826153115]
295,15,6315,3,0.06062604271294566,6.496511154667503,True,False,"[7, 8, 15]","[0.11033945966222304, 0.14534353488701737, 0.12923346054216195]"
295,16,6329,1,0.05823964559626942,4.098676795582982,True,False,[7],[0.1748156923318854]
295,17,6822,1,0.05842559372350347,6.677074614815187,True,False,[7],[0.09626480254484904]
295,18,6501,1,0.07708884954472117,5.8374846572061365,True,False,[7],[0.11381630904750184]
295,19,6318,1,0.06211415757799196,6.575480368402062,True,False,[5],[0.10703130974093235]
295,20,6944,1,0.08013594316598184,6.715871941428616,True,False,[5],[0.12450169210036499]
295,21,6337,1,0.11396353581138781,5.51234580098964,True,False,[15],[0.2084637238509486]
295,22,6523,1,0.06356780762332163,6.710078021236208,True,False,[7],[0.10468339515226215]
295,23,6561,1,0.08775603698440335,6.503660022389661,True,False,[7],[0.14560661241956058]
296,0,6756,2,0.12068149851701737,6.325483800642446,True,False,"[10, 15]","[0.09633639645613594, 0.309192282610296]"
296,4,6422,1,0.06354668659190112,6.174767392794165,True,False,[7],[0.09390603346047184]
296,5,6740,1,0.04755472460879076,4.237886299977557,True,False,[7],[0.10606987883743361]
296,7,7076,1,0.10575123739298475,6.676318332765525,True,False,[7],[0.11236069426295926]
296,8,6378,1,0.077459616429617,5.813540522236573,True,False,[5],[0.11949065146200807]
296,9,6548,1,0.06462675575197156,6.515110191672315,True,False,[5],[0.09347402598051074]
296,11,7059,1,0.23252851049955706,4.666077259052319,True,False,[7],[0.08285846043025952]
296,12,6499,1,0.11352051783104886,6.4485438298783375,True,False,[15],[0.13840454098154345]
296,13,6969,1,0.07929054267214465,6.595163090947638,True,False,[5],[0.10251473058706931]
296,15,6315,1,0.07447710407783562,6.509264260934477,True,False,[8],[0.17227096516920581]
296,17,6822,1,0.0659666199933889,6.78940441644939,True,False,[5],[0.12843039719183147]
296,18,6501,2,0.07169543610752391,5.871526976687309,True,False,"[7, 17]","[0.14174719122895965, 0.13382487036572516]"
296,19,6318,1,0.07364151194316244,6.584247116845187,True,False,[8],[0.1696115845463168]
296,20,6944,1,0.06897758252247291,6.8007660749264724,True,False,[7],[0.14620917669939792]
296,21,6337,1,0.12705875560672675,5.384347249972184,True,False,[15],[0.2039424023660634]
296,22,6523,1,0.06524003445030238,6.857145871028728,True,False,[7],[0.09910422943195232]
296,23,6561,1,0.08536867229442766,6.554788993379901,True,False,[7],[0.13922090353844296]
297,2,6997,1,0.05013010891129415,4.237111588202793,True,False,[5],[0.11297782653908349]
297,4,6422,1,0.06815978624995594,6.244684620545851,True,False,[5],[0.12560550813030458]
297,6,6336,1,0.0661311930026177,6.711081828747195,True,False,[7],[0.09615012228594273]
297,7,7076,2,0.0544113126633816,6.728860138272995,True,False,"[7, 15]","[0.10465911643473365, 0.18464288199924953]"
297,9,6548,1,0.05733251385480562,6.638981240715167,True,False,[5],[0.09966323404388311]
297,10,6906,1,0.04737041637356861,4.7670539100922165,True,False,[7],[0.0996307814735695]
297,11,7059,1,0.04550005224601658,4.772852581230812,True,False,[7],[0.07291490755868817]
297,15,6315,1,0.06324818700796575,6.659793696382688,True,False,[7],[0.10652233095175216]
297,17,6822,1,0.06277386207064976,6.910228815019934,True,False,[5],[0.11770352218707765]
297,18,6501,1,0.09360264140735214,5.871293756064152,True,False,[17],[0.1376345594258858]
297,19,6318,1,0.06175532939278206,6.664603731889933,True,False,[7],[0.10314568102986077]
297,20,6944,1,0.06486359623387407,6.905812894138495,True,False,[7],[0.1260722978713218]
297,21,6337,1,0.08803562156324717,5.452580849398582,True,False,[5],[0.11452024757878558]
297,22,6523,1,0.06102368626442503,7.012110694210727,True,False,[7],[0.09856650919199068]
297,23,6561,1,0.08381521023959336,6.59162541830821,True,False,[7],[0.13633359978643367]
298,0,6756,1,0.07646569487438278,6.401334323720418,True,False,[7],[0.18788103381962795]
298,4,6422,1,0.055079323151838284,6.354347673491566,True,False,[7],[0.08265816403471567]
298,6,6336,1,0.08528425956592965,6.745316145274055,True,False,[7],[0.13400107819388535]
298,7,7076,1,0.061652836108668924,6.854219766158323,True,False,[5],[0.12839802414425494]
298,8,7131,1,0.37837169412032556,4.763912719076831,True,False,[5],[0.10931168069847352]
298,10,6548,1,0.057861007178482776,6.7483961204910585,True,False,[5],[0.1060304795702371]
298,11,6906,1,0.041942943990278043,4.866258028816991,True,False,[7],[0.07123426718277213]
298,12,7059,1,0.06771680038566967,4.857812808848232,True,False,[7],[0.1208932522562587]
298,13,6499,1,0.07671154282639499,6.525711557380731,True,False,[5],[0.09381965120506436]
298,14,6969,1,0.09874593666893865,6.476993441647405,True,False,[15],[0.16727112358526428]
298,16,6315,1,0.09137758946432528,6.67354499353926,True,False,[7],[0.1595416113161128]
298,17,6329,1,0.05120965781424805,4.161835686585147,True,False,[7],[0.0919216617605149]
298,19,6501,1,0.10425983328349091,5.831386701119833,True,False,[17],[0.08726642287536467]
298,21,6944,1,0.06785146253265785,7.033097433651154,True,False,[5],[0.1150536588129978]
298,22,6337,1,0.06170173577723315,5.578021549656226,True,False,[5],[0.09980137704465235]
298,23,6523,1,0.07839941806830765,7.036926121263949,True,False,[7],[0.17144798204395]
299,0,6756,2,0.08354259252161238,6.357847570968637,True,False,"[10, 12]","[0.14615411271836934, 0.2098915583142187]"
299,4,6422,1,0.05208510052872994,6.4797593715066295,True,False,[7],[0.0801567777325055]
299,5,6740,1,0.048281472847722245,4.296198916938124,True,False,[7],[0.1014048016509766]
299,6,6336,1,0.06729300192661754,6.8183503725267585,True,False,[7],[0.1377839808727985]
299,7,7076,1,0.058311242372681614,6.953686877313179,True,False,[7],[0.10866336094910747]
299,10,6548,1,0.05714354795958329,6.847297583896543,True,False,[7],[0.11809824074807607]
299,13,6499,1,0.08344087520769317,6.598570209948761,True,False,[7],[0.1546549740353606]
299,14,6969,1,0.058690392473901454,6.5995261898679205,True,False,[5],[0.11550812816055867]
299,16,6315,1,0.09963889127468491,6.66045482166004,True,False,[7],[0.1734641800628503]
299,17,6329,1,0.06799206989035733,4.186590761126273,True,False,[5],[0.11760803429420398]
299,18,6822,1,0.05968049158368365,7.003862251671563,True,False,[7],[0.1346722523600233]
299,19,6501,1,0.11157927774681003,5.739917372126326,True,False,[15],[0.2082828849972862]
299,20,6318,1,0.06690653166508058,6.779726519176567,True,False,[5],[0.11955128887247911]
299,21,6944,1,0.1188355410795264,6.873078928362133,True,False,[15],[0.2345850947834784]
299,22,6337,1,0.0717300290708846,5.706068546019984,True,False,[7],[0.10654458637163292]
299,23,6523,1,0.04888215910958849,7.175463496800911,True,False,[5],[0.11576392056271811]
300,0,6756,1,0.08491506061664424,6.417086181619328,True,False,[7],[0.18346658341938418]
300,3,6340,1,0.05457799285688104,4.670293420718829,True,False,[7],[0.09725841417246218]
300,4,6422,1,0.04234043020211061,6.625287573312887,True,False,[7],[0.07533449684032777]
300,5,6740,1,0.05574657669761348,4.323339230198732,True,False,[5],[0.11026958121303518]
300,7,7076,1,0.07333974649302198,6.9352212547670025,True,False,[15],[0.18750647656151734]
300,9,6378,1,0.0574852438170186,5.918856919953473,True,False,[5],[0.08976495559494413]
300,10,6548,1,0.058619753775844975,6.961479585202776,True,False,[7],[0.10815727893313744]
300,13,6499,1,0.08957783895220811,6.660210061851681,True,False,[5],[0.10134672431834332]
300,14,6969,1,0.06084942945146616,6.747117450340924,True,False,[5],[0.10628541095520172]
300,15,7011,1,0.04360234678440231,4.744148913948373,True,False,[7],[0.09591319091471354]
300,16,6315,2,0.07751203565546777,6.676870684729151,True,False,"[8, 17]","[0.1693479160580407, 0.07383062491521844]"
300,19,6501,1,0.07124580605127352,5.864382002810538,True,False,[5],[0.09866316207692304]
300,20,6318,1,0.06918620212461167,6.86261081137662,True,False,[5],[0.13067103847371297]
300,21,6944,1,0.07163615197945086,6.988316092583685,True,False,[5],[0.1371723577476685]
300,22,6337,1,0.05691397989380471,5.844323738879538,True,False,[5],[0.10126855868234018]
301,0,6756,1,0.09748171412196976,6.43877474556789,True,False,[7],[0.21601539963775368]
301,2,6997,1,0.049952792659053995,4.305506240735766,True,False,[5],[0.10855287788748558]
301,3,6340,1,0.066545773098713,4.726733789990777,True,False,[5],[0.09849248955638562]
301,6,6336,1,0.06823645708020964,6.9503198783016025,True,False,[5],[0.13118617041101815]
301,7,7076,1,0.06164750801755095,7.06027178467437,True,False,[5],[0.12084175681041133]
301,9,6378,1,0.06645726187847642,6.006020085220524,True,False,[5],[0.11237664780494319]
301,10,6548,1,0.059996514126746774,7.048150224846773,True,False,[7],[0.12419398016142387]
301,12,7059,1,0.06838156227239657,4.943729283490495,True,False,[7],[0.11248014625758328]
301,13,6499,1,0.09211075461831132,6.727989897009833,True,False,[5],[0.11209506599179198]
301,14,6969,1,0.05129709138655125,6.890455610901068,True,False,[7],[0.1133565547427804]
301,16,6315,1,0.10191676696485527,6.665967990019288,True,False,[7],[0.1980974545103832]
301,18,6822,1,0.05917704749642693,7.083785081755823,True,False,[7],[0.12767680648756294]
301,20,6318,1,0.05479208233185896,6.970554588788054,True,False,[7],[0.12624060213299432]
301,21,7212,1,0.25571614880043,4.986845087559425,True,False,[5],[0.13032688990684105]
301,23,6523,1,0.056773201689177794,7.174858913587943,True,False,[8],[0.16116864312785012]
302,4,6756,1,0.13739243954220837,6.325106149711436,True,False,[15],[0.16263749411530473]
302,5,6740,1,0.04816294797586707,4.387500600097894,True,False,[7],[0.09451520645196283]
302,7,6336,1,0.06789184011468918,7.01728873086254,True,False,[7],[0.13277882318537113]
302,8,7076,1,0.049529587807889436,7.163528288727985,True,False,[7],[0.10098807669834622]
302,10,6378,1,0.05218378555304689,6.107663046005699,True,False,[7],[0.12187692938370044]
302,14,6499,1,0.07249641000115427,6.8830971271110695,True,False,[5],[0.10566826022991249]
302,15,6969,1,0.05013941801277089,7.029160343094006,True,False,[5],[0.110547334267055]
302,17,6315,1,0.10251531455660431,6.62565983470777,True,False,[15],[0.18978087935322321]
302,18,6329,1,0.058205872637634035,4.240431005354211,True,False,[5],[0.11157941143343134]
302,19,6822,1,0.06528364760062265,7.135170459787358,True,False,[7],[0.11887058996772183]
302,21,6318,1,0.05925217868193119,7.127401195973067,True,False,[7],[0.09616025028728706]
303,2,6997,1,0.04655228015575213,4.383428332778613,True,False,[7],[0.09583379981460495]
303,4,6756,2,0.11337778628059876,6.26744732169448,True,False,"[8, 15]","[0.192488644091031, 0.2674242646709379]"
303,5,6740,1,0.04954995678959604,4.4567127816418965,True,False,[7],[0.08889046364856297]
303,6,6422,1,0.06439919050963838,6.740428745103369,True,False,[5],[0.14449448539953916]
303,7,6336,1,0.07628693707769886,7.083155021040248,True,False,[7],[0.1384158440565605]
303,8,7076,1,0.05267363764250369,7.2542939385073355,True,False,[7],[0.10570561504504682]
303,10,6378,1,0.06225172322869026,6.17700899068131,True,False,[5],[0.10917454018371207]
303,11,6548,1,0.06485253749357743,7.188956432075314,True,False,[5],[0.11349550723826718]
303,14,6499,1,0.0515114851382586,7.018115976536988,True,False,[7],[0.11898988970271814]
303,15,6969,1,0.08892365501756855,7.043067765703776,True,False,[15],[0.13011713446495707]
303,16,7011,1,0.04760177866022443,4.8505120150991505,True,False,[5],[0.09127889025881292]
303,17,6315,1,0.09654948502148575,6.572884823331855,True,False,[15],[0.19130692784708747]
303,21,6318,1,0.09700439461195523,6.988340188415972,True,False,[15],[0.2472827829311099]
303,22,7212,1,0.036436360126909595,5.109772411282944,True,False,[5],[0.09886042924575522]
304,3,6340,1,0.056632995658366825,4.8192824312081175,True,False,[7],[0.10311893135671844]
304,4,6756,1,0.10593725588062568,6.296965840657092,True,False,[5],[0.17962417955197368]
304,5,6740,1,0.04684849031216619,4.535217022158503,True,False,[7],[0.07967297694037695]
304,8,7076,1,0.08119416502431182,7.15018202653986,True,False,[15],[0.18249796531541151]
304,10,6378,1,0.05805149213783581,6.245746710825488,True,False,[5],[0.10889662249264534]
304,11,6548,2,0.0629789653560616,7.108640345934623,True,False,"[8, 15]","[0.13373778034320608, 0.17069246386931652]"
304,15,6499,1,0.06185408728278419,7.1679988154886045,True,False,[5],[0.10603538491220038]
304,16,6969,1,0.06072568040536472,7.188761291226934,True,False,[5],[0.09614854586320938]
304,17,7011,1,0.052487752127281455,4.937794157512196,True,False,[7],[0.08203624119460265]
304,18,6315,1,0.06974904023505397,6.700932374341618,True,False,[5],[0.10632748515115449]
304,20,6822,1,0.06719328460729325,7.242043242700869,True,False,[5],[0.12038771245444492]
304,22,6318,1,0.05077371740878118,7.154048759690033,True,False,[7],[0.10519347499978735]
305,0,7232,1,0.32176200786317033,4.828639777829007,True,False,[7],[0.19509394753109033]
305,2,6997,1,0.04705994312445769,4.465490941597074,True,False,[7],[0.09189677906954613]
305,3,6340,1,0.06685443143836689,4.878540803082848,True,False,[5],[0.09969270561884404]
305,4,6756,1,0.06451677674038155,6.426229786880083,True,False,[7],[0.08021029736095107]
305,6,6422,1,0.08477687642805834,6.637448634513896,True,False,[15],[0.1531434526311156]
305,7,6336,1,0.08825833473449257,7.0824185975917695,True,False,[8],[0.19506528676635354]
305,8,7076,1,0.06787013913599851,7.270395228074685,True,False,[5],[0.10959683015484942]
305,10,6378,1,0.03851760374809793,6.38252476034355,True,False,[7],[0.09837847561697004]
305,11,6548,1,0.04462781303756146,7.20851988284473,True,False,[7],[0.07730807809471085]
305,15,6499,1,0.0680706812799561,7.293489538630524,True,False,[7],[0.11371608134699375]
305,16,6969,1,0.0695127339153654,7.321147062185837,True,False,[5],[0.11038820817152635]
305,18,6315,1,0.06345575625738732,6.802192058975188,True,False,[7],[0.11129248051900859]
305,19,6329,1,0.04355383959044955,4.327013723261083,True,False,[5],[0.09277563320549569]
305,20,6822,1,0.05238697500441307,7.3680162034611065,True,False,[7],[0.11753741295696461]
305,22,6318,1,0.0478819076642699,7.310204631502832,True,False,[5],[0.10781229397317195]
306,4,6756,2,0.08300780207728765,6.397529986642593,True,False,"[12, 15]","[0.1637594918870417, 0.3187698518198066]"
306,5,6740,1,0.04566506662382024,4.624560137649368,True,False,[7],[0.0705364748680059]
306,6,6422,1,0.06605704333395886,6.66849620454618,True,False,[7],[0.14594541681134518]
306,8,7076,1,0.07035774601669682,7.409995190186715,True,False,[5],[0.10135770571829723]
306,11,6548,1,0.06314875095797093,7.341484212229069,True,False,[5],[0.12026200396788175]
306,15,6499,1,0.06019374413675895,7.43106216652225,True,False,[5],[0.10360597545070577]
306,18,6315,1,0.10563420403018711,6.6733913517855665,True,False,[15],[0.12902918182573214]
306,19,6329,1,0.0549110678993957,4.399913123867448,True,False,[7],[0.0995917143201755]
306,20,6822,1,0.057551445163933304,7.510735287341639,True,False,[5],[0.10589768497425778]
307,2,6997,1,0.040631434076993274,4.560920767794629,True,False,[7],[0.08018499004839834]
307,4,6756,1,0.10680108032974321,6.419388109958602,True,False,[5],[0.18709343883150456]
307,6,6422,1,0.05811216335956163,6.80198207268821,True,False,[5],[0.13531367550413004]
307,7,6336,1,0.07404096400876872,7.155499918884129,True,False,[7],[0.12940447518345144]
307,8,7076,1,0.07284031179263474,7.32176985533717,True,False,[15],[0.19711136445293923]
307,10,6378,1,0.0443162980760662,6.516324171936008,True,False,[7],[0.1156022252466256]
307,11,6548,1,0.04720192883158848,7.443781562372222,True,False,[7],[0.07734360089704773]
307,15,6499,2,0.07125564073117134,7.506932156434077,True,False,"[7, 15]","[0.1073313769321314, 0.14891249057185538]"
307,16,6969,1,0.07473268185747214,7.43306928419309,True,False,[5],[0.11969895626338402]
307,20,6822,1,0.06106864454667651,7.623356444737949,True,False,[7],[0.1371760717645586]
307,22,6318,1,0.04582345067047158,7.4626264502538175,True,False,[7],[0.10834326559019021]
308,2,6997,1,0.05022803846657173,4.633528022892463,True,False,[5],[0.10407922859804634]
308,4,7386,1,0.23076436490608312,6.6364652319396775,True,False,[8],[0.18456819296686217]
308,5,6756,1,0.09526111344757106,6.546752165939212,True,False,[5],[0.11699448171082058]
308,7,6422,1,0.07813318721289915,6.818427290571653,True,False,[7],[0.16217942038666108]
308,8,6740,1,0.05305461810195949,4.697406487493003,True,False,[7],[0.10653083004186605]
308,9,6336,1,0.10011545218812314,7.15544954814333,True,False,[7],[0.15280463267005517]
308,10,7076,1,0.04683493129232223,7.45389314820074,True,False,[7],[0.11731618374535605]
308,12,6378,1,0.051434234567724335,6.662305345811314,True,False,[5],[0.11020915732093717]
308,13,6548,1,0.06754292510236308,7.561927024998396,True,False,[5],[0.09902358387412036]
308,17,6499,1,0.06501500373591952,7.625730268178303,True,False,[7],[0.09429215247780554]
308,18,6969,1,0.06563024315919962,7.575481564948657,True,False,[5],[0.09371473939137939]
308,19,7011,1,0.06426624145835995,5.029473141706438,True,False,[7],[0.09394913987887353]
308,20,6315,1,0.07568357135898997,6.712899411382209,True,False,[7],[0.1542736220055818]
308,22,6822,1,0.03632776290527534,7.7767805855567005,True,False,[7],[0.10295220797013664]
309,3,7373,1,0.07305079185286063,4.759212653067575,True,False,[7],[0.09631840093206555]
309,4,7386,2,0.04556821656078632,6.695272988007609,True,False,"[7, 8]","[0.08014780003211619, 0.16154442274185662]"
309,5,6756,2,0.0668607491902052,6.599727856974789,True,False,"[7, 15]","[0.05934706300968623, 0.12774446347000123]"
309,10,6336,1,0.06725872027647946,7.2685571842169265,True,False,[5],[0.09768272934962029]
309,11,7076,1,0.08934340409715,7.304220032395789,True,False,[15],[0.20120858548782006]
309,12,7131,1,0.06846493435707968,4.845003112702564,True,False,[7],[0.10972939503570632]
309,14,6548,1,0.06200169817144432,7.7211030271535,True,False,[5],[0.108514437701853]
309,16,7292,1,0.1427770396684017,4.443686006341723,True,False,[7],[0.173568481753453]
309,17,7059,1,0.05840038602310384,5.036921221793876,True,False,[7],[0.08611822026403285]
309,18,6499,1,0.07198729198963634,7.764391768558936,True,False,[5],[0.09912047046146556]
309,21,6315,1,0.07149910272696197,6.834435719152018,True,False,[5],[0.1312303553263073]
309,23,6822,1,0.08939408705621846,7.65759972407713,True,False,[15],[0.19504755181237687]
310,4,7386,2,0.07686006073333687,6.605852894529655,True,False,"[15, 17]","[0.33388087504153324, 0.11217201851132318]"
310,5,6756,1,0.08263608566106213,6.711023928929176,True,False,[7],[0.08022060333720434]
310,7,6340,1,0.0594892941016795,4.96677906680469,True,False,[5],[0.11003430502012433]
310,8,6422,1,0.06927361426825941,6.947893267785868,True,False,[5],[0.09424538886233727]
310,10,6336,1,0.04977556446982801,7.409528709530308,True,False,[7],[0.11606951818202009]
310,11,7076,1,0.04934057444718789,7.40064506313346,True,False,[7],[0.08862631999475881]
310,13,6378,1,0.07505198793398397,6.711481843602777,True,False,[7],[0.1576928776609804]
310,14,6548,1,0.046344124339776915,7.877775107846545,True,False,[7],[0.13132916679304857]
310,18,6499,1,0.06108932869803988,7.877999490606233,True,False,[7],[0.10858924430197868]
310,19,6969,1,0.055483125783044526,7.745397481332247,True,False,[5],[0.10442876841453781]
310,21,6315,2,0.08356308907631217,6.773922830766343,True,False,"[8, 15]","[0.2385713242881978, 0.2809296708583397]"
310,22,6329,1,0.041390298440641134,4.495380182686035,True,False,[7],[0.09794119473856651]
310,23,6822,1,0.07442525735510208,7.691858753377215,True,False,[7],[0.1656761437028803]
311,0,7232,1,0.05726521737517323,4.9013868333911095,True,False,[5],[0.1494394234348934]
311,2,6756,2,0.08626919811704707,6.75203648117034,True,False,"[7, 11]","[0.11458392431901607, 0.09265098948629356]"
311,6,7386,1,0.07328805898675629,6.6374287936956256,True,False,[7],[0.14235782219550996]
311,7,6422,1,0.06883724680328718,7.008373972491981,True,False,[7],[0.126773863886461]
311,9,6340,1,0.06089984809268935,5.046065256230139,True,False,[5],[0.1009478358012942]
311,11,6336,1,0.0732061212634649,7.4583167650106095,True,False,[7],[0.12087151925437316]
311,12,7076,1,0.05913615254057992,7.518312381523928,True,False,[7],[0.11009819191678467]
311,13,7131,1,0.07298689731481463,4.9249396961173435,True,False,[7],[0.13561134439262382]
311,15,6548,1,0.06965622413642418,7.9994658038243704,True,False,[7],[0.11280631906238581]
311,18,6969,1,0.06424172756593906,7.846980330328886,True,False,[7],[0.12115353738351126]
311,20,6315,1,0.0708041271961635,6.852835965026632,True,False,[7],[0.15953376234504052]
312,2,6756,1,0.09760629861534371,6.760855984267209,True,False,[10],[0.06337104010680418]
312,7,7386,1,0.0826623271426601,6.600429775242035,True,False,[15],[0.19863940935044874]
312,9,7407,1,0.12760281618945477,4.419519829989516,True,False,[7],[0.13700635676849413]
312,10,6340,1,0.05400919042925332,5.146438059747942,True,False,[7],[0.11275210016301261]
312,11,6740,1,0.04834249527098056,4.766754242881928,True,False,[7],[0.11300626804067743]
312,12,6336,1,0.05182217284856088,7.592569779935214,True,False,[7],[0.09987127245601798]
312,13,7076,1,0.06866803688847359,7.586857586334496,True,False,[7],[0.1390206500532328]
312,14,7131,1,0.04819653350495579,5.033479384820958,True,False,[7],[0.12436835524717989]
312,15,6378,1,0.07028248526089301,6.827237845205956,True,False,[7],[0.11703759992255604]
312,16,6548,1,0.06529683759607446,8.105618782215265,True,False,[7],[0.13281507415428553]
312,20,6315,1,0.0646632401560551,6.938220991953979,True,False,[7],[0.14957404140909758]
312,21,6906,1,0.051312062390466644,4.945810321471603,True,False,[7],[0.0891745813296672]
313,2,6756,1,0.09307693739090003,6.8139762430595505,True,False,[7],[0.14770352183605265]
313,7,7386,1,0.06694689215956054,6.736429656523518,True,False,[5],[0.11269768220188192]
313,8,6422,1,0.06577331803885855,7.127444101604994,True,False,[5],[0.11157025671873984]
313,14,7131,1,0.04109907694396499,5.14884778999266,True,False,[7],[0.11489994542233196]
313,15,6378,1,0.061192603156813324,6.978195648733087,True,False,[7],[0.09122720686804923]
313,16,6548,1,0.0700711630776923,8.230037864496953,True,False,[7],[0.12942790608379948]
313,18,6499,2,0.05820458362608749,7.920101914071833,True,False,"[7, 10]","[0.12363803367456962, 0.061183789673988596]"
313,23,7059,1,0.04744213527665545,5.151213013552272,True,False,[5],[0.10106878184915279]
314,0,7232,1,0.05780340665071192,4.972585767041285,True,False,[5],[0.14471707153192664]
314,2,6756,1,0.08342667694373043,6.805708681864909,True,False,[8],[0.17298709548874977]
314,6,7373,1,0.05339842851392195,4.834143341145103,True,False,[7],[0.12812951822009125]
314,7,7386,1,0.08607357392772713,6.654387588753184,True,False,[15],[0.20616814489906757]
314,8,6422,1,0.07856113871565565,7.037867477259974,True,False,[15],[0.20572642406970004]
314,12,6336,1,0.06464591195097459,7.756038588775614,True,False,[5],[0.12430437153421793]
314,13,7076,1,0.08790546769090364,7.466587060666104,True,False,[15],[0.15884471286051313]
314,15,6378,1,0.06908858679546144,7.096216472008488,True,False,[7],[0.12431411617282445]
314,16,6548,1,0.05825061059090505,8.391851240974818,True,False,[7],[0.1114696700634733]
314,18,6499,1,0.05548406595281491,8.051993519259733,True,False,[7],[0.12220608128481622]
314,19,6969,1,0.06550295801446694,8.000638670523534,True,False,[5],[0.1065916921888336]
314,20,6315,1,0.07613713266249421,6.941578545684462,True,False,[8],[0.19437134088011998]
315,1,7557,1,0.17540583806078502,5.2608846370926,True,False,[7],[0.08333377421164972]
315,3,6756,2,0.06727797779955126,6.8372800888791705,True,False,"[7, 8]","[0.14119735146777518, 0.18086787549395553]"
315,7,7373,1,0.04983880438204911,4.904504822322845,True,False,[7],[0.11154498448007338]
315,8,7386,2,0.05802012112607602,6.651063244250295,True,False,"[7, 15]","[0.09448004519389105, 0.21487024179471576]"
315,15,7076,1,0.06149540063891395,7.622593193529554,True,False,[7],[0.10768381494066451]
315,17,6378,1,0.04879152974766119,7.211474204529707,True,False,[7],[0.09763075992497551]
315,18,6548,1,0.05074062023092328,8.521839754339332,True,False,[7],[0.12746400479554526]
315,20,6499,1,0.07292996837805064,8.206311075443423,True,False,[5],[0.1335032454413433]
315,23,7059,1,0.0625042363111159,5.207048013095788,True,False,[7],[0.14709155157450235]
316,1,7557,1,0.047715394458585844,5.355645484767497,True,False,[7],[0.0794764743812791]
316,5,7468,1,0.08178423153922983,4.714068865747488,True,False,[5],[0.110954830726565]
316,9,7386,1,0.079483327982161,6.728145706370517,True,False,[7],[0.12403922935198708]
316,10,6422,1,0.04971014520787545,7.150653819877403,True,False,[7],[0.11353252954842913]
316,18,6378,1,0.05826877295103612,7.295434310320589,True,False,[7],[0.12400225334554288]
316,19,6548,1,0.07959382243283476,8.379399793480598,True,False,[15],[0.20873379941839457]
316,21,6499,1,0.12306277274837982,8.016405532622898,True,False,[15],[0.28102155521944705]
317,2,7440,1,0.20642916238574696,4.948039301963166,True,False,[5],[0.107788745249187]
317,4,6756,1,0.09273257365686788,6.868573078658304,True,False,[5],[0.19514206457415878]
317,9,7386,1,0.07281306762483482,6.742973014230203,True,False,[8],[0.12640042097371196]
317,16,7076,1,0.06609497054789562,7.751442988543674,True,False,[7],[0.12070887725274934]
317,17,7131,1,0.052734607478041824,5.2574378199107406,True,False,[7],[0.08792139141832528]
317,18,6378,1,0.07471895489808558,7.306777630870067,True,False,[7],[0.17518934240764725]
317,19,6548,1,0.04735840924921872,8.522523001198612,True,False,[7],[0.08457270744647233]
317,21,6499,1,0.06673271381056767,8.174584609347768,True,False,[7],[0.09611307260031277]
318,4,6756,1,0.08926388292315751,6.939383300319495,True,False,[5],[0.17910466298749175]
318,8,7373,1,0.05232227460258665,4.978374595749257,True,False,[5],[0.10525766127286572]
318,9,7386,2,0.05051357728146467,6.797630989477332,True,False,"[7, 17]","[0.1021301002911973, 0.14542895505961892]"
318,14,6740,1,0.034591552833252596,4.871469947819702,True,False,[7],[0.10681820456464583]
318,17,7076,1,0.06003766761898944,7.88179745626636,True,False,[5],[0.11803640363549683]
318,18,7131,1,0.06491365770175525,5.321454470940021,True,False,[5],[0.10097542984039669]
318,19,6378,2,0.047200365601969045,7.339439528068294,True,False,"[7, 15]","[0.07582116615049975, 0.22208460646901645]"
318,22,6499,1,0.040452059853934345,8.347910531176199,True,False,[7],[0.1010232344701905]
319,0,7232,1,0.06029273096420171,5.046049934150907,True,False,[7],[0.17874746838231412]
319,4,6756,2,0.07955600616401601,6.9879794168494325,True,False,"[7, 10]","[0.09207629111358617, 0.052268099409254205]"
319,8,7373,1,0.04878010558572285,5.079443485716991,True,False,[7],[0.079452498533133]
319,10,6422,1,0.05226590119227795,7.2793779782233825,True,False,[5],[0.0977517552595538]
319,16,6336,1,0.08132483370032557,7.87848318680184,True,False,[7],[0.12143743887443384]
319,17,7076,1,0.04318518622628906,8.033859375132742,True,False,[7],[0.08376215055656888]
319,18,7131,1,0.06038346409119734,5.384188618650658,True,False,[7],[0.15357875316774586]
319,19,6378,1,0.046583739813725544,7.493875423889305,True,False,[7],[0.09078430583767792]
319,22,6499,1,0.05648167264615103,8.548729181637965,True,False,[5],[0.10321178131941629]
320,1,7557,1,0.04620111865174962,5.456875462804187,True,False,[7],[0.07213156681565835]
320,4,6756,2,0.09578224051465695,6.944267247875049,True,False,"[7, 9]","[0.15086524116602315, 0.13563735507118654]"
320,7,6997,1,0.053426504541561226,4.701093935584595,True,False,[7],[0.1035156328044056]
320,9,7386,1,0.06988112800121218,6.902991210250908,True,False,[5],[0.10987861654279786]
320,14,6740,1,0.035829518224372074,4.976075468904351,True,False,[7],[0.09895675131662302]
320,18,7131,1,0.05990280945574009,5.456076249467012,True,False,[7],[0.13712017100398916]
320,19,6378,1,0.04966663110362167,7.625801131379595,True,False,[7],[0.09938039028778402]
320,20,6548,1,0.04926430554656307,8.646793882995906,True,False,[7],[0.1354376783021399]
320,22,6499,1,0.05324805609627466,8.681151558018822,True,False,[7],[0.13063430307052779]
321,0,7232,1,0.05516677635136395,5.127737890175015,True,False,[5],[0.12988999005229726]
321,4,6756,1,0.10612288385950709,6.991496598156941,True,False,[7],[0.1389904879769305]
321,7,6997,1,0.052902544569936316,4.780141497426295,True,False,[7],[0.09397470066479108]
321,8,7373,1,0.05238643107533281,5.15889348937704,True,False,[5],[0.10056228008141463]
321,9,7386,1,0.09197396601942949,6.902201239602556,True,False,[17],[0.1615011207909928]
321,10,6422,1,0.054349421900359046,7.396672272027439,True,False,[7],[0.129211784428707]
321,15,7611,1,0.18853615659928394,4.699924176812723,True,False,[7],[0.09879744092774438]
321,16,6336,1,0.07359954840633465,7.998480787456062,True,False,[5],[0.116114357891531]
321,17,7076,1,0.07924498441384734,8.055172916129816,True,False,[8],[0.1832924711611845]
321,19,6378,1,0.06153101998048466,7.7860589383632535,True,False,[5],[0.10741898970976824]
321,22,6499,1,0.05962637752702235,8.802114804967506,True,False,[7],[0.12580979443251059]
321,23,7059,1,0.061176966017280704,5.271711017136455,True,False,[7],[0.1270656447864429]
322,4,6756,1,0.08884366358353331,7.066206641985141,True,False,[5],[0.17672052157604037]
322,5,7468,1,0.05080384913248188,4.788298308260347,True,False,[5],[0.1086352448706714]
322,7,7386,1,0.0881389884914893,6.7953524292671945,True,False,[15],[0.2082936454290288]
322,8,6422,1,0.06312792315092847,7.501767721132042,True,False,[7],[0.08248665208687266]
322,17,7076,1,0.04526085232885733,8.197497486264764,True,False,[7],[0.09114624308180212]
322,20,6336,1,0.06889673206068128,8.130695337900722,True,False,[5],[0.1401568796009733]
322,21,7446,1,0.21423404703812918,4.561649838315647,True,False,[5],[0.11862688152135954]
322,22,6378,1,0.0462566331228321,7.896104175191304,True,False,[7],[0.1311673249088455]
323,0,7232,1,0.0575305943492192,5.211510048162058,True,False,[5],[0.12013197586883784]
323,4,6756,1,0.12140926859351932,7.088669888153226,True,False,[7],[0.1667111629605941]
323,5,7468,1,0.04989655068399233,4.848247058830137,True,False,[7],[0.07496470489571813]
323,7,7386,1,0.07094003774906352,6.791584444593596,True,False,[17],[0.1610908322857245]
323,8,6422,1,0.05081434824991079,7.675353968483331,True,False,[5],[0.08551232139150657]
323,14,7731,1,0.194662314563679,4.691914937836839,True,False,[5],[0.10172480273689052]
323,19,7076,1,0.05781980766534012,8.358465247213877,True,False,[5],[0.10330364478874514]
323,20,7131,1,0.0614347762838817,5.540937998249953,True,False,[5],[0.1381441893426649]
323,22,6336,1,0.07509353883481984,8.210021153672821,True,False,[7],[0.17153299019341875]
324,0,7232,1,0.05809878494937228,5.294624261383437,True,False,[7],[0.16020031178538618]
324,4,6756,1,0.09091845635576344,7.160893798906863,True,False,[7],[0.14481738055611243]
324,7,7386,1,0.059416738754347116,6.933826903816569,True,False,[5],[0.11105113247976267]
324,8,6422,1,0.04801363553856478,7.82250976582335,True,False,[7],[0.08235712903244463]
324,12,7373,1,0.045853066676789095,5.267636336406005,True,False,[7],[0.09550199357052322]
324,21,7131,1,0.053211674904003595,5.650425207287164,True,False,[7],[0.083910173824504]
325,0,7232,1,0.05773414058499974,5.381794463353779,True,False,[7],[0.15003273985542187]
325,6,7468,1,0.05105028293235649,4.926123769786618,True,False,[7],[0.12147833483484859]
325,8,7386,1,0.07206963292038247,7.076618477928021,True,False,[5],[0.09468367430902858]
326,8,7386,1,0.061847225789625884,7.2347337535721365,True,False,[5],[0.09557845347757442]
326,9,6422,1,0.06913962543643737,7.887595486114469,True,False,[7],[0.12322330061888616]
326,17,6740,1,0.05108525461260678,5.074285907002371,True,False,[7],[0.09115234299840795]
326,19,7789,1,0.09176789387434058,5.233104558838912,True,False,[5],[0.09997685679912215]
326,22,7076,1,0.06413884188147026,8.357908988426258,True,False,[8],[0.10711564200725641]
327,0,7232,1,0.058317374441065224,5.4635395731390926,True,False,[5],[0.12257894115658698]
327,5,6756,1,0.10294937947039151,7.2624500872965685,True,False,[5],[0.14793492702879146]
327,8,7386,1,0.05141336769775443,7.357550802865083,True,False,[7],[0.08307424389243756]
327,9,6422,1,0.06379924464998402,7.961938470099864,True,False,[7],[0.11849179805804468]
327,12,6997,1,0.04016877815489938,4.8741413794375665,True,False,[5],[0.11432885361772416]
327,13,7373,1,0.05875340780753006,5.357256980761949,True,False,[7],[0.12033438367211863]
327,17,6740,1,0.05503644408586919,5.139418121193209,True,False,[5],[0.10836995906092867]
327,22,7076,1,0.04249513258657369,8.553838948237821,True,False,[5],[0.10377020481586582]
328,5,6756,2,0.09578615938898977,7.306338785480798,True,False,"[7, 11]","[0.11615653993937883, 0.12585416516579342]"
328,8,7386,1,0.06914313026889263,7.5021177772323675,True,False,[5],[0.11217900876395628]
328,9,6422,1,0.06382346681200611,8.02830966000465,True,False,[7],[0.13302161992892153]
328,13,7373,1,0.05248235899885097,5.425346134833974,True,False,[5],[0.0939606139142477]
328,14,6340,1,0.041128447548261525,5.262376948259896,True,False,[7],[0.08977139899076456]
328,20,7789,1,0.058248571234547714,5.328489775307544,True,False,[7],[0.11977617414899748]
328,22,7818,1,0.13554664931449237,4.8161144636267625,True,False,[7],[0.15865785741907895]
329,8,7386,1,0.06391116528347777,7.58279762137564,True,False,[7],[0.10211231779188414]
329,9,6422,1,0.07029832159567138,8.089159763577172,True,False,[7],[0.1496201230224693]
329,18,7539,1,0.11525268944461496,4.763202836467843,True,False,[5],[0.09661442234805909]
330,5,6756,1,0.10031793473265255,7.408438477171861,True,False,[7],[0.12464989596059099]
330,8,7386,1,0.060656946034392166,7.599980654492456,True,False,[8],[0.10756498914776269]
330,13,7373,1,0.05174733700361216,5.494925790286859,True,False,[5],[0.09397597157673764]
331,8,7386,1,0.06446148607510907,7.608283280067,True,False,[8],[0.12277011592999305]
331,9,6422,1,0.0650447478380709,8.225907143214027,True,False,[5],[0.11104174763790554]
331,13,7373,1,0.05660661522095676,5.599917336311274,True,False,[7],[0.10318015145541476]
331,15,7468,1,0.04974563955493699,5.033673937658051,True,False,[7],[0.09039183764968917]
331,22,7932,1,0.08640350188929316,4.934351234626285,True,False,[7],[0.14565829455225238]
332,0,7232,1,0.057702661650568754,5.551355394537023,True,False,[7],[0.14402148046798963]
332,4,7579,1,0.13797787093765154,4.622708842733676,True,False,[5],[0.1598448279074322]
332,5,6756,2,0.07222455162053633,7.477129223845821,True,False,"[7, 10]","[0.1078681823760111, 0.09612877230704993]"
332,8,7386,1,0.10071122308549164,7.560837976773501,True,False,[17],[0.17215558360967606]
332,9,6422,1,0.062437035406941635,8.334023155977032,True,False,[7],[0.12109190093362768]
332,17,7731,1,0.0402989508084589,4.79167265963187,True,False,[7],[0.08278061234482952]
333,0,7232,1,0.05726771296339143,5.645448940505966,True,False,[7],[0.1332943763394691]
333,3,7440,1,0.053548036597317834,5.0335706141217145,True,False,[7],[0.12422522903334539]
333,5,6756,1,0.07249167422375394,7.617565918418349,True,False,[7],[0.13642338715783334]
333,8,7386,1,0.09017551980792939,7.561187173789066,True,False,[7],[0.14881088309210946]
333,9,6422,1,0.0818144072272729,8.302130815122398,True,False,[15],[0.12835008302714532]
333,21,7803,1,0.5729229515742313,6.079768241402688,True,False,[5],[0.11827726524204682]
334,5,6756,1,0.07362665446431521,7.758267461955773,True,False,[7],[0.12550914757866263]
334,15,7468,1,0.05164024231986833,5.13751820299828,True,False,[7],[0.0913918719357581]
334,18,7882,1,0.1727111010643369,4.99499392698585,True,False,[7],[0.12264332306048754]
334,20,6740,1,0.051850072177910156,5.223476129722958,True,False,[5],[0.12343392341086627]
335,9,7386,2,0.04958511181851869,7.631622548655679,True,False,"[7, 8]","[0.10655371306976541, 0.13095498782342566]"
335,10,6756,1,0.0950435230717426,7.752921698388303,True,False,[8],[0.13666397843804168]
335,14,7373,1,0.0328336494013809,5.721705225207448,True,False,[7],[0.08453015098536844]
335,20,7539,1,0.04797918067552724,4.849595628488649,True,False,[7],[0.11035115142409005]
336,9,7386,2,0.07095723944734715,7.585071808747688,True,False,"[15, 17]","[0.16728493680588344, 0.18363533298107523]"
336,10,6756,1,0.11596083265996342,7.662114355788835,True,False,[15],[0.15629326416583422]
336,17,7468,1,0.047400424836889665,5.244897343054727,True,False,[7],[0.07630125402658045]
336,20,6740,1,0.04568355357206108,5.334545810181288,True,False,[7],[0.10314661999173895]
337,10,7386,1,0.05372056233923404,7.7170266839240105,True,False,[7],[0.11812902180240756]
337,11,6756,1,0.09290670333316914,7.664292436577859,True,False,[8],[0.20564346016655008]
337,17,6422,1,0.04329799208124847,8.4543532505214,True,False,[7],[0.08005734261354346]
337,18,7468,1,0.04908745352558235,5.314834445064765,True,False,[7],[0.11994377800561412]
338,0,7232,1,0.06006946199466794,5.737474621366874,True,False,[5],[0.11194120459265244]
338,4,7440,1,0.06095103736127886,5.0986731218770265,True,False,[5],[0.14304069587021934]
338,10,7386,1,0.07491780518597824,7.701600013608533,True,False,[17],[0.08552639166934806]
338,11,6756,1,0.08695208268954134,7.666723323061986,True,False,[8],[0.20721320654474068]
339,11,7386,1,0.05859174916524338,7.818674081138288,True,False,[7],[0.09780260563922172]
339,12,6756,1,0.11776195232417305,7.54114433488128,True,False,[15],[0.1781964556851823]
339,20,7468,1,0.042320245883316926,5.424725056164713,True,False,[7],[0.09143291610769981]
340,6,8149,1,0.08289328740602692,8.622032557082964,True,False,[7],[0.11048267458046962]
340,12,7386,1,0.08832598025484886,7.686930957781395,True,False,[15],[0.22276513749533985]
340,13,6756,1,0.08015704074229048,7.6726138198535425,True,False,[7],[0.11735038071297703]
340,14,8129,1,0.08291811380327348,8.67354883907707,True,False,[7],[0.08911749021640758]
340,20,6422,1,0.044784303964728364,8.618898058403657,True,False,[7],[0.09315296759140217]
341,5,7579,1,0.05237126934256184,4.683037371361488,True,False,[5],[0.13207676875036056]
341,6,8149,1,0.04254050020054229,8.772559139569259,True,False,[7],[0.09995715527281929]
341,12,7386,1,0.07052792741940654,7.686549456381475,True,False,[8],[0.1666050119407304]
341,13,6756,1,0.11970247398254183,7.5776873141320165,True,False,[10],[0.10246217818931136]
341,14,8129,1,0.04368545250328545,8.874529868215308,True,False,[5],[0.09625423268318066]
341,18,7373,1,0.049016769808969664,5.791365115230907,True,False,[5],[0.08768604594713722]
341,20,6422,1,0.0823275962611498,8.54809202792906,True,False,[15],[0.15310370748161564]
342,5,7579,1,0.03819344596753458,4.767260803203098,True,False,[7],[0.11401833790114269]
342,12,7386,2,0.05594608711301158,7.721311462507567,True,False,"[7, 15]","[0.1044008455384926, 0.23132428137076436]"
342,13,6756,2,0.0724217261295184,7.630553510513499,True,False,"[7, 8]","[0.15860475612965694, 0.21172873053797625]"
343,6,8149,1,0.04752875665846958,8.963880043112539,True,False,[5],[0.11769650779252544]
343,12,7386,1,0.08687071898407925,7.6588401452352715,True,False,[15],[0.2549281068926938]
343,14,6756,2,0.07801786378849478,7.642662766325362,True,False,"[7, 15]","[0.12799330595970176, 0.22877320012334795]"
343,15,8129,1,0.07497847050168706,8.88191429228541,True,False,[15],[0.14968433177553425]
343,22,6422,1,0.04864009114790582,8.67674774217595,True,False,[7],[0.13049866855629014]
344,14,6756,2,0.10394130283044506,7.560573729750331,True,False,"[10, 15]","[0.09879219043203333, 0.2650058114138592]"
344,15,8129,1,0.07138621722749956,8.847232853508567,True,False,[15],[0.1683265208563704]
344,22,6422,1,0.0464112334811398,8.83094574981327,True,False,[7],[0.11456725777847085]
345,14,6756,1,0.0798348239264645,7.58154943660438,True,False,[8],[0.16534109083740994]
345,17,7373,1,0.04237003549231214,5.925089098331109,True,False,[7],[0.07035754986221897]
345,20,6422,1,0.04809567344875316,9.003658046308097,True,False,[5],[0.10779304831334485]
346,1,8280,1,0.3060890870790402,6.0513058016176515,True,False,[5],[0.06779520908701127]
346,7,8149,1,0.04371059277118815,9.176580174935804,True,False,[5],[0.10441324282520958]
346,14,7386,1,0.067372499891104,7.815146661800733,True,False,[7],[0.13772487016912377]
346,16,6756,1,0.07465887641270656,7.677751677596233,True,False,[5],[0.1321884494627332]
346,22,6422,1,0.05112214034512918,9.162964699068858,True,False,[7],[0.11921236218483922]
347,7,8149,1,0.052899319641464285,9.312550643165473,True,False,[7],[0.09854004755079801]
347,14,7386,1,0.0706260886698279,7.969601160053043,True,False,[7],[0.14148530751755556]
347,16,6756,2,0.06790470108606318,7.747986798815173,True,False,"[7, 8]","[0.14826552893743392, 0.15796929603857232]"
347,17,8129,1,0.04563768446487421,8.995623879569525,True,False,[7],[0.0860153571699865]
348,7,8149,2,0.04301995664662523,9.33991109167866,True,False,"[7, 15]","[0.07394737227856694, 0.2114128180571856]"
348,14,7386,1,0.09059195215446227,7.837218570516898,True,False,[15],[0.26607886264089803]
349,14,7386,2,0.05536676089487763,7.888198166005065,True,False,"[7, 17]","[0.16104417491350267, 0.11445061955099799]"
350,14,7386,1,0.0698847502269631,8.031716516705618,True,False,[7],[0.1583872182035991]
351,6,7440,1,0.05430274194695583,5.194482632763955,True,False,[7],[0.0932822337326431]
351,7,8149,1,0.0784839079334621,9.19762461280089,True,False,[15],[0.20362538056638987]
351,14,7386,1,0.06878683543125616,8.047412440577247,True,False,[8],[0.18170072040406607]
352,15,7386,2,0.06700509358442656,8.072973906254832,True,False,"[7, 8]","[0.1431144698151031, 0.20703934330778784]"
353,8,8149,1,0.05540034196951781,9.40376681687232,True,False,[5],[0.10442555127374578]
353,21,7386,2,0.05549400113785439,8.135456651256296,True,False,"[7, 10]","[0.08298060293791062, 0.05632406240524825]"
354,21,7386,1,0.0610781935226041,8.224953993965167,True,False,[7],[0.09889052452186829]
355,10,8149,1,0.0809012318015369,9.327327273784556,True,False,[15],[0.14095633590209145]
356,10,8149,1,0.04684210989236321,9.494913195468,True,False,[7],[0.11356580497930253]
357,10,8149,1,0.041909493849341124,9.697309263552787,True,False,[5],[0.09428685347658172]
359,10,8149,1,0.0814616944694382,9.627481014303786,True,False,[15],[0.12762633762542025]
360,11,8149,1,0.04764365321731834,9.805070256799048,True,False,[7],[0.0928408208879167]
361,11,8149,1,0.08385000183379607,9.660402517548885,True,False,[15],[0.18794561527911044]
364,19,8149,2,0.05251802349795987,9.613405857590681,True,False,"[8, 15]","[0.17068470655567178, 0.20873622670653247]"
366,16,8149,1,0.07994285415529301,9.583044074667225,True,False,[15],[0.15779109619814552]
367,16,8149,2,0.05014110635764262,9.629122852332197,True,False,"[7, 15]","[0.13478340764898183, 0.1533002251593039]"
369,18,8149,1,0.08238350673633019,9.460528204774464,True,False,[15],[0.1339312213094199]
386,8,8905,1,0.26526423458466897,6.439287004121792,True,False,[7],[0.1348900420505879]
