generation,parent_idx,lineage_id,m_active,A_delta_fro,condition_number_after,shrink_applied,psd_fallback,active_js,v_norms
1,0,0,2,0.016256792872691748,1.0254766864284572,True,False,"[7, 16]","[0.030572982847497192, 0.030572982847497192]"
1,1,1,1,0.015632150697031038,1.0254766864284572,True,False,[5],[0.02589416487826404]
1,2,2,2,0.016751303955275538,1.0254766864284577,True,False,"[7, 8]","[0.02945438588370271, 0.02945438588370271]"
1,3,3,1,0.016446192007794708,1.025476686428458,True,False,[7],[0.030349327987981848]
1,4,4,2,0.016355158828105943,1.025476686428457,True,False,"[8, 12]","[0.0424720801502256, 0.0424720801502256]"
1,5,5,1,0.014901072644368147,1.025476686428457,True,False,[7],[0.028181391731173303]
1,6,6,1,0.015383758064505447,1.025476686428459,True,False,[15],[0.040589027068810096]
1,7,7,2,0.01649783776119825,1.0254766864284564,True,False,"[7, 8]","[0.028186292123285762, 0.028186292123285762]"
1,8,8,1,0.016114417903025945,1.0254766864284568,True,False,[16],[0.04405534019191151]
1,9,9,1,0.016532224720969196,1.0254766864284586,True,False,[7],[0.022037669686543793]
1,11,11,1,0.01658592095998351,1.0254766864284575,True,False,[7],[0.01961144414244151]
1,12,12,1,0.0165151334642368,1.025476686428457,True,False,[5],[0.03341320778165198]
1,13,13,2,0.01616219704718564,1.0254766864284581,True,False,"[7, 8]","[0.034817568760036506, 0.034817568760036506]"
1,14,14,1,0.01405015533384737,1.0254766864284572,True,False,[8],[0.027928481253489897]
1,16,16,1,0.016304808931896196,1.025476686428458,True,False,[5],[0.018149728303451785]
1,17,17,1,0.015730118749454104,1.0254766864284575,True,False,[5],[0.02967074782099672]
1,18,18,1,0.015028742957206638,1.0254766864284584,True,False,[5],[0.02335813000280179]
1,19,19,1,0.016444871184128573,1.0254766864284581,True,False,[7],[0.021167817518456564]
1,20,20,1,0.015877344244196127,1.025476686428458,True,False,[5],[0.03584369859072336]
1,21,21,3,0.014998903597256585,1.025476686428457,True,False,"[9, 12, 16]","[0.044345121702871554, 0.044345121702871554, 0.044345121702871554]"
1,23,23,1,0.016218375224315202,1.0254766864284568,True,False,[7],[0.033820194568166845]
2,0,0,1,0.015994956227659337,1.0443985637153648,True,False,[6],[0.03297389733989352]
2,1,7,1,0.016460703422037225,1.0331299680628612,True,False,[5],[0.0486042754751765]
2,2,16,1,0.01623766789328945,1.0327429156676724,True,False,[5],[0.03206976658726558]
2,3,19,1,0.016216725483612075,1.026407763395291,True,False,[15],[0.03436856550761885]
2,4,4,1,0.016206302970013492,1.03572700312897,True,False,[7],[0.03144194515081727]
2,5,12,1,0.016761996072777553,1.0299478532614808,True,False,[5],[0.028060689991917936]
2,6,17,1,0.015596652546252811,1.0353410573898971,True,False,[8],[0.03589859555328329]
2,8,2,1,0.01453984232863472,1.038988285889554,True,False,[15],[0.02598580538244992]
2,9,22,2,0.016065352668245436,1.0248004423228345,True,False,"[7, 16]","[0.056670288546698505, 0.04695069515450357]"
2,10,46,1,0.053203887323236616,1.1729168079765047,True,False,[5],[0.031444341461324334]
2,11,34,1,0.13502143806142794,1.4530536469241657,True,False,[7],[0.02245127972159783]
2,12,21,1,0.015524913710592217,1.0268772192311761,True,False,[12],[0.0369289804491698]
2,14,15,1,0.016230243353879566,1.0254766864284581,True,False,[7],[0.02706420272768255]
2,15,14,1,0.01654253706601745,1.0329130131738484,True,False,[5],[0.01500753604687751]
2,17,23,1,0.015459749757464888,1.026664606924253,True,False,[5],[0.0391097947315656]
2,19,6,1,0.01498484013603044,1.0275564726644026,True,False,[15],[0.03403312673139279]
2,20,5,1,0.016004426913612195,1.0274542514952127,True,False,[16],[0.03313025413678997]
2,21,18,1,0.01482263486122527,1.0265104907950602,True,False,[5],[0.029694694078669825]
2,22,3,3,0.016127844999384716,1.0271211347250497,True,False,"[7, 11, 15]","[0.03393687242251076, 0.03393687242251076, 0.03393687242251076]"
2,23,1,1,0.01580444310295622,1.0268579295278233,True,False,[5],[0.02184363142165576]
3,0,0,1,0.016150102884493374,1.0457589395998048,True,False,[5],[0.017156632533386215]
3,2,16,2,0.014113706651782394,1.0465689781241112,True,False,"[7, 16]","[0.05287583005989069, 0.04853912480442733]"
3,3,19,1,0.016338370107614558,1.0319626953632417,True,False,[5],[0.018853687211094042]
3,4,4,2,0.011651035775463938,1.0436708412544302,True,False,"[7, 8]","[0.04601408103477137, 0.052704269235920885]"
3,6,17,2,0.014509599222695192,1.0499610283678464,True,False,"[8, 16]","[0.05188031514940056, 0.028245228185149157]"
3,7,8,1,0.016265724722221077,1.0295124226738555,True,False,[7],[0.04857727167555874]
3,9,46,2,0.012534083891903093,1.1811254008686713,True,False,"[7, 11]","[0.05961456083661568, 0.02925120250221774]"
3,10,34,1,0.016715290274205975,1.465861304075893,True,False,[7],[0.0173205958744447]
3,11,55,1,0.06734129176695516,1.2442163915904645,True,False,[8],[0.03704108756102712]
3,12,22,1,0.016595348186291357,1.0285777416404414,True,False,[7],[0.022771155118069878]
3,13,14,1,0.016431374637284737,1.0379546961280082,True,False,[5],[0.024419927978327635]
3,14,20,1,0.01524448555747644,1.0394963573654052,True,False,[7],[0.04841567998264445]
3,15,21,1,0.015610756880385261,1.0467452473985586,True,False,[12],[0.028656830859436447]
3,16,2,1,0.016209555479523657,1.0416804930274735,True,False,[5],[0.04379088521723157]
3,18,66,1,0.03357063869702166,1.1300684391070084,True,False,[7],[0.014042055282496073]
3,19,10,1,0.01584739402036921,1.0254766864284575,True,False,[7],[0.04998512188696606]
3,20,6,2,0.016738598024253547,1.0301591485391859,True,False,"[7, 15]","[0.02153456976567251, 0.02153456976567251]"
3,21,23,1,0.01576936251487609,1.0362252015042264,True,False,[5],[0.043278900058278155]
3,22,11,1,0.01602337522174921,1.0384786639856367,True,False,[5],[0.04615992741096208]
3,23,3,1,0.016011540657908267,1.0389465091912324,True,False,[7],[0.026142775475146488]
4,0,0,2,0.011361022312625351,1.055417879576132,True,False,"[6, 7]","[0.04488322070170503, 0.04024839243161832]"
4,1,7,1,0.01599574279127813,1.0491792397445556,True,False,[5],[0.06547399387894365]
4,2,16,1,0.015905975154772274,1.0656261013660806,True,False,[7],[0.05727031032556236]
4,4,4,1,0.013384615271754594,1.0582191669763823,True,False,[7],[0.046150932586016505]
4,5,12,2,0.014772432685030158,1.0518702899958405,True,False,"[7, 8]","[0.051965585476343966, 0.036414191741806934]"
4,6,17,1,0.015661524444659392,1.0613150726697558,True,False,[16],[0.047677734037384706]
4,7,73,1,0.03544144170605183,1.123460922752683,True,False,[5],[0.01173728100417172]
4,8,61,1,0.11074120471712459,1.360293260272928,True,False,[7],[0.03101680763984174]
4,9,46,1,0.015491831420697844,1.1982547965062438,True,False,[7],[0.06303801313080623]
4,12,22,1,0.015142466791692158,1.0290289411279907,True,False,[16],[0.048979552368058954]
4,14,34,1,0.016250456229698618,1.4647610910872881,True,False,[5],[0.024636904881163487]
4,15,21,1,0.015171284773395514,1.0468807921375811,True,False,[9],[0.03779932220283085]
4,17,89,1,0.019972939170006327,1.0787417050896206,True,False,[5],[0.05933604078756384]
4,18,15,1,0.016097953117678993,1.0262733128876125,True,False,[12],[0.046808567497258965]
4,19,66,1,0.016128960452079403,1.1479157162790492,True,False,[5],[0.014576965837169107]
4,21,10,2,0.013595129134860204,1.0374024645323188,True,False,"[7, 16]","[0.019381297196655677, 0.04866788866485807]"
4,23,3,2,0.015403391756548741,1.0550768410816154,True,False,"[11, 12]","[0.02593092053485129, 0.02593092053485129]"
5,0,0,1,0.01545693963846466,1.0625183405282648,True,False,[5],[0.032026145037925356]
5,1,7,1,0.015415363136010007,1.0514182398287366,True,False,[8],[0.012247779252671603]
5,2,16,1,0.016047820192356742,1.0878356459283223,True,False,[7],[0.058811693448785785]
5,3,19,1,0.01639998525589033,1.051160689276437,True,False,[7],[0.05564043289016614]
5,4,4,1,0.016339631546881925,1.0585185059336633,True,False,[5],[0.024602258733333042]
5,5,12,1,0.016186544028054306,1.06127607971495,True,False,[5],[0.048123827992354026]
5,7,73,1,0.016054815120597817,1.1436071122885916,True,False,[5],[0.04539361467553574]
5,9,46,1,0.01516207118517363,1.2099102111438276,True,False,[5],[0.019595776492521224]
5,10,8,1,0.016047208434068455,1.0418250871712358,True,False,[5],[0.03846178562840058]
5,11,55,2,0.014778626874821078,1.2322566759526652,True,False,"[7, 8]","[0.03944154594155592, 0.05768741586729484]"
5,12,116,1,0.03840141567583176,1.2931202888110072,True,False,[5],[0.042669665487918264]
5,13,106,3,0.017570982389698966,1.04618143794071,True,False,"[15, 16, 17]","[0.04594524332626911, 0.04594524332626911, 0.04594524332626911]"
5,14,34,1,0.01629042062177911,1.4706903506050797,True,False,[7],[0.04864552770285006]
5,15,21,1,0.015847548976986522,1.060111292103297,True,False,[5],[0.01735275681998762]
5,16,2,1,0.01605848016841737,1.0554296916204893,True,False,[5],[0.04579456428696726]
5,17,22,1,0.015038363224257426,1.0409796864820753,True,False,[5],[0.07199465402510863]
5,18,14,2,0.015705327554702615,1.0523373914373764,True,False,"[7, 11]","[0.02874789304147494, 0.026544723116262166]"
5,19,20,1,0.015967796833711637,1.0449538860114913,True,False,[7],[0.050904758166551094]
5,20,10,2,0.012662900444455562,1.0376292297478105,True,False,"[8, 16]","[0.02805997333294854, 0.033934000807395885]"
5,21,89,1,0.015431010285934495,1.0908180731391721,True,False,[7],[0.03558842735093934]
5,22,15,1,0.016223208461371763,1.048943132882889,True,False,[7],[0.03122937360991392]
5,23,66,1,0.015502986600436695,1.149988431117958,True,False,[7],[0.03115014540302737]
6,0,0,1,0.01635615136582017,1.070978107119969,True,False,[6],[0.06858905210742282]
6,2,16,1,0.01629621091338634,1.1011813225931766,True,False,[5],[0.04349560758402801]
6,3,19,1,0.0158369288620608,1.069636922338249,True,False,[7],[0.059317905576605566]
6,4,126,1,0.01886343015477376,1.0866920887418994,True,False,[16],[0.02839661789408255]
6,5,17,1,0.015442659053206331,1.0623891571245754,True,False,[15],[0.029880988456831317]
6,6,4,2,0.01633411961664024,1.0622648901117142,True,False,"[7, 12]","[0.022525507081997288, 0.022525507081997288]"
6,7,12,1,0.01456015024219349,1.0649978010080359,True,False,[7],[0.039632052364553534]
6,8,73,1,0.015836753760866427,1.133505874299463,True,False,[7],[0.052243544964014885]
6,9,128,2,0.02895733216839937,1.4515494521805503,True,False,"[7, 8]","[0.09013621750367483, 0.04898076209433825]"
6,10,46,1,0.016360888135448788,1.2196883072202893,True,False,[7],[0.028937628980793117]
6,11,8,1,0.015401895313827282,1.0477289885538366,True,False,[15],[0.025991430395765402]
6,12,61,1,0.016816827844618482,1.3676186548902902,True,False,[5],[0.04903165082587371]
6,14,55,1,0.01635523085836288,1.2323777069542423,True,False,[5],[0.046309547434782904]
6,15,116,1,0.016578029423087122,1.3095312577170335,True,False,[7],[0.028735861156142975]
6,16,106,2,0.01602361678256681,1.0610486888019137,True,False,"[7, 17]","[0.04308890884343301, 0.04308890884343301]"
6,17,20,1,0.015467172212610455,1.054550400846898,True,False,[7],[0.025955713930702333]
6,18,21,2,0.015222941186521413,1.0706071214587234,True,False,"[7, 9]","[0.04608429598020828, 0.032547013096990964]"
6,19,2,1,0.016323670338659075,1.0604975884285728,True,False,[5],[0.041920007133434876]
6,21,14,1,0.016096100529324017,1.056698081971148,True,False,[8],[0.03365040179733357]
6,22,10,1,0.01593230874595085,1.0410073787487828,True,False,[5],[0.07903691357127339]
6,23,66,1,0.01592997540791788,1.159400956498677,True,False,[7],[0.05601227615675575]
7,0,0,1,0.015537522803036512,1.0926083693730766,True,False,[6],[0.04622193896570689]
7,1,7,1,0.016508180884587248,1.0602502283518853,True,False,[8],[0.04428667193811746]
7,2,16,1,0.015556216358524872,1.127571565044947,True,False,[7],[0.06621512893899356]
7,4,164,1,0.07314725284976388,1.2426370160853455,True,False,[7],[0.07023224894082788]
7,5,126,1,0.015518751297080012,1.090059675244037,True,False,[7],[0.059708662841501704]
7,6,17,1,0.01555507829258301,1.080371411112944,True,False,[16],[0.07818930030413294]
7,8,4,1,0.015811373472628662,1.064618802861799,True,False,[5],[0.024232094362716727]
7,9,12,1,0.014386550531606057,1.0803129512461533,True,False,[5],[0.0352935635810826]
7,12,46,1,0.01587951033323037,1.2219574283485977,True,False,[7],[0.037479776231650254]
7,13,8,1,0.016408326557091662,1.0477861496915462,True,False,[15],[0.08138299278013095]
7,14,61,1,0.01621777719160847,1.3820471002637114,True,False,[7],[0.04560422052284176]
7,15,34,1,0.01602204647944222,1.4869892240828395,True,False,[7],[0.04335762916898825]
7,18,106,1,0.015033464512313936,1.064600902651655,True,False,[5],[0.03894984632968546]
7,19,20,1,0.016009599995184517,1.0639652648164846,True,False,[7],[0.05381601117927402]
7,20,21,1,0.016310079002819604,1.0904932539191934,True,False,[12],[0.02317381878178264]
7,21,2,1,0.016074538031019665,1.0721890284739481,True,False,[16],[0.06998592744440779]
7,22,22,1,0.015843381062730522,1.055563630716714,True,False,[7],[0.041895080029675145]
7,23,14,1,0.01571937522244171,1.0567287813800668,True,False,[7],[0.06228819082876453]
8,0,0,2,0.011075829484598891,1.1004548240548333,True,False,"[6, 8]","[0.03968964368902263, 0.027705351230255856]"
8,1,7,1,0.015644381896746745,1.0842201879921671,True,False,[5],[0.09087960155769502]
8,3,19,1,0.015022197268766546,1.072627924080719,True,False,[8],[0.02727513720930858]
8,4,164,1,0.01611391202615528,1.2489138995910634,True,False,[11],[0.021501557010851508]
8,5,126,2,0.012184753395073,1.101535339011868,True,False,"[7, 16]","[0.059545215399669255, 0.027857053847110406]"
8,6,17,2,0.010597599204279837,1.0906563721478701,True,False,"[7, 16]","[0.027129965166146387, 0.06615551075643442]"
8,7,157,1,0.11078522610592467,1.8174759953550357,True,False,[5],[0.036186266561888204]
8,9,12,1,0.01462023499580199,1.0989415474484874,True,False,[5],[0.05184294286893372]
8,10,73,1,0.015894474263718775,1.1428818001379346,True,False,[7],[0.057436407067750356]
8,12,46,1,0.015086218417751852,1.2220410179573624,True,False,[11],[0.02325332563891102]
8,13,8,1,0.016015216835953448,1.0688607192905741,True,False,[5],[0.03555389987791958]
8,15,34,1,0.01677599789226186,1.4992278163744326,True,False,[7],[0.0617470828260792]
8,18,106,1,0.014891965448163139,1.0762930424989305,True,False,[17],[0.02552082436843363]
8,20,21,1,0.015754682806527216,1.0961069189817767,True,False,[16],[0.04696783973664371]
8,22,22,1,0.01607266593768694,1.0687549922303536,True,False,[5],[0.08127819264963158]
8,23,14,1,0.015252931779321844,1.0624217247155807,True,False,[7],[0.06517285032206781]
9,0,0,1,0.015693602583700093,1.1004882110247596,True,False,[7],[0.05632321067305037]
9,1,7,1,0.01617482687382604,1.0951308159403925,True,False,[8],[0.05995647446654243]
9,3,19,1,0.01574764513536646,1.0902293744919302,True,False,[8],[0.0525168055138896]
9,4,164,1,0.015302502046969884,1.2749569569014945,True,False,[7],[0.08935911399041385]
9,5,126,1,0.015843280882303683,1.097752026863212,True,False,[15],[0.06083077454860256]
9,6,17,1,0.015261565494159834,1.112695897090777,True,False,[8],[0.06896463255152929]
9,7,157,1,0.016376140472477485,1.844931939617729,True,False,[5],[0.06755337854600527]
9,8,4,1,0.01571734255401819,1.0866494250708547,True,False,[5],[0.03243286532540129]
9,9,12,1,0.014763240890463688,1.123896558088187,True,False,[5],[0.056988073688879974]
9,10,73,1,0.0151616653193505,1.1615045847905223,True,False,[7],[0.05981425466469497]
9,13,8,1,0.015828808035508336,1.075713756608593,True,False,[7],[0.038348056521011684]
9,14,61,1,0.015344949463474183,1.3948964291340553,True,False,[8],[0.07058235085619637]
9,15,34,1,0.013530824523215216,1.5235365799665759,True,False,[7],[0.07476405178738547]
9,16,55,1,0.016180217539661326,1.2290726360564954,True,False,[7],[0.04451667635295619]
9,17,116,1,0.0157331348517457,1.3085265538024904,True,False,[7],[0.017175514495723267]
9,18,106,1,0.01598513583955266,1.075233947668392,True,False,[7],[0.0435678249947481]
9,19,20,1,0.015957458817027474,1.0800579377589175,True,False,[7],[0.05174515207956696]
9,23,14,1,0.015673808614285273,1.0651047177765163,True,False,[11],[0.03834223424083488]
10,0,0,1,0.014313497007707761,1.1006867182617162,True,False,[7],[0.06035466288288218]
10,1,7,1,0.015763821764797806,1.1110968965295498,True,False,[8],[0.057116468497809936]
10,2,218,1,0.03615669493945073,1.1879142392700466,True,False,[7],[0.0642127048260433]
10,3,16,1,0.015986546806005728,1.13726710821083,True,False,[12],[0.0259536239381174]
10,4,19,1,0.01598437435613219,1.0920171984614555,True,False,[5],[0.04668784495157526]
10,5,164,1,0.015545890849560248,1.2805609713972472,True,False,[7],[0.06351399879520445]
10,6,126,1,0.015650660633693792,1.1103226611649746,True,False,[5],[0.01907879474539007]
10,7,17,1,0.01617434744778282,1.1234857025824092,True,False,[5],[0.07413275961554021]
10,8,157,1,0.016765367371164835,1.842736170577193,True,False,[5],[0.05779998948683358]
10,9,4,1,0.015195024540572,1.0960983101355297,True,False,[7],[0.08142108296382498]
10,10,12,1,0.01521742498376052,1.1446283471029781,True,False,[5],[0.050263556492813055]
10,11,73,1,0.014784607510823524,1.1672001198991915,True,False,[7],[0.03230865030060092]
10,12,128,1,0.015301890998475122,1.4744064557324927,True,False,[5],[0.06200961535694485]
10,14,8,1,0.015330347850989526,1.083598182723746,True,False,[7],[0.05517165341704553]
10,15,61,1,0.013431674935839627,1.4070057785728358,True,False,[7],[0.07635336004960745]
10,16,34,1,0.014624267774030928,1.5588747601747321,True,False,[5],[0.062079433346080834]
10,17,55,1,0.015446144933135649,1.2437242404774962,True,False,[7],[0.05124924828336856]
10,18,116,1,0.01639379456928231,1.3025645334982303,True,False,[8],[0.04041709330249996]
10,19,106,1,0.015223337817614814,1.087744890496243,True,False,[15],[0.06252753817428476]
10,20,20,1,0.016430248656189993,1.0898937453120057,True,False,[7],[0.02622798572642464]
10,21,209,1,0.0528324094919703,1.4708532198421784,True,False,[7],[0.03558759573550586]
10,22,22,1,0.015719455227417245,1.0855463255044424,True,False,[7],[0.055764227023608254]
10,23,14,1,0.014174710682134732,1.088766317299008,True,False,[7],[0.07157880817794683]
11,0,0,2,0.014805987398797188,1.1094830268576248,True,False,"[7, 15]","[0.08414561513949048, 0.04446544668128646]"
11,1,7,1,0.015027776314736833,1.1318506873764091,True,False,[8],[0.06384195874428489]
11,2,253,1,0.024777672610592612,1.268051957097913,True,False,[5],[0.044344803043032184]
11,3,218,1,0.015535219094389142,1.1989893653829389,True,False,[7],[0.07919051054826101]
11,4,16,1,0.01349165370289185,1.149962133789245,True,False,[5],[0.04007186703940113]
11,5,19,1,0.014079412895928506,1.106066661830041,True,False,[7],[0.05787063835918604]
11,6,164,3,0.010924823640049848,1.2792501045147104,True,False,"[7, 8, 11]","[0.04217347182589176, 0.06604606844518571, 0.03516039727309902]"
11,8,17,1,0.015763755138557736,1.1236214571171408,True,False,[8],[0.021436591899210856]
11,10,4,2,0.015001843579175677,1.1078437851916783,True,False,"[7, 8]","[0.0722356468288609, 0.022903183885973115]"
11,11,12,1,0.014543391055410502,1.1640482948978068,True,False,[5],[0.03418957549194242]
11,12,73,1,0.014415126543839682,1.1903661249622075,True,False,[5],[0.0642404805636566]
11,13,128,1,0.01528722629340853,1.4980701622373729,True,False,[5],[0.04652570649592886]
11,14,46,1,0.015487020455374471,1.2405238901265998,True,False,[7],[0.06965172113311585]
11,15,8,1,0.016013460342688832,1.092066204545682,True,False,[5],[0.02084169425037639]
11,17,34,1,0.014213996520893082,1.5732009088172285,True,False,[7],[0.058176800542376686]
11,18,55,1,0.016217154284790525,1.2462833507568145,True,False,[7],[0.05365130886068077]
11,19,116,1,0.015202341002931108,1.312443305952926,True,False,[5],[0.04607488529388052]
11,20,106,1,0.015812946559424276,1.0956667014588877,True,False,[7],[0.04558313352467927]
11,22,22,2,0.015069126685484102,1.1000294713978631,True,False,"[7, 16]","[0.07392741053460414, 0.03286017707633936]"
12,0,0,1,0.01597462474560609,1.1194250096562566,True,False,[15],[0.05688503367116806]
12,1,7,1,0.015087166039584434,1.1561867664358838,True,False,[8],[0.06926696654112184]
12,2,253,1,0.01383150716716044,1.263077841567528,True,False,[11],[0.023555943559430376]
12,3,218,1,0.015927373385630543,1.2104125018914635,True,False,[5],[0.04394770923653642]
12,4,16,1,0.016086708928432496,1.1523870027737746,True,False,[7],[0.0995858577918192]
12,5,19,3,0.011567604860985558,1.1083792256364766,True,False,"[7, 8, 15]","[0.07049155528355266, 0.061408852362812176, 0.059186883349747275]"
12,6,164,1,0.015655010089342527,1.2880084916404813,True,False,[7],[0.05090076517269405]
12,7,126,1,0.015648475225605533,1.1221920388094162,True,False,[8],[0.03852683677727216]
12,8,17,3,0.012988869637855222,1.1193320919806538,True,False,"[8, 15, 16]","[0.04630090157669804, 0.059545557323141124, 0.06312028042436853]"
12,9,157,1,0.013619408819932285,1.8630334129395993,True,False,[5],[0.05179374597089779]
12,12,285,1,0.020716017535532472,1.1166331926782682,True,False,[16],[0.07623071098998785]
12,14,128,1,0.01461767251147639,1.5223404530629991,True,False,[7],[0.0773314274603935]
12,15,46,1,0.013135979144755132,1.2601545802246434,True,False,[7],[0.07906203953496814]
12,16,8,1,0.016032438563219256,1.0969090595569067,True,False,[15],[0.03318352078044926]
12,18,34,1,0.016103065550572317,1.566621065163705,True,False,[7],[0.08139433545294653]
12,20,106,1,0.01568608499584282,1.116365314937529,True,False,[7],[0.054267877381604226]
12,22,22,1,0.015814232507114355,1.1150936118229926,True,False,[5],[0.10563265438714468]
12,23,14,1,0.016134626490936915,1.0875426015685337,True,False,[16],[0.030578827098911156]
13,0,0,1,0.016020153522834514,1.1192277534454445,True,False,[5],[0.04807578590479557]
13,1,7,1,0.014619740781438425,1.1750825337545543,True,False,[8],[0.0665563844124225]
13,2,253,1,0.015199684859013471,1.279598183613936,True,False,[7],[0.08048404533523301]
13,3,298,2,0.03787822898791642,1.203144888507641,True,False,"[7, 11]","[0.07809962622928053, 0.018373269479563956]"
13,4,218,1,0.015698193498847244,1.2336110470490922,True,False,[5],[0.051679407650721126]
13,5,16,1,0.015586196001162322,1.1688136217961322,True,False,[5],[0.05353118729122329]
13,6,19,1,0.015332118809488995,1.1121355233468009,True,False,[5],[0.03874532250371323]
13,7,164,2,0.014141573490270265,1.2905218166007506,True,False,"[8, 11]","[0.05417443819724061, 0.03744309978940387]"
13,8,299,1,0.031134685521637315,1.2478055641185661,True,False,[5],[0.0669007603438794]
13,9,126,1,0.014596360531640738,1.1420546191039005,True,False,[7],[0.08352339064640797]
13,10,17,2,0.014614789484819554,1.1276045419757257,True,False,"[7, 8]","[0.07918970575003834, 0.048717289043395846]"
13,11,157,1,0.016326870153055655,1.8476984048486207,True,False,[6],[0.03481345898081061]
13,12,4,1,0.014797615395090778,1.1104950371482034,True,False,[8],[0.02511618459147811]
13,13,12,2,0.014598636579603417,1.1827137214869794,True,False,"[7, 8]","[0.05217333918281892, 0.05328318992943155]"
13,14,285,1,0.015211954159573141,1.120299536989622,True,False,[5],[0.06890028513820859]
13,15,73,1,0.015605569014616781,1.1784645648399636,True,False,[15],[0.03934780948120864]
13,16,128,1,0.016957173406527734,1.5038962028290883,True,False,[7],[0.08377394459298666]
13,17,46,1,0.014820384801339424,1.2728962135134378,True,False,[5],[0.07375778504673836]
13,18,8,1,0.015931093248907742,1.1037318320622267,True,False,[7],[0.10134548392475819]
13,19,61,1,0.015785214006485918,1.4281869929595286,True,False,[7],[0.061652306623562976]
13,20,34,1,0.013113740340152587,1.5945371696983426,True,False,[5],[0.02711826785740292]
13,22,106,1,0.015421292534480073,1.1216274383046059,True,False,[7],[0.08014770160527417]
13,23,14,1,0.01569976736919097,1.1026947777345646,True,False,[5],[0.029312761300369]
14,0,0,1,0.016120023756052607,1.125711696418663,True,False,[5],[0.06094657878532972]
14,1,7,1,0.015822311868643094,1.1751297870263655,True,False,[7],[0.0347017456882851]
14,2,253,1,0.015606023835512895,1.2844639452333186,True,False,[5],[0.048218190933092174]
14,3,298,1,0.015286851808568749,1.2205382706676047,True,False,[7],[0.0826758924743876]
14,4,333,1,0.02386747290420662,1.155416009890812,True,False,[5],[0.048396513126485644]
14,5,218,1,0.014923529998260356,1.2503139462305104,True,False,[7],[0.0844951740023704]
14,7,19,1,0.016228791859910024,1.115450060979499,True,False,[5],[0.0893821765624526]
14,8,164,1,0.015580222487551724,1.3004088766037936,True,False,[11],[0.03983188979469363]
14,9,299,1,0.014692678964190591,1.2714318430879494,True,False,[7],[0.09085497347614581]
14,10,126,1,0.01526120210908302,1.1623225929341536,True,False,[5],[0.05614462317943547]
14,11,17,2,0.011429314475364947,1.1239804812872571,True,False,"[8, 15]","[0.06597215391528848, 0.043514349683140156]"
14,12,157,1,0.014137404221299252,1.8869302895581899,True,False,[5],[0.07121865575166672]
14,13,4,1,0.015272924749366175,1.1243141456780064,True,False,[7],[0.06115610254866524]
14,14,12,1,0.014269202965857914,1.2020564445385258,True,False,[7],[0.08248684467330872]
14,17,128,1,0.014585496870874707,1.5115125907489788,True,False,[7],[0.0677618102474095]
14,18,46,1,0.015740814340648293,1.2655457392596003,True,False,[7],[0.09306240508226093]
14,19,8,1,0.015839989675622907,1.116505482517517,True,False,[7],[0.0863275594852422]
14,20,61,1,0.014911771717821399,1.4623069820681054,True,False,[7],[0.05668185545961723]
14,21,34,2,0.013293475004899564,1.597233569661246,True,False,"[6, 7]","[0.05616218042528438, 0.06400907088388295]"
14,23,106,3,0.012673362176609452,1.1230257665679628,True,False,"[7, 15, 17]","[0.07336646230010231, 0.033232803371745556, 0.033232803371745556]"
15,1,7,2,0.01335828235581498,1.1911507628521043,True,False,"[8, 15]","[0.07836672036982338, 0.036966837840590475]"
15,2,253,1,0.014250550293086117,1.3105098642981197,True,False,[7],[0.07122904723192673]
15,3,298,2,0.01057652820061194,1.2316847674679667,True,False,"[7, 12]","[0.08478160974305742, 0.034126413100674956]"
15,4,333,1,0.014733105922527747,1.1715219781194042,True,False,[11],[0.03855850761844583]
15,5,218,1,0.015223183555938886,1.2692142972232785,True,False,[5],[0.0825420091807348]
15,6,16,1,0.015989923764253323,1.1676821612347605,True,False,[7],[0.06221404998437154]
15,7,19,1,0.01582579521192693,1.1303091161539247,True,False,[5],[0.0881324431062029]
15,8,164,1,0.015252252445799417,1.3171702687953217,True,False,[7],[0.05318365352675127]
15,9,299,1,0.013348424983251839,1.3012780700268312,True,False,[7],[0.09964334812539292]
15,10,126,1,0.015126512621328659,1.1616875512039493,True,False,[16],[0.024089734150028564]
15,11,17,1,0.014728999589144335,1.1224842929356509,True,False,[8],[0.061751973507770105]
15,12,157,1,0.0165624544105569,1.877275161875724,True,False,[6],[0.0429709208473481]
15,13,4,2,0.013457391354612014,1.1319090424586005,True,False,"[7, 12]","[0.07612379918958895, 0.03930018666745744]"
15,15,285,1,0.01295048006508658,1.1341041343156566,True,False,[7],[0.06996511484201035]
15,16,73,1,0.016147482199461494,1.1831884609774193,True,False,[7],[0.0971448771429486]
15,17,128,2,0.012716116685697016,1.5171464118446802,True,False,"[7, 8]","[0.08239783889311361, 0.04935111380655185]"
15,18,46,1,0.01550736906151463,1.264381529453647,True,False,[7],[0.10018100994598027]
15,19,8,1,0.01604755811845311,1.1217079839868305,True,False,[17],[0.03841803329874928]
15,21,34,1,0.01524550314920825,1.6184176057370119,True,False,[5],[0.04778715026399307]
15,22,287,1,0.01778108525761779,1.1062785892029363,True,False,[5],[0.10427512275883905]
15,23,106,1,0.014177615264933018,1.1293999499200522,True,False,[5],[0.035234909458249114]
16,2,253,1,0.015507591490396043,1.317532386438169,True,False,[5],[0.06154980647044941]
16,3,298,1,0.015610951843777952,1.2277213004050551,True,False,[11],[0.03586059543130143]
16,4,333,3,0.008363769371034715,1.1709993399189507,True,False,"[7, 12, 16]","[0.08378825742043666, 0.04126961550324467, 0.03922302243992552]"
16,5,218,1,0.01475815087936527,1.2905686191605652,True,False,[7],[0.0869718277383608]
16,6,16,2,0.012646731891448364,1.1766994966934428,True,False,"[7, 12]","[0.06486937809421661, 0.03823393940309104]"
16,7,19,1,0.015523075811210015,1.127772191628589,True,False,[8],[0.08080452608005925]
16,8,164,2,0.010554384286964539,1.3273658273112297,True,False,"[7, 11]","[0.05396454480913048, 0.054520536671735224]"
16,9,299,1,0.014330501160444889,1.3288631502366177,True,False,[7],[0.1045728985021774]
16,10,126,1,0.01461507006031544,1.1827805477530622,True,False,[5],[0.06518500173964788]
16,11,17,1,0.012670752520168187,1.1464414219431214,True,False,[16],[0.024451267772205496]
16,12,157,1,0.01552533049005031,1.8756399879630299,True,False,[6],[0.0677166569239547]
16,13,4,1,0.016036543262469873,1.1325127852507868,True,False,[8],[0.058248270018939736]
16,15,285,1,0.01354779384448006,1.1578399376093582,True,False,[7],[0.07635117163921551]
16,17,128,2,0.013747386484816753,1.5305404419436721,True,False,"[7, 8]","[0.09563509703437907, 0.07113736578525963]"
16,19,8,1,0.015819460109968514,1.1205973063651151,True,False,[15],[0.0552656514478102]
16,20,61,1,0.015514643318138968,1.4736749682631611,True,False,[5],[0.0631105289122682]
16,21,34,1,0.01606235413900298,1.623315890712578,True,False,[7],[0.06688641322604238]
16,22,287,1,0.014776323636243746,1.1146174680559178,True,False,[7],[0.0809013353429876]
16,23,106,2,0.016159402530509622,1.121716056346172,True,False,"[15, 17]","[0.04429880692665265, 0.04429880692665265]"
17,0,0,1,0.015602954102700722,1.134671734423652,True,False,[15],[0.07102024122551098]
17,1,7,1,0.015040904547554539,1.2136919149949006,True,False,[8],[0.07697961158008479]
17,2,253,1,0.015162829962267907,1.325016091890732,True,False,[5],[0.07407252569308422]
17,3,298,1,0.015855901425997396,1.2144682942759466,True,False,[11],[0.03341968611655793]
17,6,384,1,0.01753609859534732,1.1213123199897752,True,False,[6],[0.05206396011970274]
17,7,16,1,0.016058646515912472,1.1776844529261576,True,False,[5],[0.09192906166793768]
17,8,19,1,0.014941024786107794,1.1354012841799734,True,False,[8],[0.045896464243137904]
17,9,164,1,0.013119322348447527,1.3519752543370744,True,False,[5],[0.07556893121252041]
17,11,126,2,0.010368751203255182,1.1907453349719053,True,False,"[7, 15]","[0.04630735440396584, 0.03748719144168398]"
17,12,17,4,0.010313808619041883,1.1545569416010881,True,False,"[7, 8, 15, 16]","[0.042975552367471276, 0.04173805734536531, 0.03856697352344995, 0.07370516223915567]"
17,13,157,2,0.010356799822476385,1.8856503165746212,True,False,"[7, 16]","[0.07835475188136781, 0.07202543203572373]"
17,14,4,1,0.014495615277815895,1.1324786855091726,True,False,[11],[0.03790896695517596]
17,15,12,1,0.015337574080701466,1.2047235985928426,True,False,[15],[0.05924692182438085]
17,16,285,1,0.014585231093306545,1.1725478692294653,True,False,[5],[0.08102020165607748]
17,18,128,1,0.01564877091597517,1.5383679865363253,True,False,[5],[0.07277927117451924]
17,19,46,1,0.016048218257452458,1.2424957884487482,True,False,[11],[0.03218502277508135]
17,20,8,1,0.015359114795022734,1.125840805614422,True,False,[17],[0.03862816462034833]
17,21,61,1,0.015492603929763602,1.4705615010272415,True,False,[7],[0.1149443321743603]
17,22,34,1,0.014525621747442556,1.6449522423058038,True,False,[7],[0.081452608278533]
17,23,106,1,0.01550182175142424,1.1371205755981455,True,False,[8],[0.0480200872601193]
18,1,7,1,0.013657040966627605,1.22162819288676,True,False,[15],[0.0569744228425394]
18,2,253,1,0.014946651464436187,1.340775037017626,True,False,[5],[0.06514641641645093]
18,3,298,2,0.010791073390698399,1.2282570686728524,True,False,"[7, 11]","[0.08878550007839346, 0.03590599494433059]"
18,4,333,1,0.014549842959642696,1.1883359668754299,True,False,[5],[0.06739271689364248]
18,5,218,1,0.014262334573795107,1.3063448567639562,True,False,[5],[0.0830700470632747]
18,6,384,1,0.01476449999257351,1.129113701950949,True,False,[5],[0.03624497950337402]
18,7,16,1,0.015870844955143414,1.191034469396173,True,False,[5],[0.10101595472883074]
18,8,19,2,0.010422546893103502,1.1417154974231305,True,False,"[7, 8]","[0.05631962293246334, 0.052578229051343586]"
18,10,299,2,0.014967301537634413,1.34588741057661,True,False,"[7, 8]","[0.09434518520739162, 0.07037976110154409]"
18,11,126,1,0.0155510374997623,1.189975994484608,True,False,[15],[0.036796476270889146]
18,12,17,1,0.014772688186791201,1.177349605103276,True,False,[5],[0.09062113920686798]
18,13,157,1,0.014509931438680535,1.9108921604589277,True,False,[5],[0.058171204907854275]
18,14,4,1,0.015396079546082752,1.1352051970435861,True,False,[8],[0.08603920034413225]
18,15,12,1,0.014588914672574125,1.2212213564047778,True,False,[5],[0.03801634217793419]
18,16,285,1,0.01590287566659974,1.181687735525618,True,False,[7],[0.09378822506882976]
18,17,73,1,0.014934847446261034,1.204401892179383,True,False,[5],[0.09344070695087868]
18,18,128,1,0.015455520535098043,1.5598716807865638,True,False,[5],[0.07476979757973747]
18,19,46,1,0.015852338886069885,1.2541732193547417,True,False,[5],[0.0674802965041618]
18,20,8,1,0.015822191559366365,1.1112906897975858,True,False,[15],[0.03505624806237691]
18,21,418,1,0.05612407913677768,1.4661056477109482,True,False,[5],[0.05891738111043575]
18,22,61,1,0.015008817875751384,1.4829042251573297,True,False,[5],[0.10662526136775986]
18,23,106,2,0.012985383934311635,1.149246373128686,True,False,"[7, 17]","[0.07769716643057041, 0.041327715204765074]"
19,1,7,2,0.010603926834043128,1.232047238388493,True,False,"[7, 8]","[0.054218681970474296, 0.07097406708452063]"
19,2,253,1,0.015024369419159293,1.3651409907174017,True,False,[5],[0.06463662160472373]
19,3,298,3,0.008864170837676294,1.2360020946128196,True,False,"[7, 11, 12]","[0.08277007073014891, 0.04289990713587015, 0.037953217181803146]"
19,5,218,1,0.015123499928737905,1.328338656822844,True,False,[7],[0.0997452244848801]
19,8,19,1,0.015847043202070022,1.1580458089542165,True,False,[15],[0.08003127075717187]
19,9,164,2,0.01555593700527063,1.3439484358921525,True,False,"[8, 11]","[0.06736957148019732, 0.04648573225133711]"
19,11,126,2,0.009454644423076742,1.1933247642611715,True,False,"[8, 15]","[0.06927689456257319, 0.033634397078746124]"
19,12,17,1,0.012633566667976928,1.177414210972922,True,False,[16],[0.0778427074401509]
19,13,157,1,0.015224237522238704,1.9340075983006815,True,False,[5],[0.07549241050015781]
19,16,285,1,0.012373238449090638,1.2040541914559788,True,False,[5],[0.0727180003994124]
19,17,73,1,0.014611669175384683,1.2276850147381313,True,False,[5],[0.09186799569506134]
19,19,46,1,0.01507570403064883,1.2670790169892128,True,False,[7],[0.0819566977777252]
19,20,8,3,0.012052023076819506,1.1140703278819215,True,False,"[7, 15, 16]","[0.07459917084133531, 0.06045561562633597, 0.0757381538628393]"
19,21,418,1,0.015217429020239991,1.490592668222574,True,False,[5],[0.0599537963195434]
19,22,61,1,0.015923586706074497,1.4875214105183718,True,False,[8],[0.04996246699614923]
19,23,106,1,0.01569143170986434,1.1523220672834016,True,False,[5],[0.051250977088752536]
20,0,0,1,0.014703041242656962,1.1439948785033076,True,False,[7],[0.07461922909247598]
20,2,253,1,0.014489881347877232,1.3810790551229444,True,False,[7],[0.08846369252170107]
20,3,298,1,0.013487750945465912,1.2646407675664104,True,False,[7],[0.08328881533652276]
20,4,7,1,0.014965794428674996,1.259941754751105,True,False,[8],[0.04933365931531033]
20,5,218,1,0.014325642132301489,1.3501406443704989,True,False,[5],[0.09482112730171213]
20,6,333,1,0.014666743768444228,1.1907112842056895,True,False,[7],[0.08431169868762764]
20,7,16,1,0.015711688408792997,1.1915481950769988,True,False,[16],[0.03330005199909933]
20,9,164,1,0.01462691209660628,1.3695134106571452,True,False,[7],[0.10201769331268332]
20,10,384,3,0.011491636743710678,1.1336791674272615,True,False,"[6, 7, 15]","[0.024656987065873416, 0.08513461789713096, 0.024656987065873416]"
20,11,126,1,0.014066987337586158,1.2007700651193909,True,False,[7],[0.06830418949156343]
20,12,17,1,0.016159883925281684,1.1904322095512931,True,False,[15],[0.034847398752995175]
20,14,157,1,0.013676425427473788,1.972360245043251,True,False,[7],[0.08856882252351647]
20,16,12,1,0.01602029125376231,1.2305071028030363,True,False,[7],[0.09993748962909582]
20,18,285,1,0.015231042927961114,1.214895363802063,True,False,[7],[0.10665733806190585]
20,19,73,1,0.015243597488558035,1.2348002067848052,True,False,[7],[0.08350343295875175]
20,20,128,1,0.015640848906233167,1.5814547262540024,True,False,[5],[0.08792351551540087]
20,22,8,1,0.015151932906910259,1.1117010268961178,True,False,[7],[0.10809572633632479]
20,23,61,1,0.0142096424963406,1.4873320731735296,True,False,[8],[0.06796110397315146]
21,0,0,3,0.008652760072528198,1.1536745370787533,True,False,"[6, 7, 15]","[0.05188423859090573, 0.07340239637148657, 0.07547278662540183]"
21,1,470,1,0.03527433056744169,1.1707092488766795,True,False,[5],[0.09835828244847465]
21,2,253,1,0.014393450177722762,1.4130067598425542,True,False,[5],[0.056925300036972055]
21,3,298,1,0.013191799813018337,1.2938858205160448,True,False,[7],[0.07916356193228054]
21,4,7,1,0.015087988722986743,1.2884269207176715,True,False,[8],[0.06225857742586317]
21,5,218,1,0.014695763111909264,1.3789305860396899,True,False,[5],[0.09536618813226208]
21,6,333,1,0.014262180111344922,1.2028071050102431,True,False,[7],[0.0797006250426571]
21,8,19,2,0.012677472881261247,1.1717848502308443,True,False,"[8, 15]","[0.08004874673349302, 0.09807949257172914]"
21,9,164,1,0.01596148353902822,1.3636132756699073,True,False,[11],[0.06468794222686458]
21,10,384,3,0.014003468211771435,1.1362179482505508,True,False,"[6, 15, 16]","[0.04914492111992459, 0.04914492111992459, 0.05141757218006419]"
21,12,17,2,0.01172581222211575,1.1939061702051397,True,False,"[15, 16]","[0.04944108161309279, 0.08387374019831377]"
21,13,299,2,0.013163740553841579,1.3445257188421207,True,False,"[6, 8]","[0.042357877649635674, 0.07229928695201471]"
21,14,157,1,0.01564846768017808,1.998433898594859,True,False,[5],[0.0628564505534875]
21,15,4,2,0.011489273464003476,1.1455809581739356,True,False,"[7, 12]","[0.08018506075294501, 0.03783860900235422]"
21,16,12,1,0.01494260260639904,1.2472611398761444,True,False,[7],[0.08993435176185506]
21,17,460,1,0.02925112628825995,1.2641474841018983,True,False,[7],[0.10888967370139616]
21,20,128,1,0.015489331847002597,1.5939134717000811,True,False,[7],[0.08535742827620606]
21,21,46,1,0.0145727267308453,1.2939626263710138,True,False,[5],[0.0608712237589907]
21,22,8,2,0.012145881020676933,1.123654268411895,True,False,"[7, 17]","[0.13559825567414593, 0.05403480049954237]"
22,0,0,2,0.010227906803875909,1.160000442299428,True,False,"[6, 7]","[0.07094322123799926, 0.07108659455856127]"
22,1,470,1,0.015585590293267957,1.1801945794101822,True,False,[7],[0.06110057394694184]
22,2,253,1,0.014195586921341463,1.4425254244852537,True,False,[5],[0.07710192687805568]
22,3,298,2,0.01029073574133333,1.3083193324460538,True,False,"[7, 12]","[0.07379537037956158, 0.05642907023458588]"
22,5,218,1,0.01461391053794387,1.4075192607545501,True,False,[7],[0.08516375376009949]
22,6,333,1,0.01495261413349736,1.2206985327578193,True,False,[5],[0.05366749530856278]
22,7,16,1,0.013266897599212948,1.2104213831139163,True,False,[7],[0.039150672215340326]
22,8,19,2,0.010207088994005737,1.1833428069593936,True,False,"[7, 8]","[0.06830305150095589, 0.08224408176075078]"
22,9,164,1,0.014065038948250267,1.3699856367435648,True,False,[11],[0.06963285034934917]
22,10,384,2,0.01549355077144895,1.1365834247208777,True,False,"[6, 15]","[0.050913406589577666, 0.050913406589577666]"
22,12,17,1,0.014910881461613804,1.2014345400191757,True,False,[15],[0.05302916977780724]
22,13,299,1,0.014753896488553306,1.3652978845030044,True,False,[5],[0.07494331263183096]
22,14,157,1,0.014213073594184937,2.041033136228728,True,False,[5],[0.07393016154413176]
22,15,4,1,0.01399119207284728,1.1668660136791154,True,False,[7],[0.09002842229381991]
22,16,12,1,0.012574230746880308,1.2744446126272106,True,False,[5],[0.07654266436022597]
22,18,285,1,0.014867746754111661,1.234067911549063,True,False,[7],[0.0977446086337409]
22,20,128,1,0.015451620956115127,1.5911885065863416,True,False,[8],[0.04835888223329947]
22,21,46,1,0.013553099614783196,1.3220227032335574,True,False,[5],[0.05694332429812217]
22,22,8,1,0.014536639450266951,1.1374929116715229,True,False,[7],[0.13327547718831825]
22,23,61,1,0.015013085544745595,1.5057674058961632,True,False,[7],[0.09179499902469625]
23,0,0,3,0.011159023986637116,1.1640043068699693,True,False,"[6, 7, 8]","[0.0797107391601453, 0.07463720945430877, 0.055108934740666464]"
23,1,470,1,0.014109610190859522,1.2043317221573426,True,False,[7],[0.06571205357753859]
23,2,253,1,0.014001626527058126,1.4633111836496784,True,False,[7],[0.09822027893787118]
23,3,298,1,0.012897748743626324,1.3074676622936698,True,False,[12],[0.062513578363986]
23,4,7,1,0.015118672149792078,1.319576151923625,True,False,[8],[0.06068181176502514]
23,5,532,1,0.08410002816986444,1.448025033429665,True,False,[7],[0.07833209972495034]
23,6,218,1,0.014990524529450822,1.4286038227005955,True,False,[5],[0.07065309518250239]
23,7,333,1,0.015066593289026844,1.2202166435702606,True,False,[12],[0.025143845883819144]
23,11,384,1,0.014999991867546393,1.1403038138519683,True,False,[6],[0.03502983816797898]
23,12,126,3,0.01051388195408928,1.2096266844334218,True,False,"[7, 15, 16]","[0.057072986068874745, 0.05613311146285004, 0.08218709881992131]"
23,13,17,1,0.015854291313931564,1.199122402234388,True,False,[15],[0.07987165496997575]
23,15,157,1,0.015826754026872388,2.0530629979656263,True,False,[5],[0.04497347879715568]
23,16,4,1,0.014837233348898058,1.1792387313636876,True,False,[7],[0.10733123267323229]
23,17,12,1,0.014072905325968865,1.290826500564096,True,False,[7],[0.11609360331956955]
23,18,460,1,0.014870568430884544,1.2756952538256883,True,False,[5],[0.08925561651533503]
23,19,285,1,0.014116262714589985,1.263018802119673,True,False,[7],[0.08042827922883891]
23,20,73,1,0.014999042536381301,1.2520061134405605,True,False,[7],[0.0729227871401923]
23,21,128,1,0.014709367502956186,1.6085604181506268,True,False,[5],[0.07605852212103371]
23,22,46,2,0.011831563986150652,1.3395016255758312,True,False,"[7, 11]","[0.1231157769395614, 0.05514770072433147]"
24,0,0,1,0.012223348501887481,1.1798580241208554,True,False,[7],[0.06979185251113133]
24,1,470,1,0.013630244381246565,1.2304509086015754,True,False,[7],[0.07548897992790782]
24,2,253,1,0.014169380850195087,1.4959619245240523,True,False,[5],[0.08333023989199123]
24,3,298,1,0.0156487562798197,1.316388244730542,True,False,[5],[0.05359979957891031]
24,5,532,1,0.014841932324797255,1.4667902044843133,True,False,[8],[0.07795429575874589]
24,7,333,3,0.010933528300880572,1.2186832058068862,True,False,"[7, 11, 12]","[0.05108543509568599, 0.05859963292143677, 0.042978344959620024]"
24,8,16,1,0.014811700904882713,1.220025921712472,True,False,[5],[0.07323464774505298]
24,9,19,1,0.014098933581497664,1.1946605877429495,True,False,[7],[0.10024323681672564]
24,10,164,1,0.015489483098827124,1.3801688973398025,True,False,[8],[0.07343860383620864]
24,11,384,1,0.01506722382178108,1.1374179669988567,True,False,[15],[0.05282772238463662]
24,12,126,1,0.014501310128152263,1.216786920303032,True,False,[15],[0.058742276277523715]
24,13,562,2,0.05591941450165851,1.5753743774721387,True,False,"[7, 8]","[0.07506739434272512, 0.08626849498778465]"
24,14,17,1,0.01463100391210807,1.1997721781279855,True,False,[8],[0.08196228643980172]
24,15,299,1,0.013187302793304915,1.3841936494157534,True,False,[7],[0.10816351782484011]
24,16,157,1,0.013766257196354608,2.0922127092510068,True,False,[7],[0.1183371886381642]
24,17,4,2,0.012839951659272254,1.1895885639438366,True,False,"[7, 12]","[0.12735172278644147, 0.0423261466628829]"
24,19,460,1,0.014491736913021148,1.2741482924271152,True,False,[12],[0.04052723864213605]
24,22,128,1,0.01370407018078744,1.6339292937939547,True,False,[7],[0.12285374358033564]
24,23,46,1,0.015538896108405751,1.3447905701653258,True,False,[7],[0.10834283187896489]
25,0,0,1,0.015747547381319248,1.2000079154841379,True,False,[5],[0.07313201839219442]
25,4,7,2,0.011717149255311858,1.3324184834369295,True,False,"[7, 8]","[0.09743364798068066, 0.06322792045910577]"
25,5,532,1,0.013827504442186299,1.491856597526187,True,False,[8],[0.07420703431889053]
25,6,218,1,0.014602699625188157,1.4481238309018332,True,False,[5],[0.07104692170426953]
25,7,333,1,0.01315254396094799,1.2277625336775322,True,False,[7],[0.0633913315654094]
25,8,16,1,0.01487111964770797,1.2197377590180596,True,False,[12],[0.034600763532539464]
25,9,19,1,0.01433539512681083,1.213021803359794,True,False,[7],[0.10402119465433074]
25,10,164,1,0.01463866667005967,1.409400519703443,True,False,[7],[0.09907873542921031]
25,11,384,1,0.015488621984009446,1.140124804556434,True,False,[6],[0.0469546985853678]
25,14,562,2,0.00978537480436177,1.5868412680977024,True,False,"[7, 8]","[0.09074003947648022, 0.08870706946331125]"
25,15,17,1,0.014377977646841967,1.2024456081937445,True,False,[16],[0.034972891911563546]
25,17,157,1,0.014332090432013446,2.1174377096962065,True,False,[5],[0.09424376535766908]
25,18,4,1,0.015385142167200069,1.2029378304934795,True,False,[7],[0.10066897060917046]
25,19,12,1,0.015699035831442266,1.296870830651642,True,False,[6],[0.032007441228308724]
25,20,460,2,0.011966827088460544,1.265212925304808,True,False,"[7, 12]","[0.08386356493276373, 0.048262986086994177]"
25,21,566,1,0.03260401938181936,1.4960777320840213,True,False,[5],[0.07378073443895411]
25,22,560,1,0.03378279144900351,1.3027960228981628,True,False,[7],[0.1380557808011893]
25,23,46,2,0.010474761466346542,1.3479022459232122,True,False,"[7, 11]","[0.08764203566594082, 0.053521454210805675]"
26,0,0,1,0.014228165120409818,1.2081882263121102,True,False,[6],[0.06345543358582363]
26,1,601,2,0.06499732143868966,1.3978787332104856,True,False,"[7, 15]","[0.10132411505571799, 0.09080349917039153]"
26,2,470,1,0.014949538206625439,1.2257735371681115,True,False,[12],[0.05050474979034052]
26,3,253,1,0.015354980075845383,1.506465001219884,True,False,[5],[0.05858954864887864]
26,4,298,1,0.01485186358023399,1.3283306183207733,True,False,[5],[0.07113809836261165]
26,5,7,1,0.013386234554844095,1.3552045737768532,True,False,[8],[0.07260116145517498]
26,6,532,1,0.014854821458826092,1.4951966567961577,True,False,[5],[0.08496607502510434]
26,7,218,1,0.015352319286257389,1.4434270067550696,True,False,[8],[0.09571086968014036]
26,8,333,1,0.014513276065607343,1.2485513659311234,True,False,[7],[0.09235698065043584]
26,9,16,1,0.01379635883175328,1.237622143961143,True,False,[7],[0.11122203619822847]
26,10,19,1,0.014435665016704999,1.2150509795489375,True,False,[8],[0.0688308853331783]
26,11,164,1,0.01474097040555609,1.4154641149835243,True,False,[7],[0.07685965444822022]
26,12,384,1,0.015003267886430619,1.1543729568202739,True,False,[6],[0.06513822368511128]
26,13,597,1,0.09130732306303335,1.5319116167696292,True,False,[8],[0.08984716799129523]
26,14,126,3,0.012633723155677706,1.225504491529965,True,False,"[7, 15, 16]","[0.0917535555970621, 0.030746882793662965, 0.030746882793662965]"
26,15,562,1,0.015242906562610273,1.584638789689587,True,False,[5],[0.06465971163174032]
26,18,157,1,0.016214262650320305,2.106469345836591,True,False,[6],[0.03216750680766358]
26,19,4,1,0.015242897575940313,1.2044867939603996,True,False,[12],[0.09083393910925]
26,20,12,1,0.014365491146179257,1.30668903215059,True,False,[7],[0.0918202875189365]
26,22,560,2,0.012486762142617937,1.3152289195491766,True,False,"[7, 12]","[0.14147716989802098, 0.03732028286103847]"
26,23,46,1,0.014901875435791377,1.3632024079815632,True,False,[5],[0.051265879482244536]
27,0,0,1,0.01568654902704379,1.2206389414752818,True,False,[15],[0.09631083316470368]
27,1,601,1,0.01537815118520931,1.4014405101267928,True,False,[11],[0.03242069903555219]
27,2,470,1,0.015138903967378636,1.237572297334003,True,False,[7],[0.10182383445094167]
27,4,298,1,0.01533259353957779,1.3387410929518477,True,False,[5],[0.07829795895110751]
27,5,7,1,0.013934517974082555,1.3749129318777422,True,False,[8],[0.06863289215026637]
27,6,532,1,0.01474935900496476,1.4951473474026344,True,False,[7],[0.08917898695006497]
27,7,218,1,0.013486429787398058,1.4424033461057855,True,False,[12],[0.05613618358866499]
27,8,333,2,0.010779822505235471,1.2488877458228411,True,False,"[7, 12]","[0.09035782068168664, 0.055243372321555254]"
27,9,16,1,0.01572445809859628,1.2405285302954985,True,False,[12],[0.03290691470834982]
27,11,164,1,0.014566107586331856,1.4192661899044123,True,False,[8],[0.09824501760102404]
27,13,597,1,0.013754787764248527,1.5136721641401665,True,False,[8],[0.09853194961506327]
27,14,126,2,0.01562209130185918,1.2216735615520626,True,False,"[15, 16]","[0.04679887676429975, 0.04679887676429975]"
27,15,562,1,0.012927551102402754,1.6158658592592496,True,False,[7],[0.10984299201696611]
27,16,641,1,0.036021700154235385,1.430483158456459,True,False,[6],[0.020256335419753375]
27,17,17,3,0.011457098425670513,1.1997668948264024,True,False,"[8, 15, 16]","[0.0636150372831583, 0.02383634648754978, 0.02383634648754978]"
27,18,299,1,0.01477852847480057,1.3960714129097282,True,False,[7],[0.09034757874259863]
27,19,157,1,0.013832999878407679,2.141051775551298,True,False,[5],[0.07917752076270143]
27,20,4,1,0.013982833180557413,1.2059715891345832,True,False,[15],[0.07626944624913144]
27,21,12,2,0.01174358920277529,1.3153108224946222,True,False,"[7, 8]","[0.10529126098439749, 0.05314229042647728]"
27,22,460,2,0.0123264000481894,1.2641767142330254,True,False,"[12, 16]","[0.05748763625156866, 0.06720334907478205]"
27,23,560,1,0.014585850004458325,1.3304997258212314,True,False,[7],[0.08700336858517999]
28,0,0,3,0.009308435398839283,1.2340486824913883,True,False,"[6, 7, 15]","[0.0692793562015333, 0.07460202541989912, 0.08943989506969262]"
28,2,470,1,0.014244991257150211,1.257433203569068,True,False,[5],[0.1108393726439639]
28,3,253,1,0.014662769129725932,1.5262319039347017,True,False,[5],[0.07125037455994712]
28,4,298,1,0.015746280125850855,1.3380228734125252,True,False,[11],[0.053547867732025044]
28,5,7,1,0.014605239582266852,1.3951102865303253,True,False,[8],[0.07896601722494055]
28,6,532,1,0.015013720492662164,1.506557278820331,True,False,[8],[0.08343600602240996]
28,7,218,1,0.015504047589079275,1.4508766102922512,True,False,[5],[0.09920611407102863]
28,8,333,1,0.013962225397871902,1.270746821291551,True,False,[7],[0.08632516967495572]
28,10,19,1,0.014070939435341382,1.2124923009621977,True,False,[12],[0.02966738470236496]
28,11,164,4,0.010434914408204475,1.4130172073744458,True,False,"[7, 8, 11, 12]","[0.06542864552771835, 0.10678844229638436, 0.05365828554842402, 0.05365828554842402]"
28,12,384,1,0.013331803963212102,1.1476251146552408,True,False,[15],[0.059458152026282976]
28,13,597,1,0.013821332833596866,1.4967622931090907,True,False,[8],[0.09883504004309696]
28,14,126,2,0.014580457417003582,1.2195992487824305,True,False,"[15, 16]","[0.04943500461445448, 0.04943500461445448]"
28,16,641,1,0.013192193116573343,1.454734353505202,True,False,[7],[0.10449696882353575]
28,17,17,1,0.014103225021053163,1.199744888366739,True,False,[15],[0.05717994007215772]
28,19,157,2,0.01170667938408101,2.1481617229602556,True,False,"[6, 7]","[0.05438652335677673, 0.08203590569745314]"
28,21,12,1,0.015070634388947398,1.3367765001650858,True,False,[5],[0.09925781690335335]
28,22,460,1,0.014461579769184392,1.282351853482796,True,False,[5],[0.11627582531487277]
28,23,560,1,0.015582768067824682,1.324661755481819,True,False,[5],[0.06670328504996961]
29,0,0,1,0.014421023200086952,1.2539020066902324,True,False,[6],[0.059236869618124084]
29,1,601,1,0.013779500332481529,1.404422910722294,True,False,[15],[0.09952534332296939]
29,2,470,1,0.014085438397397376,1.2796295648172042,True,False,[7],[0.09896089081486066]
29,3,253,1,0.013774100050140542,1.5475980975578305,True,False,[5],[0.08287301127227402]
29,5,7,1,0.014442430374655358,1.4173530132552952,True,False,[8],[0.0826306539207919]
29,6,532,1,0.014823148213605726,1.5120936935412077,True,False,[5],[0.09550811257692653]
29,8,333,2,0.011944345675082669,1.2750084680702596,True,False,"[7, 12]","[0.08890967252264873, 0.0711593418620559]"
29,9,16,1,0.012130497951921511,1.269169688314922,True,False,[5],[0.07525468409049926]
29,10,19,1,0.014787645135638352,1.215356360829766,True,False,[15],[0.050910812712724615]
29,11,164,1,0.01365619473572729,1.4145728494080352,True,False,[8],[0.11410628391545168]
29,12,384,1,0.012127548315471127,1.1592926905607421,True,False,[15],[0.06211309671543792]
29,13,597,2,0.010348947694353747,1.5067419151620034,True,False,"[7, 8]","[0.0790667240484353, 0.09698111863499356]"
29,14,126,1,0.014616452910320498,1.2208793237611415,True,False,[15],[0.039006259340063576]
29,15,562,1,0.015021341513599611,1.6156606936670905,True,False,[5],[0.066363815657089]
29,16,641,1,0.014131194571412632,1.4759495955040456,True,False,[7],[0.11456230087821026]
29,17,17,4,0.011239702384696107,1.2014703756771743,True,False,"[7, 8, 15, 16]","[0.13849897121405275, 0.09636031040062862, 0.0817639219141109, 0.06468030234747378]"
29,18,299,1,0.014195934656490146,1.392640158904933,True,False,[8],[0.06980894642452082]
29,19,157,1,0.012987867274894737,2.1853801787241807,True,False,[7],[0.10490263547948823]
29,22,460,2,0.010478829557472548,1.2832330419147835,True,False,"[7, 11]","[0.1234071901564273, 0.06645152336769308]"
29,23,560,1,0.015095354344281435,1.3235422667353545,True,False,[5],[0.07971954862338756]
30,0,0,2,0.011580074176196333,1.2728703921826485,True,False,"[6, 7]","[0.06162828543042079, 0.07338489180246993]"
30,1,601,1,0.01524983459636508,1.411317228597307,True,False,[11],[0.05192451116248581]
30,2,470,1,0.01400650261685285,1.3033732727271798,True,False,[5],[0.11024190489456344]
30,3,253,1,0.01510535005985219,1.5304277145588752,True,False,[15],[0.06881675071510683]
30,4,298,1,0.015555221870284639,1.3474487611432342,True,False,[11],[0.05632113006378498]
30,5,7,1,0.015019061249429196,1.417078087669067,True,False,[7],[0.09994707601219739]
30,7,218,1,0.015348896977798294,1.4596597714324764,True,False,[5],[0.0930879965934378]
30,8,333,1,0.014127872890221932,1.300457635268797,True,False,[7],[0.0928787361419308]
30,11,164,1,0.012960379672762978,1.4126770309169423,True,False,[8],[0.12458826395916998]
30,12,384,1,0.011963657869413967,1.1796943144389085,True,False,[15],[0.07232735003648666]
30,14,126,1,0.014579599049705351,1.22320181393897,True,False,[15],[0.04335183754810287]
30,15,562,1,0.012012205807971752,1.653020259245029,True,False,[7],[0.10014738522344459]
30,17,17,1,0.015461599549956604,1.2042964518820587,True,False,[16],[0.06072105981654456]
30,18,299,1,0.014262902650695911,1.3906167152773674,True,False,[8],[0.08909637004989505]
30,19,157,1,0.01247933768758078,2.2344849837446294,True,False,[5],[0.0863698985229895]
30,20,4,1,0.015330816252554292,1.2183618503514053,True,False,[5],[0.08786100499371179]
30,22,460,1,0.01358359674895904,1.2908176599616923,True,False,[7],[0.11822760192316957]
30,23,560,2,0.00925573904074809,1.3336776676245423,True,False,"[7, 8]","[0.07112780762584019, 0.09394476523213068]"
31,0,726,1,0.0754256223508758,1.7952935715945457,True,False,[5],[0.07167130678050045]
31,3,470,2,0.011593558121587843,1.302982613153163,True,False,"[11, 15]","[0.0545507845474175, 0.07985610074321904]"
31,4,253,1,0.014136499169505571,1.552209024647989,True,False,[5],[0.06366706242936129]
31,5,298,2,0.01100782266102364,1.3493930734601598,True,False,"[12, 15]","[0.03441019114854799, 0.06563587374761556]"
31,6,7,1,0.014628642788047349,1.4222770118549481,True,False,[5],[0.10772201523205753]
31,7,532,1,0.014700808285189257,1.5251309382093459,True,False,[5],[0.09284730456273248]
31,9,333,1,0.014684251233908272,1.29428113853516,True,False,[12],[0.05139870803424924]
31,10,16,1,0.01547698125827081,1.285385485603704,True,False,[5],[0.062479522248177724]
31,11,19,2,0.012787584547016638,1.2265173602755466,True,False,"[7, 15]","[0.0787449953403971, 0.08021852092310584]"
31,12,164,1,0.014709084907753394,1.417041986282447,True,False,[8],[0.058293014211526294]
31,13,384,1,0.01549159347597973,1.1660695692837766,True,False,[5],[0.08239388854857266]
31,14,597,1,0.012471266680733641,1.5342146570914528,True,False,[7],[0.08436246459805738]
31,15,126,1,0.012881866268202624,1.2374778062666854,True,False,[7],[0.10138017264664816]
31,16,562,2,0.011721277751419382,1.655149828669502,True,False,"[7, 11]","[0.1108059132224453, 0.036810863378224125]"
31,17,641,1,0.015226412045752466,1.4738297833216494,True,False,[6],[0.0516503365942642]
31,18,17,2,0.01415460019981347,1.1972757038534556,True,False,"[15, 16]","[0.03246479833156904, 0.03246479833156904]"
31,20,157,1,0.013586388014329457,2.2647792667277367,True,False,[7],[0.088486452018798]
31,21,4,2,0.013191400784923419,1.229809789836179,True,False,"[7, 8]","[0.11861075588911796, 0.06932560256790865]"
31,22,12,1,0.014030054134229255,1.3496269085777837,True,False,[7],[0.11283886515076076]
31,23,460,2,0.00977532628077573,1.2923340830804035,True,False,"[7, 12]","[0.06865527038770045, 0.04605974331089979]"
32,0,726,1,0.01397969325648603,1.821342807543472,True,False,[5],[0.08452069408082195]
32,2,601,1,0.015049534308852959,1.4054787420747348,True,False,[15],[0.029518976840975257]
32,3,470,1,0.013333226657098263,1.3252174884068733,True,False,[5],[0.09948882597444408]
32,4,253,1,0.013935849594786507,1.580292664804328,True,False,[5],[0.07435974721227208]
32,6,7,1,0.015205821853059754,1.433741939329935,True,False,[8],[0.11740915896094557]
32,7,532,1,0.014405256033398312,1.522875750622196,True,False,[7],[0.0730740048533308]
32,8,218,1,0.01480003587298109,1.4677524737812495,True,False,[7],[0.09245802354371715]
32,9,333,1,0.014968013877879013,1.2891828760021424,True,False,[12],[0.06986594953199898]
32,11,19,1,0.013964695813413024,1.2508747208748052,True,False,[7],[0.08985985048518198]
32,12,164,1,0.014434639781726698,1.4276334472041172,True,False,[8],[0.07155942195747296]
32,13,384,1,0.014906797382860255,1.178500574770884,True,False,[15],[0.09530739386646311]
32,15,641,1,0.01563563631036399,1.4605332306675223,True,False,[6],[0.030790249522864133]
32,17,597,1,0.013766153896751395,1.5575762318616944,True,False,[7],[0.13287487473115736]
32,19,562,1,0.01493025717195086,1.6452957959560761,True,False,[8],[0.039617789224820836]
32,20,299,1,0.014463164037542262,1.3925403856970004,True,False,[16],[0.09760778774191776]
32,21,157,2,0.010407872498420703,2.2827223122899785,True,False,"[7, 16]","[0.09249639297188843, 0.10255415336161003]"
32,22,12,1,0.014460383062593946,1.363598179081744,True,False,[7],[0.12362433898734855]
33,1,0,2,0.009884311348112417,1.2802025641105563,True,False,"[7, 8]","[0.09848337043083173, 0.0844450470753633]"
33,2,601,1,0.013663532369574332,1.4300501613253827,True,False,[5],[0.11637266499665201]
33,3,470,1,0.01451339898670132,1.3256556949958804,True,False,[11],[0.06118899061899359]
33,4,253,1,0.012596061548395232,1.6146516403843885,True,False,[7],[0.11258589227895456]
33,5,298,1,0.014747629110039514,1.366436745250545,True,False,[5],[0.08758697097032522]
33,6,7,1,0.014954933807151575,1.433359549033522,True,False,[7],[0.08433669979886586]
33,7,532,1,0.014492301035687686,1.539074252727258,True,False,[5],[0.09815300188826219]
33,8,218,1,0.014396348642688827,1.4768633861851055,True,False,[7],[0.09607657246264069]
33,9,333,2,0.00882409825912185,1.298695428395928,True,False,"[7, 12]","[0.10967670597796778, 0.06923009497132265]"
33,10,752,1,0.023264624440664586,1.485613487047838,True,False,[12],[0.033200185541344934]
33,12,164,1,0.014775940916522515,1.4370271252376343,True,False,[11],[0.04582822007774831]
33,13,384,1,0.01346134199567421,1.1855153647728511,True,False,[6],[0.04316328621970119]
33,14,16,1,0.013402274505658467,1.311039795742438,True,False,[5],[0.10070330495180725]
33,15,641,2,0.01342735462330847,1.4590253440386443,True,False,"[6, 8]","[0.04496376668465304, 0.029357373410720478]"
33,16,17,1,0.015156538428120227,1.207805435506725,True,False,[7],[0.12799504112571317]
33,17,597,1,0.012169325638052713,1.5889045457917172,True,False,[7],[0.10940438594836291]
33,18,126,1,0.015126800891831977,1.2478628145221975,True,False,[5],[0.0966446459913228]
33,19,562,1,0.014221476434435533,1.645156036590516,True,False,[15],[0.07599847916548864]
33,20,299,1,0.014108145121078835,1.4182386982479394,True,False,[5],[0.08719218220452753]
33,21,157,1,0.01275854049529025,2.334859377575134,True,False,[7],[0.08877396257080072]
33,22,12,1,0.014852700288368749,1.376810993758554,True,False,[5],[0.11900825345010355]
33,23,460,1,0.011642627020829393,1.3162153266570331,True,False,[7],[0.0638946623239094]
34,0,726,1,0.011850087177758411,1.8222672835421931,True,False,[7],[0.10327366777257597]
34,1,0,2,0.012448326028314655,1.3036523192727718,True,False,"[6, 7]","[0.02565018132455592, 0.10148563271843115]"
34,2,601,1,0.013908274128123415,1.4564419427870423,True,False,[7],[0.09342015219260419]
34,3,470,2,0.008869564104377276,1.337289653741284,True,False,"[7, 11]","[0.0664876943293013, 0.06741905463361011]"
34,4,253,1,0.013763676546662542,1.6402163101577911,True,False,[5],[0.07866732479666329]
34,6,7,1,0.014596633440508659,1.4457253343357515,True,False,[8],[0.112411765780747]
34,7,532,1,0.014314332065867916,1.561221905556947,True,False,[5],[0.10921814983937986]
34,8,218,2,0.011648586694152719,1.4931456876148148,True,False,"[7, 12]","[0.10082570990557434, 0.08970813148355908]"
34,9,333,1,0.013746243333932217,1.302579780442587,True,False,[11],[0.07917494862786513]
34,12,164,1,0.013341199452139312,1.4483399635615701,True,False,[5],[0.08573932421905783]
34,13,384,1,0.011814186254038562,1.1928466923347274,True,False,[6],[0.06040566867841942]
34,14,16,1,0.012726081602245906,1.3369832458466095,True,False,[5],[0.10103803117789116]
34,15,641,1,0.015686376486005925,1.465716218626189,True,False,[5],[0.09008729390250145]
34,16,17,3,0.01129977260260279,1.2141016600791616,True,False,"[7, 8, 16]","[0.11799464467178615, 0.030319788522072972, 0.030319788522072972]"
34,17,597,1,0.012521484350712535,1.6178528367460063,True,False,[7],[0.11759175204136775]
34,18,126,1,0.01512998998648134,1.2344974275877212,True,False,[16],[0.03528688311794126]
34,19,562,1,0.012607483136430625,1.6783989090951115,True,False,[7],[0.1057892417107975]
34,20,299,2,0.014503352735102346,1.4175104145838187,True,False,"[6, 16]","[0.05631138336971554, 0.13392842287862583]"
34,21,157,1,0.01353002539789694,2.381797209917009,True,False,[5],[0.0882056349762535]
35,0,726,1,0.012018904194719099,1.82308518166849,True,False,[7],[0.10893955924314437]
35,1,0,1,0.013942560596462041,1.3135315273617325,True,False,[5],[0.09277829379951187]
35,2,601,1,0.014342314679259168,1.4542229895304517,True,False,[11],[0.04100522711854717]
35,3,470,1,0.013914842565618611,1.357496486102639,True,False,[7],[0.0737943582943642]
35,4,253,1,0.012330638651757504,1.6764059915310272,True,False,[7],[0.11068842660854504]
35,5,298,1,0.014141928412375873,1.388474819492585,True,False,[7],[0.11277140587373094]
35,6,7,1,0.014378045532751732,1.453493598091247,True,False,[5],[0.11653764153134041]
35,8,218,1,0.014935781352508486,1.5003030210552393,True,False,[5],[0.07607111666707188]
35,9,333,1,0.013783830302373835,1.3126343449214946,True,False,[11],[0.08668892817467441]
35,10,827,1,0.03336366153726768,1.3269971319225895,True,False,[15],[0.05405447115394595]
35,11,752,2,0.010808934255914606,1.4932407171736954,True,False,"[7, 12]","[0.09728724899660753, 0.05521486346527934]"
35,14,384,1,0.01286885903763392,1.1896923672745137,True,False,[5],[0.10093534303087753]
35,15,16,1,0.015691389689863406,1.3448799004750283,True,False,[5],[0.07602398501222718]
35,16,641,1,0.010764056805353651,1.499497523331867,True,False,[5],[0.08519901222220365]
35,17,17,1,0.015166751137853375,1.2149858769336936,True,False,[16],[0.06340311076622669]
35,18,597,1,0.014209124060993252,1.6365368335476547,True,False,[7],[0.09204043377848033]
35,19,126,2,0.013654317008435422,1.2408508847565722,True,False,"[7, 16]","[0.11746609607189608, 0.032455838961993534]"
35,20,821,2,0.06372632916830473,1.536022457048516,True,False,"[7, 15]","[0.07871830030050916, 0.08052628243424671]"
35,21,562,1,0.012385537119081542,1.6849602026354507,True,False,[11],[0.030845473766832124]
35,22,299,2,0.009964311390553642,1.4231510656607302,True,False,"[7, 8]","[0.1305384339594329, 0.05461369386825016]"
35,23,460,1,0.014053092915694834,1.334648166161535,True,False,[5],[0.08381422589201715]
36,0,726,1,0.013847273129937714,1.8414332113679879,True,False,[8],[0.08094361487216069]
36,2,601,1,0.014417501354508599,1.4542052583556577,True,False,[11],[0.051454040763293456]
36,3,470,3,0.012010144358434113,1.3591843063886329,True,False,"[11, 12, 15]","[0.10368031291089763, 0.09169415867876358, 0.12284436776638594]"
36,4,253,1,0.012437342692248447,1.7140496445593278,True,False,[7],[0.11031374674683436]
36,5,298,1,0.014019507762850667,1.4122538438564882,True,False,[7],[0.1115906866016666]
36,6,7,1,0.014636918601469808,1.4557706703911795,True,False,[7],[0.08477625248407812]
36,7,532,1,0.01429092228819661,1.5809160992947788,True,False,[5],[0.12887659257024592]
36,8,218,1,0.013605880559214542,1.511178281295503,True,False,[5],[0.06601619183243226]
36,10,827,2,0.00946451284966354,1.334434200554433,True,False,"[8, 15]","[0.05879299639931876, 0.05786378296063614]"
36,12,19,1,0.015221708502929792,1.2584429194577154,True,False,[7],[0.06640574505650804]
36,14,384,1,0.015530920068595397,1.1932898080500904,True,False,[6],[0.025677326977100387]
36,15,16,2,0.011773496244525184,1.3568230551679274,True,False,"[7, 12]","[0.11447903091029527, 0.07350636198674396]"
36,16,641,2,0.010372763136192453,1.510529007461731,True,False,"[6, 7]","[0.04126336517224941, 0.11632805831473475]"
36,17,17,2,0.012126166135913406,1.2209018170145187,True,False,"[8, 15]","[0.09672100046734668, 0.08896404702397404]"
36,18,597,1,0.01454054607087992,1.6507524193094159,True,False,[7],[0.09790053948667787]
36,21,562,1,0.01357405288045157,1.6886605381150308,True,False,[12],[0.05897093812524446]
36,22,299,1,0.01352167275108462,1.438901802525693,True,False,[7],[0.14007677505520075]
36,23,821,1,0.01412179499316874,1.5307197702459185,True,False,[12],[0.053216509396478144]
37,0,726,1,0.011309027837094582,1.841367362720628,True,False,[7],[0.11674219233310369]
37,1,0,1,0.015525738676149467,1.3297927595763448,True,False,[6],[0.05256230495977631]
37,2,601,1,0.013912562554537902,1.4802712498973691,True,False,[7],[0.093289655232953]
37,4,253,1,0.013726809009379006,1.739767674334847,True,False,[5],[0.08649533490145007]
37,5,298,3,0.00918473607271155,1.4180636472461838,True,False,"[7, 11, 12]","[0.10172088255120115, 0.023570673787648853, 0.03356697796062649]"
37,6,7,1,0.013318154786360862,1.4659663973238806,True,False,[7],[0.09979915238571875]
37,9,333,2,0.010661455290198765,1.3259738864166688,True,False,"[7, 8]","[0.10737916574438307, 0.09327820842298772]"
37,11,752,1,0.01411693290603604,1.4953639447093203,True,False,[12],[0.06152854222954068]
37,12,19,1,0.015131987404022947,1.2683656437257584,True,False,[7],[0.06720986952046071]
37,13,164,1,0.01413533466539821,1.4629427626073168,True,False,[7],[0.07951116142699706]
37,14,384,1,0.014250998554618416,1.2107587614987982,True,False,[6],[0.030034842506170216]
37,15,16,1,0.013429667254085129,1.3583097073421,True,False,[12],[0.10767480795285707]
37,17,597,1,0.012141754948107878,1.6835073250009258,True,False,[7],[0.11481915488578798]
37,19,853,1,0.029283965287531116,1.4713921995447958,True,False,[5],[0.0913947509948037]
37,20,562,1,0.013401386420513904,1.722254189303958,True,False,[7],[0.1115802926253979]
37,22,17,1,0.014813272437374153,1.2243887282620294,True,False,[16],[0.0704127785074563]
37,23,821,2,0.012398178631794512,1.5281337901249161,True,False,"[12, 15]","[0.07180380097288723, 0.05762042711274465]"
38,1,0,1,0.015677768229839992,1.337262190655038,True,False,[16],[0.03762844216920085]
38,2,601,1,0.011917510652295477,1.5112219294415374,True,False,[5],[0.1151556221988238]
38,3,470,1,0.01486391915075713,1.372557614569129,True,False,[7],[0.0843690547279545]
38,4,253,1,0.01223581313964764,1.777602334210269,True,False,[7],[0.10399793997309016]
38,5,298,1,0.013378546714876092,1.4459842108814176,True,False,[7],[0.09433848680182033]
38,7,532,1,0.01395009274574595,1.5995432866869528,True,False,[5],[0.12229559601884545]
38,8,218,1,0.01382873315073426,1.5345676070323147,True,False,[7],[0.10645245533155741]
38,10,827,1,0.014228705439409286,1.3594383739863805,True,False,[7],[0.09134981707880463]
38,11,752,2,0.011338882649633862,1.5090153919548268,True,False,"[7, 12]","[0.10064594753270385, 0.07270946022469227]"
38,12,19,2,0.00886166032141378,1.2776393958556018,True,False,"[7, 8]","[0.06263537305913922, 0.07431533740447316]"
38,13,164,2,0.011873323792597375,1.47003358272728,True,False,"[7, 8]","[0.09124481934827774, 0.11291706634914798]"
38,14,384,1,0.014397814764526095,1.2336247591137337,True,False,[6],[0.043686150663716845]
38,15,16,1,0.015782659012905365,1.3752692453420667,True,False,[5],[0.0812286296111653]
38,16,884,1,0.018544830129344984,1.4754776518439496,True,False,[5],[0.10689776975413247]
38,17,597,2,0.01133337388854191,1.7082004857364301,True,False,"[7, 8]","[0.10816719628847493, 0.09741914685278624]"
38,18,126,2,0.010698750577664416,1.2449070977186436,True,False,"[7, 15]","[0.10057299781349016, 0.06241025617508772]"
38,19,853,1,0.015274096079308326,1.4571832605898103,True,False,[8],[0.05874744001067129]
38,23,821,1,0.014827141184475243,1.5289567427304993,True,False,[15],[0.05706981224859759]
39,0,726,1,0.013514329119716256,1.86735773020597,True,False,[8],[0.07649097662521732]
39,1,934,1,0.020251654313013127,1.261516550706752,True,False,[5],[0.09569446441943047]
39,2,601,1,0.012414335271820898,1.500108717579822,True,False,[11],[0.0633655989055991]
39,3,470,3,0.008670056871187113,1.3778161064506194,True,False,"[7, 8, 11]","[0.08260352626891902, 0.08520280424830382, 0.09836544464445943]"
39,4,253,1,0.012590085400712627,1.811790654723463,True,False,[7],[0.10619819763907655]
39,5,0,2,0.014036205619837384,1.3411313192416223,True,False,"[6, 8]","[0.027171523451626295, 0.09451612226376999]"
39,6,7,1,0.013992190936814178,1.479803069414726,True,False,[8],[0.12563280754173767]
39,7,532,1,0.013477979606378296,1.5974987369011062,True,False,[7],[0.08806107541558574]
39,9,298,1,0.012557851634106186,1.4748369450566783,True,False,[7],[0.09942455448261094]
39,10,333,3,0.009489721163755245,1.3317652461282972,True,False,"[7, 8, 12]","[0.09481176630622584, 0.07274415276721106, 0.059017774841061604]"
39,11,827,1,0.014960668899020722,1.3780330778198295,True,False,[5],[0.047421988748467904]
39,12,752,2,0.01062842652753563,1.523603725300772,True,False,"[7, 12]","[0.06658304379766214, 0.04746444372753589]"
39,13,19,1,0.01534492876471334,1.289105142591857,True,False,[15],[0.09091135529071785]
39,14,164,2,0.010114239010515442,1.4780444300736844,True,False,"[7, 8]","[0.09515624692360951, 0.09637619564693367]"
39,15,384,2,0.00958646322847108,1.2430809642887983,True,False,"[6, 15]","[0.05137543453526689, 0.06972457570468758]"
39,16,16,1,0.012118063219419505,1.4051931313633088,True,False,[5],[0.10420808039917494]
39,17,884,2,0.012537566311327679,1.4933668177368586,True,False,"[7, 16]","[0.13286144295499558, 0.09697057785287162]"
39,18,597,1,0.013763092567123462,1.7075007846396564,True,False,[8],[0.08047575304784234]
39,19,126,2,0.009323741251407147,1.2560171654556584,True,False,"[7, 15]","[0.10723543129342762, 0.07321643978271769]"
39,21,562,1,0.013192152887620018,1.7460241247129875,True,False,[5],[0.09253271482293525]
39,23,17,3,0.008840154810425355,1.2229484957744008,True,False,"[8, 15, 16]","[0.09935184020672806, 0.050218866854151556, 0.0338314002871638]"
40,1,934,2,0.010009545015889956,1.259123951305878,True,False,"[8, 16]","[0.08649147727480774, 0.05322729071966561]"
40,2,601,1,0.012759287731516175,1.5037107644076142,True,False,[11],[0.07085262286237726]
40,5,0,1,0.012866066855748013,1.358981814358052,True,False,[7],[0.08516757785456584]
40,7,532,1,0.014362272189787905,1.603967037333165,True,False,[8],[0.10875646354684003]
40,8,218,1,0.01260206781765538,1.5581236336446747,True,False,[7],[0.10770468932888798]
40,9,298,2,0.009609575435849185,1.4697610848044997,True,False,"[11, 12]","[0.10085529088050105, 0.08020867929921886]"
40,10,333,3,0.010420810331416914,1.3390145852976088,True,False,"[7, 11, 12]","[0.09362140743267708, 0.03081133236319845, 0.0728071939778139]"
40,11,827,2,0.009865413702851981,1.3741163148457547,True,False,"[8, 15]","[0.1315522102116658, 0.08193678538513773]"
40,12,752,1,0.014971408430989656,1.5316253687391257,True,False,[12],[0.05860378890515608]
40,13,19,1,0.01434878070643886,1.2890929951662942,True,False,[8],[0.11249202228170618]
40,14,164,2,0.009936027483331179,1.4898184955690343,True,False,"[7, 11]","[0.09035878262921962, 0.05644634762644128]"
40,15,384,1,0.015504207174217945,1.2350679293853322,True,False,[5],[0.08615602246150206]
40,17,884,1,0.016186939455539506,1.4928246220897434,True,False,[8],[0.10313547374268149]
40,19,126,1,0.015396542808309032,1.252679149356151,True,False,[8],[0.0813750978273213]
40,21,562,1,0.013542315321933516,1.7783782426957082,True,False,[7],[0.0913045094959983]
40,22,641,1,0.013864728048585259,1.5236599860039073,True,False,[7],[0.1427204062825119]
40,23,17,2,0.012064198832708062,1.224596161188278,True,False,"[8, 16]","[0.1111959003999849, 0.059480194363414444]"
41,0,726,1,0.01298685298217595,1.8929946446146857,True,False,[8],[0.08417773030942813]
41,1,934,4,0.007966606862476393,1.264559786803444,True,False,"[7, 8, 15, 16]","[0.11776379490718736, 0.07837370134597188, 0.11035406590710406, 0.0603286563150094]"
41,2,601,1,0.012844807412210146,1.5112230490305103,True,False,[11],[0.09035571691104521]
41,3,470,3,0.010310423079764118,1.3812056060601348,True,False,"[7, 8, 11]","[0.08380599218151402, 0.10322078106172485, 0.13850510238990804]"
41,4,253,1,0.012525755768402135,1.8468676570865548,True,False,[7],[0.11120960488266816]
41,5,0,1,0.014445047727725575,1.3627154922406823,True,False,[6],[0.033174715000906366]
41,7,963,1,0.02721985316327651,1.385167109347796,True,False,[8],[0.1283902427270771]
41,8,218,1,0.013315064037394948,1.583879777982988,True,False,[5],[0.06852139552782163]
41,9,298,2,0.008515714988474875,1.4847335640713988,True,False,"[7, 12]","[0.10828305674691967, 0.08809443111564771]"
41,10,532,1,0.01398486657861479,1.632345568583449,True,False,[5],[0.08559744379654714]
41,13,164,2,0.009568039364850591,1.503649961867372,True,False,"[7, 15]","[0.09542480205640826, 0.09793724275386179]"
41,14,333,1,0.011768543049394554,1.3623836490075956,True,False,[7],[0.0866109301249246]
41,15,827,2,0.009913610311882417,1.389414139080508,True,False,"[7, 15]","[0.1150007830345903, 0.07403462860660544]"
41,16,16,1,0.01264134123887068,1.4346842420377055,True,False,[5],[0.10269521912107162]
41,17,884,1,0.017513578219631593,1.4875225406537453,True,False,[16],[0.1036886694358429]
41,18,384,1,0.014002100836662555,1.2500278082007161,True,False,[7],[0.09221651447839861]
41,20,126,1,0.012433019470250512,1.2752647011218687,True,False,[7],[0.10724622293895972]
41,21,853,2,0.013564266423806506,1.4778015356739083,True,False,"[7, 8]","[0.10328179477585811, 0.08390615287827641]"
41,22,641,2,0.011936649071364897,1.5268047411308143,True,False,"[6, 8]","[0.03969140086019154, 0.05724117689319211]"
41,23,17,1,0.014099124076070868,1.230379261667365,True,False,[8],[0.11508242948324275]
42,0,726,1,0.012670266136349221,1.9273459415336565,True,False,[8],[0.08453299431694726]
42,2,601,1,0.0125231576432342,1.5224528502923957,True,False,[11],[0.1005670961274795]
42,3,470,3,0.010934826258741025,1.3823969490988324,True,False,"[8, 11, 15]","[0.1312424296749724, 0.1618336013295362, 0.13404790266586045]"
42,4,253,1,0.013531689024644461,1.8728412572694648,True,False,[5],[0.08306820930438664]
42,5,0,2,0.012032980804885712,1.360010427455195,True,False,"[8, 15]","[0.11307733760622357, 0.08731985212700794]"
42,6,7,1,0.014352731454260909,1.4916565772217274,True,False,[8],[0.13791953322537964]
42,8,218,2,0.010687360351315373,1.6072288088061837,True,False,"[7, 12]","[0.09682301381043265, 0.09746660193276599]"
42,10,532,1,0.013554367961237624,1.6381076278709295,True,False,[7],[0.09396316407461701]
42,11,752,1,0.012113854717911824,1.5597578786150812,True,False,[7],[0.10685586119954853]
42,12,19,1,0.01210405969302882,1.3185193450936956,True,False,[7],[0.06773313159621103]
42,13,164,1,0.015129457824027255,1.5140123483514303,True,False,[5],[0.08808757500011427]
42,14,333,2,0.012722891661402136,1.360446306506439,True,False,"[8, 12]","[0.10661189356072835, 0.030194438785673922]"
42,15,827,2,0.010995228339628262,1.406497676250631,True,False,"[7, 15]","[0.12206497301501432, 0.07996139835423773]"
42,16,16,2,0.012350508542387317,1.4469350808338834,True,False,"[7, 12]","[0.12001113881035895, 0.034623740928006845]"
42,17,884,2,0.011909571934001046,1.48057291170255,True,False,"[8, 16]","[0.1018687083792325, 0.10092617146138391]"
42,18,384,1,0.014278301860083605,1.2693535875459956,True,False,[7],[0.10731483507884297]
42,19,597,1,0.013147872210431575,1.738318802322218,True,False,[7],[0.1264812037546674]
42,20,126,2,0.010119841160139864,1.2679273563339881,True,False,"[8, 15]","[0.05640114058029553, 0.07766398701652247]"
42,21,853,1,0.014285244609357784,1.4864746273559724,True,False,[8],[0.09787445067912122]
42,23,17,1,0.014875437030858064,1.2345848298782534,True,False,[5],[0.09186296985419294]
43,1,934,3,0.01010149388935857,1.277488572076413,True,False,"[7, 8, 15]","[0.11772547786803245, 0.07817960463660545, 0.12475127345085713]"
43,2,601,2,0.009088553549502184,1.5392960039182262,True,False,"[7, 11]","[0.08802012560949904, 0.1006391462771401]"
43,3,470,1,0.01429131884162371,1.4010509157268285,True,False,[5],[0.11243673721105213]
43,4,253,1,0.013784531487755136,1.8947878678436465,True,False,[11],[0.07017615502588169]
43,5,0,1,0.014909030693275161,1.3756138167598546,True,False,[6],[0.04568630025892421]
43,7,963,1,0.014137284451149191,1.4020631879109051,True,False,[5],[0.12055189056448701]
43,8,218,1,0.012496959922634453,1.6433960892866644,True,False,[7],[0.09930753215379617]
43,9,298,1,0.014385389110616594,1.4966311304692264,True,False,[11],[0.09960575467127994]
43,10,532,1,0.013591008838539151,1.642207708371302,True,False,[7],[0.10198785007280534]
43,11,752,1,0.014113511731541663,1.5666178663584722,True,False,[12],[0.07376741896697718]
43,12,19,1,0.011150718624467676,1.350197954326395,True,False,[7],[0.07079029225780731]
43,13,164,1,0.014115400216444482,1.5128795739936185,True,False,[16],[0.1139497989415074]
43,15,827,1,0.014429858546012019,1.4100313608255315,True,False,[15],[0.07487027157399666]
43,16,16,2,0.010940009916863077,1.4629333679024878,True,False,"[7, 12]","[0.10150867709729515, 0.04947413262067354]"
43,17,884,1,0.017568896872667314,1.468671888989671,True,False,[16],[0.10523733277330441]
43,19,597,1,0.013028422654548795,1.7710905947924191,True,False,[7],[0.13638756995870743]
43,20,126,3,0.008633038738055421,1.2770825852698942,True,False,"[7, 15, 16]","[0.10386097439547456, 0.07832266632092315, 0.12803002856296566]"
43,21,853,1,0.012348678204180378,1.5195862824488073,True,False,[5],[0.11892599483316313]
43,22,641,1,0.013956718723876908,1.5427080213397724,True,False,[5],[0.1232949813865648]
43,23,17,2,0.01232867066116669,1.2351064902908422,True,False,"[8, 16]","[0.11184877706393986, 0.06599210595138973]"
44,0,726,1,0.011527663705471383,1.9261797656662323,True,False,[7],[0.12053780563644535]
44,2,601,1,0.013366783167375345,1.5501249681893503,True,False,[11],[0.10985955898137797]
44,3,470,2,0.010101096477382493,1.4031212010039518,True,False,"[7, 12]","[0.10054820792622517, 0.11911353301860883]"
44,4,253,1,0.01374629797882507,1.9171516926408152,True,False,[5],[0.08825985779081687]
44,6,7,1,0.01404935129945535,1.5055793796872747,True,False,[8],[0.12171290850259252]
44,7,963,1,0.015135520646940199,1.4048149300131725,True,False,[15],[0.033051162386571624]
44,8,218,1,0.01284291694269879,1.67763669072295,True,False,[5],[0.07164388947690245]
44,9,298,1,0.0147026221350107,1.5108898665664738,True,False,[11],[0.10281207585977609]
44,10,532,1,0.01329501242335617,1.6612036185402719,True,False,[8],[0.09305795838385962]
44,11,752,1,0.013992758578620144,1.5678243500892375,True,False,[12],[0.08694227373014489]
44,12,19,1,0.013053982541366305,1.3493063912228376,True,False,[8],[0.08432778895650785]
44,13,164,1,0.013316655831231537,1.5420936042616742,True,False,[7],[0.1099011151787794]
44,14,333,1,0.011296921134465098,1.3853267965012823,True,False,[7],[0.10254000909753733]
44,15,827,1,0.012966665350263501,1.4080940200790921,True,False,[8],[0.028992682533051643]
44,16,16,1,0.01252774739210998,1.4883762612552018,True,False,[7],[0.10378550009147987]
44,17,884,1,0.01621047500433581,1.485936842583313,True,False,[5],[0.12167118997246346]
44,20,126,1,0.013951768040057932,1.2768678403248943,True,False,[16],[0.12572944345711132]
44,21,853,1,0.012423294525290453,1.5523676903378019,True,False,[5],[0.13968961110216707]
44,22,641,2,0.010255859826017472,1.5510856628635472,True,False,"[7, 16]","[0.1351626947882445, 0.08910102897022458]"
45,0,726,1,0.013651177345285348,1.9527663089697194,True,False,[8],[0.09653710864295016]
45,1,934,2,0.012233538097982902,1.300047240660941,True,False,"[7, 8]","[0.12241997485708499, 0.08267121296137489]"
45,2,601,1,0.01304147793208305,1.5651769553599983,True,False,[11],[0.10198499494030948]
45,5,0,1,0.013871453181951002,1.3800496904637438,True,False,[5],[0.08008927647766367]
45,6,7,3,0.009001696230621668,1.518015084694205,True,False,"[7, 8, 15]","[0.11431088954899762, 0.09943477958146053, 0.050937122273351065]"
45,7,963,2,0.009408017420276709,1.4184858950179846,True,False,"[7, 15]","[0.10148101165150318, 0.05678215946230427]"
45,8,218,1,0.01170783297855395,1.7148347533557193,True,False,[7],[0.11020420763565897]
45,9,298,3,0.007677727426908188,1.5226662044517738,True,False,"[7, 11, 12]","[0.11567950439225316, 0.09466200549975548, 0.09238533916251469]"
45,11,752,1,0.014504214145391131,1.5793961366882854,True,False,[5],[0.06378982737627839]
45,14,333,1,0.01119436878043966,1.4124172180661005,True,False,[5],[0.1034641328817344]
45,15,827,1,0.011836001452223483,1.4416672819025182,True,False,[7],[0.11599674445761662]
45,16,16,1,0.013400213092793583,1.5104259217649993,True,False,[7],[0.10487989697933944]
45,18,384,3,0.009613921778382184,1.2836481006606508,True,False,"[6, 7, 15]","[0.04686110192812699, 0.10268028087786946, 0.05428523438209756]"
45,20,126,3,0.0097952618614968,1.2925204862200368,True,False,"[7, 15, 16]","[0.11091607071320532, 0.08740270658923448, 0.12333081284141534]"
45,21,853,2,0.010027603851575426,1.5607203164044547,True,False,"[7, 16]","[0.10335758840062746, 0.10625506663835128]"
45,23,17,2,0.009427819485412445,1.2423247832220419,True,False,"[7, 8]","[0.0826168563461882, 0.10484140160677696]"
46,1,934,1,0.013723530323978144,1.3244223638048653,True,False,[8],[0.08077340494131902]
46,2,601,1,0.013589737766055328,1.5864521670329044,True,False,[7],[0.09285854794686624]
46,4,253,1,0.012828164029532099,1.9556696274605276,True,False,[7],[0.10859833140420103]
46,5,726,1,0.012798770259793315,1.9668596271263559,True,False,[5],[0.08995471386781988]
46,6,0,3,0.008488508526235993,1.3853971811383015,True,False,"[7, 8, 16]","[0.10188222250754547, 0.11704075681121243, 0.06831136535432333]"
46,10,298,1,0.012187613847816761,1.5587907395989553,True,False,[7],[0.09214654653268772]
46,11,532,1,0.011244761178023088,1.6885259189732442,True,False,[8],[0.13087973550711346]
46,12,752,2,0.010655204269170998,1.5910562164998434,True,False,"[7, 12]","[0.07271626313923754, 0.06698551043466945]"
46,13,19,2,0.010704882663568649,1.3610233625750332,True,False,"[7, 8]","[0.12048731728138712, 0.1155340906470049]"
46,14,164,1,0.014399884474123457,1.546552747621103,True,False,[11],[0.07687204259284305]
46,15,333,1,0.012108564721765492,1.4385913770733907,True,False,[7],[0.11493328525855152]
46,17,16,1,0.01161151250936902,1.5450205002057935,True,False,[7],[0.13389255916190168]
46,18,884,1,0.018005882217666608,1.4782950547845872,True,False,[16],[0.053851185039486694]
46,19,384,2,0.012098368527319213,1.2821735671284074,True,False,"[6, 7]","[0.054138361210022384, 0.1336007828516527]"
46,20,597,2,0.009178291381392504,1.7865226700818804,True,False,"[7, 8]","[0.11003060154088694, 0.05513946286107825]"
46,22,853,1,0.013380893726261738,1.5803277035227228,True,False,[7],[0.13844356958811382]
46,23,17,1,0.01250153249647415,1.244054406448995,True,False,[8],[0.08507737744049668]
47,0,1090,1,0.06913548280038442,1.95333245278699,True,False,[7],[0.1192480605844108]
47,1,934,2,0.009853638325826732,1.3327477674613695,True,False,"[8, 16]","[0.06794136792717775, 0.06167817809503531]"
47,2,601,2,0.008509880674792636,1.6022727538985029,True,False,"[7, 11]","[0.07821701512884839, 0.10640440383243661]"
47,3,470,2,0.011465413509666443,1.4047974282563085,True,False,"[7, 12]","[0.11859803703772796, 0.13583802203209325]"
47,4,253,1,0.013033555478856379,1.9923030056117477,True,False,[7],[0.11090143212945311]
47,5,726,1,0.01243403918304498,1.9725035899582763,True,False,[7],[0.10282337615057338]
47,6,0,1,0.015375824271709103,1.3855337261448057,True,False,[15],[0.06749709101326651]
47,7,7,2,0.010406269087149903,1.524335588334601,True,False,"[7, 8]","[0.11584739865045668, 0.12041886172506326]"
47,8,963,1,0.0147653772261018,1.427976397640837,True,False,[15],[0.10459591638457356]
47,10,298,1,0.01464044779851306,1.5398427188656019,True,False,[11],[0.03305530517646478]
47,11,532,1,0.01403990655987777,1.6928924611694922,True,False,[5],[0.07359922015769241]
47,12,752,2,0.01203223639226696,1.5983442377876407,True,False,"[7, 12]","[0.09413628147715195, 0.0782645226019837]"
47,13,19,1,0.013785627704290614,1.362527824463641,True,False,[15],[0.10206098715068819]
47,15,333,1,0.014701888913406198,1.4452256396503622,True,False,[5],[0.10290134504160872]
47,17,16,1,0.010823231857019736,1.5813859933466605,True,False,[7],[0.12208235183649371]
47,19,384,1,0.013853312366903266,1.2774531567378404,True,False,[5],[0.08452995402346779]
47,20,597,1,0.011793908497635397,1.8279053004165335,True,False,[7],[0.10640705299468901]
47,21,126,1,0.013821989482506115,1.3012521524756353,True,False,[15],[0.019602849396813386]
47,22,853,1,0.013724659160742144,1.5903980330103276,True,False,[5],[0.1448249062427104]
47,23,17,1,0.014269130719998925,1.2494154252653358,True,False,[5],[0.09957279106315721]
48,0,1090,1,0.014334825353702833,1.9686396098184225,True,False,[8],[0.1114544861611203]
48,1,934,1,0.012041998610240584,1.3572298584993565,True,False,[7],[0.11074433894575754]
48,2,601,1,0.012516170716129415,1.6273817238636252,True,False,[5],[0.1148656630278405]
48,3,470,2,0.010651086769969127,1.4097024115029528,True,False,"[7, 11]","[0.12734372944048392, 0.1605494094554172]"
48,5,726,1,0.013940258150668782,1.9980861175921658,True,False,[8],[0.12447793972682279]
48,7,7,2,0.010968758978159961,1.53053409261343,True,False,"[7, 8]","[0.1117949514398755, 0.11485499122182752]"
48,8,253,1,0.011022231654195499,2.039105090220739,True,False,[7],[0.11450624174833068]
48,9,298,1,0.011035209456403317,1.5725173182542866,True,False,[5],[0.076845577407622]
48,10,963,1,0.011369386934931423,1.4606183039316722,True,False,[7],[0.10677744668637994]
48,12,532,1,0.01228699093241256,1.690976233440704,True,False,[7],[0.10565592286063219]
48,13,752,1,0.013743619083165909,1.6030722167751241,True,False,[5],[0.08239254551642361]
48,14,19,1,0.0137119950748128,1.3629995284292387,True,False,[8],[0.11892777905546922]
48,15,164,1,0.013977493522601855,1.5480066117151678,True,False,[11],[0.03518818422391951]
48,16,333,2,0.009845436504409248,1.4671324628742088,True,False,"[7, 16]","[0.10411425925647344, 0.0655856832084998]"
48,17,827,1,0.012241467799416568,1.4426857258982968,True,False,[15],[0.0862994422603413]
48,18,16,1,0.01482167300697151,1.5851608627299159,True,False,[12],[0.062075424898982115]
48,19,884,2,0.013702669059865743,1.4908195485557927,True,False,"[7, 15]","[0.14797731253437305, 0.11966126871355785]"
48,20,384,1,0.013562722890692519,1.2860050257993116,True,False,[6],[0.06431741947754878]
48,21,126,1,0.01404674995992532,1.303342417072612,True,False,[15],[0.04731475184187797]
48,23,17,2,0.010029123676501854,1.2468728013702954,True,False,"[15, 16]","[0.0482297101197382, 0.060535981730279805]"
49,0,1090,2,0.009833109174152768,1.9930824485685597,True,False,"[7, 8]","[0.14571995400347038, 0.13147554859030383]"
49,1,934,1,0.0130350650248628,1.3735715281103167,True,False,[8],[0.065045711954562]
49,3,470,1,0.013821749529219055,1.4333500786010291,True,False,[5],[0.10614049832949334]
49,4,1137,1,0.06356703862600456,1.898584117527494,True,False,[5],[0.0886178505021808]
49,5,726,1,0.013755618726313673,2.024586312152809,True,False,[8],[0.10930537743319985]
49,6,0,2,0.01054575295439453,1.3726066502900058,True,False,"[6, 7]","[0.05040705994103503, 0.10325768412053496]"
49,7,7,1,0.013400323603473444,1.5497674227604312,True,False,[8],[0.10593181361548444]
49,8,253,1,0.011691663370638,2.0848458268418053,True,False,[7],[0.11544000841556638]
49,9,298,2,0.008505766991502097,1.590902932184532,True,False,"[7, 11]","[0.11386608211351926, 0.08685009091801835]"
49,10,963,1,0.011951724008758826,1.4904684981011647,True,False,[7],[0.11396426257853141]
49,11,218,1,0.014206656329385252,1.724711187078794,True,False,[5],[0.06894923556617086]
49,12,532,2,0.010056667764441802,1.701542070031844,True,False,"[7, 8]","[0.12228075080268644, 0.10567081916031766]"
49,13,752,1,0.014238117082766746,1.6245203930921108,True,False,[12],[0.03617049099509203]
49,15,164,1,0.013213502131202134,1.5480539054311244,True,False,[8],[0.05780001453556801]
49,16,333,2,0.01060720212820573,1.4881128043213707,True,False,"[7, 12]","[0.11114043656210575, 0.06797430223050506]"
49,17,827,2,0.01139127871628829,1.4471424469453287,True,False,"[8, 15]","[0.12927354489103013, 0.0999374047680924]"
49,18,16,1,0.012314712608934695,1.6172184793695175,True,False,[7],[0.09815163776833755]
49,19,1163,1,0.0718911826655836,1.8732376530646107,True,False,[7],[0.14399302577303214]
49,20,884,2,0.013850658575862497,1.5041497676719238,True,False,"[7, 16]","[0.12393573026590132, 0.13212573009438916]"
49,21,384,2,0.011540827833737307,1.2921709559714296,True,False,"[6, 7]","[0.08093148569806224, 0.1062481846865315]"
49,22,853,2,0.011657057066869855,1.57654251566635,True,False,"[8, 16]","[0.09278073257226488, 0.11300123673797834]"
50,0,1090,1,0.01101895670269977,2.0004553887931458,True,False,[7],[0.13711284219655748]
50,3,470,1,0.012906170062521179,1.4605094668820418,True,False,[5],[0.10547609845119618]
50,4,1137,1,0.013092576515476814,1.9341700637844734,True,False,[7],[0.1083790857305931]
50,5,1199,2,0.019053871714942678,1.2559210830185341,True,False,"[15, 16]","[0.09896754707918694, 0.04062530544271702]"
50,6,7,1,0.011514813677752202,1.5766690040365732,True,False,[8],[0.10095413560502081]
50,7,253,1,0.010116212567746974,2.119845430255239,True,False,[7],[0.10484158388512843]
50,8,726,1,0.011602340743853785,2.067681860265722,True,False,[8],[0.08244270543756574]
50,9,0,1,0.01315595246666552,1.3932727154272062,True,False,[5],[0.07891518787839152]
50,10,963,1,0.011354236061313678,1.5216071214298483,True,False,[7],[0.10544260173083932]
50,11,218,2,0.00983289473937796,1.743538434647334,True,False,"[7, 12]","[0.10170281466323348, 0.09295314611989584]"
50,12,298,3,0.010838455016367649,1.5950922761299058,True,False,"[7, 11, 12]","[0.12168392293672253, 0.0509123106497248, 0.09021032522239117]"
50,13,532,1,0.013130122601169145,1.7120609922788685,True,False,[7],[0.12563973795749478]
50,14,752,3,0.010459761653708578,1.643315653980952,True,False,"[7, 8, 12]","[0.11005995775345612, 0.13743832312409635, 0.06112522498503021]"
50,17,333,1,0.01472148380432294,1.48286604716254,True,False,[11],[0.035598565328355175]
50,18,827,1,0.013851092894678564,1.4459424825783658,True,False,[15],[0.04774688027850789]
50,19,16,2,0.01378143179406394,1.6117025028121428,True,False,"[12, 16]","[0.10049757136021473, 0.054881362198435035]"
50,20,1163,1,0.011740056842499865,1.9141054040059977,True,False,[7],[0.11134758582589573]
50,21,884,4,0.010954506912947548,1.507578163598774,True,False,"[7, 8, 11, 16]","[0.1123670371817049, 0.12595692636959036, 0.06681719657561046, 0.12042524452246363]"
50,22,384,3,0.009591032324251158,1.2988724951338355,True,False,"[6, 7, 15]","[0.04305230622416951, 0.12215319708455724, 0.0412514150630307]"
50,23,17,2,0.011224025371529599,1.2485719534962862,True,False,"[7, 15]","[0.10302745930554712, 0.06407424593015262]"
51,1,934,1,0.014392439467272157,1.375777326029937,True,False,[16],[0.07205371250737494]
51,2,601,1,0.012728953871369053,1.6420064869161912,True,False,[7],[0.0812590413215592]
51,3,470,1,0.013427288073325449,1.4760327972090603,True,False,[7],[0.13020634047649288]
51,5,1199,3,0.011291138535751392,1.2552245697331157,True,False,"[8, 15, 16]","[0.10925627110115733, 0.11357157981718156, 0.06975990337805704]"
51,6,7,1,0.013925414830791332,1.5838685840087436,True,False,[5],[0.1122173753835108]
51,7,253,1,0.010881462377796575,2.1583986181822645,True,False,[7],[0.10440819243678853]
51,8,726,1,0.012819263562459665,2.067538501768991,True,False,[7],[0.13392930672407055]
51,10,963,2,0.010180340072966077,1.525427718754728,True,False,"[8, 15]","[0.0964542196602162, 0.07976892881812456]"
51,11,218,1,0.011272429130722239,1.7843096810380603,True,False,[7],[0.09567501225255112]
51,12,298,2,0.008922295859513445,1.6066502817716843,True,False,"[7, 15]","[0.1072173062432058, 0.08496303505384058]"
51,13,532,1,0.013625664974682233,1.7210279855162387,True,False,[7],[0.12837093045245826]
51,14,752,2,0.009969640345180669,1.6679875480546817,True,False,"[7, 12]","[0.10589783602076198, 0.03919489389935703]"
51,15,19,1,0.013887262952699458,1.354729701825113,True,False,[15],[0.08794635135907286]
51,16,164,1,0.011479605958039185,1.5860801138795178,True,False,[7],[0.12254390809466967]
51,18,827,1,0.014405921420396244,1.444769764431081,True,False,[15],[0.05124261498989581]
51,19,16,1,0.015701768043565326,1.5897033804083376,True,False,[16],[0.08727501775238557]
51,20,1163,1,0.013242999842918348,1.9456891826331626,True,False,[5],[0.08139111704716469]
51,21,884,1,0.016970313124536843,1.5012363084923546,True,False,[15],[0.07155230860150051]
51,23,17,1,0.01547277011309132,1.2451876674231124,True,False,[16],[0.09114837787197282]
52,0,1090,2,0.009754777280014424,2.0305851951092633,True,False,"[7, 8]","[0.1300047990383254, 0.12210117348010774]"
52,1,934,2,0.011986703408369938,1.389627795426474,True,False,"[7, 8]","[0.12584026883224816, 0.08443124414538096]"
52,3,470,1,0.012173010096040313,1.5017373836458345,True,False,[7],[0.1395348547796759]
52,4,1137,1,0.013334676059374086,1.9659592129363945,True,False,[5],[0.09035460110655222]
52,5,1199,1,0.013536185715453524,1.2680596334861438,True,False,[7],[0.1195082410506423]
52,8,726,1,0.011418233614101932,2.1077762035638523,True,False,[8],[0.08471005061103679]
52,9,0,1,0.014842425671712374,1.3973028523102569,True,False,[16],[0.05110143806551619]
52,11,963,1,0.012129958613911902,1.5182892202552563,True,False,[12],[0.11392707264799759]
52,13,298,2,0.010872804080433398,1.6176034670303736,True,False,"[7, 11]","[0.1204911085159811, 0.027185526532036517]"
52,15,752,1,0.014775090425864607,1.6670206538882015,True,False,[5],[0.11053812678101888]
52,17,164,1,0.014446592795542865,1.5975927641260137,True,False,[5],[0.13756572242084608]
52,18,333,1,0.014330944287952521,1.4976323403007679,True,False,[5],[0.10918611666375247]
52,19,827,2,0.010943317409082212,1.455368480428779,True,False,"[7, 15]","[0.1394237552537891, 0.114990954705456]"
52,21,1163,1,0.0120953734168274,1.9892866279223926,True,False,[5],[0.13020948151038308]
52,22,884,1,0.016536809207880393,1.5093899998492284,True,False,[15],[0.06958656008860457]
52,23,384,1,0.014019868662125165,1.3201065274959236,True,False,[6],[0.03344200640585584]
53,0,1090,2,0.011025831917026423,2.064816466437701,True,False,"[7, 8]","[0.12370668393157981, 0.1405812170140502]"
53,2,601,1,0.013606118659446862,1.6595541077251836,True,False,[7],[0.09815732356100501]
53,3,470,1,0.011888406429061195,1.5299631032412122,True,False,[7],[0.14509664865909722]
53,5,1199,1,0.014142078347767338,1.2854762886222129,True,False,[5],[0.09159483725313294]
53,7,253,1,0.01361008188124994,2.1573543333561376,True,False,[11],[0.07661702418451882]
53,8,726,2,0.008609918119384616,2.1273231299556667,True,False,"[7, 8]","[0.12741815762074016, 0.08961077446136669]"
53,9,0,1,0.014107298459450192,1.3983110821704057,True,False,[6],[0.026657230287029487]
53,13,298,1,0.012885695652265404,1.6416882419147945,True,False,[7],[0.11484696458229803]
53,14,532,1,0.011515541883543402,1.734901844029776,True,False,[5],[0.09566663052782375]
53,15,752,1,0.014084570287265634,1.6684653254338127,True,False,[8],[0.08364022755546076]
53,17,164,1,0.012111272216746162,1.5976012722262685,True,False,[8],[0.14474002323593665]
53,18,333,2,0.011393256310157121,1.4941686941131835,True,False,"[8, 11]","[0.10665604344683584, 0.04369420620765673]"
53,21,1163,1,0.012923758753558123,2.027193155663009,True,False,[5],[0.13910394908557572]
53,22,884,1,0.016983328387622322,1.5177145000245544,True,False,[5],[0.16498757819110982]
53,23,1250,1,0.06702161704136729,1.85980309635641,True,False,[8],[0.08522907213220643]
54,0,1090,2,0.01092253233219599,2.088296059782988,True,False,"[8, 12]","[0.13656417627408574, 0.05266396496720776]"
54,1,934,1,0.013358044238676677,1.3936994332714308,True,False,[15],[0.11317339230596522]
54,2,601,3,0.009099232156322714,1.6645697243909219,True,False,"[8, 11, 15]","[0.058074488315267306, 0.09579554797135788, 0.046798895887318386]"
54,3,470,1,0.013651416513082191,1.5306009137083372,True,False,[15],[0.14600075382303965]
54,4,1137,1,0.014122447140038498,1.9918521988612645,True,False,[5],[0.099477863805168]
54,5,1199,1,0.013576181172164822,1.2850372791215896,True,False,[15],[0.11607498691102426]
54,7,253,2,0.00801338638397354,2.1760992820416454,True,False,"[7, 11]","[0.09552731083722736, 0.08220150148859029]"
54,9,0,3,0.010259746690596821,1.409321368395639,True,False,"[6, 7, 15]","[0.039872527698616954, 0.10885183013749077, 0.022913888918251687]"
54,10,7,1,0.014337250814568226,1.5951047429526652,True,False,[5],[0.09875463183737054]
54,11,963,1,0.012100294461165112,1.5507515022487848,True,False,[7],[0.09604279560372302]
54,12,218,1,0.01357599632580232,1.784401583831618,True,False,[8],[0.11680480953958175]
54,13,298,1,0.01191981183154352,1.671676930371578,True,False,[5],[0.08022413151664204]
54,14,532,1,0.012933350174952379,1.769811306286181,True,False,[8],[0.14190146516247293]
54,16,19,1,0.011790115689422384,1.3828830451901089,True,False,[5],[0.09406874516636526]
54,17,164,1,0.01414769587227901,1.6135910593116056,True,False,[5],[0.1290853216315544]
54,18,333,1,0.012407781654634025,1.5183337181597845,True,False,[7],[0.1024444418108669]
54,21,1163,1,0.011855860590658818,2.0723563670438874,True,False,[5],[0.11936068942458926]
54,22,884,1,0.0174901127947123,1.5180611859837665,True,False,[8],[0.1304791485457563]
55,0,1090,1,0.013172963382056813,2.132931524333988,True,False,[8],[0.13130731007243818]
55,2,601,2,0.0090378895742972,1.6705442445547636,True,False,"[8, 11]","[0.07583692037019871, 0.10044361960018379]"
55,3,470,2,0.008613576750136276,1.5452223880492668,True,False,"[7, 15]","[0.1451570771432158, 0.14949868555368717]"
55,5,1199,1,0.01404799604776889,1.3055763350284442,True,False,[5],[0.09745105510600639]
55,7,253,1,0.010189331313275755,2.2201517586324275,True,False,[7],[0.0959062796027128]
55,9,0,1,0.01433991485585272,1.4095544965164208,True,False,[15],[0.033324867937703076]
55,10,7,1,0.01300202944431406,1.5971823212997522,True,False,[7],[0.11959412891625913]
55,12,218,1,0.013395769944998016,1.7935257471144719,True,False,[7],[0.10930430525372337]
55,13,298,2,0.010254913311289538,1.6638823099575784,True,False,"[8, 12]","[0.1212239729674456, 0.05756478969263255]"
55,14,532,1,0.012131018200256773,1.7760459391414298,True,False,[7],[0.10153064377282955]
55,15,752,1,0.01124169108252369,1.7056227884583466,True,False,[7],[0.10437024062144969]
55,16,19,1,0.012653196098786469,1.4091805432205524,True,False,[5],[0.10294761702490303]
55,17,164,2,0.010757162550108286,1.6361977361477034,True,False,"[7, 11]","[0.13286270301640873, 0.046235644018397505]"
55,18,333,1,0.014418208692149161,1.505224587562408,True,False,[11],[0.07273567150175787]
55,20,16,1,0.010347860895601156,1.6293344503359435,True,False,[7],[0.10666950941874362]
55,21,1163,1,0.012856701910466901,2.1166339168328108,True,False,[5],[0.12208675826500673]
55,22,884,2,0.01337177125881887,1.5273599062182368,True,False,"[7, 11]","[0.1352528119695248, 0.08685563653323013]"
55,23,1250,1,0.013259447788462999,1.8793823600740653,True,False,[5],[0.10871431430248915]
56,0,1090,1,0.011293840249177478,2.1589126639152374,True,False,[7],[0.12254863220168]
56,1,934,1,0.014654405769542564,1.3965357877358715,True,False,[8],[0.08970177838038212]
56,2,601,2,0.008482624573908353,1.6832086651745835,True,False,"[7, 11]","[0.09078628556153216, 0.10421895552721594]"
56,3,470,1,0.010952079227232379,1.5781950410673784,True,False,[7],[0.16344368091474204]
56,4,1137,1,0.012039706807440789,2.026088005166222,True,False,[7],[0.11822244516558829]
56,5,1199,1,0.014601505089753226,1.3062423342200904,True,False,[16],[0.08425332256874833]
56,6,1228,2,0.04337185886625117,2.1469985417635264,True,False,"[11, 12]","[0.0798458469417616, 0.07212308720200873]"
56,9,0,1,0.011344085495753376,1.4322191069666155,True,False,[7],[0.11222238101524643]
56,10,7,1,0.012870577297693885,1.6260727106805195,True,False,[8],[0.09594045639394766]
56,11,963,1,0.013039009203232862,1.5787239080085664,True,False,[7],[0.11053720084675238]
56,12,218,1,0.01366891790742358,1.7972990745443385,True,False,[7],[0.11022625401904028]
56,13,298,1,0.014287796463969432,1.6631379844661163,True,False,[11],[0.05804253112194876]
56,15,752,1,0.01462836494579118,1.7161563086815852,True,False,[5],[0.11247611879508725]
56,17,164,1,0.01154912953406614,1.666566511577608,True,False,[7],[0.14344687129745534]
56,18,333,1,0.014262147131188016,1.5033746531152536,True,False,[11],[0.08263306854291318]
56,20,16,1,0.010710460754272332,1.6671025927100884,True,False,[7],[0.11965739986821934]
56,21,1163,1,0.013479268813770772,2.160398505150228,True,False,[5],[0.12971994352710284]
56,23,1250,2,0.0086414306162089,1.8884385764620417,True,False,"[8, 11]","[0.08490747013544474, 0.06822354643098319]"
57,0,1090,1,0.015549165661405151,2.1387969035101153,True,False,[11],[0.058486447004081836]
57,1,934,1,0.014563123274819212,1.4031118002453629,True,False,[8],[0.07905534586101166]
57,3,470,1,0.012392388187952134,1.6031379185727148,True,False,[5],[0.11360400123709674]
57,4,1137,1,0.01285404161403014,2.052639618520334,True,False,[7],[0.1208031165064356]
57,5,1199,1,0.01441148384525296,1.3130685880417408,True,False,[16],[0.0793224799567397]
57,6,1228,1,0.012286414135065262,2.1817229722901024,True,False,[7],[0.11024485495627635]
57,7,253,2,0.008898954847598218,2.2430391912205554,True,False,"[7, 11]","[0.09605468793916887, 0.0993655740713765]"
57,8,726,3,0.009579856428549659,2.133140370458718,True,False,"[7, 8, 11]","[0.13617949279139407, 0.10089344263813192, 0.07742166094304082]"
57,9,0,1,0.013321416539526454,1.4396243857578028,True,False,[6],[0.03611790130844822]
57,11,963,1,0.012536850537432191,1.5752416402010325,True,False,[15],[0.0836714096779124]
57,13,298,1,0.01391916326356864,1.6744974553195633,True,False,[11],[0.053325746270491595]
57,15,752,1,0.012237779463627042,1.7266670145159633,True,False,[12],[0.10567555660509258]
57,17,164,1,0.011002827581784431,1.7004577575772533,True,False,[7],[0.14584548515491405]
57,18,333,1,0.013214333343813294,1.5248299804408891,True,False,[5],[0.11079722068556193]
57,19,827,1,0.013816450648383067,1.4558859358335745,True,False,[15],[0.10863111977169869]
57,20,16,1,0.013580299415336531,1.6883064440890285,True,False,[5],[0.081884382497213]
57,21,1163,1,0.010675392484615366,2.206999019027904,True,False,[7],[0.11692946613715814]
57,22,884,1,0.015164616232932695,1.5262520741393393,True,False,[11],[0.1398260111797587]
57,23,1250,1,0.01322530353611087,1.8845422246853853,True,False,[15],[0.07531166318072162]
58,0,1090,1,0.010852020965606455,2.1591606267290775,True,False,[7],[0.12383617418460512]
58,4,1137,1,0.01279949618166266,2.0826562470742984,True,False,[7],[0.11421800068424064]
58,5,1199,3,0.009272025568444782,1.3195138546550211,True,False,"[7, 15, 16]","[0.1241171644523774, 0.1281126200367274, 0.08354429075663809]"
58,6,1228,1,0.012399644823562862,2.220631207283113,True,False,[7],[0.11336442009498647]
58,7,253,1,0.013414562188632328,2.2765989327814227,True,False,[5],[0.12319497185384759]
58,9,0,1,0.012755549219891728,1.4674570653962977,True,False,[5],[0.07164697020421183]
58,11,963,1,0.012591818960420189,1.5754828128661833,True,False,[15],[0.10544876891175094]
58,12,218,1,0.011315694254465781,1.8161594596452562,True,False,[7],[0.09151566603679014]
58,15,752,1,0.010214821549860571,1.7616103257939333,True,False,[7],[0.09669695374238095]
58,16,19,1,0.011562792658876992,1.4399065931089277,True,False,[7],[0.11640006381183911]
58,17,164,1,0.01069470429669567,1.738069854939398,True,False,[7],[0.14084037656805043]
58,18,333,2,0.010114406718528151,1.5416994481052246,True,False,"[7, 11]","[0.11499533485195945, 0.09923473857741387]"
58,19,827,1,0.013539049992671132,1.4788657741744777,True,False,[7],[0.14042547263719374]
58,20,16,1,0.014653782288680264,1.6893951733634947,True,False,[12],[0.06600015135407723]
58,22,884,3,0.011198580046828959,1.5266263460419371,True,False,"[8, 15, 16]","[0.13383898422900553, 0.10378393411294612, 0.13146843345132278]"
58,23,1250,2,0.009082177085514013,1.9025530006949514,True,False,"[7, 15]","[0.10764540294305636, 0.0936390271800733]"
59,0,1090,1,0.011737068981906016,2.2035785438448836,True,False,[8],[0.11033696723481115]
59,1,934,1,0.014090927756055643,1.406971980517591,True,False,[8],[0.07263128635762828]
59,2,601,1,0.012116729649692603,1.7120833060410219,True,False,[5],[0.10669773286198832]
59,3,470,1,0.014010771726381039,1.6029541974726487,True,False,[11],[0.14668003608629349]
59,9,0,2,0.010479374384567437,1.4859657113132718,True,False,"[6, 7]","[0.0449527021072039, 0.1089232424398648]"
59,10,7,1,0.014024435807842761,1.6365638653715808,True,False,[5],[0.11241428333367273]
59,11,963,1,0.012845391573190026,1.5778064576997446,True,False,[15],[0.11811324546680124]
59,12,218,1,0.010505585910722528,1.8456938340492282,True,False,[7],[0.09160520921884746]
59,13,1405,1,0.026114692728183415,1.7754190905613474,True,False,[7],[0.11303294567922569]
59,14,532,2,0.00822608116029145,1.7980048989061639,True,False,"[7, 8]","[0.09481195966677679, 0.1273278051543954]"
59,16,19,1,0.014407268852857312,1.4448381042453438,True,False,[8],[0.031276978403736416]
59,17,164,1,0.010654182759782969,1.777190112072892,True,False,[7],[0.1409307264779562]
59,18,298,1,0.014426158237150589,1.6741418577699225,True,False,[11],[0.09536686859177658]
59,19,1400,1,0.10570486690323583,2.2677893074714777,True,False,[7],[0.1413846618194235]
59,20,827,1,0.013958776282350451,1.4899128914747541,True,False,[5],[0.09152445079432113]
59,22,884,1,0.013060116483749558,1.5576304254178164,True,False,[7],[0.13048840166402842]
59,23,1250,2,0.00837517015438826,1.9215412298408672,True,False,"[7, 8]","[0.09920434510056683, 0.09959432836480173]"
60,2,601,2,0.008968286580120907,1.7207306909756368,True,False,"[7, 11]","[0.08684138327460174, 0.12008530979652153]"
60,3,470,1,0.01106682813132554,1.6369530655080213,True,False,[7],[0.1518411852091174]
60,4,1137,1,0.012399008803456518,2.1209499018932774,True,False,[7],[0.10510413925510137]
60,5,1199,2,0.009610800431416964,1.3292893835183672,True,False,"[7, 16]","[0.12078572085615603, 0.08096958354204975]"
60,6,1228,1,0.016127961094144067,2.2106827183086946,True,False,[11],[0.09030775784586036]
60,7,253,1,0.01112968422833601,2.3224631222726546,True,False,[7],[0.09389111959934006]
60,9,0,1,0.012233986194335814,1.5184473404949228,True,False,[5],[0.09135238859193286]
60,10,7,1,0.012386594791029146,1.6714885637613173,True,False,[8],[0.09332501389025485]
60,11,963,1,0.01365741619523856,1.593518846135801,True,False,[5],[0.06782390573533109]
60,12,218,1,0.013886609003328313,1.8450786047888017,True,False,[12],[0.10566259072980197]
60,13,1405,1,0.012614468238596572,1.8014421877681548,True,False,[5],[0.09449019393033899]
60,14,532,1,0.012766003265062349,1.804963136069526,True,False,[7],[0.10901242280519434]
60,15,752,1,0.014254678093542087,1.766913331892581,True,False,[5],[0.12939118189790164]
60,16,19,1,0.012683634875040187,1.4738405215875947,True,False,[5],[0.10685109733072339]
60,17,164,1,0.011172412581515119,1.8160101588712305,True,False,[7],[0.1344501291944843]
60,18,298,2,0.010273516760350382,1.6838828778291584,True,False,"[7, 11]","[0.1211925829273238, 0.10114965703245499]"
60,19,1400,1,0.012567950210313745,2.291934710668518,True,False,[7],[0.1406196533689613]
60,20,827,2,0.009964827875869805,1.5013285642761756,True,False,"[7, 15]","[0.11527140295931829, 0.08323306323515868]"
60,21,1163,1,0.012859847038962428,2.2484194452980275,True,False,[5],[0.13117466109076456]
60,22,884,1,0.016210713728162046,1.5762426916614496,True,False,[8],[0.1352298967197301]
60,23,1250,1,0.013445148813899244,1.936717211573352,True,False,[5],[0.1214478649674219]
61,0,1090,1,0.010860587866084327,2.224056727672455,True,False,[7],[0.1239346695842774]
61,1,934,1,0.012212471936196765,1.4073711440361285,True,False,[15],[0.09666256092072271]
61,3,470,1,0.012386100932179725,1.6637156724456723,True,False,[5],[0.12437879184358164]
61,4,1137,1,0.014497886747697973,2.1147192797716836,True,False,[8],[0.08061019415969568]
61,5,1199,1,0.01263276068281048,1.3532846726826888,True,False,[7],[0.1309697006362135]
61,6,1228,1,0.011995200635265268,2.2534718286450013,True,False,[5],[0.09685140828120936]
61,8,726,1,0.012436747474337583,2.1611850000543926,True,False,[8],[0.10003356425150904]
61,9,0,1,0.012357235604150028,1.554421087591193,True,False,[5],[0.09171440534312532]
61,11,963,1,0.0115477524601313,1.5855126100280874,True,False,[12],[0.1270632147579703]
61,13,1405,1,0.01303555872229331,1.8301914719508265,True,False,[5],[0.09354017085342026]
61,14,532,1,0.01166393974647117,1.8291667143431265,True,False,[8],[0.13975132115892427]
61,16,19,1,0.014292198792341686,1.470458684119726,True,False,[8],[0.0535173041075205]
61,17,164,1,0.014169547138458775,1.8348255182351196,True,False,[5],[0.1599805321048941]
61,18,298,2,0.01050955339168399,1.6945663281082484,True,False,"[7, 11]","[0.11260715960061365, 0.09361125489208827]"
61,20,827,1,0.012608089370163682,1.5098146616146937,True,False,[8],[0.057390894913000375]
61,21,1163,1,0.012703298163034097,2.275271003285772,True,False,[8],[0.13350330175046002]
61,22,884,3,0.009401545367790882,1.584708539096626,True,False,"[7, 11, 16]","[0.1447775844853688, 0.1642073359141748, 0.12253090651445701]"
62,0,1090,1,0.010614254694218735,2.2561585894812977,True,False,[8],[0.12061289774076926]
62,1,934,1,0.014376392638238951,1.4081094216497088,True,False,[16],[0.08404551467831631]
62,2,601,1,0.013496089298217922,1.721604275393058,True,False,[15],[0.062254369070916374]
62,3,470,2,0.00852810620233567,1.6833011452630502,True,False,"[7, 11]","[0.1423608733913237, 0.13910694953112615]"
62,5,1199,2,0.011687959462396523,1.3527498273401237,True,False,"[8, 15]","[0.11801674758823262, 0.13866585256898442]"
62,6,1228,1,0.011688628496292252,2.2997387139943037,True,False,[5],[0.10578543805895224]
62,7,253,1,0.013221032491002758,2.3612289961836153,True,False,[5],[0.12342643482852836]
62,8,726,1,0.011852322986690391,2.197177648756185,True,False,[8],[0.11041106481477789]
62,9,0,1,0.014060369341526577,1.554127077995486,True,False,[6],[0.04474403974728927]
62,10,7,1,0.013439182446041519,1.7024179744268744,True,False,[8],[0.10908206838382611]
62,11,963,1,0.011958135614911098,1.6193943150125505,True,False,[7],[0.09371670137610724]
62,13,1405,1,0.013319383749379719,1.8601552487137967,True,False,[5],[0.09817974048846821]
62,14,532,1,0.012903552716513564,1.836768402287193,True,False,[7],[0.13755926691078213]
62,15,752,1,0.010643563831696257,1.8042011211329672,True,False,[7],[0.09525244146404642]
62,17,164,1,0.014131352956588229,1.8373079674409862,True,False,[11],[0.05866243353798006]
62,18,298,2,0.011247589751531985,1.707184996676763,True,False,"[7, 11]","[0.11689955438588993, 0.09933867609535185]"
62,19,1400,1,0.016133255086548472,2.277785604819438,True,False,[11],[0.0652139186037106]
62,20,827,1,0.012202623906567336,1.5260241327301725,True,False,[8],[0.05772757259675228]
62,21,1476,1,0.09103608495950721,2.23454445414318,True,False,[7],[0.12725721460551492]
62,22,884,1,0.015008665758551896,1.5835035066658083,True,False,[11],[0.1790589963566668]
62,23,1250,1,0.011834575860432166,1.9363261860147067,True,False,[8],[0.11136710627578007]
63,0,1090,2,0.00899365481892241,2.2922899509489927,True,False,"[7, 8]","[0.1282426302505022, 0.14223413660397377]"
63,2,601,3,0.008177109754315098,1.7175188847562004,True,False,"[7, 11, 15]","[0.0921310815611694, 0.123121277809918, 0.09436281949521497]"
63,3,470,2,0.007973080528961396,1.7036973540498157,True,False,"[7, 15]","[0.13596909283291247, 0.15235861650333302]"
63,4,1137,1,0.012503790435377695,2.15409896056379,True,False,[7],[0.10698197375023925]
63,6,1228,1,0.010743489552048003,2.354442237534379,True,False,[5],[0.10017067753209964]
63,7,253,1,0.012771282817302346,2.4030108602126994,True,False,[5],[0.11181561418131176]
63,8,726,1,0.01335032075580483,2.1973554864606064,True,False,[5],[0.08905380490815441]
63,9,0,2,0.010071105091599496,1.5696644143845573,True,False,"[7, 15]","[0.113795213148406, 0.04469987114641307]"
63,10,7,1,0.013407873709157617,1.7317940774368916,True,False,[8],[0.10127340336372444]
63,11,963,1,0.012042744448974102,1.6151423164978562,True,False,[8],[0.1397739844840054]
63,13,1405,1,0.012641082885260497,1.8951458891141506,True,False,[5],[0.0920363870698674]
63,15,752,1,0.012373228425573549,1.8114669943958763,True,False,[12],[0.10242772310960953]
63,17,164,1,0.011146810264170864,1.8366581517236706,True,False,[8],[0.16767713166576545]
63,18,298,1,0.013755354676393926,1.7078536197160898,True,False,[11],[0.08768549163403319]
63,19,1400,1,0.012266852856777456,2.2828526952679997,True,False,[5],[0.09141241383815353]
63,21,1476,1,0.010297941645972628,2.2851520454514915,True,False,[7],[0.12507201564298148]
63,22,884,1,0.015096205951496378,1.5785951222474255,True,False,[15],[0.12066929534067099]
63,23,1250,1,0.012194611437548655,1.9536299855884727,True,False,[11],[0.08892764345139198]
64,0,1090,3,0.007264347724155157,2.31017363995437,True,False,"[7, 8, 11]","[0.12147150303387276, 0.12973763801095226, 0.0702317553522553]"
64,1,934,2,0.009625674805264663,1.4079015327655182,True,False,"[15, 16]","[0.0991671303375586, 0.08870720181195263]"
64,2,601,1,0.01254529691352624,1.7291519845010221,True,False,[7],[0.10266916399423343]
64,4,1137,1,0.014095222515770287,2.174030141755289,True,False,[5],[0.11298655285293333]
64,5,1199,1,0.013465728350112798,1.3522879630980695,True,False,[15],[0.13231465952160226]
64,6,1228,1,0.012347863170846197,2.3967856119403774,True,False,[7],[0.11249610460591876]
64,7,253,1,0.012796868233324375,2.4367311727005685,True,False,[5],[0.12789187351960563]
64,9,0,1,0.01262757401187624,1.605877141368806,True,False,[5],[0.0870389776400474]
64,10,7,1,0.011626889772317532,1.7622398674685615,True,False,[8],[0.10442416453701268]
64,11,963,2,0.009436622432038046,1.6281181001342884,True,False,"[7, 12]","[0.10366673829971743, 0.14851442702759657]"
64,14,532,1,0.011135809905994424,1.8625461083515846,True,False,[8],[0.14988188839160071]
64,15,752,1,0.012442376780969149,1.8155926487574316,True,False,[12],[0.10856760359874822]
64,16,19,1,0.012084369158754816,1.498429340209067,True,False,[7],[0.11612793043328595]
64,18,298,1,0.013833331906588883,1.7315520704425333,True,False,[5],[0.11370508245107602]
64,19,1400,1,0.012476681709303841,2.3019918569398574,True,False,[7],[0.13042875301487716]
64,20,827,1,0.013286341934334665,1.5457440939672136,True,False,[8],[0.0749424339610924]
64,21,1476,1,0.010550120278233446,2.3393328641347324,True,False,[7],[0.12366156960528688]
64,22,884,1,0.012787272126115046,1.6082842459947349,True,False,[7],[0.13347442626704942]
64,23,1250,1,0.011784327773831725,1.9916758143321862,True,False,[7],[0.0951197533896275]
65,1,934,1,0.012915764327419433,1.4112285037279075,True,False,[8],[0.07078042523356948]
65,2,601,3,0.01017796488779529,1.724972256052557,True,False,"[7, 11, 15]","[0.11796721083394116, 0.12513321410224193, 0.11462464458062532]"
65,3,470,1,0.010775768021681637,1.7443725692139287,True,False,[7],[0.13492746006308493]
65,4,1137,1,0.012082453103693812,2.2149599065037604,True,False,[7],[0.11286102714422833]
65,5,1199,2,0.012472247529635612,1.3514752103195877,True,False,"[15, 16]","[0.1418262392878114, 0.09792278353546395]"
65,9,0,2,0.009279085643846866,1.6052479232756334,True,False,"[6, 15]","[0.053541608731467155, 0.04961636925122413]"
65,10,7,1,0.0114326804878916,1.7965510401496938,True,False,[8],[0.1105210697906928]
65,12,218,1,0.011864239751743007,1.8591536800472368,True,False,[7],[0.10606046118739032]
65,13,1405,2,0.008327120779883398,1.9076508396171348,True,False,"[7, 11]","[0.10654694450286024, 0.04599148048894384]"
65,15,752,1,0.012034727713331176,1.817956113046278,True,False,[12],[0.10008260942024089]
65,16,19,2,0.009117057566610747,1.5170815325299485,True,False,"[7, 8]","[0.1109360370255021, 0.05357817474685521]"
65,18,298,1,0.013769100114954216,1.756535745130679,True,False,[5],[0.10366305561220857]
65,21,1476,1,0.011422460830666495,2.389406044114469,True,False,[7],[0.13219500284168573]
65,22,884,2,0.010628361271767004,1.62693780126675,True,False,"[7, 16]","[0.15163452034458003, 0.13427978068879176]"
65,23,1250,3,0.006789324152978484,2.005934348102577,True,False,"[7, 11, 15]","[0.0997701649824065, 0.10061648643901158, 0.09743737424342065]"
66,0,1090,2,0.009972911994876193,2.340855918351462,True,False,"[7, 8]","[0.11923273925377051, 0.13491934781576342]"
66,1,934,1,0.013160750743859983,1.4104627532965524,True,False,[15],[0.10484645027118338]
66,2,601,2,0.011677325013249994,1.7289767984173368,True,False,"[7, 11]","[0.11168819553515695, 0.11664915610574118]"
66,3,470,1,0.012181252095451523,1.7443782311641862,True,False,[15],[0.15731371865836183]
66,4,1137,1,0.014270072708331383,2.234827670879363,True,False,[5],[0.11286106115019827]
66,5,1199,1,0.01212764754501505,1.3815088797313417,True,False,[7],[0.12116056713020576]
66,6,1228,1,0.010768223889645568,2.4567098524368243,True,False,[5],[0.10610457535964285]
66,7,253,1,0.01136674707155586,2.481709047516045,True,False,[7],[0.09072723184459917]
66,8,726,2,0.009932370107868018,2.2142939131360855,True,False,"[7, 8]","[0.14882299044887365, 0.12744300240109874]"
66,9,0,2,0.009782105560353556,1.6011575631905441,True,False,"[6, 16]","[0.06614378109231078, 0.05927215726661659]"
66,10,7,1,0.011499104634890154,1.8351458905835005,True,False,[8],[0.12409009462351236]
66,11,963,2,0.009348270358585936,1.641149434461714,True,False,"[7, 15]","[0.11960545203054944, 0.12262244501471374]"
66,12,218,1,0.012069521913190925,1.8773483206359838,True,False,[7],[0.1040536382731124]
66,13,1405,3,0.006810930278538307,1.914430026037229,True,False,"[7, 11, 12]","[0.09817084125876498, 0.06071599495270567, 0.0510670855480596]"
66,14,532,1,0.012750566574649914,1.8813618625791118,True,False,[5],[0.10904154104478486]
66,15,752,1,0.009605827130310319,1.8545546600380465,True,False,[7],[0.09842288624335663]
66,16,19,1,0.01440417637552088,1.5237736535460247,True,False,[8],[0.06099460852286958]
66,17,164,2,0.010296482070539584,1.8352330340541894,True,False,"[8, 11]","[0.18388004398590493, 0.07957437889523711]"
66,18,298,1,0.013620241325780455,1.7594114583613825,True,False,[12],[0.09007716605556491]
66,19,1400,1,0.012173153450332526,2.332639078894164,True,False,[7],[0.13109674633445978]
66,20,827,3,0.008999836872769604,1.5573609842041267,True,False,"[7, 8, 15]","[0.1220795473107674, 0.07231479851649061, 0.09654861190447653]"
66,21,1476,2,0.010032584772520765,2.4098962052704285,True,False,"[7, 11]","[0.11779628675890069, 0.08085644992666086]"
66,22,884,1,0.012900911603068152,1.6662979075044215,True,False,[7],[0.14844966376913724]
67,1,934,2,0.009525236632069669,1.4138966385244391,True,False,"[8, 15]","[0.05979238707841904, 0.1049281575493491]"
67,2,601,1,0.01292572219956201,1.716034849360096,True,False,[15],[0.11737807569740195]
67,3,470,1,0.010791563420851634,1.7856884952062975,True,False,[7],[0.13142400392742834]
67,4,1137,1,0.01287122643724518,2.267278691825913,True,False,[7],[0.12084962113707427]
67,5,1199,1,0.013824499649183272,1.3795283837211247,True,False,[16],[0.0991598071507814]
67,7,253,1,0.012814978162790754,2.5152399161542833,True,False,[5],[0.12679291373253762]
67,8,726,1,0.011612851393838818,2.2517558278710315,True,False,[8],[0.12315592125328317]
67,9,0,1,0.013156907870222506,1.5939598820584544,True,False,[6],[0.06072987525536218]
67,10,7,3,0.007859645790153911,1.8513293643799222,True,False,"[7, 8, 15]","[0.12380455390783678, 0.11338879818254187, 0.08870072617293405]"
67,11,963,2,0.009245719732281422,1.6560584575374317,True,False,"[7, 15]","[0.11246098475326771, 0.12181240247599845]"
67,12,218,1,0.013285327354570086,1.8912461776607687,True,False,[7],[0.11271017508477713]
67,15,752,1,0.012394348347996806,1.8545446875234632,True,False,[12],[0.0933118055257402]
67,16,19,1,0.013335270897953024,1.5503023940478124,True,False,[5],[0.1154429417042031]
67,17,164,1,0.010277823114573145,1.8770335862457006,True,False,[7],[0.14171527873419762]
67,19,1400,1,0.012418529300958646,2.372911721524162,True,False,[7],[0.13190583488706673]
67,22,884,2,0.010656337786135787,1.6897738973843797,True,False,"[7, 8]","[0.1764793211063783, 0.10769789164249288]"
68,0,1090,3,0.010001264621763584,2.3565871910397442,True,False,"[7, 8, 11]","[0.1503336642833016, 0.14759220491399705, 0.10825107978730668]"
68,1,934,1,0.012518300573649744,1.4193748435389413,True,False,[8],[0.0619310780222986]
68,2,601,2,0.012285256439358046,1.7198228537973028,True,False,"[7, 11]","[0.11873405416312093, 0.13326232205410693]"
68,3,470,1,0.01114622963575435,1.8218605284904805,True,False,[5],[0.10595604292399931]
68,4,1137,1,0.012059665780931978,2.300657365979649,True,False,[7],[0.12731861337015052]
68,5,1199,1,0.012419364898382856,1.3787683325387097,True,False,[8],[0.11864770584610322]
68,6,1228,1,0.011169450303076369,2.5156006545017613,True,False,[5],[0.11135900702872108]
68,8,726,1,0.011653354714455253,2.290934381468901,True,False,[8],[0.12959848772556218]
68,9,0,1,0.012017221676585435,1.590092975857412,True,False,[6],[0.05132790295903798]
68,10,7,2,0.007850143819521097,1.8707736588481623,True,False,"[7, 8]","[0.12487032058173425, 0.10157834409019702]"
68,11,963,1,0.012489124940097164,1.6888704681363098,True,False,[7],[0.11685652763959348]
68,12,218,1,0.01328525113210844,1.8905960738911622,True,False,[12],[0.10607848196688813]
68,15,752,1,0.010353289329545544,1.8847788583819436,True,False,[7],[0.10687119499888013]
68,17,164,1,0.011121856194155202,1.8765127658784522,True,False,[8],[0.1984685845527787]
68,19,1400,1,0.01279249734543547,2.3729091863464107,True,False,[5],[0.10005597056603885]
68,20,827,2,0.011929252493816824,1.5683051896081144,True,False,"[7, 15]","[0.12734486672961007, 0.1031683803023644]"
68,21,1476,1,0.010355822486918315,2.4616907186049932,True,False,[7],[0.11001298394610952]
68,22,884,1,0.015788016372196893,1.6975979979730003,True,False,[8],[0.12256564250122685]
68,23,1250,1,0.013287942049713057,2.0226413031785633,True,False,[5],[0.13997159801618947]
69,1,934,1,0.012822365682101372,1.4331898109677348,True,False,[7],[0.13101356432681918]
69,2,601,1,0.01248962529135683,1.7211126142606954,True,False,[11],[0.12781385819142965]
69,3,470,1,0.011411065438462395,1.8579179265735968,True,False,[5],[0.11107525966709639]
69,4,1137,1,0.011047482077883829,2.3466616084817673,True,False,[7],[0.12696760276096639]
69,5,1199,2,0.0096397505804562,1.3964168386423454,True,False,"[7, 15]","[0.1276097631731426, 0.1287963805443521]"
69,6,1228,1,0.009838737315392426,2.5733428177556577,True,False,[7],[0.10238099004377062]
69,7,253,1,0.010361783919312481,2.5709374176888553,True,False,[7],[0.08693887268771534]
69,9,0,1,0.013192818836007479,1.6277659979973336,True,False,[5],[0.08595946794310617]
69,10,7,2,0.011855823344587962,1.886068442320405,True,False,"[8, 15]","[0.11104112889202952, 0.11196106407732921]"
69,12,218,1,0.01316266730762605,1.9019295918294765,True,False,[7],[0.12144699224069931]
69,13,1405,2,0.007903822563912945,1.9387985263836136,True,False,"[7, 12]","[0.08714589900569518, 0.05032752457867581]"
69,14,532,2,0.008651719903242993,1.9005760341553457,True,False,"[7, 8]","[0.1446741993423909, 0.15244999749971197]"
69,15,752,1,0.011649813239481034,1.913423984293725,True,False,[7],[0.11134093119558937]
69,18,298,1,0.013628506541353225,1.7808117066856515,True,False,[5],[0.1147141966582859]
69,19,1400,1,0.011943921829886246,2.372014505638543,True,False,[5],[0.09010498447016493]
69,21,1476,1,0.01331352412039578,2.4435507697611123,True,False,[11],[0.10408078410525382]
69,22,884,1,0.014693094340619172,1.6936833816723378,True,False,[15],[0.17075964551598433]
69,23,1250,2,0.0084584600341609,2.020583227174487,True,False,"[8, 15]","[0.11936533373897779, 0.10154088029916969]"
70,1,934,1,0.011826387097923143,1.439954197304437,True,False,[8],[0.06108609275819607]
70,2,601,1,0.011766326112839343,1.7500391940375424,True,False,[5],[0.11864078838796667]
70,3,470,1,0.011201024887796665,1.9002770354984868,True,False,[7],[0.12945496977554077]
70,5,1199,2,0.009743411214238972,1.409614581340833,True,False,"[7, 16]","[0.12832154246078534, 0.10250874183763803]"
70,6,1228,1,0.010621233218742006,2.635699644797916,True,False,[5],[0.10592202718315408]
70,7,253,1,0.010661555803087926,2.6254787478226693,True,False,[7],[0.09053168939874932]
70,8,726,1,0.010248210950815392,2.3428999977881224,True,False,[8],[0.10956240202255307]
70,9,0,1,0.013401139327688378,1.622135169891306,True,False,[6],[0.05897749398363717]
70,11,963,2,0.010711932851588085,1.7069839936645574,True,False,"[7, 15]","[0.1368844060827435, 0.13484208112302312]"
70,12,218,1,0.010563654914954618,1.9454870691741526,True,False,[5],[0.0901982885334645]
70,13,1405,2,0.011168284524458763,1.9345306569942815,True,False,"[8, 12]","[0.13898866967897186, 0.0671969908743612]"
70,14,532,1,0.013350130525768961,1.9212385259263558,True,False,[5],[0.12878467180881653]
70,15,752,1,0.011824196319166752,1.937902574627716,True,False,[7],[0.11820511772121768]
70,16,19,1,0.015481458911098579,1.542185391648315,True,False,[15],[0.044714596718761754]
70,17,164,3,0.011637572058075899,1.869155733914585,True,False,"[8, 11, 12]","[0.22924385031441635, 0.13517534373950518, 0.09225885050656062]"
70,18,298,1,0.01182742543653528,1.8142895435820576,True,False,[7],[0.11014722521012507]
70,19,1400,3,0.010240442549829015,2.358028501570591,True,False,"[7, 10, 11]","[0.12171245464277246, 0.051919551642719046, 0.09668101543649595]"
70,20,827,2,0.009923340694630873,1.574605725864385,True,False,"[8, 15]","[0.06927359487774935, 0.09755797609738837]"
70,21,1476,1,0.010154837816870065,2.4929413027366922,True,False,[7],[0.10931346370115545]
70,22,884,1,0.013753711760478956,1.6918005649423196,True,False,[11],[0.17273938103497716]
70,23,1250,5,0.00883911950432061,2.0113191551167975,True,False,"[7, 8, 11, 15, 16]","[0.11119888369029794, 0.14603941635924994, 0.13589848800560925, 0.1382537256934921, 0.13245891526343526]"
71,0,1090,2,0.011150861357944316,2.3894450472713498,True,False,"[7, 8]","[0.14488998903928801, 0.1411280213961271]"
71,2,601,1,0.010943979914928166,1.7828098026164718,True,False,[5],[0.12355650248449594]
71,3,470,1,0.011485624785766728,1.9397648957225242,True,False,[7],[0.16135746908984616]
71,4,1137,1,0.013806412447945376,2.36890536054159,True,False,[5],[0.10468159786127923]
71,5,1199,2,0.008190064399661275,1.4262656943004137,True,False,"[7, 8]","[0.11910336094894669, 0.1176400205253351]"
71,6,1228,1,0.010959676022328713,2.6981275347135134,True,False,[5],[0.09732616131817312]
71,8,726,1,0.012572249982131606,2.34126524772299,True,False,[7],[0.154496455992525]
71,9,0,2,0.010323204860060674,1.6214019325243507,True,False,"[6, 15]","[0.07127062886547945, 0.06213059316037888]"
71,11,963,1,0.012660143012841662,1.737763458872258,True,False,[7],[0.13756637581614545]
71,13,1405,2,0.008987730855322526,1.9409682375715889,True,False,"[7, 11]","[0.0869864813357545, 0.05727965386839944]"
71,14,532,2,0.00888204230599666,1.9414717059858406,True,False,"[7, 8]","[0.13156796239240579, 0.1500349019714109]"
71,15,752,2,0.00851191830839696,1.9547819451765622,True,False,"[7, 12]","[0.11917186700174343, 0.08882804115928582]"
71,18,298,2,0.011826049599952426,1.8311375277029391,True,False,"[7, 11]","[0.13154498253634694, 0.12144966093278044]"
71,19,1400,1,0.013165353798364844,2.3736106095432095,True,False,[7],[0.10943766626911575]
71,20,827,1,0.012427956010784304,1.598288461600802,True,False,[7],[0.12162715450430099]
71,21,1476,1,0.009580396916621572,2.5417785931323467,True,False,[7],[0.09794107248258806]
71,22,884,2,0.010014619166830174,1.7082964400851275,True,False,"[7, 11]","[0.1674214099224252, 0.18105099484360077]"
71,23,1250,2,0.010763572453824182,2.020180939967762,True,False,"[7, 8]","[0.12694024002915047, 0.14763724622608732]"
72,1,934,1,0.012616995117413465,1.4708719907097223,True,False,[5],[0.10649418327128227]
72,4,1137,1,0.012212276555931075,2.4072543303203315,True,False,[7],[0.13352177416796038]
72,5,1199,1,0.011764877834867848,1.4569574633521547,True,False,[7],[0.1238088879015831]
72,6,1720,1,0.03932101998743948,1.5863388957029974,True,False,[15],[0.0650114028546762]
72,7,1228,1,0.01058351049921297,2.7519237160414702,True,False,[7],[0.09968845236541671]
72,9,726,1,0.014089161500861667,2.3527279884489163,True,False,[8],[0.10893397798685901]
72,10,0,1,0.014814913435068366,1.6232174087128943,True,False,[6],[0.06112423119709623]
72,12,963,1,0.012023144087640754,1.7364900647798143,True,False,[15],[0.0986429628550658]
72,13,218,1,0.011876778312254508,1.98036426983957,True,False,[5],[0.09464693324418483]
72,14,1405,1,0.014051041141285695,1.945129858955059,True,False,[11],[0.07939247960948106]
72,15,532,1,0.011684505527453254,1.9531331438243524,True,False,[7],[0.10671196971695004]
72,16,752,1,0.012889356688659433,1.979416264323133,True,False,[12],[0.07128357164631022]
72,18,164,1,0.013156220226308657,1.8899192352721461,True,False,[5],[0.11602299171623522]
72,19,298,2,0.010238931430380915,1.8389313785550492,True,False,"[7, 11]","[0.12030985250822078, 0.10156579849959066]"
72,20,1400,1,0.010265475937376577,2.412803041484209,True,False,[7],[0.1253855470872511]
72,21,1476,1,0.009557178072678342,2.5944972829682875,True,False,[7],[0.0991291051150257]
72,22,884,3,0.009576236317257346,1.7185319512020438,True,False,"[7, 11, 16]","[0.17525312268900056, 0.19225777438406208, 0.17457884532446824]"
72,23,1250,1,0.01302060551469205,2.0014998525959156,True,False,[15],[0.14331960372861988]
73,0,1090,1,0.012113353290909805,2.427292895781618,True,False,[8],[0.13010375017664602]
73,1,934,2,0.009983212858091992,1.4694776008269599,True,False,"[15, 16]","[0.10927222121564512, 0.08659094170080597]"
73,3,470,1,0.012259249205468687,1.9686793992394052,True,False,[5],[0.10784506837309106]
73,4,1137,2,0.00885946425779951,2.43712651396752,True,False,"[7, 8]","[0.11873791849899946, 0.09485290140249457]"
73,5,1199,1,0.012111818221615403,1.4858271012385136,True,False,[7],[0.12678962739092547]
73,7,1228,1,0.012325374373690424,2.8003775056371505,True,False,[5],[0.11815661802367469]
73,8,253,1,0.010821070702170917,2.6826193923697703,True,False,[5],[0.09181443531450012]
73,9,726,2,0.01123272257178763,2.355634117036332,True,False,"[8, 11]","[0.12818745780742072, 0.10446017665117434]"
73,10,0,1,0.010924425579280512,1.6524376213711705,True,False,[7],[0.11611503546595055]
73,11,7,1,0.01045302118092386,1.9178502964919248,True,False,[8],[0.12984197140909906]
73,12,963,1,0.011452085745106201,1.7655778250451473,True,False,[7],[0.11453004319369903]
73,13,218,1,0.011456848487885342,2.0089928427308643,True,False,[5],[0.10495768590143217]
73,14,1405,1,0.012440079385130535,1.9803112998165298,True,False,[5],[0.12201320840603196]
73,16,752,1,0.01151475569645659,2.0215767900020825,True,False,[5],[0.11535614476743272]
73,18,164,2,0.012110395566982231,1.913434749739168,True,False,"[7, 11]","[0.1309301282632408, 0.11703677702226066]"
73,19,298,1,0.01192799028839769,1.8784098606471258,True,False,[5],[0.08473115343984579]
73,20,1400,1,0.01295325362600868,2.4081156721378116,True,False,[5],[0.10266053314814255]
73,22,884,1,0.013352476424541423,1.7506636942298648,True,False,[7],[0.17170469724192255]
73,23,1250,2,0.00983525618012748,2.009618864350377,True,False,"[7, 15]","[0.12739279915203305, 0.14418953987488428]"
74,0,1090,3,0.010921855075792153,2.4479882030338174,True,False,"[7, 8, 11]","[0.15848583976147163, 0.14239659781384195, 0.13109407081271043]"
74,3,470,1,0.012469229220714436,1.9687709733771461,True,False,[11],[0.13637492679351793]
74,5,1199,1,0.011830084800396061,1.518771539798114,True,False,[7],[0.12932467886120247]
74,7,1228,1,0.012029456390380971,2.8552170702087163,True,False,[5],[0.10814429062050858]
74,8,253,1,0.009877549553337242,2.742379493511824,True,False,[7],[0.13864875381060685]
74,10,0,1,0.013795939060303481,1.6699915168797008,True,False,[5],[0.10293521718806059]
74,11,7,1,0.014761232639898071,1.9201276327483885,True,False,[5],[0.08707654097699745]
74,12,963,1,0.010430573327341696,1.8050891561719744,True,False,[7],[0.10900854901446998]
74,13,218,1,0.012901517044814792,2.038765058863384,True,False,[5],[0.11438403269430603]
74,14,1405,3,0.010285395726909511,1.9959687098225871,True,False,"[7, 8, 12]","[0.13344130190416234, 0.1538633945202583, 0.05958424152599409]"
74,15,532,1,0.012823328255529544,1.9634730506898277,True,False,[7],[0.11119186265148652]
74,16,752,1,0.011862469869271915,2.0660397572968137,True,False,[5],[0.10929878675652416]
74,19,298,2,0.011225066404619755,1.8857182131135113,True,False,"[7, 11]","[0.12865304243983586, 0.10271266140641654]"
74,20,1400,1,0.010651386294229502,2.460081973016244,True,False,[7],[0.11773201470956135]
74,21,1476,1,0.012019194359804511,2.6106947337427737,True,False,[8],[0.16699836652010822]
74,22,884,1,0.01500855274483336,1.7446909158903194,True,False,[16],[0.18905484923590346]
74,23,1250,2,0.011322253305577143,2.000172632837106,True,False,"[8, 16]","[0.15307014398765761, 0.13218715060165637]"
75,0,1090,1,0.012725421677520634,2.48421899435422,True,False,[8],[0.14150395952992448]
75,1,934,1,0.011325563746599935,1.4897876737783649,True,False,[8],[0.07203487638393073]
75,2,601,3,0.009545740302577021,1.7894872938991566,True,False,"[7, 8, 11]","[0.12620569423620853, 0.10556767922847334, 0.12541518956824935]"
75,3,470,1,0.012148977408069476,1.9684376195886772,True,False,[12],[0.1437251402210194]
75,5,1199,1,0.012662506705007735,1.5169648300064962,True,False,[8],[0.12041484299380269]
75,6,1720,2,0.008649504656239005,1.6025417338219394,True,False,"[7, 15]","[0.10285662143768022, 0.05886159834535151]"
75,7,1228,1,0.012833180094171793,2.900798155548085,True,False,[5],[0.11770095785885942]
75,8,253,1,0.009902312333108646,2.8007544281587116,True,False,[7],[0.1295998467164931]
75,9,726,1,0.011851638110558506,2.3601299742509827,True,False,[5],[0.08364398416180352]
75,11,7,1,0.011072778684078684,1.9514708574304844,True,False,[8],[0.1270227853498368]
75,12,963,1,0.01159526956362687,1.838602332742804,True,False,[5],[0.10332010045064734]
75,13,218,1,0.012501047255284158,2.0762572141235274,True,False,[5],[0.10428684869699913]
75,14,1405,1,0.011876638096062824,2.0310432652369013,True,False,[7],[0.12944465551627252]
75,15,532,1,0.014153588529258576,1.9713610374084896,True,False,[5],[0.1410778276135548]
75,16,752,1,0.011309172293180392,2.090229821837127,True,False,[12],[0.07245609856016424]
75,19,298,1,0.012875860980461925,1.9073879133034155,True,False,[7],[0.11825193190526283]
75,21,1476,2,0.008673286874574738,2.6239855748179357,True,False,"[7, 11]","[0.09325012999514325, 0.11524022526058939]"
75,22,884,2,0.010615866280535005,1.7496830734608957,True,False,"[8, 16]","[0.12623237094638243, 0.20330406125757383]"
75,23,1250,1,0.013448150438493312,1.986228047242858,True,False,[16],[0.1335098000420587]
76,0,1090,1,0.011248507098414842,2.520525598939608,True,False,[7],[0.1452611632547356]
76,2,601,1,0.012281784295874556,1.7874561440213292,True,False,[11],[0.1428809850204157]
76,3,470,4,0.008608756387969645,1.9801234521322313,True,False,"[7, 8, 11, 15]","[0.13947706798340978, 0.15376422478494073, 0.15868253162091192, 0.1755496786058997]"
76,5,1199,1,0.013122287250069704,1.538762109698816,True,False,[5],[0.09483708735445039]
76,6,1720,2,0.008713864045947168,1.61893319909938,True,False,"[7, 15]","[0.09733727076053968, 0.05108129465350119]"
76,8,253,1,0.009814129176232948,2.866758369683325,True,False,[5],[0.09469257261502449]
76,10,0,1,0.014659294669189782,1.6745585754099992,True,False,[6],[0.06360273757151548]
76,13,218,1,0.012887410988984521,2.0760487552532854,True,False,[8],[0.14957861558772675]
76,15,532,1,0.01413453379441494,1.9781298999528918,True,False,[5],[0.14171472418198344]
76,16,752,1,0.012590052274774362,2.103978675060793,True,False,[12],[0.07424701867725296]
76,18,164,1,0.013810543220766497,1.9246699280898025,True,False,[5],[0.14649787475455095]
76,19,298,1,0.013312225584960117,1.9223812303478236,True,False,[7],[0.12054264937806272]
76,20,1400,1,0.012259875587966127,2.465370554979457,True,False,[5],[0.08427905519964259]
76,21,1476,1,0.009968921125486472,2.6846090724232443,True,False,[7],[0.08847801646916578]
76,22,884,1,0.013249454302877408,1.7822918755589603,True,False,[7],[0.177461184921407]
76,23,1250,1,0.011926281306950663,1.9819489194086959,True,False,[11],[0.13617116686025796]
77,0,1090,1,0.011675153667103692,2.5482983421080854,True,False,[7],[0.15064314041585103]
77,1,934,1,0.01160072943677073,1.5189990771109012,True,False,[8],[0.0768795239807386]
77,2,1838,1,0.02064195497817155,2.080027625448185,True,False,[7],[0.1291583497856897]
77,3,470,1,0.010559113187621634,2.0243248452882563,True,False,[7],[0.15809683754106654]
77,4,1137,1,0.013244377005273828,2.466139219780656,True,False,[5],[0.11607666591131631]
77,5,1199,1,0.013210273090726043,1.5379360595534084,True,False,[15],[0.11650233472134149]
77,7,601,2,0.00854316868546174,1.8153813905629483,True,False,"[7, 15]","[0.09942408519124389, 0.08081711593072602]"
77,8,253,1,0.009716865826913525,2.9313586098495708,True,False,[5],[0.09459233556506598]
77,9,726,1,0.013496415483055833,2.384528397002091,True,False,[8],[0.11892505873784211]
77,10,0,1,0.014327780781319388,1.6750006226227832,True,False,[6],[0.06278846349202409]
77,13,218,1,0.013140374065418152,2.083691214309725,True,False,[12],[0.06021725891414078]
77,14,1405,1,0.013010385702811668,2.05401140689178,True,False,[12],[0.06801194885143333]
77,15,7,2,0.009033510452155892,1.967223719875167,True,False,"[7, 8]","[0.11002183874150773, 0.08016777527865587]"
77,16,532,1,0.010048898177508333,2.000186208142389,True,False,[7],[0.11631678723016066]
77,17,752,1,0.009684098664626219,2.15055066523615,True,False,[7],[0.13376318475017437]
77,18,19,1,0.014363187593546265,1.5540519089259335,True,False,[5],[0.1393565524768864]
77,19,164,2,0.009817504295158775,1.9229542619217486,True,False,"[11, 16]","[0.10815502348420822, 0.09922004570810196]"
77,20,298,2,0.009248236775606484,1.9459685790146208,True,False,"[7, 11]","[0.11050590687106357, 0.02561689658642906]"
77,21,1400,1,0.01077975268177039,2.4781730695435766,True,False,[7],[0.08643854000234841]
77,23,1250,2,0.010130853237910707,1.993814841045168,True,False,"[7, 8]","[0.12407034905040219, 0.15260493957031662]"
78,0,1090,1,0.010283125678581181,2.585381643940791,True,False,[7],[0.13409325320186505]
78,1,934,1,0.011162701586284131,1.5521002231238845,True,False,[8],[0.07444439313735761]
78,2,1838,1,0.010375507057274575,2.120412020439131,True,False,[7],[0.12424202808554438]
78,3,470,1,0.012043470384491366,2.0522712323573526,True,False,[5],[0.10873613360244273]
78,4,1137,1,0.010275239009342449,2.523016411346194,True,False,[7],[0.10923343195938318]
78,5,1199,1,0.012462955088534795,1.533614175236855,True,False,[8],[0.12935489978668038]
78,6,1720,1,0.013817918173479713,1.6178621312888612,True,False,[15],[0.05203204559639941]
78,7,601,1,0.012503061253784826,1.8294543357753017,True,False,[15],[0.10589370746710725]
78,8,253,1,0.010318204957270476,2.9938213154090474,True,False,[5],[0.10533399497386843]
78,9,726,2,0.008491393782587184,2.4072994616338654,True,False,"[7, 8]","[0.11460151593942151, 0.11116369448905476]"
78,10,0,1,0.01350594021281603,1.6976520576912617,True,False,[5],[0.09170784977096327]
78,11,1228,1,0.01096245594485324,2.9510555080926326,True,False,[5],[0.071562257194534]
78,12,963,1,0.010786100645962507,1.8764728378886604,True,False,[7],[0.11147047150260057]
78,14,1405,1,0.013487881532920031,2.0552452298822517,True,False,[12],[0.06128511845639914]
78,15,7,2,0.009353535001933748,1.9738483614709292,True,False,"[7, 8]","[0.10233640367932408, 0.08403736286050444]"
78,17,752,1,0.01343319217090621,2.136902158664839,True,False,[12],[0.0929075222796319]
78,19,164,1,0.012750329189462931,1.9574609861850605,True,False,[5],[0.09730635492026245]
78,20,298,2,0.007809099599557024,1.9694532503841937,True,False,"[7, 12]","[0.10055453782832663, 0.07358343861445014]"
78,22,1476,1,0.009725457923989864,2.7284120085815036,True,False,[7],[0.15826243515089292]
78,23,1250,1,0.01198255218180562,1.9797507284151525,True,False,[15],[0.14748312598526064]
79,0,1090,1,0.011407430876359115,2.62385499906933,True,False,[8],[0.11826419683119045]
79,1,934,1,0.012429301424950068,1.5526546349570713,True,False,[16],[0.09152999573562874]
79,3,470,1,0.012898024352654842,2.0732035978496604,True,False,[5],[0.11580614612719185]
79,5,1199,2,0.012042580474345695,1.5330398491083312,True,False,"[15, 16]","[0.13761162325853177, 0.11103159293738743]"
79,7,601,1,0.011616602914388053,1.826683042954362,True,False,[11],[0.10999648366357635]
79,8,253,1,0.011590969110349656,3.0500414067794397,True,False,[5],[0.11888159773257706]
79,9,726,1,0.012690915187988717,2.4044633930841925,True,False,[11],[0.11794147160547842]
79,10,0,1,0.012867228244702768,1.7327768274058566,True,False,[5],[0.09954984453783995]
79,11,1228,1,0.011016990496780754,3.005634449465663,True,False,[5],[0.08035868134802693]
79,13,218,2,0.009382816579015296,2.107337270392741,True,False,"[7, 12]","[0.09608601201365374, 0.07040405981726858]"
79,14,1405,2,0.009474595914325229,2.0431953525368436,True,False,"[11, 12]","[0.09877531527452532, 0.0902458189506696]"
79,16,532,1,0.011480740667466842,2.0142384513354967,True,False,[7],[0.12529917640975868]
79,18,19,1,0.014036392733142153,1.554008757031492,True,False,[15],[0.05280392976521663]
79,21,1400,1,0.011260827907488252,2.495368403074682,True,False,[7],[0.08783367399284248]
79,22,1476,1,0.009359686250890795,2.7773101214027083,True,False,[7],[0.14234933413889117]
79,23,1250,1,0.012062916259107522,1.9655552128426563,True,False,[15],[0.1556012057961394]
80,0,1090,2,0.011787294428538054,2.640421980478555,True,False,"[7, 11]","[0.14021407665875793, 0.1381545958342426]"
80,1,934,1,0.011218888938188813,1.5840186743046034,True,False,[8],[0.07107070927597921]
80,2,1838,1,0.010594598982907861,2.156889960787601,True,False,[7],[0.12109990090398068]
80,3,470,2,0.007742327298676319,2.0997938700838286,True,False,"[7, 11]","[0.15067919966219126, 0.1783052914434533]"
80,4,1137,1,0.010449323853382056,2.5806094328989087,True,False,[7],[0.11160204953696663]
80,6,1915,1,0.06299460708748202,2.307350555521114,True,False,[5],[0.10427431896843183]
80,7,1720,1,0.009859566864687678,1.6542631306527438,True,False,[7],[0.1014436473069417]
80,8,601,2,0.01048096083203701,1.8368314576952276,True,False,"[7, 11]","[0.1326327763255261, 0.08357805905297666]"
80,11,0,1,0.012172279272495487,1.7597787697776313,True,False,[5],[0.07357778699240716]
80,13,1228,1,0.010062759917535299,3.058081647710578,True,False,[7],[0.09050478171433105]
80,15,218,1,0.011516182789200602,2.146948506344774,True,False,[7],[0.11545527891882218]
80,16,1405,1,0.01440754454420754,2.0318654023346308,True,False,[11],[0.0451020549331037]
80,19,752,1,0.012174800584555183,2.162851649055776,True,False,[7],[0.10994516406796147]
80,20,19,1,0.01053158827148682,1.5876996382151072,True,False,[7],[0.09918262910809239]
80,22,298,2,0.009327763949910877,1.960370669683756,True,False,"[11, 12]","[0.1828420656599138, 0.07215020320038405]"
80,23,1250,1,0.01205695580365333,1.9676758614288046,True,False,[16],[0.12921361201958184]
81,1,934,1,0.012563903191291003,1.5864057315633155,True,False,[16],[0.09466267458667983]
81,2,1838,1,0.010252471470899284,2.198384608108503,True,False,[7],[0.11454109026751008]
81,3,470,2,0.008153475385471391,2.1275144455234467,True,False,"[7, 11]","[0.1383438023191992, 0.18372983583861863]"
81,4,1137,1,0.012763057308937214,2.618969331064618,True,False,[5],[0.10973642440559275]
81,5,1199,1,0.011423911266148746,1.5653470124410669,True,False,[7],[0.1213835750708217]
81,6,1915,1,0.014516841148751321,2.3194386512921428,True,False,[16],[0.07964323013025006]
81,7,1720,1,0.012866630644872165,1.6582537057593312,True,False,[15],[0.09883564753406941]
81,8,601,1,0.012005345333256926,1.8430035143117276,True,False,[11],[0.0800867343423937]
81,9,253,1,0.009490966041312004,3.1209710491059184,True,False,[7],[0.11211979023717257]
81,11,0,1,0.015237497742049995,1.748155284214628,True,False,[6],[0.046276066501627876]
81,12,1902,1,0.04364032616412415,1.7722903946142576,True,False,[7],[0.11102140450349486]
81,15,218,1,0.013486710708717903,2.1830698943140474,True,False,[5],[0.12956168718901884]
81,16,1405,3,0.007122800249000164,2.0334365201724163,True,False,"[7, 11, 12]","[0.12073063148376495, 0.05058819371539943, 0.06090713146519196]"
81,17,7,1,0.010870629196000273,2.020441858605079,True,False,[8],[0.20740024497119697]
81,18,532,2,0.008465126817038707,2.0299091205957063,True,False,"[7, 8]","[0.12380372282710977, 0.11298367139806474]"
81,19,752,1,0.011669803299137107,2.1822371657999207,True,False,[5],[0.08389218958205437]
81,21,164,1,0.01169916375133462,1.9570935786172414,True,False,[11],[0.11593263449207425]
81,22,298,2,0.009207966427466852,1.9531694708465384,True,False,"[11, 12]","[0.16007435673739864, 0.07339510535723932]"
81,23,1250,3,0.008216100497283567,1.9743201620767588,True,False,"[7, 15, 16]","[0.13551460746423893, 0.1582269995765703, 0.1339079896722064]"
82,1,934,2,0.008681870570362278,1.6058566809977843,True,False,"[8, 15]","[0.07457043311320666, 0.09743540838220602]"
82,3,470,1,0.012374938110764799,2.1295288782126334,True,False,[11],[0.18853838850143623]
82,4,1137,1,0.010540001002270686,2.6758190799246204,True,False,[7],[0.11218056981180018]
82,5,1199,1,0.013788642679416182,1.5660471407387062,True,False,[16],[0.10928331324652023]
82,7,1720,1,0.012282085544689727,1.6616050834319858,True,False,[15],[0.09729536269000212]
82,8,601,1,0.010979204504862233,1.8625260512024113,True,False,[7],[0.12164216723422586]
82,10,726,1,0.013359159703263747,2.4266640103322294,True,False,[8],[0.12238662876401753]
82,11,0,1,0.012236661316591544,1.7804190280404506,True,False,[7],[0.12208729047531978]
82,13,1228,1,0.011252336223874134,3.114452382770204,True,False,[5],[0.09904025052482462]
82,14,963,1,0.012828409527332187,1.899310643458363,True,False,[5],[0.12128544726016624]
82,15,218,1,0.014109170920170533,2.1839318841086492,True,False,[12],[0.10042592516304889]
82,16,1964,1,0.034968937152863595,1.7837045487231262,True,False,[7],[0.11078783159616959]
82,17,7,1,0.010799002322455396,2.0684795124257307,True,False,[8],[0.1898850121466058]
82,18,532,1,0.010094804308958016,2.062964171512619,True,False,[7],[0.124297291713034]
82,19,752,2,0.009504193038810019,2.1982733689352405,True,False,"[7, 12]","[0.1033434540359572, 0.0963717656821008]"
82,20,19,1,0.013167338374672754,1.5827048401015438,True,False,[8],[0.07262820060062732]
82,21,164,1,0.013884649539547524,1.9844273873742133,True,False,[5],[0.13892742799048718]
82,22,1405,1,0.009757322090224722,2.074205350065855,True,False,[7],[0.1337309221131482]
83,0,1090,1,0.011846625076141487,2.670941415859902,True,False,[7],[0.1385249944123101]
83,1,934,2,0.007959367864309518,1.6271987443319218,True,False,"[7, 8]","[0.1229983962473375, 0.07472735558874642]"
83,2,1838,1,0.011403010556001111,2.236400554607092,True,False,[7],[0.11904889340028242]
83,3,470,1,0.012631995664934075,2.1552282293739142,True,False,[5],[0.11017225494125082]
83,4,1137,1,0.011965095280152814,2.688520258807405,True,False,[8],[0.10269848284647964]
83,5,1199,1,0.011722954210131111,1.5995885010353388,True,False,[7],[0.12578309862989076]
83,6,1915,2,0.011128213179430446,2.321222397463373,True,False,"[12, 16]","[0.08340311921351647, 0.11505995894911632]"
83,7,1720,1,0.013471794709407346,1.6860159401791113,True,False,[5],[0.11402113002960708]
83,8,601,1,0.013096359991760153,1.8856799568680442,True,False,[5],[0.11841200232629241]
83,9,253,1,0.011187187416759725,3.1306821972233845,True,False,[11],[0.12344144466939759]
83,10,726,1,0.013991478349810432,2.436034959902872,True,False,[8],[0.1334536098517493]
83,11,0,1,0.014785596984867755,1.7716235517795431,True,False,[6],[0.05887815831464943]
83,12,1902,1,0.012353357284785368,1.7728512998900585,True,False,[15],[0.0969729635786893]
83,14,963,1,0.012683744834846095,1.9232887337965885,True,False,[5],[0.12029265428892888]
83,17,7,1,0.010336790367278949,2.1186589652854346,True,False,[8],[0.1656264933874778]
83,18,532,1,0.0128293333882206,2.1023744451418076,True,False,[5],[0.14920276585725104]
83,19,752,1,0.011321265867712581,2.2287814107004436,True,False,[5],[0.08689000353124628]
83,21,164,2,0.009405440933036519,1.984336402060728,True,False,"[8, 12]","[0.1728700869223802, 0.10371146706475219]"
83,22,1405,1,0.013984193238155003,2.08979302931452,True,False,[5],[0.16708669632094578]
83,23,1250,1,0.012628249832737495,1.999361353458489,True,False,[5],[0.14219499008810182]
84,0,1090,2,0.008688555469390622,2.713125953355618,True,False,"[7, 8]","[0.1331665592287422, 0.11245957689028056]"
84,1,934,1,0.011290200569452234,1.659262314321347,True,False,[5],[0.10817843703380428]
84,2,1838,2,0.007994825108887472,2.2647508690954625,True,False,"[7, 8]","[0.10256816671107574, 0.11207470300183635]"
84,3,470,1,0.011589690249725535,2.156600623400618,True,False,[11],[0.1784446455990637]
84,5,1199,1,0.011676801327375868,1.5972393676587855,True,False,[8],[0.1237531544868309]
84,7,1720,2,0.008640633762338461,1.7090696252298285,True,False,"[7, 15]","[0.10424272029288424, 0.09536778227764817]"
84,11,0,1,0.011988983810997497,1.8061524011873862,True,False,[7],[0.11651432920064848]
84,15,218,1,0.013723682972435107,2.221324307279409,True,False,[5],[0.15541537709582187]
84,19,752,1,0.013686907664663073,2.2265973619747,True,False,[12],[0.10452049633587794]
84,21,164,1,0.012340831037724454,2.0233057680755167,True,False,[7],[0.09876554440807352]
84,22,1405,2,0.00797529895324127,2.0970452896227383,True,False,"[7, 8]","[0.13338150075490646, 0.1403617340619953]"
84,23,1250,2,0.010165950530673826,2.016566278757753,True,False,"[7, 8]","[0.13836573043029152, 0.14759846388038134]"
85,0,1090,2,0.009870672509386088,2.70702751264219,True,False,"[7, 10]","[0.12293070169084645, 0.051947704085680974]"
85,1,934,1,0.011089609284603338,1.6909867941999375,True,False,[8],[0.07699638863929442]
85,2,1838,1,0.010005754331900884,2.312127214504591,True,False,[7],[0.10261235944075497]
85,3,470,2,0.009527647035430225,2.154082012445704,True,False,"[12, 15]","[0.16840178684800036, 0.1751550794644537]"
85,5,1199,1,0.011780937195037979,1.5955482606374773,True,False,[8],[0.12265153501315817]
85,6,1915,1,0.014537431995536013,2.3379258760442743,True,False,[16],[0.1342094641072995]
85,7,1720,1,0.012571363920120928,1.7168168622687194,True,False,[15],[0.08439947176271667]
85,8,601,1,0.012149943035917448,1.8843837532760004,True,False,[11],[0.10807074689564161]
85,10,726,1,0.01291162224399616,2.453099271632179,True,False,[8],[0.12409545783542435]
85,11,0,1,0.0147199786428394,1.8000354039312518,True,False,[6],[0.06304119637384294]
85,12,1902,1,0.012399073293179188,1.8075038011905558,True,False,[5],[0.10064572250535603]
85,13,1228,1,0.010949361927377622,3.1531154419603076,True,False,[7],[0.10402637900331435]
85,14,963,1,0.012886847419023495,1.9184740991353804,True,False,[15],[0.06187940597011922]
85,16,1964,1,0.013163979418240695,1.7413163462891261,True,False,[12],[0.07277555924127395]
85,17,7,1,0.01069672096825236,2.1337215728985597,True,False,[7],[0.12564373480552846]
85,19,752,1,0.013736626118941818,2.226278305153493,True,False,[12],[0.09609691003644696]
85,20,19,1,0.012648026546693383,1.6117289650487965,True,False,[5],[0.08431213809858029]
85,21,164,1,0.012123575218401319,2.0260106680930785,True,False,[11],[0.13145768360538956]
85,22,1405,2,0.008439952831720526,2.1163849603170957,True,False,"[7, 12]","[0.12779331014410497, 0.07722371906985669]"
86,1,934,1,0.01162859465079952,1.7206422319457673,True,False,[5],[0.1140136675514432]
86,2,1838,1,0.009947750216030263,2.3632359863112242,True,False,[5],[0.12365519698487629]
86,3,470,1,0.012073394771116804,2.1846123091709138,True,False,[5],[0.11323055535355445]
86,4,1137,1,0.012211608255514613,2.731906994192935,True,False,[5],[0.1133135685580785]
86,5,1199,2,0.008318622200282632,1.6099848101401673,True,False,"[7, 15]","[0.1311489237796507, 0.13040701681273367]"
86,6,1915,1,0.01497825924044169,2.345866084415763,True,False,[16],[0.16234754964590958]
86,7,1720,1,0.012832917302089356,1.7225189030340096,True,False,[15],[0.0799875378600395]
86,8,601,1,0.011077051760966038,1.9112982090253712,True,False,[7],[0.11701976477834114]
86,9,253,1,0.009797331549007826,3.1994982021315104,True,False,[7],[0.10759437220486424]
86,11,0,1,0.011857356230625367,1.8370515144924768,True,False,[7],[0.11769176692231893]
86,12,1902,1,0.01212244350569278,1.845268409769835,True,False,[5],[0.09230314310910383]
86,13,1228,1,0.009653199463460794,3.206507269269336,True,False,[7],[0.10058963956618999]
86,14,963,2,0.009731801655832546,1.9308744371936728,True,False,"[7, 15]","[0.13696771576603323, 0.07421273467187267]"
86,15,218,1,0.012223788807743904,2.2588347798441966,True,False,[7],[0.12131274937190299]
86,17,7,1,0.010590628791521573,2.184256681561075,True,False,[8],[0.1598834680868351]
86,18,532,1,0.009612246956929494,2.141946144414573,True,False,[7],[0.11625571344073285]
86,19,752,2,0.009770538789111289,2.2488138911882993,True,False,"[7, 12]","[0.11139022978046322, 0.09291613676093984]"
86,20,19,1,0.010384692058613032,1.6472389355401642,True,False,[7],[0.10382394801428597]
86,21,164,1,0.012757036200866191,2.0626369990736713,True,False,[7],[0.10617017557565818]
86,22,1405,1,0.012421481879534513,2.1176214163314135,True,False,[11],[0.14811869099092542]
86,23,1250,2,0.010668604085898916,2.009529726913493,True,False,"[8, 16]","[0.16418858346628987, 0.1658273693287269]"
87,0,1090,1,0.010322590540300321,2.756572638733195,True,False,[8],[0.11355435952773887]
87,1,934,1,0.010986247675476176,1.7602814105037656,True,False,[8],[0.07054991952796719]
87,2,1838,1,0.009857800200878557,2.4125687888885716,True,False,[7],[0.10031474523202957]
87,4,1137,1,0.009403850215922266,2.7922220362444903,True,False,[7],[0.11028408249185812]
87,5,1199,3,0.008389446412537537,1.6113653157142869,True,False,"[8, 15, 16]","[0.11329961199772141, 0.1281044221848682, 0.11831285426190363]"
87,7,1720,1,0.013184288545110376,1.7479005066514794,True,False,[5],[0.10981887155392987]
87,8,601,1,0.011834429144977324,1.914444881787707,True,False,[11],[0.09377755069868926]
87,9,253,1,0.009240338977198137,3.274620759656508,True,False,[7],[0.10079896450336523]
87,10,726,2,0.011615719039539365,2.4451393306195297,True,False,"[8, 11]","[0.1261967763636836, 0.07523614602633942]"
87,11,0,1,0.012193760909077379,1.8742601451059129,True,False,[5],[0.0700088456348425]
87,12,1902,1,0.012168633114796408,1.8458530356692007,True,False,[15],[0.08755054178418206]
87,15,218,2,0.009122346538350562,2.285242595535857,True,False,"[7, 12]","[0.10967002559553579, 0.1103757914245012]"
87,16,1964,1,0.014526675784757605,1.7441933418625215,True,False,[15],[0.04825770946999636]
87,18,532,1,0.009813829652027735,2.1829331611441383,True,False,[7],[0.10817194697655615]
87,19,752,1,0.01370430123694041,2.2503289627335463,True,False,[12],[0.10173574228034675]
87,20,19,1,0.013237897310787066,1.6411175326714735,True,False,[8],[0.07752385176118963]
87,21,164,1,0.012114081973731962,2.105027027590408,True,False,[7],[0.09598473896859652]
87,22,1405,3,0.007409811583041031,2.132237074876492,True,False,"[7, 11, 12]","[0.11454337664615184, 0.15694236599433956, 0.09485635838249329]"
88,0,1090,1,0.009542758935590692,2.789708790635376,True,False,[8],[0.11689632066376195]
88,1,934,2,0.007574256584797971,1.7802711922031564,True,False,"[8, 15]","[0.06074167639536692, 0.11560004420309158]"
88,2,1838,1,0.009633328635252824,2.4657757883950064,True,False,[5],[0.1181610046392783]
88,3,470,1,0.008782135156881685,2.235424465887855,True,False,[7],[0.13033343972261907]
88,5,1199,2,0.009781062652697837,1.6108351080954901,True,False,"[8, 15]","[0.1225229422254654, 0.14742033706902555]"
88,6,1915,2,0.009273594095700732,2.365907865835177,True,False,"[7, 11]","[0.10304519461841685, 0.09530379761452315]"
88,7,1720,1,0.012951067642140695,1.7562719283344896,True,False,[15],[0.07638881027694387]
88,8,601,2,0.008654122808778857,1.9260673458864477,True,False,"[7, 11]","[0.11457504040728272, 0.09667846378056014]"
88,10,2102,2,0.025514517419943438,2.0688891962004226,True,False,"[15, 16]","[0.11635836225167105, 0.06383846906469999]"
88,12,1902,1,0.012817144437447846,1.8458309399935846,True,False,[15],[0.08578775763654932]
88,13,1228,1,0.011665153723194823,3.2606618011862762,True,False,[5],[0.10788800723381228]
88,14,963,1,0.01158787612120065,1.9580067058101958,True,False,[7],[0.1331586116207411]
88,15,218,1,0.012788571559163698,2.3308908576378222,True,False,[5],[0.13556931863339408]
88,16,726,1,0.012111688953710504,2.4465569057610517,True,False,[7],[0.10844882398203172]
88,17,7,1,0.01080996349997394,2.2067691933193236,True,False,[7],[0.12695013280703143]
88,18,532,2,0.00826245459596817,2.206611212096544,True,False,"[7, 8]","[0.10557329278091848, 0.12115763147200885]"
88,19,752,1,0.012269046648385703,2.286073273506782,True,False,[7],[0.1179150979560163]
88,20,19,1,0.0101377560538399,1.6782468704363334,True,False,[7],[0.1037268891607654]
88,21,164,1,0.011891491864935438,2.1096336443778285,True,False,[11],[0.12755713561015206]
88,23,1250,1,0.011672797807302453,2.00118267655165,True,False,[11],[0.14763775553624423]
89,0,1090,1,0.010896772682076655,2.8027999852937238,True,False,[8],[0.12244693481696366]
89,1,934,2,0.00810298301271039,1.7952448108191144,True,False,"[8, 15]","[0.0601675627799488, 0.11815384026598177]"
89,2,1838,1,0.00902989111188347,2.523437178330008,True,False,[7],[0.097601017849121]
89,3,470,1,0.008270770001478077,2.290396123406018,True,False,[7],[0.11851221372819425]
89,5,1199,1,0.012413703606402999,1.6430095849233406,True,False,[7],[0.1388311693688777]
89,6,1915,2,0.008819557237754558,2.3767338855349567,True,False,"[7, 16]","[0.12004994797238552, 0.15979424008172863]"
89,7,1720,1,0.013075535487362596,1.7618606938514985,True,False,[15],[0.07161415418310123]
89,8,601,1,0.011244788774117737,1.9534186921551955,True,False,[7],[0.11741194052537653]
89,9,253,1,0.008682556274791139,3.350658903556779,True,False,[7],[0.09509075561078555]
89,10,2102,2,0.008935962670075947,2.102754469411514,True,False,"[7, 8]","[0.11084577879056821, 0.11089043444767514]"
89,11,0,1,0.01375635130935288,1.8771693517920742,True,False,[6],[0.04968377301908041]
89,12,1902,1,0.01207179928966377,1.8845592048678257,True,False,[5],[0.0904248783262922]
89,13,1228,1,0.011896388080231263,3.3175311640602856,True,False,[5],[0.0976232716029169]
89,14,963,1,0.011271439804530173,1.9910331799183845,True,False,[7],[0.13812122899243906]
89,16,726,1,0.012719444283508033,2.4742681657795687,True,False,[5],[0.11286879497321105]
89,17,7,1,0.010790503815230187,2.2308945225709573,True,False,[7],[0.12616390571185607]
89,18,532,1,0.009727703408950489,2.2505811395531614,True,False,[7],[0.11546462593733056]
89,19,752,1,0.009758944382334288,2.3234726304735887,True,False,[5],[0.07663043272669032]
89,20,19,1,0.012013835292401104,1.7109317509673685,True,False,[5],[0.08148311170647146]
89,21,164,1,0.009413348806531725,2.161088918226339,True,False,[7],[0.09489706544224731]
90,0,1090,2,0.007479411612152895,2.8274911151283346,True,False,"[7, 8]","[0.11204174218608796, 0.12222030320410857]"
90,1,934,1,0.011517164062823203,1.8180636248778845,True,False,[8],[0.056787934687278926]
90,2,1838,1,0.008717135499691773,2.578802405414435,True,False,[5],[0.12323719854771839]
90,3,470,1,0.012381890096302353,2.320155918031522,True,False,[5],[0.12186409490467247]
90,6,1915,1,0.012282281823266074,2.400910753326574,True,False,[7],[0.12709551599481345]
90,8,601,1,0.011603522909490693,1.9825921814442846,True,False,[7],[0.12588750542263125]
90,9,253,1,0.008421043850702276,3.42324146438987,True,False,[7],[0.09012020373988386]
90,10,2102,2,0.007996913424628244,2.130596325542688,True,False,"[7, 8]","[0.11499202226036838, 0.11889502971245966]"
90,11,0,2,0.011350789093804223,1.8891655383096533,True,False,"[6, 16]","[0.047923098094646135, 0.03326430158898803]"
90,12,1902,2,0.00793690355575609,1.904049153050624,True,False,"[7, 15]","[0.10447956605313087, 0.07717231696814726]"
90,14,963,2,0.009397321988457588,2.0055310907906914,True,False,"[7, 12]","[0.15228582296021617, 0.11682820196200366]"
90,15,218,1,0.01348097670945441,2.3307906789461774,True,False,[12],[0.10860468304760364]
90,16,726,1,0.011514719807834849,2.474756593178729,True,False,[7],[0.11108948303135137]
90,18,532,1,0.013232378270182038,2.2494100667195833,True,False,[8],[0.13666137283891508]
90,19,752,2,0.011013613738828637,2.3383718488878342,True,False,"[7, 12]","[0.11448034425087003, 0.0986084876953932]"
90,21,164,1,0.009288896209324276,2.2081291428338603,True,False,[7],[0.0995132225554805]
90,23,1250,1,0.012335504594351487,1.9994890258968154,True,False,[8],[0.14482778137638924]
91,1,934,2,0.00824249390151133,1.832647816542037,True,False,"[8, 16]","[0.06240615494226916, 0.1141684952890552]"
91,2,1838,1,0.0122149319574842,2.5850446404908807,True,False,[8],[0.12190892487425034]
91,3,470,1,0.011557534452818487,2.3213336556445987,True,False,[11],[0.17326288885608798]
91,4,1137,1,0.012155558311460602,2.837526025292532,True,False,[5],[0.10721709256494329]
91,5,1199,3,0.008596623392240205,1.6534087293611635,True,False,"[7, 15, 16]","[0.12761372841292995, 0.1590198934145747, 0.1281983239830142]"
91,6,1915,1,0.010450523332664684,2.450811412433805,True,False,[5],[0.10623600165845831]
91,7,1720,1,0.013150950947070065,1.77135376454144,True,False,[15],[0.07136975651213959]
91,8,601,1,0.012965102128999536,2.016976260233692,True,False,[5],[0.1336047320272998]
91,9,253,1,0.009531047256783293,3.491791024595907,True,False,[5],[0.08312768318213012]
91,10,2102,1,0.011492695145727826,2.1683467681040494,True,False,[5],[0.0954681790128534]
91,11,0,1,0.01359118880600549,1.9024649761456676,True,False,[6],[0.05213890958393876]
91,12,1902,1,0.012605455802379078,1.9040680702018453,True,False,[15],[0.07428964009197005]
91,15,218,1,0.012601128314619509,2.378703601868836,True,False,[5],[0.13092942936406288]
91,18,532,1,0.013748026238342686,2.2411436333840893,True,False,[8],[0.14240245213378974]
91,19,752,1,0.011834810775744968,2.3669687708132003,True,False,[7],[0.10778284880972948]
91,21,164,1,0.014735129127665053,2.1768477298382445,True,False,[16],[0.15613634519565006]
91,22,1964,1,0.010513029522291262,1.7801343649790249,True,False,[7],[0.10895019200153856]
91,23,1250,1,0.012073373968222558,2.0002669347479247,True,False,[8],[0.14025765635742796]
92,0,1090,2,0.007448259056089372,2.8595734976353016,True,False,"[7, 8]","[0.11955426693856297, 0.11243375791034123]"
92,1,934,2,0.00783086610561659,1.8566560622126296,True,False,"[7, 8]","[0.12543374334245655, 0.060385514979788224]"
92,2,1838,2,0.009251887226337527,2.6259417386025614,True,False,"[7, 8]","[0.11440380013253423, 0.14255917048466446]"
92,3,470,1,0.01249344696740315,2.3234586616303714,True,False,[8],[0.1645708206526534]
92,4,1137,1,0.01261249899200525,2.881663022892449,True,False,[5],[0.10897206156261874]
92,5,1199,2,0.007972166272537988,1.6709229493347186,True,False,"[7, 8]","[0.11672530926269578, 0.12180472765779393]"
92,6,1915,1,0.01408029519524884,2.439638397996287,True,False,[16],[0.17365206351089094]
92,7,1720,1,0.012953533618302189,1.7745631696198365,True,False,[15],[0.07081255400594429]
92,8,601,1,0.011229199045175747,2.0158653442551504,True,False,[11],[0.09277593929858403]
92,10,2102,2,0.009097638783259056,2.1700037925281075,True,False,"[8, 15]","[0.14173281856425482, 0.12574721040786285]"
92,11,0,2,0.009369465554579091,1.9075739031944945,True,False,"[6, 15]","[0.06163200078317489, 0.13127786666512484]"
92,14,963,1,0.011308726585624236,2.0341249867917996,True,False,[7],[0.15480319272308837]
92,15,218,1,0.01386749564970821,2.379343601468335,True,False,[8],[0.11291464630623088]
92,16,726,1,0.01151115643265194,2.4752642099722477,True,False,[7],[0.10593899571192367]
92,18,532,1,0.010577562909663213,2.2776512533624627,True,False,[7],[0.12970526472823607]
92,19,752,1,0.01360495635821433,2.367837804317893,True,False,[12],[0.08838196262666367]
92,22,1964,1,0.01237550093363324,1.7819218087600408,True,False,[15],[0.1581728778231867]
92,23,1250,1,0.010817796538017673,2.0018586889735563,True,False,[11],[0.14935934277282986]
93,0,1090,2,0.013043529752553087,2.858082307878143,True,False,"[7, 11]","[0.14280054940716966, 0.1656550864793172]"
93,1,934,2,0.007993923926028022,1.8799239300413502,True,False,"[8, 15]","[0.0565804514130688, 0.10725185048273173]"
93,2,1838,1,0.009499902800335391,2.687458426118942,True,False,[7],[0.1082823954369872]
93,3,470,1,0.0083635913092671,2.378749481827097,True,False,[7],[0.11603042136031358]
93,4,1137,1,0.009093764537780514,2.943249415838992,True,False,[7],[0.11539645015103346]
93,5,1199,1,0.0129383611994871,1.6738926767076339,True,False,[16],[0.12887839993142536]
93,6,1915,2,0.009019444907539798,2.458582815355238,True,False,"[7, 15]","[0.09907588685404162, 0.07127716256763617]"
93,7,1720,1,0.009278383556913994,1.8156265370941511,True,False,[7],[0.09853031912447303]
93,8,601,1,0.010808694890431847,2.058416425506507,True,False,[7],[0.12251223042781105]
93,9,253,1,0.009062662140049397,3.5654540378664925,True,False,[7],[0.08922040208484758]
93,10,2102,1,0.012626885055448456,2.2014744592552233,True,False,[5],[0.11047571549522546]
93,11,0,1,0.013884605170550554,1.9125660439293413,True,False,[6],[0.06160015475598283]
93,12,1902,2,0.00811390066119108,1.9224046536669654,True,False,"[7, 15]","[0.1010200881329653, 0.07344804859204344]"
93,14,963,1,0.011564089594517374,2.07243639705158,True,False,[5],[0.11360337850990898]
93,15,218,1,0.012668875647746006,2.4248385698758064,True,False,[5],[0.14311561655984154]
93,16,726,1,0.012681460917139375,2.504214162603215,True,False,[5],[0.11322439850070729]
93,17,7,1,0.010203623675475289,2.283725858896804,True,False,[8],[0.14302817075352445]
93,18,532,1,0.011758277131685656,2.32470515133564,True,False,[5],[0.1325777654463799]
93,19,752,1,0.009934480740038484,2.4099478558904366,True,False,[5],[0.08024629029009714]
93,21,164,1,0.013799198918466255,2.206141246408066,True,False,[5],[0.15589969665317713]
93,22,1964,1,0.013859020198229323,1.798830379479932,True,False,[5],[0.15531908401430083]
93,23,1250,1,0.012122876790789081,2.0296841240897234,True,False,[5],[0.1406833675813104]
94,2,1838,1,0.009254231486888349,2.747110072658697,True,False,[5],[0.11152474425914649]
94,3,470,1,0.008123464398045946,2.4361975723162255,True,False,[7],[0.11781565411197609]
94,6,1915,1,0.014675501824638637,2.4373683533447306,True,False,[15],[0.09059698559491239]
94,7,1720,1,0.012200485677182531,1.8183326385159306,True,False,[15],[0.05958955419247001]
94,8,601,1,0.013149389969703065,2.0932882509217463,True,False,[5],[0.12526182243119394]
94,11,0,2,0.008836219443532592,1.9360975310668604,True,False,"[6, 7]","[0.06266786490734567, 0.11003650693492836]"
94,12,1902,2,0.008562973148986703,1.9422893734442503,True,False,"[7, 15]","[0.09712991297909779, 0.06647832080686687]"
94,13,1228,1,0.011834784663286768,3.381310593248439,True,False,[5],[0.09923707576643148]
94,14,963,1,0.012652358557161411,2.102049654105666,True,False,[5],[0.13102367025554248]
94,15,218,1,0.011330655449155643,2.468868632128149,True,False,[7],[0.11513039105629445]
94,18,532,1,0.01164399552260204,2.372752654689276,True,False,[5],[0.153649386496893]
94,19,752,1,0.013088961251024881,2.4097768310598378,True,False,[12],[0.0905532342929232]
94,23,1250,2,0.007996122170336843,2.032954972669369,True,False,"[8, 15]","[0.1271487338963759, 0.15347454524722295]"
95,0,1090,2,0.007905522433035187,2.874984199512025,True,False,"[8, 15]","[0.09977347022917092, 0.1045952482028607]"
95,4,470,1,0.009414532357819225,2.488729333263908,True,False,[7],[0.10662192699575179]
95,5,1137,1,0.011919742845538494,3.0044836446510352,True,False,[5],[0.08537182553271921]
95,6,1199,1,0.011678427490922724,1.6989457000340835,True,False,[7],[0.10509436005237094]
95,7,1915,1,0.012311533363323789,2.4751685521809894,True,False,[5],[0.11228472477720132]
95,9,601,3,0.007929211919800895,2.0948200424884518,True,False,"[7, 11, 15]","[0.10087929551930454, 0.12867799654854856, 0.08488070438761479]"
95,10,253,1,0.012145966784798914,3.638309824412522,True,False,[5],[0.10614026961406643]
95,11,2102,3,0.007846740391831966,2.2139117077247157,True,False,"[7, 8, 16]","[0.11548893925564897, 0.1325525655039607, 0.057407611126333934]"
95,12,0,3,0.007897792974618269,1.9497849584840754,True,False,"[6, 7, 15]","[0.05889722494380265, 0.10005794895437457, 0.07261236998420038]"
95,14,1228,1,0.01272891709365956,3.4380197232603873,True,False,[5],[0.1462001690883801]
95,15,963,1,0.012790924847912197,2.1284912393037403,True,False,[5],[0.14223564606769773]
95,16,218,2,0.011255922273905095,2.475509762578057,True,False,"[8, 12]","[0.08862948508982604, 0.08657536478498822]"
95,17,726,2,0.007688997853198834,2.5248827438380186,True,False,"[7, 8]","[0.1157301561915969, 0.13998133705736102]"
95,19,532,2,0.009027358598933544,2.3818603388927846,True,False,"[7, 8]","[0.11036449542926959, 0.09117854034246337]"
95,20,752,1,0.010375542254149269,2.462650129997162,True,False,[5],[0.07602182618736072]
95,22,164,1,0.012984176096008493,2.227104593883448,True,False,[5],[0.15526320491795176]
95,23,1964,1,0.01155631693045773,1.8284986341872376,True,False,[7],[0.12789509387255094]
96,0,1090,1,0.01066923545114499,2.905251445735272,True,False,[8],[0.10821719371677666]
96,4,470,1,0.009677869001557584,2.5407961561909493,True,False,[7],[0.10113507471259767]
96,5,1137,1,0.012118115035302643,3.0629306442866264,True,False,[5],[0.08846576339157398]
96,6,1199,3,0.006813311304997372,1.7076837141376495,True,False,"[7, 8, 16]","[0.10809233636138507, 0.10751836125003733, 0.15559430470582888]"
96,7,1915,3,0.010157625195246189,2.490463990624609,True,False,"[7, 15, 16]","[0.10876244270856951, 0.10838213710979974, 0.06801221913753767]"
96,8,1720,1,0.01294256290083447,1.8496164464408256,True,False,[5],[0.11249005973781004]
96,9,601,2,0.010743070633284413,2.093209993423265,True,False,"[7, 15]","[0.11098813022981818, 0.10562350204982013]"
96,10,253,1,0.011422758618179759,3.719856764994928,True,False,[5],[0.08921191906003777]
96,12,0,2,0.009897729969540851,1.9571025002717377,True,False,"[6, 7]","[0.07181425632708108, 0.10604203099719003]"
96,13,1902,1,0.011714663197540156,1.9417854957501943,True,False,[15],[0.09019565795780213]
96,15,963,1,0.010406018658709779,2.1756362930380644,True,False,[7],[0.10183810864114173]
96,16,218,2,0.00777373833871742,2.5104770076904375,True,False,"[7, 12]","[0.09841299320684864, 0.09166444305104604]"
96,19,532,3,0.013562340690947415,2.34477837156599,True,False,"[7, 10, 11]","[0.15050373946626408, 0.11225788800071976, 0.1542001154703616]"
96,20,752,2,0.008814197894985209,2.4977016619022696,True,False,"[7, 12]","[0.10875526235888519, 0.08651690649397104]"
96,22,164,1,0.00901943062688655,2.2754966423009457,True,False,[7],[0.11667282076856254]
97,0,1090,2,0.009256978151620958,2.9295523402362234,True,False,"[7, 8]","[0.14606372643444684, 0.10024808918616944]"
97,1,934,1,0.010411253110958387,1.9255238867174878,True,False,[8],[0.05532624121669687]
97,3,1838,1,0.00825267515146069,2.8004833610643574,True,False,[7],[0.13062137604636959]
97,4,470,1,0.010070121296211295,2.5882244115325252,True,False,[7],[0.10427736339110708]
97,6,1199,1,0.011651429274303172,1.7067678607174372,True,False,[8],[0.10499684811810732]
97,7,1915,1,0.010826869464520335,2.5371387201236844,True,False,[7],[0.11428704831650151]
97,10,253,1,0.009378009054723007,3.7989697602905568,True,False,[7],[0.11301643961207053]
97,12,0,1,0.01014043188642069,1.9853889887540699,True,False,[7],[0.09893165672360925]
97,13,1902,1,0.012856188999667183,1.9719573197104134,True,False,[5],[0.08913721889819014]
97,15,963,1,0.010589336354357822,2.1771562267155193,True,False,[15],[0.09483614094648504]
97,16,218,1,0.010250349618295592,2.552399454623391,True,False,[7],[0.11108071444404713]
97,17,726,1,0.010162950648327989,2.5260016872317435,True,False,[7],[0.1163439153072867]
97,18,7,2,0.009060776617779445,2.2860801967816013,True,False,"[7, 8]","[0.12718790142692893, 0.1266596252581901]"
97,20,752,1,0.012338103985853862,2.509531615218447,True,False,[12],[0.08419200854698235]
97,23,2315,1,0.0340408946682305,2.3338139812872725,True,False,[7],[0.12443497242270778]
98,0,1090,1,0.011656820164001321,2.9707145649085773,True,False,[8],[0.10752066936473047]
98,1,934,1,0.01062719569240745,1.9659326284011613,True,False,[8],[0.05386823956659072]
98,3,1838,1,0.008574921799389311,2.852914506837971,True,False,[7],[0.12747879741856008]
98,4,470,1,0.009722704397216578,2.6366987078129225,True,False,[7],[0.09508518462882458]
98,6,1199,2,0.009105140377874087,1.7155140774091382,True,False,"[7, 16]","[0.12275478790130087, 0.15156906961737604]"
98,7,1915,1,0.013276275234598341,2.5376636657786333,True,False,[15],[0.1306868131331269]
98,8,1720,1,0.014399728359110265,1.8523143450105386,True,False,[15],[0.09823841512348133]
98,9,601,2,0.008909800672642052,2.087911017189567,True,False,"[8, 11]","[0.12277271243375058, 0.1315207071597112]"
98,11,2342,1,0.08465324469506635,4.061984840479602,True,False,[5],[0.06664352315643807]
98,12,2102,1,0.012073887551099472,2.220021225801866,True,False,[8],[0.12885767423076122]
98,13,0,1,0.012418644075138738,1.9838048356557416,True,False,[15],[0.09456222530399588]
98,14,1902,1,0.013386400929143547,1.974312687549128,True,False,[15],[0.07673236709689218]
98,15,1228,1,0.009470278766641041,3.5179968811317823,True,False,[7],[0.09314881772161063]
98,16,963,1,0.011711464441510978,2.1685147189476845,True,False,[12],[0.10478243222046107]
98,17,218,1,0.013292592029595589,2.5455047811557625,True,False,[12],[0.10100642167490245]
98,21,752,1,0.011158743356574685,2.509956503733649,True,False,[12],[0.0966876279360201]
99,3,1838,1,0.008835418379610546,2.9049072041088473,True,False,[7],[0.12392019984101846]
99,4,470,2,0.008527908755057654,2.668800096568799,True,False,"[7, 8]","[0.09353214534679434, 0.12362071889861583]"
99,7,1199,1,0.012385985197182293,1.7131023694373686,True,False,[8],[0.10743298851830517]
99,10,601,1,0.013440604486074295,2.0866770409018858,True,False,[15],[0.12664510077490293]
99,13,2102,1,0.01374189330540774,2.1830270673027155,True,False,[16],[0.12327985753444991]
99,15,1902,1,0.010379748365066027,1.9743692604638334,True,False,[15],[0.08521078466667527]
99,16,1228,1,0.01053409110400416,3.576849876223573,True,False,[7],[0.11085440437688514]
99,17,963,1,0.009133107041481498,2.2152537954030382,True,False,[7],[0.11467191127622053]
99,18,218,1,0.013091996872215614,2.546379892539396,True,False,[12],[0.10013608282772793]
99,19,726,2,0.0097084630589566,2.5406164425549482,True,False,"[7, 8]","[0.1291750848989674, 0.09371207653959177]"
99,20,7,1,0.01083832234335859,2.334906126291875,True,False,[8],[0.07479505854721456]
99,23,2322,1,0.033872417001587565,2.408165196330037,True,False,[15],[0.14974284789993894]
100,4,470,1,0.008888510640952568,2.727320330845301,True,False,[7],[0.09791803844028041]
100,7,1199,2,0.009581925575841763,1.7260792931799211,True,False,"[7, 16]","[0.11698582132794423, 0.06839790678719058]"
100,8,1915,2,0.007639351541847927,2.554697182587508,True,False,"[7, 16]","[0.1229654819293711, 0.07717589548204515]"
100,9,1720,1,0.012165345754388376,1.8459999134993825,True,False,[15],[0.08542210697026846]
100,10,601,1,0.011685590337560744,2.0846351241240346,True,False,[11],[0.06923992270033777]
100,13,2102,1,0.011634451581901043,2.188670678404195,True,False,[8],[0.14610197637464806]
100,14,0,1,0.011744453914909216,2.014452124851852,True,False,[6],[0.04223256180336297]
100,15,1902,1,0.012324490569249499,2.0027067647217964,True,False,[5],[0.13181222881339383]
100,16,1228,1,0.0110475266654874,3.6624103797413627,True,False,[5],[0.10894808414401619]
100,18,218,1,0.013568169836024484,2.550768712768574,True,False,[12],[0.1130428965541602]
100,19,726,1,0.011514243363702078,2.5444041187408057,True,False,[5],[0.08345634751851466]
100,21,532,1,0.012543213106563334,2.392982480879932,True,False,[5],[0.13708967089361365]
100,22,752,1,0.013592330182804016,2.5066426648511637,True,False,[12],[0.09417255877528274]
100,23,2322,1,0.01173184496838362,2.430096558832425,True,False,[5],[0.1362881401076357]
101,3,1838,1,0.012009539833914437,2.9478428779797134,True,False,[5],[0.11817739814740964]
101,4,470,1,0.009456485410667875,2.7784177409938597,True,False,[7],[0.10716517866870319]
101,5,1137,1,0.012057348685978585,3.1175349348386803,True,False,[5],[0.08972871223503316]
101,6,2374,1,0.06066236083659852,1.9112263610666531,True,False,[8],[0.09903331761308308]
101,7,1199,1,0.01245568828571424,1.7302282391037522,True,False,[15],[0.13247206409178694]
101,8,1915,1,0.012373781444918778,2.5957461869978173,True,False,[5],[0.159950087371165]
101,10,601,1,0.012199702473187073,2.0808330145612834,True,False,[8],[0.14911764715050724]
101,11,253,1,0.008780193255683242,3.8915728944542165,True,False,[7],[0.10952759765560284]
101,13,2102,1,0.012601160014314165,2.153435278974881,True,False,[16],[0.12840957463157313]
101,16,1228,1,0.010045633660147824,3.7528053669236217,True,False,[5],[0.1020574339330096]
101,17,963,1,0.012427533202899708,2.244479461443388,True,False,[5],[0.15308125141773804]
101,19,726,1,0.011553351332623375,2.6029513436692184,True,False,[8],[0.1043059808633895]
101,21,532,1,0.009274344563749802,2.4294087460718266,True,False,[7],[0.10165128550485271]
102,0,1090,1,0.011190702860703408,3.0131119415177996,True,False,[8],[0.10557675694707211]
102,5,1137,1,0.01167787567603408,3.17595348431529,True,False,[5],[0.08727749919106707]
102,7,1199,2,0.0088046623708003,1.7437760750179228,True,False,"[7, 15]","[0.12561794209523577, 0.12352793154462115]"
102,9,1720,1,0.012637812823816503,1.8460091667696403,True,False,[8],[0.12464249107359163]
102,10,601,1,0.012284169739576311,2.1157307701362646,True,False,[5],[0.09822841772261062]
102,11,253,1,0.00870621003133581,3.980002600778861,True,False,[5],[0.05915749565728864]
102,12,2342,1,0.008366331343227246,4.148208212494633,True,False,[7],[0.09631613090354571]
102,15,1902,1,0.010376078096584312,2.0028159085649455,True,False,[15],[0.08561855458852032]
102,16,1228,1,0.01027535617603221,3.8426343242935532,True,False,[5],[0.0937380238748423]
102,17,963,1,0.012387696189451597,2.24573158229429,True,False,[8],[0.1420280128636139]
102,18,218,1,0.010770673778900515,2.605039876907302,True,False,[7],[0.1276132279242172]
102,22,752,2,0.008363164192929548,2.5316783951130435,True,False,"[7, 12]","[0.1157584690554158, 0.08571876868514652]"
102,23,2322,1,0.008898534632158167,2.4753761988541108,True,False,[8],[0.12140354544030998]
103,0,1090,1,0.01398006578102858,3.010636405053986,True,False,[7],[0.1459313059630874]
103,1,934,1,0.011748501205281654,2.0013993590884187,True,False,[8],[0.058105661531119734]
103,3,1838,1,0.007934383509174988,3.016255189276942,True,False,[7],[0.11349544742180379]
103,4,470,1,0.013823806193171848,2.762073150302214,True,False,[15],[0.027430816967310867]
103,5,1137,1,0.008324595744987973,3.2477124627539626,True,False,[7],[0.11154281593690998]
103,8,1199,1,0.011680207511301428,1.7598854380811433,True,False,[15],[0.08115573305471534]
103,10,1720,1,0.012540345031562046,1.8466435158817223,True,False,[15],[0.12252997836973824]
103,11,601,1,0.008756439944618137,2.1684424159450404,True,False,[7],[0.09987973706890131]
103,12,253,1,0.009593024658856773,4.080187938970502,True,False,[5],[0.078152927967163]
103,14,2102,1,0.011697422646420246,2.153406218599094,True,False,[12],[0.12689760275053638]
103,15,0,1,0.013148352478003972,2.024280979874361,True,False,[6],[0.050817674194076866]
103,17,1228,1,0.009095069330511237,3.9193531560555006,True,False,[7],[0.129995568731367]
103,18,963,1,0.011441909638902568,2.2875300562825793,True,False,[5],[0.13593490150186213]
103,19,218,1,0.013964796022283003,2.6003740174554197,True,False,[7],[0.14543904414363149]
103,20,726,1,0.01080604227750196,2.601309704858934,True,False,[7],[0.1111503535047594]
103,21,532,1,0.012738211971651632,2.479146399406082,True,False,[5],[0.14471845468756064]
104,0,1090,1,0.011907812551995734,3.040171612846727,True,False,[8],[0.10965492635449475]
104,1,2479,1,0.061504791790382804,2.2581666601792367,True,False,[7],[0.12027527263318351]
104,4,2488,1,0.05494543357462328,2.1401115316382007,True,False,[15],[0.0311088340638417]
104,5,2449,1,0.02256387607156822,2.0473348760423806,True,False,[8],[0.1169149723725758]
104,6,1199,3,0.0075735712285457946,1.7583778528949698,True,False,"[8, 15, 16]","[0.11343236026808484, 0.09874317710106104, 0.13704564867364846]"
104,9,1838,1,0.008785791061676717,3.071792392547865,True,False,[7],[0.11078380255236327]
104,11,253,1,0.007640544043870866,4.178907811681566,True,False,[5],[0.0556452520204495]
104,13,2102,1,0.012649413594235017,2.143863075898454,True,False,[11],[0.08701380923400992]
104,14,1915,1,0.011350035031793158,2.6337689734472733,True,False,[7],[0.16475018451671752]
104,15,1720,2,0.007448566198059637,1.8685856645754253,True,False,"[7, 15]","[0.08935133969249531, 0.07758120859885788]"
104,16,601,2,0.008612929923136885,2.176622050371846,True,False,"[7, 15]","[0.124950357591953, 0.06081992368556647]"
104,17,963,1,0.011833192757998387,2.3270515432377805,True,False,[5],[0.1366072855654196]
104,18,218,1,0.011084196049396705,2.6521069527035364,True,False,[7],[0.13327900770308082]
104,20,1902,1,0.012336975151640133,2.0110235418491302,True,False,[15],[0.08898452661665951]
104,21,1228,1,0.008457495306057007,4.003631721638994,True,False,[7],[0.09950322846700768]
104,22,752,1,0.009995914862912207,2.5756451518791614,True,False,[7],[0.11248539080559745]
105,1,2479,2,0.007694572531163107,2.281376810827647,True,False,"[8, 15]","[0.06173270156686587, 0.10621482762742962]"
105,2,1137,1,0.008528906825748007,3.323464558493244,True,False,[7],[0.09758703331682266]
105,4,2488,1,0.01246722603488014,2.1449213235655806,True,False,[15],[0.03335351687727613]
105,5,2449,2,0.009028153559274794,2.065795960758974,True,False,"[8, 15]","[0.11042588469859667, 0.15089454107682718]"
105,6,1199,1,0.011840729296375781,1.7550566642206762,True,False,[8],[0.1239014229237801]
105,7,934,2,0.012809106310140863,1.9894705474561782,True,False,"[15, 16]","[0.1309318001941672, 0.08437071250322419]"
105,9,1838,1,0.012152095103557733,3.0690700908635846,True,False,[8],[0.12389362419976963]
105,10,470,1,0.009799058138121113,2.8195614738812864,True,False,[7],[0.10888149854342462]
105,11,253,1,0.007460247737805261,4.281193293475203,True,False,[7],[0.09380431296753851]
105,12,2342,1,0.008118006850887382,4.234910010454445,True,False,[7],[0.09444415181403412]
105,13,2102,2,0.007378718439779881,2.166556759543554,True,False,"[7, 8]","[0.10724610139864209, 0.13301996223599394]"
105,14,1915,2,0.010699357997959876,2.634110184282763,True,False,"[7, 12]","[0.17443738049665092, 0.14171264483687943]"
105,16,601,2,0.009598152767825224,2.1949283529458135,True,False,"[7, 15]","[0.12750934362511382, 0.06574256153008642]"
105,17,963,1,0.012520991196049505,2.3297168926785217,True,False,[15],[0.11610442590738262]
105,18,218,1,0.011308644606112243,2.702376550575722,True,False,[7],[0.1297282262642305]
105,19,726,1,0.013960625561530212,2.5874624789537766,True,False,[7],[0.15231854925785115]
105,20,1902,1,0.010192018676085277,2.0499118138785577,True,False,[7],[0.10271184863977435]
105,22,752,1,0.013684110344753649,2.578746486077841,True,False,[12],[0.08565759312833059]
106,0,1090,1,0.013069717640239068,3.047002211071811,True,False,[7],[0.1482116248286569]
106,1,2479,1,0.012478807237716185,2.2765174277544347,True,False,[15],[0.12074027879199051]
106,5,2449,1,0.010510557522045829,2.109854246635512,True,False,[5],[0.07886363914668999]
106,6,1199,1,0.011064760363884055,1.779485057283089,True,False,[5],[0.1176133268277247]
106,7,934,1,0.011353293158268725,2.012410223876516,True,False,[8],[0.09914688073953315]
106,9,1838,1,0.00943197176804036,3.1347517508645892,True,False,[5],[0.07784888372332376]
106,10,470,3,0.008342309920592489,2.8361892752647555,True,False,"[7, 8, 12]","[0.11301417052146617, 0.15978008776841604, 0.09503285009907737]"
106,12,2342,1,0.010146500361012547,4.3313679271858545,True,False,[5],[0.07792508866437427]
106,13,2102,1,0.011564646999762188,2.1664594214785127,True,False,[15],[0.10073909308903198]
106,14,1915,2,0.0106712930183967,2.6385811760881155,True,False,"[7, 12]","[0.16828823537424015, 0.14739041148502366]"
106,16,601,1,0.011404319248377117,2.238680732007108,True,False,[5],[0.09055470565701752]
106,17,963,1,0.012475971213899848,2.337088172098773,True,False,[15],[0.1265198270113878]
106,18,218,1,0.011381529495853844,2.7522344477738168,True,False,[7],[0.12061430435703883]
106,19,726,1,0.011090531041489757,2.6441732824876176,True,False,[8],[0.10651502401875226]
106,20,1902,1,0.01265784527109062,2.055368083305772,True,False,[15],[0.08509898566011023]
106,21,1228,1,0.00866165984567371,4.0913918361226145,True,False,[7],[0.10271404672888032]
106,22,752,1,0.01099716848107076,2.6201182961388816,True,False,[7],[0.11309494089935399]
107,0,1090,1,0.011658600995322805,3.065692623586218,True,False,[8],[0.12365626425691002]
107,1,2479,1,0.010419010093481056,2.296461199395173,True,False,[7],[0.11771622483096202]
107,5,2449,1,0.01034933021648513,2.109347289583983,True,False,[7],[0.11902551590780361]
107,6,1199,1,0.011497290118030782,1.8026123838936736,True,False,[5],[0.11430259193637879]
107,10,470,1,0.011094587506380815,2.8913211186239853,True,False,[5],[0.09556632958455501]
107,14,1915,2,0.008843388676668364,2.642585517276382,True,False,"[8, 16]","[0.1570863690172803, 0.07234261035254007]"
107,15,1720,1,0.010577771842695517,1.872824618986514,True,False,[15],[0.06968811213228049]
107,16,601,1,0.010881931562341579,2.280273710613887,True,False,[7],[0.11982400725057592]
107,18,218,1,0.011601678154496352,2.809499687916632,True,False,[5],[0.13435334461804582]
107,19,726,1,0.01255554523097462,2.6385386091085246,True,False,[7],[0.1424581376217928]
107,20,1902,1,0.012224263174725965,2.065277609493445,True,False,[15],[0.07796466423532164]
107,21,1228,2,0.008020736937568943,4.1117915328081365,True,False,"[7, 11]","[0.09477108286865504, 0.1377675275711827]"
107,22,752,1,0.010212232183944084,2.663424284130826,True,False,[7],[0.10810241604412546]
107,23,2322,1,0.012453341416710877,2.4751096799574013,True,False,[7],[0.1176935319742788]
108,2,1137,1,0.01022675251333241,3.405688441616547,True,False,[5],[0.10583298626650878]
108,5,2449,3,0.00885407208952028,2.1148138109404813,True,False,"[8, 15, 16]","[0.11150770135433177, 0.1530840360060654, 0.12701085672967566]"
108,6,1199,1,0.0123023118045502,1.7982519054454427,True,False,[8],[0.1317950170567222]
108,7,934,2,0.009005440214535788,2.0185031231181383,True,False,"[8, 16]","[0.10055921016270797, 0.08197504606904585]"
108,9,1838,1,0.01012502279152048,3.1477105189832693,True,False,[12],[0.11128785544661608]
108,12,2342,1,0.014593318716923457,4.371995638413825,True,False,[11],[0.05673016897488121]
108,15,1720,1,0.010473294875201534,1.876336563299681,True,False,[15],[0.061746989181230234]
108,16,601,1,0.010993818331408344,2.265842863606182,True,False,[11],[0.0621630221374429]
108,17,963,1,0.010307087577294592,2.380267992199313,True,False,[7],[0.12941659796561258]
108,18,218,1,0.012268476473560068,2.8195359491479923,True,False,[12],[0.10610710619676231]
108,19,726,1,0.011163138701452626,2.6366061432607455,True,False,[7],[0.1356169084570824]
108,20,1902,1,0.01183259586607679,2.07515523873509,True,False,[15],[0.07224372624197166]
108,22,752,1,0.013731211317863092,2.6630513017600075,True,False,[12],[0.08619534260096046]
109,1,2479,1,0.01028698706813823,2.3427902660923814,True,False,[5],[0.0996762858197425]
109,6,1199,3,0.007750894639317282,1.7996757511980357,True,False,"[8, 15, 16]","[0.13767654351791175, 0.1058456676701286, 0.1280692495100523]"
109,9,1838,1,0.010877457079299912,3.1512243407480076,True,False,[12],[0.14624928185265898]
109,10,470,2,0.010837489068801043,2.8893826072771223,True,False,"[12, 15]","[0.11446382228707681, 0.12955948771773956]"
109,12,2342,1,0.012655088148366737,4.364038095911354,True,False,[8],[0.1273083876402353]
109,13,2102,2,0.00895721080238357,2.1624138327690465,True,False,"[8, 12]","[0.14683857157073682, 0.09992926463260632]"
109,14,1915,1,0.011526593432829196,2.6732321276332836,True,False,[7],[0.16869529369803787]
109,17,963,1,0.011667431103259168,2.379632758684501,True,False,[8],[0.1432936770303136]
109,18,218,1,0.011997054701464798,2.821414994319663,True,False,[12],[0.10874575474792993]
109,20,1902,1,0.01173606583495056,2.0859971388755705,True,False,[15],[0.06616950276238087]
109,21,1228,1,0.013114109592667629,4.065737571423641,True,False,[11],[0.14207748171356877]
109,23,2322,1,0.008457713830542113,2.526139266334745,True,False,[8],[0.11013886259175742]
110,0,1090,1,0.010221697025764908,3.138186635343519,True,False,[5],[0.08167257031626868]
110,1,2479,1,0.01000415336931319,2.389596079796984,True,False,[5],[0.09968309020944485]
110,2,1137,1,0.010581947269809223,3.4876469165193207,True,False,[5],[0.10230246038758097]
110,4,2488,1,0.012013740180109036,2.1497428142645276,True,False,[15],[0.03491679646103172]
110,5,2449,1,0.010036532528685254,2.1561764651114586,True,False,[8],[0.10967624762115052]
110,6,1199,1,0.012277303003559097,1.8240947796423954,True,False,[5],[0.12912973491965088]
110,10,470,2,0.010792136164760555,2.888788436618604,True,False,"[11, 15]","[0.07739722758915618, 0.14130804142191872]"
110,11,253,1,0.006837944100038035,4.3811571385582235,True,False,[7],[0.09066232189322153]
110,12,2632,1,0.038735512959269636,2.3960308122070164,True,False,[15],[0.08345281380721582]
110,15,1915,1,0.012403913792464888,2.7114933198382167,True,False,[5],[0.13006024960818285]
110,17,601,1,0.012910550376845159,2.300092509752661,True,False,[5],[0.14125542708916733]
110,19,218,1,0.012271734174046254,2.8187913589740012,True,False,[12],[0.10628402222739296]
110,21,726,1,0.00914152091109985,2.6981019313113923,True,False,[8],[0.1532432991196356]
110,23,2322,1,0.01221258349849087,2.525485017878263,True,False,[7],[0.11010920852524975]
111,1,2479,1,0.010061596581830933,2.437690724270486,True,False,[5],[0.10977872166778323]
111,3,2374,1,0.01313975913784264,1.9122475716476084,True,False,[8],[0.15044730386043598]
111,4,2488,1,0.012206072886942781,2.1580376995750785,True,False,[15],[0.03694614579493899]
111,5,2449,1,0.012699456595824091,2.1427182690450777,True,False,[16],[0.11619656381961051]
111,6,1199,1,0.012801782662297884,1.8225435324258226,True,False,[15],[0.11132856149993872]
111,7,934,2,0.008918084942397072,2.027226225514202,True,False,"[8, 15]","[0.08749897641875154, 0.13281392948784967]"
111,11,253,1,0.007429544028089159,4.486849759597113,True,False,[5],[0.05248125232358225]
111,12,2632,1,0.00884030030857905,2.450938887926549,True,False,[7],[0.109918078040056]
111,14,2102,1,0.012642945237609182,2.1730860338214324,True,False,[5],[0.15432094021564371]
111,15,1915,1,0.012792455450471871,2.7045665150888576,True,False,[12],[0.1277265795640412]
111,16,1720,1,0.010545388439544454,1.885829862568048,True,False,[15],[0.06940228040012571]
111,18,963,1,0.011663188000526091,2.417704189223404,True,False,[7],[0.12447791416723633]
111,19,218,1,0.009016103145798374,2.865478868497839,True,False,[7],[0.12381739017881314]
111,20,2620,1,0.025095308990442423,2.1878390625993895,True,False,[8],[0.07698356562451719]
111,21,726,2,0.006562816728750591,2.72918027678131,True,False,"[7, 8]","[0.09314623479938562, 0.1422318586204701]"
112,0,1090,1,0.011574962685446437,3.158530301641508,True,False,[8],[0.12033409058737707]
112,1,2673,1,0.02972728585755866,3.333885842273633,True,False,[8],[0.07552753612549575]
112,2,2479,1,0.01185933243154374,2.4485842668684534,True,False,[7],[0.10444623478642613]
112,5,2488,1,0.011117259386929458,2.1692417344506914,True,False,[15],[0.13418378944909162]
112,6,2449,3,0.0071059284292709175,2.147883948689608,True,False,"[7, 15, 16]","[0.11469081703286453, 0.10844977810856549, 0.11894172820672959]"
112,7,1199,3,0.010031876818194342,1.829140322468114,True,False,"[7, 15, 16]","[0.1366026167434755, 0.1489731893769982, 0.10892012159879261]"
112,8,934,1,0.01233764882893389,2.0456298124539702,True,False,[5],[0.15742106958234534]
112,10,1838,1,0.009616452094926103,3.2123253210863756,True,False,[7],[0.10803714145971612]
112,11,470,1,0.011933781715348509,2.8909750013496476,True,False,[15],[0.1348112428623764]
112,14,2342,1,0.01483293781649826,4.336082456887024,True,False,[11],[0.10414869304003724]
112,15,2102,1,0.012334570722932878,2.1924254590651144,True,False,[5],[0.13420048671784418]
112,16,1915,2,0.010322463549422766,2.697509824644479,True,False,"[11, 16]","[0.083018970431851, 0.07766573495865113]"
112,17,1720,1,0.011386684041903846,1.9154062847572626,True,False,[7],[0.11824815923949286]
112,18,601,1,0.012547194816600715,2.3285544225454817,True,False,[7],[0.12273340355558353]
112,19,963,1,0.011075973764012042,2.462989088974749,True,False,[5],[0.0918387180176396]
112,20,218,1,0.012352732893335865,2.8539842678170917,True,False,[12],[0.09038453729666905]
112,21,2620,1,0.012227882368302103,2.1897631888614644,True,False,[15],[0.0668583923715977]
112,22,726,2,0.007475913358466161,2.7600747889928154,True,False,"[7, 8]","[0.10261462209689866, 0.13640715412713955]"
113,5,2488,1,0.01107427784288,2.182541091937513,True,False,[15],[0.12179347187641625]
113,6,2449,1,0.012967564754240475,2.1498243657356935,True,False,[15],[0.1090010702309353]
113,7,1199,1,0.012672795836827462,1.8293917305311234,True,False,[15],[0.16286427073947848]
113,8,934,2,0.008440166003922889,2.065385540010855,True,False,"[8, 15]","[0.1088146531081763, 0.08201442203257962]"
113,10,1838,1,0.009194441649191185,3.279117796572577,True,False,[7],[0.10481159253782538]
113,11,470,1,0.007901803319869559,2.9588624827405337,True,False,[7],[0.09411751589252568]
113,13,2632,1,0.009573761611124741,2.500632149279825,True,False,[7],[0.11468035753898001]
113,14,2342,1,0.012973735129720792,4.335964094844714,True,False,[16],[0.08352215448862203]
113,15,2102,1,0.012782637539411952,2.1925416194467915,True,False,[8],[0.12667732772014864]
113,17,1720,2,0.008087033605951484,1.9296683184800827,True,False,"[7, 15]","[0.11159593380980257, 0.11426049499032019]"
113,18,601,3,0.0077167650428590995,2.335152919579359,True,False,"[8, 11, 15]","[0.14155491204440523, 0.11036053239264165, 0.06520788656814679]"
113,20,218,1,0.009007773189375932,2.9178089383993493,True,False,[5],[0.0713946459166065]
114,0,1090,1,0.013571931492503032,3.145015629302096,True,False,[11],[0.17663653417450967]
114,1,2673,1,0.011034840924920504,3.334305745664956,True,False,[8],[0.10692911793444204]
114,2,2479,1,0.011252484045214953,2.473533985238156,True,False,[5],[0.09995288483802615]
114,3,1137,1,0.007954188072178733,3.559856422464596,True,False,[7],[0.10863156438205951]
114,5,2488,2,0.009155822148088565,2.1969902962915517,True,False,"[8, 15]","[0.10320869667715708, 0.11258354184185393]"
114,7,1199,2,0.011469175047867866,1.8313658792040934,True,False,"[15, 16]","[0.1616867267956568, 0.1121412581611937]"
114,8,934,1,0.011269736931558917,2.065632281539662,True,False,[15],[0.07310650475939418]
114,10,1838,1,0.009459909207996614,3.342804870418786,True,False,[7],[0.10939316237856955]
114,15,2102,2,0.011162824580512688,2.1872812768494834,True,False,"[15, 16]","[0.08686934606361917, 0.05347020929566169]"
114,16,1915,1,0.011454072166658943,2.754975118531693,True,False,[5],[0.10177743885769748]
114,18,601,2,0.008848951380788422,2.3359795390717144,True,False,"[11, 15]","[0.12633104772987244, 0.07674724279070182]"
114,19,963,1,0.009293383403638155,2.513413092069129,True,False,[7],[0.12396270619185172]
115,6,2488,1,0.011899649287317402,2.201417518201866,True,False,[15],[0.10579465764438255]
115,7,2449,1,0.01023422805160779,2.177080943586829,True,False,[8],[0.10010576916972076]
115,8,1199,2,0.007635349769628745,1.8339964437872605,True,False,"[8, 16]","[0.11031302928422909, 0.07918969620991795]"
115,9,934,1,0.009790532605438107,2.096003306355858,True,False,[8],[0.1132022518899375]
115,11,1838,1,0.008746748716682922,3.426086866776272,True,False,[5],[0.06497796161923161]
115,12,470,1,0.011240289779446005,3.020075427311476,True,False,[5],[0.09844910748546572]
115,13,253,1,0.010331292886645282,4.581094087510698,True,False,[5],[0.08487332913140605]
115,14,2632,1,0.012814231865818848,2.522726478633284,True,False,[5],[0.1512835781812627]
115,15,2342,1,0.013340638193839084,4.327829382442514,True,False,[8],[0.11682282004944378]
115,16,2102,1,0.012769192275849509,2.173808134447125,True,False,[8],[0.09897437288358585]
115,17,1915,1,0.013384840588863764,2.751730736140904,True,False,[11],[0.14952816003558023]
115,19,601,1,0.012865807851921669,2.32094783281141,True,False,[15],[0.11200478880922901]
115,21,218,1,0.007965002927010363,2.9795688718813644,True,False,[7],[0.09512025823463038]
116,1,2673,1,0.011467539546278112,3.3857709336169517,True,False,[5],[0.11172473237408828]
116,2,2745,1,0.059268346488915484,2.300066399747192,True,False,[7],[0.10093212639380195]
116,3,2479,2,0.008343023119991114,2.4754687643181774,True,False,"[7, 15]","[0.11223282775893152, 0.17023156842888926]"
116,9,934,2,0.007177344670232319,2.1183365112318056,True,False,"[8, 15]","[0.10015354910764013, 0.07883205805886433]"
116,12,470,2,0.010132142389510402,3.060720142535332,True,False,"[7, 15]","[0.1144949880033279, 0.11724033806497013]"
116,14,2632,1,0.01049378367941529,2.521996532514135,True,False,[8],[0.15166331424700832]
116,15,2342,1,0.015190557189955623,4.257149754853612,True,False,[11],[0.045495262934471384]
116,16,2102,1,0.01139234765720092,2.171279984475252,True,False,[12],[0.13152344747729713]
116,17,1915,1,0.012836201189599146,2.752384357134777,True,False,[16],[0.11759664984446196]
116,18,1720,1,0.013332584092241778,1.9239255098151422,True,False,[15],[0.0663188264290888]
116,19,601,1,0.011442161861866747,2.3130108914648875,True,False,[15],[0.10387390757738073]
116,22,2620,1,0.010516045523788514,2.1876993864937315,True,False,[15],[0.14207342610271056]
116,23,726,1,0.010043325694915454,2.760147460749499,True,False,[7],[0.11230115288484728]
117,0,1090,1,0.013005406226961206,3.1489475909576177,True,False,[7],[0.1404751804632525]
117,3,2479,1,0.009874956777817747,2.4869515313684674,True,False,[7],[0.09682559334799952]
117,5,2374,1,0.013442378738455735,1.911632876465283,True,False,[15],[0.10375169782878785]
117,7,2449,1,0.011592583616835541,2.2083192872127837,True,False,[5],[0.11795305258732462]
117,8,1199,1,0.012429019549714444,1.8406213581543653,True,False,[16],[0.09002372972387042]
117,9,934,2,0.007427373957835079,2.1378504170068946,True,False,"[8, 15]","[0.08976532008324412, 0.08459108419115811]"
117,12,470,1,0.009985469612812447,3.120406352447753,True,False,[7],[0.11681029552836139]
117,14,2632,1,0.012641170170591754,2.5471240440855287,True,False,[5],[0.1584160214254081]
117,17,1915,1,0.01022235529688687,2.8053251808557165,True,False,[7],[0.11386640424459954]
117,19,601,1,0.011778365746065934,2.301083873230971,True,False,[8],[0.1205325934991819]
117,20,963,2,0.00878549773418993,2.541772551133722,True,False,"[7, 12]","[0.11337329271806715, 0.1152301294988671]"
117,21,218,1,0.012959732191811447,3.0296843845152495,True,False,[5],[0.1492152130619738]
117,23,726,1,0.009123611392738405,2.7601934986482055,True,False,[7],[0.10393435883432602]
118,1,2673,1,0.010644328229309752,3.3883102153887257,True,False,[8],[0.11241359776585352]
118,3,2479,1,0.009705435665519223,2.500204994062281,True,False,[7],[0.10290960402364868]
118,4,1137,1,0.009128774396376198,3.628986291091203,True,False,[7],[0.10061760516326607]
118,7,2449,3,0.009047633031526949,2.2060741401868285,True,False,"[8, 15, 16]","[0.09855026239477635, 0.1574004545794756, 0.11503070339636783]"
118,8,1199,1,0.012379227681723661,1.8469131569897068,True,False,[16],[0.10342960958606771]
118,9,934,1,0.009170213292065436,2.175533775147052,True,False,[8],[0.07571290429313239]
118,11,1838,1,0.0068258549834092595,3.5074149721448795,True,False,[7],[0.09195465164459796]
118,12,470,1,0.010475623388604895,3.1881984722895713,True,False,[5],[0.09361483347736513]
118,13,2814,1,0.03676826937986418,2.305215587624088,True,False,[5],[0.07945420479087052]
118,17,2102,2,0.007897125145344146,2.1864747355525593,True,False,"[7, 15]","[0.11709633868439347, 0.12194531649999367]"
118,18,1915,1,0.011569983761095639,2.8146348993216788,True,False,[11],[0.13180214813670155]
118,20,601,1,0.010677688699812003,2.3407778261538783,True,False,[7],[0.1125960878563713]
118,22,218,1,0.011803550345832262,3.089340647039263,True,False,[5],[0.14535788216790038]
118,23,2620,1,0.009911479995040561,2.189555044087654,True,False,[15],[0.13128717175286755]
119,1,2673,1,0.011180794856217209,3.3884627564029244,True,False,[8],[0.11989031548192053]
119,7,2449,1,0.011219241903177569,2.204508859043405,True,False,[7],[0.127156071134927]
119,9,934,1,0.01065243861120569,2.200785086161307,True,False,[5],[0.08054922919490744]
119,12,470,1,0.010057460661987106,3.257529206555733,True,False,[5],[0.09334704587172064]
119,15,2632,1,0.01001302450465396,2.603409846186852,True,False,[7],[0.09772916101337331]
119,18,1915,1,0.012007767642317944,2.8209005603176545,True,False,[12],[0.12352908744371639]
119,20,601,1,0.009773619743322238,2.3746763581693027,True,False,[5],[0.08832148147972703]
119,22,218,1,0.011438817629582093,3.156656916585095,True,False,[5],[0.13712284304719852]
119,23,2620,1,0.00961494951572324,2.1931553790320164,True,False,[15],[0.12086725159759092]
120,0,1090,1,0.012056808759266048,3.1584261337922808,True,False,[7],[0.12349894167276032]
120,3,2479,1,0.011123774646570743,2.497588580080648,True,False,[15],[0.16571717411608852]
120,7,2449,2,0.008643893429626478,2.208862395038936,True,False,"[8, 15]","[0.10367193872039245, 0.14520041915183796]"
120,8,1199,2,0.008273330585827196,1.8514808550353052,True,False,"[8, 16]","[0.11596338801810652, 0.11197260610301064]"
120,9,934,1,0.01177311934581707,2.210918287029894,True,False,[15],[0.07835153527675162]
120,11,1838,1,0.008737316249228138,3.586869384629014,True,False,[5],[0.06818614301384514]
120,12,470,2,0.007908287277450222,3.2900021854472388,True,False,"[7, 11]","[0.11630453301849875, 0.0715349176450926]"
120,14,253,1,0.01216401744561584,4.670579872470813,True,False,[5],[0.13850597781375257]
120,15,2632,1,0.01033174874634886,2.6557488162125034,True,False,[7],[0.10857396816139264]
120,17,2102,1,0.011322988264998776,2.2182563303796368,True,False,[7],[0.11914675373750103]
120,18,1915,2,0.00987696560537088,2.8123993914039556,True,False,"[7, 16]","[0.1258110455013365, 0.07549336871983428]"
120,20,601,1,0.010669793594929143,2.41671162326048,True,False,[7],[0.11301416088994075]
120,21,963,1,0.011858953137342516,2.580944042795616,True,False,[5],[0.1332245029321385]
120,22,218,1,0.01000447940160938,3.2103974841837917,True,False,[7],[0.12975700735461396]
121,0,1090,1,0.011106625227069232,3.1843387792737343,True,False,[8],[0.11738738729655072]
121,1,2673,1,0.010833722816465791,3.4517378423805707,True,False,[5],[0.10900795931105735]
121,3,2479,1,0.010793768811893492,2.497071824411339,True,False,[15],[0.16137300735436338]
121,6,2488,1,0.011180635805088884,2.2429425426472145,True,False,[5],[0.11750061304179764]
121,7,2449,2,0.009646845837169854,2.2016897543596934,True,False,"[7, 15]","[0.15050908982443276, 0.13159091244669055]"
121,8,1199,1,0.011700249833846798,1.8565895701752153,True,False,[16],[0.10814990261281868]
121,9,934,2,0.007457298648129563,2.2304196386622985,True,False,"[8, 15]","[0.0744588330809544, 0.07814095732003061]"
121,11,1838,1,0.006580895265179076,3.672005756557897,True,False,[7],[0.08670594016485542]
121,12,470,1,0.011139504276366768,3.346009033748348,True,False,[7],[0.12720966037656517]
121,13,2814,1,0.010421942420187414,2.3545836330148684,True,False,[5],[0.07730470932266666]
121,15,2632,2,0.00786427804527306,2.684639285958336,True,False,"[7, 8]","[0.09968168590960597, 0.12257659437148082]"
121,18,1915,1,0.011148806803582939,2.82179168645282,True,False,[11],[0.1340393632564524]
121,19,1720,1,0.011275173805699418,1.927787521988481,True,False,[15],[0.09812947008893459]
121,21,963,1,0.011004094555515978,2.6297250439756907,True,False,[5],[0.13117254122650884]
121,22,218,1,0.01078071429241952,3.285514758142588,True,False,[5],[0.130731703352118]
121,23,2620,1,0.008810832875088357,2.237996742333433,True,False,[7],[0.10113010743461787]
122,2,2673,1,0.010869919509762644,3.471609191236212,True,False,[8],[0.14517087981070742]
122,4,2479,2,0.009374888162144605,2.499627284777971,True,False,"[7, 15]","[0.09704282450197514, 0.044791160548506084]"
122,7,2488,1,0.012194810296192883,2.2576180275750835,True,False,[15],[0.11798089793579344]
122,9,1199,1,0.010063109021260199,1.8600464064242128,True,False,[8],[0.07798890395254836]
122,10,934,1,0.010778919523678881,2.2299773162504706,True,False,[15],[0.12940968386956136]
122,12,1838,1,0.010322112216105357,3.7331290405232203,True,False,[7],[0.12236001922728373]
122,13,470,1,0.010641136859624391,3.4097879953795167,True,False,[5],[0.08459757134235411]
122,16,2632,1,0.012052809831504958,2.6719827984407005,True,False,[15],[0.08120888658595939]
122,19,1915,3,0.007384379654673308,2.828652808184862,True,False,"[7, 12, 15]","[0.12075457039960072, 0.10562391596217899, 0.1204071934738306]"
122,21,601,2,0.007252413932997138,2.411719261344874,True,False,"[11, 15]","[0.1458490641854675, 0.07884476100621146]"
122,22,218,1,0.01046311359978441,3.3643031331756443,True,False,[5],[0.12648032900244013]
123,2,2673,1,0.008134790500618364,3.550871454073589,True,False,[7],[0.08923126243848661]
123,4,2479,1,0.011554025676909208,2.5051687645601888,True,False,[7],[0.10693414697598462]
123,8,2449,1,0.008088424094659133,2.2502263629893795,True,False,[8],[0.10858874747338397]
123,9,1199,2,0.00970275183059414,1.8718333827776756,True,False,"[15, 16]","[0.07890229966570927, 0.05686791057820195]"
123,10,934,1,0.00967057420024985,2.2729650655066274,True,False,[8],[0.14676894657918793]
123,13,470,1,0.009395597534981901,3.4749773435857922,True,False,[5],[0.09542472319241842]
123,16,2632,2,0.008212472146849616,2.6655645588398764,True,False,"[8, 11]","[0.0966796725591022, 0.11206026694119049]"
123,18,2102,1,0.011473433099615729,2.244993530570401,True,False,[5],[0.14099808167280223]
123,19,1915,1,0.010882114503804994,2.8761816777335474,True,False,[5],[0.1117322577752153]
123,21,601,1,0.009944011400590286,2.4025686750358743,True,False,[11],[0.179114261669358]
123,22,218,1,0.010952390701539954,3.4134872645809726,True,False,[7],[0.1348121560654352]
123,23,2620,1,0.009672461226427637,2.245004411077167,True,False,[15],[0.11775566250812025]
124,1,1090,1,0.010212089770154961,3.2268320019401338,True,False,[8],[0.11820090423144462]
124,2,2673,2,0.008576312947081716,3.5756200238425726,True,False,"[7, 11]","[0.0895936177567037, 0.16654012604590093]"
124,4,2479,1,0.012251880421006564,2.5091185658289454,True,False,[7],[0.11236732924060663]
124,8,2449,1,0.008113011380223977,2.3005813603970795,True,False,[8],[0.10830058728841271]
124,9,1199,3,0.00805104804562027,1.8759451681822379,True,False,"[7, 8, 15]","[0.10812232193393725, 0.08687180569500577, 0.08463417228473517]"
124,10,934,1,0.009831442628718432,2.3162542219081135,True,False,[8],[0.1387477320821626]
124,13,1838,1,0.008340844913282994,3.813172890360395,True,False,[7],[0.11048721115796385]
124,14,470,2,0.008060065804495389,3.5023671530172398,True,False,"[7, 11]","[0.13954141007979087, 0.11374235767042978]"
124,15,2814,1,0.011567503450430405,2.3974058933186457,True,False,[5],[0.12272330963147016]
124,17,2632,1,0.012634254719201042,2.7050947525068127,True,False,[5],[0.14981727571050554]
124,19,1915,2,0.009299879898297078,2.906099333229549,True,False,"[7, 15]","[0.12216157159376743, 0.12093110073663908]"
124,22,218,1,0.013509083030876008,3.413007501969373,True,False,[12],[0.09882657176751752]
125,2,2673,1,0.010731145826096598,3.5886497703192735,True,False,[8],[0.149663285907626]
125,8,2449,1,0.010929122922964043,2.3020545751010353,True,False,[7],[0.11307507609815069]
125,9,1199,1,0.010333744893005661,1.8819236589919837,True,False,[16],[0.061300262030403]
125,10,934,2,0.007158879857959211,2.337362714358844,True,False,"[8, 15]","[0.1302441988776448, 0.12824689158468908]"
125,11,2955,1,0.04513307728799126,2.555522987939994,True,False,[12],[0.13612503498516543]
125,13,1838,1,0.00905779928930571,3.885617515133944,True,False,[7],[0.11779763461491845]
125,14,470,1,0.011830438288199635,3.5546087563975637,True,False,[5],[0.12305365342521664]
125,17,2632,1,0.007954308058483033,2.7647592500108726,True,False,[7],[0.09852822846184563]
125,18,2342,1,0.010835877540915336,4.346143724010395,True,False,[5],[0.12960214076920964]
125,21,601,1,0.008620813608874383,2.4563426250686087,True,False,[7],[0.11087488365902146]
125,22,218,1,0.012026570746618602,3.414477238099489,True,False,[12],[0.09489182924797497]
126,5,2479,1,0.011010940147856595,2.510917806815991,True,False,[15],[0.10380601281433496]
126,8,2488,1,0.009316592332819248,2.260073886138841,True,False,[15],[0.06536634744667652]
126,9,2449,1,0.010234468474864615,2.3327430506609956,True,False,[5],[0.08371637577804297]
126,10,1199,2,0.008040989637261268,1.8945769184113546,True,False,"[8, 15]","[0.1295410642913008, 0.12429086565609186]"
126,11,934,1,0.010667390706661025,2.3476376101099263,True,False,[5],[0.07965433610859317]
126,14,1838,1,0.009123819721686879,3.946550477265003,True,False,[7],[0.1359986065255825]
126,15,470,1,0.007730530581701939,3.638665374364334,True,False,[7],[0.09219899465686132]
126,18,2632,1,0.009364748762706375,2.7653513326292463,True,False,[11],[0.13483655360444602]
126,20,1915,1,0.011237545181196478,2.9080942336342144,True,False,[8],[0.08702068125148318]
126,23,2620,1,0.009367593388679148,2.255151132094426,True,False,[15],[0.10422042795041969]
127,0,3001,1,0.061610632076953255,3.8017955145490903,True,False,[5],[0.08536786850505958]
127,2,1090,1,0.010820114022924883,3.23386670821281,True,False,[7],[0.08465030910492465]
127,6,2479,1,0.011917022339903027,2.5097128594599365,True,False,[15],[0.09938439841035504]
127,11,1199,1,0.013439878202604954,1.8945640826633878,True,False,[16],[0.05275113324069678]
127,12,934,1,0.010610393802992358,2.3652696659502603,True,False,[7],[0.12134469246013599]
127,15,1838,1,0.0118613266947096,4.016384621248839,True,False,[5],[0.12526298309768275]
127,16,470,1,0.01258736295392545,3.641603795900042,True,False,[15],[0.10605880123458226]
127,19,2632,1,0.011140745007871884,2.7765121443203777,True,False,[15],[0.1289023309689217]
127,22,218,1,0.009874389697025764,3.4965011154279435,True,False,[5],[0.11681734950287265]
128,0,3001,1,0.011114000047765207,3.8311630130243666,True,False,[8],[0.11183426005786752]
128,9,934,1,0.008857688108547616,2.4094783890565754,True,False,[8],[0.08115694215712484]
128,13,470,1,0.009056350247945518,3.7177330284850822,True,False,[5],[0.09389893886101366]
128,17,2488,1,0.010988757496612378,2.259821901294311,True,False,[8],[0.13483991397480594]
128,18,2449,1,0.013230920430248497,2.345494681494161,True,False,[16],[0.08894099868995181]
128,19,1199,1,0.011175120587479395,1.8941568419689738,True,False,[8],[0.12037452114568077]
128,21,218,1,0.009980710247306023,3.525526407510953,True,False,[12],[0.10828328041507952]
128,22,2620,1,0.010169634590063044,2.2560446827342737,True,False,[15],[0.13349311467470773]
128,23,2632,1,0.010436344847925627,2.7768302132537284,True,False,[8],[0.10395507783439155]
129,3,2673,1,0.01057227707114791,3.5794356598836217,True,False,[12],[0.1693752705853614]
129,6,2479,1,0.010466511567715884,2.548025530273021,True,False,[5],[0.10932559554213146]
129,12,1838,1,0.00935656661322815,4.102388175972982,True,False,[5],[0.08638370079882972]
129,13,470,1,0.007985263661336896,3.801108182048245,True,False,[5],[0.10295811707481281]
129,21,218,1,0.011132993507593463,3.5418638931489275,True,False,[8],[0.17303583297129627]
129,23,2632,1,0.010167129180639814,2.7757898247585264,True,False,[8],[0.12157166231914848]
130,2,1090,1,0.010117255445462374,3.246250256380887,True,False,[7],[0.07930183727715201]
130,3,2673,1,0.0076340801653573395,3.6529030395492845,True,False,[7],[0.10315204955532994]
130,8,3049,1,0.1235649805136579,2.9618410690235897,True,False,[15],[0.06296060993660228]
130,9,934,1,0.008256908944789398,2.4591257637686326,True,False,[8],[0.0786837359163878]
130,12,1838,1,0.00901570850276957,4.182316955344975,True,False,[7],[0.11967364544771522]
130,13,470,1,0.01289511839183518,3.7915087794340594,True,False,[11],[0.1053206753995077]
130,18,2449,1,0.012586184423091453,2.339020326741547,True,False,[15],[0.06419754251108051]
130,19,1199,2,0.00800743415123686,1.8943358323106232,True,False,"[8, 15]","[0.11934537469087182, 0.12447474136966732]"
130,21,218,1,0.010858346024221513,3.6192421917990556,True,False,[5],[0.12132135079480184]
130,22,2620,1,0.010093788230256449,2.2582629573845177,True,False,[15],[0.12761797998319077]
131,2,1090,1,0.008844455616486899,3.3005776524972994,True,False,[8],[0.1405958111754598]
131,6,2479,1,0.010815037211577967,2.572860367172024,True,False,[7],[0.11457587277441693]
131,8,3049,1,0.010280013749698403,2.9623592271215053,True,False,[15],[0.05994555897782021]
131,9,934,1,0.012271802439654192,2.457610457310654,True,False,[15],[0.10203035129085701]
131,13,470,1,0.007712057138939435,3.8666107148529263,True,False,[7],[0.1113331708574653]
131,17,2488,1,0.010287795468791699,2.262272218486657,True,False,[15],[0.11438953197477536]
131,18,2449,1,0.012041574559867485,2.349759525584539,True,False,[7],[0.1319037263040258]
131,19,1199,1,0.010855777320274642,1.8995756834678355,True,False,[5],[0.10389608975973508]
131,21,218,1,0.009411581369958783,3.6459305901681853,True,False,[12],[0.10973541240317816]
132,9,934,1,0.010924732157133606,2.4563500079068734,True,False,[7],[0.10317086071556907]
132,13,470,1,0.008296690151526627,3.949283980320416,True,False,[5],[0.10394204990574868]
132,17,2488,2,0.007667026142618949,2.265832835918698,True,False,"[8, 15]","[0.12497540286616915, 0.1079701137994832]"
132,18,2449,1,0.01259589182663729,2.3587463592614024,True,False,[16],[0.07714701857969371]
132,19,1199,1,0.01100885834710838,1.9066131176288943,True,False,[8],[0.12600752930387846]
132,22,218,1,0.009732626800947072,3.7356555828953155,True,False,[5],[0.1043040051100961]
133,0,3001,1,0.011277086805057002,3.8677194940789,True,False,[8],[0.10761652069893572]
133,2,1090,1,0.008665608831295992,3.3582713232664334,True,False,[8],[0.13320086457953684]
133,3,2673,3,0.00639278731721458,3.6865142824535,True,False,"[7, 8, 12]","[0.09374668511763726, 0.14734880747185197, 0.17452613762007427]"
133,6,2479,2,0.0078003483976813075,2.5884507946125357,True,False,"[7, 15]","[0.1154047368133738, 0.09571379724050809]"
133,9,934,2,0.007672558185751499,2.474961088407319,True,False,"[8, 15]","[0.08649058262226299, 0.10142988720285359]"
133,13,470,1,0.013089575467324857,3.951860342064249,True,False,[11],[0.11689890652393249]
133,21,2620,1,0.009004635771691916,2.266892691162512,True,False,[15],[0.07141283019331128]
134,2,1090,1,0.008853558995412587,3.415161616917652,True,False,[8],[0.13206550447955628]
134,3,2673,1,0.012012420304618639,3.6976640478417067,True,False,[8],[0.13140116358910492]
134,6,2479,2,0.009341554553119094,2.5986678426008805,True,False,"[8, 15]","[0.14274143532136915, 0.10370341785808149]"
134,11,934,2,0.00856500911749425,2.500337963597928,True,False,"[8, 16]","[0.1237070989914856, 0.06479357891540845]"
134,13,3196,1,0.062354777681688345,2.5417947103907848,True,False,[15],[0.09249437664603306]
134,15,1838,1,0.012408138724673615,4.1750513207835445,True,False,[8],[0.12218489786454255]
134,16,470,1,0.008396111964586499,4.030622818497093,True,False,[7],[0.13247174603817197]
134,23,2620,1,0.009221276142001236,2.2985951808873173,True,False,[15],[0.09456863187056418]
135,0,3001,1,0.01139653125074993,3.8991841301992847,True,False,[8],[0.1046804148799479]
135,2,1090,1,0.010103332708134394,3.4318533204277273,True,False,[7],[0.07871086331047293]
135,6,2479,1,0.010898767220984568,2.628674955386913,True,False,[7],[0.12367359138889954]
135,11,934,1,0.010200245637220119,2.5476324679965883,True,False,[8],[0.11592097813761595]
135,15,1838,1,0.007576664584720582,4.27087669538251,True,False,[7],[0.09184067123166088]
135,16,470,1,0.008850943339742167,4.10747625207286,True,False,[7],[0.13089935482325665]
135,22,218,1,0.010153524290980454,3.823621135704018,True,False,[5],[0.10398518141314471]
136,2,1090,1,0.010244760656843314,3.4477541073364697,True,False,[7],[0.08156232430714187]
136,8,3208,1,0.09194761299565606,3.5244266644375575,True,False,[15],[0.05424847364630827]
136,11,934,3,0.006845543636409827,2.5621298897371387,True,False,"[8, 15, 16]","[0.11044849765148357, 0.12765289824120443, 0.06507412465906331]"
136,20,3049,1,0.012775145909688264,2.9687983072876443,True,False,[15],[0.06141765201335375]
136,22,218,1,0.010582719116212051,3.9086184499617667,True,False,[5],[0.11372982055751989]
136,23,2620,1,0.009011689809691047,2.337479277701354,True,False,[15],[0.08529364453305475]
137,3,2673,1,0.011056270546696261,3.7111602675542166,True,False,[8],[0.12715255792650476]
137,11,934,1,0.01129848992509314,2.5643883680628696,True,False,[15],[0.12382713566915754]
137,16,470,2,0.008507899997542813,4.106228026518697,True,False,"[11, 12]","[0.09711272216213575, 0.14275069682209043]"
137,22,218,1,0.011285576107343818,3.957811540536843,True,False,[7],[0.13645774218571763]
137,23,2620,1,0.008590918457617563,2.3641670186159653,True,False,[7],[0.09513897228106499]
138,0,3001,1,0.011213253147451868,3.9050955513859447,True,False,[7],[0.11450209234465157]
138,2,1090,1,0.009051150823683391,3.4600275773092455,True,False,[7],[0.07148551173405801]
138,6,2479,1,0.010309854327748696,2.662218679761939,True,False,[7],[0.11912405022078931]
138,8,3208,1,0.010150537363204001,3.537218878502168,True,False,[8],[0.09844122929183786]
138,11,934,1,0.010892558606705396,2.5739891716341066,True,False,[15],[0.11289863946783718]
138,15,1838,1,0.01114721679644409,4.3506313981088915,True,False,[5],[0.11298339100792869]
138,16,470,1,0.011601661949836658,4.106452241787369,True,False,[11],[0.10462913260674832]
138,23,2620,1,0.008892010390114552,2.4013522718567155,True,False,[15],[0.08026511290672736]
139,0,3001,1,0.010910794413978226,3.9404758945220095,True,False,[8],[0.09700462179281076]
139,3,2673,1,0.010905029619196295,3.7793430168721964,True,False,[5],[0.10956818015968532]
139,6,2479,2,0.0072625238388806905,2.6844669048927785,True,False,"[7, 15]","[0.10700086938656714, 0.09925615233348214]"
139,11,934,1,0.009345517005568418,2.626906142372396,True,False,[8],[0.08828506779300163]
139,13,3196,1,0.011436081346863136,2.543383240155447,True,False,[15],[0.08452844356678492]
139,16,470,1,0.010401315600525162,4.187609077074092,True,False,[5],[0.10671037328099617]
139,17,2814,1,0.01203917600944168,2.4405648708830854,True,False,[5],[0.13381431781446085]
139,19,253,1,0.009516365069663234,4.7788771514479045,True,False,[5],[0.09149141380001549]
139,22,3307,1,0.03677948867102656,5.239621133924344,True,False,[5],[0.10475071763786746]
140,2,1090,1,0.008327740196735487,3.4838528753977775,True,False,[7],[0.06462200725918547]
140,3,2673,1,0.010282569704446947,3.858618673437865,True,False,[5],[0.09849462245809651]
140,6,2479,1,0.011833509641734186,2.685427708224248,True,False,[15],[0.10194527732099619]
140,8,3208,1,0.010330998873259984,3.5348338662877783,True,False,[15],[0.05011276064032172]
140,16,1838,1,0.008178241966834457,4.418254139991059,True,False,[7],[0.1219457338207556]
140,17,470,1,0.012393880433676126,4.1901920418445275,True,False,[15],[0.1306005937706702]
141,9,3208,1,0.011465406792808547,3.526709197661319,True,False,[15],[0.09109797280749649]
141,18,1838,1,0.009801655630610641,4.469544773461391,True,False,[7],[0.12611099732938946]
141,19,470,1,0.010945730815318268,4.19162369366032,True,False,[12],[0.11639879121905194]
141,22,253,1,0.010676425654340719,4.884104923300196,True,False,[5],[0.09203773128801163]
142,0,3001,1,0.011059695716782244,3.943838309717811,True,False,[7],[0.10980364359612962]
142,9,3208,1,0.011620074523636795,3.5252615754826198,True,False,[8],[0.07948472362168262]
142,19,1838,1,0.006996228720783445,4.578101872581835,True,False,[7],[0.11426141465283435]
143,3,2673,1,0.011276587662103052,3.879262294477147,True,False,[8],[0.1226385322483613]
143,20,470,1,0.010292483240377598,4.26993623083631,True,False,[5],[0.09443411812105829]
144,19,470,1,0.006786952776118721,4.368230849838183,True,False,[7],[0.10962400606612206]
144,22,253,1,0.010535515608574606,4.993251411974813,True,False,[5],[0.08143162306631176]
145,0,3001,1,0.01120038657500952,3.9813902027686523,True,False,[8],[0.0926157441992041]
145,6,3208,1,0.012008015664781168,3.5117886422458704,True,False,[8],[0.12941370449120154]
145,16,470,1,0.007824186781050376,4.460052198330202,True,False,[7],[0.11222828882221583]
145,20,3169,1,0.07006961096961482,2.5154066531906776,True,False,[15],[0.057545581120026675]
146,10,2673,1,0.00816130260526838,3.9676415389207977,True,False,[7],[0.09922978883731134]
146,16,1838,1,0.012588248652044297,4.569956047217773,True,False,[15],[0.12797370927621307]
146,17,470,1,0.012014870098145987,4.46069736437475,True,False,[15],[0.14238114347640693]
147,0,3001,1,0.010383671059874571,3.986837490396035,True,False,[7],[0.10058758033094202]
147,6,2479,1,0.009440420609703399,2.722773552082563,True,False,[7],[0.10583119875707288]
147,10,1090,1,0.008765390674120412,3.5105449793929178,True,False,[8],[0.12009750853407036]
147,11,2673,1,0.011142366669180805,3.968917381282408,True,False,[8],[0.08859056675765663]
147,18,470,1,0.00946617457822994,4.552570089762698,True,False,[5],[0.1232534790450654]
148,11,2673,1,0.011968534570232276,3.9671281918799415,True,False,[8],[0.10064709578658437]
148,17,1838,1,0.010353925499402578,4.663399124977408,True,False,[5],[0.12900307324250385]
148,18,470,1,0.011918374221718445,4.563601837708954,True,False,[15],[0.08075449522740388]
148,19,2814,1,0.010247061924080796,2.4952856953686644,True,False,[5],[0.0851824794832674]
149,0,3001,1,0.009498865433153692,3.9970401346200606,True,False,[7],[0.09167936131330341]
149,6,2479,1,0.008972810153973172,2.758711514423743,True,False,[7],[0.1051844247805862]
149,14,3567,1,0.15287865193766492,3.3423834423488272,True,False,[15],[0.06725361798836076]
149,22,3560,1,0.06590301658452102,3.867387675717843,True,False,[8],[0.12428983887385718]
150,6,2479,1,0.009089434785462154,2.7913475184565573,True,False,[7],[0.10172654375832121]
151,6,2479,1,0.00968821704545562,2.821120825583487,True,False,[7],[0.099117418521686]
151,15,3567,1,0.015023818113090998,3.316560238633966,True,False,[15],[0.07792607722458234]
151,19,470,2,0.008785892104346616,4.622839831489576,True,False,"[7, 15]","[0.11252317156238997, 0.13442175114843852]"
153,7,2479,1,0.011352433026172618,2.813719681859487,True,False,[15],[0.10573639756293625]
153,9,3208,1,0.011203063344382607,3.5055257399161195,True,False,[15],[0.0804151538374127]
153,12,2673,1,0.010400889521322211,3.96399237981599,True,False,[8],[0.12208445072066022]
153,16,3567,1,0.011719421115984044,3.322085349468514,True,False,[15],[0.11317528892518233]
153,20,470,1,0.008970564222297002,4.718595962300366,True,False,[5],[0.08649903842463062]
154,3,3632,1,0.041155282486985426,3.521263666526,True,False,[15],[0.14107985925187363]
154,9,1090,1,0.008902559446148713,3.541502081346717,True,False,[7],[0.09569310726712152]
154,19,470,1,0.00894542273787115,4.818437969848986,True,False,[5],[0.08756817158776006]
155,0,3001,1,0.009226966478035838,4.010905350192643,True,False,[7],[0.08549790719927429]
155,5,2479,1,0.008514592160302337,2.840077125196678,True,False,[7],[0.12012653084898386]
155,7,3208,1,0.011246583967529816,3.5063605317379247,True,False,[15],[0.09523682009091484]
155,9,1090,1,0.008455843855155094,3.5767302473178515,True,False,[7],[0.08877113783025958]
155,16,3629,1,0.03999745918213643,2.3342480957737988,True,False,[15],[0.10255730447560285]
156,0,3001,1,0.010885382617692571,4.050990535603693,True,False,[8],[0.08370408822780917]
157,4,3632,1,0.01359751377050924,3.51711050349091,True,False,[15],[0.044387937420924575]
157,13,3652,1,0.05398299282782943,2.925701990667804,True,False,[12],[0.09436008907697857]
158,1,3755,1,0.07119704858989391,3.645904218502077,True,False,[8],[0.10772259463697337]
158,4,3632,1,0.013424918165012194,3.5129807866675655,True,False,[15],[0.04290067854111931]
158,19,1838,1,0.007964063675336794,4.776115898920997,True,False,[7],[0.10187411970470073]
159,5,3632,1,0.011000773577899903,3.5082770569344857,True,False,[15],[0.09298201290424546]
159,13,3372,1,0.09553227753997447,3.1818995859172676,True,False,[12],[0.08786825396456295]
160,20,1838,1,0.008439852481384012,4.880808262333425,True,False,[5],[0.08179780643237342]
161,9,2479,1,0.009789670893107501,2.9053805187757455,True,False,[5],[0.08189431514934437]
162,5,3632,1,0.010874027210144015,3.503168822757077,True,False,[15],[0.08315046218714613]
164,5,3632,1,0.01070328509453429,3.497406716357349,True,False,[15],[0.07647132323659478]
164,20,1838,1,0.008026061072107791,4.995298909909289,True,False,[5],[0.07228110797617139]
165,9,2479,1,0.010680348879550158,2.9042986988380086,True,False,[15],[0.07868653033056706]
166,5,3632,1,0.010731997835140877,3.494888119803342,True,False,[15],[0.0692887597695596]
166,10,3945,1,0.07900860652015988,3.392517920611247,True,False,[5],[0.09064225510736343]
167,23,3208,1,0.009992747431777353,3.5056566885783864,True,False,[15],[0.0715328543315968]
168,5,3632,1,0.01051200570134415,3.4944151780889965,True,False,[15],[0.06168067053559267]
168,10,3945,1,0.01020406720358549,3.4624687549551827,True,False,[5],[0.08797381417079893]
168,23,3971,1,0.10913118296018569,4.148955011543216,True,False,[15],[0.06505693131801565]
169,5,3632,1,0.010341077186426254,3.4910098284276065,True,False,[15],[0.05691769448848351]
169,11,4011,1,0.38185028473109706,9.005124749252813,True,False,[15],[0.10045770693390028]
170,5,3632,1,0.010230953482987736,3.4890187159617807,True,False,[15],[0.05167461079497793]
171,7,3632,1,0.010479595961822798,3.4897102241672937,True,False,[15],[0.08522013872826267]
173,13,4011,1,0.010790340419443182,9.018312175500634,True,False,[15],[0.0762845719089939]
174,11,2479,1,0.008727833495610104,2.966294089090534,True,False,[5],[0.0748401043378603]
175,8,3632,1,0.009008200215443862,3.488139975859256,True,False,[15],[0.0459179199499608]
179,14,4249,1,0.09184649957538814,4.128491858217472,True,False,[12],[0.1304571318399518]
181,11,3632,1,0.00985595331765416,3.4906381786060607,True,False,[15],[0.0904524805765893]
181,16,3945,1,0.009529194200731051,3.5437520119248624,True,False,[5],[0.09835017925361698]
182,10,3632,1,0.010166898520025135,3.489717838413322,True,False,[15],[0.11101958560545211]
182,16,4249,1,0.012033191259929823,4.101987966220381,True,False,[12],[0.12766757759682498]
183,3,4103,1,0.08768471532940347,4.688892244473614,True,False,[15],[0.12659857625313384]
183,13,4011,1,0.02285591235161198,8.90971641377194,True,False,[16],[0.11496752213773681]
184,4,4103,1,0.013448342086063658,4.669895588643615,True,False,[15],[0.04102494313532254]
185,4,4103,1,0.013490395104808142,4.6443862496912764,True,False,[15],[0.037671212775824914]
186,4,4103,1,0.012954716459589817,4.621868213186866,True,False,[15],[0.03404092559993085]
187,4,4103,1,0.012222238302334664,4.5958148284985105,True,False,[15],[0.03235737995830473]
188,4,4103,1,0.011898609521581564,4.580528992986439,True,False,[15],[0.02924436369268105]
188,17,3632,1,0.009938320196041243,3.496610260905887,True,False,[15],[0.12736190803566952]
189,13,4430,1,0.21408871221856732,12.430245377802867,True,False,[15],[0.06763771192352246]
193,15,4430,1,0.014270493478050832,12.439237196861672,True,False,[16],[0.04922250580767187]
196,15,4430,2,0.01140519546162549,12.435234861245123,True,False,"[15, 16]","[0.0704524257637812, 0.04556848036810287]"
197,4,4103,1,0.01181848023648409,4.569553951071218,True,False,[15],[0.026812314461047083]
197,15,4430,1,0.0131772533523835,12.428123723326083,True,False,[15],[0.06300704486385439]
198,15,4430,1,0.012920746360846261,12.42282202478349,True,False,[15],[0.056756901196900356]
199,4,4103,1,0.01143926082738142,4.565442687194869,True,False,[15],[0.023827669040517627]
199,16,4430,2,0.01200178015230513,12.52807534902918,True,False,"[15, 16]","[0.09102695911366242, 0.06912698558154487]"
204,5,4103,1,0.00977716466669325,4.574079080546171,True,False,[15],[0.046616084764773774]
207,19,4962,1,0.1566153178434854,4.9378066996113725,True,False,[12],[0.10356386359119192]
