generation,mu,mean_sigma,min_sigma,max_sigma,mean_psucc,min_psucc,max_psucc,gens_silent,sigma_floor_active,archive_size,archive_eps_culled_gen,archive_eps_culled_total,n_pitot3_sentinels,n_spark_sentinels,n_both_sentinels,n_sentinels,lineage_0,lineage_1,lineage_2,lineage_3,lineage_4,lineage_5,lineage_6,lineage_7,lineage_8,lineage_9,lineage_10,lineage_11,lineage_12,lineage_13,lineage_14,lineage_15,lineage_16,lineage_17,lineage_18,lineage_19,lineage_20,lineage_21,lineage_22,lineage_23,sigma_0,sigma_1,sigma_2,sigma_3,sigma_4,sigma_5,sigma_6,sigma_7,sigma_8,sigma_9,sigma_10,sigma_11,sigma_12,sigma_13,sigma_14,sigma_15,sigma_16,sigma_17,sigma_18,sigma_19,sigma_20,sigma_21,sigma_22,sigma_23,psucc_0,psucc_1,psucc_2,psucc_3,psucc_4,psucc_5,psucc_6,psucc_7,psucc_8,psucc_9,psucc_10,psucc_11,psucc_12,psucc_13,psucc_14,psucc_15,psucc_16,psucc_17,psucc_18,psucc_19,psucc_20,psucc_21,psucc_22,psucc_23
1,24,0.10013694110609739,0.09953810705865762,0.10210518621451076,0.1862373737373737,0.16666666666666666,0.25,0,False,5,0,0,0,0,0,0,0,7,16,17,19,13,12,36,4,8,2,22,14,20,21,10,15,23,11,6,5,18,3,1,0.1,0.09953810705865762,0.1,0.1,0.1,0.1,0.10210518621451076,0.10210518621451076,0.1,0.1,0.1,0.1,0.1,0.1,0.1,0.1,0.1,0.1,0.1,0.1,0.1,0.1,0.1,0.09953810705865762,0.18181818181818182,0.16666666666666666,0.18181818181818182,0.18181818181818182,0.18181818181818182,0.18181818181818182,0.25,0.25,0.18181818181818182,0.18181818181818182,0.18181818181818182,0.18181818181818182,0.18181818181818182,0.18181818181818182,0.18181818181818182,0.18181818181818182,0.18181818181818182,0.18181818181818182,0.18181818181818182,0.18181818181818182,0.18181818181818182,0.18181818181818182,0.18181818181818182,0.16666666666666666
2,24,0.10062474658127984,0.09953810705865762,0.10210518621451076,0.202020202020202,0.16666666666666666,0.25,0,False,5,0,0,0,0,0,0,0,7,16,17,19,13,12,36,57,4,8,66,20,21,52,2,22,14,10,15,23,11,6,3,0.1,0.09953810705865762,0.1,0.09953810705865762,0.10210518621451076,0.1,0.10210518621451076,0.10210518621451076,0.10210518621451076,0.1,0.10210518621451076,0.10210518621451076,0.1,0.1,0.10210518621451076,0.09953810705865762,0.1,0.1,0.1,0.1,0.1,0.10210518621451076,0.09953810705865762,0.1,0.18181818181818182,0.16666666666666666,0.18181818181818182,0.16666666666666666,0.25,0.18181818181818182,0.25,0.25,0.25,0.18181818181818182,0.25,0.25,0.18181818181818182,0.18181818181818182,0.25,0.16666666666666666,0.18181818181818182,0.18181818181818182,0.18181818181818182,0.18181818181818182,0.18181818181818182,0.25,0.16666666666666666,0.18181818181818182
3,24,0.10112109507862294,0.09953810705865762,0.10626479815687233,0.20920138888888892,0.16666666666666666,0.3125,0,False,5,0,0,0,0,0,0,0,7,16,17,19,13,12,36,57,4,8,66,20,21,52,2,22,14,10,15,23,11,78,6,0.1,0.09953810705865762,0.1,0.09953810705865762,0.10210518621451076,0.1,0.10626479815687233,0.10210518621451076,0.10210518621451076,0.1,0.10210518621451076,0.10210518621451076,0.1,0.1,0.10210518621451076,0.09953810705865762,0.1,0.1,0.1,0.1,0.1,0.1035931400515108,0.10626479815687233,0.09953810705865762,0.18181818181818182,0.16666666666666666,0.18181818181818182,0.16666666666666666,0.25,0.18181818181818182,0.3125,0.25,0.25,0.18181818181818182,0.25,0.25,0.18181818181818182,0.18181818181818182,0.25,0.16666666666666666,0.18181818181818182,0.18181818181818182,0.18181818181818182,0.18181818181818182,0.18181818181818182,0.22916666666666666,0.3125,0.16666666666666666
4,24,0.10128251294245279,0.09953810705865762,0.10626479815687233,0.20666956018518515,0.16666666666666666,0.3125,0,False,5,0,0,0,0,0,0,0,7,16,17,19,13,12,36,57,4,8,66,20,21,52,2,22,14,10,15,23,11,78,6,0.1,0.09953810705865762,0.1,0.09953810705865762,0.1035931400515108,0.1,0.10626479815687233,0.10210518621451076,0.10210518621451076,0.1,0.1035931400515108,0.10210518621451076,0.1,0.1,0.10210518621451076,0.09953810705865762,0.1,0.1,0.1,0.1,0.1,0.10449126110942733,0.10626479815687233,0.09953810705865762,0.18181818181818182,0.16666666666666666,0.18181818181818182,0.16666666666666666,0.22916666666666666,0.18181818181818182,0.3125,0.25,0.25,0.18181818181818182,0.22916666666666666,0.25,0.18181818181818182,0.18181818181818182,0.25,0.16666666666666666,0.18181818181818182,0.18181818181818182,0.18181818181818182,0.18181818181818182,0.18181818181818182,0.21006944444444442,0.3125,0.16666666666666666
5,24,0.10135882952541393,0.09953810705865762,0.10626479815687233,0.20507209683641972,0.16666666666666666,0.3125,0,False,5,0,0,0,0,0,0,0,7,16,17,19,13,12,36,57,4,8,66,20,21,52,2,22,14,10,15,23,11,78,6,0.1,0.09953810705865762,0.1,0.09953810705865762,0.1035931400515108,0.1,0.10626479815687233,0.10210518621451076,0.10210518621451076,0.1,0.1035931400515108,0.10210518621451076,0.1,0.1,0.1035931400515108,0.09953810705865762,0.1,0.1,0.1,0.1,0.1,0.1048349052634947,0.10626479815687233,0.09953810705865762,0.18181818181818182,0.16666666666666666,0.18181818181818182,0.16666666666666666,0.22916666666666666,0.18181818181818182,0.3125,0.25,0.25,0.18181818181818182,0.22916666666666666,0.25,0.18181818181818182,0.18181818181818182,0.22916666666666666,0.16666666666666666,0.18181818181818182,0.18181818181818182,0.18181818181818182,0.18181818181818182,0.18181818181818182,0.19256365740740738,0.3125,0.16666666666666666
6,24,0.10181936955193886,0.09953810705865762,0.11254694432213024,0.20483750080375515,0.16666666666666666,0.36979166666666663,0,False,5,0,0,0,0,0,0,0,7,16,17,19,13,12,36,57,4,8,166,66,20,21,52,2,22,14,10,15,23,11,6,0.1,0.09953810705865762,0.1,0.09953810705865762,0.1035931400515108,0.1,0.10971734353948906,0.10210518621451076,0.10210518621451076,0.1,0.1035931400515108,0.11254694432213024,0.1035931400515108,0.1,0.1,0.1035931400515108,0.09953810705865762,0.1,0.1,0.1,0.1,0.1,0.10466522051521766,0.09953810705865762,0.18181818181818182,0.16666666666666666,0.18181818181818182,0.16666666666666666,0.22916666666666666,0.18181818181818182,0.2864583333333333,0.25,0.25,0.18181818181818182,0.22916666666666666,0.36979166666666663,0.22916666666666666,0.18181818181818182,0.18181818181818182,0.22916666666666666,0.16666666666666666,0.18181818181818182,0.18181818181818182,0.18181818181818182,0.18181818181818182,0.18181818181818182,0.1765166859567901,0.16666666666666666
7,24,0.10206089055874744,0.09953810705865762,0.11808335442858496,0.2021448792089978,0.16180696212705759,0.3389756944444444,0,False,5,0,0,0,0,0,0,0,7,16,17,19,13,12,36,57,4,8,166,66,20,21,52,2,22,14,10,15,23,11,6,0.1,0.09953810705865762,0.1,0.09953810705865762,0.10449126110942733,0.1,0.10971734353948906,0.10210518621451076,0.10210518621451076,0.1,0.1035931400515108,0.11808335442858496,0.1035931400515108,0.1,0.1,0.1035931400515108,0.09953810705865762,0.1,0.1,0.1,0.1,0.1,0.10402719351425245,0.09953810705865762,0.18181818181818182,0.16666666666666666,0.18181818181818182,0.16666666666666666,0.21006944444444442,0.18181818181818182,0.2864583333333333,0.25,0.25,0.18181818181818182,0.22916666666666666,0.3389756944444444,0.22916666666666666,0.18181818181818182,0.18181818181818182,0.22916666666666666,0.16666666666666666,0.18181818181818182,0.18181818181818182,0.18181818181818182,0.18181818181818182,0.18181818181818182,0.16180696212705759,0.16666666666666666
8,24,0.10229597917791228,0.09953810705865762,0.1228273602306248,0.20017216267736196,0.16180696212705759,0.3107277199074074,0,False,5,0,0,0,0,0,0,0,7,16,17,19,13,12,36,57,4,8,166,66,20,21,52,2,22,14,10,15,23,11,6,0.1,0.09953810705865762,0.1,0.09953810705865762,0.10449126110942733,0.1,0.10971734353948906,0.10210518621451076,0.10210518621451076,0.1,0.1035931400515108,0.1228273602306248,0.10449126110942733,0.1,0.1,0.1035931400515108,0.09953810705865762,0.1,0.1,0.1,0.1,0.1,0.10402719351425245,0.09953810705865762,0.18181818181818182,0.16666666666666666,0.18181818181818182,0.16666666666666666,0.21006944444444442,0.18181818181818182,0.2864583333333333,0.25,0.25,0.18181818181818182,0.22916666666666666,0.3107277199074074,0.21006944444444442,0.18181818181818182,0.18181818181818182,0.22916666666666666,0.16666666666666666,0.18181818181818182,0.18181818181818182,0.18181818181818182,0.18181818181818182,0.18181818181818182,0.16180696212705759,0.16666666666666666
9,24,0.10224772692973332,0.09865876712893568,0.1228273602306248,0.2054777648446268,0.15277777777777776,0.3107277199074074,0,False,5,0,0,0,0,0,0,0,7,16,17,19,234,12,36,13,57,4,8,166,66,20,21,52,2,22,14,10,15,23,6,0.1,0.09953810705865762,0.09953810705865762,0.09865876712893568,0.10449126110942733,0.10210518621451076,0.10971734353948906,0.10210518621451076,0.1,0.10210518621451076,0.1,0.1035931400515108,0.1228273602306248,0.10449126110942733,0.1,0.1,0.1035931400515108,0.09953810705865762,0.1,0.10210518621451076,0.1,0.1,0.1,0.09953810705865762,0.18181818181818182,0.16666666666666666,0.16666666666666666,0.15277777777777776,0.21006944444444442,0.25,0.2864583333333333,0.25,0.18181818181818182,0.25,0.18181818181818182,0.22916666666666666,0.3107277199074074,0.21006944444444442,0.18181818181818182,0.18181818181818182,0.22916666666666666,0.16666666666666666,0.18181818181818182,0.25,0.18181818181818182,0.18181818181818182,0.18181818181818182,0.16666666666666666
10,24,0.10297200948831792,0.09865876712893568,0.1267550864159823,0.21553341529809086,0.15277777777777776,0.2864583333333333,0,False,5,0,0,0,0,0,0,0,7,16,17,19,234,12,36,13,57,4,253,260,66,8,166,14,20,21,52,2,22,10,15,0.1,0.09865876712893568,0.09953810705865762,0.09865876712893568,0.10449126110942733,0.10210518621451076,0.10971734353948906,0.10210518621451076,0.1,0.10210518621451076,0.09953810705865762,0.10753858838607169,0.10210518621451076,0.10753858838607169,0.1035931400515108,0.1267550864159823,0.10210518621451076,0.1,0.1,0.1035931400515108,0.09953810705865762,0.1,0.10210518621451076,0.09953810705865762,0.18181818181818182,0.15277777777777776,0.16666666666666666,0.15277777777777776,0.21006944444444442,0.25,0.2864583333333333,0.25,0.18181818181818182,0.25,0.16666666666666666,0.2758969907407407,0.25,0.2758969907407407,0.22916666666666666,0.2848337432484568,0.25,0.18181818181818182,0.18181818181818182,0.22916666666666666,0.16666666666666666,0.18181818181818182,0.25,0.16666666666666666
11,24,0.10346118645795499,0.09740752514513804,0.1267550864159823,0.22652440154949374,0.14004629629629628,0.3125,0,False,5,0,0,0,0,0,0,0,7,16,17,19,234,12,36,13,57,4,253,260,66,8,281,166,14,20,21,52,2,22,273,0.1,0.09740752514513804,0.09953810705865762,0.09865876712893568,0.10449126110942733,0.10210518621451076,0.10971734353948906,0.10210518621451076,0.1,0.10626479815687233,0.09953810705865762,0.10753858838607169,0.10210518621451076,0.10753858838607169,0.1035931400515108,0.10210518621451076,0.1267550864159823,0.10210518621451076,0.10210518621451076,0.1,0.1035931400515108,0.09953810705865762,0.1,0.10626479815687233,0.18181818181818182,0.14004629629629628,0.16666666666666666,0.15277777777777776,0.21006944444444442,0.25,0.2864583333333333,0.25,0.18181818181818182,0.3125,0.16666666666666666,0.2758969907407407,0.25,0.2758969907407407,0.22916666666666666,0.25,0.2848337432484568,0.25,0.25,0.18181818181818182,0.22916666666666666,0.16666666666666666,0.18181818181818182,0.3125
12,24,0.10457862334506607,0.09582981353248936,0.1267550864159823,0.24236504540120532,0.12837577160493824,0.33623890817901225,0,False,5,0,0,0,0,0,0,0,7,16,17,19,234,12,36,13,301,57,4,253,260,66,300,8,281,166,14,20,302,2,22,0.1,0.09582981353248936,0.09865876712893568,0.09865876712893568,0.10449126110942733,0.10210518621451076,0.10971734353948906,0.10210518621451076,0.1,0.1127343150108359,0.10626479815687233,0.09953810705865762,0.10753858838607169,0.10626479815687233,0.1127343150108359,0.10626479815687233,0.10718608167904842,0.10210518621451076,0.1267550864159823,0.10210518621451076,0.10210518621451076,0.10718608167904842,0.09953810705865762,0.1,0.18181818181818182,0.12837577160493824,0.15277777777777776,0.15277777777777776,0.21006944444444442,0.25,0.2864583333333333,0.25,0.18181818181818182,0.33623890817901225,0.3125,0.16666666666666666,0.2758969907407407,0.3125,0.33623890817901225,0.3125,0.2934027777777778,0.25,0.2848337432484568,0.25,0.25,0.2934027777777778,0.16666666666666666,0.18181818181818182
13,24,0.10490252849889542,0.09396998189034132,0.1267550864159823,0.2380557456862705,0.11767779063786005,0.33623890817901225,0,False,5,0,0,0,0,0,0,0,7,16,17,19,234,12,36,13,301,57,4,253,260,66,300,8,281,166,14,20,302,2,22,0.1,0.09396998189034132,0.09865876712893568,0.09865876712893568,0.10449126110942733,0.1035931400515108,0.10971734353948906,0.10210518621451076,0.1,0.1127343150108359,0.10626479815687233,0.09953810705865762,0.10990000344505797,0.10626479815687233,0.1127343150108359,0.10626479815687233,0.11007817489808147,0.10210518621451076,0.1267550864159823,0.10210518621451076,0.10210518621451076,0.11007817489808147,0.09953810705865762,0.1,0.18181818181818182,0.11767779063786005,0.15277777777777776,0.15277777777777776,0.21006944444444442,0.22916666666666666,0.2864583333333333,0.25,0.18181818181818182,0.33623890817901225,0.3125,0.16666666666666666,0.25290557484567894,0.3125,0.33623890817901225,0.3125,0.2689525462962963,0.25,0.2848337432484568,0.25,0.25,0.2689525462962963,0.16666666666666666,0.18181818181818182
14,24,0.10602940914902009,0.09187054913701001,0.1267550864159823,0.24782273564923604,0.10787130808470503,0.39155233249742794,0,False,5,0,0,0,0,0,0,0,7,16,17,19,234,12,36,13,301,350,57,4,253,260,66,300,8,281,166,14,20,302,22,0.09953810705865762,0.09187054913701001,0.09865876712893568,0.09865876712893568,0.10449126110942733,0.1035931400515108,0.10971734353948906,0.10210518621451076,0.1,0.1127343150108359,0.12019546476507956,0.10626479815687233,0.09953810705865762,0.10990000344505797,0.10626479815687233,0.12019546476507956,0.10626479815687233,0.11007817489808147,0.10210518621451076,0.1267550864159823,0.1035931400515108,0.10210518621451076,0.11007817489808147,0.1,0.16666666666666666,0.10787130808470503,0.15277777777777776,0.15277777777777776,0.21006944444444442,0.22916666666666666,0.2864583333333333,0.25,0.18181818181818182,0.33623890817901225,0.39155233249742794,0.3125,0.16666666666666666,0.25290557484567894,0.3125,0.39155233249742794,0.3125,0.2689525462962963,0.25,0.2848337432484568,0.22916666666666666,0.25,0.2689525462962963,0.18181818181818182
15,24,0.10810805355760818,0.09187054913701001,0.13015129819561838,0.25769785230790165,0.10787130808470503,0.4422563047893089,0,False,5,0,0,0,0,0,0,0,7,16,17,19,234,12,36,13,301,350,57,4,253,260,66,300,8,281,166,14,20,302,370,0.09953810705865762,0.09187054913701001,0.09865876712893568,0.09865876712893568,0.10449126110942733,0.1035931400515108,0.10971734353948906,0.10210518621451076,0.1,0.1127343150108359,0.13015129819561838,0.10626479815687233,0.09953810705865762,0.10990000344505797,0.10626479815687233,0.12687909727133548,0.10626479815687233,0.11227675551386578,0.10210518621451076,0.1267550864159823,0.10449126110942733,0.10210518621451076,0.11007817489808147,0.13015129819561838,0.16666666666666666,0.10787130808470503,0.15277777777777776,0.15277777777777776,0.21006944444444442,0.22916666666666666,0.2864583333333333,0.25,0.18181818181818182,0.33623890817901225,0.4422563047893089,0.3125,0.16666666666666666,0.25290557484567894,0.3125,0.35892297145597557,0.3125,0.24653983410493824,0.25,0.2848337432484568,0.21006944444444442,0.25,0.2689525462962963,0.4422563047893089
16,24,0.1095912883569043,0.09187054913701001,0.13935362475205698,0.2686947922218277,0.10787130808470503,0.4422563047893089,0,False,5,0,0,0,0,0,0,0,7,16,17,19,234,395,13,12,36,390,350,57,4,253,301,260,66,300,8,281,166,14,370,0.09953810705865762,0.09187054913701001,0.09740752514513804,0.09865876712893568,0.10449126110942733,0.1035931400515108,0.11254694432213024,0.1,0.11535908238757993,0.10210518621451076,0.11535908238757993,0.13015129819561838,0.11254694432213024,0.09953810705865762,0.10990000344505797,0.1127343150108359,0.10626479815687233,0.12687909727133548,0.10626479815687233,0.11227675551386578,0.10210518621451076,0.1267550864159823,0.10449126110942733,0.13935362475205698,0.16666666666666666,0.10787130808470503,0.14004629629629628,0.15277777777777776,0.21006944444444442,0.22916666666666666,0.36979166666666663,0.18181818181818182,0.34592013888888884,0.25,0.34592013888888884,0.4422563047893089,0.36979166666666663,0.16666666666666666,0.25290557484567894,0.33623890817901225,0.3125,0.35892297145597557,0.3125,0.24653983410493824,0.25,0.2848337432484568,0.21006944444444442,0.40540161272353314
17,24,0.11024804644864783,0.08957165418484625,0.13935362475205698,0.2623121900075232,0.0988820324109796,0.4422563047893089,0,False,5,0,0,0,0,0,0,0,7,16,17,19,234,395,13,12,36,390,350,57,4,253,301,260,66,300,8,281,166,14,370,0.09953810705865762,0.08957165418484625,0.09740752514513804,0.09865876712893568,0.10449126110942733,0.1035931400515108,0.11254694432213024,0.1,0.11535908238757993,0.10210518621451076,0.12022726565897243,0.13015129819561838,0.11254694432213024,0.09865876712893568,0.10990000344505797,0.11717356858462222,0.10971734353948906,0.1327158999732026,0.10626479815687233,0.11227675551386578,0.10210518621451076,0.1267550864159823,0.1048349052634947,0.13935362475205698,0.16666666666666666,0.0988820324109796,0.14004629629629628,0.15277777777777776,0.21006944444444442,0.22916666666666666,0.36979166666666663,0.18181818181818182,0.34592013888888884,0.25,0.3170934606481481,0.4422563047893089,0.36979166666666663,0.15277777777777776,0.25290557484567894,0.30821899916409456,0.2864583333333333,0.32901272383464425,0.3125,0.24653983410493824,0.25,0.2848337432484568,0.19256365740740738,0.40540161272353314
18,24,0.1093111994896222,0.08957165418484625,0.13935362475205698,0.2564270776540218,0.0988820324109796,0.40540161272353314,0,False,5,0,0,0,0,0,0,0,7,16,17,19,234,395,13,12,36,390,350,57,4,436,253,301,260,66,300,8,281,166,14,0.09865876712893568,0.08957165418484625,0.09582981353248936,0.09865876712893568,0.10753858838607169,0.1035931400515108,0.11254694432213024,0.09953810705865762,0.11535908238757993,0.10210518621451076,0.12022726565897243,0.13935362475205698,0.11254694432213024,0.09865876712893568,0.10753858838607169,0.10990000344505797,0.11717356858462222,0.10971734353948906,0.1327158999732026,0.10626479815687233,0.11227675551386578,0.10210518621451076,0.1267550864159823,0.1048349052634947,0.15277777777777776,0.0988820324109796,0.12837577160493824,0.15277777777777776,0.2758969907407407,0.22916666666666666,0.36979166666666663,0.16666666666666666,0.34592013888888884,0.25,0.3170934606481481,0.40540161272353314,0.36979166666666663,0.15277777777777776,0.2758969907407407,0.25290557484567894,0.30821899916409456,0.2864583333333333,0.32901272383464425,0.3125,0.24653983410493824,0.25,0.2848337432484568,0.19256365740740738
19,24,0.11138527687055011,0.08957165418484625,0.13935362475205698,0.2574213723041829,0.0988820324109796,0.40540161272353314,0,False,5,0,0,0,0,0,0,0,7,16,17,19,234,395,13,12,36,390,350,57,4,436,253,301,260,66,300,478,8,166,14,0.09740752514513804,0.08957165418484625,0.09582981353248936,0.09865876712893568,0.10990000344505797,0.1035931400515108,0.11254694432213024,0.09865876712893568,0.12022726565897243,0.10210518621451076,0.12022726565897243,0.13935362475205698,0.11254694432213024,0.09865876712893568,0.10753858838607169,0.10990000344505797,0.12083556213276217,0.10971734353948906,0.1327158999732026,0.10971734353948906,0.13321228721257353,0.11227675551386578,0.13321228721257353,0.1048349052634947,0.14004629629629628,0.0988820324109796,0.12837577160493824,0.15277777777777776,0.25290557484567894,0.22916666666666666,0.36979166666666663,0.15277777777777776,0.3170934606481481,0.25,0.3170934606481481,0.40540161272353314,0.36979166666666663,0.15277777777777776,0.2758969907407407,0.25290557484567894,0.2825340825670867,0.2864583333333333,0.32901272383464425,0.2864583333333333,0.3444309313110854,0.24653983410493824,0.3444309313110854,0.19256365740740738
20,24,0.11091492108246644,0.08957165418484625,0.13935362475205698,0.2578149503950047,0.0988820324109796,0.40540161272353314,0,False,5,0,0,0,0,0,0,0,7,16,17,19,234,395,13,12,36,390,350,57,4,436,253,301,495,260,66,300,478,8,14,0.09740752514513804,0.08957165418484625,0.09582981353248936,0.09865876712893568,0.10990000344505797,0.1035931400515108,0.11254694432213024,0.09865876712893568,0.12022726565897243,0.10210518621451076,0.12022726565897243,0.13935362475205698,0.11254694432213024,0.09865876712893568,0.10753858838607169,0.11447028598916609,0.12371874189805351,0.11447028598916609,0.10971734353948906,0.1327158999732026,0.10971734353948906,0.13321228721257353,0.11227675551386578,0.1048349052634947,0.14004629629629628,0.0988820324109796,0.12837577160493824,0.15277777777777776,0.25290557484567894,0.22916666666666666,0.36979166666666663,0.15277777777777776,0.3170934606481481,0.25,0.3170934606481481,0.40540161272353314,0.36979166666666663,0.15277777777777776,0.2758969907407407,0.315163443608539,0.2589895756864961,0.315163443608539,0.2864583333333333,0.32901272383464425,0.2864583333333333,0.3444309313110854,0.24653983410493824,0.19256365740740738
21,24,0.11136388450102792,0.08957165418484625,0.13935362475205698,0.25324769551353177,0.0988820324109796,0.40540161272353314,0,False,5,0,0,0,0,0,0,0,7,16,17,19,234,395,13,12,36,390,350,57,4,436,253,301,495,260,66,300,478,8,14,0.09740752514513804,0.08957165418484625,0.09582981353248936,0.09865876712893568,0.10990000344505797,0.10449126110942733,0.11808335442858496,0.09865876712893568,0.124293264061955,0.10210518621451076,0.12022726565897243,0.13935362475205698,0.11254694432213024,0.09740752514513804,0.10753858838607169,0.11447028598916609,0.12371874189805351,0.11447028598916609,0.10971734353948906,0.1327158999732026,0.10971734353948906,0.13321228721257353,0.11380258997578568,0.1048349052634947,0.14004629629629628,0.0988820324109796,0.12837577160493824,0.15277777777777776,0.25290557484567894,0.21006944444444442,0.3389756944444444,0.15277777777777776,0.2906690055941357,0.25,0.3170934606481481,0.40540161272353314,0.36979166666666663,0.14004629629629628,0.2758969907407407,0.315163443608539,0.2589895756864961,0.315163443608539,0.2864583333333333,0.32901272383464425,0.2864583333333333,0.3444309313110854,0.2259948479295267,0.19256365740740738
22,24,0.11412581849067732,0.08957165418484625,0.14235500317737237,0.2617697324269744,0.0988820324109796,0.40540161272353314,0,False,6,0,0,0,0,0,0,0,7,550,16,17,19,234,395,549,13,12,36,390,350,57,4,436,253,301,495,260,66,300,478,0.09740752514513804,0.08957165418484625,0.11764506533899231,0.09582981353248936,0.09865876712893568,0.10990000344505797,0.10449126110942733,0.11808335442858496,0.14235500317737237,0.09740752514513804,0.124293264061955,0.10210518621451076,0.12022726565897243,0.13935362475205698,0.11808335442858496,0.09740752514513804,0.10753858838607169,0.11447028598916609,0.12371874189805351,0.11827763132179275,0.10971734353948906,0.13766307637586814,0.11245878019124139,0.14235500317737237,0.14004629629629628,0.0988820324109796,0.2904952772687328,0.12837577160493824,0.15277777777777776,0.25290557484567894,0.21006944444444442,0.3389756944444444,0.39906168703516154,0.14004629629629628,0.2906690055941357,0.25,0.3170934606481481,0.40540161272353314,0.3389756944444444,0.14004629629629628,0.2758969907407407,0.315163443608539,0.2589895756864961,0.2888998233078274,0.2864583333333333,0.3015949968484239,0.2625868055555555,0.39906168703516154
23,24,0.1146216768647884,0.08957165418484625,0.14767430377976154,0.25797342232970305,0.0988820324109796,0.39906168703516154,0,False,6,0,0,0,0,0,0,0,7,550,16,17,19,234,395,549,13,12,36,390,350,57,4,436,253,301,495,260,66,300,478,0.09740752514513804,0.08957165418484625,0.11764506533899231,0.09582981353248936,0.09865876712893568,0.10990000344505797,0.10449126110942733,0.11808335442858496,0.14235500317737237,0.09740752514513804,0.124293264061955,0.10210518621451076,0.12022726565897243,0.14767430377976154,0.11808335442858496,0.09582981353248936,0.10753858838607169,0.11447028598916609,0.12583811571394668,0.1213158910695099,0.10971734353948906,0.13766307637586814,0.11245878019124139,0.14235500317737237,0.14004629629629628,0.0988820324109796,0.2904952772687328,0.12837577160493824,0.15277777777777776,0.25290557484567894,0.21006944444444442,0.3389756944444444,0.39906168703516154,0.14004629629629628,0.2906690055941357,0.25,0.3170934606481481,0.37161814499657203,0.3389756944444444,0.12837577160493824,0.2758969907407407,0.315163443608539,0.23740711104595474,0.2648248380321751,0.2864583333333333,0.3015949968484239,0.2625868055555555,0.39906168703516154
24,24,0.11656453840597092,0.08957165418484625,0.15447087852393224,0.2609289750053298,0.0988820324109796,0.44913987978223135,0,False,7,0,0,0,0,0,0,0,584,7,550,16,17,19,234,395,549,13,12,36,390,350,57,4,436,253,301,495,260,300,478,0.09740752514513804,0.15447087852393224,0.08957165418484625,0.11764506533899231,0.09582981353248936,0.09865876712893568,0.10990000344505797,0.1048349052634947,0.1228273602306248,0.15447087852393224,0.09740752514513804,0.124293264061955,0.10210518621451076,0.124293264061955,0.14767430377976154,0.1228273602306248,0.09582981353248936,0.10753858838607169,0.11827763132179275,0.12583811571394668,0.1213158910695099,0.10971734353948906,0.11245878019124139,0.14235500317737237,0.14004629629629628,0.44913987978223135,0.0988820324109796,0.2904952772687328,0.12837577160493824,0.15277777777777776,0.25290557484567894,0.19256365740740738,0.3107277199074074,0.44913987978223135,0.14004629629629628,0.2906690055941357,0.25,0.2906690055941357,0.37161814499657203,0.3107277199074074,0.12837577160493824,0.2758969907407407,0.2888998233078274,0.23740711104595474,0.2648248380321751,0.2864583333333333,0.2625868055555555,0.39906168703516154
25,24,0.11827316314782439,0.08711067874782154,0.1550179834999525,0.26761674078904335,0.09064186304339797,0.44913987978223135,0,False,7,0,0,0,0,0,0,0,584,7,550,16,17,19,617,234,395,611,549,13,12,36,390,350,57,4,436,253,301,495,478,0.09740752514513804,0.15447087852393224,0.08711067874782154,0.12072101116155737,0.09582981353248936,0.09865876712893568,0.10990000344505797,0.1127343150108359,0.1048349052634947,0.1228273602306248,0.13083872381574316,0.15447087852393224,0.09582981353248936,0.13083872381574316,0.1035931400515108,0.124293264061955,0.1550179834999525,0.1228273602306248,0.09582981353248936,0.1127343150108359,0.11827763132179275,0.12583811571394668,0.1213158910695099,0.14235500317737237,0.14004629629629628,0.44913987978223135,0.09064186304339797,0.26628733749633837,0.12837577160493824,0.15277777777777776,0.25290557484567894,0.33623890817901225,0.19256365740740738,0.3107277199074074,0.34977992179462436,0.44913987978223135,0.12837577160493824,0.34977992179462436,0.22916666666666666,0.2906690055941357,0.34064996624685767,0.3107277199074074,0.12837577160493824,0.33623890817901225,0.2888998233078274,0.23740711104595474,0.2648248380321751,0.39906168703516154
26,24,0.11890868898745856,0.08711067874782154,0.16571190819826545,0.2642544741497231,0.09064186304339797,0.44913987978223135,0,False,7,0,0,0,0,0,0,0,584,7,550,16,17,19,617,234,395,611,549,13,12,36,390,350,57,4,436,253,301,495,478,0.09740752514513804,0.16571190819826545,0.08711067874782154,0.12304027560195115,0.09582981353248936,0.09865876712893568,0.11159232948155068,0.1127343150108359,0.1048349052634947,0.1228273602306248,0.13083872381574316,0.15447087852393224,0.09582981353248936,0.13083872381574316,0.1035931400515108,0.124293264061955,0.1550179834999525,0.1228273602306248,0.09582981353248936,0.1127343150108359,0.11827763132179275,0.12583811571394668,0.1213158910695099,0.14235500317737237,0.14004629629629628,0.4117115564670454,0.09064186304339797,0.24409672603831017,0.12837577160493824,0.15277777777777776,0.23183011027520567,0.33623890817901225,0.19256365740740738,0.3107277199074074,0.34977992179462436,0.44913987978223135,0.12837577160493824,0.34977992179462436,0.22916666666666666,0.2906690055941357,0.34064996624685767,0.3107277199074074,0.12837577160493824,0.33623890817901225,0.2888998233078274,0.23740711104595474,0.2648248380321751,0.39906168703516154
27,24,0.11838613431107152,0.08711067874782154,0.16571190819826545,0.27223219114705827,0.09064186304339797,0.4117115564670454,0,False,6,0,0,0,0,0,0,655,7,550,16,17,19,0,584,395,611,617,234,12,36,654,13,301,549,666,253,390,57,436,478,0.12019546476507956,0.08711067874782154,0.12304027560195115,0.09582981353248936,0.09865876712893568,0.11554887716634459,0.09740752514513804,0.16571190819826545,0.1267550864159823,0.13083872381574316,0.12019546476507956,0.1048349052634947,0.13083872381574316,0.10449126110942733,0.11554887716634459,0.09582981353248936,0.12583811571394668,0.16571190819826545,0.09639345958059353,0.11827763132179275,0.124293264061955,0.1228273602306248,0.1127343150108359,0.14235500317737237,0.39155233249742794,0.09064186304339797,0.24409672603831017,0.12837577160493824,0.15277777777777776,0.2958442677522719,0.14004629629629628,0.4117115564670454,0.2848337432484568,0.34977992179462436,0.39155233249742794,0.19256365740740738,0.34977992179462436,0.21006944444444442,0.2958442677522719,0.12837577160493824,0.23740711104595474,0.4117115564670454,0.2010111239711934,0.2888998233078274,0.2906690055941357,0.3107277199074074,0.33623890817901225,0.39906168703516154
28,24,0.11982877893007604,0.08711067874782154,0.16571190819826545,0.2768660680505068,0.09064186304339797,0.4117115564670454,0,False,6,0,0,0,0,0,0,655,7,550,16,17,19,0,584,395,611,617,234,12,684,654,13,36,549,666,253,301,390,57,478,0.12019546476507956,0.08711067874782154,0.12304027560195115,0.09396998189034132,0.09865876712893568,0.11554887716634459,0.09740752514513804,0.16571190819826545,0.1267550864159823,0.13083872381574316,0.12019546476507956,0.1048349052634947,0.14002817066241818,0.14002817066241818,0.11554887716634459,0.09582981353248936,0.10449126110942733,0.16571190819826545,0.09639345958059353,0.11827763132179275,0.12583811571394668,0.124293264061955,0.1228273602306248,0.14235500317737237,0.39155233249742794,0.09064186304339797,0.24409672603831017,0.11767779063786005,0.15277777777777776,0.2958442677522719,0.14004629629629628,0.4117115564670454,0.2848337432484568,0.34977992179462436,0.39155233249742794,0.19256365740740738,0.403964928311739,0.403964928311739,0.2958442677522719,0.12837577160493824,0.21006944444444442,0.4117115564670454,0.2010111239711934,0.2888998233078274,0.23740711104595474,0.2906690055941357,0.3107277199074074,0.39906168703516154
29,24,0.120230608053233,0.08452201546780204,0.16571190819826545,0.27259935805225394,0.08308837445644814,0.4117115564670454,0,False,6,0,0,0,0,0,0,655,7,550,16,17,19,0,584,395,611,617,234,12,684,654,13,36,549,666,253,301,390,57,478,0.12687909727133548,0.08452201546780204,0.12304027560195115,0.09396998189034132,0.09865876712893568,0.11874779232316598,0.09582981353248936,0.16571190819826545,0.1267550864159823,0.13083872381574316,0.12019546476507956,0.1048349052634947,0.14002817066241818,0.14002817066241818,0.11554887716634459,0.09582981353248936,0.10449126110942733,0.16571190819826545,0.09639345958059353,0.11827763132179275,0.12583811571394668,0.124293264061955,0.1267550864159823,0.14235500317737237,0.35892297145597557,0.08308837445644814,0.24409672603831017,0.11767779063786005,0.15277777777777776,0.2711905787729159,0.12837577160493824,0.4117115564670454,0.2848337432484568,0.34977992179462436,0.39155233249742794,0.19256365740740738,0.403964928311739,0.403964928311739,0.2958442677522719,0.12837577160493824,0.21006944444444442,0.4117115564670454,0.2010111239711934,0.2888998233078274,0.23740711104595474,0.2906690055941357,0.2848337432484568,0.39906168703516154
30,24,0.12036310783833819,0.08452201546780204,0.16571190819826545,0.2709123967077413,0.08308837445644814,0.4117115564670454,0,False,6,0,0,0,0,0,0,655,7,550,16,17,19,0,584,395,611,617,234,12,684,654,13,36,549,666,253,301,390,57,478,0.12687909727133548,0.08452201546780204,0.12304027560195115,0.09396998189034132,0.09865876712893568,0.11874779232316598,0.09582981353248936,0.16571190819826545,0.1267550864159823,0.13083872381574316,0.12019546476507956,0.1048349052634947,0.14002817066241818,0.14002817066241818,0.11554887716634459,0.09582981353248936,0.10449126110942733,0.16571190819826545,0.09646541245464431,0.11827763132179275,0.12583811571394668,0.124293264061955,0.12986312838445596,0.14235500317737237,0.35892297145597557,0.08308837445644814,0.24409672603831017,0.11767779063786005,0.15277777777777776,0.2711905787729159,0.12837577160493824,0.4117115564670454,0.2848337432484568,0.34977992179462436,0.39155233249742794,0.19256365740740738,0.403964928311739,0.403964928311739,0.2958442677522719,0.12837577160493824,0.21006944444444442,0.4117115564670454,0.18426019697359394,0.2888998233078274,0.23740711104595474,0.2906690055941357,0.26109759797775206,0.39906168703516154
31,24,0.12081566554176261,0.08452201546780204,0.16571190819826545,0.2732904370296341,0.08308837445644814,0.4117115564670454,0,False,6,0,0,0,0,0,0,655,7,550,16,17,19,0,584,395,611,617,234,12,684,654,13,36,549,666,253,301,390,764,478,0.12687909727133548,0.08452201546780204,0.12304027560195115,0.09396998189034132,0.09865876712893568,0.12119547870422002,0.09582981353248936,0.16571190819826545,0.12986312838445596,0.13083872381574316,0.12019546476507956,0.1048349052634947,0.14002817066241818,0.14002817066241818,0.11554887716634459,0.09582981353248936,0.10449126110942733,0.16571190819826545,0.09646541245464431,0.11827763132179275,0.13050345031553065,0.124293264061955,0.13050345031553065,0.14235500317737237,0.35892297145597557,0.08308837445644814,0.24409672603831017,0.11767779063786005,0.15277777777777776,0.24859136387517292,0.12837577160493824,0.4117115564670454,0.26109759797775206,0.34977992179462436,0.39155233249742794,0.19256365740740738,0.403964928311739,0.403964928311739,0.2958442677522719,0.12837577160493824,0.21006944444444442,0.4117115564670454,0.18426019697359394,0.2888998233078274,0.30095651845879184,0.2906690055941357,0.30095651845879184,0.39906168703516154
32,24,0.12104335035896537,0.08183695556986462,0.16571190819826545,0.2696329608527727,0.07616434325174412,0.4117115564670454,0,False,6,0,0,0,0,0,0,655,7,550,16,17,19,0,584,395,611,617,234,12,684,654,13,36,549,666,253,301,390,764,478,0.12687909727133548,0.08183695556986462,0.12304027560195115,0.09187054913701001,0.09740752514513804,0.12119547870422002,0.09582981353248936,0.16571190819826545,0.12986312838445596,0.13083872381574316,0.12019546476507956,0.1048349052634947,0.1483294257535291,0.14002817066241818,0.11874779232316598,0.09582981353248936,0.10449126110942733,0.16571190819826545,0.09646541245464431,0.11827763132179275,0.13050345031553065,0.124293264061955,0.13050345031553065,0.14235500317737237,0.35892297145597557,0.07616434325174412,0.24409672603831017,0.10787130808470503,0.14004629629629628,0.24859136387517292,0.12837577160493824,0.4117115564670454,0.26109759797775206,0.34977992179462436,0.39155233249742794,0.19256365740740738,0.37030118428576075,0.403964928311739,0.2711905787729159,0.12837577160493824,0.21006944444444442,0.4117115564670454,0.18426019697359394,0.2888998233078274,0.30095651845879184,0.2906690055941357,0.30095651845879184,0.39906168703516154
33,24,0.12114111151625397,0.07908367221853821,0.16571190819826545,0.26677280468999776,0.06981731464743211,0.4117115564670454,0,False,6,0,0,0,0,0,0,655,7,550,16,17,19,0,584,395,611,617,234,12,684,654,13,36,549,666,253,301,390,764,478,0.12687909727133548,0.07908367221853821,0.12304027560195115,0.09187054913701001,0.09740752514513804,0.12291312592868867,0.09582981353248936,0.16571190819826545,0.12986312838445596,0.13083872381574316,0.12019546476507956,0.1048349052634947,0.1483294257535291,0.14002817066241818,0.11874779232316598,0.09582981353248936,0.1048349052634947,0.16571190819826545,0.09646541245464431,0.1213158910695099,0.13050345031553065,0.124293264061955,0.13050345031553065,0.14235500317737237,0.35892297145597557,0.06981731464743211,0.24409672603831017,0.10787130808470503,0.14004629629629628,0.22787541688557517,0.12837577160493824,0.4117115564670454,0.26109759797775206,0.34977992179462436,0.39155233249742794,0.19256365740740738,0.37030118428576075,0.403964928311739,0.2711905787729159,0.12837577160493824,0.19256365740740738,0.4117115564670454,0.18426019697359394,0.2648248380321751,0.30095651845879184,0.2906690055941357,0.30095651845879184,0.39906168703516154
34,24,0.1214017353784413,0.07908367221853821,0.16571190819826545,0.26347053740096565,0.06981731464743211,0.4117115564670454,0,False,6,0,0,0,0,0,0,655,7,550,16,17,19,0,584,395,611,617,234,12,684,654,13,36,549,666,253,301,390,764,478,0.1327158999732026,0.07908367221853821,0.12304027560195115,0.09187054913701001,0.09740752514513804,0.12291312592868867,0.09582981353248936,0.16571190819826545,0.12986312838445596,0.13083872381574316,0.12019546476507956,0.10466522051521766,0.1483294257535291,0.14002817066241818,0.12119547870422002,0.09396998189034132,0.1048349052634947,0.16571190819826545,0.09646541245464431,0.1213158910695099,0.13050345031553065,0.124293264061955,0.13050345031553065,0.14235500317737237,0.32901272383464425,0.06981731464743211,0.24409672603831017,0.10787130808470503,0.14004629629629628,0.22787541688557517,0.12837577160493824,0.4117115564670454,0.26109759797775206,0.34977992179462436,0.39155233249742794,0.1765166859567901,0.37030118428576075,0.403964928311739,0.24859136387517292,0.11767779063786005,0.19256365740740738,0.4117115564670454,0.18426019697359394,0.2648248380321751,0.30095651845879184,0.2906690055941357,0.30095651845879184,0.39906168703516154
35,24,0.12168557317354965,0.07628727824933922,0.16571190819826545,0.25972181789061954,0.06399920509347944,0.4117115564670454,0,False,6,0,0,0,0,0,0,655,7,550,16,17,19,0,584,395,611,617,234,12,684,654,13,36,549,666,253,301,390,764,478,0.1327158999732026,0.07628727824933922,0.12304027560195115,0.09187054913701001,0.09740752514513804,0.12291312592868867,0.09396998189034132,0.16571190819826545,0.12986312838445596,0.13083872381574316,0.12019546476507956,0.10402719351425245,0.1483294257535291,0.1483294257535291,0.12119547870422002,0.09396998189034132,0.1048349052634947,0.16571190819826545,0.09646541245464431,0.1213158910695099,0.13050345031553065,0.124293264061955,0.13430855491933202,0.14235500317737237,0.32901272383464425,0.06399920509347944,0.24409672603831017,0.10787130808470503,0.14004629629629628,0.22787541688557517,0.11767779063786005,0.4117115564670454,0.26109759797775206,0.34977992179462436,0.39155233249742794,0.16180696212705759,0.37030118428576075,0.37030118428576075,0.24859136387517292,0.11767779063786005,0.19256365740740738,0.4117115564670454,0.18426019697359394,0.2648248380321751,0.30095651845879184,0.2906690055941357,0.27587680858722585,0.39906168703516154
36,24,0.12161983518968927,0.07628727824933922,0.16571190819826545,0.2592355460284796,0.06399920509347944,0.4117115564670454,0,False,6,0,0,0,0,0,0,655,7,550,16,17,19,0,584,395,611,617,234,12,684,654,13,36,549,666,253,301,390,764,478,0.1327158999732026,0.07628727824933922,0.12304027560195115,0.09187054913701001,0.09582981353248936,0.12291312592868867,0.09396998189034132,0.16571190819826545,0.12986312838445596,0.13083872381574316,0.12019546476507956,0.10402719351425245,0.1483294257535291,0.1483294257535291,0.12119547870422002,0.09396998189034132,0.1048349052634947,0.16571190819826545,0.09646541245464431,0.1213158910695099,0.13050345031553065,0.124293264061955,0.13430855491933202,0.14235500317737237,0.32901272383464425,0.06399920509347944,0.24409672603831017,0.10787130808470503,0.12837577160493824,0.22787541688557517,0.11767779063786005,0.4117115564670454,0.26109759797775206,0.34977992179462436,0.39155233249742794,0.16180696212705759,0.37030118428576075,0.37030118428576075,0.24859136387517292,0.11767779063786005,0.19256365740740738,0.4117115564670454,0.18426019697359394,0.2648248380321751,0.30095651845879184,0.2906690055941357,0.27587680858722585,0.39906168703516154
37,24,0.12150244608323667,0.07346993969447628,0.16571190819826545,0.25901332656634946,0.058665938002356144,0.4117115564670454,0,False,6,0,0,0,0,0,0,655,7,550,16,17,19,0,584,395,611,617,234,12,684,654,13,36,549,666,253,301,390,764,478,0.1327158999732026,0.07346993969447628,0.12304027560195115,0.09187054913701001,0.09582981353248936,0.12291312592868867,0.09396998189034132,0.16571190819826545,0.12986312838445596,0.13083872381574316,0.12019546476507956,0.10402719351425245,0.1483294257535291,0.1483294257535291,0.12119547870422002,0.09396998189034132,0.1048349052634947,0.16571190819826545,0.09646541245464431,0.1213158910695099,0.13050345031553065,0.124293264061955,0.13430855491933202,0.14235500317737237,0.32901272383464425,0.058665938002356144,0.24409672603831017,0.10787130808470503,0.12837577160493824,0.22787541688557517,0.11767779063786005,0.4117115564670454,0.26109759797775206,0.34977992179462436,0.39155233249742794,0.16180696212705759,0.37030118428576075,0.37030118428576075,0.24859136387517292,0.11767779063786005,0.19256365740740738,0.4117115564670454,0.18426019697359394,0.2648248380321751,0.30095651845879184,0.2906690055941357,0.27587680858722585,0.39906168703516154
38,24,0.12201438156721511,0.07346993969447628,0.17591705218812187,0.2581739909861897,0.058665938002356144,0.39906168703516154,0,False,6,0,0,0,0,0,0,655,7,550,16,17,19,914,0,584,395,611,617,234,12,684,654,13,36,549,666,253,301,923,478,0.13766307637586814,0.07346993969447628,0.12784119606660438,0.09187054913701001,0.09582981353248936,0.12291312592868867,0.12784119606660438,0.09396998189034132,0.17591705218812187,0.12986312838445596,0.13650765019262984,0.12019546476507956,0.10562347841024984,0.1483294257535291,0.1483294257535291,0.12119547870422002,0.09396998189034132,0.1048349052634947,0.17591705218812187,0.09646541245464431,0.1213158910695099,0.13050345031553065,0.10562347841024984,0.14235500317737237,0.3015949968484239,0.058665938002356144,0.30708866553511766,0.10787130808470503,0.12837577160493824,0.22787541688557517,0.30708866553511766,0.11767779063786005,0.3774022600947916,0.26109759797775206,0.32063159497840565,0.39155233249742794,0.2316563819498028,0.37030118428576075,0.37030118428576075,0.24859136387517292,0.11767779063786005,0.19256365740740738,0.3774022600947916,0.18426019697359394,0.2648248380321751,0.30095651845879184,0.2316563819498028,0.39906168703516154
39,24,0.1239842713793982,0.07346993969447628,0.18496462886670706,0.2622260171440423,0.058665938002356144,0.3774022600947916,0,False,4,0,0,0,0,0,0,655,938,17,19,914,0,584,7,550,16,611,617,234,395,654,13,12,684,549,936,36,923,666,301,0.14535676319711754,0.13519382720954642,0.09582981353248936,0.12291312592868867,0.12784119606660438,0.09396998189034132,0.17591705218812187,0.07346993969447628,0.13519382720954642,0.09187054913701001,0.13650765019262984,0.12687909727133548,0.10562347841024984,0.12986312838445596,0.12119547870422002,0.09396998189034132,0.1483294257535291,0.1483294257535291,0.18496462886670706,0.14535676319711754,0.1048349052634947,0.10562347841024984,0.09608554463822412,0.13050345031553065,0.35979541377772195,0.3648312767405245,0.12837577160493824,0.22787541688557517,0.30708866553511766,0.11767779063786005,0.3774022600947916,0.058665938002356144,0.3648312767405245,0.10787130808470503,0.32063159497840565,0.35892297145597557,0.2316563819498028,0.26109759797775206,0.24859136387517292,0.11767779063786005,0.37030118428576075,0.37030118428576075,0.34595207175355897,0.35979541377772195,0.19256365740740738,0.2316563819498028,0.1689051805591278,0.30095651845879184
40,24,0.1253938232032977,0.07065102929317323,0.18496462886670706,0.2661898287674012,0.05377710983549313,0.3774022600947916,0,False,4,0,0,0,0,0,0,655,938,17,19,914,0,584,7,550,16,981,611,617,234,395,654,13,12,684,549,936,36,923,301,0.15208075019097114,0.1416473458100402,0.09582981353248936,0.12291312592868867,0.12784119606660438,0.09396998189034132,0.17591705218812187,0.07065102929317323,0.1416473458100402,0.09187054913701001,0.10936307651426164,0.13650765019262984,0.12687909727133548,0.10562347841024984,0.12986312838445596,0.12119547870422002,0.09396998189034132,0.1483294257535291,0.1483294257535291,0.18496462886670706,0.14535676319711754,0.1048349052634947,0.10936307651426164,0.13050345031553065,0.3298124626295784,0.3344286703454808,0.12837577160493824,0.22787541688557517,0.30708866553511766,0.11767779063786005,0.3774022600947916,0.05377710983549313,0.3344286703454808,0.10787130808470503,0.29568501678731923,0.32063159497840565,0.35892297145597557,0.2316563819498028,0.26109759797775206,0.24859136387517292,0.11767779063786005,0.37030118428576075,0.37030118428576075,0.34595207175355897,0.35979541377772195,0.19256365740740738,0.29568501678731923,0.30095651845879184
41,24,0.1253480710944251,0.0678473068297614,0.18496462886670706,0.26454951134055354,0.0492956840158687,0.3774022600947916,0,False,4,0,0,0,0,0,0,655,938,17,19,914,0,584,7,550,16,981,611,617,234,395,654,13,12,684,549,936,36,923,301,0.15208075019097114,0.1416473458100402,0.09582981353248936,0.12291312592868867,0.12784119606660438,0.09396998189034132,0.17591705218812187,0.0678473068297614,0.1416473458100402,0.09187054913701001,0.10936307651426164,0.13650765019262984,0.12687909727133548,0.10562347841024984,0.12986312838445596,0.12119547870422002,0.09187054913701001,0.1483294257535291,0.1483294257535291,0.18496462886670706,0.14535676319711754,0.1048349052634947,0.10936307651426164,0.13430855491933202,0.3298124626295784,0.3344286703454808,0.12837577160493824,0.22787541688557517,0.30708866553511766,0.11767779063786005,0.3774022600947916,0.0492956840158687,0.3344286703454808,0.10787130808470503,0.29568501678731923,0.32063159497840565,0.35892297145597557,0.2316563819498028,0.26109759797775206,0.24859136387517292,0.10787130808470503,0.37030118428576075,0.37030118428576075,0.34595207175355897,0.35979541377772195,0.19256365740740738,0.29568501678731923,0.27587680858722585
42,24,0.12472775916140973,0.06507311558502822,0.18496462886670706,0.2692904016143758,0.04518771034787964,0.3774022600947916,0,False,4,0,0,0,0,0,0,655,938,17,19,914,0,584,7,550,16,981,611,617,234,395,654,13,1018,12,684,549,936,36,923,0.15208075019097114,0.1416473458100402,0.09582981353248936,0.12291312592868867,0.12784119606660438,0.09396998189034132,0.17591705218812187,0.06507311558502822,0.1416473458100402,0.09187054913701001,0.11528414585084258,0.13650765019262984,0.12687909727133548,0.10661352299452247,0.12986312838445596,0.12119547870422002,0.09187054913701001,0.11528414585084258,0.1483294257535291,0.1483294257535291,0.18496462886670706,0.14535676319711754,0.1048349052634947,0.10936307651426164,0.3298124626295784,0.3344286703454808,0.12837577160493824,0.22787541688557517,0.30708866553511766,0.11767779063786005,0.3774022600947916,0.04518771034787964,0.3344286703454808,0.10787130808470503,0.35437793205504264,0.32063159497840565,0.35892297145597557,0.2123516834539859,0.26109759797775206,0.24859136387517292,0.10787130808470503,0.35437793205504264,0.37030118428576075,0.37030118428576075,0.34595207175355897,0.35979541377772195,0.19256365740740738,0.29568501678731923
43,24,0.12467450471523023,0.06507311558502822,0.18496462886670706,0.26812461437489565,0.04518771034787964,0.3774022600947916,0,False,4,0,0,0,0,0,0,655,938,17,19,914,0,584,7,550,16,981,611,617,234,395,654,13,1018,12,684,549,936,36,923,0.15208075019097114,0.1416473458100402,0.09582981353248936,0.12393391417254451,0.12784119606660438,0.09396998189034132,0.17591705218812187,0.06507311558502822,0.1416473458100402,0.09187054913701001,0.11528414585084258,0.13650765019262984,0.12687909727133548,0.10661352299452247,0.12986312838445596,0.12119547870422002,0.08957165418484625,0.11528414585084258,0.1483294257535291,0.1483294257535291,0.18496462886670706,0.14535676319711754,0.1048349052634947,0.10936307651426164,0.3298124626295784,0.3344286703454808,0.12837577160493824,0.20888579881177724,0.30708866553511766,0.11767779063786005,0.3774022600947916,0.04518771034787964,0.3344286703454808,0.10787130808470503,0.35437793205504264,0.32063159497840565,0.35892297145597557,0.2123516834539859,0.26109759797775206,0.24859136387517292,0.0988820324109796,0.35437793205504264,0.37030118428576075,0.37030118428576075,0.34595207175355897,0.35979541377772195,0.19256365740740738,0.29568501678731923
44,24,0.12998850683426424,0.06507311558502822,0.19774347928800204,0.27445494063274284,0.04518771034787964,0.40045606577409576,0,False,4,0,0,0,0,0,0,655,938,17,19,914,0,584,7,550,16,981,611,617,234,395,654,13,1018,12,684,549,936,1076,923,0.15208075019097114,0.1471505078916508,0.09582981353248936,0.12393391417254451,0.12784119606660438,0.09396998189034132,0.17591705218812187,0.06507311558502822,0.1416473458100402,0.09187054913701001,0.11528414585084258,0.13650765019262984,0.12687909727133548,0.10661352299452247,0.13216577221915132,0.12119547870422002,0.08957165418484625,0.11528414585084258,0.1483294257535291,0.15564825925438322,0.19774347928800204,0.15208075019097114,0.19774347928800204,0.10936307651426164,0.3298124626295784,0.3065596144833574,0.12837577160493824,0.20888579881177724,0.30708866553511766,0.11767779063786005,0.3774022600947916,0.04518771034787964,0.3344286703454808,0.10787130808470503,0.35437793205504264,0.32063159497840565,0.35892297145597557,0.2123516834539859,0.23933946481293938,0.24859136387517292,0.0988820324109796,0.35437793205504264,0.37030118428576075,0.33944275226194737,0.40045606577409576,0.3298124626295784,0.40045606577409576,0.29568501678731923
45,24,0.1275989373774792,0.06394834468856618,0.19774347928800204,0.27002113898384583,0.0988820324109796,0.40045606577409576,0,False,4,0,0,0,0,0,0,655,938,17,19,914,0,584,7,550,16,981,611,1095,617,234,395,1087,654,13,1018,12,684,549,1076,0.15208075019097114,0.1471505078916508,0.09582981353248936,0.12393391417254451,0.12784119606660438,0.09396998189034132,0.17591705218812187,0.06394834468856618,0.1416473458100402,0.09187054913701001,0.1204341333823921,0.13650765019262984,0.12608304479570456,0.12687909727133548,0.10661352299452247,0.13216577221915132,0.06394834468856618,0.12608304479570456,0.08957165418484625,0.1204341333823921,0.1483294257535291,0.15564825925438322,0.19774347928800204,0.19774347928800204,0.3298124626295784,0.3065596144833574,0.12837577160493824,0.20888579881177724,0.30708866553511766,0.11767779063786005,0.3774022600947916,0.12475540115222301,0.3344286703454808,0.10787130808470503,0.3248464377171224,0.32063159497840565,0.3112087502189085,0.35892297145597557,0.2123516834539859,0.23933946481293938,0.12475540115222301,0.3112087502189085,0.0988820324109796,0.3248464377171224,0.37030118428576075,0.33944275226194737,0.40045606577409576,0.40045606577409576
46,24,0.12772556318407804,0.06264370211692195,0.19774347928800204,0.2684600214877717,0.0988820324109796,0.40045606577409576,0,False,4,0,0,0,0,0,0,655,938,17,19,914,0,584,7,550,16,981,611,1095,617,234,395,1087,654,13,1018,12,684,549,1076,0.15208075019097114,0.1471505078916508,0.09582981353248936,0.12393391417254451,0.12784119606660438,0.09396998189034132,0.17591705218812187,0.06264370211692195,0.1416473458100402,0.09187054913701001,0.12477779531240872,0.13650765019262984,0.12608304479570456,0.12687909727133548,0.10661352299452247,0.13216577221915132,0.06394834468856618,0.12608304479570456,0.08957165418484625,0.1204341333823921,0.1483294257535291,0.15564825925438322,0.19774347928800204,0.19774347928800204,0.3298124626295784,0.3065596144833574,0.12837577160493824,0.20888579881177724,0.30708866553511766,0.11767779063786005,0.3774022600947916,0.11435911772287109,0.3344286703454808,0.10787130808470503,0.29777590124069553,0.32063159497840565,0.3112087502189085,0.35892297145597557,0.2123516834539859,0.23933946481293938,0.12475540115222301,0.3112087502189085,0.0988820324109796,0.3248464377171224,0.37030118428576075,0.33944275226194737,0.40045606577409576,0.40045606577409576
47,24,0.12834763780729988,0.06118724407420196,0.19774347928800204,0.2629141959476933,0.0988820324109796,0.40045606577409576,0,False,4,0,0,0,0,0,0,655,938,17,19,914,0,584,7,550,16,981,611,1095,617,234,395,1087,654,13,1018,12,684,549,1076,0.15208075019097114,0.1471505078916508,0.09582981353248936,0.12393391417254451,0.12784119606660438,0.09187054913701001,0.18496462886670706,0.06118724407420196,0.1416473458100402,0.09187054913701001,0.12477779531240872,0.13650765019262984,0.13013241196527026,0.12687909727133548,0.10703254413908629,0.13216577221915132,0.06264370211692195,0.12608304479570456,0.08957165418484625,0.1204341333823921,0.1483294257535291,0.16192261858668805,0.19774347928800204,0.19774347928800204,0.3298124626295784,0.3065596144833574,0.12837577160493824,0.20888579881177724,0.30708866553511766,0.10787130808470503,0.34595207175355897,0.10482919124596517,0.3344286703454808,0.10787130808470503,0.29777590124069553,0.32063159497840565,0.2852746877006661,0.35892297145597557,0.19465570983282038,0.23933946481293938,0.11435911772287109,0.3112087502189085,0.0988820324109796,0.3248464377171224,0.37030118428576075,0.31115585624011843,0.40045606577409576,0.40045606577409576
48,24,0.12889027739818934,0.06118724407420196,0.19774347928800204,0.25917453047809463,0.0988820324109796,0.40045606577409576,0,False,4,0,0,0,0,0,0,655,938,17,19,914,0,584,7,550,16,981,611,1095,617,234,395,1087,654,13,1018,12,684,549,1076,0.15208075019097114,0.1471505078916508,0.09582981353248936,0.12393391417254451,0.13179484946222103,0.09187054913701001,0.18496462886670706,0.06118724407420196,0.1416473458100402,0.09187054913701001,0.12477779531240872,0.13650765019262984,0.13333973329286594,0.12687909727133548,0.10703254413908629,0.13216577221915132,0.06118724407420196,0.12608304479570456,0.08957165418484625,0.1204341333823921,0.15564825925438322,0.16192261858668805,0.19774347928800204,0.19774347928800204,0.3298124626295784,0.3065596144833574,0.12837577160493824,0.20888579881177724,0.2814979434071912,0.10787130808470503,0.34595207175355897,0.10482919124596517,0.3344286703454808,0.10787130808470503,0.29777590124069553,0.32063159497840565,0.26150179705894394,0.35892297145597557,0.19465570983282038,0.23933946481293938,0.10482919124596517,0.3112087502189085,0.0988820324109796,0.3248464377171224,0.33944275226194737,0.31115585624011843,0.40045606577409576,0.40045606577409576
49,24,0.1250514290078175,0.06118724407420196,0.19774347928800204,0.25180418456642567,0.0988820324109796,0.40045606577409576,0,False,5,0,0,0,0,0,0,655,1178,938,17,19,914,0,584,7,550,16,981,611,1095,617,234,395,1087,654,13,1018,12,684,549,0.15208075019097114,0.09639345958059353,0.1471505078916508,0.09639345958059353,0.12393391417254451,0.13179484946222103,0.09187054913701001,0.18496462886670706,0.06118724407420196,0.1416473458100402,0.09187054913701001,0.12477779531240872,0.13650765019262984,0.13571938625094104,0.12687909727133548,0.10703254413908629,0.13216577221915132,0.06118724407420196,0.12608304479570456,0.08957165418484625,0.1204341333823921,0.16192261858668805,0.16192261858668805,0.19774347928800204,0.3298124626295784,0.2010111239711934,0.3065596144833574,0.2010111239711934,0.20888579881177724,0.2814979434071912,0.10787130808470503,0.34595207175355897,0.10482919124596517,0.3344286703454808,0.10787130808470503,0.29777590124069553,0.32063159497840565,0.23970998063736526,0.35892297145597557,0.19465570983282038,0.23933946481293938,0.10482919124596517,0.3112087502189085,0.0988820324109796,0.3248464377171224,0.31115585624011843,0.31115585624011843,0.40045606577409576
50,24,0.12526329898077054,0.05960533372119575,0.19774347928800204,0.24750328600912697,0.09064186304339797,0.40045606577409576,0,False,5,0,0,0,0,0,0,655,1178,938,17,19,914,0,584,7,550,16,981,611,1095,617,234,395,1087,654,13,1018,12,684,549,0.15208075019097114,0.09639345958059353,0.15167884865296513,0.09639345958059353,0.12430028392488245,0.13179484946222103,0.09187054913701001,0.18496462886670706,0.05960533372119575,0.1416473458100402,0.09187054913701001,0.12477779531240872,0.13650765019262984,0.13571938625094104,0.12687909727133548,0.10692193683632176,0.13216577221915132,0.06118724407420196,0.12608304479570456,0.08711067874782154,0.12477779531240872,0.16192261858668805,0.16192261858668805,0.19774347928800204,0.3298124626295784,0.2010111239711934,0.2810129799430776,0.2010111239711934,0.1914786489107958,0.2814979434071912,0.10787130808470503,0.34595207175355897,0.0960934253088014,0.3344286703454808,0.10787130808470503,0.29777590124069553,0.32063159497840565,0.23970998063736526,0.35892297145597557,0.17843440068008534,0.23933946481293938,0.10482919124596517,0.3112087502189085,0.09064186304339797,0.29777590124069553,0.31115585624011843,0.31115585624011843,0.40045606577409576
51,24,0.12586793878085964,0.05960533372119575,0.19774347928800204,0.24152203040736583,0.09064186304339797,0.40045606577409576,0,False,5,0,0,0,0,0,0,655,1178,938,17,19,914,0,584,7,550,16,981,611,1095,617,234,395,1087,654,13,1018,12,684,549,0.15208075019097114,0.09639345958059353,0.15523180973724418,0.09646541245464431,0.12430028392488245,0.13179484946222103,0.09187054913701001,0.18496462886670706,0.05960533372119575,0.1416473458100402,0.09187054913701001,0.12830160567711155,0.13650765019262984,0.13730089785600422,0.1327158999732026,0.10692193683632176,0.13369199914433266,0.05960533372119575,0.12608304479570456,0.08711067874782154,0.12477779531240872,0.16192261858668805,0.16192261858668805,0.19774347928800204,0.3298124626295784,0.2010111239711934,0.2575952316144878,0.18426019697359394,0.1914786489107958,0.2814979434071912,0.10787130808470503,0.34595207175355897,0.0960934253088014,0.3344286703454808,0.10787130808470503,0.2729612428039709,0.32063159497840565,0.2197341489175848,0.32901272383464425,0.17843440068008534,0.2193945094118611,0.0960934253088014,0.3112087502189085,0.09064186304339797,0.29777590124069553,0.31115585624011843,0.31115585624011843,0.40045606577409576
52,24,0.12006438199248698,0.057922421976962596,0.18496462886670706,0.23138580629407476,0.08308837445644814,0.34595207175355897,0,False,5,0,0,0,0,0,0,655,1178,938,17,19,914,0,584,7,550,16,981,611,1256,1095,617,234,395,1087,654,13,1018,12,684,0.15208075019097114,0.09646541245464431,0.15523180973724418,0.09608554463822412,0.12406138436889952,0.13179484946222103,0.09187054913701001,0.18496462886670706,0.059416236220646845,0.1416473458100402,0.09187054913701001,0.12830160567711155,0.13650765019262984,0.059416236220646845,0.13730089785600422,0.1327158999732026,0.10692193683632176,0.13369199914433266,0.057922421976962596,0.13013241196527026,0.08452201546780204,0.12477779531240872,0.16192261858668805,0.16192261858668805,0.3298124626295784,0.18426019697359394,0.2575952316144878,0.1689051805591278,0.17552209483489614,0.2814979434071912,0.10787130808470503,0.34595207175355897,0.17141897319973462,0.3344286703454808,0.10787130808470503,0.2729612428039709,0.32063159497840565,0.17141897319973462,0.2197341489175848,0.32901272383464425,0.17843440068008534,0.2193945094118611,0.08808563986640128,0.2852746877006661,0.08308837445644814,0.29777590124069553,0.31115585624011843,0.31115585624011843
53,24,0.12036446570016675,0.057922421976962596,0.18496462886670706,0.22741554722301907,0.08308837445644814,0.34595207175355897,0,False,5,0,0,0,0,0,0,655,1178,938,17,19,914,0,584,7,550,16,981,611,1256,1095,617,234,395,1087,654,13,1018,12,684,0.1577851193408937,0.09646541245464431,0.15523180973724418,0.09529643664464058,0.12327077534968199,0.13179484946222103,0.09187054913701001,0.18496462886670706,0.059416236220646845,0.1416473458100402,0.09187054913701001,0.12830160567711155,0.13650765019262984,0.05896978270313682,0.13730089785600422,0.1327158999732026,0.10692193683632176,0.13369199914433266,0.057922421976962596,0.13013241196527026,0.08452201546780204,0.12830160567711155,0.16192261858668805,0.16192261858668805,0.3023280907437802,0.18426019697359394,0.2575952316144878,0.15482974884586714,0.16089525359865478,0.2814979434071912,0.10787130808470503,0.34595207175355897,0.17141897319973462,0.3344286703454808,0.10787130808470503,0.2729612428039709,0.32063159497840565,0.1571340587664234,0.2197341489175848,0.32901272383464425,0.17843440068008534,0.2193945094118611,0.08808563986640128,0.2852746877006661,0.08308837445644814,0.2729612428039709,0.31115585624011843,0.31115585624011843
54,24,0.1204854024893483,0.056160920080806705,0.18496462886670706,0.22425115807240384,0.07616434325174412,0.34595207175355897,0,False,5,0,0,0,0,0,0,655,1178,938,17,19,914,0,584,7,550,16,981,611,1256,1095,617,234,395,1087,654,13,1018,12,684,0.1577851193408937,0.09646541245464431,0.1578293691059754,0.09529643664464058,0.12327077534968199,0.13179484946222103,0.09187054913701001,0.18496462886670706,0.05896978270313682,0.1416473458100402,0.09187054913701001,0.12830160567711155,0.13650765019262984,0.05896978270313682,0.13730089785600422,0.1327158999732026,0.10692193683632176,0.13369199914433266,0.056160920080806705,0.13013241196527026,0.08183695556986462,0.12830160567711155,0.16712055746991758,0.16192261858668805,0.3023280907437802,0.18426019697359394,0.23612896231328045,0.15482974884586714,0.16089525359865478,0.2814979434071912,0.10787130808470503,0.34595207175355897,0.1571340587664234,0.3344286703454808,0.10787130808470503,0.2729612428039709,0.32063159497840565,0.1571340587664234,0.2197341489175848,0.32901272383464425,0.17843440068008534,0.2193945094118611,0.0807451698775345,0.2852746877006661,0.07616434325174412,0.2729612428039709,0.28522620155344186,0.31115585624011843
55,24,0.12087743006503714,0.056160920080806705,0.18496462886670706,0.2200923385322002,0.07616434325174412,0.34595207175355897,0,False,5,0,0,0,0,0,0,655,1178,938,17,19,914,0,584,7,550,16,981,611,1256,1095,617,234,395,1087,654,13,1018,12,684,0.1577851193408937,0.09646541245464431,0.1578293691059754,0.09529643664464058,0.12327077534968199,0.13490036596782137,0.09187054913701001,0.18496462886670706,0.05829298064359155,0.1416473458100402,0.09187054913701001,0.12830160567711155,0.13650765019262984,0.05829298064359155,0.13730089785600422,0.13766307637586814,0.10692193683632176,0.13369199914433266,0.056160920080806705,0.13013241196527026,0.08183695556986462,0.13101117870446802,0.16712055746991758,0.16192261858668805,0.3023280907437802,0.18426019697359394,0.23612896231328045,0.15482974884586714,0.16089525359865478,0.2580397814565919,0.10787130808470503,0.34595207175355897,0.14403955386922143,0.3344286703454808,0.10787130808470503,0.2729612428039709,0.32063159497840565,0.14403955386922143,0.2197341489175848,0.3015949968484239,0.17843440068008534,0.2193945094118611,0.0807451698775345,0.2852746877006661,0.07616434325174412,0.25021447257030666,0.28522620155344186,0.31115585624011843
56,24,0.12078164277536363,0.056160920080806705,0.18496462886670706,0.2197177853791283,0.07616434325174412,0.34595207175355897,0,False,5,0,0,0,0,0,0,655,1178,938,17,19,914,0,584,7,550,16,981,611,1256,1095,617,234,395,1087,654,13,1018,12,684,0.1577851193408937,0.09646541245464431,0.1578293691059754,0.09529643664464058,0.12327077534968199,0.13490036596782137,0.08957165418484625,0.18496462886670706,0.05829298064359155,0.1416473458100402,0.09187054913701001,0.12830160567711155,0.13650765019262984,0.05829298064359155,0.13730089785600422,0.13766307637586814,0.10692193683632176,0.13369199914433266,0.056160920080806705,0.13013241196527026,0.08183695556986462,0.13101117870446802,0.16712055746991758,0.16192261858668805,0.3023280907437802,0.18426019697359394,0.23612896231328045,0.15482974884586714,0.16089525359865478,0.2580397814565919,0.0988820324109796,0.34595207175355897,0.14403955386922143,0.3344286703454808,0.10787130808470503,0.2729612428039709,0.32063159497840565,0.14403955386922143,0.2197341489175848,0.3015949968484239,0.17843440068008534,0.2193945094118611,0.0807451698775345,0.2852746877006661,0.07616434325174412,0.25021447257030666,0.28522620155344186,0.31115585624011843
57,24,0.12335292076487862,0.056160920080806705,0.19277190847259165,0.23125810932906757,0.0807451698775345,0.3604674165151318,0,False,5,0,0,0,0,0,0,655,1178,938,17,19,914,0,584,7,550,16,981,611,1256,1095,617,234,395,1087,1378,654,1368,12,684,0.1666375958045907,0.09646541245464431,0.1578293691059754,0.09529643664464058,0.12327077534968199,0.13490036596782137,0.08711067874782154,0.19277190847259165,0.05829298064359155,0.1416473458100402,0.09188169938469821,0.13101117870446802,0.13650765019262984,0.0574129875693932,0.13730089785600422,0.13766307637586814,0.10692193683632176,0.13369199914433266,0.056160920080806705,0.09188169938469821,0.13013241196527026,0.1666375958045907,0.16712055746991758,0.16192261858668805,0.3604674165151318,0.18426019697359394,0.23612896231328045,0.15482974884586714,0.16089525359865478,0.2580397814565919,0.09064186304339797,0.3171227324407624,0.14403955386922143,0.3344286703454808,0.18221536574431296,0.25021447257030666,0.32063159497840565,0.13203625771345298,0.2197341489175848,0.3015949968484239,0.17843440068008534,0.2193945094118611,0.0807451698775345,0.18221536574431296,0.2852746877006661,0.3604674165151318,0.28522620155344186,0.31115585624011843
58,24,0.12322407056659457,0.056160920080806705,0.19277190847259165,0.2290487645649398,0.0807451698775345,0.3604674165151318,0,False,5,0,0,0,0,0,0,655,1178,938,17,19,914,0,584,7,550,16,981,611,1256,1095,617,234,395,1087,1378,654,1368,12,684,0.1666375958045907,0.09646541245464431,0.1578293691059754,0.09529643664464058,0.12327077534968199,0.13490036596782137,0.08452201546780204,0.19277190847259165,0.0574129875693932,0.1416473458100402,0.09188169938469821,0.13101117870446802,0.13650765019262984,0.0574129875693932,0.13730089785600422,0.13766307637586814,0.10692193683632176,0.1344824707902149,0.056160920080806705,0.0914674793342169,0.13013241196527026,0.1666375958045907,0.16712055746991758,0.16192261858668805,0.3604674165151318,0.18426019697359394,0.23612896231328045,0.15482974884586714,0.16089525359865478,0.2580397814565919,0.08308837445644814,0.3171227324407624,0.13203625771345298,0.3344286703454808,0.18221536574431296,0.25021447257030666,0.32063159497840565,0.13203625771345298,0.2197341489175848,0.3015949968484239,0.17843440068008534,0.2011116336275393,0.0807451698775345,0.16703075193228686,0.2852746877006661,0.3604674165151318,0.28522620155344186,0.31115585624011843
59,24,0.1187275962158801,0.05574260044941036,0.19277190847259165,0.22384480941526996,0.08308837445644814,0.3604674165151318,0,False,5,0,0,0,0,0,0,655,1178,938,17,19,914,0,584,7,550,16,981,611,1256,1095,617,234,395,1087,1378,654,1434,684,1368,0.1666375958045907,0.09646541245464431,0.1578293691059754,0.09529643664464058,0.12198442523228889,0.13490036596782137,0.08452201546780204,0.19277190847259165,0.0574129875693932,0.1416473458100402,0.0914674793342169,0.13101117870446802,0.14126416350068696,0.0574129875693932,0.13812584695057772,0.13766307637586814,0.10692193683632176,0.1344824707902149,0.05574260044941036,0.0914674793342169,0.13013241196527026,0.05574260044941036,0.16192261858668805,0.1666375958045907,0.3604674165151318,0.18426019697359394,0.23612896231328045,0.15482974884586714,0.14748731579876687,0.2580397814565919,0.08308837445644814,0.3171227324407624,0.13203625771345298,0.3344286703454808,0.16703075193228686,0.25021447257030666,0.29391229539687186,0.13203625771345298,0.2014229698411194,0.3015949968484239,0.17843440068008534,0.2011116336275393,0.15734973905440663,0.16703075193228686,0.2852746877006661,0.15734973905440663,0.31115585624011843,0.3604674165151318
60,24,0.11798287139371932,0.05574260044941036,0.19929294772344147,0.22091167267163167,0.07616434325174412,0.3604674165151318,0,False,5,0,0,0,0,0,0,655,1178,938,17,19,914,0,584,7,550,16,981,611,1256,1095,617,234,1460,395,1087,1378,654,1434,684,0.1666375958045907,0.09646541245464431,0.15950845413265963,0.09529643664464058,0.12198442523228889,0.13717478998138552,0.08183695556986462,0.19929294772344147,0.05635648759418538,0.1416473458100402,0.09066868267704864,0.13101117870446802,0.14126416350068696,0.0574129875693932,0.13812584695057772,0.13766307637586814,0.10632725019290691,0.13677855346031617,0.1344824707902149,0.05574260044941036,0.0914674793342169,0.13677855346031617,0.05574260044941036,0.16192261858668805,0.3604674165151318,0.18426019697359394,0.21645154878717374,0.15482974884586714,0.14748731579876687,0.23653646633520922,0.07616434325174412,0.2906958380706988,0.12103323623733189,0.3344286703454808,0.1531115226045963,0.25021447257030666,0.29391229539687186,0.13203625771345298,0.2014229698411194,0.3015949968484239,0.16356486729007821,0.3448351303922773,0.2011116336275393,0.15734973905440663,0.16703075193228686,0.3448351303922773,0.15734973905440663,0.31115585624011843
61,24,0.11367340140138034,0.05574260044941036,0.19929294772344147,0.215060539663795,0.07616434325174412,0.3604674165151318,0,False,5,0,0,0,0,0,0,655,1178,938,1472,19,914,0,584,7,550,16,17,1256,1095,617,234,1460,395,981,611,1378,654,1434,1087,0.1666375958045907,0.09646541245464431,0.15950845413265963,0.05657149772021119,0.12198442523228889,0.13717478998138552,0.08183695556986462,0.19929294772344147,0.05657149772021119,0.1416473458100402,0.09066868267704864,0.09414192925621309,0.05635648759418538,0.13812584695057772,0.13766307637586814,0.10529641325919457,0.13677855346031617,0.1344824707902149,0.13292835753686144,0.14509645654712486,0.09066868267704864,0.13677855346031617,0.05574260044941036,0.05574260044941036,0.3604674165151318,0.18426019697359394,0.21645154878717374,0.19428046655088757,0.14748731579876687,0.23653646633520922,0.07616434325174412,0.2906958380706988,0.19428046655088757,0.3344286703454808,0.1531115226045963,0.1419272697753782,0.12103323623733189,0.2014229698411194,0.3015949968484239,0.14993446168257168,0.3448351303922773,0.2011116336275393,0.22936326652278108,0.26941960411379917,0.1531115226045963,0.3448351303922773,0.15734973905440663,0.15734973905440663
62,24,0.1155940357260703,0.055149204514576666,0.2045151460894039,0.21105549660700876,0.11094713321755423,0.3604674165151318,0,False,5,0,0,0,0,0,0,655,1178,938,1472,19,914,0,584,7,550,16,17,1256,1095,617,234,1460,395,1494,611,1378,654,981,1087,0.1666375958045907,0.09646541245464431,0.15950845413265963,0.05657149772021119,0.12198442523228889,0.138649963451608,0.08112323327228513,0.2045151460894039,0.05657149772021119,0.1471505078916508,0.09066868267704864,0.09414192925621309,0.055149204514576666,0.1382448972721009,0.13766307637586814,0.10529641325919457,0.1425073290164324,0.1344824707902149,0.08112323327228513,0.14509645654712486,0.08952714367236979,0.1425073290164324,0.13292835753686144,0.05574260044941036,0.3604674165151318,0.18426019697359394,0.21645154878717374,0.19428046655088757,0.14748731579876687,0.21682509414060844,0.15315064798076544,0.2664711848981406,0.19428046655088757,0.3065596144833574,0.1531115226045963,0.1419272697753782,0.11094713321755423,0.18463772235435943,0.3015949968484239,0.14993446168257168,0.3160988695262542,0.2011116336275393,0.15315064798076544,0.26941960411379917,0.14035222905421327,0.3160988695262542,0.22936326652278108,0.15734973905440663
63,24,0.11598637358578852,0.05510616596926513,0.2045151460894039,0.2201834454793036,0.1351967061488696,0.4137617984722042,0,False,5,0,0,0,0,0,0,655,1178,1512,1472,19,1524,938,17,914,0,584,7,550,16,1494,611,1256,1095,617,234,1460,395,981,1087,0.1788760360712303,0.09646541245464431,0.1788760360712303,0.05657149772021119,0.12025902085223342,0.05520343607898589,0.15950845413265963,0.09414192925621309,0.138649963451608,0.08112323327228513,0.2045151460894039,0.05657149772021119,0.1471505078916508,0.08952714367236979,0.08112323327228513,0.14509645654712486,0.05520343607898589,0.1382448972721009,0.13766307637586814,0.10387822846484873,0.1425073290164324,0.1344824707902149,0.13292835753686144,0.05510616596926513,0.4137617984722042,0.18426019697359394,0.4137617984722042,0.19428046655088757,0.1351967061488696,0.18503487211609138,0.21645154878717374,0.1419272697753782,0.21682509414060844,0.15315064798076544,0.2664711848981406,0.19428046655088757,0.3065596144833574,0.14035222905421327,0.15315064798076544,0.26941960411379917,0.18503487211609138,0.18463772235435943,0.3015949968484239,0.13743992320902404,0.3160988695262542,0.2011116336275393,0.22936326652278108,0.14423726079987273
64,24,0.11627063135870062,0.054997984584832495,0.2045151460894039,0.22384485237722465,0.1351967061488696,0.4137617984722042,0,False,5,0,0,0,0,0,0,655,1178,1512,1472,19,1524,938,17,914,0,584,7,550,16,1552,1256,1095,617,234,1460,395,1494,611,981,0.1788760360712303,0.09646541245464431,0.1788760360712303,0.05657149772021119,0.12025902085223342,0.054997984584832495,0.1603193630186723,0.09414192925621309,0.138649963451608,0.08010275143114516,0.2045151460894039,0.056507097432429355,0.1471505078916508,0.08952714367236979,0.056416377841582446,0.056416377841582446,0.1382448972721009,0.13766307637586814,0.10387822846484873,0.1472857866684712,0.1344824707902149,0.08112323327228513,0.14509645654712486,0.13292835753686144,0.4137617984722042,0.18426019697359394,0.4137617984722042,0.19428046655088757,0.1351967061488696,0.16961529943975043,0.1984139197215759,0.1419272697753782,0.21682509414060844,0.14038809398236832,0.2664711848981406,0.17809042767164693,0.3065596144833574,0.14035222905421327,0.25294863277308377,0.25294863277308377,0.18463772235435943,0.3015949968484239,0.13743992320902404,0.289757297065733,0.2011116336275393,0.15315064798076544,0.26941960411379917,0.22936326652278108
65,24,0.11481970931235662,0.05596418524947105,0.2045151460894039,0.22629102708919047,0.1259865962749387,0.4137617984722042,0,False,5,0,0,0,0,0,0,655,1178,1512,1472,19,1524,938,1565,17,914,0,584,7,550,1566,1552,1256,1095,617,234,1460,16,1494,611,0.1788760360712303,0.09646541245464431,0.1788760360712303,0.056507097432429355,0.12025902085223342,0.05596418524947105,0.16445706305803723,0.05596418524947105,0.09414192925621309,0.13936941304865327,0.08010275143114516,0.2045151460894039,0.056507097432429355,0.1471505078916508,0.16445706305803723,0.0572858121384621,0.0572858121384621,0.1377150689707665,0.14170227383374992,0.10212113246280102,0.1472857866684712,0.08952714367236979,0.08112323327228513,0.14801381569291125,0.4137617984722042,0.18426019697359394,0.4137617984722042,0.17809042767164693,0.1351967061488696,0.2388140244864379,0.2652127597447779,0.2388140244864379,0.1419272697753782,0.19875633629555772,0.14038809398236832,0.2664711848981406,0.17809042767164693,0.3065596144833574,0.2652127597447779,0.23186958004199346,0.23186958004199346,0.16925124549149614,0.2764620804443886,0.1259865962749387,0.289757297065733,0.14035222905421327,0.15315064798076544,0.24696797043764923
66,24,0.10951002633110697,0.056187398320452706,0.2045151460894039,0.22651261076989293,0.1259865962749387,0.4137617984722042,0,False,5,0,0,0,0,0,0,655,1178,1512,1472,19,1587,938,1565,17,1524,7,550,1566,1606,1552,914,0,584,1460,16,1494,611,1256,234,0.1788760360712303,0.09608554463822412,0.1788760360712303,0.05763646645437906,0.12025902085223342,0.05763646645437906,0.16445706305803723,0.05660211889014755,0.09414192925621309,0.05660211889014755,0.056187398320452706,0.15167884865296513,0.16445706305803723,0.08216859444947983,0.05782622443112981,0.13936941304865327,0.08010275143114516,0.2045151460894039,0.15110548112038702,0.08952714367236979,0.08216859444947983,0.14801381569291125,0.05782622443112981,0.10212113246280102,0.4137617984722042,0.1689051805591278,0.4137617984722042,0.24658289203234302,0.1351967061488696,0.24658289203234302,0.2652127597447779,0.21891285577923475,0.1419272697753782,0.21891285577923475,0.16324955869900967,0.2810129799430776,0.2652127597447779,0.22372142731570166,0.212547115038494,0.19875633629555772,0.14038809398236832,0.2664711848981406,0.26561085564358855,0.14035222905421327,0.22372142731570166,0.24696797043764923,0.212547115038494,0.1259865962749387
67,24,0.10959033817275095,0.056187398320452706,0.2045151460894039,0.22338148476237288,0.1259865962749387,0.4137617984722042,0,False,5,0,0,0,0,0,0,655,1178,1512,1472,19,1587,938,1565,17,1524,7,550,1566,1606,1552,914,0,584,1460,16,1494,611,1256,234,0.1788760360712303,0.09608554463822412,0.1788760360712303,0.05763646645437906,0.12025902085223342,0.05842044718047673,0.16445706305803723,0.05692910572431726,0.09414192925621309,0.05660211889014755,0.056187398320452706,0.15167884865296513,0.16445706305803723,0.08275465988149834,0.05782622443112981,0.13936941304865327,0.08010275143114516,0.2045151460894039,0.15110548112038702,0.08952714367236979,0.08216859444947983,0.14801381569291125,0.05805667563829947,0.10212113246280102,0.4137617984722042,0.1689051805591278,0.4137617984722042,0.24658289203234302,0.1351967061488696,0.22603431769631444,0.2652127597447779,0.20067011779763186,0.1419272697753782,0.21891285577923475,0.16324955869900967,0.2810129799430776,0.2652127597447779,0.20507797503939318,0.212547115038494,0.19875633629555772,0.14038809398236832,0.2664711848981406,0.26561085564358855,0.14035222905421327,0.22372142731570166,0.24696797043764923,0.1948348554519528,0.1259865962749387
68,24,0.11584334054229206,0.055637750637551844,0.2045151460894039,0.23061183259208431,0.12393031396979713,0.4626149819328538,0,False,5,0,0,0,0,0,0,655,1178,1512,1472,19,1587,1634,938,1565,17,1524,7,550,1566,1606,1552,914,0,584,1460,16,1494,611,234,0.1788760360712303,0.09529643664464058,0.19490106138069876,0.05842044718047673,0.11815058607284755,0.058875257971688626,0.19490106138069876,0.16445706305803723,0.05696615915531027,0.09414192925621309,0.05660211889014755,0.055637750637551844,0.15167884865296513,0.16445706305803723,0.08275465988149834,0.05805667563829947,0.13936941304865327,0.08010275143114516,0.2045151460894039,0.15110548112038702,0.0880846183578681,0.08275465988149834,0.14801381569291125,0.10212113246280102,0.4137617984722042,0.15482974884586714,0.4626149819328538,0.22603431769631444,0.12393031396979713,0.2071981245549549,0.4626149819328538,0.2652127597447779,0.18394760798116253,0.1419272697753782,0.21891285577923475,0.14964542880742554,0.2810129799430776,0.2652127597447779,0.20507797503939318,0.1948348554519528,0.19875633629555772,0.14038809398236832,0.2664711848981406,0.26561085564358855,0.12865620996636215,0.20507797503939318,0.24696797043764923,0.1259865962749387
69,24,0.11595247176583341,0.054883950202284815,0.2045151460894039,0.22700765394081632,0.12393031396979713,0.4626149819328538,0,False,5,0,0,0,0,0,0,655,1178,1512,1472,19,1587,1634,938,1565,17,1524,7,550,1566,1606,1552,914,0,584,1460,16,1494,611,234,0.1788760360712303,0.09529643664464058,0.19490106138069876,0.05842044718047673,0.11815058607284755,0.058875257971688626,0.19490106138069876,0.16445706305803723,0.05696615915531027,0.09414192925621309,0.05692910572431726,0.054883950202284815,0.15167884865296513,0.16445706305803723,0.08275465988149834,0.05805667563829947,0.13938538876113407,0.08010275143114516,0.2045151460894039,0.1539793066574517,0.0880846183578681,0.08291082159804271,0.14801381569291125,0.10212113246280102,0.4137617984722042,0.15482974884586714,0.4626149819328538,0.22603431769631444,0.12393031396979713,0.2071981245549549,0.4626149819328538,0.2652127597447779,0.18394760798116253,0.1419272697753782,0.20067011779763186,0.13717497640680673,0.2810129799430776,0.2652127597447779,0.20507797503939318,0.1948348554519528,0.18219330827092792,0.14038809398236832,0.2664711848981406,0.24347661767328949,0.12865620996636215,0.1879881437861104,0.24696797043764923,0.1259865962749387
70,24,0.11592669201729817,0.054883950202284815,0.2045151460894039,0.22369728060876368,0.11360278780564737,0.4626149819328538,0,False,5,0,0,0,0,0,0,655,1178,1512,1472,19,1587,1634,938,1565,17,1524,7,550,1566,1606,1552,914,0,584,1460,16,1494,611,234,0.1788760360712303,0.09529643664464058,0.19490106138069876,0.05842044718047673,0.11571339157123035,0.059021396950777474,0.19490106138069876,0.16445706305803723,0.056736866335215755,0.09414192925621309,0.05692910572431726,0.054883950202284815,0.15167884865296513,0.16445706305803723,0.08275465988149834,0.05799959013266736,0.13938538876113407,0.08010275143114516,0.2045151460894039,0.15593802654086106,0.0880846183578681,0.08291082159804271,0.14801381569291125,0.10212113246280102,0.4137617984722042,0.15482974884586714,0.4626149819328538,0.22603431769631444,0.11360278780564737,0.18993161417537532,0.4626149819328538,0.2652127597447779,0.16861864064939897,0.1419272697753782,0.20067011779763186,0.13717497640680673,0.2810129799430776,0.2652127597447779,0.20507797503939318,0.1785986174976234,0.18219330827092792,0.14038809398236832,0.2664711848981406,0.22318689953384868,0.12865620996636215,0.1879881437861104,0.24696797043764923,0.1259865962749387
71,24,0.11610322757381115,0.054883950202284815,0.2045151460894039,0.22005511069476444,0.11360278780564737,0.4626149819328538,0,False,5,0,0,0,0,0,0,655,1178,1512,1472,19,1587,1634,938,1565,17,1524,7,550,1566,1606,1552,914,0,584,1460,16,1494,611,234,0.1788760360712303,0.09529643664464058,0.19490106138069876,0.05842044718047673,0.11571339157123035,0.059021396950777474,0.19490106138069876,0.16756613266102727,0.056736866335215755,0.09266591844343314,0.05692910572431726,0.054883950202284815,0.15523180973724418,0.16445706305803723,0.08275465988149834,0.057679656523510495,0.13875615585211334,0.08010275143114516,0.2045151460894039,0.15593802654086106,0.0880846183578681,0.08291082159804271,0.14801381569291125,0.10212113246280102,0.4137617984722042,0.15482974884586714,0.4626149819328538,0.22603431769631444,0.11360278780564737,0.18993161417537532,0.4626149819328538,0.24311169643271308,0.16861864064939897,0.1300999972940967,0.20067011779763186,0.13717497640680673,0.2575952316144878,0.2652127597447779,0.20507797503939318,0.16371539937282145,0.1670105325816839,0.14038809398236832,0.2664711848981406,0.22318689953384868,0.12865620996636215,0.1879881437861104,0.24696797043764923,0.1259865962749387
72,24,0.11476571648261681,0.05395158654461589,0.2045151460894039,0.22407737504086941,0.11360278780564737,0.4626149819328538,0,False,6,0,0,0,0,0,0,655,1743,1178,1512,1472,19,1587,1634,938,1565,17,1524,7,550,1566,1606,1552,914,0,584,1460,16,1494,611,0.1900009532601091,0.058596057499911335,0.09529643664464058,0.19490106138069876,0.058875257971688626,0.11571339157123035,0.05888244042617996,0.19490106138069876,0.16756613266102727,0.056736866335215755,0.09266591844343314,0.05692910572431726,0.05395158654461589,0.15523180973724418,0.16445706305803723,0.08275465988149834,0.058596057499911335,0.13875615585211334,0.08010275143114516,0.2045151460894039,0.15593802654086106,0.0880846183578681,0.08291082159804271,0.14801381569291125,0.37928164859952046,0.23340578275841967,0.15482974884586714,0.4626149819328538,0.2071981245549549,0.11360278780564737,0.17410397966076072,0.4626149819328538,0.24311169643271308,0.16861864064939897,0.1300999972940967,0.20067011779763186,0.12574372837290618,0.2575952316144878,0.2652127597447779,0.20507797503939318,0.23340578275841967,0.1670105325816839,0.14038809398236832,0.2664711848981406,0.22318689953384868,0.12865620996636215,0.1879881437861104,0.24696797043764923
73,24,0.11518819914828542,0.05395158654461589,0.2045151460894039,0.21728637640961276,0.11360278780564737,0.4626149819328538,0,False,6,0,0,0,0,0,0,655,1743,1178,1512,1472,19,1587,1634,938,1565,17,1524,7,550,1566,1606,1552,914,0,584,1460,16,1494,611,0.19987806668081187,0.058596057499911335,0.09414192925621309,0.19490106138069876,0.059021396950777474,0.11571339157123035,0.05888244042617996,0.19490106138069876,0.16756613266102727,0.056736866335215755,0.09266591844343314,0.05696615915531027,0.05395158654461589,0.15523180973724418,0.16445706305803723,0.08291082159804271,0.059174286118555124,0.13875615585211334,0.07881287036982669,0.2045151460894039,0.15593802654086106,0.0880846183578681,0.08267060707659878,0.15004330647417494,0.3476748445495604,0.23340578275841967,0.1419272697753782,0.4626149819328538,0.18993161417537532,0.11360278780564737,0.17410397966076072,0.4626149819328538,0.24311169643271308,0.16861864064939897,0.1300999972940967,0.18394760798116253,0.12574372837290618,0.2575952316144878,0.2652127597447779,0.1879881437861104,0.2139553008618847,0.1670105325816839,0.12868908615050428,0.2664711848981406,0.22318689953384868,0.12865620996636215,0.17232246513726784,0.22638730623451178
74,24,0.11481492114505343,0.05395158654461589,0.20987487637900643,0.21979299092665674,0.11360278780564737,0.4626149819328538,0,False,6,0,0,0,0,0,0,655,1743,1178,1512,1472,19,1587,1634,938,1782,1524,7,550,1565,17,914,0,584,1566,1606,1552,1460,16,611,0.19987806668081187,0.058596057499911335,0.09414192925621309,0.20987487637900643,0.05888244042617996,0.11571339157123035,0.05999226057398157,0.19490106138069876,0.16756613266102727,0.05999226057398157,0.05696615915531027,0.05395158654461589,0.15523180973724418,0.056266395604373035,0.09091138497781369,0.13875615585211334,0.07881287036982669,0.2045151460894039,0.16445706305803723,0.08291082159804271,0.059174286118555124,0.15593802654086106,0.0880846183578681,0.15004330647417494,0.3476748445495604,0.23340578275841967,0.1419272697753782,0.4240637334384493,0.17410397966076072,0.11360278780564737,0.242928648022364,0.4626149819328538,0.24311169643271308,0.242928648022364,0.18394760798116253,0.12574372837290618,0.2575952316144878,0.15456708726194904,0.11925833085292195,0.1670105325816839,0.12868908615050428,0.2664711848981406,0.2652127597447779,0.1879881437861104,0.2139553008618847,0.22318689953384868,0.12865620996636215,0.22638730623451178
75,24,0.11491703476553983,0.05395158654461589,0.20987487637900643,0.21598249009624815,0.11360278780564737,0.4626149819328538,0,False,6,0,0,0,0,0,0,655,1743,1178,1512,1472,19,1587,1634,938,1782,1524,7,550,1565,17,914,0,584,1566,1606,1552,1460,16,611,0.19987806668081187,0.059174286118555124,0.09414192925621309,0.20987487637900643,0.05888244042617996,0.11571339157123035,0.05999226057398157,0.19490106138069876,0.16756613266102727,0.06074607813890866,0.056736866335215755,0.05395158654461589,0.15523180973724418,0.056266395604373035,0.09091138497781369,0.13875615585211334,0.07881287036982669,0.2045151460894039,0.16445706305803723,0.08291082159804271,0.05943354697190524,0.1570267392157077,0.0880846183578681,0.15004330647417494,0.3476748445495604,0.2139553008618847,0.1419272697753782,0.4240637334384493,0.17410397966076072,0.11360278780564737,0.242928648022364,0.4626149819328538,0.24311169643271308,0.2226845940205003,0.16861864064939897,0.12574372837290618,0.2575952316144878,0.15456708726194904,0.11925833085292195,0.1670105325816839,0.12868908615050428,0.2664711848981406,0.2652127597447779,0.1879881437861104,0.19612569245672762,0.20458799123936128,0.12865620996636215,0.22638730623451178
76,24,0.11407794787613484,0.05395158654461589,0.20987487637900643,0.22297881185093824,0.11360278780564737,0.4626149819328538,0,False,6,0,0,0,0,0,0,655,1743,1178,1512,1472,19,1587,1634,938,1782,1524,1830,1565,17,914,0,584,7,550,1566,1606,1552,1460,611,0.19987806668081187,0.05943354697190524,0.09414192925621309,0.20987487637900643,0.05888244042617996,0.11571339157123035,0.062312714230333646,0.19490106138069876,0.16756613266102727,0.061161583538874645,0.056266395604373035,0.062312714230333646,0.056266395604373035,0.09091138497781369,0.13875615585211334,0.07881287036982669,0.2045151460894039,0.05395158654461589,0.15523180973724418,0.16756613266102727,0.08291082159804271,0.05943354697190524,0.1570267392157077,0.15004330647417494,0.3476748445495604,0.19612569245672762,0.1419272697753782,0.4240637334384493,0.17410397966076072,0.11360278780564737,0.30601792735383365,0.4626149819328538,0.24311169643271308,0.20412754451879195,0.15456708726194904,0.30601792735383365,0.15456708726194904,0.11925833085292195,0.1670105325816839,0.12868908615050428,0.2664711848981406,0.12574372837290618,0.2575952316144878,0.24311169643271308,0.1879881437861104,0.19612569245672762,0.20458799123936128,0.22638730623451178
77,24,0.11449841310027557,0.05286552527448928,0.20987487637900643,0.21470901170022558,0.10413588882184341,0.4626149819328538,0,False,6,0,0,0,0,0,0,655,1743,1178,1512,1472,19,1587,1634,938,1782,1524,1830,1565,17,914,0,584,7,550,1566,1606,1552,1460,611,0.2084153799006752,0.05939657880918785,0.09414192925621309,0.20987487637900643,0.05848396420489771,0.11299912950937202,0.06422055204718399,0.19490106138069876,0.16756613266102727,0.061260687872200806,0.055580644306830386,0.06422055204718399,0.056266395604373035,0.09091138497781369,0.13875615585211334,0.07881287036982669,0.2045151460894039,0.05286552527448928,0.1578293691059754,0.16756613266102727,0.08291082159804271,0.05939657880918785,0.1570267392157077,0.15004330647417494,0.318701940837097,0.1797818847520003,0.1419272697753782,0.4240637334384493,0.15959531468903065,0.10413588882184341,0.28051643340768084,0.4626149819328538,0.24311169643271308,0.18711691580889261,0.14168649665678662,0.28051643340768084,0.15456708726194904,0.11925833085292195,0.1670105325816839,0.12868908615050428,0.2664711848981406,0.11526508434183065,0.23612896231328045,0.24311169643271308,0.1879881437861104,0.1797818847520003,0.20458799123936128,0.22638730623451178
78,24,0.11415438842806619,0.05286552527448928,0.20987487637900643,0.21046347440367544,0.0954578980866898,0.4626149819328538,0,False,6,0,0,0,0,0,0,655,1743,1178,1512,1472,19,1587,1634,938,1782,1524,1830,1565,17,914,0,584,7,550,1566,1606,1552,1460,611,0.2084153799006752,0.059088519352747775,0.09266591844343314,0.20987487637900643,0.05785260659270184,0.11005632175948518,0.06422055204718399,0.19490106138069876,0.16756613266102727,0.06106829552045911,0.05470552989538796,0.06422055204718399,0.056266395604373035,0.09091138497781369,0.13875615585211334,0.07729008008772861,0.2045151460894039,0.05286552527448928,0.1578293691059754,0.16756613266102727,0.08291082159804271,0.059088519352747775,0.1570267392157077,0.15004330647417494,0.318701940837097,0.16480006102266692,0.1300999972940967,0.4240637334384493,0.14629570513161141,0.0954578980866898,0.28051643340768084,0.4626149819328538,0.24311169643271308,0.1715238394914849,0.1298792886020544,0.28051643340768084,0.15456708726194904,0.11925833085292195,0.1670105325816839,0.11796499563796226,0.2664711848981406,0.11526508434183065,0.23612896231328045,0.24311169643271308,0.1879881437861104,0.16480006102266692,0.20458799123936128,0.22638730623451178
79,24,0.11414947944968097,0.05164951322537657,0.20987487637900643,0.20629428112879714,0.0954578980866898,0.4626149819328538,0,False,6,0,0,0,0,0,0,655,1743,1178,1512,1472,19,1587,1634,938,1782,1524,1830,1565,17,914,0,584,7,550,1566,1606,1552,1460,611,0.2084153799006752,0.0585359074408875,0.09266591844343314,0.20987487637900643,0.05785260659270184,0.11005632175948518,0.06422055204718399,0.19490106138069876,0.16756613266102727,0.060611208694369395,0.05366641948364477,0.06422055204718399,0.056266395604373035,0.09091138497781369,0.13875615585211334,0.07729008008772861,0.2084549782402692,0.05164951322537657,0.1578293691059754,0.16756613266102727,0.08267060707659878,0.0585359074408875,0.1570267392157077,0.15004330647417494,0.318701940837097,0.15106672260411133,0.1300999972940967,0.4240637334384493,0.14629570513161141,0.0954578980866898,0.28051643340768084,0.4626149819328538,0.24311169643271308,0.1572301862005278,0.11905601455188318,0.28051643340768084,0.15456708726194904,0.11925833085292195,0.1670105325816839,0.11796499563796226,0.24426525282329553,0.10565966064667809,0.23612896231328045,0.24311169643271308,0.17232246513726784,0.15106672260411133,0.20458799123936128,0.22638730623451178
80,24,0.11061343469409869,0.05032589238280575,0.20987487637900643,0.21063410843919092,0.0954578980866898,0.4626149819328538,0,False,6,0,0,0,0,0,0,655,1743,1178,1512,1472,19,1587,1634,938,1782,1931,1524,1830,1565,17,914,0,584,7,550,1566,1606,1552,1460,0.2084153799006752,0.05776583337269026,0.09266591844343314,0.20987487637900643,0.05785260659270184,0.11005632175948518,0.06422055204718399,0.19490106138069876,0.16756613266102727,0.059917181048863906,0.06741053203231039,0.052487687728421474,0.06741053203231039,0.055580644306830386,0.09091138497781369,0.13875615585211334,0.07729008008772861,0.2084549782402692,0.05032589238280575,0.1578293691059754,0.16756613266102727,0.08267060707659878,0.05776583337269026,0.1570267392157077,0.318701940837097,0.1384778290537687,0.1300999972940967,0.4240637334384493,0.14629570513161141,0.0954578980866898,0.28051643340768084,0.4626149819328538,0.24311169643271308,0.14412767068381716,0.34047339729037407,0.10913468000589291,0.34047339729037407,0.14168649665678662,0.11925833085292195,0.1670105325816839,0.11796499563796226,0.24426525282329553,0.09685468892612158,0.23612896231328045,0.24311169643271308,0.17232246513726784,0.1384778290537687,0.20458799123936128
81,24,0.1106380365696422,0.05032589238280575,0.2155609293492599,0.2055106685861022,0.0954578980866898,0.4626149819328538,0,False,6,0,0,0,0,0,0,655,1743,1178,1512,1472,19,1587,1634,938,1782,1931,1524,1830,1565,17,914,0,584,7,550,1566,1606,1552,1460,0.2155609293492599,0.05680523809061463,0.09266591844343314,0.20987487637900643,0.0570152797777066,0.11005632175948518,0.06422055204718399,0.19490106138069876,0.1696803418600362,0.05901412548479089,0.06741053203231039,0.05119238971117243,0.06741053203231039,0.055580644306830386,0.08891964174618845,0.13875615585211334,0.07556938064527292,0.2084549782402692,0.05032589238280575,0.1578293691059754,0.16756613266102727,0.08267060707659878,0.05680523809061463,0.1570267392157077,0.2921434457673389,0.12693800996595464,0.1300999972940967,0.4240637334384493,0.13410439637064378,0.0954578980866898,0.28051643340768084,0.4626149819328538,0.22285238839665364,0.1321170314601657,0.34047339729037407,0.10004012333873516,0.34047339729037407,0.14168649665678662,0.10932013661517845,0.1670105325816839,0.10813457933479872,0.24426525282329553,0.09685468892612158,0.23612896231328045,0.24311169643271308,0.17232246513726784,0.12693800996595464,0.20458799123936128
82,24,0.1106178689492009,0.04891540752358317,0.2155609293492599,0.20050553466442692,0.08878346484894477,0.4626149819328538,0,False,6,0,0,0,0,0,0,655,1743,1178,1512,1472,19,1587,1634,938,1782,1931,1524,1830,1565,17,914,0,584,7,550,1566,1606,1552,1460,0.2155609293492599,0.05568035446604887,0.09266591844343314,0.20987487637900643,0.0570152797777066,0.11005632175948518,0.06571572907390276,0.19490106138069876,0.1708489909804499,0.05792947234411347,0.07014817484487491,0.049802033896792705,0.06741053203231039,0.05470552989538796,0.08891964174618845,0.13875615585211334,0.07556938064527292,0.2084549782402692,0.04891540752358317,0.1578293691059754,0.16756613266102727,0.08267060707659878,0.05680523809061463,0.1570267392157077,0.2921434457673389,0.11635984246879175,0.1300999972940967,0.4240637334384493,0.13410439637064378,0.0954578980866898,0.25714006395704075,0.4626149819328538,0.20428135603026581,0.12110727883848522,0.3121006141828429,0.09170344639384057,0.34047339729037407,0.1298792886020544,0.10932013661517845,0.1670105325816839,0.10813457933479872,0.24426525282329553,0.08878346484894477,0.23612896231328045,0.24311169643271308,0.17232246513726784,0.12693800996595464,0.20458799123936128
83,24,0.11055311235534597,0.04833643987641941,0.2155609293492599,0.1924431689629412,0.08406149252768719,0.4626149819328538,0,False,6,0,0,0,0,0,0,655,1743,1178,1512,1472,19,1587,1634,938,1782,1931,1524,1830,1565,17,914,0,584,7,550,1566,1606,1552,1460,0.2155609293492599,0.05441627906038411,0.09266591844343314,0.20987487637900643,0.055998527216767346,0.10692992841965897,0.06680686040696422,0.19490106138069876,0.1708489909804499,0.056689668045798995,0.07241918879923805,0.04833643987641941,0.07014817484487491,0.05366641948364477,0.08672977626965797,0.13875615585211334,0.07556938064527292,0.21115330182670985,0.04891540752358317,0.1578293691059754,0.1696803418600362,0.08267060707659878,0.05568035446604887,0.1570267392157077,0.2921434457673389,0.10666318892972576,0.1300999972940967,0.4240637334384493,0.12292903000642345,0.08750307324613231,0.235711725293954,0.4626149819328538,0.20428135603026581,0.11101500560194479,0.286092229667606,0.08406149252768719,0.3121006141828429,0.11905601455188318,0.10021012523058025,0.1670105325816839,0.10813457933479872,0.2239098150880209,0.08878346484894477,0.23612896231328045,0.22285238839665364,0.17232246513726784,0.11635984246879175,0.20458799123936128
84,24,0.10753094887508129,0.04681366609229637,0.2155609293492599,0.18971423083803363,0.07705636815037992,0.4626149819328538,0,False,6,0,0,0,0,0,0,655,1743,1178,1512,1472,19,2030,1587,1634,938,1782,1931,1524,1830,1565,17,914,0,584,7,550,1566,1606,1552,0.2155609293492599,0.05303665986970827,0.09266591844343314,0.20987487637900643,0.055998527216767346,0.10692992841965897,0.08655437128691107,0.06680686040696422,0.19490106138069876,0.1708489909804499,0.05531980035592951,0.07422106922687212,0.04681366609229637,0.07241918879923805,0.05366641948364477,0.08655437128691107,0.13875615585211334,0.07368382633093468,0.21115330182670985,0.047437092479099635,0.15950845413265963,0.1696803418600362,0.08267060707659878,0.05568035446604887,0.2921434457673389,0.09777458985224861,0.1300999972940967,0.4240637334384493,0.12292903000642345,0.08750307324613231,0.17519261479469855,0.235711725293954,0.4626149819328538,0.20428135603026581,0.10176375513511605,0.2622512105286388,0.07705636815037992,0.286092229667606,0.11905601455188318,0.17519261479469855,0.1670105325816839,0.09912336439023216,0.2239098150880209,0.08138484277819936,0.21645154878717374,0.22285238839665364,0.17232246513726784,0.11635984246879175
85,24,0.10735329728458358,0.04524999380280926,0.2155609293492599,0.18677979392939592,0.07063500413784825,0.4626149819328538,0,False,6,0,0,0,0,0,0,655,1743,1178,1512,1472,19,2030,1587,1634,938,1782,1931,1524,1830,1565,17,914,0,584,7,550,1566,1606,1552,0.2155609293492599,0.051563484275992284,0.09266591844343314,0.20987487637900643,0.055998527216767346,0.10692992841965897,0.08655437128691107,0.0675097025249305,0.19490106138069876,0.1708489909804499,0.05384333446887318,0.07422106922687212,0.04524999380280926,0.07241918879923805,0.05366641948364477,0.08655437128691107,0.13875615585211334,0.07368382633093468,0.21115330182670985,0.047437092479099635,0.1603193630186723,0.1696803418600362,0.08267060707659878,0.05441627906038411,0.2921434457673389,0.08962670736456123,0.1300999972940967,0.4240637334384493,0.12292903000642345,0.08750307324613231,0.17519261479469855,0.21606908151945783,0.4626149819328538,0.20428135603026581,0.09328344220718972,0.2622512105286388,0.07063500413784825,0.286092229667606,0.11905601455188318,0.17519261479469855,0.1670105325816839,0.09912336439023216,0.2239098150880209,0.08138484277819936,0.1984139197215759,0.22285238839665364,0.17232246513726784,0.10666318892972576
86,24,0.10713367238579112,0.04365995494075689,0.2155609293492599,0.18031782359696838,0.06474875379302755,0.4626149819328538,0,False,6,0,0,0,0,0,0,655,1743,1178,1512,1472,19,2030,1587,1634,938,1782,1931,1524,1830,1565,17,914,0,584,7,550,1566,1606,1552,0.2155609293492599,0.05001695131028114,0.09091138497781369,0.20987487637900643,0.055998527216767346,0.10692992841965897,0.08655437128691107,0.0675097025249305,0.19490106138069876,0.1708489909804499,0.05228194345151225,0.07556151763707956,0.04365995494075689,0.07422106922687212,0.052487687728421474,0.08599484773380843,0.13875615585211334,0.07368382633093468,0.21267056892134917,0.04590822066493197,0.1603193630186723,0.1708489909804499,0.08267060707659878,0.05303665986970827,0.2921434457673389,0.08215781508418113,0.11925833085292195,0.4240637334384493,0.12292903000642345,0.08750307324613231,0.17519261479469855,0.21606908151945783,0.4626149819328538,0.20428135603026581,0.08550982202325724,0.24039694298458555,0.06474875379302755,0.2622512105286388,0.10913468000589291,0.16059323022847366,0.1670105325816839,0.09912336439023216,0.20525066383068583,0.07460277254668275,0.1984139197215759,0.20428135603026581,0.17232246513726784,0.09777458985224861
87,24,0.10700171141519256,0.042056393070543076,0.2212991185422896,0.17569604947589204,0.059353024310275254,0.4626149819328538,0,False,6,0,0,0,0,0,0,655,1743,1178,1512,1472,19,2030,1587,1634,938,1782,1931,1524,1830,1565,17,914,0,584,7,550,1566,1606,1552,0.2212991185422896,0.05001695131028114,0.09091138497781369,0.20987487637900643,0.055998527216767346,0.1036611236476785,0.08655437128691107,0.06784563983070498,0.19490106138069876,0.1708489909804499,0.05065541697579018,0.07645673116106899,0.042056393070543076,0.07422106922687212,0.052487687728421474,0.08599484773380843,0.13875615585211334,0.07368382633093468,0.21267056892134917,0.04434430671911223,0.1603193630186723,0.1708489909804499,0.082070186416892,0.051563484275992284,0.2677981586200607,0.08215781508418113,0.11925833085292195,0.4240637334384493,0.12292903000642345,0.08021115047562129,0.17519261479469855,0.19806332472616967,0.4626149819328538,0.20428135603026581,0.07838400352131913,0.22036386440253675,0.059353024310275254,0.2622512105286388,0.10913468000589291,0.16059323022847366,0.1670105325816839,0.09912336439023216,0.20525066383068583,0.06838587483445918,0.1984139197215759,0.20428135603026581,0.1579622597091622,0.08962670736456123
88,24,0.10822280874241334,0.04045054823192244,0.2212991185422896,0.18530000085090612,0.05440693895108565,0.4626149819328538,0,False,6,0,0,0,0,0,0,655,1743,1178,1512,1472,2123,2030,1587,1634,938,1782,1931,19,1524,1830,1565,17,914,0,584,550,1566,1606,1552,0.2212991185422896,0.04841541302949698,0.09091138497781369,0.20987487637900643,0.055998527216767346,0.07891368566033866,0.08655437128691107,0.06784563983070498,0.19490106138069876,0.1708489909804499,0.04898163330633014,0.07891368566033866,0.1036611236476785,0.04045054823192244,0.07422106922687212,0.05119238971117243,0.08599484773380843,0.13875615585211334,0.07368382633093468,0.21267056892134917,0.16032236320329943,0.1708489909804499,0.082070186416892,0.05001695131028114,0.2677981586200607,0.07531133049383269,0.11925833085292195,0.4240637334384493,0.12292903000642345,0.285333542368992,0.17519261479469855,0.19806332472616967,0.4626149819328538,0.20428135603026581,0.07185200322787587,0.285333542368992,0.08021115047562129,0.05440693895108565,0.2622512105286388,0.10004012333873516,0.16059323022847366,0.1670105325816839,0.09912336439023216,0.20525066383068583,0.18187942641144458,0.20428135603026581,0.1579622597091622,0.08215781508418113
89,24,0.10620067667256605,0.03985415176905093,0.2212991185422896,0.18411321388641513,0.06586433629221955,0.4626149819328538,0,False,3,0,0,0,0,0,0,655,1743,2149,2030,1178,1512,1472,2123,1587,1634,938,1782,1931,19,1524,1830,1565,17,914,0,584,550,1566,1552,0.2212991185422896,0.04677537102752548,0.03985415176905093,0.08655437128691107,0.09091138497781369,0.20987487637900643,0.055998527216767346,0.07891368566033866,0.06784024730479313,0.19490106138069876,0.1708489909804499,0.047276580955763065,0.08085997254389303,0.1036611236476785,0.03985415176905093,0.07422106922687212,0.049802033896792705,0.08509027936601705,0.13875615585211334,0.07166421194237989,0.21267056892134917,0.16032236320329943,0.1708489909804499,0.05001695131028114,0.2677981586200607,0.0690353862860133,0.13320636070516184,0.17519261479469855,0.11925833085292195,0.4240637334384493,0.12292903000642345,0.285333542368992,0.18155804766565553,0.4626149819328538,0.20428135603026581,0.06586433629221955,0.261555747171576,0.08021115047562129,0.13320636070516184,0.2622512105286388,0.09170344639384057,0.14721046104276753,0.1670105325816839,0.09086308402437947,0.20525066383068583,0.18187942641144458,0.20428135603026581,0.08215781508418113
90,24,0.10638467701070109,0.03913358869354273,0.2212991185422896,0.17840072778428837,0.06037564160120125,0.4240637334384493,0,False,3,0,0,0,0,0,0,655,1743,2149,2030,1178,1512,1472,2123,1587,1634,938,1782,1931,19,1524,1830,1565,17,914,0,584,550,1566,1552,0.2212991185422896,0.04511151561563986,0.03985415176905093,0.08655437128691107,0.08891964174618845,0.20987487637900643,0.055998527216767346,0.07891368566033866,0.06784024730479313,0.20987487637900643,0.17113320189759362,0.04555441806878009,0.08230428701623797,0.10028720765246044,0.03913358869354273,0.07422106922687212,0.049802033896792705,0.08509027936601705,0.13754360246156228,0.07166421194237989,0.21267056892134917,0.16032236320329943,0.1708489909804499,0.04841541302949698,0.2677981586200607,0.06328243742884553,0.13320636070516184,0.17519261479469855,0.10932013661517845,0.4240637334384493,0.12292903000642345,0.285333542368992,0.18155804766565553,0.4240637334384493,0.18725790969441033,0.06037564160120125,0.23975943490727797,0.07352688793598618,0.12210583064639835,0.2622512105286388,0.09170344639384057,0.14721046104276753,0.1530929881998769,0.09086308402437947,0.20525066383068583,0.18187942641144458,0.20428135603026581,0.07531133049383269
91,24,0.10598830015901989,0.03830676556584076,0.2212991185422896,0.1729719316313075,0.05534433813443448,0.4240637334384493,0,False,3,0,0,0,0,0,0,655,1743,2149,2030,1178,1512,1472,2123,1587,1634,938,1782,1931,19,1524,1830,1565,17,914,0,584,550,1566,1552,0.2212991185422896,0.04511151561563986,0.03913358869354273,0.08655437128691107,0.08891964174618845,0.20987487637900643,0.055998527216767346,0.08085997254389303,0.0675219780491896,0.20987487637900643,0.17060248643363263,0.04382755929919859,0.08230428701623797,0.09684162644367264,0.03830676556584076,0.07556151763707956,0.04833643987641941,0.08509027936601705,0.13754360246156228,0.06953887913175784,0.21267056892134917,0.16032236320329943,0.1708489909804499,0.04677537102752548,0.2677981586200607,0.06328243742884553,0.12210583064639835,0.17519261479469855,0.10932013661517845,0.4240637334384493,0.12292903000642345,0.261555747171576,0.16642821036018424,0.4240637334384493,0.1716530838865428,0.05534433813443448,0.23975943490727797,0.06739964727465399,0.11193034475919848,0.24039694298458555,0.08406149252768719,0.14721046104276753,0.1530929881998769,0.08329116035568118,0.20525066383068583,0.18187942641144458,0.20428135603026581,0.0690353862860133
92,24,0.1056371884425606,0.037390693333794495,0.2212991185422896,0.17081076773162204,0.050732309956564935,0.4240637334384493,0,False,3,0,0,0,0,0,0,655,1743,2149,2030,1178,1512,1472,2123,1587,1634,938,1782,1931,19,1524,1830,1565,17,914,0,584,550,1566,1552,0.2212991185422896,0.04343679684634473,0.03913358869354273,0.08655437128691107,0.08891964174618845,0.20987487637900643,0.055998527216767346,0.08085997254389303,0.0675219780491896,0.20987487637900643,0.17060248643363263,0.0421067816002135,0.08230428701623797,0.09335407420911013,0.037390693333794495,0.07645673116106899,0.04681366609229637,0.08509027936601705,0.13754360246156228,0.06953887913175784,0.21267056892134917,0.16032236320329943,0.1708489909804499,0.04677537102752548,0.2677981586200607,0.05800890097644173,0.12210583064639835,0.17519261479469855,0.10932013661517845,0.4240637334384493,0.12292903000642345,0.261555747171576,0.16642821036018424,0.4240637334384493,0.1716530838865428,0.050732309956564935,0.23975943490727797,0.06178301000176615,0.10260281602926527,0.22036386440253675,0.07705636815037992,0.14721046104276753,0.1530929881998769,0.08329116035568118,0.20525066383068583,0.18187942641144458,0.20428135603026581,0.0690353862860133
93,24,0.10504000720546831,0.03640130280343391,0.2212991185422896,0.1677292227139436,0.050732309956564935,0.4240637334384493,0,False,3,0,0,0,0,0,0,655,1743,2149,2030,1178,1512,1472,2123,1587,1634,938,1782,1931,19,1524,1830,1565,17,914,0,584,550,1566,1552,0.2212991185422896,0.0417625181964868,0.03830676556584076,0.08655437128691107,0.08672977626965797,0.20987487637900643,0.055998527216767346,0.08085997254389303,0.0675219780491896,0.20987487637900643,0.17060248643363263,0.0421067816002135,0.08230428701623797,0.08985065663937142,0.03640130280343391,0.07645673116106899,0.04524999380280926,0.08509027936601705,0.13754360246156228,0.06733362157996173,0.21267056892134917,0.16032236320329943,0.17113320189759362,0.04511151561563986,0.2677981586200607,0.05317482589507158,0.11193034475919848,0.17519261479469855,0.10021012523058025,0.4240637334384493,0.12292903000642345,0.261555747171576,0.16642821036018424,0.4240637334384493,0.1716530838865428,0.050732309956564935,0.23975943490727797,0.056634425834952304,0.09405258136015983,0.22036386440253675,0.07063500413784825,0.14721046104276753,0.1530929881998769,0.07635023032604107,0.20525066383068583,0.18187942641144458,0.18725790969441033,0.06328243742884553
94,24,0.10470332104964282,0.03535332478002294,0.2256461329947115,0.16169444940236974,0.04650461746018452,0.4240637334384493,0,False,3,0,0,0,0,0,0,655,1743,2149,2030,1178,1512,1472,2123,1587,1634,938,1782,1931,19,1524,1830,1565,17,914,0,584,550,1566,1552,0.2256461329947115,0.04009844528793107,0.037390693333794495,0.08599484773380843,0.08672977626965797,0.20987487637900643,0.05482801828423224,0.08230428701623797,0.06692100533713898,0.20987487637900643,0.17060248643363263,0.04040134189041159,0.08230428701623797,0.08985065663937142,0.03535332478002294,0.07645673116106899,0.04365995494075689,0.08388021818388468,0.1358111926819662,0.06733362157996173,0.21267056892134917,0.16032236320329943,0.17113320189759362,0.04343679684634473,0.24548164540172226,0.048743590403815616,0.10260281602926527,0.16059323022847366,0.10021012523058025,0.4240637334384493,0.11268494417255483,0.23975943490727797,0.1525591928301689,0.4240637334384493,0.1716530838865428,0.04650461746018452,0.23975943490727797,0.056634425834952304,0.08621486624681317,0.22036386440253675,0.06474875379302755,0.1349429226225369,0.1403352391832205,0.07635023032604107,0.20525066383068583,0.18187942641144458,0.18725790969441033,0.05800890097644173
95,24,0.10131248268257483,0.034260223994617575,0.2256461329947115,0.1672161386857796,0.04262923267183581,0.4240637334384493,0,False,3,0,0,0,0,0,0,655,1743,2149,2030,2292,1178,1512,1472,2123,1587,1634,938,1782,1931,19,1524,1830,1565,17,914,0,584,1566,1552,0.2256461329947115,0.03845292345646841,0.037390693333794495,0.08599484773380843,0.0854119008727765,0.08437826319077771,0.20987487637900643,0.05482801828423224,0.08230428701623797,0.06692100533713898,0.20987487637900643,0.17060248643363263,0.038719100948792384,0.0854119008727765,0.08985065663937142,0.034260223994617575,0.07692967598286145,0.042056393070543076,0.08388021818388468,0.1358111926819662,0.06733362157996173,0.21267056892134917,0.17113320189759362,0.0417625181964868,0.24548164540172226,0.04468162453683098,0.10260281602926527,0.16059323022847366,0.30311281533167145,0.09185928146136522,0.4240637334384493,0.11268494417255483,0.23975943490727797,0.1525591928301689,0.4240637334384493,0.1716530838865428,0.04262923267183581,0.30311281533167145,0.056634425834952304,0.07903029405957873,0.20200020903565868,0.059353024310275254,0.1349429226225369,0.1403352391832205,0.07635023032604107,0.20525066383068583,0.18725790969441033,0.05317482589507158
96,24,0.09360710125888459,0.03313417659935962,0.2256461329947115,0.16183569510836762,0.04468162453683098,0.4240637334384493,0,False,2,0,0,0,0,0,0,2316,2149,655,1743,1178,1512,1472,2123,2030,2292,1587,1634,938,1782,1931,19,1524,1830,1565,17,914,0,1566,1552,0.03802259478197477,0.03640130280343391,0.2256461329947115,0.03845292345646841,0.08437826319077771,0.20987487637900643,0.05352816738102929,0.08326451621464893,0.08599484773380843,0.08795537154518727,0.06606823312827421,0.20987487637900643,0.17060248643363263,0.03802259478197477,0.0854119008727765,0.08635409692026623,0.03313417659935962,0.0770084312271383,0.042056393070543076,0.08240373509140261,0.1358111926819662,0.0650716693603182,0.17113320189759362,0.04009844528793107,0.12241012994918284,0.09405258136015983,0.24548164540172226,0.04468162453683098,0.09185928146136522,0.4240637334384493,0.10329453215817526,0.21977948199833813,0.16059323022847366,0.27785341405403213,0.13984592676098814,0.4240637334384493,0.1716530838865428,0.12241012994918284,0.30311281533167145,0.05191489034870628,0.0724444362212805,0.1851668582826871,0.059353024310275254,0.12369767907065882,0.1403352391832205,0.06998771113220431,0.18725790969441033,0.048743590403815616
97,24,0.09109192079396795,0.036265083962658595,0.2256461329947115,0.18095239111657666,0.048743590403815616,0.4240637334384493,0,False,2,0,0,0,0,0,0,2316,2149,655,1743,2331,1512,1472,2123,2030,2335,2292,1178,1634,938,1782,1931,19,2329,1830,1565,17,1587,1566,1552,0.03802259478197477,0.036265083962658595,0.2256461329947115,0.03778291911386187,0.03778291911386187,0.22357190420322415,0.05352816738102929,0.08592617479077361,0.08599484773380843,0.08592617479077361,0.08795537154518727,0.08437826319077771,0.20987487637900643,0.17060248643363263,0.03722241738481697,0.0854119008727765,0.08635409692026623,0.036265083962658595,0.0770084312271383,0.042056393070543076,0.08240373509140261,0.06499447692482244,0.17113320189759362,0.04009844528793107,0.12241012994918284,0.1695481995801465,0.24548164540172226,0.12429148915876173,0.12429148915876173,0.38872508898524516,0.10329453215817526,0.2847978584984766,0.16059323022847366,0.2847978584984766,0.27785341405403213,0.09185928146136522,0.4240637334384493,0.1716530838865428,0.11220928578675093,0.30311281533167145,0.05191489034870628,0.1695481995801465,0.1851668582826871,0.059353024310275254,0.12369767907065882,0.1281920995309058,0.18725790969441033,0.048743590403815616
98,24,0.08536410201237353,0.035973733361498936,0.2256461329947115,0.17997930549055044,0.04468162453683098,0.4240637334384493,0,False,2,0,0,0,0,0,0,2316,2149,655,1743,2331,1512,1472,2123,2030,2335,2292,1178,1634,938,2356,1782,1931,19,2329,1830,1565,17,1587,1552,0.03722241738481697,0.035973733361498936,0.2256461329947115,0.03700728166672213,0.03796169625414687,0.22357190420322415,0.05352816738102929,0.08592617479077361,0.08599484773380843,0.08803220469028158,0.08795537154518727,0.08437826319077771,0.20987487637900643,0.17060248643363263,0.03796169625414687,0.03633511510198124,0.0854119008727765,0.08635409692026623,0.035973733361498936,0.07672466407206133,0.04045054823192244,0.08240373509140261,0.06499447692482244,0.03845292345646841,0.11220928578675093,0.15541918294846763,0.24548164540172226,0.11393386506219826,0.19726719839553158,0.38872508898524516,0.10329453215817526,0.2847978584984766,0.16059323022847366,0.26106470362360357,0.27785341405403213,0.09185928146136522,0.4240637334384493,0.1716530838865428,0.19726719839553158,0.10285851197118835,0.30311281533167145,0.05191489034870628,0.15541918294846763,0.16973628675912986,0.05440693895108565,0.12369767907065882,0.1281920995309058,0.04468162453683098
99,24,0.08576759129154969,0.03554378261362052,0.2358171092462681,0.18454443986708066,0.05191489034870628,0.4240637334384493,0,False,2,0,0,0,0,0,0,2316,2149,655,1743,2331,1512,1472,2123,2030,2335,2292,1178,1634,938,2356,1782,1931,2376,19,2329,1830,1565,17,1587,0.03727219457194597,0.03554378261362052,0.2256461329947115,0.03700728166672213,0.03796169625414687,0.2358171092462681,0.05352816738102929,0.08592617479077361,0.08599484773380843,0.08803220469028158,0.08993603288009541,0.08437826319077771,0.20987487637900643,0.17060248643363263,0.03795021554456075,0.03633511510198124,0.0854119008727765,0.03727219457194597,0.08635409692026623,0.035973733361498936,0.07672466407206133,0.04045054823192244,0.08069866341444529,0.06372980807891349,0.1861918453045217,0.14246758436942866,0.24548164540172226,0.11393386506219826,0.19726719839553158,0.35633133156980806,0.10329453215817526,0.2847978584984766,0.16059323022847366,0.26106470362360357,0.25469896288286276,0.09185928146136522,0.4240637334384493,0.1716530838865428,0.18082826519590395,0.10285851197118835,0.30311281533167145,0.1861918453045217,0.05191489034870628,0.15541918294846763,0.16973628675912986,0.05440693895108565,0.11338953914810392,0.11750942456999697
100,24,0.0843536045341678,0.03537618959748274,0.2358171092462681,0.18545794122403828,0.04758864948631408,0.4240637334384493,0,False,2,0,0,0,0,0,0,2316,2149,655,1743,2331,1512,1472,2123,2030,2335,2292,1178,1634,938,2356,1782,1931,2376,19,2329,1830,1565,17,2401,0.03714551347141249,0.035894237672981395,0.2256461329947115,0.03614256191135824,0.03795021554456075,0.2358171092462681,0.05352816738102929,0.08592617479077361,0.08599484773380843,0.08803220469028158,0.09136682148782863,0.08189872082880603,0.20987487637900643,0.17060248643363263,0.03776445383956511,0.03537618959748274,0.08795537154518727,0.03727219457194597,0.08288396931338618,0.03554378261362052,0.07672466407206133,0.04045054823192244,0.0788010267954156,0.035894237672981395,0.17067585819581155,0.2139286190053096,0.24548164540172226,0.10443937630701507,0.18082826519590395,0.35633133156980806,0.10329453215817526,0.2847978584984766,0.16059323022847366,0.26106470362360357,0.23347404930929086,0.08420434133958479,0.4240637334384493,0.1716530838865428,0.1657592430962453,0.09428696930692265,0.27785341405403213,0.1861918453045217,0.04758864948631408,0.14246758436942866,0.16973628675912986,0.05440693895108565,0.10394041088576192,0.2139286190053096
101,24,0.08425144172152964,0.03435997981710144,0.2358171092462681,0.17802484454083448,0.04758864948631408,0.4240637334384493,0,False,2,0,0,0,0,0,0,2316,2149,655,1743,2331,1512,1472,2123,2030,2335,2292,1178,1634,938,2356,1782,1931,2376,19,2329,1830,1565,17,2401,0.03714551347141249,0.036051232006353365,0.2256461329947115,0.03614256191135824,0.03776445383956511,0.2358171092462681,0.052121862487119225,0.08803220469028158,0.08509027936601705,0.08959230584577393,0.09136682148782863,0.07932178671163856,0.20987487637900643,0.16933168275082974,0.03742132264542781,0.03435997981710144,0.08993603288009541,0.03727219457194597,0.08288396931338618,0.0349918021282093,0.07672466407206133,0.04045054823192244,0.0788010267954156,0.035894237672981395,0.17067585819581155,0.19610123408820046,0.24548164540172226,0.10443937630701507,0.1657592430962453,0.35633133156980806,0.09468665447832732,0.26106470362360357,0.14721046104276753,0.23930931165496994,0.23347404930929086,0.07718731289461939,0.4240637334384493,0.1573486602293309,0.15194597283822484,0.0864297218646791,0.25469896288286276,0.1861918453045217,0.04758864948631408,0.13059528567197626,0.16973628675912986,0.05440693895108565,0.10394041088576192,0.2139286190053096
102,24,0.08419891030499531,0.03329959647480579,0.2358171092462681,0.17879512857647584,0.04758864948631408,0.4240637334384493,0,False,2,0,0,0,0,0,0,2316,2149,655,1743,2331,1512,1472,2123,2030,2468,2292,1178,1634,938,2356,1782,1931,2376,19,2335,2329,1830,1565,2401,0.036858729522527084,0.03602856102048923,0.2256461329947115,0.0352043027130999,0.03742132264542781,0.2358171092462681,0.050630287336854256,0.08803220469028158,0.08509027936601705,0.07807520323046255,0.09227019780596996,0.07932178671163856,0.20987487637900643,0.16933168275082974,0.03693811896373795,0.03329959647480579,0.09136682148782863,0.03714551347141249,0.08288396931338618,0.0906261365206843,0.03433403120570992,0.07807520323046255,0.04045054823192244,0.036051232006353365,0.15645287001282723,0.1797594645808504,0.24548164540172226,0.09573609494809714,0.15194597283822484,0.35633133156980806,0.08679609993846671,0.26106470362360357,0.14721046104276753,0.23892492952920238,0.21401787853351661,0.07718731289461939,0.4240637334384493,0.1573486602293309,0.13928380843503943,0.0792272450426225,0.23347404930929086,0.17067585819581155,0.04758864948631408,0.21936686901705577,0.11971234519931157,0.23892492952920238,0.05440693895108565,0.19610123408820046
103,24,0.08443437962054899,0.0322068991189137,0.2358171092462681,0.17015879561711264,0.043622928695787905,0.38872508898524516,0,False,2,0,0,0,0,0,0,2316,2149,655,1743,2331,1512,1472,2123,2030,2468,2292,1178,1634,938,2356,1782,1931,2376,19,2335,2329,1830,1565,2401,0.036428747099307664,0.035841474359135976,0.2256461329947115,0.03420691192725483,0.03693811896373795,0.2358171092462681,0.050630287336854256,0.08803220469028158,0.08509027936601705,0.07896763251989508,0.09267608645659893,0.07932178671163856,0.22357190420322415,0.16933168275082974,0.03633207135236308,0.0322068991189137,0.09136682148782863,0.036858729522527084,0.07945694815334087,0.09116126979042789,0.03358609060973252,0.07807520323046255,0.03885215798133481,0.03602856102048923,0.14341513084509164,0.16477950919911286,0.24548164540172226,0.0877580870357557,0.13928380843503943,0.35633133156980806,0.08679609993846671,0.26106470362360357,0.14721046104276753,0.21901451873510216,0.19618305532239022,0.07718731289461939,0.38872508898524516,0.1573486602293309,0.12767682439878614,0.07262497462240396,0.23347404930929086,0.15645287001282723,0.043622928695787905,0.2010862965989678,0.10973631643270226,0.23892492952920238,0.04987302737182851,0.1797594645808504
104,24,0.08407664923211101,0.03109250675575809,0.2358171092462681,0.1632402637472278,0.043622928695787905,0.38872508898524516,0,False,2,0,0,0,0,0,0,2316,2149,655,1743,2331,1512,1472,2123,2030,2468,2292,1178,1634,938,2356,1782,1931,2376,19,2335,2329,1830,1565,2401,0.035872542811875886,0.035506070749711224,0.2256461329947115,0.0331635891368619,0.03633207135236308,0.2358171092462681,0.04907282161575017,0.08803220469028158,0.08509027936601705,0.07896763251989508,0.09267608645659893,0.07932178671163856,0.22357190420322415,0.16739830791295818,0.03561997716329116,0.03109250675575809,0.09227019780596996,0.036858729522527084,0.07945694815334087,0.09123123797822091,0.03276276919345407,0.07896763251989508,0.03726956835091587,0.035841474359135976,0.131463869941334,0.15104788343252012,0.24548164540172226,0.08044491311610939,0.12767682439878614,0.35633133156980806,0.07956309161026115,0.26106470362360357,0.14721046104276753,0.21901451873510216,0.19618305532239022,0.07718731289461939,0.38872508898524516,0.14423627187688665,0.11703708903222063,0.06657289340387029,0.21401787853351661,0.15645287001282723,0.043622928695787905,0.18432910521572046,0.10059162339664374,0.21901451873510216,0.04571694175750947,0.16477950919911286
105,24,0.08374582152224018,0.02996583407747241,0.2358171092462681,0.16775098079517145,0.0610251522868811,0.38872508898524516,0,False,2,0,0,0,0,0,0,2316,2149,655,1743,2331,1512,1472,2123,2030,2468,2292,1178,2538,2376,19,2335,2329,1634,938,2356,1782,1931,2401,2520,0.03611475986327887,0.0350387827507434,0.2256461329947115,0.03208629622377841,0.03633207135236308,0.2358171092462681,0.04907282161575017,0.08803220469028158,0.08509027936601705,0.07896763251989508,0.09261992926107922,0.07932178671163856,0.07804934141352156,0.036858729522527084,0.07804934141352156,0.09087373554542565,0.03187787508518588,0.22357190420322415,0.16739830791295818,0.03481792369453373,0.02996583407747241,0.09267608645659893,0.035506070749711224,0.03611475986327887,0.20384188077955617,0.13846055981314345,0.24548164540172226,0.07374117035643361,0.12767682439878614,0.35633133156980806,0.07956309161026115,0.26106470362360357,0.14721046104276753,0.21901451873510216,0.1798344673788577,0.07718731289461939,0.12332101797113892,0.15645287001282723,0.12332101797113892,0.16896834644774375,0.09220898811359009,0.38872508898524516,0.14423627187688665,0.10728399827953557,0.0610251522868811,0.19618305532239022,0.15104788343252012,0.20384188077955617
106,24,0.07788212616189688,0.028835146455466847,0.2358171092462681,0.16662497309058538,0.05593972292964101,0.38872508898524516,0,False,2,0,0,0,0,0,0,2316,2149,655,1743,2331,1512,1472,2123,2030,2468,2292,1178,2538,2563,2376,19,2335,2329,1634,2356,1782,1931,2401,2520,0.03611475986327887,0.03445595177812631,0.2256461329947115,0.03098576266439009,0.03561997716329116,0.2358171092462681,0.04907282161575017,0.08803220469028158,0.08509027936601705,0.07942608513000535,0.09261992926107922,0.07932178671163856,0.07642630605561367,0.03481642170361145,0.036428747099307664,0.07642630605561367,0.09087373554542565,0.030944141658134437,0.22357190420322415,0.03481642170361145,0.028835146455466847,0.09261992926107922,0.0350387827507434,0.036170384908855234,0.20384188077955617,0.12692217982871482,0.24548164540172226,0.06759607282673082,0.11703708903222063,0.35633133156980806,0.07956309161026115,0.26106470362360357,0.14721046104276753,0.2007633088405103,0.1798344673788577,0.07718731289461939,0.11304426647354401,0.1816769984229076,0.14341513084509164,0.11304426647354401,0.16896834644774375,0.08452490577079091,0.38872508898524516,0.1816769984229076,0.05593972292964101,0.1798344673788577,0.13846055981314345,0.18685505738125982
107,24,0.07750994293291423,0.02770762795193142,0.2358171092462681,0.1619192844206466,0.05127807935217092,0.38872508898524516,0,False,2,0,0,0,0,0,0,2316,2149,655,1743,2331,1512,1472,2123,2030,2468,2292,1178,2538,2563,2376,19,2335,2329,1634,2356,1782,1931,2401,2520,0.036170384908855234,0.03377348931972671,0.2256461329947115,0.029871517482390343,0.03481792369453373,0.2358171092462681,0.0474670044898692,0.08803220469028158,0.08509027936601705,0.07942608513000535,0.09261992926107922,0.07932178671163856,0.07462191741040526,0.034654236700436415,0.035872542811875886,0.07642630605561367,0.09087373554542565,0.029973178794538168,0.22357190420322415,0.034654236700436415,0.02770762795193142,0.09261992926107922,0.0350387827507434,0.036170384908855234,0.18685505738125982,0.11634533150965524,0.24548164540172226,0.061963066757836575,0.10728399827953557,0.35633133156980806,0.07293283397607271,0.26106470362360357,0.14721046104276753,0.2007633088405103,0.1798344673788577,0.07718731289461939,0.103623910934082,0.16653724855433197,0.131463869941334,0.11304426647354401,0.16896834644774375,0.077481163623225,0.38872508898524516,0.16653724855433197,0.05127807935217092,0.1798344673788577,0.13846055981314345,0.18685505738125982
108,24,0.0788855130966569,0.026589457622403147,0.2358171092462681,0.16289034176479963,0.047004906072823344,0.38872508898524516,0,False,2,0,0,0,0,0,0,2316,2149,655,1743,2331,1512,1472,2123,2030,2468,2292,1178,2538,2563,2609,2335,2329,1634,2356,1782,1931,2376,19,2604,0.036054145474336455,0.03377348931972671,0.2286448723018961,0.028751940893028582,0.03394108408609842,0.2358171092462681,0.0474670044898692,0.08959230584577393,0.08509027936601705,0.07947985572936217,0.09214091444247305,0.07932178671163856,0.07454224117947465,0.03434684904539491,0.029722735231958106,0.09087373554542565,0.029722735231958106,0.22357190420322415,0.03434684904539491,0.026589457622403147,0.09261992926107922,0.035872542811875886,0.07642630605561367,0.07454224117947465,0.17128380259948817,0.11634533150965524,0.2250248416182454,0.056799477861350194,0.09834366508957426,0.35633133156980806,0.07293283397607271,0.23930931165496994,0.14721046104276753,0.1840330331038011,0.16484826176395287,0.07718731289461939,0.17832191835624184,0.15265914450813764,0.1543577333212896,0.16896834644774375,0.1543577333212896,0.38872508898524516,0.15265914450813764,0.047004906072823344,0.1798344673788577,0.131463869941334,0.11304426647354401,0.17832191835624184
109,24,0.0844290209078513,0.025485890306050217,0.25284324649959394,0.17385419224901344,0.04308783056675473,0.40997038727232404,0,False,3,0,0,0,0,0,0,2316,2149,2629,655,1743,2331,1512,1472,2123,2030,2468,2292,1178,2538,2563,2609,2335,2329,1634,2356,1782,2621,2376,19,0.03578187993689096,0.03377348931972671,0.03478465657681935,0.2286448723018961,0.027634329761515423,0.03394108408609842,0.25284324649959394,0.0474670044898692,0.0906261365206843,0.08509027936601705,0.07916183776625854,0.09128041987624215,0.07932178671163856,0.07412531102595574,0.03478465657681935,0.029358765361692744,0.09087373554542565,0.029358765361692744,0.22357190420322415,0.033910117582744516,0.025485890306050217,0.25284324649959394,0.03520678005636786,0.07642630605561367,0.15701015238286414,0.11634533150965524,0.22327088246579285,0.2250248416182454,0.052066188039571006,0.09834366508957426,0.40997038727232404,0.07293283397607271,0.21936686901705577,0.14721046104276753,0.16869694701181767,0.15111090661695678,0.07718731289461939,0.16346175849322167,0.22327088246579285,0.1414945888778488,0.16896834644774375,0.1414945888778488,0.38872508898524516,0.1399375491324595,0.04308783056675473,0.40997038727232404,0.12050854744622282,0.11304426647354401
110,24,0.0759951957014116,0.024401338913831717,0.25284324649959394,0.16323352013789855,0.03949717801952517,0.40997038727232404,0,False,3,0,0,0,0,0,0,2316,2149,2629,655,1743,2331,2655,1512,1472,2123,2030,2468,2292,1178,2538,2563,2609,2335,2329,2356,1782,2621,2376,19,0.03536998019733738,0.0330066172820794,0.03502833660997607,0.2286448723018961,0.02652497202364078,0.033003577910268304,0.02964015840739583,0.25284324649959394,0.0474670044898692,0.0906261365206843,0.08509027936601705,0.07850713763997638,0.09128041987624215,0.07932178671163856,0.07340455019417523,0.03502833660997607,0.02964015840739583,0.09012902440548691,0.028894959895500873,0.0333598586045293,0.024401338913831717,0.25284324649959394,0.03520678005636786,0.07462191741040526,0.14392597301762547,0.10664988721718396,0.20466497559364344,0.2250248416182454,0.04772733903627342,0.09014835966544307,0.21303670647136141,0.40997038727232404,0.07293283397607271,0.21936686901705577,0.14721046104276753,0.1546388680941662,0.15111090661695678,0.07718731289461939,0.1498399452854532,0.20466497559364344,0.21303670647136141,0.15488765091043177,0.12970337313802807,0.12827608670475454,0.03949717801952517,0.40997038727232404,0.12050854744622282,0.103623910934082
111,24,0.075703564289695,0.024401338913831717,0.25284324649959394,0.156354951077012,0.03949717801952517,0.40997038727232404,0,False,3,0,0,0,0,0,0,2316,2149,2629,655,1743,2331,2655,1512,1472,2123,2030,2468,2292,1178,2538,2563,2609,2335,2329,2356,1782,2621,2376,19,0.03483492539158452,0.03216967867694964,0.03509037721356725,0.2286448723018961,0.02542922614944758,0.03201838628918335,0.02976236252307682,0.25284324649959394,0.0474670044898692,0.09116126979042789,0.08509027936601705,0.07755188466680063,0.09128041987624215,0.07932178671163856,0.07241398390779201,0.03509037721356725,0.02976236252307682,0.09012902440548691,0.028344714639513192,0.0333598586045293,0.024401338913831717,0.25284324649959394,0.03520678005636786,0.07266813624262658,0.13193214193282335,0.09776239661575196,0.1876095609608398,0.2250248416182454,0.04375006078325064,0.08263599635998949,0.19528364759874794,0.40997038727232404,0.07293283397607271,0.2010862965989678,0.14721046104276753,0.14175229575298567,0.15111090661695678,0.07718731289461939,0.1373532831783321,0.1876095609608398,0.19528364759874794,0.15488765091043177,0.11889475870985906,0.12827608670475454,0.03949717801952517,0.40997038727232404,0.12050854744622282,0.0949885850229085
112,24,0.06628574220287671,0.023339455925010025,0.25284324649959394,0.1536087340242618,0.03620574651789807,0.40997038727232404,0,False,3,0,0,0,0,0,0,2316,2149,2629,655,1743,2694,2655,1512,1472,2123,2030,2468,2331,2538,2563,2609,2335,2292,1178,2356,1782,2376,19,2693,0.03419290433092604,0.03127600907713557,0.0349850011893687,0.2286448723018961,0.024351602555993255,0.030503746228185618,0.030503746228185618,0.25284324649959394,0.0474670044898692,0.09116126979042789,0.08509027936601705,0.07633224097383502,0.031796729774019525,0.07118737677897655,0.03509037721356725,0.029736835809421013,0.09012902440548691,0.09128041987624215,0.07932178671163856,0.03271150873759097,0.023339455925010025,0.03444750858900792,0.07266813624262658,0.031796729774019525,0.12093779677175473,0.08961553023110597,0.1719754308807698,0.2250248416182454,0.040104222384646414,0.2623433436321856,0.2623433436321856,0.40997038727232404,0.07293283397607271,0.2010862965989678,0.14721046104276753,0.12993960444023686,0.1590829966633237,0.12590717624680442,0.1876095609608398,0.17901001029885227,0.15488765091043177,0.15111090661695678,0.07718731289461939,0.11758641281269167,0.03620574651789807,0.11046616849237091,0.0949885850229085,0.1590829966633237
113,24,0.06446916526658107,0.022303212393259792,0.25284324649959394,0.16889621898326138,0.03318860097473989,0.40997038727232404,0,False,3,0,0,0,0,0,0,2316,2149,2629,655,1743,2694,2655,1512,1472,2123,2718,2030,2468,2331,2538,2563,2609,2335,2292,1178,2714,1782,2376,2693,0.03345952074797523,0.03033785920054771,0.03562315628690123,0.2286448723018961,0.023295844588303777,0.03105545182014895,0.03185636923156934,0.25284324649959394,0.045828548120494625,0.09116126979042789,0.03185636923156934,0.08509027936601705,0.07633224097383502,0.03144895831380446,0.07118737677897655,0.0349850011893687,0.029736835809421013,0.09012902440548691,0.09008068740948544,0.07932178671163856,0.03562315628690123,0.022303212393259792,0.0336099406265185,0.03144895831380446,0.11085964704077517,0.0821475693785138,0.24097747830737232,0.2250248416182454,0.036762203852592545,0.24048139832950344,0.3238147316628368,0.40997038727232404,0.06685509781139998,0.2010862965989678,0.3238147316628368,0.14721046104276753,0.12993960444023686,0.1458260802747134,0.12590717624680442,0.1719754308807698,0.17901001029885227,0.15488765091043177,0.1385183310655437,0.07718731289461939,0.24097747830737232,0.03318860097473989,0.10126065445134,0.1458260802747134
114,24,0.06444613450894167,0.021294973252678515,0.268283385587882,0.16566846345294764,0.030422884226844898,0.3758061883329637,0,False,4,0,0,0,0,0,0,2316,2748,2149,2629,655,1743,2694,2655,1512,1472,2123,2718,2030,2468,2331,2538,2563,2609,2335,1178,2714,1782,2376,2693,0.03264957316930137,0.07681484628644085,0.029366359404410788,0.036051062454883355,0.2286448723018961,0.02226500729121303,0.031424123984797395,0.032995787112348796,0.268283385587882,0.04417138938276371,0.09123123797822091,0.032995787112348796,0.08509027936601705,0.07681484628644085,0.030989706778868042,0.07118737677897655,0.03472753613908932,0.029576211201672843,0.09012902440548691,0.07932178671163856,0.03562315628690123,0.021294973252678515,0.0336099406265185,0.03144895831380446,0.10162134312071057,0.20244463740355045,0.07530193859697097,0.22089602178175796,0.2250248416182454,0.033698686864876495,0.2204412818020448,0.2968301706909337,0.3758061883329637,0.06128383966044998,0.18432910521572046,0.2968301706909337,0.14721046104276753,0.20244463740355045,0.13367390691848727,0.12590717624680442,0.15764414497403897,0.16409250944061457,0.15488765091043177,0.07718731289461939,0.24097747830737232,0.030422884226844898,0.10126065445134,0.1458260802747134
115,24,0.06415256919430966,0.020316568111553458,0.268283385587882,0.16498367891601426,0.02788764387460782,0.3758061883329637,0,False,4,0,0,0,0,0,0,2316,2748,2149,2629,655,1743,2694,2655,1512,1472,2123,2718,2030,2468,2331,2767,2538,2563,2609,2335,1178,1782,2376,2693,0.03177690006033217,0.07690305635684025,0.028371517611238083,0.036279473712755576,0.2286448723018961,0.021261532696073927,0.03161919245152722,0.034793383156846505,0.268283385587882,0.04250776964684799,0.09123123797822091,0.03391862476332175,0.08509027936601705,0.07690305635684025,0.030433398053504614,0.034793383156846505,0.06975754745831013,0.034333869730355585,0.02929380040697897,0.09012902440548691,0.07932178671163856,0.020316568111553458,0.03270829380324923,0.030989706778868042,0.09315289786065135,0.18557425095325458,0.06902677704722339,0.20248801996661145,0.2250248416182454,0.03089046295947012,0.20207117498520774,0.3554276564666893,0.3758061883329637,0.05617685302207914,0.18432910521572046,0.2720943231333559,0.14721046104276753,0.18557425095325458,0.12253441467527999,0.3554276564666893,0.11541491155957072,0.14450713289286907,0.1504181336538967,0.15488765091043177,0.07718731289461939,0.02788764387460782,0.092822266580395,0.13367390691848727
116,24,0.06399135935785047,0.019369357038980822,0.268283385587882,0.159652982077413,0.025563673551723835,0.3758061883329637,0,False,4,0,0,0,0,0,0,2316,2748,2149,2629,655,1743,2694,2655,1512,1472,2123,2718,2030,2468,2331,2767,2538,2563,2609,2806,2335,1178,1782,2693,0.030854280530382628,0.07662842088761913,0.027362243106996458,0.036321576470064974,0.2286448723018961,0.020287320755122736,0.0316521911240619,0.03635836596176542,0.268283385587882,0.040848334088728074,0.09123123797822091,0.03462653568399217,0.08509027936601705,0.07662842088761913,0.02979397082951306,0.03635836596176542,0.06975754745831013,0.034333869730355585,0.028903172174018915,0.03257466749446846,0.09012902440548691,0.07932178671163856,0.019369357038980822,0.030433398053504614,0.08539015637226374,0.17010973004048335,0.06327454562662144,0.18561401830272714,0.2250248416182454,0.028316257712847608,0.18523191040310708,0.32580868509446514,0.3758061883329637,0.051495448603572545,0.18432910521572046,0.24941979620557625,0.14721046104276753,0.17010973004048335,0.11232321345233999,0.32580868509446514,0.11541491155957072,0.14450713289286907,0.13788328918273862,0.16842041103202876,0.15488765091043177,0.07718731289461939,0.025563673551723835,0.12253441467527999
117,24,0.0641345255461111,0.018930225665960036,0.268283385587882,0.16569674259601005,0.025956569570110305,0.3758061883329637,0,False,4,0,0,0,0,0,0,2316,2748,2149,2629,655,1743,2694,2655,2811,2030,2468,2331,1512,1472,2123,2718,2335,1178,2767,2538,2563,2609,2806,2830,0.030854280530382628,0.07602475094172848,0.027362243106996458,0.03712566378966331,0.2286448723018961,0.019343795383571005,0.0316521911240619,0.03767984633326599,0.03712566378966331,0.08509027936601705,0.07662842088761913,0.029084674803314555,0.268283385587882,0.039202243505555345,0.09123123797822091,0.03462653568399217,0.08903856374180602,0.07932178671163856,0.03767984633326599,0.06975754745831013,0.03381999327414359,0.028417804998416528,0.03230275980929514,0.018930225665960036,0.08539015637226374,0.1559339192037764,0.06327454562662144,0.2534795167774999,0.2250248416182454,0.025956569570110305,0.18523191040310708,0.29865796133659306,0.2534795167774999,0.14721046104276753,0.17010973004048335,0.10296294566464499,0.3758061883329637,0.0472041612199415,0.18432910521572046,0.24941979620557625,0.14198034666789577,0.07718731289461939,0.29865796133659306,0.11541491155957072,0.1324648718184633,0.12639301508417705,0.15438537677935968,0.10676670075574686
118,24,0.06448817953633261,0.018431965326505755,0.2819553724820155,0.1545963038151722,0.023793522105934446,0.34448900597188337,0,False,4,0,0,0,0,0,0,2316,2748,2149,2629,655,1743,2694,2655,2811,2030,2468,2331,1512,1472,2123,2718,2335,1178,2767,2538,2563,2609,2806,2830,0.0298933811138506,0.07602475094172848,0.02634638964612885,0.03770341433570898,0.2286448723018961,0.018431965326505755,0.031536131066154424,0.038753524194907324,0.03770341433570898,0.08388021818388468,0.07602475094172848,0.028317925081060413,0.2819553724820155,0.039202243505555345,0.09087373554542565,0.03512543097100592,0.08903856374180602,0.07932178671163856,0.038753524194907324,0.06815584549250688,0.03381999327414359,0.027850810743129263,0.03190744328769336,0.01845082145289222,0.07827431000790842,0.1559339192037764,0.058001666824402984,0.23235622371270825,0.2250248416182454,0.023793522105934446,0.1697959178695148,0.27376979789187694,0.23235622371270825,0.1349429226225369,0.1559339192037764,0.09438270019259123,0.34448900597188337,0.0472041612199415,0.16896834644774375,0.2286348131884449,0.14198034666789577,0.07718731289461939,0.27376979789187694,0.10579700226293982,0.1324648718184633,0.11586026382716229,0.14151992871441305,0.09786947569276795
119,24,0.0675928733744655,0.017552479765191135,0.2819553724820155,0.1797566612065599,0.021810728597106574,0.34448900597188337,0,False,5,0,0,0,0,0,0,2316,2748,2149,2629,2874,655,1743,2694,2655,2866,2811,2030,2468,2331,1512,2863,2123,2718,2335,1178,2767,2538,1472,2806,0.028904739763531688,0.07512694913177732,0.025330812293922512,0.038064281837389954,0.04060170247059364,0.2286448723018961,0.017552479765191135,0.03128494307148969,0.04060170247059364,0.0770644666399752,0.038064281837389954,0.08388021818388468,0.0770644666399752,0.027505207183279652,0.2819553724820155,0.04060170247059364,0.09087373554542565,0.03542468024357507,0.08764386934469455,0.07667508877336907,0.04060170247059364,0.06815584549250688,0.039202243505555345,0.03140359706795205,0.07175145084058272,0.142939425936795,0.053168194589036065,0.21299320506998257,0.33428898140088714,0.2250248416182454,0.021810728597106574,0.15564625804705523,0.33428898140088714,0.22627275927012835,0.21299320506998257,0.1349429226225369,0.22627275927012835,0.08651747517654196,0.34448900597188337,0.33428898140088714,0.16896834644774375,0.2095819120894078,0.13014865111223778,0.07075503682006777,0.33428898140088714,0.10579700226293982,0.0472041612199415,0.1297266013215453
120,24,0.06582459251826485,0.01670567872536044,0.2819553724820155,0.17660760852196844,0.019993167880681024,0.34448900597188337,0,False,5,0,0,0,0,0,0,2316,2748,2149,2629,2874,655,1743,2893,2811,2030,2468,2694,2655,2866,2890,2863,2123,2718,2335,2331,1512,1472,2806,1178,0.028904739763531688,0.07397003335600465,0.024321433384366518,0.03822075227183395,0.04217747498554182,0.2286448723018961,0.01670567872536044,0.02734450652024064,0.03920646216101469,0.08388021818388468,0.0776696105988141,0.030912997859559692,0.04217747498554182,0.0776696105988141,0.03920646216101469,0.04217747498554182,0.09012902440548691,0.03553632969221153,0.08764386934469455,0.02734450652024064,0.2819553724820155,0.039202243505555345,0.030805780384559188,0.07398329126063166,0.07175145084058272,0.13102780710872874,0.04873751170661639,0.1952437713141507,0.30643156628414653,0.2250248416182454,0.019993167880681024,0.16264101891183014,0.27857710464748403,0.1349429226225369,0.20741669599761764,0.14267573654313395,0.30643156628414653,0.20741669599761764,0.27857710464748403,0.30643156628414653,0.15488765091043177,0.1921167527486238,0.13014865111223778,0.16264101891183014,0.34448900597188337,0.0472041612199415,0.1189160512114165,0.0648587837517288
121,24,0.06430593223218349,0.015891638457516743,0.2819553724820155,0.18892863658428452,0.018327070557290936,0.34448900597188337,0,False,5,0,0,0,0,0,0,2316,2748,2149,2629,2874,655,1743,2893,2811,2030,2468,2694,2655,2866,2918,2863,2123,2718,2335,2331,1512,2890,1472,2923,0.02789777904849414,0.07397003335600465,0.023323313840358142,0.038187544408302895,0.0434738655989646,0.2286448723018961,0.015891638457516743,0.027072396766637797,0.04009747690180047,0.08240373509140261,0.07786716744223691,0.030434705926566993,0.0434738655989646,0.0776696105988141,0.04113158735656585,0.0434738655989646,0.08903856374180602,0.03547437016688137,0.08598559495935157,0.02777059153336836,0.2819553724820155,0.04113158735656585,0.039202243505555345,0.02777059153336836,0.06577216327053416,0.13102780710872874,0.04467605239773169,0.17897345703797146,0.2808956024271343,0.2250248416182454,0.018327070557290936,0.14908760066917762,0.25536234592686036,0.12369767907065882,0.1901319713311495,0.13078609183120612,0.2808956024271343,0.20741669599761764,0.3386956792601937,0.2808956024271343,0.14198034666789577,0.17610702335290515,0.11930293018621796,0.23242093400251096,0.34448900597188337,0.3386956792601937,0.0472041612199415,0.23242093400251096
122,24,0.05445082747204167,0.015110212033966397,0.2286448723018961,0.18069058346754233,0.016799814677516692,0.3408209688915398,0,False,5,0,0,0,0,0,0,2316,2748,2149,2629,2874,655,1743,2893,2811,2030,2468,2694,2940,2866,2918,2863,2123,2718,2335,2331,2655,2890,1472,2923,0.026880841523357724,0.07397003335600465,0.022340726876435364,0.037980884126961524,0.044490744941336736,0.2286448723018961,0.015110212033966397,0.02670143785848013,0.04074295568606109,0.08069866341444529,0.07768820116523104,0.02986419465190601,0.0456381573981557,0.07786716744223691,0.042780695900878886,0.044490744941336736,0.08764386934469455,0.035254077128745204,0.08598559495935157,0.02803689800862084,0.0456381573981557,0.04113158735656585,0.039202243505555345,0.02803689800862084,0.06029114966465631,0.13102780710872874,0.04095304803125405,0.16405900228480716,0.2574876355582064,0.2250248416182454,0.016799814677516692,0.13666363394674613,0.23408215043295533,0.11338953914810392,0.17428764038688704,0.11988725084527227,0.3408209688915398,0.1901319713311495,0.3104710393218442,0.2574876355582064,0.13014865111223778,0.16143143807349639,0.11930293018621796,0.21305252283563503,0.3408209688915398,0.3386956792601937,0.0472041612199415,0.21305252283563503
123,24,0.054358093348129945,0.014361065456030594,0.23035975972885997,0.1707155141576997,0.015399830121056966,0.3408209688915398,0,False,5,0,0,0,0,0,0,2316,2748,2149,2629,2874,655,1743,2893,2811,2030,2468,2694,2940,2866,2918,2863,2123,2718,2335,2331,2655,2890,1472,2923,0.02586124124146927,0.07258834844252877,0.02137723177603917,0.037617867597967564,0.044490744941336736,0.23035975972885997,0.014361065456030594,0.026244077179540283,0.041152804544596015,0.08069866341444529,0.07768820116523104,0.029215057228794257,0.04749621505862334,0.07786716744223691,0.04414554664690854,0.044490744941336736,0.08764386934469455,0.03489143488278991,0.0841028196037441,0.028152616720908272,0.0456381573981557,0.042780695900878886,0.03757729297709439,0.028152616720908272,0.055266887192601616,0.12010882318300134,0.03754029402864954,0.15038741876107323,0.2574876355582064,0.2062727714833916,0.015399830121056966,0.12527499778451728,0.21457530456354237,0.11338953914810392,0.17428764038688704,0.10989664660816624,0.31241922148391144,0.1901319713311495,0.28459845271169054,0.2574876355582064,0.13014865111223778,0.14797881823403836,0.10936101933736646,0.19529814593266542,0.3408209688915398,0.3104710393218442,0.043270481118279705,0.19529814593266542
124,24,0.05325697588483757,0.013995579681464735,0.23035975972885997,0.16574106942674313,0.034411936192928747,0.31241922148391144,0,False,5,0,0,0,0,0,0,2316,2982,2149,2629,2874,655,1743,2748,2893,2811,2030,2468,2694,2940,2866,2918,2863,2123,2718,2335,2331,2655,2890,2923,0.024845326361350516,0.013995579681464735,0.02043574600671188,0.037115919924703464,0.044490744941336736,0.23035975972885997,0.013995579681464735,0.07101495263077262,0.02571240025382924,0.041340286178596586,0.08069866341444529,0.0771664298677476,0.028500166119117355,0.04903825849434609,0.07768820116523104,0.04414554664690854,0.045233864121162225,0.08598559495935157,0.03440264997431437,0.0841028196037441,0.02812858488755553,0.04749621505862334,0.04414554664690854,0.02812858488755553,0.050661313259884815,0.09744984427763556,0.034411936192928747,0.1378551338643171,0.2574876355582064,0.2062727714833916,0.09744984427763556,0.1100997545844179,0.1148354146358075,0.19669402918324716,0.11338953914810392,0.15976367035464645,0.10073859272415238,0.28638428636025215,0.17428764038688704,0.28459845271169054,0.23603033259502254,0.11930293018621796,0.13564725004786848,0.10936101933736646,0.17902330043827663,0.31241922148391144,0.28459845271169054,0.17902330043827663
125,24,0.05438284166177368,0.0136055931155877,0.23035975972885997,0.17415245445828276,0.031544274843518016,0.3697176196935855,0,False,5,0,0,0,0,0,0,2316,2982,2149,2629,2874,655,1743,2748,2893,2811,2030,2468,2694,2940,2866,3003,2918,2863,2123,2718,2335,3004,2890,3021,0.023838548705194487,0.0136055931155877,0.019518614413329013,0.037433483899210626,0.04640044155723603,0.23035975972885997,0.0136055931155877,0.06928116122547354,0.02571240025382924,0.041321149437701474,0.08069866341444529,0.0771664298677476,0.02773154278553672,0.04903825849434609,0.0771664298677476,0.037433483899210626,0.04522501740681775,0.0457138266554124,0.0841028196037441,0.03380375293610694,0.0841028196037441,0.04640044155723603,0.04522501740681775,0.050302950931645406,0.04643953715489441,0.08932902392116593,0.031544274843518016,0.20970053937562402,0.31936366592835586,0.2062727714833916,0.08932902392116593,0.1009247750357164,0.1148354146358075,0.18030286008464322,0.11338953914810392,0.15976367035464645,0.09234370999713967,0.28638428636025215,0.15976367035464645,0.20970053937562402,0.26088191498571633,0.21636113821210398,0.10936101933736646,0.12434331254387944,0.10936101933736646,0.31936366592835586,0.26088191498571633,0.3697176196935855
126,24,0.05079591548081284,0.013196423013526092,0.23035975972885997,0.1899817131625973,0.028915585273224846,0.4222411513857868,0,False,5,0,0,0,0,0,0,2316,2982,2149,2629,2874,3047,1743,2748,2893,3027,2811,655,2694,2940,2866,3003,2918,2863,2123,2718,2030,3032,3004,3021,0.022845536947739505,0.013196423013526092,0.018627674619900524,0.03852119350399473,0.0480001826985704,0.05413745720496113,0.013196423013526092,0.0674162274162829,0.025765730456308193,0.03852119350399473,0.04111283672413975,0.23035975972885997,0.02692027520090269,0.04903825849434609,0.07633698722074235,0.03755271230760437,0.04602413590848864,0.0457138266554124,0.0841028196037441,0.03311028354217843,0.08069866341444529,0.025765730456308193,0.0480001826985704,0.05413745720496113,0.04256957572531988,0.0818849385944021,0.028915585273224846,0.2755588277609887,0.29275002710099285,0.4222411513857868,0.0818849385944021,0.09251437711607335,0.18859913008282353,0.2755588277609887,0.16527762174425628,0.2062727714833916,0.08464840083071136,0.28638428636025215,0.1464500311584259,0.19222549442765535,0.2391417554035733,0.21636113821210398,0.10936101933736646,0.11398136983188949,0.11338953914810392,0.18859913008282353,0.29275002710099285,0.4222411513857868
127,24,0.050926746087142184,0.01277289845728621,0.23035975972885997,0.17812342472777343,0.026505953167122776,0.3870543887703045,0,False,5,0,0,0,0,0,0,2316,2982,2149,2629,2874,3047,1743,2748,2893,3027,2811,655,2694,2940,2866,3003,2918,2863,2123,2718,2030,3032,3004,3021,0.021870170833258845,0.01277289845728621,0.017764318084476455,0.03936334295518237,0.0480001826985704,0.05764118786638502,0.01277289845728621,0.06544713961080016,0.025695477299450542,0.03852119350399473,0.04073378652429225,0.23035975972885997,0.026076474876186962,0.050262503444011494,0.07633698722074235,0.03748837890328174,0.04655303644091337,0.0459450630551861,0.0841028196037441,0.03311028354217843,0.0788010267954156,0.025695477299450542,0.04928631102407371,0.05764118786638502,0.03902211108154322,0.07506119371153526,0.026505953167122776,0.25259559211423965,0.29275002710099285,0.3870543887703045,0.07506119371153526,0.0848048456897339,0.1728825359092549,0.2755588277609887,0.1515044865989016,0.2062727714833916,0.07759436742815208,0.26251892916356445,0.1464500311584259,0.17620670322535073,0.21921327578660885,0.1983310433610953,0.10936101933736646,0.11398136983188949,0.10394041088576192,0.1728825359092549,0.26835419150924344,0.3870543887703045
128,24,0.05029465719651211,0.012339359922937505,0.23035975972885997,0.16845715859893598,0.02429712373652921,0.3547998563727791,0,False,5,0,0,0,0,0,0,2316,2982,2149,2629,2874,3047,1743,2748,2893,3027,2811,655,2694,2940,2866,3003,2918,2863,2123,2718,2030,3032,3004,3081,0.02091565443589441,0.012339359922937505,0.016929546499450335,0.03996602028035146,0.04928631102407371,0.06076979610545161,0.012339359922937505,0.06339851519384346,0.02551285793915948,0.04037852015907875,0.04073378652429225,0.23035975972885997,0.025209265717019758,0.05117409222061331,0.07633698722074235,0.03725661920505045,0.04682591038616366,0.04594485632910424,0.0841028196037441,0.032337052111911437,0.0788010267954156,0.02551285793915948,0.05026227729195705,0.04037852015907875,0.03577026849141462,0.06880609423557399,0.02429712373652921,0.231545959438053,0.26835419150924344,0.3547998563727791,0.06880609423557399,0.0777377752155894,0.15847565791681698,0.335928925447573,0.1515044865989016,0.2062727714833916,0.07112817014247273,0.2406423517332674,0.1464500311584259,0.16152281128990484,0.20094550280439144,0.18180345641433734,0.10936101933736646,0.10448292234589869,0.10394041088576192,0.15847565791681698,0.2459913422168065,0.335928925447573
129,24,0.05016391711395198,0.011899670001834405,0.23035975972885997,0.15701671917771629,0.022272363425151775,0.3252332016750475,0,False,5,0,0,0,0,0,0,2316,2982,2149,2629,2874,3047,1743,2748,2893,3027,2811,655,2694,2940,2866,3003,2918,2863,2123,2718,2030,3032,3004,3081,0.01998458699806217,0.011899670001834405,0.016124023421000735,0.03996602028035146,0.05026227729195705,0.06349201481362125,0.011899670001834405,0.06129257199459883,0.02522952309872432,0.04196490242771021,0.040202838906402784,0.23035975972885997,0.024326797783037837,0.05178393558323852,0.07523537966740303,0.03687432145390783,0.04682591038616366,0.045732451657997254,0.0841028196037441,0.031497967944051984,0.07674462955406985,0.02522952309872432,0.050937512609841244,0.04196490242771021,0.03278941278379673,0.06307225304927615,0.022272363425151775,0.231545959438053,0.2459913422168065,0.3252332016750475,0.06307225304927615,0.07125962728095694,0.14526935309041555,0.3079348483269419,0.13887911271565978,0.2062727714833916,0.06520082263060001,0.22058882242216177,0.13424586189522372,0.1480625770157461,0.20094550280439144,0.16665316837980923,0.10936101933736646,0.09577601215040712,0.0952787099786151,0.14526935309041555,0.22549206369873928,0.3079348483269419
130,24,0.04957483564989732,0.011457232432863921,0.23035975972885997,0.1520221157618916,0.02041633313972246,0.29813043486879354,0,False,5,0,0,0,0,0,0,2316,2982,2149,2629,2874,3047,1743,2748,2893,3027,2811,655,3126,2694,2940,2866,3003,2918,2863,2123,2718,2030,3004,3081,0.019079030310624082,0.011457232432863921,0.015348121155806157,0.04033938764751407,0.050937512609841244,0.06578908888228506,0.011752713464513809,0.06129257199459883,0.02485721803369938,0.04327297589575595,0.040202838906402784,0.23035975972885997,0.011752713464513809,0.02343627988277396,0.05178393558323852,0.07523537966740303,0.03635861178127347,0.04682591038616366,0.045732451657997254,0.08203251959669335,0.03060592537853416,0.07674462955406985,0.051326271686353564,0.04327297589575595,0.030056961718480338,0.05781623196183647,0.02041633313972246,0.21225046281821525,0.22549206369873928,0.29813043486879354,0.1411495652951698,0.07125962728095694,0.13316357366621426,0.2822736109663634,0.13887911271565978,0.2062727714833916,0.1411495652951698,0.05976742074471667,0.22058882242216177,0.13424586189522372,0.13572402893110058,0.20094550280439144,0.16665316837980923,0.10024760105925258,0.08779467780453987,0.0952787099786151,0.206701058390511,0.2822736109663634
131,24,0.04814714491348465,0.011015017035929204,0.23035975972885997,0.1409576366202565,0.027552214908606976,0.27328623196306073,0,False,5,0,0,0,0,0,0,2316,2982,2149,2629,3146,3047,1743,2748,2893,3027,2874,655,3126,2694,2940,2866,3003,2811,2030,3004,2918,2863,2123,2718,0.018200571946337934,0.011015017035929204,0.014978546400352082,0.040496784645068916,0.014978546400352082,0.0676537356268372,0.011565928053626804,0.06129257199459883,0.024407507015026236,0.04430225234970947,0.051326271686353564,0.23035975972885997,0.011565928053626804,0.022544025816448838,0.05178393558323852,0.07523537966740303,0.03635861178127347,0.03953874463019778,0.0745607862949743,0.051326271686353564,0.04682591038616366,0.045732451657997254,0.07980920143574136,0.029672738047160904,0.027552214908606976,0.052998212631683424,0.10204830537807894,0.19456292425003063,0.10204830537807894,0.27328623196306073,0.1293871015205723,0.07125962728095694,0.12206660919402973,0.2587508100524998,0.206701058390511,0.2062727714833916,0.1293871015205723,0.054786802349323614,0.22058882242216177,0.13424586189522372,0.13572402893110058,0.12730585332268812,0.08733881748039717,0.206701058390511,0.20094550280439144,0.16665316837980923,0.09189363430431487,0.08047845465416154
132,24,0.04788755406057704,0.010575588548499888,0.23035975972885997,0.1317335701781304,0.025256196999556394,0.25051237929947234,0,False,5,0,0,0,0,0,0,2316,2982,2149,2629,3146,3047,1743,2748,2893,3027,2874,655,3126,2694,2940,2866,3003,2811,2030,3004,2918,2863,2123,2718,0.017350383934918966,0.010575588548499888,0.014579936280336691,0.04045388396475152,0.014579936280336691,0.06908878846049217,0.011344673655968852,0.059149160592500236,0.023891557336539145,0.04505816219916658,0.051326271686353564,0.23035975972885997,0.011344673655968852,0.02165550992931878,0.052107542966367014,0.07523537966740303,0.03572643276257775,0.03875977332470079,0.0745607862949743,0.051446509607971834,0.04686000228049853,0.045328270480877966,0.07980920143574136,0.028709112378724467,0.025256196999556394,0.04858169491237647,0.09354427992990569,0.17834934722919474,0.09354427992990569,0.25051237929947234,0.11860484306052461,0.06532132500754387,0.11189439176119391,0.2371882425481248,0.206701058390511,0.2062727714833916,0.11860484306052461,0.05022123548687998,0.2022064205536483,0.13424586189522372,0.1244136931868422,0.11669703221246411,0.08733881748039717,0.18947597019130175,0.1842000442373588,0.15276540434815847,0.09189363430431487,0.07377191676631474
133,24,0.04169744596168534,0.010402676807605819,0.23035975972885997,0.13976431655467073,0.023151513916260028,0.25051237929947234,0,False,7,0,0,0,0,0,0,2316,2982,3204,3193,2149,2629,3146,3047,1743,2748,2893,3027,2874,655,3126,2694,2940,2866,3003,2811,2030,3198,2918,2718,0.016529276684018074,0.010402676807605819,0.011380212455932341,0.010402676807605819,0.014158170253860566,0.04045388396475152,0.014158170253860566,0.06908878846049217,0.011380212455932341,0.059149160592500236,0.023319977152476332,0.045551031220898416,0.051446509607971834,0.23035975972885997,0.011380212455932341,0.020775428426923603,0.05216389985181607,0.07523537966740303,0.034994210259737944,0.03788341273475352,0.0745607862949743,0.011380212455932341,0.04686000228049853,0.027724652205710517,0.023151513916260028,0.12786655366967845,0.19205443947214756,0.12786655366967845,0.08574892326908021,0.17834934722919474,0.08574892326908021,0.25051237929947234,0.19205443947214756,0.06532132500754387,0.10256985911442774,0.2174225556691144,0.18947597019130175,0.2062727714833916,0.19205443947214756,0.04603613252963998,0.18535588550751092,0.13424586189522372,0.11404588542127202,0.1069722795280921,0.08733881748039717,0.19205443947214756,0.1842000442373588,0.0676242570357885
134,24,0.04140962777451652,0.010199330463921649,0.23087170795016607,0.1299131874223672,0.021222221089905024,0.25051237929947234,0,False,7,0,0,0,0,0,0,2316,2982,3204,3193,2149,2629,3146,3047,1743,2748,2893,3027,2874,655,3126,2694,2940,2866,3003,2811,2030,3198,2918,2718,0.015737748115164932,0.010199330463921649,0.011360172159654958,0.010199330463921649,0.01371861875273421,0.040227926089803405,0.01371861875273421,0.06908878846049217,0.011360172159654958,0.059149160592500236,0.02270270054038165,0.045795056770350256,0.05131883709857107,0.23087170795016607,0.011360172159654958,0.019907763612313688,0.05197443363908044,0.07389663634153415,0.034994210259737944,0.03692614900238546,0.0745607862949743,0.011360172159654958,0.04667468749832132,0.02672788725068768,0.021222221089905024,0.11721100753053856,0.1760499028494686,0.11721100753053856,0.07860317966332352,0.16348690162676183,0.07860317966332352,0.25051237929947234,0.1760499028494686,0.06532132500754387,0.0940223708548921,0.19930400936335485,0.17368630600869325,0.1890833738597756,0.1760499028494686,0.04219978815216998,0.16990956171521834,0.1230587067372884,0.11404588542127202,0.09805792290075109,0.08733881748039717,0.1760499028494686,0.16885004055091224,0.061988902282806124
135,24,0.03946493453121819,0.009970158253013083,0.23087170795016607,0.12876094076724323,0.01945370266574627,0.22963634769118296,0,False,7,0,0,0,0,0,0,2316,2982,3204,3193,2149,2629,3146,3047,1743,2748,2893,3027,2874,655,3126,2694,3255,2811,2030,3198,2940,3250,2718,2866,0.014976028106046101,0.009970158253013083,0.011289445765771417,0.009970158253013083,0.013266135114232238,0.039837048569214564,0.013266135114232238,0.07010566282781097,0.011289445765771417,0.05698584267572867,0.022617552428604883,0.04580733245872224,0.05096558351451785,0.23087170795016607,0.011289445765771417,0.01954729751597019,0.01954729751597019,0.03590331702340859,0.0745607862949743,0.011289445765771417,0.05156209404417541,0.022617552428604883,0.02572631925621121,0.07389663634153415,0.01945370266574627,0.10744342356966034,0.16137907761201287,0.10744342356966034,0.0720529146913799,0.149862993157865,0.0720529146913799,0.22963634769118296,0.16137907761201287,0.05987788125691521,0.16952050661698442,0.1826953419164086,0.15921244717463548,0.1890833738597756,0.16137907761201287,0.12201647247282249,0.12201647247282249,0.0898864293256885,0.08733881748039717,0.16137907761201287,0.15575043157228347,0.16952050661698442,0.056823160425905614,0.1230587067372884
136,24,0.03905532526126549,0.00971950808134876,0.23087170795016607,0.11998893227922162,0.01783256077693408,0.2104999853835844,0,False,7,0,0,0,0,0,0,2316,2982,3204,3193,2149,2629,3146,3047,1743,2748,2893,3027,2874,655,3126,2694,3255,2811,2030,3198,2940,3250,2718,2866,0.01424411841822485,0.00971950808134876,0.011173152639355277,0.00971950808134876,0.012805061061119623,0.039299716558836933,0.012805061061119623,0.07072276089255936,0.011173152639355277,0.05698584267572867,0.022435670910362516,0.045606955239640076,0.05096558351451785,0.23087170795016607,0.011173152639355277,0.019133818987500224,0.019133818987500224,0.034829009815163264,0.07227816777335389,0.011173152639355277,0.05156209404417541,0.022435670910362516,0.024726480495832745,0.07235464025408925,0.01783256077693408,0.09848980493885531,0.1479308211443451,0.09848980493885531,0.0660485051337649,0.13737441039470957,0.0660485051337649,0.2104999853835844,0.1479308211443451,0.05987788125691521,0.15539379773223572,0.1674707300900412,0.15921244717463548,0.1890833738597756,0.1479308211443451,0.11184843310008728,0.11184843310008728,0.08239589354854779,0.08006058269036406,0.1479308211443451,0.15575043157228347,0.15539379773223572,0.05208789705708015,0.11280381450918103
137,24,0.034337588833213896,0.009451426831142116,0.23087170795016607,0.12183291660622507,0.016346514045522908,0.2104999853835844,0,False,8,0,0,0,0,0,0,2316,3289,2982,3204,3193,2149,2629,3146,3047,1743,2748,2893,3027,2874,655,3126,2694,3255,3294,2811,2030,3198,3250,2718,0.013541828349383606,0.00969517831013094,0.00969517831013094,0.01101648278850149,0.009451426831142116,0.012339242485266754,0.038634254522771964,0.012657470479740057,0.07072276089255936,0.01101648278850149,0.05481800280369329,0.02216736671747229,0.045214235750907224,0.050409983633156207,0.23087170795016607,0.01101648278850149,0.018675822240762127,0.018675822240762127,0.012657470479740057,0.03371603630023513,0.06992274131329593,0.01101648278850149,0.022435670910362516,0.023734000321448914,0.016346514045522908,0.17361565452728406,0.17361565452728406,0.13560325271564969,0.0902823211939507,0.060544463039284485,0.1259265428618171,0.14387779637261783,0.2104999853835844,0.13560325271564969,0.054888057818838945,0.14244431458788273,0.1535148359158711,0.14594474324341586,0.1890833738597756,0.13560325271564969,0.10252773034174667,0.10252773034174667,0.14387779637261783,0.0755295690861688,0.07338886746616706,0.13560325271564969,0.15539379773223572,0.047747238968990136
138,24,0.03397361223200755,0.009169635821738133,0.2302734408994976,0.1191954820546397,0.014984304541729332,0.21522131334156636,0,False,9,0,0,0,0,0,0,2316,3289,2982,3204,3193,2149,2629,3146,3319,3047,1743,2748,2893,3027,2874,655,3126,2694,3255,3294,2811,2030,3250,2718,0.012868806387210961,0.009628250945617874,0.009628250945617874,0.0108245694307189,0.009169635821738133,0.01187205275098459,0.03785847413430675,0.01278732064067227,0.01278732064067227,0.07096390648586981,0.0108245694307189,0.052658982993156855,0.021822974293720314,0.04465002201281793,0.04967549381849077,0.2302734408994976,0.0108245694307189,0.01818126123589291,0.01818126123589291,0.01246582801632196,0.032575917749643385,0.06992274131329593,0.02216736671747229,0.02275367623713109,0.014984304541729332,0.15914768331667706,0.15914768331667706,0.12430298165601221,0.08275879442778813,0.05549909111934411,0.115432664289999,0.21522131334156636,0.21522131334156636,0.19295831993495235,0.12430298165601221,0.05031405300060236,0.1305739550388925,0.14072193292288182,0.13378268130646453,0.17332642603812765,0.12430298165601221,0.09398375281326778,0.09398375281326778,0.131887980008233,0.06923543832898807,0.07338886746616706,0.14244431458788273,0.043768302388240955
139,24,0.033640197302512095,0.008877519133554635,0.2302734408994976,0.11075840031332028,0.01373561249658522,0.1972862038964358,0,False,9,0,0,0,0,0,0,2316,3289,2982,3204,3193,2149,2629,3146,3319,3047,1743,2748,2893,3027,2874,655,3126,2694,3255,3294,2811,2030,3250,2718,0.012224568163064777,0.009523116087859,0.009523116087859,0.010602388293932716,0.008877519133554635,0.011406421182927428,0.03698939022248733,0.012847900915444,0.012847900915444,0.07085687723523308,0.010602388293932716,0.052658982993156855,0.021412621193763918,0.043935138257260135,0.04967549381849077,0.2302734408994976,0.010602388293932716,0.017657490047973765,0.017657490047973765,0.012235926663504428,0.03141891417771015,0.06992274131329593,0.021822974293720314,0.021789546728271283,0.01373561249658522,0.14588537637362062,0.14588537637362062,0.11394439985134452,0.07586222822547245,0.050874166859398766,0.10581327559916574,0.1972862038964358,0.1972862038964358,0.176878459940373,0.11394439985134452,0.05031405300060236,0.11969279211898477,0.12899510517930832,0.13378268130646453,0.17332642603812765,0.11394439985134452,0.08615177341216212,0.08615177341216212,0.12089731500754693,0.06346581846823907,0.07338886746616706,0.1305739550388925,0.04012094385588754
140,24,0.03308061770834423,0.008578122217233107,0.2302734408994976,0.11415182292738135,0.012590978121869784,0.21706159500915223,0,False,9,0,0,0,0,0,0,2316,3289,2982,3204,3193,2149,2629,3146,3319,3047,3362,2893,3027,2874,3383,655,1743,2748,3255,3294,2811,2030,2694,2718,0.011608521011581842,0.00938420515320553,0.009626222990945272,0.010354681261959577,0.008578122217233107,0.010944864821872735,0.03698939022248733,0.01284408371313944,0.01284408371313944,0.07043207849546237,0.009626222990945272,0.020946048911918657,0.04308993459202394,0.04878523530576253,0.021382553521178193,0.2302734408994976,0.010354681261959577,0.05052023146758198,0.01711123006154544,0.011973349675086004,0.030254073119604513,0.06751778600940754,0.01711123006154544,0.021382553521178193,0.012590978121869784,0.1337282616758189,0.21706159500915223,0.1044490331970658,0.06954037587334974,0.046634652954448866,0.10581327559916574,0.18084568690506614,0.18084568690506614,0.16213858827867522,0.21706159500915223,0.10971839277573604,0.11824551308103262,0.12263412453092581,0.12011086520123025,0.17332642603812765,0.1044490331970658,0.04612121525055216,0.07897245896114861,0.11082253875691801,0.05817700026255247,0.06727312851065313,0.07897245896114861,0.12011086520123025
141,24,0.032568633772205306,0.008274158484366162,0.2286653014551275,0.10507476174167318,0.011541729945047301,0.19897312875838954,0,False,9,0,0,0,0,0,0,2316,3289,2982,3204,3193,2149,2629,3146,3319,3047,3362,2893,3027,2874,3383,655,1743,2748,3255,3294,2811,2030,2694,2718,0.01101998544079239,0.009215885806540274,0.009676814102166616,0.010085901506553814,0.008274158484366162,0.010489521909333941,0.036043014770359365,0.01278127584877889,0.01278127584877889,0.06972138473467071,0.009676814102166616,0.020432479886579962,0.042133939105856354,0.04776155686337404,0.02091908586590165,0.2286653014551275,0.010085901506553814,0.04841145863558852,0.01654855889035574,0.011683391883812738,0.030254073119604513,0.06751778600940754,0.01654855889035574,0.02091908586590165,0.011541729945047301,0.12258423986950064,0.19897312875838954,0.09574494709731032,0.0637453445505706,0.04274843187491146,0.09699550263256859,0.16577521299631062,0.16577521299631062,0.1486270392554523,0.19897312875838954,0.10057519337775804,0.1083917203242799,0.11241461415334866,0.11010162643446106,0.158882557201617,0.09574494709731032,0.04227778064633948,0.07239142071438623,0.1015873271938415,0.05817700026255247,0.06727312851065313,0.07239142071438623,0.11010162643446106
142,24,0.03208534956353542,0.007968021874921516,0.2286653014551275,0.09749412291551159,0.010579919116293359,0.1823920346951904,0,False,9,0,0,0,0,0,0,2316,3289,2982,3204,3193,2149,2629,3146,3319,3047,3362,2893,3027,2874,3383,655,1743,2748,3255,3294,2811,2030,2694,2718,0.01045821380871156,0.009022379438182095,0.009678511021594002,0.00980017706282901,0.007968021874921516,0.010042185893848893,0.03503421817963272,0.012665200688975193,0.012665200688975193,0.06875715879292205,0.009678511021594002,0.019880524757490314,0.04108560154945334,0.04776155686337404,0.020408368473541858,0.2286653014551275,0.00980017706282901,0.04634079487691764,0.015974916400016338,0.011371004365366026,0.029089294365581886,0.06751778600940754,0.015974916400016338,0.020408368473541858,0.010579919116293359,0.11236888654704225,0.1823920346951904,0.0877662015058678,0.058433232504689715,0.03918606255200217,0.08891254407985454,0.15196061191328472,0.15196061191328472,0.13624145265083126,0.1823920346951904,0.09219392726294487,0.09935907696392324,0.11241461415334866,0.10092649089825596,0.158882557201617,0.0877662015058678,0.03875463225914452,0.06635880232152071,0.09312171659435471,0.05332891690733976,0.06727312851065313,0.06635880232152071,0.10092649089825596
143,24,0.03162270093995707,0.007661803697300486,0.2286653014551275,0.09089020078654376,0.009698259189935578,0.1671926984705912,0,False,9,0,0,0,0,0,0,2316,3289,2982,3204,3193,2149,2629,3146,3319,3047,3362,2893,3027,2874,3383,655,1743,2748,3255,3294,2811,2030,2694,2718,0.009922406488950092,0.008807699061127331,0.00963535524724368,0.009501289825684824,0.007661803697300486,0.009604339036944848,0.033976646996958154,0.012501712256993336,0.012501712256993336,0.06757144787808671,0.00963535524724368,0.019298123779442188,0.04108560154945334,0.04776155686337404,0.019859018629416716,0.2286653014551275,0.009501289825684824,0.04431494601038082,0.015395123762836764,0.011040758972753686,0.02793140531531221,0.06751778600940754,0.015395123762836764,0.019859018629416716,0.009698259189935578,0.10300481266812206,0.1671926984705912,0.0804523513803788,0.053563796462632235,0.035920557339335316,0.08150316540653332,0.13929722758717766,0.13929722758717766,0.12488799826326198,0.1671926984705912,0.08451109999103279,0.09935907696392324,0.11241461415334866,0.09251594999006796,0.158882557201617,0.0804523513803788,0.035525079570882474,0.06082890212806064,0.08536157354482515,0.04888484049839478,0.06727312851065313,0.06082890212806064,0.09251594999006796
144,24,0.030916146742628242,0.007357312324301135,0.2286653014551275,0.0925223115742695,0.008890070924107613,0.158882557201617,0,False,9,0,0,0,0,0,0,2316,3289,2982,3204,3193,2149,2629,3146,3319,3047,3362,3459,2893,3027,2874,3383,655,1743,2748,3255,3294,2811,2030,2718,0.009411725791285734,0.008575605148127571,0.009551641767129722,0.009429745194992838,0.007357312324301135,0.00917718493690909,0.0328826878115912,0.012296641564357683,0.012296641564357683,0.06757144787808671,0.009551641767129722,0.009429745194992838,0.019298123779442188,0.03996211653696606,0.046625705600061004,0.019278986487004983,0.2286653014551275,0.009192667106870884,0.0423393434070255,0.014813412047816067,0.010696829347631645,0.026786242615457534,0.06751778600940754,0.019278986487004983,0.008890070924107613,0.09442107827911188,0.15325997359804194,0.1570813220986806,0.04910014675741288,0.03292717756105737,0.07471123495598887,0.1276891252882462,0.1276891252882462,0.12488799826326198,0.15325997359804194,0.1570813220986806,0.08451109999103279,0.0910791538835963,0.1030467296405696,0.08480628749089562,0.158882557201617,0.07374798876534723,0.032564656273308935,0.055759826950722256,0.07824810908275638,0.04481110379019521,0.06727312851065313,0.08480628749089562
145,24,0.029040058564727207,0.007238070660508784,0.2286653014551275,0.09360702894065216,0.008149231680431978,0.158882557201617,0,False,9,0,0,0,0,0,0,2316,3289,2982,3204,3193,2149,2629,3146,3319,3047,3362,3459,2893,3027,2874,3383,655,1743,3484,3255,3294,2811,2030,2718,0.008925307884657417,0.008329576802172145,0.009431776625163542,0.009321381383235551,0.007238070660508784,0.00876167948695077,0.031763467889090374,0.012055673802992514,0.012055673802992514,0.06757144787808671,0.009431776625163542,0.009321381383235551,0.018692516474394415,0.03877931397780689,0.04539759279343315,0.018675523767445957,0.2286653014551275,0.008877383142854358,0.007238070660508784,0.014233457408961873,0.010342985237359915,0.025658736634457332,0.06751778600940754,0.018675523767445957,0.008149231680431978,0.08655265508918589,0.14048830913153845,0.14399121192379052,0.12834180119429514,0.03018324609763592,0.06848529870965646,0.117048364847559,0.117048364847559,0.12488799826326198,0.14048830913153845,0.14399121192379052,0.07746850832511339,0.0834892243932966,0.09445950217052212,0.07773909686665433,0.158882557201617,0.06760232303490163,0.12834180119429514,0.051113174704828734,0.07172743332586001,0.04107684514101228,0.06727312851065313,0.07773909686665433
146,24,0.02601810702282319,0.007097529173932378,0.2286653014551275,0.12335528607300172,0.00747012904039598,0.21532527759680797,0,False,10,0,0,0,0,0,0,2316,3516,2982,3514,3204,3193,3515,2629,3146,3319,3047,3289,3362,3459,2149,2874,3383,655,1743,3484,2893,3027,2811,3508,0.008462272950668662,0.018536263784858325,0.009280158806991257,0.009519493298477972,0.00918054114454484,0.007280573836312026,0.009417306505149147,0.030628884149530293,0.011784253940775471,0.011784253940775471,0.06757144787808671,0.008072795694479662,0.009519493298477972,0.009417306505149147,0.00835855994539461,0.04409564094456525,0.018055175350603105,0.2286653014551275,0.008558168241904253,0.007097529173932378,0.018536263784858325,0.03877931397780689,0.024552996102975174,0.007280573836312026,0.00747012904039598,0.15434613263135394,0.12878095003724357,0.21211428337057692,0.13199194426347463,0.20097998442810389,0.21532527759680797,0.06277819048385175,0.10729433444359575,0.10729433444359575,0.12488799826326198,0.07933993383175372,0.21211428337057692,0.21532527759680797,0.027667975589499592,0.08658787698964528,0.07126083879443312,0.158882557201617,0.06196879611532649,0.11764665109477054,0.15434613263135394,0.0834892243932966,0.03765377471259459,0.20097998442810389
147,24,0.025933760827246344,0.007117852627911225,0.2286653014551275,0.1305183283282548,0.006847618287029648,0.20432594890818506,0,False,11,0,0,0,0,0,0,2316,3516,2982,3547,3514,3204,3193,3515,2629,3146,3319,3047,3289,3532,2149,3536,2874,3383,655,3362,3459,2893,3027,2811,0.008021733776146091,0.018309218402707994,0.009101085517909283,0.007117852627911225,0.009556272129829157,0.009243896763287627,0.007285944870887496,0.009462196779038036,0.02948765321852992,0.011783779701411274,0.011487517617474553,0.06757144787808671,0.007808140357307932,0.009243896763287627,0.007968371923846158,0.011783779701411274,0.04273669847446647,0.017423788788404133,0.2286653014551275,0.009556272129829157,0.009462196779038036,0.018309218402707994,0.037551604887621756,0.02347239090764488,0.006847618287029648,0.14148395491207444,0.1180492042008066,0.191176096836873,0.1944380930896955,0.20432594890818506,0.18423165239242856,0.19738150446374064,0.05754667461019743,0.1816864732399628,0.09835313990662943,0.12488799826326198,0.07272827267910757,0.20432594890818506,0.025362310957041292,0.1816864732399628,0.0793722205738415,0.0653224355615637,0.158882557201617,0.1944380930896955,0.19738150446374064,0.14148395491207444,0.07653178902718855,0.034515960153211706
148,24,0.025551321204040384,0.00710357043474858,0.2286653014551275,0.12019347651340584,0.006276983429777177,0.18729878649916964,0,False,11,0,0,0,0,0,0,2316,3516,2982,3547,3514,3204,3193,3515,2629,3146,3319,3047,3289,3532,2149,3536,2874,3383,655,3362,3459,2893,3027,2811,0.007602802974123979,0.018019918385312316,0.00889867906618877,0.00710357043474858,0.009545814827434171,0.009259389831755683,0.007257195777764618,0.00945963799598368,0.02834737639489978,0.0117289185599565,0.011170243939952123,0.06619534695742589,0.007538188641472508,0.009259389831755683,0.007591494199465477,0.0117289185599565,0.041336009286975665,0.016786537384765488,0.2286653014551275,0.009545814827434171,0.00945963799598368,0.018019918385312316,0.03629197160713946,0.022419631576034698,0.006276983429777177,0.12969362533606824,0.10821177051740605,0.17524475543380025,0.17823491866555422,0.18729878649916964,0.1688790146930595,0.18093304575842892,0.05275111839268098,0.1665459338032992,0.0901570449144103,0.11448066507465682,0.06666758328918194,0.18729878649916964,0.023248785043954518,0.1665459338032992,0.0727578688593547,0.05987889926476672,0.158882557201617,0.17823491866555422,0.18093304575842892,0.12969362533606824,0.07015413994158949,0.03163963014044406
149,24,0.025215663900732505,0.007057753065079414,0.2286653014551275,0.11831411170126237,0.005753901477295746,0.25502388762423883,0,False,12,0,0,0,0,0,0,2316,3516,2982,3547,3514,3204,3193,3589,3515,2629,3146,3319,3047,3289,3532,2149,3536,2874,3383,655,3362,2893,3027,2811,0.00720459900418835,0.017676717730734468,0.008676833049009448,0.007057753065079414,0.009492191804919562,0.009230780449964067,0.007197542895171545,0.009468841477901791,0.00941361048366173,0.027214614436195217,0.011624909783303645,0.010836826735599126,0.06619534695742589,0.007265226407084216,0.009468841477901791,0.007228161334006409,0.011624909783303645,0.039907225599508885,0.01614795311604974,0.2286653014551275,0.009492191804919562,0.017676717730734468,0.03501199259404506,0.021396844441744643,0.005753901477295746,0.11888582322472921,0.09919412297428887,0.16064102581431688,0.16338200877675801,0.1716905542909055,0.15480576346863786,0.25502388762423883,0.1658552919452265,0.04835519185995756,0.1526671059863576,0.08264395783820944,0.11448066507465682,0.06111195134841678,0.25502388762423883,0.02131138629029164,0.1526671059863576,0.06669471312107514,0.05488899099270283,0.158882557201617,0.16338200877675801,0.11888582322472921,0.0643079616131237,0.029002994295407054
150,24,0.02489926789558307,0.006826251145662721,0.2286653014551275,0.10933027431334517,0.005274409687521101,0.2337718969888856,0,False,12,0,0,0,0,0,0,2316,3516,2982,3547,3514,3204,3193,3589,3515,2629,3146,3319,3047,3289,3532,2149,3536,2874,3383,655,3362,2893,3027,2811,0.006826251145662721,0.017287641363293964,0.008439175291104805,0.006983606989366495,0.009399684080399392,0.009162117294392114,0.007110297570292311,0.009620356382580011,0.009328328532267388,0.02609496803002322,0.011477120832012955,0.010491260963676736,0.06465851485768974,0.006991260786143296,0.009620356382580011,0.006878484139176614,0.011477120832012955,0.03846245381143523,0.015511966275273086,0.2286653014551275,0.009399684080399392,0.017287641363293964,0.03501199259404506,0.021396844441744643,0.005274409687521101,0.10897867128933511,0.09092794605976479,0.1472542736631238,0.14976684137869484,0.1573830080999967,0.1419052831795847,0.2337718969888856,0.15203401761645763,0.04432559253829443,0.13994484715416114,0.07575696135169198,0.10494060965176874,0.056019288736048715,0.2337718969888856,0.019535437432767335,0.13994484715416114,0.06113682036098554,0.05031490840997759,0.158882557201617,0.14976684137869484,0.10897867128933511,0.0643079616131237,0.029002994295407054
151,24,0.024429490961886038,0.0064669035608049315,0.22615161575978343,0.10058379523741283,0.004834875546894342,0.21429090557314512,0,False,12,0,0,0,0,0,0,2316,3516,2982,3547,3514,3204,3193,3589,3515,2629,3146,3319,3047,3289,3532,2149,3536,2874,3383,655,3362,2893,3027,2811,0.0064669035608049315,0.016860277932713434,0.008189044939855308,0.0068843782265022874,0.009272649076961455,0.00905759431694583,0.006998775172680255,0.009716286820602913,0.009208103352836495,0.024993160677324797,0.011290904841394101,0.010137141241842675,0.06465851485768974,0.006718036620120748,0.009716286820602913,0.0065424680687625174,0.011290904841394101,0.03701232460962558,0.014881949288842728,0.22615161575978343,0.009272649076961455,0.016860277932713434,0.0337218932068171,0.020405641841486633,0.004834875546894342,0.09989711534855718,0.08335061722145105,0.1349830841911968,0.1372862712638036,0.14426775742499698,0.1300798429146193,0.21429090557314512,0.1393645161484195,0.04063179316010322,0.12828277655798104,0.06944388123905097,0.10494060965176874,0.05135101467471132,0.21429090557314512,0.017907484313370057,0.12828277655798104,0.056042085330903414,0.04612199937581279,0.14564234410148225,0.1372862712638036,0.09989711534855718,0.058948964812030054,0.026586078104123133
152,24,0.022931368152095132,0.006125718570091595,0.22615161575978343,0.10236876370106579,0.004431969251319813,0.20257318933840102,0,False,12,0,0,0,0,0,0,2316,3516,2982,3547,3514,3204,3193,3589,3515,2629,3146,3319,3047,3289,3532,3654,2149,3536,2874,3383,655,3362,2893,2811,0.006125718570091595,0.016401705505363424,0.007929481215548624,0.0067632735522295965,0.009115410289358056,0.008921430748239914,0.007043301098236233,0.009759774258451115,0.00905722977262302,0.023913121458064165,0.011071486507772808,0.009777669769517808,0.062988825359804,0.006447054923315016,0.009759774258451115,0.007043301098236233,0.006220029645991433,0.011071486507772808,0.0355660799110092,0.014260762663138788,0.22615161575978343,0.009115410289358056,0.016401705505363424,0.01944718698256332,0.004431969251319813,0.0915723557361774,0.0764047324529968,0.1237344938419304,0.12584574865848663,0.1322454443062472,0.20257318933840102,0.19643333010871636,0.12775080646938453,0.03724581039676129,0.11759254517814928,0.06365689113579673,0.09619555884745468,0.04707176345181871,0.19643333010871636,0.20257318933840102,0.01641519395392255,0.11759254517814928,0.051371911553328126,0.04227849942782839,0.14564234410148225,0.12584574865848663,0.0915723557361774,0.024370571595446203
153,24,0.022447161315468787,0.005801879247820405,0.22283763826023764,0.10347853129525658,0.004062638480376495,0.2633972192663233,1,False,12,0,0,0,0,0,0,2316,3516,2982,3547,3514,3204,3193,3589,3515,2629,3146,3319,3047,3289,3686,3654,2149,3536,2874,3383,655,3532,2893,2811,0.005801879247820405,0.015918445109180883,0.007663221502801349,0.006623398360563178,0.008932169639394444,0.008757773844506652,0.007051643149393448,0.009754544081187167,0.008879895666992158,0.022858065781576717,0.010823874168212403,0.009415671283222796,0.06121213433640718,0.006179592446982744,0.010006112927788897,0.007051643149393448,0.005911011052462982,0.010823874168212403,0.03413167055336802,0.013650801463809138,0.22283763826023764,0.010006112927788897,0.015918445109180883,0.018522253340767104,0.004062638480376495,0.08394132609149595,0.07003767141524705,0.11342328602176953,0.11535860293694608,0.12122499061405993,0.18569209022686758,0.18006388593299,0.11710490593026915,0.034141992863697845,0.1077931664133035,0.05835215020781367,0.08817926227683345,0.04314911649750048,0.2633972192663233,0.18569209022686758,0.015047261124429003,0.1077931664133035,0.04709091892388411,0.03875529114217602,0.13350548209302537,0.2633972192663233,0.08394132609149595,0.02233969062915902
154,24,0.022087462274180753,0.005494591433648851,0.22283763826023764,0.0971393142053566,0.0037240852736784534,0.2414474509941297,0,False,8,0,0,0,0,0,0,2316,3516,3701,3589,3515,2629,3146,3319,3047,3289,2982,3547,3514,3204,3193,3654,2149,3536,2874,3383,655,3686,2893,2811,0.005494591433648851,0.015416437259582224,0.008791658503611861,0.00970471879697645,0.008680112321679812,0.021830572750033177,0.010552795249971705,0.009053613034573488,0.06121213433640718,0.005916721616802756,0.007392706709982051,0.006467709662653819,0.008726940591624682,0.008791658503611861,0.007026692306446126,0.007026692306446126,0.005615193014938864,0.010552795249971705,0.032715859833001786,0.01305404111244692,0.22283763826023764,0.010190095850091493,0.015416437259582224,0.01763127861601521,0.0037240852736784534,0.07694621558387128,0.1944562413962216,0.16505856210524084,0.10734616376941339,0.03129682679172302,0.0988104025455282,0.05348947102382919,0.08817926227683345,0.03955335678937544,0.0642011987973098,0.10397134551995539,0.1057453860255339,0.1944562413962216,0.1702177493746286,0.1702177493746286,0.013793322697393253,0.0988104025455282,0.0431666756802271,0.03552568354699468,0.13350548209302537,0.2414474509941297,0.07694621558387128,0.020478049743395767
155,24,0.021377462636097605,0.00520308524427114,0.22283763826023764,0.10001483091668574,0.003413744834205249,0.23936627026007623,0,False,9,0,0,0,0,0,0,2316,3516,3701,3734,3589,3515,2629,3146,3319,3047,3289,2982,3547,3514,3204,3193,3654,2149,3536,2874,3383,655,3686,2811,0.00520308524427114,0.014901036945350872,0.008782082548834063,0.0071513433634519475,0.009614653742467982,0.00846166344194699,0.020832658193761767,0.010262651977690196,0.008693628121004143,0.05935214405202751,0.005659330286364858,0.007120092088640339,0.006298982425572527,0.008503499668842335,0.008782082548834063,0.0071513433634519475,0.00697154775105183,0.005332306130212445,0.010262651977690196,0.03132432903428522,0.012472081606048069,0.22283763826023764,0.010313857098658665,0.016774413395645768,0.003413744834205249,0.070534030951882,0.17825155461320313,0.23936627026007623,0.1513036819298041,0.09840065012196227,0.028688757892412767,0.09057620233340084,0.049032015105176754,0.08083099042043067,0.03625724372359415,0.05885109889753398,0.09530706672662577,0.09693327052340607,0.17825155461320313,0.23936627026007623,0.1560329369267429,0.012643879139277147,0.09057620233340084,0.03956945270687484,0.03256520991807846,0.13350548209302537,0.22132683007795223,0.018771545598112786
156,24,0.021005516292533537,0.004926616159155007,0.22283763826023764,0.09214382237534051,0.003129266098021478,0.21941908107173655,0,False,9,0,0,0,0,0,0,2316,3516,3701,3734,3589,3515,2629,3146,3319,3047,3289,2982,3547,3514,3204,3193,3654,2149,3536,2874,3383,655,3686,2811,0.004926616159155007,0.014377023014387987,0.008732790436273402,0.007233980122364637,0.009488797109906555,0.008228070304387986,0.019865842782634337,0.009957494178950371,0.008337540811109224,0.0574303467174879,0.005408140892938883,0.006847261973358894,0.006119787345527342,0.008265353821705877,0.008732790436273402,0.007233980122364637,0.006889409472025305,0.0050620407677237095,0.009957494178950371,0.029961781997342268,0.011906189529099151,0.22283763826023764,0.010380455824891294,0.015951564761708635,0.003129266098021478,0.06465619503922516,0.1633972583954362,0.21941908107173655,0.1386950417689871,0.09020059594513208,0.026298028068045036,0.0830281854722841,0.044946013846412024,0.07409507455206145,0.03323580674662797,0.05394684065607282,0.08736481116607361,0.0888554979797889,0.1633972583954362,0.21941908107173655,0.14303019218284765,0.011590222544337385,0.0830281854722841,0.03627199831463527,0.029851442424905252,0.13350548209302537,0.2028829275714562,0.017207250131603385
157,24,0.02062503558589869,0.004664465745046613,0.22283763826023764,0.08492873121244067,0.002868493923186355,0.20113415764909182,0,False,9,0,0,0,0,0,0,2316,3516,3701,3734,3589,3515,2629,3146,3319,3047,3289,2982,3547,3514,3204,3193,3654,2149,3536,2874,3383,655,3686,2811,0.004664465745046613,0.013848618411253583,0.008647720520313517,0.007276802068876637,0.009331574426340574,0.007982570516861782,0.018931214889817874,0.009641006150703657,0.007986892784585921,0.05546603092979536,0.005163728720663216,0.006575847159765146,0.005932478168649028,0.008015721103343554,0.008647720520313517,0.007276802068876637,0.006783488618804157,0.004804055685780641,0.009641006150703657,0.028632046530599975,0.01135733744226205,0.22283763826023764,0.010393652051852642,0.015162435136121224,0.002868493923186355,0.059268178785956395,0.1497808201958165,0.20113415764909182,0.12713712162157148,0.08268387961637107,0.024106525729041282,0.07610917001626043,0.04120051269254436,0.06792048500605632,0.03046615618440897,0.04945127060140008,0.08008441023556748,0.08145087314813981,0.1497808201958165,0.20113415764909182,0.13111100950094368,0.010624370665642603,0.07610917001626043,0.03324933178841566,0.027363822222829813,0.13350548209302537,0.1859760169405015,0.015773312620636436
158,24,0.020725547122130133,0.004415942075728162,0.21882706662843823,0.09820115627935595,0.002629452762920825,0.26770631117833416,1,False,9,0,0,0,0,0,0,2316,3516,3701,3734,3589,3515,2629,3146,3319,3047,3289,3795,3547,3514,3204,3193,3654,2149,3536,3811,3383,655,3686,2874,0.004415942075728162,0.01331951823955203,0.008530881567673258,0.007470299443811516,0.009147296396933374,0.00772810795505095,0.0180294880940198,0.009316504780900129,0.007642969448733167,0.053476336477939763,0.004926539072959453,0.007470299443811516,0.005739186777476252,0.007757522221958532,0.008530881567673258,0.007282484792066975,0.0066569350916367105,0.004557985491182509,0.009316504780900129,0.028043220168714782,0.010826240401776845,0.21882706662843823,0.010357699843471097,0.028043220168714782,0.002629452762920825,0.05432916388712669,0.13729908517949846,0.26770631117833416,0.11654236148644052,0.07579355631500681,0.02209764858495451,0.06976673918157206,0.037767136634832325,0.06226044458888496,0.02792730983570822,0.26770631117833416,0.07341070938260352,0.07466330038579483,0.13729908517949846,0.1843729778450008,0.1201850920425317,0.00973900644350572,0.06976673918157206,0.11381188747271437,0.02508350370426066,0.12238002525193992,0.17047801552879305,0.11381188747271437
159,24,0.020135572417092917,0.004180379896199915,0.2142200913525328,0.09569492022190185,0.0024103316993440895,0.24539745191347295,2,False,9,0,0,0,0,0,0,2316,3516,3701,3734,3589,3515,2629,3146,3319,3047,3289,3795,3830,3204,3193,3654,2149,3536,3811,3383,655,3547,3514,2874,0.004180379896199915,0.012792923123671066,0.008386251228786022,0.007616843794699954,0.008940088214235848,0.007467331633504317,0.01716105336422923,0.008986946414923612,0.0073068256995540105,0.05147634496164487,0.004696903233143467,0.007616843794699954,0.008602531921289826,0.008602531921289826,0.007254036491461889,0.006512781173909052,0.004323447064489178,0.008986946414923612,0.027387020824031407,0.010313389496235066,0.2142200913525328,0.0055418244201135254,0.007493380746630211,0.027387020824031407,0.0024103316993440895,0.04980173356319947,0.12585749474787358,0.24539745191347295,0.10683049802923714,0.06947742662208957,0.020256177869541633,0.06395284424977438,0.0346198752485963,0.05707207420647788,0.025600034016065865,0.24539745191347295,0.20919082808120693,0.20919082808120693,0.16900856302458409,0.11016966770565405,0.008927422573213576,0.06395284424977438,0.10432756351665483,0.022993211728905606,0.11218168981427826,0.06729315026738655,0.06844135868697859,0.10432756351665483
160,24,0.019884524356839583,0.003957140573976699,0.2142200913525328,0.08830803021737099,0.0022094707243987487,0.22494766425401685,0,False,9,0,0,0,0,0,0,2316,3516,3701,3734,3589,3515,2629,3146,3319,3047,3289,3795,3830,3204,3193,3654,2149,3536,3811,3383,655,3547,3514,2874,0.003957140573976699,0.012271575807933161,0.008217695384135327,0.007717886342284403,0.008713837959544866,0.007202601507731626,0.016326026086168323,0.00865494027996544,0.006979310667662369,0.05147634496164487,0.004475053152599332,0.007717886342284403,0.008628699644268182,0.008628699644268182,0.007194670635337551,0.006353899589128327,0.004100045064743504,0.00865494027996544,0.026675219632545412,0.009819082388275092,0.2142200913525328,0.005342087646564868,0.007225629988044477,0.026675219632545412,0.0022094707243987487,0.04565158909959951,0.11536937018555078,0.22494766425401685,0.09792795652680071,0.06368764107024877,0.018568163047079828,0.058623440562293176,0.03173488564454661,0.05707207420647788,0.023466697848060374,0.22494766425401685,0.19175825907443966,0.19175825907443966,0.15492451610586874,0.1009888620635162,0.008183470692112445,0.058623440562293176,0.09563359989026692,0.021077110751496805,0.11218168981427826,0.06168538774510434,0.06273791212973037,0.09563359989026692
161,24,0.019879950814104482,0.0037456118744615455,0.2142200913525328,0.10335458032083124,0.0020253481640321864,0.259111737484903,0,False,10,0,0,0,0,0,0,2316,3516,3876,3701,3734,3589,3515,2629,3146,3319,3047,3879,3795,3830,3204,3193,3654,2149,3536,3811,3383,655,3514,2874,0.0037456118744615455,0.011757799346649117,0.008834913282966234,0.008028906592019455,0.00777560412190143,0.008472161507363744,0.006935999464190055,0.015524288170385684,0.008322766607017133,0.006661091130377324,0.05147634496164487,0.006342432516512441,0.00777560412190143,0.008834913282966234,0.008612790170778527,0.007107696537059191,0.006342432516512441,0.0038873766185872913,0.008322766607017133,0.02591872649599335,0.009343450923489835,0.2142200913525328,0.006956324840186952,0.02591872649599335,0.0020253481640321864,0.04184729000796621,0.259111737484903,0.10575525600342155,0.2062020255661821,0.08976729348290065,0.058380337647728035,0.01702081612648984,0.05373815384876874,0.02909031184083439,0.05707207420647788,0.17590645689155654,0.2062020255661821,0.259111737484903,0.17577840415156967,0.14201413976371302,0.17590645689155654,0.007501514801103074,0.05373815384876874,0.08766413323274466,0.019320684855538738,0.11218168981427826,0.05750975278558617,0.08766413323274466
162,24,0.01986161533878521,0.0035452075923120894,0.2142200913525328,0.10167561068807772,0.0018565691503628374,0.23751909269449442,0,False,10,0,0,0,0,0,0,2316,3889,3876,3701,3734,3589,3515,2629,3146,3319,3047,3516,3879,3795,3830,3204,3193,3654,2149,3536,3811,3383,655,2874,0.0035452075923120894,0.011543763309555763,0.008986567957163218,0.007823359466391412,0.007792730095167728,0.008218381321799284,0.006669344016900861,0.01475552553518478,0.007992397902587383,0.006352673385075445,0.05147634496164487,0.011543763309555763,0.006302692433868118,0.007792730095167728,0.008986567957163218,0.00855851762899807,0.006996428253000814,0.006302692433868118,0.0036850352897552577,0.007992397902587383,0.025127535004146048,0.008886485922272851,0.2142200913525328,0.025127535004146048,0.0018565691503628374,0.12169334917396904,0.23751909269449442,0.09694231800313641,0.18901852343566694,0.08228668569265893,0.053515309510417365,0.015602414782615686,0.04925997436137134,0.026666119187431524,0.05707207420647788,0.12169334917396904,0.16124758548392681,0.18901852343566694,0.23751909269449442,0.16113020380560553,0.13017962811673692,0.16124758548392681,0.006876388567677818,0.04925997436137134,0.08035878879668261,0.017710627784243843,0.11218168981427826,0.08035878879668261
163,24,0.019546155955602624,0.0033553670662793385,0.2142200913525328,0.09359216288703748,0.0017018550544992675,0.2177258349699532,0,False,10,0,0,0,0,0,0,2316,3889,3876,3701,3734,3589,3515,2629,3146,3319,3047,3516,3879,3795,3830,3204,3193,3654,2149,3536,3811,3383,655,2874,0.0033553670662793385,0.011298558690241328,0.00908570951514499,0.007604280642876587,0.007772395303317431,0.007955516646089233,0.006404207479476928,0.014019261289344519,0.00766552210981688,0.006054423468698046,0.0494791956183724,0.011298558690241328,0.006237538361929949,0.007772395303317431,0.00908570951514499,0.008469765496763235,0.0068641112049981365,0.006237538361929949,0.0034926144161330263,0.00766552210981688,0.024310700492655764,0.008448059306686063,0.2142200913525328,0.024310700492655764,0.0017018550544992675,0.11155223674280496,0.2177258349699532,0.08886379150287503,0.173266979816028,0.07542946188493735,0.04905570038454925,0.014302213550731045,0.04515497649792373,0.024443942588478897,0.05231606802260472,0.11155223674280496,0.14781028669359958,0.173266979816028,0.2177258349699532,0.14770268682180507,0.1193313257736755,0.14781028669359958,0.006303356187037999,0.04515497649792373,0.07366222306362573,0.016234742135556854,0.11218168981427826,0.07366222306362573
164,24,0.0186076355794468,0.0031755546011088044,0.2142200913525328,0.09595471456018105,0.0015600337999576617,0.21872746291998799,0,False,10,0,0,0,0,0,0,2316,3889,3876,3701,3734,3589,3515,2629,3146,3319,3047,3516,3879,3795,3830,3204,3193,3951,3654,2149,3536,3811,3383,655,0.0031755546011088044,0.011027195807225757,0.00913515935629053,0.007374630987704915,0.007717987432280883,0.0076862827854605655,0.0061419346111228085,0.01331488495482746,0.007343566655494821,0.005766585677827342,0.047496217593574704,0.011027195807225757,0.006149868024296862,0.007717987432280883,0.00913515935629053,0.008565826785642987,0.006713865248343259,0.008565826785642987,0.006149868024296862,0.0033097098930979147,0.007343566655494821,0.023476344341345042,0.008027943737313905,0.2142200913525328,0.0015600337999576617,0.10225621701423787,0.19958201538912376,0.0814584755443021,0.158828064831359,0.0691436733945259,0.04496772535250348,0.013110362421503458,0.041392061789763415,0.02240694737277232,0.04795639568738765,0.10225621701423787,0.13549276280246628,0.158828064831359,0.19958201538912376,0.21872746291998799,0.1093870486258692,0.21872746291998799,0.13549276280246628,0.005778076504784832,0.041392061789763415,0.06752370447499025,0.014881846957593783,0.11218168981427826
165,24,0.00961198949396636,0.0030052588166912014,0.047496217593574704,0.09100542115684292,0.0014300309832945232,0.20050017434332232,0,False,10,0,0,0,0,0,0,2316,3889,3876,3701,3734,3589,3515,3979,3146,3319,3047,3516,3879,3795,3830,3204,3193,3951,3654,2149,3536,2629,3811,3383,0.0030052588166912014,0.010734364396635023,0.009138319650016932,0.007137097816595323,0.007633028172176806,0.0074130974316095055,0.005883661940124345,0.0032167976427073777,0.007027722603227121,0.005489299396272907,0.047496217593574704,0.010734364396635023,0.00604254684275377,0.007633028172176806,0.009138319650016932,0.008614863664097885,0.006548642489114139,0.008614863664097885,0.00604254684275377,0.0032167976427073777,0.007027722603227121,0.012641678072472514,0.022631678408006586,0.007625829947501616,0.0014300309832945232,0.0937348655963847,0.18295018077336345,0.0746702692489436,0.14559239276207908,0.06338170061164874,0.04122041490646152,0.08862990346271944,0.03794272330728313,0.020539701758374627,0.04795639568738765,0.0937348655963847,0.12420169923559408,0.14559239276207908,0.18295018077336345,0.20050017434332232,0.1002714612403801,0.20050017434332232,0.12420169923559408,0.08862990346271944,0.03794272330728313,0.012017832219711502,0.06189672910207439,0.013641693044460968
166,24,0.009436690968983382,0.002843991941679485,0.047496217593574704,0.10448062961413251,0.0013108617346866461,0.2510376657089165,0,False,8,0,0,0,0,0,0,2316,3889,3876,3989,3515,3979,3146,3319,3047,3516,3879,3701,3734,3996,2149,3536,2629,3811,3383,3986,3795,3830,3987,3589,0.002843991941679485,0.010424398905029669,0.009333657197980296,0.007322183026579047,0.005630337146704018,0.0031194458307015655,0.006718968323779045,0.005222614275651249,0.047496217593574704,0.010424398905029669,0.0060709856298505945,0.00707189319120605,0.007521070178775008,0.0060709856298505945,0.0031194458307015655,0.006718968323779045,0.011998836527351023,0.021783044328217486,0.007241341966864048,0.009333657197980296,0.007521070178775008,0.009098994907756603,0.00707189319120605,0.007322183026579047,0.0013108617346866461,0.08592362679668598,0.2510376657089165,0.14143322556067803,0.03778538033092306,0.08124407817415949,0.03478082969834286,0.01882805994517674,0.04795639568738765,0.08592362679668598,0.19718489096596126,0.15178108014486497,0.13345969336523916,0.19718489096596126,0.08124407817415949,0.03478082969834286,0.011016346201402209,0.05673866834356819,0.012504885290755887,0.2510376657089165,0.13345969336523916,0.16770433237558316,0.15178108014486497,0.14143322556067803
167,24,0.009161120045276987,0.0026912890662014488,0.045537071565646854,0.09824959535840012,0.0012016232567960922,0.23011786023317346,1,False,8,0,0,0,0,0,0,2316,3889,3876,3989,3515,3979,3146,3319,3047,3516,3879,3701,3734,3996,2149,3536,2629,3811,3383,3986,3795,3830,3589,4023,0.0026912890662014488,0.010101259538674759,0.009472426984823923,0.007206384393651586,0.005382738039045097,0.003018788755549305,0.006418092253133021,0.004966503841646373,0.045537071565646854,0.010101259538674759,0.0060690096743077505,0.00698025481710554,0.0073856132671936,0.0060690096743077505,0.003018788755549305,0.006583614296199915,0.011385489917685232,0.02093596323618057,0.0068740504245411145,0.009472426984823923,0.0073856132671936,0.009021234104660781,0.007206384393651586,0.006583614296199915,0.0012016232567960922,0.07876332456362882,0.23011786023317346,0.1296471234306215,0.03463659863667947,0.07447373832631286,0.031882427223480954,0.017259054949745344,0.04396002938010535,0.07876332456362882,0.1807528167187978,0.13913265679945955,0.12233805225146922,0.1807528167187978,0.07447373832631286,0.11521576055681429,0.010098317351285357,0.05201044598160417,0.01146281151652623,0.23011786023317346,0.12233805225146922,0.15372897134428457,0.1296471234306215,0.11521576055681429
168,24,0.008814523988827204,0.0025467073660476766,0.04360989512218622,0.09741843929926486,0.0011014879853964178,0.21094137188040898,2,False,8,0,0,0,0,0,0,2316,3889,3876,3989,3515,3979,3146,3319,3047,3516,3879,3701,4036,3734,3996,2149,4038,2629,3811,3383,3986,3830,3589,3536,0.0025467073660476766,0.009768526062828232,0.009557095933598677,0.007069042206558031,0.005274089384988025,0.0029158450168509206,0.0062836960843436025,0.004720877616797783,0.04360989512218622,0.009768526062828232,0.006039174983027027,0.006865438376088206,0.005274089384988025,0.0072300386467029215,0.006039174983027027,0.0029158450168509206,0.0062836960843436025,0.010800718274085488,0.02009519223806412,0.006523484117014316,0.009557095933598677,0.00890919539665236,0.007069042206558031,0.006432089233824766,0.0011014879853964178,0.07219971418332642,0.21094137188040898,0.11884319647806972,0.11508354875028953,0.06826759346578679,0.11255889162152422,0.015820800370599897,0.0402966935984299,0.07219971418332642,0.16569008199223131,0.1275382687328379,0.11508354875028953,0.11214321456384678,0.16569008199223131,0.06826759346578679,0.11255889162152422,0.009256790905344911,0.047676242149803816,0.010507577223482377,0.21094137188040898,0.14091822373226084,0.11884319647806972,0.10561444717707977
169,24,0.008582764629812568,0.002409825308763155,0.04172144756908743,0.10293322282621342,0.0010096973199467164,0.2352159084928787,3,False,8,0,0,0,0,0,0,2316,3889,3876,3989,3515,3979,3146,3319,3047,3516,4069,3701,4036,3734,3996,4070,2149,4038,2629,3811,3383,3986,3830,3536,0.002409825308763155,0.009429401629124664,0.009590868697352213,0.006913365322440392,0.005152512861779449,0.0028115202609905257,0.006134506973609762,0.004485591861718731,0.04172144756908743,0.009429401629124664,0.007239573331864067,0.006730617297112752,0.005152512861779449,0.007239573331864067,0.0061385182301678335,0.0061385182301678335,0.0028115202609905257,0.006134506973609762,0.010243566415991669,0.019264784675393845,0.006189140016695815,0.009590868697352213,0.008767033809700928,0.006267174868819902,0.0010096973199467164,0.06618307133471589,0.19336292422370824,0.10893959677156391,0.10549325302109873,0.06257862734363788,0.10317898398639719,0.014502400339716571,0.036938635798560736,0.06618307133471589,0.18613128001685955,0.11691007967176809,0.10549325302109873,0.18613128001685955,0.2352159084928787,0.2352159084928787,0.06257862734363788,0.10317898398639719,0.008485391663232835,0.043703221970653496,0.00963194578819218,0.19336292422370824,0.1291750384212391,0.09681324324565645
170,24,0.008334321379248886,0.0022802418503812855,0.03987725094281646,0.0943554542573623,0.0009255558766178234,0.21561458278513881,4,False,8,0,0,0,0,0,0,2316,3889,3876,3989,3515,3979,3146,3319,3047,3516,4069,3701,4036,3734,3996,4070,2149,4038,2629,3811,3383,3986,3830,3536,0.0022802418503812855,0.009086724235868007,0.009577488871595862,0.006742387966149025,0.00502023554132041,0.002706611841270816,0.005973146411097769,0.004260459042227218,0.03987725094281646,0.009086724235868007,0.007214845006143045,0.006578830239667159,0.00502023554132041,0.007214845006143045,0.006202237168007148,0.006202237168007148,0.002706611841270816,0.005973146411097769,0.00971305621085781,0.018448151840492165,0.005870491886984111,0.009577488871595862,0.008598811060527553,0.00609145391126438,0.0009255558766178234,0.06066781539015623,0.17724934720506588,0.09986129704060025,0.09670214860267383,0.057363741731668055,0.09458073532086408,0.013293866978073523,0.033860416148680676,0.06066781539015623,0.1706203400154546,0.10716757303245407,0.09670214860267383,0.1706203400154546,0.21561458278513881,0.21561458278513881,0.057363741731668055,0.09458073532086408,0.007778275691296765,0.04006128680643237,0.008829283639176164,0.17724934720506588,0.11841045188613583,0.08874547297518508
171,24,0.008113009587761361,0.0021575756300792654,0.038081724901414885,0.10340663438356455,0.0008484262202330047,0.19764670088637723,5,False,9,0,0,0,0,0,0,2316,3889,3876,3989,3515,4109,3979,3146,3319,3047,3516,4069,3701,4036,3734,3996,4115,4038,2629,3811,4110,3986,3830,3383,0.0021575756300792654,0.008742983765087677,0.00952105925883939,0.006558940061143953,0.004879324817096659,0.00266891540935968,0.00266891540935968,0.0059516744276362134,0.0040452561313151355,0.038081724901414885,0.008742983765087677,0.0071590310790002375,0.006578331917281493,0.004879324817096659,0.0071590310790002375,0.006232306895446833,0.006578331917281493,0.005802040310780377,0.00920819697973837,0.017648124345414108,0.0059516744276362134,0.00952105925883939,0.008408425844495629,0.005566997657841423,0.0008484262202330047,0.055612164107643206,0.16247856827131038,0.09153952228721689,0.08864363621911767,0.13591676325402907,0.13591676325402907,0.1700323407107921,0.012186044729900728,0.031038714802957286,0.055612164107643206,0.15640197834750003,0.18157027527974956,0.08864363621911767,0.15640197834750003,0.19764670088637723,0.18157027527974956,0.08669900737745874,0.007130086050355367,0.03672284623922967,0.1700323407107921,0.16247856827131038,0.10854291422895784,0.00809351000257815
172,24,0.007872023026793887,0.0020414641687752544,0.03633831390870405,0.09478941485160082,0.0007777240352135876,0.18117614247917913,6,False,9,0,0,0,0,0,0,2316,3889,3876,3989,3515,4109,3979,3146,3319,3047,3516,4069,3701,4036,3734,3996,4115,4038,2629,3811,4110,3986,3830,3383,0.0020414641687752544,0.00840034287074435,0.009425884708180537,0.006365628691997228,0.0047316771814522015,0.0026226516843180507,0.0026226516843180507,0.005904659824556949,0.0038397318532766645,0.03633831390870405,0.00840034287074435,0.007075415202689369,0.00654749241388938,0.0047316771814522015,0.007075415202689369,0.006231084369584298,0.00654749241388938,0.005623407672717325,0.008727994271212182,0.01686701180234616,0.005904659824556949,0.009425884708180537,0.008199562428989499,0.005278105703788956,0.0007777240352135876,0.05097781709867294,0.14893868758203452,0.08391122876328215,0.0812566665341912,0.12459036631619332,0.12459036631619332,0.15586297898489274,0.011170541002409001,0.028452155236044177,0.05097781709867294,0.143368480151875,0.16643941900643708,0.0812566665341912,0.143368480151875,0.18117614247917913,0.16643941900643708,0.07947409009600384,0.006535912212825753,0.03366260905262719,0.15586297898489274,0.14893868758203452,0.09949767137654468,0.007419050835696637
173,24,0.007370242880058542,0.0019315630766051006,0.03464960571836657,0.09799602635361727,0.0007129136989457886,0.1975411691231772,7,False,10,0,0,0,0,0,0,2316,3889,3876,3989,3515,4109,3979,4158,3146,3319,3047,4153,4069,3701,4036,3734,3996,4115,4038,2629,3811,4110,3516,3383,0.0019315630766051006,0.008268544031675375,0.00929633898154608,0.006164828750161971,0.0045790133919226495,0.0025690268827561757,0.0026352818634507893,0.0026352818634507893,0.0058348137762307736,0.0036436129735400334,0.03464960571836657,0.008268544031675375,0.006967294747943253,0.00648923747550727,0.0045790133919226495,0.006967294747943253,0.00620118816789656,0.00648923747550727,0.0054392564850968125,0.008271457204509575,0.016106659852495108,0.0058348137762307736,0.008060660300986375,0.005003260153984397,0.0007129136989457886,0.13006299900711688,0.13652713028353164,0.07691862636634197,0.07448527765634193,0.11420783578984386,0.1975411691231772,0.1975411691231772,0.14287439740281835,0.010239662585541584,0.02608114229970716,0.13006299900711688,0.13142110680588542,0.15256946742256733,0.07448527765634193,0.13142110680588542,0.1660781306059142,0.15256946742256733,0.07285124925467018,0.00599125286175694,0.030857391631574922,0.14287439740281835,0.046729665673783526,0.0068007965993885835
174,24,0.007215693040872499,0.0018275452732872375,0.03301744063013018,0.1002038995418826,0.0006535042240336396,0.208483202759904,8,False,10,0,0,0,0,0,0,2316,3889,3876,3989,3515,4109,3979,4158,3146,3319,3047,4153,4069,3701,4036,3734,3996,4115,4038,2629,3811,4110,4178,3383,0.0018275452732872375,0.008111903626063306,0.0093723916584359,0.005958680955554265,0.0044228787159120726,0.0025091910130299296,0.0026346870490394085,0.0026346870490394085,0.0057448560539369396,0.003456609732489476,0.03301744063013018,0.008111903626063306,0.006837906000028166,0.0064065637690383865,0.0044228787159120726,0.006837906000028166,0.006145392489226003,0.0064065637690383865,0.005251385338080455,0.007837604562627378,0.015368503889541956,0.0057448560539369396,0.0093723916584359,0.004741905352064746,0.0006535042240336396,0.1192244157565238,0.208483202759904,0.07050874083581347,0.0682781711849801,0.1046905161406902,0.1810794050295791,0.1810794050295791,0.13096819761925016,0.009386357370079784,0.02390771377473156,0.1192244157565238,0.12046934790539497,0.13985534513735337,0.0682781711849801,0.12046934790539497,0.15223828638875467,0.13985534513735337,0.066780311816781,0.005491981789943861,0.02828594232894368,0.13096819761925016,0.208483202759904,0.006234063549439534
175,24,0.0068335001551652575,0.0017291002245889222,0.03144301134851078,0.11678617451624763,0.0005990455386975029,0.24932278794378082,9,False,10,0,0,0,0,0,0,2316,3889,3876,3989,3515,4109,4207,4158,3146,3319,3047,4153,4069,3701,4036,3734,3996,4115,4206,3979,3811,4110,4178,2629,0.0017291002245889222,0.007934107620868998,0.00939903810949186,0.0057490956309576595,0.004264647089129405,0.002444224459561041,0.0026895955130168342,0.0026895955130168342,0.005637453867033265,0.0032784205153670552,0.03144301134851078,0.007934107620868998,0.006690365864055265,0.00630245943908609,0.004264647089129405,0.006690365864055265,0.006066536645129614,0.00630245943908609,0.0026895955130168342,0.0026895955130168342,0.014653619071111035,0.005637453867033265,0.00939903810949186,0.007425469797342955,0.0005990455386975029,0.10928904777681347,0.191109602529912,0.06463301243282901,0.06258832358623176,0.09596630646229935,0.24932278794378082,0.24932278794378082,0.12005418115097931,0.008604160922573136,0.02191540429350393,0.10928904777681347,0.11043023557994538,0.12820073304257393,0.06258832358623176,0.11043023557994538,0.13955176252302512,0.12820073304257393,0.24932278794378082,0.24932278794378082,0.02592878046819837,0.12005418115097931,0.191109602529912,0.0050343166407818725
176,24,0.006414510465978213,0.0016359331974278607,0.029926953543404942,0.12714825400811905,0.0005491250771393777,0.3118792222817991,10,False,11,0,0,0,0,0,0,2316,3889,3876,3989,3515,4109,4242,4207,4158,3146,3319,3047,4225,4153,4069,3701,4036,3734,3996,4115,4206,3979,3811,4110,0.0016359331974278607,0.007938222205958353,0.009380003946455773,0.005537760811090886,0.004105528179465265,0.0023751290531517024,0.0027986346937170243,0.002728272775253892,0.002728272775253892,0.005515174277597939,0.003108735843622248,0.029926953543404942,0.007938222205958353,0.007738643266680633,0.006527628427749345,0.006179840515031399,0.004105528179465265,0.006527628427749345,0.005967450190935551,0.006179840515031399,0.0027986346937170243,0.002728272775253892,0.013962766405907184,0.005515174277597939,0.0005491250771393777,0.18351496046207902,0.17518380231908598,0.059246928063426595,0.057372629954045774,0.08796911425710774,0.3118792222817991,0.22854588894846575,0.22854588894846575,0.11004966605506436,0.007887147512358706,0.0200891206023786,0.18351496046207902,0.10018162712874568,0.10122771594828327,0.11751733862235943,0.057372629954045774,0.10122771594828327,0.1279224489794397,0.11751733862235943,0.3118792222817991,0.22854588894846575,0.023768048762515172,0.11004966605506436
177,24,0.0063451979167654686,0.0015477645355651477,0.028469427407353417,0.12955577842648683,0.0005033646540444296,0.2928337315360936,11,False,12,0,0,0,0,0,0,2316,3889,3876,3989,4263,3515,4109,4242,4207,4158,3146,3319,3047,4225,4153,4069,3701,3734,3996,4115,4256,3979,3811,4110,0.0015477645355651477,0.007905312265489938,0.009319344686006134,0.005326153476587298,0.006197311741630538,0.003946576503334941,0.0023028228947465767,0.002889060010293603,0.0027514476212937254,0.002822407217028075,0.005380448815138119,0.002947241766143971,0.028469427407353417,0.007905312265489938,0.007528764563895622,0.0063524545029701234,0.006197311741630538,0.0063524545029701234,0.005850893047609279,0.0060415019303557155,0.002822407217028075,0.0027514476212937254,0.013296434853378482,0.005380448815138119,0.0005033646540444296,0.1682220470902391,0.1605851521258288,0.054309684058141044,0.19105756040382949,0.052591577457875294,0.0806383547356821,0.2858892870916492,0.20950039820276026,0.2928337315360936,0.10087886055047567,0.007229885219662147,0.01841502721884705,0.1682220470902391,0.0918331582013502,0.092792072952593,0.19105756040382949,0.092792072952593,0.11726224489781971,0.10772422707049614,0.2928337315360936,0.20950039820276026,0.021787378032305574,0.10087886055047567
178,24,0.00618266089417925,0.0014643289573549208,0.027070190640647904,0.11875946355761292,0.0004614175995407271,0.26843092057475243,12,False,12,0,0,0,0,0,0,2316,3889,3876,3989,4263,3515,4109,4242,4207,4158,3146,3319,3047,4225,4153,4069,3701,3734,3996,4115,4256,3979,3811,4110,0.0014643289573549208,0.007838889397943114,0.009221294874252939,0.005115552903637138,0.006184671300675265,0.0037887018885653717,0.0022281382385966613,0.002960775150802595,0.002760056457246488,0.0028980994132223816,0.005235548736819694,0.002793622721896237,0.027070190640647904,0.007838889397943114,0.007307470577280744,0.006167392201849601,0.006184671300675265,0.006167392201849601,0.005719509431184516,0.005890081576047699,0.0028980994132223816,0.002760056457246488,0.012654879484522196,0.005235548736819694,0.0004614175995407271,0.1542035431660525,0.14720305611534307,0.049783877053295955,0.17513609703684369,0.04820894600305235,0.07391849184104192,0.26206517983401173,0.19204203168586356,0.26843092057475243,0.09247228883793603,0.0066273947846903014,0.016880441617276462,0.1542035431660525,0.08418039501790435,0.08505940020654358,0.17513609703684369,0.08505940020654358,0.10749039115633473,0.09874720814795479,0.26843092057475243,0.19204203168586356,0.01997176319628011,0.09247228883793603
179,24,0.006011972219291731,0.0013853748766014347,0.025728663384768456,0.1088628415944785,0.00042296613291233315,0.24606167719352304,13,False,12,0,0,0,0,0,0,2316,3889,3876,3989,4263,3515,4109,4242,4207,4158,3146,3319,3047,4225,4153,4069,3701,3734,3996,4115,4256,3979,3811,4110,0.0013853748766014347,0.007742563857877409,0.00909014081864724,0.00490705530536352,0.006144593735148491,0.0036326807121632204,0.0021518218010207024,0.003014090328558093,0.0027551864851675565,0.0029555510213183788,0.00508256932914664,0.002647563938750594,0.025728663384768456,0.007742563857877409,0.007077494360288697,0.005974766653348666,0.006144593735148491,0.005974766653348666,0.0055757940891413525,0.005728035650142367,0.0029555510213183788,0.0027551864851675565,0.012038155833541583,0.00508256932914664,0.00042296613291233315,0.1413532479022148,0.1349361347723978,0.04563522063218796,0.16054142228377338,0.04419153383613132,0.06775861752095509,0.24022641484784407,0.17603852904537493,0.24606167719352304,0.08476626476810802,0.00607511188596611,0.01547373814917009,0.1413532479022148,0.07716536209974566,0.07797111685599828,0.16054142228377338,0.07797111685599828,0.0985328585599735,0.09051827413562522,0.24606167719352304,0.17603852904537493,0.0183074495965901,0.08476626476810802
180,24,0.005900846567140182,0.001310663747225106,0.02444398567718929,0.11920193660281127,0.0003877189551696387,0.23049630376012561,14,False,12,0,0,0,0,0,0,2316,3889,3876,4324,4263,3515,4109,4242,4207,4158,3146,3319,3047,4225,4153,4069,3989,4256,3979,3811,4110,4336,3701,4115,0.001310663747225106,0.007619946301753422,0.008930116635925793,0.00623667070011987,0.00623667070011987,0.003479167460425214,0.002074536932982856,0.003049654035508041,0.0027380244657950223,0.0029953156006448443,0.00492342169130254,0.0025087534268802753,0.02444398567718929,0.007619946301753422,0.006841300409595313,0.005776677092835421,0.004701589107066783,0.0029953156006448443,0.0027380244657950223,0.011446150626415142,0.00492342169130254,0.00623667070011987,0.00623667070011987,0.005557623539844004,0.0003877189551696387,0.1295738105770302,0.12369145687469797,0.23049630376012561,0.23049630376012561,0.04050890601645371,0.0621120660608755,0.22020754694385705,0.161368651624927,0.22555653742739612,0.07770240937076568,0.0055688525621356,0.014184259970072582,0.1295738105770302,0.07073491525810019,0.07147352378466508,0.04183228557950563,0.22555653742739612,0.161368651624927,0.016781828796874256,0.07770240937076568,0.23049630376012561,0.23049630376012561,0.08297508462432311
181,24,0.005801697040459186,0.0012399694321465094,0.023215068024930913,0.12184737733901391,0.0003554090422388355,0.29462161178011514,15,False,12,0,0,0,0,0,0,2316,3889,3876,4324,4263,4348,4109,4242,4207,4158,3146,3319,3047,4225,4153,4069,3989,3515,3979,3811,4110,4336,3701,4256,0.0012399694321465094,0.007474568797358955,0.008745322283223996,0.006293083984123663,0.00645538207476504,0.00645538207476504,0.001996867171117347,0.0030683841894284573,0.0027098120301350848,0.003018230587932361,0.004759830546941879,0.0023768836190270135,0.023215068024930913,0.007474568797358955,0.0066010887805182,0.005574999730230843,0.004499930342551442,0.003328706262052512,0.0027098120301350848,0.01087860910915562,0.004759830546941879,0.006293083984123663,0.006293083984123663,0.003018230587932361,0.0003554090422388355,0.11877599302894436,0.11338383546847314,0.2112882784467818,0.29462161178011514,0.29462161178011514,0.05693606055580254,0.20185691803186895,0.1479212639895164,0.20676015930844643,0.07122720858986854,0.005104781515290967,0.013002238305899867,0.11877599302894436,0.06484033898659183,0.06551739680260965,0.03834626178121349,0.0371331638484159,0.1479212639895164,0.0153833430638014,0.07122720858986854,0.2112882784467818,0.2112882784467818,0.20676015930844643
182,24,0.005671706311242815,0.0011730775965534514,0.022040635697393302,0.12453529558486676,0.00032579162205226584,0.3534031441317722,16,False,12,0,0,0,0,0,0,2316,3889,3876,4324,4263,4348,4109,4242,4207,4158,3146,3319,3047,4225,4153,4069,3989,4372,3515,3979,3811,4110,4389,4379,0.0011730775965534514,0.007309823671394411,0.008539661569046442,0.006315936081412759,0.006802858908483043,0.006631824723525113,0.0019193207574121785,0.0030714021150289946,0.0026718079168583293,0.003025351234000242,0.004593336774989798,0.0023097226324493548,0.022040635697393302,0.007309823671394411,0.0063588042283696964,0.005371394997909967,0.004302717782757117,0.006802858908483043,0.003181742132485631,0.0026718079168583293,0.01033515921991975,0.004593336774989798,0.006478823525663038,0.0023097226324493548,0.00032579162205226584,0.10887799360986565,0.10393518251276704,0.19368092190954997,0.3534031441317722,0.2700698107984389,0.05219138884281899,0.18503550819587986,0.13559449199039003,0.18953014603274257,0.06529160787404616,0.08801271638901673,0.011918718447074877,0.10887799360986565,0.05943697740437585,0.06005761373572551,0.035150739966112364,0.3534031441317722,0.03403873352771457,0.13559449199039003,0.014101397808484616,0.06529160787404616,0.2770142552428833,0.08801271638901673
183,24,0.005433173932489152,0.0011097851255143212,0.020919267326673485,0.13159516993602338,0.000298642320214577,0.32395288212079115,17,False,12,0,0,0,0,0,0,2316,3889,3876,4324,4263,4348,4109,4242,4207,4158,3146,3319,3047,4406,4225,4153,4069,3989,4372,3515,3979,4411,4110,4389,0.0011097851255143212,0.007128918328689806,0.00831679776950897,0.006307686772263552,0.007104816958451126,0.006766398638452316,0.0018423357890544206,0.0030599717747579304,0.0026252570706751513,0.003017889148576105,0.004425303511856017,0.0022394349938245745,0.020919267326673485,0.0062738839320975095,0.007128918328689806,0.0062738839320975095,0.005167317980802128,0.004110467511844095,0.007104816958451126,0.0030386317405483873,0.002692962223043729,0.002692962223043729,0.004425303511856017,0.006623162828967833,0.000298642320214577,0.09980482747571018,0.09527391730336979,0.17754084508375412,0.32395288212079115,0.2475639932319023,0.04784210643925074,0.16961588251288987,0.12429495099119085,0.1737359671966807,0.05985064055120897,0.08067832335659866,0.010925491909818636,0.13781722928734452,0.09980482747571018,0.13781722928734452,0.05505281259108172,0.032221511635603,0.32395288212079115,0.03120217240040502,0.20762828432452418,0.20762828432452418,0.05985064055120897,0.253929733972643
184,24,0.0052705829976089705,0.001049899565734972,0.019849428380306705,0.11997735669414235,0.0002737554601966956,0.2969568086107252,18,False,13,0,0,0,0,0,0,2316,3889,3876,4432,4324,4263,4348,4109,4242,4207,4158,3146,3319,3047,4406,4225,4153,4069,3989,4372,3515,3979,4411,4110,0.001049899565734972,0.006934843960233023,0.008080124333486767,0.005092052956224523,0.00627103449503792,0.007359222186215211,0.006860321260757964,0.0017662857248487718,0.003035445765571598,0.002571366224317348,0.0029971571762888033,0.004256924843483319,0.002166830377770508,0.019849428380306705,0.006168413288415803,0.006934843960233023,0.006168413288415803,0.005092052956224523,0.00392358675138753,0.007359222186215211,0.0028996535680398308,0.002699971924961406,0.002699971924961406,0.004256924843483319,0.0002737554601966956,0.091487758519401,0.08733442419475564,0.13379841154182492,0.16274577466010792,0.2969568086107252,0.22693366046257712,0.043855264235979845,0.1554812256368157,0.11393703840859161,0.15925796993029062,0.054863087171941556,0.07395512974354877,0.010015034250667083,0.1263324601800658,0.091487758519401,0.1263324601800658,0.13379841154182492,0.029536385665969417,0.2969568086107252,0.02860199136703793,0.1903259272974805,0.1903259272974805,0.054863087171941556
185,24,0.00515816978397609,0.0009932385911212457,0.01882950004076703,0.10997924363629714,0.0002509425051803043,0.27221040789316475,19,False,13,0,0,0,0,0,0,2316,3889,3876,4432,4324,4263,4348,4109,4242,4207,4158,3146,3319,3047,4406,4225,4153,4069,3989,4372,3515,3979,4411,4110,0.0009932385911212457,0.0067303560092460725,0.007832748185450496,0.005000817849440129,0.00620881255491461,0.007565315811687385,0.006915471538093211,0.001691485032083272,0.002999218853935502,0.0025112853843286312,0.0029645215504166167,0.00408923626625226,0.0020926352833227865,0.01882950004076703,0.006045238092755751,0.0067303560092460725,0.006045238092755751,0.005000817849440129,0.0037423868024081637,0.007565315811687385,0.0027650173806937663,0.0026939127795638207,0.0026939127795638207,0.00408923626625226,0.0002509425051803043,0.08386377864278424,0.08005655551185933,0.12264854391333951,0.14918362677176558,0.27221040789316475,0.2080225220906957,0.04020065888298152,0.14252445683374773,0.10444228520787564,0.14598647243609972,0.05029116324094642,0.06779220226491971,0.009180448063111493,0.11580475516506031,0.08386377864278424,0.11580475516506031,0.12264854391333951,0.027075020193805296,0.27221040789316475,0.026218492086451436,0.17446543335602377,0.17446543335602377,0.05029116324094642
186,24,0.004835897110141981,0.0009396294917004828,0.017857803990915452,0.10609106250911325,0.00023003062974861227,0.249526207235401,20,False,14,0,0,0,0,0,0,2316,3889,3876,4432,4324,4263,4348,4471,4109,4242,4207,4158,3146,3319,3047,4406,4153,4069,3989,4372,3515,3979,4411,4110,0.0009396294917004828,0.006517964335681735,0.007577483273779042,0.004895903632113059,0.006123901147898693,0.007723461590677224,0.006934237965907337,0.0016599279112637737,0.0016599279112637737,0.002952689239816656,0.002446094527477813,0.002921361654514315,0.0039231262448152235,0.0020174951374118395,0.017857803990915452,0.005907078446926426,0.005907078446926426,0.004895903632113059,0.003567095029730517,0.007723461590677224,0.002634872966532374,0.0026759531152249333,0.0026759531152249333,0.0039231262448152235,0.00023003062974861227,0.07687513042255222,0.07338517588587105,0.11242783192056122,0.13675165787411844,0.249526207235401,0.19068731191647104,0.12018393730939973,0.12018393730939973,0.13064741876426875,0.09573876144055267,0.13382093306642473,0.04610023297086755,0.0621428520761764,0.008415410724518868,0.10615435890130528,0.10615435890130528,0.11242783192056122,0.024818768510988187,0.249526207235401,0.024033617745913814,0.15992664724302177,0.15992664724302177,0.04610023297086755
187,24,0.00450504797857165,0.000888908685369035,0.016932623567028758,0.10077237966142266,0.00021086141060289458,0.22993275997276996,21,False,14,0,0,0,0,0,0,2316,3889,3876,4432,4324,4263,4348,4509,4109,4242,4207,4158,3146,3319,3047,4406,4153,4069,3989,3515,4471,3979,4411,4110,0.000888908685369035,0.006299931168890726,0.007316852222298402,0.004779488390024676,0.006019155136820553,0.007834973886414468,0.0069193768389071535,0.0027155847244032206,0.0016239821487163888,0.0028972273124700677,0.0023767947697124047,0.002869037260395072,0.003759348328934359,0.0019419777410763996,0.016932623567028758,0.005756495460899917,0.005756495460899917,0.004779488390024676,0.003397865855702602,0.0025093181266182926,0.0016239821487163888,0.0027155847244032206,0.002647310808058529,0.003759348328934359,0.00021086141060289458,0.07046886955400619,0.06726974456204847,0.1030588459271811,0.12535568638460856,0.22873235663245092,0.17479670259009844,0.22993275997276996,0.11016860920028308,0.11976013386724635,0.08776053132050661,0.12266918864422266,0.04225854688996192,0.056964281069828364,0.007714126497475629,0.0973081623261965,0.0973081623261965,0.1030588459271811,0.02275053780173917,0.022030816267087663,0.11016860920028308,0.22993275997276996,0.14659942663943662,0.04225854688996192
188,24,0.004378674284740094,0.0008409212518655983,0.01605222170268477,0.0923746813563041,0.0001932896263859867,0.21077169664170578,22,False,14,0,0,0,0,0,0,2316,3889,3876,4432,4324,4263,4348,4509,4109,4242,4207,4158,3146,3319,3047,4406,4153,4069,3989,3515,4471,3979,4411,4110,0.0008409212518655983,0.006078275133492881,0.007053094190523424,0.004653613307336697,0.0058973467736844224,0.00790193942426345,0.006873884799705796,0.002739715836209029,0.001584364063936237,0.0028341513681237078,0.0023043032746522165,0.0028088627880750645,0.003598533408788377,0.0018665776595688042,0.01605222170268477,0.00559586875139671,0.00559586875139671,0.004653613307336697,0.0032347907626019616,0.002388405924991825,0.001584364063936237,0.002739715836209029,0.002609217044194249,0.003598533408788377,0.0001932896263859867,0.064596463757839,0.061663932515211094,0.09447060876658267,0.11490937918589117,0.20967132691308,0.16023031070759022,0.21077169664170578,0.10098789176692616,0.10978012271164249,0.08044715371046439,0.1124467562572041,0.03873700131579842,0.05221725764734266,0.007071282622685993,0.08919914879901346,0.08919914879901346,0.09447060876658267,0.020854659651594238,0.020194914911497025,0.10098789176692616,0.21077169664170578,0.13438280775281689,0.03873700131579842
189,24,0.004247617692744039,0.0007955204883191783,0.015214856048794863,0.08467679124327876,0.0001771821575204878,0.19320738858823028,23,False,14,0,0,0,0,0,0,2316,3889,3876,4432,4324,4263,4348,4509,4109,4242,4207,4158,3146,3319,3047,4406,4153,4069,3989,3515,4471,3979,4411,4110,0.0007955204883191783,0.0058547798501715825,0.006788177309030404,0.004520166978767415,0.005761122076967763,0.007927042823534456,0.006800887966907747,0.002749266753436401,0.0015417428698967794,0.0027647095795812204,0.0022294512079333046,0.002742087927676481,0.00344120178879535,0.0017917212268535037,0.015214856048794863,0.005427383011731948,0.005427383011731948,0.004520166978767415,0.0030779073268804714,0.0022721512204567774,0.0015417428698967794,0.002749266753436401,0.002562886767493393,0.00344120178879535,0.0001771821575204878,0.05921342511135242,0.05652527147227683,0.08659805803603411,0.1053335975870669,0.19219871633698998,0.14687778481529104,0.19320738858823028,0.09257223411968231,0.10063177915233894,0.07374322423459236,0.10307619323577043,0.03550891787281522,0.047865819510064106,0.006482009070795493,0.08176588639909567,0.08176588639909567,0.08659805803603411,0.01911677134729472,0.01851200533553894,0.09257223411968231,0.19320738858823028,0.12318424044008214,0.03550891787281522
190,24,0.00411297872551336,0.0007525674856831944,0.014418791618299252,0.07762039197300552,0.00016241697772711381,0.17710677287254442,24,False,14,0,0,0,0,0,0,2316,3889,3876,4432,4324,4263,4348,4509,4109,4242,4207,4158,3146,3319,3047,4406,4153,4069,3989,3515,4471,3979,4411,4110,0.0007525674856831944,0.005631005833483517,0.006523814313314702,0.004380876657171726,0.005612969295203296,0.007913403261873541,0.006703548486280604,0.0027453117642557137,0.0014967360217295182,0.002690067416814999,0.0021529841044870416,0.0026698838517660375,0.0032877748444827266,0.0017177718981502231,0.014418791618299252,0.005253022006928183,0.005253022006928183,0.004380876657171726,0.002927207325349723,0.0021605365139830165,0.0014967360217295182,0.0027453117642557137,0.0025094954184957355,0.0032877748444827266,0.00016241697772711381,0.05427897301873972,0.05181483218292043,0.07938155319969793,0.09655579778814465,0.17618215664224082,0.1346379694140168,0.17710677287254442,0.08485788127637545,0.09224579755631068,0.06759795554837632,0.09448651046612289,0.03254984138341395,0.04387700121755876,0.005941841648229202,0.07495206253250436,0.07495206253250436,0.07938155319969793,0.017523707068353492,0.016969338224244027,0.08485788127637545,0.17710677287254442,0.11291888707007529,0.03254984138341395
191,24,0.004112574220084329,0.000711930725341455,0.013662311269043879,0.08031108836202888,0.00014888222958318767,0.1623478751331657,25,False,15,0,0,0,0,0,0,2316,4599,3889,3876,4432,4324,4263,4348,4509,4109,4242,4207,4158,3146,3319,3047,4406,4153,4069,3989,4471,3979,4411,4110,0.000711930725341455,0.005205441164411753,0.005408304620725489,0.0062614802410258736,0.004237305126847043,0.005455197772080772,0.007864427151806191,0.006584988266705814,0.0027290276769241623,0.0014499067733311057,0.0026112996937663157,0.002075564088178675,0.0025933342069197752,0.0031385860965894422,0.0016450357400862332,0.013662311269043879,0.005205441164411753,0.005074568482958457,0.004237305126847043,0.0027826439648540443,0.0014499067733311057,0.0027290276769241623,0.002450161382323922,0.0031385860965894422,0.00014888222958318767,0.15203939065479566,0.04975572526717807,0.047496929501010386,0.07276642376638977,0.08850948130579925,0.1615003102553874,0.12341813862951538,0.1623478751331657,0.07778639117001082,0.08455864775995145,0.06196479258601162,0.08661263459394597,0.029837354601462786,0.040220584449428866,0.005446688177543435,0.15203939065479566,0.06870605732146233,0.07276642376638977,0.0160633981459907,0.07778639117001082,0.1623478751331657,0.10350897981423568,0.029837354601462786
192,24,0.003925418737837436,0.0006734856951556301,0.012943724305503184,0.07839720154774735,0.000136475377117922,0.14881888553873523,26,False,15,0,0,0,0,0,0,2316,4599,3889,3876,4627,4324,4263,4348,4509,4109,4242,4207,4158,3146,3319,3047,4406,4153,4069,3989,4471,3979,4411,4110,0.0006734856951556301,0.005138360233433705,0.00518783426175587,0.006002431276827127,0.002712330391573926,0.00528992553046229,0.00778367960863423,0.006448228901834276,0.0027016488320243384,0.0014017635136432168,0.0025293864404500434,0.0019977734597954465,0.0025134300855802973,0.0029938915929749576,0.0015737668963736148,0.012943724305503184,0.005138360233433705,0.004893608644769778,0.004090852013484426,0.002712330391573926,0.0014017635136432168,0.0027016488320243384,0.002385933460171953,0.0029938915929749576,0.000136475377117922,0.13936944143356267,0.04560941482824656,0.04353885204259285,0.09805811496715815,0.08113369119698265,0.14804195106743845,0.11313329374372243,0.14881888553873523,0.07130419190584325,0.0775120937799555,0.05680105987051065,0.07939491504445047,0.02735090838467422,0.036868869078643125,0.004992797496081482,0.13936944143356267,0.0629805525446738,0.06670255511919061,0.09805811496715815,0.07130419190584325,0.14881888553873523,0.0948832314963827,0.02735090838467422
193,24,0.003783570998017826,0.0006371145242158072,0.012261373449507023,0.07735401847472467,0.00012510242902476183,0.1364173117438406,27,False,15,0,0,0,0,0,0,2316,4599,3889,3876,4627,4324,4263,4348,4509,4109,4242,4207,4643,3146,3319,3047,4406,4153,4069,3989,4471,3979,4158,4110,0.0006371145242158072,0.005054175839270233,0.00497057547514168,0.005747724022905372,0.0026372006231517482,0.005119073976415456,0.007674775806142736,0.006296146290020805,0.002664429003522438,0.0013527604965746839,0.0024452118549653508,0.0019696389539378637,0.0019696389539378637,0.0028538795337176596,0.0015041729078818615,0.012261373449507023,0.005054175839270233,0.004711540036215022,0.00394275848192912,0.0026372006231517482,0.0013527604965746839,0.002664429003522438,0.0024310682267383358,0.0028538795337176596,0.00012510242902476183,0.1277553213140991,0.041808630259226015,0.03991061437237678,0.08988660538656162,0.07437255026390076,0.13570512181181857,0.10370551926507889,0.1364173117438406,0.06536217591368965,0.07105275263162586,0.1354009715479681,0.1354009715479681,0.0250716660192847,0.03379646332208953,0.0045767310380746915,0.1277553213140991,0.05773217316595098,0.06114400885925806,0.08988660538656162,0.06536217591368965,0.1364173117438406,0.0727786721240796,0.0250716660192847
194,24,0.0036076735585330462,0.0006027056355543632,0.01161364040206043,0.07861060549720712,0.00011467722660603167,0.1432486612542155,28,False,16,0,0,0,0,0,0,2316,4599,3889,4674,4627,4324,4263,4348,4509,4665,4109,4242,4207,4643,3146,3319,3047,4406,4153,3876,3989,4471,4158,4110,0.0006027056355543632,0.004955224943707869,0.004757347929279267,0.0038919643015803878,0.002558289833162365,0.004944368259754757,0.00754129204400794,0.006131438196125911,0.002618610150302626,0.0013369116105649923,0.0013369116105649923,0.00235956566432696,0.001935217082341128,0.001935217082341128,0.0027186791096809083,0.0014364198000107323,0.01161364040206043,0.004955224943707869,0.00452958183320283,0.005498234640406593,0.002558289833162365,0.0013032996261405254,0.0023470517631252645,0.0027186791096809083,0.00011467722660603167,0.11710904453792419,0.03832457773762384,0.13938200812098656,0.08239605493768148,0.06817483774190902,0.12439636166083368,0.09506339265965565,0.12504920243185388,0.1432486612542155,0.1432486612542155,0.0651316899123237,0.12411755725230408,0.12411755725230408,0.02298236051767764,0.030980091378582066,0.004195336784901801,0.11710904453792419,0.05292115873545506,0.03658472984134538,0.08239605493768148,0.05991532792088217,0.0667137827804063,0.02298236051767764
195,24,0.003659223616214963,0.000570153416087544,0.010998950192713698,0.08849216692868021,0.00010512079105552902,0.19796176889586606,29,False,11,0,0,0,0,0,0,2316,4599,3889,4674,4627,4324,4685,4348,4688,3146,3319,3047,4406,4153,3876,3989,4263,4509,4665,4109,4242,4207,4643,4110,0.000570153416087544,0.004843745981115884,0.004548826238132894,0.0038282137266322366,0.002476538874870703,0.004890291328232758,0.004890291328232758,0.005956602897850378,0.0026315590434780505,0.0025883685513887183,0.0013706368780396132,0.010998950192713698,0.004843745981115884,0.00434878673055196,0.005254677448486149,0.002476538874870703,0.007386695449914889,0.0026315590434780505,0.0013164378877679602,0.0013164378877679602,0.0022731463064036323,0.0018953970853189852,0.0018953970853189852,0.0025883685513887183,0.00010512079105552902,0.10734995749309717,0.035130862926155186,0.127766840777571,0.07552971702620802,0.14582693459674995,0.14582693459674995,0.08714144327135101,0.19796176889586606,0.02106716380787117,0.02839841709703356,0.0038457253861599837,0.10734995749309717,0.04851106217416714,0.033536002354566594,0.07552971702620802,0.11402999818909754,0.19796176889586606,0.1313112728163642,0.1313112728163642,0.059704049086296715,0.11377442748127874,0.11377442748127874,0.02106716380787117
196,24,0.003554517233824208,0.0005393579030577931,0.010415774489687259,0.08806226412906797,9.636072513423493e-05,0.18173746103533908,30,False,11,0,0,0,0,0,0,2316,4599,3889,4674,4627,4324,4685,4348,4688,3146,3319,3047,4705,4153,3876,3989,4263,4509,4665,4109,4242,4207,4643,4110,0.0005393579030577931,0.004843626513126922,0.0043455553710088895,0.003753276885754343,0.0023927940199175877,0.004818879184390464,0.004818879184390464,0.005773927080409748,0.0026312750333971893,0.0024629824047260255,0.001306921193378024,0.010415774489687259,0.004843626513126922,0.004170053757851424,0.0050176226849911855,0.0023927940199175877,0.007214290655330522,0.0026312750333971893,0.0012919507407850074,0.0012919507407850074,0.0021865654305985548,0.0018510261835134214,0.0018510261835134214,0.0024629824047260255,9.636072513423493e-05,0.18173746103533908,0.03220329101564225,0.11711960404610675,0.06923557394069069,0.1336746900470208,0.1336746900470208,0.07987965633207175,0.18146495482121056,0.019311566823881906,0.02603188233894743,0.0035252482706466517,0.18173746103533908,0.04446847365965321,0.030741335491686044,0.06923557394069069,0.10452749834000608,0.18146495482121056,0.12036866674833385,0.12036866674833385,0.05472871166243865,0.10429322519117216,0.10429322519117216,0.019311566823881906
197,24,0.0036008921477469424,0.0005102244862621644,0.009862634022978411,0.08817640273041492,8.833066470638202e-05,0.20586846587643573,31,False,12,0,0,0,0,0,0,2316,4599,3889,4674,4627,4324,4685,4734,4348,4688,3146,3319,3047,4705,4153,3876,3989,4263,4509,4109,4242,4207,4643,4110,0.0005102244862621644,0.004821145140240832,0.00414796526608362,0.003668849307075484,0.002307808897053654,0.00473237457860802,0.004854422108919953,0.004854422108919953,0.005585481247600108,0.0026188622464828376,0.0023425180640410524,0.0012453416611241759,0.009862634022978411,0.004821145140240832,0.0039941414972473836,0.004787513228373904,0.002307808897053654,0.007027181456099693,0.0026188622464828376,0.0012640389304880088,0.0021003532973595126,0.0018028998265747363,0.0018028998265747363,0.0023425180640410524,8.833066470638202e-05,0.1665926726157275,0.029519683431005396,0.10735963704226452,0.06346594277896646,0.12253513254310239,0.20586846587643573,0.20586846587643573,0.0732230183043991,0.16634287525277633,0.017702269588558413,0.023862558810701807,0.0032314775814260973,0.1665926726157275,0.040762767521348775,0.028179557534045538,0.06346594277896646,0.0958168734783389,0.16634287525277633,0.11033794451930602,0.05016798569056876,0.09560212309190781,0.09560212309190781,0.017702269588558413
198,24,0.00350828300411318,0.0004826636253673378,0.009338100253844794,0.0985613904074555,8.096977598085018e-05,0.27204609372006605,32,False,14,0,0,0,0,0,0,2316,4599,3889,4766,4674,4627,4324,4685,4734,4348,4759,4688,3146,3319,3047,4705,4153,3876,3989,4509,4109,4207,4643,4110,0.0004826636253673378,0.00477845512583168,0.00395638451034419,0.0039202421249462755,0.0035765303558626398,0.002222248074954764,0.004632944972215433,0.004864659587023096,0.004990118736239276,0.005393121073189099,0.004990118736239276,0.0025954912836420687,0.0022269416027920637,0.0011859428227841363,0.009338100253844794,0.00477845512583168,0.0039202421249462755,0.004564680156880048,0.002222248074954764,0.0025954912836420687,0.0012332603827034,0.0017517552308449445,0.0017517552308449445,0.0022269416027920637,8.096977598085018e-05,0.1527099498977502,0.027059709811754946,0.12069920356123638,0.09841300062207581,0.05817711421405258,0.11232387149784386,0.18871276038673274,0.27204609372006605,0.06712110011236584,0.27204609372006605,0.15248096898171162,0.016227080456178544,0.021874012243143323,0.0029621877829739225,0.1527099498977502,0.12069920356123638,0.025831261072875075,0.05817711421405258,0.15248096898171162,0.10114311580936385,0.08763527950091549,0.08763527950091549,0.016227080456178544
199,24,0.0034216640707665207,0.0004565905816292229,0.008840796407226167,0.0903479412068342,7.422229464911265e-05,0.24937558591006054,33,False,14,0,0,0,0,0,0,2316,4599,3889,4766,4674,4627,4324,4685,4734,4348,4759,4688,3146,3319,3047,4705,4153,3876,3989,4509,4109,4207,4643,4110,0.0004565905816292229,0.0047177626342961776,0.0037710530064221635,0.0038359027921406968,0.003477808496578734,0.002136691817110962,0.004522650690149195,0.004851549954348668,0.005094197996929342,0.00519849329977549,0.005094197996929342,0.0025623608803339243,0.0021161929478972124,0.0011287482580883137,0.008840796407226167,0.0047177626342961776,0.0038359027921406968,0.0043493570810178815,0.002136691817110962,0.0025623608803339243,0.0012001364540620775,0.0016982676658409794,0.0016982676658409794,0.0021161929478972124,7.422229464911265e-05,0.13998412073960434,0.0248047339941087,0.11064093659780001,0.09021191723690282,0.053329021362881535,0.10296354887302353,0.17298669702117167,0.24937558591006054,0.06152767510300202,0.24937558591006054,0.139774221566569,0.014874823751496999,0.020051177889548046,0.0027153388010594287,0.13998412073960434,0.11064093659780001,0.023678655983468817,0.053329021362881535,0.139774221566569,0.09271452282525018,0.08033233954250586,0.08033233954250586,0.014874823751496999
200,24,0.0033337862101232435,0.00043192516335434014,0.008369397968676928,0.08976339055070914,6.803710342835326e-05,0.22859428708422216,34,False,14,0,0,0,0,0,0,2316,4599,3889,4766,4674,4627,4324,4685,4734,4348,4759,4688,3146,3319,3047,4705,4153,3876,3989,4509,4109,4822,4821,4110,0.00043192516335434014,0.004641268111551768,0.003592133591713351,0.003742818611343725,0.0033740523080512588,0.0020516416167985687,0.00440342228049164,0.004817210225020367,0.0051675306470583375,0.005003044984840457,0.0051675306470583375,0.002520666172942091,0.0020101904472113953,0.0010737636571707977,0.008369397968676928,0.004641268111551768,0.003742818611343725,0.004141693231334336,0.0020516416167985687,0.002520666172942091,0.0011651482796188554,0.0016854230694368678,0.0016854230694368678,0.0020101904472113953,6.803710342835326e-05,0.1283187773446373,0.022737672827932976,0.10142085854798334,0.08269425746716091,0.04888493624930807,0.0943832531336049,0.15857113893607402,0.22859428708422216,0.056400368844418514,0.22859428708422216,0.1281263697693549,0.013635255105538915,0.018380246398752374,0.0024890605676378096,0.1283187773446373,0.10142085854798334,0.021705434651513082,0.04888493624930807,0.1281263697693549,0.08498831258981267,0.15697131124729705,0.15697131124729705,0.013635255105538915
201,24,0.003241504500444184,0.0004085914844606699,0.007922632734080866,0.0822831080048167,6.236734480932382e-05,0.20954476316053697,35,False,14,0,0,0,0,0,0,2316,4599,3889,4766,4674,4627,4324,4685,4734,4348,4759,4688,3146,3319,3047,4705,4153,3876,3989,4509,4109,4822,4821,4110,0.0004085914844606699,0.004551119343514808,0.003419722609260397,0.0036425742478393476,0.0032665062239665863,0.0019675261935808985,0.004277045742287194,0.004763839757812854,0.005211495997865654,0.0048080350830613395,0.005211495997865654,0.0024715733025584452,0.0019088348807278085,0.0010209795694821706,0.007922632734080866,0.004551119343514808,0.0036425742478393476,0.003941765317954705,0.0019675261935808985,0.0024715733025584452,0.0011287348444544588,0.0016660033558326278,0.0016660033558326278,0.0019088348807278085,6.236734480932382e-05,0.11762554589925087,0.02084286675893856,0.0929691203356514,0.0758030693448975,0.04481119156186573,0.08651798203913783,0.14535687735806785,0.20954476316053697,0.051700338107383635,0.20954476316053697,0.11744917228857532,0.012498983846744005,0.016848559198856344,0.002281638853667992,0.11762554589925087,0.0929691203356514,0.019896648430553658,0.04481119156186573,0.11744917228857532,0.07790595320732828,0.1438903686433556,0.1438903686433556,0.012498983846744005
202,24,0.0031779753700577826,0.000386517735517082,0.007499280488653577,0.08529621300634611,5.7170066075213494e-05,0.19208269956382554,36,False,15,0,0,0,0,0,0,2316,4599,3889,4850,4674,4627,4866,4324,4685,4734,4348,4759,4688,3146,3319,3047,4705,4766,3876,3989,4509,4822,4821,4110,0.000386517735517082,0.00444937528451817,0.003337776208411519,0.003337776208411519,0.003156290050895615,0.001884707698214828,0.0019333141464378393,0.004145154304172514,0.004693656160730168,0.005227866891138851,0.004614547531788572,0.005227866891138851,0.0024161998597827927,0.0018120129657228686,0.0009703738491446817,0.007499280488653577,0.00444937528451817,0.003536632662028534,0.0037495882032839503,0.0019333141464378393,0.0024161998597827927,0.001640784742466589,0.001640784742466589,0.0018120129657228686,5.7170066075213494e-05,0.1078234170743133,0.10243929452902702,0.10243929452902702,0.06948614689948937,0.04107692559837692,0.12441025893171026,0.079308150202543,0.13324380424489551,0.19208269956382554,0.047391976598435,0.19208269956382554,0.10766174126452738,0.011457401859515336,0.015444512598951647,0.0020915022825289927,0.1078234170743133,0.08522169364101378,0.018238594394674186,0.12441025893171026,0.10766174126452738,0.13189950458974264,0.13189950458974264,0.011457401859515336
203,24,0.003060874895327572,0.0003656359666624754,0.007098172381359353,0.08720831906536188,5.240589390227903e-05,0.17723601998494143,37,False,15,0,0,0,0,0,0,2316,4599,3889,4850,4674,4627,4866,4324,4685,4734,4348,4882,4688,3146,3319,3047,4705,4875,3876,3989,4509,4822,4821,4110,0.0003656359666624754,0.00433797949558892,0.0032493068978858837,0.003333106241222975,0.0030444014169291973,0.001803487929729494,0.0018936885501671908,0.004009225515246635,0.004608843191705261,0.005218702044170365,0.004537586982934023,0.004537586982934023,0.0023556005386343496,0.00171960040456526,0.0009219138184164982,0.007098172381359353,0.00433797949558892,0.003333106241222975,0.0035651244465621703,0.0018936885501671908,0.0023556005386343496,0.0016105297264844757,0.0016105297264844757,0.00171960040456526,5.240589390227903e-05,0.09883813231812051,0.0939026866516081,0.17723601998494143,0.06369563465786525,0.03765384846517884,0.11404273735406774,0.07269913768566441,0.12214015389115422,0.17607580793350674,0.12677597854856543,0.12677597854856543,0.09868992949248342,0.010502618371222391,0.014157469882372343,0.0019172104256515766,0.09883813231812051,0.17723601998494143,0.016718711528451335,0.11404273735406774,0.09868992949248342,0.12090787920726409,0.12090787920726409,0.010502618371222391
204,24,0.0029734402120455117,0.00034588188182811853,0.006718190051738768,0.07994095914324839,4.803873607708911e-05,0.16246635165286297,38,False,15,0,0,0,0,0,0,2316,4599,3889,4850,4674,4627,4866,4324,4685,4734,4348,4882,4688,3146,3319,3047,4705,4875,3876,3989,4509,4822,4821,4110,0.00034588188182811853,0.0042187419136358395,0.003155628244546289,0.00331345554177222,0.0029317204140014387,0.0017241144168625283,0.0018494966322825483,0.0038705825240340323,0.004511509904197495,0.005186248971827259,0.004447529734290163,0.004447529734290163,0.0022907573041712243,0.0016314645216380446,0.000875558171830764,0.006718190051738768,0.0042187419136358395,0.00331345554177222,0.0033882927901942844,0.0018494966322825483,0.0022907573041712243,0.0015759732112256139,0.0015759732112256139,0.0016314645216380446,4.803873607708911e-05,0.09060162129161047,0.08607746276397409,0.16246635165286297,0.05838766510304314,0.03451602775974726,0.10453917590789542,0.06664087621185905,0.11196180773355803,0.16140282393904784,0.1162113136695183,0.1162113136695183,0.09046576870144314,0.009627400173620525,0.01297768072550798,0.0017574428901806119,0.09060162129161047,0.16246635165286297,0.015325485567747058,0.10453917590789542,0.09046576870144314,0.11083222260665875,0.11083222260665875,0.009627400173620525
205,24,0.0030397687377367367,0.00032719464370915103,0.006358264558130208,0.08793309323040215,4.4035508070665015e-05,0.2322608223484577,39,False,14,0,0,0,0,0,0,2316,4599,4937,3889,4850,4674,4927,4685,4734,4348,4882,4688,3146,3319,3047,4705,4875,3876,4627,4324,4509,4822,4821,4110,0.00032719464370915103,0.00409332765286831,0.0033649215328469466,0.0030579406737122486,0.0032803223048517563,0.0028190158076761562,0.0038266052097277836,0.004403659964239575,0.0051328593099414675,0.004346379495810669,0.004346379495810669,0.002222573368476809,0.001547466533047467,0.0008312586436795713,0.006358264558130208,0.00409332765286831,0.0033649215328469466,0.0032189756642685397,0.0016467862564590351,0.0038266052097277836,0.002222573368476809,0.001537812146729005,0.001537812146729005,0.001547466533047467,4.4035508070665015e-05,0.08305148618397626,0.2322608223484577,0.07890434086697624,0.14892748901512437,0.053522026344456214,0.14442080319420414,0.10263165708909486,0.14795258861079386,0.10652703753039176,0.10652703753039176,0.08292695464298955,0.008825116825818815,0.011896207331715649,0.001610989315998894,0.08305148618397626,0.2322608223484577,0.014048361770434802,0.03163969211310166,0.14442080319420414,0.08292695464298955,0.10159620405610384,0.10159620405610384,0.008825116825818815
206,24,0.002956471165593002,0.0003095166889536186,0.00601737514925274,0.08060533546120195,4.0365882398109595e-05,0.21290575381941956,40,False,14,0,0,0,0,0,0,2316,4599,4937,3889,4850,4674,4927,4685,4734,4348,4882,4688,3146,3319,3047,4705,4875,3876,4627,4324,4509,4822,4821,4110,0.0003095166889536186,0.003963251589665248,0.0033970371476245553,0.0029573295225979843,0.003235228671601089,0.0027069522938645923,0.003769241107886879,0.004287169892722848,0.005060917256392157,0.004236023931610281,0.004236023931610281,0.0021518702973076453,0.0014674634897220297,0.0007889614610366943,0.00601737514925274,0.003963251589665248,0.0033970371476245553,0.0030570257885492655,0.0015716596345656357,0.003769241107886879,0.0021518702973076453,0.001496698243531074,0.001496698243531074,0.0014674634897220297,4.0365882398109595e-05,0.07613052900197824,0.21290575381941956,0.07232897912806155,0.13651686493053067,0.049061857482418196,0.13238573626135378,0.09407901899833696,0.13562320622656102,0.09764978440285911,0.09764978440285911,0.07601637508940708,0.008089690423667247,0.010904856720739344,0.0014767402063323195,0.07613052900197824,0.21290575381941956,0.012877664956231901,0.029003051103676517,0.13238573626135378,0.07601637508940708,0.09312985371809518,0.09312985371809518,0.008089690423667247
207,24,0.0029561703829874657,0.00029279355305960794,0.005694547914988526,0.09882798789532192,3.70020588649338e-05,0.2784969410011346,41,False,15,0,0,0,0,0,0,2316,4599,4970,4972,4850,4674,4927,4685,4734,4348,4882,4979,4688,3146,3319,3047,4705,3889,4875,3876,4324,4989,4821,4110,0.00029279355305960794,0.0038298775773013445,0.0034988850356883253,0.0032616864652139682,0.0032616864652139682,0.002596098379075294,0.0037002426259829958,0.00416377492776099,0.004972781008807273,0.004118217824978462,0.004118217824978462,0.002133014848316528,0.002133014848316528,0.00139130993129901,0.0007486086036271916,0.005694547914988526,0.0038298775773013445,0.0028547661434743005,0.003410917762165392,0.0029022719513862845,0.0037002426259829958,0.0014907120632105864,0.0014532333022707934,0.00139130993129901,3.70020588649338e-05,0.06978631825181339,0.2784969410011346,0.20847379285298645,0.20847379285298645,0.044973369358883346,0.12135359157290762,0.08623910074847554,0.12432127237434759,0.08951230236928752,0.08951230236928752,0.15301501049862315,0.15301501049862315,0.007415549555028309,0.009996118660677731,0.0013536785224712929,0.06978631825181339,0.06630156420072308,0.19516360766780125,0.011804526209879242,0.12135359157290762,0.16870236590825394,0.08536903257492058,0.007415549555028309
208,24,0.002881637514748817,0.00027697370449290956,0.005388854346859589,0.09059232223737841,3.3918553959522645e-05,0.2552888625843734,42,False,15,0,0,0,0,0,0,2316,4599,4970,4972,4850,4674,4927,4685,4734,4348,4882,4979,4688,3146,3319,3047,4705,3889,4875,3876,4324,4989,4821,4110,0.00027697370449290956,0.003694421258243158,0.0035783211259701004,0.0032709510768307924,0.0032709510768307924,0.002486934547439139,0.0036213000044387246,0.004035061225114502,0.00487073648526654,0.003994572961681522,0.003994572961681522,0.0021061027804252165,0.0021061027804252165,0.0013188592849704835,0.0007101388906917279,0.005388854346859589,0.003694421258243158,0.0027511113298515568,0.003407877688658656,0.0027545240431628795,0.0036213000044387246,0.0014783855208536246,0.0014079667124305968,0.0013188592849704835,3.3918553959522645e-05,0.06397079173082894,0.2552888625843734,0.19110097678190424,0.19110097678190424,0.0412255885789764,0.11124079227516531,0.07905250901943592,0.11396116634315195,0.08205294383851355,0.08205294383851355,0.14026375962373788,0.14026375962373788,0.006797587092109284,0.00916310877228792,0.0012408719789320185,0.06397079173082894,0.06077643385066282,0.17889997369548447,0.010820815692389305,0.11124079227516531,0.15464383541589943,0.07825494652701052,0.006797587092109284
209,24,0.0028029897467931266,0.0002620083875590703,0.0050994098340451585,0.08304296205093022,3.109200779622909e-05,0.23401479070234227,43,False,15,0,0,0,0,0,0,2316,4599,4970,4972,4850,4674,4927,4685,4734,4348,4882,4979,4688,3146,3319,3047,4705,3889,4875,3876,4324,4989,4821,4110,0.0002620083875590703,0.0035579555746929233,0.0036358491771253673,0.003264319127678214,0.003264319127678214,0.0023798614531537294,0.0035340172144249548,0.003902463193184435,0.004756962230513145,0.0038665535183589014,0.0038665535183589014,0.0020721164004980667,0.0020721164004980667,0.0012499650403023017,0.0006734889136636239,0.0050994098340451585,0.0035579555746929233,0.0026471204415451574,0.0033893654491726297,0.0026135774186942413,0.0035340172144249548,0.0014603989696846988,0.0013613947027830604,0.0012499650403023017,3.109200779622909e-05,0.05863989241992652,0.23401479070234227,0.17517589538341222,0.17517589538341222,0.0377901228640617,0.10197072625223487,0.07246479993448292,0.10446440248122262,0.07521519851863742,0.07521519851863742,0.1285751129884264,0.1285751129884264,0.006231121501100176,0.00839951637459726,0.0011374659806876837,0.05863989241992652,0.05571173102977425,0.1639916425541941,0.009919081051356863,0.10197072625223487,0.14175684913124115,0.07173370098309298,0.006231121501100176
210,24,0.0027210038249251786,0.0002478514735846203,0.00482537211674995,0.07612271521335269,2.850100714654333e-05,0.21451355814381373,44,False,15,0,0,0,0,0,0,2316,4599,4970,4972,4850,4674,4927,4685,4734,4348,4882,4979,4688,3146,3319,3047,4705,3889,4875,3876,4324,4989,4821,4110,0.0002478514735846203,0.003421418212290216,0.0036723542774584265,0.0032432020195712545,0.0032432020195712545,0.002275207941220348,0.003439894954727418,0.003767264871540777,0.004633504195047039,0.0037354758406902017,0.0037354758406902017,0.002032014939591005,0.002032014939591005,0.0011844817280068458,0.0006385938320574269,0.00482537211674995,0.003421418212290216,0.002543449704580361,0.0033569069838862687,0.002479216658852204,0.003439894954727418,0.0014374333869927299,0.0013139609664802594,0.0011844817280068458,2.850100714654333e-05,0.05375323471826598,0.21451355814381373,0.1605779041014612,0.1605779041014612,0.034640945958723225,0.0934731657312153,0.06642606660660934,0.0957590356077874,0.06894726530875096,0.06894726530875096,0.11786052023939085,0.11786052023939085,0.005711861376008495,0.007699556676714155,0.00104267714896371,0.05375323471826598,0.05106908677729306,0.15032567234134459,0.009092490963743791,0.0934731657312153,0.12994377837030438,0.06575589256783523,0.005711861376008495
211,24,0.0026053573431251407,0.00023445931998262114,0.004565939715236783,0.072932549913613,2.612592321766472e-05,0.19663742829849593,45,False,15,0,0,0,0,0,0,2316,4599,4970,4972,4850,4674,4927,4685,4734,4348,4882,4979,4688,3146,3319,3047,4705,3889,5081,3876,4324,4989,4821,4110,0.00023445931998262114,0.0032856203403275096,0.00368902078156147,0.003209073433075301,0.003209073433075301,0.002173238753006152,0.0033403196976744577,0.003630604391850432,0.004502258989163228,0.0036025116172453235,0.0036025116172453235,0.0019867183058974564,0.0019867183058974564,0.001122265727783254,0.0006053880485193898,0.004565939715236783,0.0032856203403275096,0.0025036077492609104,0.0025036077492609104,0.0023512187969893256,0.0033403196976744577,0.0014101553665352496,0.001266058329630315,0.001122265727783254,2.612592321766472e-05,0.04927379849174381,0.19663742829849593,0.1471964120930061,0.1471964120930061,0.03175420046216296,0.08568373525361402,0.060890561056058556,0.08777911597380511,0.06320165986635505,0.06320165986635505,0.1080388102194416,0.1080388102194416,0.005235872928007787,0.007057926953654642,0.0009557873865500674,0.04927379849174381,0.1301466628791853,0.1301466628791853,0.008334783383431809,0.08568373525361402,0.11911513017277901,0.06027623485384896,0.005235872928007787
212,24,0.002510774836963249,0.00022179063679743109,0.004364964223432134,0.07989932915950226,2.394876294952599e-05,0.18236890936782146,46,False,16,1,1,0,0,0,0,2316,5089,4970,4972,4850,4674,4927,4685,4734,4348,4882,5100,4979,4688,3146,3319,3047,4599,5081,3876,4324,4989,4821,4110,0.00022179063679743109,0.003232526752606567,0.0036872546487573734,0.003163425041329306,0.003163425041329306,0.0020741618171755414,0.003236557756718002,0.0034934806953019594,0.004364964223432134,0.003468693585955641,0.003468693585955641,0.0019870526547381092,0.0019370951389578192,0.0019870526547381092,0.00106317592766132,0.000573805777556741,0.004320350349813391,0.003232526752606567,0.0024562366265975092,0.002229356070740584,0.003236557756718002,0.001379205484394262,0.0012180311795753369,0.00106317592766132,2.394876294952599e-05,0.12850098195076518,0.1802509759402879,0.1349300444185889,0.1349300444185889,0.029108017090316043,0.07854342398247952,0.05581634763472034,0.08046418964265468,0.05793485487749213,0.05793485487749213,0.18236890936782146,0.09903557603448813,0.18236890936782146,0.004799550184007138,0.006469766374183422,0.0008761384376708951,0.12850098195076518,0.1193011076392532,0.007640218101479158,0.07854342398247952,0.10918886932504743,0.05525321528269488,0.004799550184007138
213,24,0.002672719466121389,0.00020980636034269304,0.004223194621452235,0.10446028235276329,2.1953032703732156e-05,0.2505048335871697,47,False,17,0,1,0,0,0,0,2316,5089,4970,4972,4850,5118,4674,4927,4685,4734,4348,4882,5100,4979,4688,3146,3319,3047,4599,5081,3876,4324,5125,5114,0.00020980636034269304,0.0031699021674012435,0.003763225946660541,0.003107730337901785,0.003107730337901785,0.003210469483311934,0.0019781350619794266,0.003210469483311934,0.003356761812748107,0.004223194621452235,0.0033349230412708596,0.0033349230412708596,0.0019781797187847063,0.0018839545950409434,0.0020291968023186642,0.0010070742548098804,0.0005437815210753374,0.004087879364454367,0.0031699021674012435,0.0024024526498304145,0.0021133982546995933,0.003129753413965582,0.0020291968023186642,0.003763225946660541,2.1953032703732156e-05,0.11779256678820141,0.24856339461193058,0.12368587405037317,0.12368587405037317,0.15533147198393957,0.02668234899945637,0.15533147198393957,0.05116498533182698,0.0737588405057668,0.05310695030436778,0.05310695030436778,0.16717150025383634,0.09078261136494745,0.2505048335871697,0.00439958766867321,0.005930619176334803,0.0008031269011983205,0.11779256678820141,0.10935934866931543,0.007003533259689228,0.07199813865060622,0.2505048335871697,0.24856339461193058
214,24,0.0024744275851255257,0.00019846953356499522,0.004078362705745109,0.09343247920603458,2.0123613311754475e-05,0.22962943078823886,48,False,17,0,1,0,0,0,0,2316,5089,4970,4972,4850,5118,4674,4927,4685,4734,4348,4882,5100,4979,4688,3146,3319,3047,4599,5081,3876,4324,5125,5152,0.00019846953356499522,0.0030991813477939858,0.0038165305012331017,0.0030434161146775203,0.0030434161146775203,0.003172020676121345,0.0018852727129005098,0.003172020676121345,0.0032211941373052715,0.004078362705745109,0.0032019785347796766,0.0032019785347796766,0.001960981339323819,0.0018280412839432921,0.002059058920303407,0.0009538260955010664,0.0005285387273167794,0.0038678381644930673,0.0030991813477939858,0.0023433120647358627,0.002003114624448597,0.003020930237832489,0.002059058920303407,0.0005285387273167794,2.0123613311754475e-05,0.10797651955585129,0.2278497783942697,0.11337871787950873,0.11337871787950873,0.1423871826519446,0.02445881991616834,0.1423871826519446,0.046901236554174726,0.06761227046361956,0.048681371112337134,0.048681371112337134,0.15324054189934996,0.08321739375120182,0.22962943078823886,0.004032955362950442,0.08876973424497359,0.0007361996594317938,0.10797651955585129,0.10024606961353914,0.0064199054880484585,0.0659982937630557,0.22962943078823886,0.08876973424497359
215,24,0.002445169871427014,0.00018774519278342417,0.003931722994648149,0.09656470014346802,1.8446645535774933e-05,0.21049364488921896,49,False,16,1,2,0,0,0,0,2316,5089,4970,5164,4850,5118,4674,4927,4685,4734,4348,4882,5100,4979,4688,3146,3319,3047,4599,5163,3876,4324,5125,5152,0.00018774519278342417,0.0030217189645122223,0.0038481989889035495,0.003048484411614361,0.003048484411614361,0.003122690161801111,0.0017956510613326563,0.003122690161801111,0.00308741223083441,0.003931722994648149,0.0030705252763478207,0.0030705252763478207,0.0019363621191635801,0.0017700327991371529,0.002077179555629279,0.0009033006198558504,0.0005125633278305544,0.0036595726768889002,0.0030217189645122223,0.003048484411614361,0.0018982755975738782,0.002910994826041716,0.002077179555629279,0.0005125633278305544,1.8446645535774933e-05,0.09897847625953034,0.2088622968614139,0.187263824722883,0.187263824722883,0.13052158409761588,0.02242058492315431,0.13052158409761588,0.042992800174660166,0.061977914591651265,0.044624590186309036,0.044624590186309036,0.1404704967410708,0.07628261093860167,0.21049364488921896,0.0036968757493712383,0.08137225639122578,0.0006748496878124776,0.09897847625953034,0.187263824722883,0.00588491336404442,0.06049843594946772,0.21049364488921896,0.08137225639122578
216,24,0.0023857241907956554,0.00017760026047231552,0.0038595495139159657,0.09198986402040123,1.6909425074460355e-05,0.19295250781511736,50,False,16,0,2,0,0,0,0,2316,5089,4970,5164,4850,5118,4674,4927,4685,4734,4348,4882,5100,4979,4688,3146,3319,3047,4599,5163,3876,5205,5125,5152,0.00017760026047231552,0.002938776815050481,0.0038595495139159657,0.00303903553695776,0.00303903553695776,0.0030639270259035945,0.0017093137063568969,0.0030639270259035945,0.0029559488040372555,0.0037843787930786797,0.002941124844517657,0.002941124844517657,0.0019052251802441182,0.0017105393253199293,0.0020842584777523384,0.0008553710251270213,0.0004960419404850408,0.0034624618399221423,0.002938776815050481,0.00303903553695776,0.0017986540926927504,0.0028729732196371527,0.0020842584777523384,0.0004960419404850408,1.6909425074460355e-05,0.09073026990456948,0.19145710545629605,0.17165850599597607,0.17165850599597607,0.11964478542281455,0.020552202846224783,0.11964478542281455,0.03941006682677182,0.056813088375680325,0.04090587433744995,0.04090587433744995,0.1287646220126482,0.06992572669371819,0.19295250781511736,0.0033888027702569682,0.07459123502529029,0.0006186122138281045,0.09073026990456948,0.17165850599597607,0.005394503917040718,0.13879023295367876,0.19295250781511736,0.07459123502529029
217,24,0.0023225112913819158,0.00016800344377091193,0.0038521083889959183,0.08432404201870114,1.5500306318255324e-05,0.17687313216385758,51,False,16,0,2,0,0,0,0,2316,5089,4970,5164,4850,5118,4674,4927,4685,4734,4348,4882,5100,4979,4688,3146,3319,3047,4599,5163,3876,5205,5125,5152,0.00016800344377091193,0.0028515159537014986,0.0038521083889959183,0.003016402595868767,0.003016402595868767,0.002997125005177634,0.0016262762837013056,0.002997125005177634,0.0028272445944869575,0.0036372908032854118,0.0028142449032318,0.0028142449032318,0.0018684527233633142,0.001650104861364076,0.0020811115675353877,0.0008099147095932262,0.00047914217872457686,0.003275916127755456,0.0028515159537014986,0.003016402595868767,0.001704026643200459,0.002825445409300839,0.0020811115675353877,0.00047914217872457686,1.5500306318255324e-05,0.08316941407918868,0.17550234666827136,0.1573536304963114,0.1573536304963114,0.10967438663758,0.01883951927570605,0.10967438663758,0.0361258945912075,0.05207866434437363,0.03749705147599579,0.03749705147599579,0.11803423684492752,0.06409858280257501,0.17687313216385758,0.0031064025394022207,0.06837529877318277,0.0005670611960090958,0.08316941407918868,0.1573536304963114,0.004944961923953991,0.12722438020753885,0.17687313216385758,0.06837529877318277
218,24,0.0022562100025480367,0.00015892513841936484,0.003827538792244997,0.0772970385171427,1.420861412506738e-05,0.16213370448353612,52,False,16,0,2,0,0,0,0,2316,5089,4970,5164,4850,5118,4674,4927,4685,4734,4348,4882,5100,4979,4688,3146,3319,3047,4599,5163,3876,5205,5125,5152,0.00015892513841936484,0.0027609928621461894,0.003827538792244997,0.002981966429884141,0.002981966429884141,0.0029236034840035663,0.0015465307044625295,0.0029236034840035663,0.0027016579382306543,0.0034912869166784993,0.0026902686970397332,0.0026902686970397332,0.0018268910230015486,0.0015892096559446658,0.0020686318713063253,0.000766813387630336,0.0004620130958030952,0.0030993761140971007,0.0027609928621461894,0.002981966429884141,0.0016141742984404968,0.002769716781752449,0.0020686318713063253,0.0004620130958030952,1.420861412506738e-05,0.07623862957258962,0.16087715111258208,0.1442408279549521,0.1442408279549521,0.10053485441778166,0.01726955933606388,0.10053485441778166,0.033115403375273536,0.047738775649009156,0.03437229718632947,0.03437229718632947,0.10819805044118355,0.058757034235693756,0.16213370448353612,0.0028475356611187023,0.06267735720875087,0.0005198060963416711,0.07623862957258962,0.1442408279549521,0.004532881763624492,0.11662234852357727,0.16213370448353612,0.06267735720875087
219,24,0.002187468940163521,0.00015033733783557381,0.003787578612614675,0.07085561864071414,1.3024562947978432e-05,0.14862256244324143,53,False,16,0,2,0,0,0,0,2316,5089,4970,5164,4850,5118,4674,4927,4685,4734,4348,4882,5100,4979,4688,3146,3319,3047,4599,5163,3876,5205,5125,5152,0.00015033733783557381,0.0026681588561316047,0.003787578612614675,0.0029371161265254707,0.0029371161265254707,0.0028445942471332785,0.0014700489318366513,0.0028445942471332785,0.0025794738896142482,0.0033470726706283194,0.002569504159580065,0.002569504159580065,0.0017813393843557404,0.0015282735130529024,0.0020477555733602448,0.0007259531551814276,0.00044478594523579665,0.0029323110781778352,0.0026681588561316047,0.0029371161265254707,0.0015288833413202086,0.0027070367068485236,0.0020477555733602448,0.00044478594523579665,1.3024562947978432e-05,0.06988541044154048,0.14747072185320023,0.13222075895870608,0.13222075895870608,0.09215694988296652,0.015830429391391888,0.09215694988296652,0.030355786427334074,0.04376054434492506,0.03150793908746868,0.03150793908746868,0.09918154623775159,0.05386061471605261,0.14862256244324143,0.002610241022692144,0.05745424410802163,0.00047648892164653183,0.06988541044154048,0.13222075895870608,0.004155141616655784,0.10690381947994582,0.14862256244324143,0.05745424410802163
220,24,0.002119219501291038,0.00014221354706175928,0.0037339879861215965,0.0718954281984324,1.1939182702313563e-05,0.17424975071793897,54,False,15,0,2,0,0,0,0,2316,5089,4970,5164,4850,5118,4674,4927,4685,4734,4348,4882,5292,4688,3146,3319,3047,4599,5163,3876,5205,4979,5125,5303,0.00014221354706175928,0.0025738620080198974,0.0037339879861215965,0.0028832170160708747,0.0028832170160708747,0.002761233116335306,0.001396786327562313,0.002761233116335306,0.0024609127919279997,0.0032052419627645865,0.0024521925214193133,0.0024521925214193133,0.0017772246609850577,0.002019433192743195,0.0006872245136509745,0.0004275751648483214,0.002774217655387457,0.0025738620080198974,0.0028832170160708747,0.0014479458480343554,0.0026385828740822163,0.0014676596820107672,0.002019433192743195,0.000438602291299458,1.1939182702313563e-05,0.06406162623807878,0.1351814950321002,0.1212023623788139,0.1212023623788139,0.08447720405938597,0.01451122694210923,0.08447720405938597,0.027826137558389568,0.040113832316181305,0.028882277496846284,0.028882277496846284,0.17424975071793897,0.13623734890630465,0.0023927209374677984,0.052666390432353154,0.0004367815115093208,0.06406162623807878,0.1212023623788139,0.003808879815267802,0.097995167856617,0.04937223015638156,0.13623734890630465,0.1359997237656865
221,24,0.002087560957415293,0.00013452870132342395,0.0036685064139096394,0.08220059086764829,1.09442508104541e-05,0.1944354988472461,55,False,16,0,2,0,0,0,0,2316,5305,5089,4970,5164,4850,5307,4674,4927,4685,4734,4348,4882,5292,4688,3146,5319,3047,4599,5163,3876,5205,4979,3319,0.00013452870132342395,0.0025427803089000446,0.0025427803089000446,0.0036685064139096394,0.0028943541121710294,0.0028215856624333006,0.0028943541121710294,0.0013266846015262614,0.002674555624262894,0.0023461382397155324,0.0030662877091936487,0.0023385163445652,0.0023385163445652,0.0017652696892927011,0.0019846059708683883,0.0006505223591893571,0.0004210657386792528,0.00262461853418658,0.0024788509575037546,0.0028215856624333006,0.0013711601125137812,0.0025654506314951764,0.0014076790994882325,0.0004210657386792528,1.09442508104541e-05,0.1420564907182389,0.1420564907182389,0.12391637044609184,0.1944354988472461,0.11110216551391275,0.1944354988472461,0.013301958030266793,0.07743743705443713,0.025507292761857103,0.03677101295649953,0.02647542103877576,0.02647542103877576,0.1597289381581107,0.12488423649744593,0.0021933275260121485,0.13161085789632374,0.0004003830522168774,0.05872315738490554,0.11110216551391275,0.003491473163995485,0.08982890386856557,0.04525787764334976,0.13161085789632374
222,24,0.002040368848737597,0.0001272590889564924,0.00359281892210675,0.09036138994227999,1.0032229909582925e-05,0.17823254060997556,56,False,17,0,2,0,0,0,0,2316,5305,5089,4970,5164,4850,5307,4674,4927,4685,4734,5350,4348,4882,5292,4688,3146,5319,3047,4599,5163,5336,4979,3319,0.0001272590889564924,0.0025030037418871864,0.0025030037418871864,0.00359281892210675,0.002891184757871046,0.0027534711623925516,0.002891184757871046,0.001259674398438366,0.0026521756540606664,0.0022352644034967523,0.0029306122125271877,0.0013833749412806662,0.0022286069435016177,0.0022286069435016177,0.0017462782588058712,0.0019441871755314383,0.0006157459433978224,0.0004132681439408061,0.0024830612002961694,0.0023837800762764034,0.0027534711623925516,0.0026521756540606664,0.0013833749412806662,0.0004132681439408061,1.0032229909582925e-05,0.13021844982505232,0.13021844982505232,0.11359000624225085,0.17823254060997556,0.10184365172108668,0.17823254060997556,0.01219346152774456,0.15431765063323405,0.02338168503170234,0.03370676187679124,0.12481972117307062,0.024269135952211113,0.024269135952211113,0.14641819331160147,0.11447721678932543,0.002010550232177803,0.12064328640496341,0.00036701779786547093,0.05382956093616341,0.10184365172108668,0.15431765063323405,0.12481972117307062,0.12064328640496341
223,24,0.00198406753917953,0.00012038227847094594,0.0035085304452351297,0.08283127411375667,9.196210750451014e-06,0.1633798288924776,57,False,17,0,2,0,0,0,0,2316,5305,5089,4970,5164,4850,5307,4674,4927,4685,4734,5350,4348,4882,5292,4688,3146,5319,3047,4599,5163,5336,4979,3319,0.00012038227847094594,0.00245569342384535,0.00245569342384535,0.0035085304452351297,0.0028749417919501597,0.0026800419663508854,0.0028749417919501597,0.001195677554989388,0.00261966901590679,0.0021283627105317484,0.0027985370716249462,0.0013551764224290243,0.0021225511777209073,0.0021225511777209073,0.0017210626328154767,0.0018990478899095454,0.000582798810659419,0.000404370839519261,0.002349116728655258,0.0022892155419721016,0.0026800419663508854,0.00261966901590679,0.0013551764224290243,0.000404370839519261,9.196210750451014e-06,0.11936691233963129,0.11936691233963129,0.10412417238872994,0.1633798288924776,0.09335668074432946,0.1633798288924776,0.011177339733765846,0.14145784641379788,0.02143321127906048,0.030897865053725302,0.1144180777419814,0.022246707956193518,0.022246707956193518,0.13421667720230135,0.10493744872354831,0.0018430043794963192,0.11058967920454979,0.0003364329813766817,0.049343764191483126,0.09335668074432946,0.14145784641379788,0.1144180777419814,0.11058967920454979
224,24,0.0019526523748830172,0.00011387704953120822,0.00341714746020935,0.08598322724593399,8.429859854580095e-06,0.18821657126348296,58,False,14,0,2,0,0,0,0,2316,5305,5089,4970,5164,4850,5307,4674,4927,4685,4734,5391,4688,3146,5319,3047,4599,5163,5336,4348,4882,5398,5292,3319,0.00011387704953120822,0.002401965612739526,0.002401965612739526,0.00341714746020935,0.002846921833176376,0.0026023774021558207,0.002846921833176376,0.0011346090597329933,0.0025782573355472046,0.0020254678922959303,0.00267031251878624,0.0018977182804485427,0.0018977182804485427,0.0005515887165768135,0.0003945524840837688,0.0022223786232121938,0.002195641959152253,0.0026023774021558207,0.0025782573355472046,0.002020397619674997,0.002020397619674997,0.0013578284699252755,0.0016904241121176915,0.0003945524840837688,8.429859854580095e-06,0.10941966964466202,0.10941966964466202,0.09544715802300244,0.1497648431514378,0.08557695734896867,0.1497648431514378,0.010245894755952025,0.12966969254598137,0.01964711033913877,0.028323042965914858,0.1795259946632526,0.1795259946632526,0.0016894206812049593,0.10137387260417063,0.00030839689959529155,0.04523178384219286,0.08557695734896867,0.12966969254598137,0.020392815626510723,0.020392815626510723,0.18821657126348296,0.12303195410210957,0.10137387260417063
225,24,0.0019042293408595018,0.00010772332764490895,0.003405690048317134,0.09485914032947784,7.727371533365087e-06,0.17253185699152604,59,False,16,0,2,0,0,0,0,2316,5305,5089,5403,4970,5164,4850,5307,4674,4927,4685,4734,5391,4688,5413,3146,5319,3047,4599,5163,5336,5398,5292,3319,0.00010772332764490895,0.0023428766005567547,0.0023428766005567547,0.003405690048317134,0.003405690048317134,0.0028084446357820483,0.0025214631017386963,0.0028084446357820483,0.001076378746299586,0.002529135852671439,0.001926583421615807,0.002546126113226707,0.0018877404886089636,0.0018877404886089636,0.0005354905761616906,0.0005354905761616906,0.00038398008381701807,0.0021024617042643447,0.002103469238796596,0.0025214631017386963,0.002529135852671439,0.0013539811087459293,0.0016551377447266721,0.00038398008381701807,7.727371533365087e-06,0.10030136384094018,0.10030136384094018,0.17082656152108558,0.17082656152108558,0.13728443955548464,0.07844554423655462,0.13728443955548464,0.009392070192956023,0.11886388483381626,0.01800985114421054,0.02596278938542195,0.16456549510798155,0.16456549510798155,0.08488196895777123,0.08488196895777123,0.09292604988715641,0.00028269715796235055,0.041462468522010125,0.07844554423655462,0.11886388483381626,0.17253185699152604,0.1127792912602671,0.09292604988715641
226,24,0.0018553602888170253,0.00010190212236247625,0.003379538884133594,0.08695421196868802,7.083423905584663e-06,0.1581542022422322,60,False,16,0,2,0,0,0,0,2316,5305,5089,5403,4970,5164,4850,5307,4674,4927,4685,4734,5391,4688,5413,3146,5319,3047,4599,5163,5336,5398,5292,3319,0.00010190212236247625,0.002279412203711801,0.002279412203711801,0.003379538884133594,0.003379538884133594,0.0027608196733787224,0.002438189581907866,0.0027608196733787224,0.0010208927486220329,0.002473452683914035,0.0018316863708628776,0.0024261107535242226,0.001869962964946638,0.001869962964946638,0.0005187398715975225,0.0005187398715975225,0.00037280780876852395,0.0019890010427748403,0.002013039511980246,0.002438189581907866,0.002473452683914035,0.00134422624069524,0.0016159407960692658,0.00037280780876852395,7.083423905584663e-06,0.09194291685419516,0.09194291685419516,0.15659101472766176,0.15659101472766176,0.12584406959252759,0.07190841555017506,0.12584406959252759,0.008609397676876355,0.1089585610976649,0.016509030215526327,0.023799223603303454,0.15085170384898308,0.15085170384898308,0.07780847154462361,0.07780847154462361,0.08518221239656004,0.000259139061465488,0.038007262811842614,0.07190841555017506,0.1089585610976649,0.1581542022422322,0.10338101698857817,0.08518221239656004
227,24,0.0018040462826235928,9.639546880030474e-05,0.0033402434819260955,0.08318024986018624,6.4931385801192744e-06,0.16141702803018004,61,False,16,0,2,0,0,0,0,2316,5305,5089,5403,4970,5164,4850,5307,4674,4927,4685,4734,5391,4688,5413,3146,5471,3047,4599,5163,5336,5398,5292,5319,9.639546880030474e-05,0.002212481151429893,0.002212481151429893,0.0033402434819260955,0.0033402434819260955,0.0027053195946307343,0.0023533533024535694,0.0027053195946307343,0.0009680547447617468,0.002412293494918777,0.001740731728018899,0.002310351997731733,0.001845251375511675,0.001845251375511675,0.00050151853592601,0.00050151853592601,0.0003704910704069219,0.001881650940863352,0.001924633908196165,0.0023533533024535694,0.002412293494918777,0.0013291781604486015,0.001573524526850729,0.00036117636329426636,6.4931385801192744e-06,0.08428100711634556,0.08428100711634556,0.1435417635003566,0.1435417635003566,0.11535706379315028,0.06591604758766047,0.11535706379315028,0.007891947870469991,0.09987868100619282,0.015133277697565799,0.02181595496969483,0.13828072852823448,0.13828072852823448,0.0713244322492383,0.0713244322492383,0.16141702803018004,0.00023754413967669733,0.034839990910855725,0.06591604758766047,0.09987868100619282,0.14497468538871283,0.09476593223952999,0.0780836946968467
228,24,0.0017861031419456677,9.118637231003747e-05,0.0032893603791374366,0.08209110149971738,5.952043698442668e-06,0.14796560902766503,62,False,17,0,2,0,0,0,0,2316,5305,5089,5403,4970,5164,4850,5478,5307,4674,4927,4685,4734,5391,4688,5413,3146,5471,3047,4599,5163,5336,5398,5319,9.118637231003747e-05,0.0021429116941007946,0.0021429116941007946,0.0032893603791374366,0.0032893603791374366,0.0026431599665999498,0.0023261423514529893,0.0023261423514529893,0.0026431599665999498,0.000917767013765598,0.0023466708771924033,0.0016536562104821208,0.00219889469934839,0.0018144662862391824,0.0018144662862391824,0.0004839891345928853,0.0004839891345928853,0.00036667852162267827,0.0017800839574831087,0.0018384790746037577,0.002267659606693904,0.0023466708771924033,0.001309455768108435,0.00034921280364670854,5.952043698442668e-06,0.0772575898566501,0.0772575898566501,0.1315799498753269,0.1315799498753269,0.10574397514372108,0.14375637695535542,0.14375637695535542,0.10574397514372108,0.007234285547930825,0.09155545758901008,0.013872171222768648,0.01999795872222026,0.12675733448421492,0.12675733448421492,0.06538072956180177,0.06538072956180177,0.14796560902766503,0.00021774879470363922,0.03193665833495108,0.06042304362202209,0.09155545758901008,0.1328934616063201,0.07157672013877614
229,24,0.001664028738647996,8.62587561258043e-05,0.003311678329072349,0.09306520394118999,5.4560400569057785e-06,0.20394828738571633,63,False,16,2,4,0,0,0,0,2316,5305,5089,5499,5164,5501,4850,5478,5307,5505,4674,4927,5507,4734,5391,4688,5413,3146,5471,3047,4599,5336,5398,5319,8.62587561258043e-05,0.002071450801463753,0.002071450801463753,0.003311678329072349,0.0026419061152338835,0.0026419061152338835,0.00229084510987577,0.00229084510987577,0.002575484590808183,0.0008923667813952002,0.0008923667813952002,0.002277517708845103,0.001610881623583846,0.002091748981492095,0.001778445382728243,0.001778445382728243,0.00046629550300355746,0.00046629550300355746,0.000361540481296376,0.0016839899781513506,0.0017547533501116532,0.002277517708845103,0.0012856681256247493,0.00033703070619447957,5.4560400569057785e-06,0.07081945736859592,0.07081945736859592,0.20394828738571633,0.180265310548411,0.180265310548411,0.13177667887574246,0.13177667887574246,0.09693197721507765,0.08996476175226993,0.08996476175226993,0.08392583612325924,0.09604949028753794,0.018331462162035236,0.116194223277197,0.116194223277197,0.05993233543165162,0.05993233543165162,0.13563514160869294,0.00019960306181166927,0.02927527014037182,0.08392583612325924,0.12181900647246008,0.06561199346054479
230,24,0.0016381841066657008,8.159741183010016e-05,0.0033168779299786134,0.09126996236958336,5.00137005216363e-06,0.18695259677023995,64,False,15,1,5,0,0,0,0,2316,5305,5089,5499,5164,5501,4850,5478,5307,5505,4674,4927,5532,5507,4734,5391,4688,5413,3146,5471,3047,4599,5336,5319,8.159741183010016e-05,0.001998765383945343,0.001998765383945343,0.0033168779299786134,0.002628559802554465,0.002628559802554465,0.0022485260421553645,0.0022485260421553645,0.002503355620997223,0.0008656841730306784,0.0008656841730306784,0.0022056838021005595,0.0016057513527068575,0.0016057513527068575,0.0019888955814590186,0.0017379898519145826,0.0017379898519145826,0.0004485636582951615,0.0004485636582951615,0.0003552454147157179,0.0015930753274892328,0.0016735925385430001,0.0022056838021005595,0.0003247306015578905,5.00137005216363e-06,0.06491783592121292,0.06491783592121292,0.18695259677023995,0.1652432013360434,0.1652432013360434,0.12079528896943058,0.12079528896943058,0.08885431244715451,0.0824676982729141,0.0824676982729141,0.07693201644632097,0.17137869943024311,0.17137869943024311,0.016803840315198965,0.10651137133743058,0.10651137133743058,0.05493797414568065,0.05493797414568065,0.12433221314130186,0.0001829694733273635,0.026835664295340834,0.07693201644632097,0.06014432733883272
231,24,0.0015971128329338674,0.00031240060210677536,0.003306308928797711,0.132009209114291,0.024599358937395763,0.23480626789137313,0,False,5,10,15,0,0,0,0,5305,5089,5499,5164,5501,4850,5478,5307,5505,4674,5391,4688,5413,3146,5471,4599,5549,5552,5553,5558,5561,5319,5545,5563,0.0019751021021256723,0.0019254450413531026,0.003306308928797711,0.0026043000225007117,0.0026714646944128438,0.002200210899720625,0.002200210899720625,0.002490359113599502,0.0008596507005558129,0.0008380377788568587,0.001693854461558009,0.001693854461558009,0.0004420158470293955,0.0004309028986128275,0.000356930397940155,0.0015950952491382282,0.0026714646944128438,0.002490359113599502,0.0008596507005558129,0.001939041035162571,0.0004420158470293955,0.00031240060210677536,0.0019751021021256723,0.000356930397940155,0.14284134959444517,0.05950801626111184,0.1713732137060533,0.15147293455803978,0.23480626789137313,0.11072901488864469,0.11072901488864469,0.16478311974322496,0.15892872341683795,0.07559539008350459,0.09763542372597803,0.09763542372597803,0.13369314296687393,0.05035980963354059,0.19730452871286003,0.024599358937395763,0.23480626789137313,0.16478311974322496,0.15892872341683795,0.09873685362226572,0.13369314296687393,0.05513230006059666,0.14284134959444517,0.19730452871286003
232,24,0.0012436629752635268,0.00030785715766708737,0.0026988853041833172,0.15531449839206232,0.022549412359279448,0.2641958179867884,1,False,4,2,17,0,0,0,0,5089,5164,4850,5586,5505,4674,5391,4688,5413,3146,5471,5305,5549,5552,5553,5578,5580,5561,5581,5582,5319,4599,5501,5589,0.0018520059154970173,0.0025703313617168938,0.0021468723038493343,0.0008721385598388278,0.0008502116744279882,0.0008097141910746634,0.001689210136505259,0.0016467408331128893,0.0004452783538464967,0.00042406875009149466,0.0003660286991859254,0.0019446331407078743,0.0026988853041833172,0.0024670568909792657,0.0008721385598388278,0.001689210136505259,0.0004452783538464967,0.000434083381063131,0.00042406875009149466,0.0003660286991859254,0.00030785715766708737,0.0015193277912587744,0.0026988853041833172,0.00030785715766708737,0.05454901490601918,0.13885019001153645,0.10150159698125763,0.22901799646543478,0.14568466313210143,0.06929577424321254,0.1728324717488132,0.08949913841547985,0.20588538105296778,0.12949649216407888,0.2641958179867884,0.13093790379490805,0.21523907890042535,0.1510511930979562,0.22901799646543478,0.1728324717488132,0.20588538105296778,0.12255204771963443,0.12949649216407888,0.2641958179867884,0.13387127505554694,0.022549412359279448,0.21523907890042535,0.13387127505554694
233,24,0.0012109407448885137,0.0003023474033744098,0.002711684839069306,0.16100719120918847,0.020670294662672825,0.2720615992985538,2,False,4,0,17,0,0,0,0,5089,5164,5549,4850,5505,4674,5600,5471,5615,5305,4599,5605,5597,5580,5413,3146,5319,5552,5586,4688,5561,5581,5582,5501,0.0017788952930999835,0.0025278526294243583,0.002711684839069306,0.0020894196134001847,0.0008377627842005236,0.0008011097671707281,0.00045772747691244346,0.00037284227666755754,0.00031014491670838725,0.0019082613204747818,0.0014463286242426213,0.0024973786100429716,0.0008011097671707281,0.0004462195143044071,0.00045772747691244346,0.0004159691260146571,0.0003023474033744098,0.0024973786100429716,0.0008796631050559195,0.00159729340031131,0.0004249650809721087,0.0004159691260146571,0.00037284227666755754,0.002711684839069306,0.05000326366385092,0.1272793408439084,0.19730248899205655,0.09304313056615282,0.13354427453775963,0.14685445972294484,0.2720615992985538,0.24217949982122267,0.20604866880091804,0.12002641181199904,0.020670294662672825,0.22179692700645987,0.14685445972294484,0.18872826596522047,0.2720615992985538,0.1187051178170723,0.12271533546758469,0.22179692700645987,0.20993316342664853,0.08204087688085653,0.11233937707633156,0.1187051178170723,0.24217949982122267,0.19730248899205655
234,24,0.0007627995894841861,0.00030364393922571346,0.002710891543564566,0.2181814906471203,0.10297776231997059,0.33272313269034093,3,False,7,1,18,0,0,0,0,5634,5597,4674,5622,5631,5629,5600,5471,5615,5505,5580,5413,3146,5319,5605,5549,5586,5623,5561,5581,5582,5632,5164,5624,0.0009052825730972723,0.0007896385160707755,0.0007896385160707755,0.00047932737761815727,0.0004172839280874169,0.0004564959427182024,0.00047932737761815727,0.00038718227262523437,0.00031883055137809627,0.0008226938947770544,0.0004564959427182024,0.00046727636076453503,0.0004172839280874169,0.00030364393922571346,0.0025138356811859473,0.002710891543564566,0.0009052825730972723,0.00038718227262523437,0.0004148499443437399,0.0004067927776025114,0.0003774479233877338,0.00030364393922571346,0.002478031820352643,0.00031883055137809627,0.2757720664744278,0.1346165880793661,0.1346165880793661,0.33272313269034093,0.19214635799898294,0.2563342438014521,0.33272313269034093,0.30533120816945414,0.2722112797341749,0.12241558499294633,0.2563342438014521,0.2493897993570076,0.19214635799898294,0.19582239084528597,0.20331384975592154,0.18086061490938515,0.2757720664744278,0.30533120816945414,0.10297776231997059,0.1088130246656496,0.22199787483612077,0.19582239084528597,0.11667272910691603,0.2722112797341749
235,24,0.0005021680756089193,0.0003034292919765124,0.00092512909315193,0.2564289528804144,0.09439628212663971,0.38832953829947914,4,False,0,7,25,0,0,0,0,5634,5505,5597,5622,5631,5657,5643,5629,5600,5471,5615,4674,5644,5623,5580,5413,5652,5319,5586,5653,5648,5561,3146,5632,0.00092512909315193,0.0008053817077936998,0.0007756681754323323,0.0005105479275773121,0.000427302866822389,0.00040924908806796843,0.0005105479275773121,0.0004639707816001456,0.0004977119787725739,0.0003989599456406284,0.00033388998257732286,0.0007756681754323323,0.000427302866822389,0.00040924908806796843,0.0004639707816001456,0.00047400484420675716,0.000427302866822389,0.00031125470712379014,0.00092512909315193,0.00031125470712379014,0.00033388998257732286,0.00040391506787273437,0.000427302866822389,0.0003034292919765124,0.2527910609348922,0.11221428624353413,0.12339853907275226,0.38832953829947914,0.25946749483240106,0.363220274155333,0.38832953829947914,0.23497305681799774,0.3049962049661458,0.2798869408219996,0.332860339756327,0.12339853907275226,0.25946749483240106,0.363220274155333,0.23497305681799774,0.22860731607725698,0.25946749483240106,0.2628371916081788,0.2527910609348922,0.2628371916081788,0.332860339756327,0.09439628212663971,0.25946749483240106,0.17950385827484547
236,24,0.0004080299672662016,0.0003096162775634608,0.0005523379854403613,0.34450313947053207,0.23784520359636763,0.4393020767745225,0,False,0,0,25,0,0,0,0,5667,5676,5644,5657,5653,5673,5319,5622,5674,5669,5471,5679,5677,5681,5683,5684,5615,5632,5631,5671,5652,5687,5668,5648,0.0005523379854403613,0.00044589138122807907,0.00044589138122807907,0.0004396446133536607,0.0003251015934746259,0.0004187033572568805,0.0003251015934746259,0.0005523379854403613,0.0003556512686040935,0.0004396446133536607,0.0004187033572568805,0.0004903680172135476,0.0004396446133536607,0.0003251015934746259,0.0003251015934746259,0.0003556512686040935,0.0003556512686040935,0.0003096162775634608,0.00044589138122807907,0.0004808441473586165,0.00043468099600709327,0.0003096162775634608,0.00044589138122807907,0.0003556512686040935,0.4393020767745225,0.321178536929701,0.321178536929701,0.41628525130905525,0.32426742564083055,0.3398963624201663,0.32426742564083055,0.4393020767745225,0.3884553114432997,0.41628525130905525,0.3398963624201663,0.29289003973748556,0.41628525130905525,0.32426742564083055,0.32426742564083055,0.3884553114432997,0.3884553114432997,0.24787853675194169,0.321178536929701,0.2987253020831646,0.23784520359636763,0.24787853675194169,0.321178536929701,0.3884553114432997
237,24,0.00042737796817631044,0.00031394163815799924,0.0006061411116009015,0.39496217260988353,0.2272219920226132,0.4860269037099789,0,False,0,0,25,0,0,0,0,5688,5667,5695,5676,5644,5319,5691,5657,5701,5697,5673,5669,5471,5632,5653,5698,5709,5674,5702,5703,5711,5615,5696,5692,0.0006061411116009015,0.0006061411116009015,0.0006061411116009015,0.00046149884722397556,0.00046149884722397556,0.00033677231442858624,0.0004793698967011041,0.0004793698967011041,0.0003454576432356589,0.0004793698967011041,0.0004356371138423871,0.0004793698967011041,0.00044687215725949564,0.00031394163815799924,0.0003454576432356589,0.00044687215725949564,0.0003220381658023803,0.000384776070832084,0.0003454576432356589,0.000384776070832084,0.000384776070832084,0.00037510221715506345,0.000384776070832084,0.0003454576432356589,0.4860269037099789,0.4860269037099789,0.4860269037099789,0.2944136588522259,0.2944136588522259,0.2972451401707613,0.46492814703330065,0.46492814703330065,0.3805784735040947,0.46492814703330065,0.3115716655518191,0.46492814703330065,0.3949049988851524,0.2272219920226132,0.3805784735040947,0.3949049988851524,0.31055532535594654,0.43941736882302473,0.3805784735040947,0.43941736882302473,0.43941736882302473,0.35608403548969136,0.43941736882302473,0.3805784735040947
238,24,0.00048649809380014905,0.00032465325566716853,0.0006739478670476423,0.4310799808281343,0.2698791872812071,0.5288579950674807,0,False,0,0,25,0,0,0,0,5713,5714,5712,5730,5724,5688,5667,5715,5319,5695,5676,5644,5725,5718,5720,5731,5728,5729,5735,5709,5723,5657,5727,5632,0.0006739478670476423,0.0006739478670476423,0.0006739478670476423,0.00037292400497519567,0.0004843413488845428,0.0006739478670476423,0.0006739478670476423,0.000486311832333805,0.00034623151976747495,0.0006739478670476423,0.000486311832333805,0.0004740852157013637,0.00032465325566716853,0.0005298547242637557,0.00037292400497519567,0.00042227066231866555,0.00034089063913149214,0.00042227066231866555,0.00037292400497519567,0.00034089063913149214,0.0005298547242637557,0.0005165333733244389,0.0004843413488845428,0.00032465325566716853,0.5288579950674807,0.5288579950674807,0.5288579950674807,0.43219693404542014,0.44532958231138975,0.5288579950674807,0.5288579950674807,0.35321252061454045,0.2724747118231979,0.5288579950674807,0.35321252061454045,0.2698791872812071,0.2916201593540621,0.5095174681138589,0.43219693404542014,0.4861325880877727,0.368009048242951,0.4861325880877727,0.43219693404542014,0.368009048242951,0.5095174681138589,0.4261841347805256,0.44532958231138975,0.2916201593540621
239,24,0.0005718998983380021,0.000333246613868174,0.0007583836359864407,0.46181909311977104,0.24976848583793138,0.5681198288118573,0,False,0,0,25,0,0,0,0,5713,5714,5741,5712,5759,5730,5724,5737,5319,5736,5749,5667,5715,5738,5725,5688,5695,5728,5718,5743,5676,5735,5752,5755,0.0007583836359864407,0.0007583836359864407,0.0007583836359864407,0.0007583836359864407,0.00034184101516330313,0.0003981680940916131,0.0005190332186044321,0.0007583836359864407,0.0003534953306927386,0.0007583836359864407,0.0005930165691464316,0.0007393167217947282,0.0005209685454439715,0.0007583836359864407,0.000333246613868174,0.0007583836359864407,0.0007393167217947282,0.0003667006088094139,0.0005930165691464316,0.0005209685454439715,0.000507870606510148,0.0003981680940916131,0.0003667006088094139,0.0003667006088094139,0.5681198288118573,0.5681198288118573,0.5681198288118573,0.5681198288118573,0.3506518127412236,0.39618052287496847,0.4082187837854406,0.5681198288118573,0.24976848583793138,0.5681198288118573,0.5503910124377039,0.4847864954785239,0.4071114772299954,0.5681198288118573,0.2673184794078903,0.5681198288118573,0.4847864954785239,0.42067496088937173,0.5503910124377039,0.4071114772299954,0.32377814389666204,0.39618052287496847,0.42067496088937173,0.42067496088937173
240,24,0.0006186995740740348,0.00034850902669331763,0.0008628345319603688,0.46191967766390446,0.3122877786847704,0.6041098430775359,0,False,0,0,25,0,0,0,0,5762,5775,5712,5782,5713,5714,5741,5759,5730,5724,5737,5768,5319,5736,5749,5667,5776,5783,5774,5688,5777,5725,5715,5728,0.0008628345319603688,0.0008628345319603688,0.000841141563913747,0.0004003267478017245,0.000841141563913747,0.000841141563913747,0.0008628345319603688,0.0003567392707088569,0.00042085398195782327,0.0005504584013398903,0.000841141563913747,0.0003678723439739561,0.0003678723439739561,0.000841141563913747,0.0006544709699953958,0.0008010761102074044,0.0008217357936746967,0.0004003267478017245,0.00034850902669331763,0.0008628345319603688,0.0004003267478017245,0.00034850902669331763,0.0005523395699411117,0.0004003267478017245,0.6041098430775359,0.6041098430775359,0.5207765097442025,0.4689520474819241,0.5207765097442025,0.5207765097442025,0.6041098430775359,0.32143082834612163,0.3631654793020544,0.3742005518033205,0.5207765097442025,0.3122877786847704,0.3122877786847704,0.5207765097442025,0.504525094734562,0.4443876208553136,0.527720954188647,0.4689520474819241,0.3283752727905661,0.6041098430775359,0.4689520474819241,0.3283752727905661,0.37318552079416245,0.4689520474819241
241,24,0.0006219488710315692,0.00037075705889239345,0.0009666863348067122,0.4399234549979574,0.2862637971277062,0.5537673561544079,0,False,0,0,25,0,0,0,0,5762,5775,5712,5782,5713,5714,5741,5802,5759,5787,5737,5768,5724,5730,5801,5736,5749,5319,5783,5774,5667,5777,5805,5791,0.0009666863348067122,0.0009666863348067122,0.000920640902911108,0.00044298614109427475,0.000920640902911108,0.000920640902911108,0.0009666863348067122,0.00037075705889239345,0.0003787752352265564,0.00044298614109427475,0.000920640902911108,0.0003798019469532738,0.000578250193200758,0.0004407378888502206,0.00044298614109427475,0.000920640902911108,0.0007130741528130266,0.0003798019469532738,0.00044298614109427475,0.00037075705889239345,0.0008582282474899286,0.00043184879801411185,0.00037075705889239345,0.0003787752352265564,0.5537673561544079,0.5537673561544079,0.47737846726551897,0.5132060435250971,0.47737846726551897,0.47737846726551897,0.5537673561544079,0.38434400005801894,0.37797825931727813,0.5132060435250971,0.47737846726551897,0.2862637971277062,0.34301717248637714,0.3329016893602165,0.5132060435250971,0.47737846726551897,0.46248133684001513,0.2862637971277062,0.5132060435250971,0.38434400005801894,0.4073553191173708,0.42987271019176376,0.38434400005801894,0.37797825931727813
242,24,0.0007592852032116392,0.0003983202529218321,0.0010954139587574048,0.5081476169136274,0.3144324081125124,0.5909534098082072,0,False,0,0,25,0,0,0,0,5811,5762,5817,5808,5713,5714,5775,5712,5826,5818,5823,5737,5813,5741,5809,5830,5815,5782,5787,5822,5759,5724,5802,5801,0.0004963052218098784,0.0010954139587574048,0.0004963052218098784,0.0010954139587574048,0.0009954796468024448,0.0010211529806330413,0.0010954139587574048,0.0009954796468024448,0.0004963052218098784,0.0010211529806330413,0.0010211529806330413,0.0010211529806330413,0.0010211529806330413,0.0010678735913695135,0.0010954139587574048,0.00040065725461029255,0.00040065725461029255,0.0004963052218098784,0.0004963052218098784,0.0004963052218098784,0.0003983202529218321,0.0006021626844882568,0.00040065725461029255,0.0004963052218098784,0.5537722065646724,0.5909534098082072,0.5537722065646724,0.5909534098082072,0.4375969283267257,0.5209302616600591,0.5909534098082072,0.4375969283267257,0.5537722065646724,0.5209302616600591,0.5209302616600591,0.5209302616600591,0.5209302616600591,0.5076200764748738,0.5909534098082072,0.4356486667198507,0.4356486667198507,0.5537722065646724,0.5537722065646724,0.5537722065646724,0.3464800710408383,0.3144324081125124,0.4356486667198507,0.5537722065646724
243,24,0.0009241005214579689,0.0004281924500320729,0.001254279640829811,0.528239877980338,0.39934461115986314,0.6250406256575233,0,False,0,0,25,0,0,0,0,5833,5842,5811,5834,5839,5835,5817,5818,5823,5808,5762,5832,5714,5775,5826,5713,5737,5813,5830,5741,5712,5782,5848,5787,0.001254279640829811,0.0011465397311726602,0.0005623958742319266,0.0005623958742319266,0.001091927479807929,0.001254279640829811,0.0005623958742319266,0.0011177139843681113,0.0011465397311726602,0.001254279640829811,0.001254279640829811,0.0005623958742319266,0.0011177139843681113,0.001222745149380761,0.0005482563894554579,0.0010644747677857475,0.0011177139843681113,0.0011177139843681113,0.0004281924500320729,0.001164503063531115,0.001091927479807929,0.0005482563894554579,0.0004392354962146094,0.0005482563894554579,0.6250406256575233,0.5608527398550541,0.5909578560176164,0.5909578560176164,0.4844638509661652,0.6250406256575233,0.5909578560176164,0.4775194065217208,0.5608527398550541,0.6250406256575233,0.6250406256575233,0.5909578560176164,0.4775194065217208,0.5417072923241899,0.507624522684283,0.40113051763283186,0.4775194065217208,0.4775194065217208,0.39934461115986314,0.465318403435301,0.4844638509661652,0.507624522684283,0.48267794449319645,0.507624522684283
244,24,0.0010714317732341116,0.0004879132537572734,0.0014499630496974153,0.591839221457039,0.5210594559782441,0.656287240186063,0,False,0,0,25,0,0,0,0,5869,5842,5833,5863,5811,5858,5878,5857,5834,5860,5835,5839,5818,5823,5808,5862,5866,5817,5877,5864,5832,5861,5762,5867,0.0013808980671357923,0.0013017982559155828,0.001413508780726047,0.0012397906938178289,0.000643959818084429,0.000643959818084429,0.0004879132537572734,0.0013017982559155828,0.000627769692122183,0.0012135459463370713,0.0014499630496974153,0.0012135459463370713,0.0012397906938178289,0.0013017982559155828,0.001413508780726047,0.000643959818084429,0.0014499630496974153,0.000643959818084429,0.0006132865718829701,0.0013017982559155828,0.000643959818084429,0.0014499630496974153,0.0014499630496974153,0.000643959818084429,0.579898351297174,0.5974483448671329,0.5729539068527296,0.5210594559782441,0.6250447013494818,0.6250447013494818,0.52578811578543,0.5974483448671329,0.5417113680161484,0.5274251967189847,0.656287240186063,0.5274251967189847,0.5210594559782441,0.5974483448671329,0.5729539068527296,0.6250447013494818,0.656287240186063,0.6250447013494818,0.5486558124605928,0.5974483448671329,0.6250447013494818,0.656287240186063,0.656287240186063,0.6250447013494818
245,24,0.0013917964458776567,0.0007257104929188226,0.0016909097118385195,0.6050709896992611,0.4776378346467237,0.6849299701705578,0,False,0,0,25,0,0,0,0,5896,5893,5881,5891,5880,5869,5842,5885,5890,5902,5863,5899,5833,5895,5811,5839,5835,5857,5858,5860,5818,5823,5808,5866,0.0016909097118385195,0.0014933095714672415,0.0014933095714672415,0.0013650375075010296,0.0015762785186560317,0.0015762785186560317,0.0014933095714672415,0.0007444265036468343,0.0016909097118385195,0.0016909097118385195,0.0013570753530082957,0.0014933095714672415,0.0015698808108595037,0.0007444265036468343,0.0007257104929188226,0.0013650375075010296,0.0016909097118385195,0.0014557655052324875,0.0007444265036468343,0.0013307183953934255,0.0013570753530082957,0.0014933095714672415,0.0015698808108595037,0.0016909097118385195,0.6849299701705578,0.6309943161282052,0.6309943161282052,0.566806430325736,0.6149068220224095,0.6149068220224095,0.6309943161282052,0.6562909762370249,0.6849299701705578,0.6849299701705578,0.4776378346467237,0.6309943161282052,0.5252077479483355,0.6562909762370249,0.5729576429036916,0.566806430325736,0.6849299701705578,0.5476609827948719,0.6562909762370249,0.4834730969924026,0.4776378346467237,0.6309943161282052,0.5252077479483355,0.6849299701705578
246,24,0.001596600630936467,0.0008463058453899941,0.0019877789176682456,0.6119641865453103,0.43783468175949675,0.711185805989678,0,False,0,0,25,0,0,0,0,5911,5922,5896,5908,5915,5893,5910,5881,5891,5925,5880,5904,5869,5842,5902,5890,5885,5863,5899,5833,5895,5860,5839,5835,0.0008681319998083923,0.0008681319998083923,0.0019877789176682456,0.001817033005802628,0.0017291657849691762,0.0016856919360083292,0.0017291657849691762,0.0016856919360083292,0.0015134391340279663,0.0017291657849691762,0.001817033005802628,0.0019877789176682456,0.0017713500417179868,0.0017291657849691762,0.0019378031425369992,0.0019378031425369992,0.0008681319998083923,0.0014674983851291547,0.0017291657849691762,0.0017203898877214765,0.0008463058453899941,0.001441350643620206,0.0015134391340279663,0.0019378031425369992,0.6849333948839396,0.6849333948839396,0.711185805989678,0.6469979201872088,0.6617447897841882,0.5784114564508548,0.6617447897841882,0.5784114564508548,0.5195725611319246,0.6617447897841882,0.6469979201872088,0.711185805989678,0.5636645868538754,0.6617447897841882,0.6278524726563446,0.6278524726563446,0.6849333948839396,0.43783468175949675,0.6617447897841882,0.4814404356193075,0.6016000615506062,0.4431836722430357,0.5195725611319246,0.6278524726563446
247,24,0.0018385141312794822,0.0009948908089430848,0.002294833321994236,0.6324884213873881,0.48468179161287206,0.711188945310278,0,False,0,0,25,0,0,0,0,5911,5929,5922,5944,5896,5908,5915,5945,5943,5938,5933,5893,5934,5942,5936,5910,5881,5891,5925,5880,5904,5869,5842,5941,0.0009948908089430848,0.0010205489566963127,0.0010205489566963127,0.0010205489566963127,0.002294833321994236,0.002060335273241953,0.00196881796566993,0.0016097853237896633,0.002241889786572768,0.002113471141406409,0.0019233958503882473,0.0019233958503882473,0.0020195936104022744,0.002241889786572768,0.0016986273205458057,0.0020195936104022744,0.001875038763162404,0.0016986273205458057,0.00196881796566993,0.002113471141406409,0.002294833321994236,0.0019621968967176353,0.0020195936104022744,0.0020195936104022744,0.6278556119769446,0.711188945310278,0.711188945310278,0.711188945310278,0.6519203221572047,0.5930814268382747,0.6065993906355058,0.48468179161287206,0.6588647666016492,0.6764147601716081,0.6135438350799503,0.6135438350799503,0.6899327239688392,0.6588647666016492,0.5596081810375976,0.6899327239688392,0.5302105017466169,0.5596081810375976,0.6065993906355058,0.6764147601716081,0.6519203221572047,0.5166925379493857,0.6899327239688392,0.6899327239688392
248,24,0.001963680925053881,0.0011510134624037871,0.0026057035406655818,0.637797732600429,0.44429164231179935,0.7352565332010882,0,False,0,0,25,0,0,0,0,5911,5955,5929,5922,5944,5952,5896,5908,5915,5967,5968,5966,5945,5957,5970,5938,5943,5975,5933,5893,5958,5934,5942,5954,0.0011510134624037871,0.0012085808720490158,0.0011781953169188212,0.0012085808720490158,0.0012085808720490158,0.0011510134624037871,0.0026057035406655818,0.0023605481179239667,0.00226425264999743,0.0023774982062835215,0.0021107530390373605,0.001927974519472426,0.0017442088205704106,0.0023605481179239667,0.00226425264999743,0.002416293839075782,0.002550544204678072,0.0023774982062835215,0.0021605997036493094,0.0021605997036493094,0.00226425264999743,0.002317724297487092,0.002550544204678072,0.0012085808720490158,0.6588676443121992,0.7352565332010882,0.6519231998677548,0.7352565332010882,0.7352565332010882,0.6588676443121992,0.5975936286441044,0.6269913079350852,0.6393827747492137,0.7157716636381026,0.5693596266010654,0.5963074992844645,0.44429164231179935,0.6269913079350852,0.6393827747492137,0.6200468634906408,0.6039593693848451,0.7157716636381026,0.562415182156621,0.562415182156621,0.6393827747492137,0.6324383303047693,0.6039593693848451,0.7352565332010882
249,24,0.0021181167354760383,0.0013094814472511165,0.002914005820340437,0.6222115485968994,0.40726733878581606,0.7573184887676642,0,False,0,0,25,0,0,0,0,5995,5911,5955,5929,5922,5944,5980,5952,5896,5908,5990,5978,5994,5915,5967,5968,5966,5945,5957,5976,5970,5938,5943,5975,0.0024542508394519154,0.0013432528603063577,0.0014047104432515893,0.0013723027139422694,0.0014047104432515893,0.0014409378038618863,0.0014409378038618863,0.0013094814472511165,0.002914005820340437,0.0026616704405044633,0.0026280405620743275,0.0013723027139422694,0.0024542508394519154,0.0025619676386729228,0.002748280783107827,0.002341900156948871,0.0021553125287038285,0.0018685977762077427,0.0026616704405044633,0.0013432528603063577,0.0026280405620743275,0.0027192330476714065,0.002857410342627321,0.002748280783107827,0.5988805836435692,0.687295340619516,0.6739851554343308,0.6809295998787752,0.6739851554343308,0.7573184887676642,0.7573184887676642,0.6039620072861827,0.547794159590429,0.574742032273828,0.6694342101867792,0.6809295998787752,0.5988805836435692,0.5861008768534458,0.6561240250015941,0.5219129910509767,0.5466152076774258,0.40726733878581606,0.574742032273828,0.687295340619516,0.6694342101867792,0.5683762915330873,0.553629421936108,0.6561240250015941
250,24,0.0023038550707534964,0.0014670314627721385,0.003213646378658786,0.5948884573256606,0.373328393886998,0.7133540622345563,0,False,0,0,25,0,0,0,0,5995,5911,6020,5955,5929,5922,5944,5980,5952,5896,5908,5990,6001,6015,5978,5915,5967,5994,6018,5968,5966,5945,5957,5976,0.0027456230276896795,0.00158013126271411,0.0030760598421563073,0.0016048878605627401,0.0015709144835681942,0.0016048878605627401,0.0016851555897609055,0.0016851555897609055,0.0014670314627721385,0.003213646378658786,0.0029576035862139394,0.00299872303493119,0.00158013126271411,0.002630184518652377,0.0015709144835681942,0.0028558871508320193,0.0031242537981063852,0.0027456230276896795,0.003033879926419727,0.002630184518652377,0.0023761536171058935,0.0019812051210175707,0.003033879926419727,0.0015404043675542167,0.5489738683399384,0.7133540622345563,0.696981359337881,0.6178197258148032,0.624185466555544,0.6178197258148032,0.6942086147036921,0.6942086147036921,0.5536318400123341,0.5021446462912266,0.5268468629176757,0.6136480260045476,0.7133540622345563,0.561753575130062,0.624185466555544,0.5372591371156586,0.6014470229181279,0.5489738683399384,0.610180196251009,0.561753575130062,0.5010639403709736,0.373328393886998,0.610180196251009,0.630020728901223
251,24,0.0025853743066258073,0.0016205305049072248,0.0036283435772430078,0.6016939810532073,0.460299259100291,0.7222329127263909,0,False,0,0,25,0,0,0,0,5995,6046,5911,6020,5955,5929,5922,5944,6026,6042,5896,6029,5980,5952,5908,5990,6001,6015,6031,5915,5967,5978,6028,5994,0.0030289498518347646,0.003492635695060203,0.0018253240892652156,0.0036283435772430078,0.0018049719627027546,0.0018155619904342542,0.0018515220332161813,0.0019362343552918294,0.0036283435772430078,0.003492635695060203,0.003499071600240455,0.0018515220332161813,0.0019861696715359617,0.0016205305049072248,0.0032426460848913627,0.0033686405118140894,0.0018253240892652156,0.00291200387959725,0.0019861696715359617,0.0031402715583634315,0.0034976830741260127,0.0017699160099057878,0.0018155619904342542,0.0030289498518347646,0.5032260459782769,0.6426651798967583,0.6539078903816766,0.7222329127263909,0.5663347486635696,0.655503344342582,0.649668081996903,0.6363578968117177,0.7222329127263909,0.6426651798967583,0.460299259100291,0.649668081996903,0.7196912301450511,0.5074958533446395,0.48294295767453604,0.5625106905041686,0.6539078903816766,0.5149407772025568,0.7196912301450511,0.4924875423560204,0.5513264376749506,0.5721700110092486,0.655503344342582,0.5032260459782769
252,24,0.0029459707559151005,0.0018126807093780694,0.004310163014167378,0.604162623164534,0.4219409875086001,0.7453801699991917,0,False,0,0,25,0,0,0,0,5995,6046,6054,6065,5911,6020,6059,6056,5955,5929,5922,6061,5944,6052,6026,6042,5896,6029,5980,5952,6049,5908,5990,6015,0.0032989700319231556,0.004057511393782315,0.0021551981026556736,0.003264086595841232,0.0020737462520800448,0.004201798982503472,0.0021551981026556736,0.004310163014167378,0.002052541197427765,0.0020635775102220847,0.0021551981026556736,0.0018126807093780694,0.002188964520655613,0.002052541197427765,0.004310163014167378,0.0039554994068325775,0.003765454358535726,0.0021551981026556736,0.002298444575733585,0.0018126807093780694,0.004057511393782315,0.0035117092293977087,0.003730375042262241,0.003264086595841232,0.4612905421467538,0.6724430815720285,0.6788624084971611,0.5553623791023438,0.5994155661832036,0.6620468366658583,0.6788624084971611,0.7453801699991917,0.6024735196082721,0.6008780656473668,0.6788624084971611,0.5485378655659195,0.5833280720774079,0.6024735196082721,0.7453801699991917,0.5891097482386951,0.4219409875086001,0.6788624084971611,0.6597169609662968,0.5485378655659195,0.6724430815720285,0.442697711201658,0.5156347996288212,0.5553623791023438
253,24,0.0033685736485044074,0.001999490987361863,0.005153409824371344,0.5909789628674967,0.3867792385495501,0.7665984891659257,0,False,0,0,25,0,0,0,0,6092,6093,6078,6072,5995,6046,6054,6065,5911,6020,6059,6079,5955,6056,5929,6091,5922,6061,5944,6052,6026,6042,5896,6029,0.004753226078713614,0.0038574511285277813,0.002529279262656569,0.0036426876679844463,0.0036426876679844463,0.004633722769997361,0.0024656893480281728,0.0036073639590802208,0.0023202920459313215,0.004784548303870661,0.002529279262656569,0.005153409824371344,0.0022985338163028853,0.005153409824371344,0.0023098603581526564,0.0020510576866657588,0.0024656893480281728,0.001999490987361863,0.0024381972319870247,0.0022985338163028853,0.00502384528967749,0.004413008192221018,0.004008814345204003,0.0024656893480281728,0.6997394914410261,0.48913956860151986,0.7056238744557309,0.5061829969678576,0.5061829969678576,0.6164061581076927,0.6222905411223976,0.5090821808438151,0.5494642690012699,0.6068762669437034,0.7056238744557309,0.7665984891659257,0.5522673929742494,0.7665984891659257,0.5508048935100862,0.5861597101020929,0.6222905411223976,0.5028263767687595,0.5347173994042905,0.5522673929742494,0.6832651558325923,0.5400172692188038,0.3867792385495501,0.6222905411223976
254,24,0.003753145336429195,0.002177494774097013,0.006042522759479293,0.5749852789588031,0.4483779378847265,0.7247612004876073,0,False,1,0,25,0,0,0,0,6096,6092,6116,6093,6078,6072,5995,6046,6054,6065,5911,6020,6059,6079,5955,6056,5929,6091,6115,5922,6061,5944,6119,6052,0.0056109655536924164,0.0056109655536924164,0.005903117202358695,0.004184785509090955,0.0029154344570605705,0.003970707664768663,0.003970707664768663,0.00520935393029229,0.0027765657941808764,0.0039353974976697225,0.0025600796613155547,0.005364577455543351,0.0029154344570605705,0.006042522759479293,0.002538064794815,0.006042522759479293,0.0025495270892381605,0.0022864011750690747,0.0026035212659445413,0.0027765657941808764,0.002177494774097013,0.0026790808091407014,0.002848173185417443,0.0026035212659445413,0.7247612004876073,0.7247612004876073,0.7096597261798763,0.4483779378847265,0.6468218849177534,0.46400108055386946,0.46400108055386946,0.565038978265385,0.5704329960288644,0.4666586657734971,0.5036755799178307,0.5563032446983948,0.6468218849177534,0.7027152817354319,0.5062451102263953,0.7027152817354319,0.504904485717579,0.5373130675935851,0.5895784435597287,0.5704329960288644,0.4609241787046962,0.4901576161205996,0.6537663293621978,0.5895784435597287
255,24,0.004488767793575797,0.0025789539208415733,0.006959386957967983,0.5683851698567496,0.41101310972766597,0.74769776711364,0,False,1,0,25,0,0,0,0,6096,6120,6092,6128,6116,6093,6131,6078,6072,5995,6046,6137,6054,6065,5911,6020,6059,6079,5955,6056,5929,6091,6115,6134,0.0066700707611879895,0.0066700707611879895,0.006502375071537725,0.0031610248745013066,0.0068120658381664615,0.0044883593489216935,0.0060832642736074515,0.00330565062156452,0.004277428631288869,0.004277428631288869,0.005772836297808885,0.0025789539208415733,0.0031610248745013066,0.0039353974976697225,0.0027886528204301075,0.0060832642736074515,0.00330565062156452,0.006959386957967983,0.0028380148510614212,0.006959386957967983,0.0027781141595308407,0.0025789539208415733,0.002905036227711484,0.0028380148510614212,0.74769776711364,0.74769776711364,0.6643644337803066,0.6062302463597924,0.6505214156648865,0.41101310972766597,0.5932779743068619,0.5929200611746073,0.42533432384104697,0.42533432384104697,0.5179523967432695,0.5758703119607863,0.6062302463597924,0.4666586657734971,0.4617026149246782,0.5932779743068619,0.5929200611746073,0.6441556749241458,0.5473913510408623,0.6441556749241458,0.4628291119077807,0.5758703119607863,0.5404469065964179,0.5473913510408623
256,24,0.005490095856499817,0.0028665961423820366,0.007931237409614888,0.548193951380493,0.37676201725036046,0.74769776711364,0,False,1,0,25,0,0,0,0,6096,6148,6120,6092,6128,6154,6116,6093,6131,6078,6072,5995,6046,6150,6137,6054,6065,5911,6020,6059,6079,5955,6056,5929,0.0066700707611879895,0.007931237409614888,0.007779557961249478,0.007409000218386337,0.003543593581446148,0.006476275367912479,0.007931237409614888,0.0047638368562426545,0.006970044521706609,0.0036919333919187966,0.004558207617393964,0.004558207617393964,0.006476275367912479,0.006970044521706609,0.0028665961423820366,0.003543593581446148,0.00424254774775787,0.0030021315289433135,0.0067948070370067535,0.0036919333919187966,0.007884975136800485,0.0031294883313490404,0.007884975136800485,0.0029917299179033877,0.74769776711364,0.679644631026146,0.68538961985417,0.6090007309652811,0.555711059163143,0.558123030347997,0.679644631026146,0.37676201725036046,0.6271714764479568,0.5435100560767233,0.38988979685429304,0.38988979685429304,0.558123030347997,0.6271714764479568,0.5278811192973875,0.555711059163143,0.4277704436257057,0.4232273970142883,0.5438381431146234,0.5435100560767233,0.5904760353471337,0.5017754051207904,0.5904760353471337,0.42426001924879897
257,24,0.006448008111991745,0.0031437782739373093,0.009075849061128063,0.5436849767132519,0.34536518247949705,0.68538961985417,0,False,1,0,25,0,0,0,0,6190,6096,6171,6148,6173,6120,6180,6092,6128,6154,6116,6093,6172,6131,6078,6072,5995,6046,6150,6137,6054,6065,5911,6020,0.009027310099729001,0.007779557961249478,0.008526504665478364,0.009075849061128063,0.007347639389713053,0.008916616150215518,0.007347639389713053,0.008526504665478364,0.00401765864744412,0.007347639389713053,0.009075849061128063,0.005007947249181908,0.00401765864744412,0.007859571918432805,0.004066683735990026,0.004809432858668983,0.004809432858668983,0.007347639389713053,0.007859571918432805,0.0031437782739373093,0.003916648618947438,0.00424254774775787,0.0031973100577799888,0.0074852029318564495,0.6246030324015392,0.68538961985417,0.641584003384841,0.6230075784406338,0.5949461111523306,0.6282738181996558,0.5949461111523306,0.641584003384841,0.5927351375662144,0.5949461111523306,0.6230075784406338,0.34536518247949705,0.5927351375662144,0.5749071867439604,0.49821755140366303,0.3573989804497686,0.3573989804497686,0.5949461111523306,0.5749071867439604,0.48389102602260514,0.5094018042328811,0.4277704436257057,0.3879584472630976,0.49851829785507146
258,24,0.006876052426630559,0.0033717051010493182,0.010222193485665835,0.5167192901848996,0.3165847506062056,0.6282738181996558,0,False,1,0,25,0,0,0,0,6190,6096,6171,6148,6173,6120,6180,6092,6128,6154,6200,6116,6093,6172,6131,6078,6072,5995,6046,6150,6137,6054,6065,5911,0.010172068333336521,0.008916616150215518,0.009653561158681264,0.010222193485665835,0.008210908157308067,0.008916616150215518,0.007347639389713053,0.009653561158681264,0.00460262795878103,0.007347639389713053,0.00460262795878103,0.010222193485665835,0.005218472707057383,0.004486910915081496,0.008733828601041391,0.0044230050937196065,0.005028533645461229,0.005028533645461229,0.008210908157308067,0.008733828601041391,0.0034055419331311333,0.004273189314265304,0.00424254774775787,0.0033717051010493182,0.5725527797014109,0.6282738181996558,0.5881186697694376,0.5710902802372476,0.545367268556303,0.6282738181996558,0.5949461111523306,0.5881186697694376,0.6266738761023632,0.5949461111523306,0.6266738761023632,0.5710902802372476,0.3165847506062056,0.5433405427690299,0.5269982545152969,0.4566994221200244,0.3276157320789545,0.3276157320789545,0.545367268556303,0.5269982545152969,0.4435667738540547,0.4669516538801409,0.4277704436257057,0.3556285766578394
259,24,0.008412150098726258,0.004754929741368225,0.01134711799075534,0.5288525777078391,0.29020268805568844,0.6287006018896364,0,False,1,0,25,0,0,0,0,6218,6190,6096,6171,6173,6148,6120,6180,6092,6128,6222,6154,6200,6225,6116,6093,6172,6131,6230,6078,5995,6072,6046,6150,0.011044824747792949,0.011296103036721948,0.010057672804035495,0.011044824747792949,0.008210908157308067,0.01134711799075534,0.008916616150215518,0.008422666767192307,0.010767141111522565,0.005189298845614002,0.008422666767192307,0.008422666767192307,0.005189298845614002,0.008422666767192307,0.01134711799075534,0.0053941889957360035,0.004942120936939589,0.009822930950913378,0.009822930950913378,0.004754929741368225,0.0052139389368002905,0.0052139389368002905,0.009049063846178042,0.0095759675768836,0.6224421139553178,0.5248400480596267,0.5759176666830178,0.6224421139553178,0.545367268556303,0.5234994235508103,0.6282738181996558,0.6287006018896364,0.5391087806219844,0.5744510530938329,0.6287006018896364,0.6287006018896364,0.5744510530938329,0.6287006018896364,0.5234994235508103,0.29020268805568844,0.49806216420494404,0.5664150666390222,0.5664150666390222,0.4186411369433557,0.30031442107237494,0.30031442107237494,0.4999199961766111,0.4830817333056888
260,24,0.00913287164374281,0.005187996588975605,0.012437894735631203,0.5274361430802894,0.2660191307177144,0.6596422183988334,0,False,1,0,25,0,0,0,0,6218,6190,6096,6171,6173,6148,6120,6247,6180,6092,6128,6222,6154,6259,6248,6200,6225,6116,6093,6172,6131,6230,6078,6072,0.012437894735631203,0.011296103036721948,0.011179598146617911,0.011044824747792949,0.008210908157308067,0.012429050879566365,0.010057672804035495,0.009746695312602716,0.009746695312602716,0.012150943123854825,0.005765791971512142,0.008422666767192307,0.009501648618080574,0.005187996588975605,0.012150943123854825,0.005765791971512142,0.008422666767192307,0.012429050879566365,0.005534771762361318,0.005374913849097309,0.010889648447488296,0.010889648447488296,0.005187996588975605,0.005364997409796166,0.5705719377923746,0.5248400480596267,0.5279245277927663,0.6224421139553178,0.545367268556303,0.4798744715882427,0.5759176666830178,0.6596422183988334,0.6596422183988334,0.577516382236819,0.5265801320026802,0.6287006018896364,0.5763088850655,0.4670877088647427,0.577516382236819,0.5265801320026802,0.6287006018896364,0.4798744715882427,0.2660191307177144,0.45655698385453203,0.5192138110857704,0.5192138110857704,0.4670877088647427,0.2752882193163437
261,24,0.010014424779744574,0.005593581953509089,0.013512420443783545,0.5203123316667253,0.2438508698245715,0.6596422183988334,0,False,1,0,25,0,0,0,0,6218,6190,6096,6171,6173,6148,6120,6247,6180,6283,6092,6280,6128,6222,6154,6259,6248,6200,6225,6116,6093,6172,6131,6230,0.012437894735631203,0.012377818702207938,0.012260745268183215,0.011044824747792949,0.008210908157308067,0.013448805271203504,0.011179598146617911,0.01109099623144935,0.01109099623144935,0.005927059268436043,0.013512420443783545,0.009746695312602716,0.0063210046486222166,0.009501648618080574,0.010562707278516428,0.005593581953509089,0.012150943123854825,0.0063210046486222166,0.009746695312602716,0.013448805271203504,0.005640680771604818,0.005927059268436043,0.011913652854663243,0.010889648447488296,0.5705719377923746,0.48110337738799114,0.4839308171433691,0.6224421139553178,0.545367268556303,0.4398849322892225,0.5279245277927663,0.604672033532264,0.604672033532264,0.5018439018666544,0.5293900170504174,0.6596422183988334,0.4826984543357901,0.5763088850655,0.528283144643375,0.42816373312601413,0.577516382236819,0.4826984543357901,0.6596422183988334,0.4398849322892225,0.2438508698245715,0.5018439018666544,0.4759459934952895,0.5192138110857704
262,24,0.010796274577518238,0.005713032846692546,0.015207594254998975,0.512774745492624,0.2235299640058572,0.6596422183988334,0,False,1,0,25,0,0,0,0,6218,6301,6190,6096,6171,6173,6148,6120,6298,6247,6180,6283,6092,6280,6128,6222,6154,6259,6248,6200,6225,6116,6093,6300,0.013804646760777422,0.010835118583948212,0.013397980587250334,0.012260745268183215,0.011044824747792949,0.009049063846178042,0.013448805271203504,0.011179598146617911,0.015207594254998975,0.012427878694511856,0.012427878694511856,0.006452937067638546,0.015207594254998975,0.009746695312602716,0.0070215628947477605,0.010835118583948212,0.011585360283561264,0.005965481631866622,0.012150943123854825,0.0068450301600563946,0.01109099623144935,0.014390139718298445,0.005713032846692546,0.0070215628947477605,0.5230242763096766,0.6116164779767084,0.4410114292723252,0.4839308171433691,0.6224421139553178,0.4999199961766111,0.4398849322892225,0.5279245277927663,0.5686075156295493,0.5542826974045753,0.5542826974045753,0.46002357671109984,0.5686075156295493,0.6596422183988334,0.5258069164744743,0.6116164779767084,0.48425954925642706,0.3924834220321796,0.577516382236819,0.44247358314114094,0.604672033532264,0.40322785459845395,0.2235299640058572,0.5258069164744743
263,24,0.011429729551548645,0.006461289442011544,0.015207594254998975,0.5220826547336732,0.40560078454604587,0.6596422183988334,0,False,2,0,25,0,0,0,0,6318,6218,6315,6301,6329,6190,6096,6171,6173,6148,6120,6298,6247,6180,6283,6092,6280,6128,6222,6154,6259,6248,6200,6225,0.014761260174697007,0.013804646760777422,0.013624308158097505,0.012164796756822398,0.006461289442011544,0.013397980587250334,0.013624308158097505,0.011044824747792949,0.009049063846178042,0.014761260174697007,0.011179598146617911,0.015207594254998975,0.012427878694511856,0.012427878694511856,0.006943660098324941,0.015207594254998975,0.009746695312602716,0.007696032179792781,0.012164796756822398,0.011585360283561264,0.006461289442011544,0.012150943123854825,0.007329452956686371,0.01109099623144935,0.48656118793178726,0.5230242763096766,0.5269365823814217,0.560648438145316,0.443109803529498,0.4410114292723252,0.5269365823814217,0.6224421139553178,0.4999199961766111,0.48656118793178726,0.5279245277927663,0.5686075156295493,0.5542826974045753,0.5542826974045753,0.4216882786518415,0.5686075156295493,0.6596422183988334,0.48198967343493476,0.560648438145316,0.48425954925642706,0.443109803529498,0.577516382236819,0.40560078454604587,0.604672033532264
264,24,0.01256542828542911,0.007098248638491118,0.016869413376682563,0.5214491922569806,0.38654758876418804,0.6224421139553178,0,False,1,0,25,0,0,0,0,6340,6336,6318,6218,6315,6301,6329,6190,6337,6096,6171,6173,6148,6120,6298,6247,6180,6283,6092,6280,6128,6346,6222,6154,0.007098248638491118,0.01641500384527913,0.01641500384527913,0.015508804427331983,0.013624308158097505,0.012164796756822398,0.007098248638491118,0.014340281597587592,0.015508804427331983,0.013624308158097505,0.011044824747792949,0.009049063846178042,0.014761260174697007,0.012576948826229886,0.015207594254998975,0.012427878694511856,0.012427878694511856,0.007391903169312278,0.016869413376682563,0.01109099623144935,0.008332396221030307,0.012576948826229886,0.013464063698571678,0.012551299595292527,0.48951731990203984,0.5293477556041383,0.5293477556041383,0.5627722532838703,0.5269365823814217,0.560648438145316,0.48951731990203984,0.40426047683296473,0.5627722532838703,0.5269365823814217,0.6224421139553178,0.4999199961766111,0.48656118793178726,0.5672641504767024,0.5686075156295493,0.5542826974045753,0.5542826974045753,0.38654758876418804,0.5212235559937535,0.604672033532264,0.44182386731535683,0.5672641504767024,0.5139277349665397,0.44390458681839146
265,24,0.013515080419524428,0.007701404406467103,0.018942354379892033,0.520960880275394,0.3543352897005057,0.6224421139553178,0,False,1,0,25,0,0,0,0,6378,6340,6336,6318,6218,6315,6301,6329,6190,6337,6096,6171,6173,6148,6375,6120,6298,6247,6369,6180,6283,6092,6280,6128,0.018942354379892033,0.007701404406467103,0.018009630001215672,0.01641500384527913,0.015508804427331983,0.013624308158097505,0.012164796756822398,0.007701404406467103,0.015191670461167072,0.015508804427331983,0.015322985215996942,0.011044824747792949,0.009049063846178042,0.014761260174697007,0.014084855131548628,0.012576948826229886,0.016869413376682563,0.014084855131548628,0.015322985215996942,0.013730740523251964,0.00779200957844344,0.018942354379892033,0.01109099623144935,0.008920456418805933,0.561121592994274,0.4487242099102032,0.4852354426371267,0.5293477556041383,0.5627722532838703,0.5269365823814217,0.560648438145316,0.4487242099102032,0.370572103763551,0.5627722532838703,0.5663585338496365,0.6224421139553178,0.4999199961766111,0.48656118793178726,0.591425805954194,0.5672641504767024,0.5212235559937535,0.591425805954194,0.5663585338496365,0.5080924726208607,0.3543352897005057,0.561121592994274,0.604672033532264,0.4050052117057438
266,24,0.014366823754627606,0.008139997964797497,0.020968280291145378,0.5153401353710871,0.3248073488921302,0.6254736554580113,0,False,1,0,25,0,0,0,0,6378,6340,6336,6318,6218,6401,6315,6301,6329,6190,6337,6096,6171,6173,6148,6375,6120,6298,6247,6369,6180,6283,6092,6280,0.020968280291145378,0.008260882933006287,0.018009630001215672,0.01641500384527913,0.015508804427331983,0.016129687380427218,0.013624308158097505,0.013464063698571678,0.008260882933006287,0.015191670461167072,0.015508804427331983,0.015322985215996942,0.011044824747792949,0.009049063846178042,0.014761260174697007,0.014084855131548628,0.013946054144845557,0.016869413376682563,0.016129687380427218,0.016986710062606724,0.013730740523251964,0.008139997964797497,0.020968280291145378,0.012427878694511856,0.5143614602447512,0.4113305257510196,0.4852354426371267,0.5293477556041383,0.5627722532838703,0.6254736554580113,0.5269365823814217,0.5139277349665397,0.4113305257510196,0.370572103763551,0.5627722532838703,0.5663585338496365,0.6224421139553178,0.4999199961766111,0.48656118793178726,0.591425805954194,0.5199921379369772,0.5212235559937535,0.6254736554580113,0.5191619893621668,0.5080924726208607,0.3248073488921302,0.5143614602447512,0.5542826974045753
267,24,0.014797069273408974,0.008260882933006287,0.020968280291145378,0.5063792389791376,0.297740069817786,0.6254736554580113,0,False,2,0,25,0,0,0,0,6378,6340,6336,6318,6218,6401,6315,6301,6329,6422,6190,6337,6096,6171,6173,6148,6375,6120,6298,6247,6369,6180,6414,6283,0.020968280291145378,0.008260882933006287,0.018009630001215672,0.018009630001215672,0.015508804427331983,0.018179534673390847,0.015322985215996942,0.013464063698571678,0.00876868237024118,0.01641500384527913,0.015942463781781758,0.015508804427331983,0.015322985215996942,0.012437894735631203,0.009846633717582667,0.01641500384527913,0.014084855131548628,0.013946054144845557,0.016869413376682563,0.016129687380427218,0.016986710062606724,0.014975185562192564,0.015322985215996942,0.008433488506516729,0.5143614602447512,0.4113305257510196,0.4852354426371267,0.4852354426371267,0.5627722532838703,0.5733508508365103,0.5663585338496365,0.5139277349665397,0.3770529819384346,0.5293477556041383,0.3396910951165884,0.5627722532838703,0.5663585338496365,0.5705719377923746,0.4582599964952268,0.5293477556041383,0.591425805954194,0.5199921379369772,0.5212235559937535,0.6254736554580113,0.5191619893621668,0.46575143323578894,0.5663585338496365,0.297740069817786
268,24,0.015410550014932677,0.00876868237024118,0.020968280291145378,0.5012685350578058,0.3396910951165884,0.6254736554580113,0,False,3,0,25,0,0,0,0,6455,6378,6340,6336,6318,6218,6401,6315,6301,6329,6449,6422,6190,6337,6096,6171,6439,6173,6148,6375,6120,6298,6247,6369,0.008895207978577914,0.020968280291145378,0.00876868237024118,0.018009630001215672,0.018009630001215672,0.015508804427331983,0.018179534673390847,0.015322985215996942,0.01508768649143171,0.0092187618959825,0.01565436770617711,0.01641500384527913,0.015942463781781758,0.017175443739477013,0.016986710062606724,0.013804646760777422,0.01508768649143171,0.009846633717582667,0.018009630001215672,0.01572416258976935,0.01565436770617711,0.016869413376682563,0.016129687380427218,0.018583779852469003,0.35626173066630384,0.5143614602447512,0.3770529819384346,0.4852354426371267,0.4852354426371267,0.5627722532838703,0.5733508508365103,0.5663585338496365,0.5544337570526613,0.3456319001102317,0.5599927931088957,0.5293477556041383,0.3396910951165884,0.5158745655102144,0.5191619893621668,0.5230242763096766,0.5544337570526613,0.4582599964952268,0.4852354426371267,0.5421403221246779,0.5599927931088957,0.5212235559937535,0.6254736554580113,0.47589849024865294
269,24,0.01601850021833356,0.00876868237024118,0.02290886864983088,0.4813604141255756,0.3168292417677124,0.6254736554580113,0,False,3,0,25,0,0,0,0,6455,6378,6340,6336,6318,6218,6401,6315,6301,6329,6449,6422,6190,6337,6096,6171,6439,6173,6148,6375,6468,6120,6298,6247,0.009297480212810849,0.02290886864983088,0.00876868237024118,0.01951653221909779,0.01951653221909779,0.017175443739477013,0.018179534673390847,0.015322985215996942,0.01508768649143171,0.009607020404831834,0.01565436770617711,0.018009630001215672,0.017014035044917178,0.017175443739477013,0.016986710062606724,0.015118889575269861,0.016670091403877745,0.009846633717582667,0.018009630001215672,0.017313602782603577,0.017014035044917178,0.01565436770617711,0.0184661148773339,0.016129687380427218,0.3265732531107785,0.4714980052243552,0.3770529819384346,0.44479915575069945,0.44479915575069945,0.5158745655102144,0.5733508508365103,0.5663585338496365,0.5544337570526613,0.3168292417677124,0.5599927931088957,0.4852354426371267,0.394716837190206,0.5158745655102144,0.5191619893621668,0.4794389199505369,0.5082309439649395,0.4582599964952268,0.4852354426371267,0.4969619619476214,0.394716837190206,0.5599927931088957,0.4777882596609407,0.6254736554580113
270,24,0.01669939126242799,0.00876868237024118,0.02290886864983088,0.4686825374892538,0.29042680495373635,0.5966600603498211,0,False,3,0,25,0,0,0,0,6501,6455,6378,6340,6336,6318,6218,6401,6499,6315,6301,6329,6449,6422,6190,6337,6096,6171,6439,6173,6148,6375,6468,6298,0.017769921158261922,0.009637469866265411,0.02290886864983088,0.00876868237024118,0.01951653221909779,0.01951653221909779,0.017175443739477013,0.018179534673390847,0.019309462337177195,0.016986710062606724,0.01508768649143171,0.009931187833125523,0.01565436770617711,0.01951653221909779,0.017014035044917178,0.017175443739477013,0.016986710062606724,0.016357338945287493,0.01818164097012555,0.009846633717582667,0.018009630001215672,0.019309462337177195,0.017976049724398722,0.01996951421020463,0.5966600603498211,0.29935881535154696,0.4714980052243552,0.3770529819384346,0.44479915575069945,0.44479915575069945,0.5158745655102144,0.5733508508365103,0.5388817984519862,0.5191619893621668,0.5544337570526613,0.29042680495373635,0.5599927931088957,0.44479915575069945,0.394716837190206,0.5158745655102144,0.5191619893621668,0.4394856766213255,0.46587836530119453,0.4582599964952268,0.4852354426371267,0.5388817984519862,0.3618237674243555,0.43797257135586226
271,24,0.01670921531446801,0.0092187618959825,0.02290886864983088,0.46069279077778774,0.26622457120759163,0.5966600603498211,0,False,3,0,25,0,0,0,0,6501,6455,6378,6340,6336,6318,6523,6218,6401,6499,6315,6301,6329,6449,6422,6190,6337,6096,6171,6439,6173,6148,6375,6468,0.017769921158261922,0.009914033149704779,0.02290886864983088,0.0092187618959825,0.01951653221909779,0.01951653221909779,0.010863323294948043,0.017175443739477013,0.018179534673390847,0.019309462337177195,0.016986710062606724,0.016670091403877745,0.010190653052455085,0.01565436770617711,0.020911333937737368,0.017976049724398722,0.017175443739477013,0.016986710062606724,0.01750029589032768,0.019596399897637836,0.010863323294948043,0.018009630001215672,0.019309462337177195,0.018818283099620567,0.5966600603498211,0.2744122474055847,0.4714980052243552,0.3456319001102317,0.44479915575069945,0.44479915575069945,0.5034049967872912,0.5158745655102144,0.5733508508365103,0.5388817984519862,0.5191619893621668,0.5082309439649395,0.26622457120759163,0.5599927931088957,0.40773255943814113,0.3618237674243555,0.5158745655102144,0.5191619893621668,0.402861870236215,0.4270551681927616,0.5034049967872912,0.4852354426371267,0.5388817984519862,0.33167178680565923
272,24,0.016762742694528012,0.009607020404831834,0.02290886864983088,0.4648444685492214,0.24403919027362564,0.5966600603498211,0,False,3,0,25,0,0,0,0,6501,6455,6378,6548,6547,6340,6534,6336,6318,6523,6218,6401,6499,6315,6301,6329,6449,6422,6190,6337,6096,6171,6439,6173,0.017769921158261922,0.009914033149704779,0.02290886864983088,0.01213749835638688,0.021431638554035373,0.009607020404831834,0.01213749835638688,0.01951653221909779,0.01951653221909779,0.01213749835638688,0.018772964251414823,0.020192924355597348,0.019309462337177195,0.016986710062606724,0.016670091403877745,0.010386250951082966,0.01565436770617711,0.022174403313383807,0.018818283099620567,0.017175443739477013,0.016986710062606724,0.018532035051206996,0.021431638554035373,0.01213749835638688,0.5966600603498211,0.2744122474055847,0.4714980052243552,0.5447879137216836,0.4748005708433648,0.3168292417677124,0.5447879137216836,0.44479915575069945,0.44479915575069945,0.5447879137216836,0.47288501838436314,0.525571613266801,0.5388817984519862,0.5191619893621668,0.5082309439649395,0.24403919027362564,0.5599927931088957,0.37375484615162935,0.33167178680565923,0.5158745655102144,0.5191619893621668,0.3692900477165304,0.4748005708433648,0.5447879137216836
273,24,0.017232876617388322,0.009931187833125523,0.024730360429258216,0.45772273813158737,0.22370259108415683,0.5827222542448766,0,False,3,0,25,0,0,0,0,6501,6455,6561,6378,6548,6547,6340,6534,6336,6318,6523,6218,6401,6499,6315,6301,6329,6449,6422,6190,6337,6096,6171,6439,0.01986723143652509,0.010127520553620512,0.013719225424669175,0.024730360429258216,0.01213749835638688,0.021431638554035373,0.009931187833125523,0.01213749835638688,0.01951653221909779,0.01951653221909779,0.013719225424669175,0.018772964251414823,0.020192924355597348,0.021241918067145243,0.016986710062606724,0.016670091403877745,0.010520028553435588,0.01565436770617711,0.022174403313383807,0.018818283099620567,0.017175443739477013,0.018583779852469003,0.018532035051206996,0.021431638554035373,0.5469383886540027,0.25154456012178594,0.5827222542448766,0.43220650478899225,0.5447879137216836,0.4748005708433648,0.29042680495373635,0.5447879137216836,0.44479915575069945,0.44479915575069945,0.5827222542448766,0.47288501838436314,0.525571613266801,0.4939749819143207,0.5191619893621668,0.5082309439649395,0.22370259108415683,0.5599927931088957,0.37375484615162935,0.33167178680565923,0.5158745655102144,0.47589849024865294,0.3692900477165304,0.4748005708433648
274,24,0.01789661562242391,0.010190653052455085,0.026404486553169595,0.4371329830390094,0.20506070849381042,0.5469383886540027,0,False,3,0,25,0,0,0,0,6455,6501,6378,6548,6561,6547,6340,6534,6336,6318,6523,6218,6401,6499,6315,6301,6329,6449,6422,6190,6337,6096,6171,6439,0.0102795526035065,0.01986723143652509,0.026404486553169595,0.01213749835638688,0.015278686166495168,0.021431638554035373,0.010190653052455085,0.01213749835638688,0.01951653221909779,0.01951653221909779,0.015278686166495168,0.020273483452770944,0.020192924355597348,0.021241918067145243,0.016986710062606724,0.01818164097012555,0.010595006494116212,0.017323158404108648,0.023291046772941183,0.019534305135834665,0.017175443739477013,0.02008612414666598,0.019440931416751545,0.023157086236381408,0.23058251344497044,0.5469383886540027,0.3961892960565762,0.5447879137216836,0.5341620663911368,0.4748005708433648,0.26622457120759163,0.5447879137216836,0.44479915575069945,0.44479915575069945,0.5341620663911368,0.43347793351899955,0.525571613266801,0.4939749819143207,0.5191619893621668,0.46587836530119453,0.20506070849381042,0.5133267270164877,0.34260860897232687,0.30403247123852095,0.5158745655102144,0.43624028272793186,0.3385158770734862,0.4352338566064177
275,24,0.018200774945509087,0.010386250951082966,0.026404486553169595,0.4188059325309313,0.20506070849381042,0.5469383886540027,0,False,3,0,25,0,0,0,0,6455,6501,6378,6548,6561,6340,6547,6336,6534,6318,6523,6218,6401,6499,6315,6301,6329,6449,6422,6600,6337,6190,6096,6439,0.010640299153247747,0.01986723143652509,0.026404486553169595,0.01337430330143707,0.016785544652309674,0.010386250951082966,0.021431638554035373,0.01951653221909779,0.01213749835638688,0.020911333937737368,0.016785544652309674,0.021653610363892895,0.022131134628732396,0.021241918067145243,0.018583779852469003,0.019596399897637836,0.010595006494116212,0.01892091077476914,0.023291046772941183,0.010640299153247747,0.017175443739477013,0.02012119717507338,0.021470101768995345,0.023157086236381408,0.2947006373245562,0.5469383886540027,0.3961892960565762,0.49938892091154324,0.4896485608585421,0.24403919027362564,0.4748005708433648,0.44479915575069945,0.5447879137216836,0.40773255943814113,0.4896485608585421,0.39735477239241623,0.4817739788279009,0.4939749819143207,0.47589849024865294,0.4270551681927616,0.20506070849381042,0.47054949976511373,0.34260860897232687,0.2947006373245562,0.5158745655102144,0.2786964319686442,0.39988692583393753,0.4352338566064177
276,24,0.018699415907281896,0.010386250951082966,0.026404486553169595,0.40429453161454393,0.18797231611932622,0.5447879137216836,0,False,3,0,25,0,0,0,0,6455,6378,6548,6340,6501,6547,6561,6534,6336,6318,6523,6218,6401,6499,6315,6301,6329,6449,6422,6600,6337,6190,6096,6439,0.010931368600678708,0.026404486553169595,0.01337430330143707,0.010386250951082966,0.021904882314766783,0.023157086236381408,0.01821252342950772,0.01213749835638688,0.01951653221909779,0.020911333937737368,0.016785544652309674,0.021653610363892895,0.023959650612730726,0.021241918067145243,0.02008612414666598,0.019596399897637836,0.010614948405193959,0.01892091077476914,0.023291046772941183,0.010931368600678708,0.018772964251414823,0.02012119717507338,0.022716945917684323,0.023157086236381408,0.27014225088084315,0.3961892960565762,0.49938892091154324,0.24403919027362564,0.5013601895995025,0.4352338566064177,0.4488445141203302,0.5447879137216836,0.44479915575069945,0.40773255943814113,0.4896485608585421,0.39735477239241623,0.44162614725890914,0.4939749819143207,0.43624028272793186,0.4270551681927616,0.18797231611932622,0.47054949976511373,0.34260860897232687,0.27014225088084315,0.47288501838436314,0.2786964319686442,0.3665630153477761,0.4352338566064177
277,24,0.019016827735491938,0.010386250951082966,0.026404486553169595,0.39431618938989876,0.17230795644271568,0.5447879137216836,0,False,3,0,25,0,0,0,0,6455,6340,6378,6548,6501,6336,6561,6547,6318,6523,6534,6218,6315,6401,6499,6301,6329,6449,6422,6600,6337,6190,6096,6439,0.011153415761101598,0.010386250951082966,0.026404486553169595,0.01337430330143707,0.023845160161322123,0.01951653221909779,0.01821252342950772,0.024745683217349435,0.020911333937737368,0.016785544652309674,0.01213749835638688,0.021653610363892895,0.021470101768995345,0.023959650612730726,0.023075689818787787,0.019596399897637836,0.010584147177642925,0.01892091077476914,0.023291046772941183,0.011153415761101598,0.018772964251414823,0.020579163757324295,0.022716945917684323,0.023157086236381408,0.24763039664077288,0.24403919027362564,0.3961892960565762,0.49938892091154324,0.4595801737995439,0.44479915575069945,0.4488445141203302,0.3989643685558829,0.40773255943814113,0.4896485608585421,0.5447879137216836,0.39735477239241623,0.39988692583393753,0.44162614725890914,0.4528104000881273,0.4270551681927616,0.17230795644271568,0.47054949976511373,0.34260860897232687,0.24763039664077288,0.47288501838436314,0.2554717293045905,0.3665630153477761,0.4352338566064177
278,24,0.018815968651369124,0.010520028553435588,0.026404486553169595,0.37810162581763124,0.22370259108415683,0.5447879137216836,0,False,3,0,25,0,0,0,0,6455,6340,6336,6548,6378,6318,6561,6501,6547,6523,6499,6315,6534,6401,6218,6329,6301,6422,6449,6688,6337,6600,6190,6096,0.01130844375375731,0.010520028553435588,0.01951653221909779,0.01337430330143707,0.026404486553169595,0.020911333937737368,0.01953625413921677,0.023845160161322123,0.024745683217349435,0.01821252342950772,0.023075689818787787,0.021470101768995345,0.01213749835638688,0.023959650612730726,0.02289486784394573,0.010778214511596914,0.019596399897637836,0.023291046772941183,0.01892091077476914,0.010778214511596914,0.020273483452770944,0.01130844375375731,0.020911082451404432,0.02381289383950705,0.2269945302540418,0.22370259108415683,0.44479915575069945,0.49938892091154324,0.3961892960565762,0.40773255943814113,0.4114408046103027,0.4595801737995439,0.3989643685558829,0.4488445141203302,0.4528104000881273,0.39988692583393753,0.5447879137216836,0.44162614725890914,0.3642418746930482,0.24128229340582272,0.4270551681927616,0.34260860897232687,0.47054949976511373,0.24128229340582272,0.43347793351899955,0.2269945302540418,0.23418241852920796,0.33601609740212807
279,24,0.019084212193684138,0.010595006494116212,0.02790896804390276,0.3680922969501163,0.20506070849381042,0.49938892091154324,0,False,3,0,25,0,0,0,0,6455,6340,6336,6378,6548,6499,6318,6523,6501,6547,6315,6561,6401,6218,6329,6534,6422,6301,6337,6449,6688,6600,6190,6096,0.01139954693937648,0.010595006494116212,0.01951653221909779,0.02790896804390276,0.014550928177163159,0.023075689818787787,0.022174403313383807,0.01821252342950772,0.023845160161322123,0.024745683217349435,0.021470101768995345,0.01953625413921677,0.023959650612730726,0.02289486784394573,0.010778214511596914,0.01337430330143707,0.02425143051685416,0.019596399897637836,0.020273483452770944,0.01892091077476914,0.010908613969788608,0.01130844375375731,0.020911082451404432,0.02381289383950705,0.2080783193995383,0.20506070849381042,0.44479915575069945,0.3631735213851948,0.45777317750224794,0.4528104000881273,0.37375484615162935,0.4488445141203302,0.4595801737995439,0.3989643685558829,0.39988692583393753,0.4114408046103027,0.44162614725890914,0.3642418746930482,0.24128229340582272,0.49938892091154324,0.31405789155796626,0.4270551681927616,0.43347793351899955,0.47054949976511373,0.22117543562200415,0.2269945302540418,0.23418241852920796,0.33601609740212807
280,24,0.018860050713475945,0.010595006494116212,0.02790896804390276,0.3590077327718228,0.19073845944957676,0.49938892091154324,0,False,3,0,25,0,0,0,0,6455,6340,6336,6378,6548,6499,6318,6315,6523,6501,6547,6422,6561,6401,6218,6329,6534,6740,6301,6688,6337,6449,6600,6190,0.011430660387685709,0.010595006494116212,0.01951653221909779,0.02790896804390276,0.015647608665402324,0.023075689818787787,0.022174403313383807,0.022716945917684323,0.01953625413921677,0.023845160161322123,0.024745683217349435,0.02425143051685416,0.01953625413921677,0.02564918630268536,0.02398380160332837,0.010908613969788608,0.01337430330143707,0.011261724437413105,0.019596399897637836,0.011261724437413105,0.020273483452770944,0.01892091077476914,0.01130844375375731,0.02112202815840179,0.19073845944957676,0.20506070849381042,0.44479915575069945,0.3631735213851948,0.41962541271039394,0.4528104000881273,0.37375484615162935,0.3665630153477761,0.4114408046103027,0.4595801737995439,0.3989643685558829,0.31405789155796626,0.4114408046103027,0.4048239683206667,0.3338883851352942,0.22117543562200415,0.49938892091154324,0.2860774826535038,0.4270551681927616,0.2860774826535038,0.43347793351899955,0.47054949976511373,0.2269945302540418,0.2146672169851073
281,24,0.019315672343915152,0.010595006494116212,0.02790896804390276,0.3645912578100557,0.17484358782877868,0.47054949976511373,0,False,3,0,25,0,0,0,0,6455,6340,6336,6378,6548,6422,6315,6499,6318,6329,6501,6547,6756,6523,6401,6218,6561,6301,6534,6740,6759,6688,6337,6449,0.01140632614968122,0.010595006494116212,0.020911333937737368,0.02790896804390276,0.01664810703857775,0.02425143051685416,0.022716945917684323,0.023075689818787787,0.022174403313383807,0.011261724437413105,0.025655313786411695,0.024745683217349435,0.021272621176491188,0.01953625413921677,0.027176278730391756,0.02398380160332837,0.021272621176491188,0.02089281467399995,0.014550928177163159,0.01154188262001425,0.011261724437413105,0.01154188262001425,0.020273483452770944,0.01892091077476914,0.17484358782877868,0.20506070849381042,0.40773255943814113,0.3631735213851948,0.38465662831786107,0.31405789155796626,0.3665630153477761,0.4528104000881273,0.37375484615162935,0.2860774826535038,0.42128182598291525,0.3989643685558829,0.4604874042261108,0.4114408046103027,0.3710886376272778,0.3338883851352942,0.4604874042261108,0.3914672375100315,0.45777317750224794,0.2622376924323785,0.2860774826535038,0.2622376924323785,0.43347793351899955,0.47054949976511373
282,24,0.01955546621069651,0.010614948405193959,0.028523494335844085,0.35584564311114164,0.16027328884304712,0.4604874042261108,0,False,3,0,25,0,0,0,0,6455,6340,6422,6336,6756,6548,6378,6315,6329,6499,6318,6523,6501,6547,6561,6401,6688,6218,6740,6301,6534,6337,6759,6449,0.01133148308205667,0.010614948405193959,0.02425143051685416,0.020911333937737368,0.021272621176491188,0.01664810703857775,0.02790896804390276,0.022716945917684323,0.011261724437413105,0.023075689818787787,0.023291046772941183,0.01953625413921677,0.025655313786411695,0.02617598708756344,0.021272621176491188,0.028523494335844085,0.011750287002270743,0.02398380160332837,0.011750287002270743,0.02089281467399995,0.014550928177163159,0.020273483452770944,0.011261724437413105,0.02041989303433175,0.16027328884304712,0.18797231611932622,0.31405789155796626,0.40773255943814113,0.4604874042261108,0.38465662831786107,0.3631735213851948,0.3665630153477761,0.2860774826535038,0.4528104000881273,0.34260860897232687,0.4114408046103027,0.42128182598291525,0.3657173378428927,0.4604874042261108,0.3401645844916713,0.24038455139634693,0.3338883851352942,0.24038455139634693,0.3914672375100315,0.45777317750224794,0.43347793351899955,0.2860774826535038,0.43133704145135426
283,24,0.020455120878802493,0.010614948405193959,0.028523494335844085,0.36620670278585354,0.16027328884304712,0.5054467872072682,0,False,3,0,25,0,0,0,0,6422,6455,6340,6756,6336,6378,6548,6499,6740,6315,6329,6501,6318,6523,6547,6561,6688,6218,6337,6799,6401,6301,6796,6534,0.02425143051685416,0.01133148308205667,0.010614948405193959,0.023483719020984315,0.020911333937737368,0.02790896804390276,0.01664810703857775,0.023075689818787787,0.011750287002270743,0.024427026308189805,0.01154188262001425,0.025655313786411695,0.023291046772941183,0.01953625413921677,0.02617598708756344,0.021272621176491188,0.011750287002270743,0.02398380160332837,0.020273483452770944,0.024427026308189805,0.028523494335844085,0.022054062433514546,0.023483719020984315,0.014550928177163159,0.31405789155796626,0.16027328884304712,0.18797231611932622,0.5054467872072682,0.40773255943814113,0.3631735213851948,0.38465662831786107,0.4528104000881273,0.24038455139634693,0.4193494307354614,0.2622376924323785,0.42128182598291525,0.34260860897232687,0.4114408046103027,0.3657173378428927,0.4604874042261108,0.24038455139634693,0.3338883851352942,0.43347793351899955,0.4193494307354614,0.3401645844916713,0.35884496771752883,0.5054467872072682,0.45777317750224794
284,24,0.020697847953831398,0.010584147177642925,0.028523494335844085,0.3587986828961241,0.14691718143945987,0.5054467872072682,0,False,3,0,25,0,0,0,0,6756,6455,6340,6422,6336,6740,6378,6548,6499,6315,6329,6501,6318,6337,6822,6547,6523,6688,6218,6561,6799,6401,6796,6534,0.023483719020984315,0.01121128399417901,0.010584147177642925,0.025050288377599858,0.020911333937737368,0.01188945701962405,0.02790896804390276,0.017992291178051772,0.023075689818787787,0.024427026308189805,0.011750287002270743,0.025655313786411695,0.023291046772941183,0.021653610363892895,0.017992291178051772,0.02617598708756344,0.020737795234371026,0.01188945701962405,0.02398380160332837,0.022893302727398306,0.024427026308189805,0.028523494335844085,0.025593123929964254,0.015647608665402324,0.5054467872072682,0.14691718143945987,0.17230795644271568,0.2878864005948024,0.40773255943814113,0.22035250544665133,0.3631735213851948,0.43593524262470595,0.4528104000881273,0.4193494307354614,0.24038455139634693,0.42128182598291525,0.34260860897232687,0.39735477239241623,0.43593524262470595,0.3657173378428927,0.37715407089277747,0.22035250544665133,0.3338883851352942,0.4221134538739349,0.4193494307354614,0.3401645844916713,0.4633262216066625,0.41962541271039394
285,24,0.020298361086484435,0.010507233860801116,0.028523494335844085,0.34893496672304175,0.13467408298617153,0.5054467872072682,0,False,3,0,25,0,0,0,0,6756,6455,6340,6422,6740,6336,6822,6378,6548,6499,6315,6329,6501,6318,6337,6523,6547,6850,6561,6688,6218,6799,6401,6534,0.023483719020984315,0.011050941514703478,0.010507233860801116,0.02568647611786812,0.011962964571290511,0.020911333937737368,0.017992291178051772,0.02790896804390276,0.019230356055020145,0.023075689818787787,0.024427026308189805,0.0121960850859133,0.027308365357907274,0.023291046772941183,0.021653610363892895,0.020737795234371026,0.02617598708756344,0.0121960850859133,0.022893302727398306,0.01188945701962405,0.02398380160332837,0.024427026308189805,0.028523494335844085,0.015647608665402324,0.5054467872072682,0.13467408298617153,0.15794896007248937,0.2638958672119022,0.20198979665943037,0.40773255943814113,0.43593524262470595,0.3631735213851948,0.3996073057393138,0.4528104000881273,0.4193494307354614,0.3036858387799847,0.3861750071510056,0.34260860897232687,0.39735477239241623,0.37715407089277747,0.3657173378428927,0.3036858387799847,0.4221134538739349,0.22035250544665133,0.3338883851352942,0.4193494307354614,0.3401645844916713,0.41962541271039394
286,24,0.020181417603638632,0.010389012291834018,0.028523494335844085,0.3427110833839874,0.1234512427373239,0.5054467872072682,0,False,3,0,25,0,0,0,0,6756,6455,6340,6422,6740,6336,6822,6378,6548,6499,6315,6329,6501,6318,6337,6523,6547,6850,6868,6561,6688,6218,6799,6401,0.023483719020984315,0.010855602289638295,0.010389012291834018,0.026162428487463096,0.01228401526058214,0.020911333937737368,0.017992291178051772,0.02790896804390276,0.019230356055020145,0.023075689818787787,0.024427026308189805,0.0121960850859133,0.027308365357907274,0.023291046772941183,0.021653610363892895,0.020737795234371026,0.02617598708756344,0.0121960850859133,0.01228401526058214,0.022893302727398306,0.011962964571290511,0.02398380160332837,0.024427026308189805,0.028523494335844085,0.5054467872072682,0.1234512427373239,0.14478654673311525,0.24190454494424368,0.26849064693781116,0.40773255943814113,0.43593524262470595,0.3631735213851948,0.3996073057393138,0.4528104000881273,0.4193494307354614,0.3036858387799847,0.3861750071510056,0.34260860897232687,0.39735477239241623,0.37715407089277747,0.3657173378428927,0.3036858387799847,0.26849064693781116,0.4221134538739349,0.20198979665943037,0.3338883851352942,0.4193494307354614,0.3401645844916713
287,24,0.019764250862450972,0.010389012291834018,0.02790896804390276,0.3362730283005353,0.11316363917588024,0.4633262216066625,0,False,3,0,25,0,0,0,0,6756,6455,6340,6422,6740,6336,6906,6378,6548,6822,6499,6315,6329,6501,6318,6337,6523,6547,6850,6868,6561,6688,6218,6799,0.025593123929964254,0.010630247868077468,0.010389012291834018,0.026162428487463096,0.012527741819062032,0.022174403313383807,0.012850831195020045,0.02790896804390276,0.019230356055020145,0.017992291178051772,0.023075689818787787,0.024427026308189805,0.012561286749563388,0.027308365357907274,0.02425143051685416,0.021653610363892895,0.020737795234371026,0.02617598708756344,0.012561286749563388,0.012850831195020045,0.022893302727398306,0.011975176496414247,0.02398380160332837,0.024427026308189805,0.4633262216066625,0.11316363917588024,0.14478654673311525,0.24190454494424368,0.24611642635966022,0.37375484615162935,0.32944975969299356,0.3631735213851948,0.3996073057393138,0.43593524262470595,0.4528104000881273,0.4193494307354614,0.2783786855483193,0.3861750071510056,0.31405789155796626,0.39735477239241623,0.37715407089277747,0.3657173378428927,0.2783786855483193,0.32944975969299356,0.4221134538739349,0.18515731360447782,0.3338883851352942,0.4193494307354614
288,24,0.019342988232471065,0.010234320437234132,0.02790896804390276,0.3294972831280467,0.10373333591122355,0.4633262216066625,0,False,3,0,25,0,0,0,0,6756,6455,6340,6422,6740,6336,6906,6378,6548,6822,6499,6315,6329,6501,6318,6337,6523,6547,6850,6868,6561,6688,6916,6218,0.025593123929964254,0.010379619825551424,0.010234320437234132,0.026162428487463096,0.01302392858712401,0.022174403313383807,0.01333149625999038,0.02790896804390276,0.019230356055020145,0.017992291178051772,0.023075689818787787,0.024427026308189805,0.012846043385804626,0.027308365357907274,0.02425143051685416,0.021653610363892895,0.020737795234371026,0.02617598708756344,0.012561286749563388,0.01333149625999038,0.022893302727398306,0.011931017460844358,0.01302392858712401,0.02398380160332837,0.4633262216066625,0.10373333591122355,0.13272100117202232,0.24190454494424368,0.3089400574963552,0.37375484615162935,0.30199561305191075,0.3631735213851948,0.3996073057393138,0.43593524262470595,0.4528104000881273,0.4193494307354614,0.255180461752626,0.3861750071510056,0.31405789155796626,0.39735477239241623,0.37715407089277747,0.3657173378428927,0.2783786855483193,0.30199561305191075,0.4221134538739349,0.16972753747077132,0.3089400574963552,0.3338883851352942
289,24,0.01943321536586137,0.010047917857594514,0.02790896804390276,0.32967006402605775,0.09508889125195492,0.4528104000881273,0,False,3,0,25,0,0,0,0,6756,6455,6340,6422,6740,6336,6906,6378,6548,6822,6499,6315,6329,6501,6318,6944,6337,6523,6547,6850,6868,6561,6688,6916,0.027564877444903824,0.010108166230557667,0.010047917857594514,0.026162428487463096,0.013433674704053837,0.023291046772941183,0.013724198026562311,0.02790896804390276,0.020870246426749547,0.017992291178051772,0.023075689818787787,0.024427026308189805,0.013052170708655952,0.027308365357907274,0.02425143051685416,0.020870246426749547,0.021653610363892895,0.020737795234371026,0.02617598708756344,0.012561286749563388,0.01333149625999038,0.022893302727398306,0.011931017460844358,0.01302392858712401,0.42471570313944057,0.09508889125195492,0.12166091774102045,0.24190454494424368,0.2831950527049923,0.34260860897232687,0.27682931196425153,0.3631735213851948,0.4496400302610376,0.43593524262470595,0.4528104000881273,0.4193494307354614,0.23391542327324047,0.3861750071510056,0.31405789155796626,0.4496400302610376,0.39735477239241623,0.37715407089277747,0.3657173378428927,0.2783786855483193,0.30199561305191075,0.4221134538739349,0.16972753747077132,0.3089400574963552
290,24,0.01996306458374421,0.009820006392736344,0.02790896804390276,0.33745143306237085,0.08716481698095868,0.48294063907264717,0,False,3,0,25,0,0,0,0,6756,6455,6340,6422,6740,6336,6906,6378,6548,6822,6499,6969,6315,6329,6501,6318,6944,6337,6523,6547,6850,6868,6561,6916,0.027564877444903824,0.009820006392736344,0.009834397616462412,0.026162428487463096,0.013756753582162237,0.02425143051685416,0.014029227587435206,0.02790896804390276,0.020870246426749547,0.019726305271327675,0.023075689818787787,0.019726305271327675,0.025986866313511714,0.01318285180789228,0.027308365357907274,0.02425143051685416,0.020870246426749547,0.021653610363892895,0.020737795234371026,0.02617598708756344,0.012561286749563388,0.01333149625999038,0.022893302727398306,0.013433674704053837,0.42471570313944057,0.08716481698095868,0.11152250792926874,0.24190454494424368,0.25959546497957625,0.31405789155796626,0.2537602026338972,0.3631735213851948,0.4496400302610376,0.48294063907264717,0.4528104000881273,0.48294063907264717,0.3844036448408396,0.21442247133380377,0.3861750071510056,0.31405789155796626,0.4496400302610376,0.39735477239241623,0.37715407089277747,0.3657173378428927,0.2783786855483193,0.30199561305191075,0.4221134538739349,0.2831950527049923
291,24,0.0202955605823706,0.009518910865491066,0.02790896804390276,0.32789739112765115,0.07990108223254545,0.48294063907264717,0,False,4,0,25,0,0,0,0,6756,6455,6997,6340,6422,6740,6336,6906,6378,6548,6822,6499,6969,6315,6329,6501,6318,6944,6337,6523,6547,6850,6868,6561,0.027564877444903824,0.009518910865491066,0.013583861488801217,0.009598120267439884,0.026162428487463096,0.013994789536774473,0.025050288377599858,0.014248670950640993,0.02790896804390276,0.020870246426749547,0.019726305271327675,0.023075689818787787,0.019726305271327675,0.027377029613926167,0.013583861488801217,0.027308365357907274,0.025050288377599858,0.022392135757785824,0.021653610363892895,0.021802843522954668,0.027432313103051404,0.012846043385804626,0.013724198026562311,0.022893302727398306,0.42471570313944057,0.07990108223254545,0.27988726538932013,0.10222896560182967,0.24190454494424368,0.23796250956461154,0.2878864005948024,0.23261351908107242,0.3631735213851948,0.4496400302610376,0.48294063907264717,0.4528104000881273,0.48294063907264717,0.3523700077707696,0.27988726538932013,0.3861750071510056,0.2878864005948024,0.41217002773928446,0.39735477239241623,0.345724564985046,0.3352408930226516,0.255180461752626,0.27682931196425153,0.4221134538739349
292,24,0.020423242566557896,0.00920829384735949,0.029227636877226626,0.31769996886446145,0.07324265871316667,0.48294063907264717,0,False,4,0,25,0,0,0,0,6756,6455,6997,6340,6422,6740,6336,6906,6378,6548,6822,6499,6969,7011,6315,6329,6501,6318,6944,6337,6523,6547,6868,6561,0.027564877444903824,0.00920829384735949,0.013583861488801217,0.009584126661775046,0.02648356812642113,0.014150940171310616,0.025050288377599858,0.014386084767944365,0.029227636877226626,0.020870246426749547,0.019726305271327675,0.024780398508666823,0.019726305271327675,0.009584126661775046,0.027377029613926167,0.01389767037424204,0.028783499301006883,0.025050288377599858,0.022392135757785824,0.021653610363892895,0.022721684487861934,0.027432313103051404,0.014029227587435206,0.022893302727398306,0.42471570313944057,0.07324265871316667,0.27988726538932013,0.17704321846834387,0.2217458328655567,0.21813230043422724,0.2878864005948024,0.2132290591576497,0.3329090612697619,0.4496400302610376,0.48294063907264717,0.41507620008078333,0.48294063907264717,0.17704321846834387,0.3523700077707696,0.25656332660687675,0.35399375655508847,0.2878864005948024,0.41217002773928446,0.39735477239241623,0.3169141845696255,0.3352408930226516,0.2537602026338972,0.4221134538739349
293,24,0.020475661073362347,0.008891215383205904,0.029227636877226626,0.3115771981546364,0.06713910382040278,0.48294063907264717,0,False,4,0,25,0,0,0,0,6756,6455,6997,6340,6422,6740,6336,6906,6378,6548,6822,6499,6969,7011,6315,6329,6501,6318,6944,6337,6523,6547,6868,6561,0.027564877444903824,0.008891215383205904,0.01389767037424204,0.009584126661775046,0.026657706402514934,0.014150940171310616,0.025050288377599858,0.014446175789108015,0.029227636877226626,0.020870246426749547,0.019726305271327675,0.024780398508666823,0.019726305271327675,0.00952710787510615,0.027377029613926167,0.014126142502199086,0.028783499301006883,0.02568647611786812,0.022392135757785824,0.021653610363892895,0.022721684487861934,0.027432313103051404,0.014248670950640993,0.022893302727398306,0.42471570313944057,0.06713910382040278,0.25656332660687675,0.17704321846834387,0.20326701346009365,0.21813230043422724,0.2878864005948024,0.19545997089451222,0.3329090612697619,0.4496400302610376,0.48294063907264717,0.41507620008078333,0.48294063907264717,0.1622896169293152,0.3523700077707696,0.23518304938963702,0.35399375655508847,0.2638958672119022,0.41217002773928446,0.39735477239241623,0.3169141845696255,0.3352408930226516,0.23261351908107242,0.4221134538739349
294,24,0.02049874318243673,0.008570391068229268,0.029369201958413648,0.310037533002685,0.061544178502035876,0.44269558581659324,0,False,4,0,25,0,0,0,0,6756,6455,6997,6340,6422,6740,6336,7076,6378,6548,6906,7059,6499,6969,7011,6315,6329,6822,6501,6318,6944,6337,6523,6561,0.029369201958413648,0.008570391068229268,0.01389767037424204,0.009772811161660885,0.026657706402514934,0.014150940171310616,0.025050288377599858,0.02409471339640987,0.029227636877226626,0.022392135757785824,0.014446175789108015,0.009772811161660885,0.024780398508666823,0.02136310947361616,0.009431373703165465,0.027377029613926167,0.014272643075371435,0.02136310947361616,0.028783499301006883,0.026162428487463096,0.022392135757785824,0.021653610363892895,0.02409471339640987,0.022893302727398306,0.3893227278778205,0.061544178502035876,0.25656332660687675,0.24562295026264855,0.20326701346009365,0.21813230043422724,0.2878864005948024,0.3738380025221567,0.3329090612697619,0.41217002773928446,0.19545997089451222,0.24562295026264855,0.41507620008078333,0.44269558581659324,0.1487654821852056,0.3523700077707696,0.2155844619405006,0.44269558581659324,0.35399375655508847,0.24190454494424368,0.41217002773928446,0.39735477239241623,0.3738380025221567,0.4221134538739349
295,24,0.020613373367238615,0.008248207275224573,0.029369201958413648,0.3038194031179969,0.056415496960199554,0.44269558581659324,0,False,4,0,25,0,0,0,0,6756,6455,6997,6340,6422,6740,6336,7076,6378,6548,6906,7059,6499,6969,7011,6315,6329,6822,6501,6318,6944,6337,6523,6561,0.029369201958413648,0.008248207275224573,0.014126142502199086,0.009903079526964854,0.026657706402514934,0.014150940171310616,0.025050288377599858,0.0253086479888733,0.029227636877226626,0.02377417793764342,0.014434498386471904,0.009903079526964854,0.024780398508666823,0.02136310947361616,0.009431373703165465,0.027377029613926167,0.014272643075371435,0.02136310947361616,0.028783499301006883,0.026162428487463096,0.022392135757785824,0.021653610363892895,0.02409471339640987,0.022893302727398306,0.3893227278778205,0.056415496960199554,0.23518304938963702,0.2251543710740945,0.20326701346009365,0.21813230043422724,0.2878864005948024,0.3426848356453103,0.3329090612697619,0.3778225254276774,0.1791716399866362,0.2251543710740945,0.41507620008078333,0.44269558581659324,0.1487654821852056,0.3523700077707696,0.2155844619405006,0.44269558581659324,0.35399375655508847,0.24190454494424368,0.41217002773928446,0.39735477239241623,0.3738380025221567,0.4221134538739349
296,24,0.020629937673762564,0.007926740237704073,0.029369201958413648,0.29913828887448624,0.05171420554684959,0.44269558581659324,0,False,4,0,25,0,0,0,0,6756,6455,6997,6340,6422,6740,6336,7076,6378,6548,6906,7059,6499,6969,7011,6315,6329,6822,6501,6318,6944,6337,6523,6561,0.029369201958413648,0.007926740237704073,0.014272643075371435,0.009977716814743246,0.026657706402514934,0.014150940171310616,0.02568647611786812,0.0253086479888733,0.029227636877226626,0.02377417793764342,0.014357179867941125,0.009903079526964854,0.024780398508666823,0.02136310947361616,0.00930130128782112,0.027377029613926167,0.01434171880212282,0.02136310947361616,0.028783499301006883,0.026162428487463096,0.022392135757785824,0.021653610363892895,0.02409471339640987,0.022893302727398306,0.3893227278778205,0.05171420554684959,0.2155844619405006,0.20639150681791996,0.20326701346009365,0.21813230043422724,0.2638958672119022,0.3426848356453103,0.3329090612697619,0.3778225254276774,0.16424066998774986,0.2251543710740945,0.41507620008078333,0.44269558581659324,0.1363683586697718,0.3523700077707696,0.19761909011212553,0.44269558581659324,0.35399375655508847,0.24190454494424368,0.41217002773928446,0.39735477239241623,0.3738380025221567,0.4221134538739349
297,24,0.020340039341675827,0.007607777614700137,0.030982961659335177,0.28807827530463914,0.047404688417945456,0.44269558581659324,0,False,4,0,25,0,0,0,0,6756,6455,6997,6340,6422,6740,6336,7076,7131,6378,6548,6906,7059,6499,6969,7011,6315,6329,6822,6501,6318,6944,6337,6523,0.030982961659335177,0.007607777614700137,0.014272643075371435,0.01025812862326651,0.026657706402514934,0.014229577929996896,0.02568647611786812,0.0253086479888733,0.01025812862326651,0.03035024337948206,0.02377417793764342,0.014357179867941125,0.009903079526964854,0.026331269080740554,0.02287639920927834,0.00914122612090418,0.027377029613926167,0.014338794647971422,0.02136310947361616,0.028783499301006883,0.026162428487463096,0.022392135757785824,0.021653610363892895,0.02409471339640987,0.35687916722133545,0.047404688417945456,0.2155844619405006,0.27252554791642664,0.20326701346009365,0.19995460873137497,0.2638958672119022,0.3426848356453103,0.27252554791642664,0.30516663949728173,0.3778225254276774,0.16424066998774986,0.2251543710740945,0.38048651674071804,0.40580428699854376,0.12500432878062415,0.3523700077707696,0.18115083260278173,0.44269558581659324,0.35399375655508847,0.24190454494424368,0.41217002773928446,0.39735477239241623,0.3738380025221567
298,24,0.020446133023096294,0.007292841429175134,0.031272024009087886,0.28165382945031625,0.04345429771645,0.41217002773928446,0,False,4,0,25,0,0,0,0,6756,6455,6997,6340,6422,6740,6336,7076,7131,6378,6548,6906,7059,6499,6969,7011,6315,6329,6822,6501,6318,6944,6337,6523,0.030982961659335177,0.007292841429175134,0.01434171880212282,0.01047348954701047,0.026657706402514934,0.014235986228702705,0.02568647611786812,0.0253086479888733,0.01025812862326651,0.031272024009087886,0.02377417793764342,0.014357179867941125,0.009903079526964854,0.026331269080740554,0.02287639920927834,0.008955355707093117,0.027377029613926167,0.014338794647971422,0.02287639920927834,0.028783499301006883,0.02648356812642113,0.022392135757785824,0.021653610363892895,0.02409471339640987,0.35687916722133545,0.04345429771645,0.19761909011212553,0.24981508559005774,0.20326701346009365,0.18329172467042704,0.2638958672119022,0.3426848356453103,0.27252554791642664,0.27973608620584156,0.3778225254276774,0.16424066998774986,0.2251543710740945,0.38048651674071804,0.40580428699854376,0.1145873013822388,0.3523700077707696,0.18115083260278173,0.40580428699854376,0.35399375655508847,0.2217458328655567,0.41217002773928446,0.39735477239241623,0.3738380025221567
299,24,0.020467235021712632,0.006983211506910433,0.03199310293577992,0.27628184177675724,0.039833106240079165,0.41217002773928446,0,False,4,0,25,0,0,0,0,6756,6455,6997,6340,6422,6740,6336,7076,7131,6378,6548,6906,7059,6499,6969,7011,6315,6329,6822,6501,6318,6944,6337,6523,0.030982961659335177,0.006983211506910433,0.014338794647971422,0.010625566795618208,0.026657706402514934,0.014235986228702705,0.02568647611786812,0.0253086479888733,0.01047348954701047,0.03199310293577992,0.02377417793764342,0.014220679326137041,0.009977716814743246,0.026331269080740554,0.02287639920927834,0.008747703905283325,0.027377029613926167,0.014338794647971422,0.02287639920927834,0.028783499301006883,0.02648356812642113,0.022392135757785824,0.021653610363892895,0.02409471339640987,0.35687916722133545,0.039833106240079165,0.18115083260278173,0.22899716179088625,0.20326701346009365,0.18329172467042704,0.2638958672119022,0.3426848356453103,0.24981508559005774,0.25642474568868806,0.3778225254276774,0.1505539474887707,0.20639150681791996,0.38048651674071804,0.40580428699854376,0.10503835960038556,0.3523700077707696,0.18115083260278173,0.40580428699854376,0.35399375655508847,0.2217458328655567,0.41217002773928446,0.39735477239241623,0.3738380025221567
300,24,0.01947130864283062,0.006852224044740461,0.03199310293577992,0.2587184378669746,0.10503835960038556,0.40580428699854376,0,False,4,0,25,0,0,0,0,6756,6455,6997,6340,6422,6740,6336,7076,7131,6378,6548,6906,7059,6499,6969,7011,6315,6329,6822,7201,6318,7212,6501,6523,0.030982961659335177,0.006852224044740461,0.014269897195241008,0.010625566795618208,0.026657706402514934,0.014235986228702705,0.026162428487463096,0.0253086479888733,0.010625566795618208,0.03199310293577992,0.02377417793764342,0.014031582555743107,0.01025812862326651,0.026331269080740554,0.02287639920927834,0.008747703905283325,0.027377029613926167,0.014269897195241008,0.02424506268861705,0.006852224044740461,0.02648356812642113,0.01025812862326651,0.028783499301006883,0.0253086479888733,0.35687916722133545,0.1198470140534059,0.16605492988588325,0.22899716179088625,0.20326701346009365,0.18329172467042704,0.24190454494424368,0.3426848356453103,0.22899716179088625,0.25642474568868806,0.3778225254276774,0.1380077851980398,0.27252554791642664,0.38048651674071804,0.40580428699854376,0.10503835960038556,0.3523700077707696,0.16605492988588325,0.3719872630819984,0.1198470140534059,0.2217458328655567,0.27252554791642664,0.35399375655508847,0.3426848356453103
301,24,0.01870745883145363,0.006703206426026579,0.03199310293577992,0.2552694541806071,0.0962851629670201,0.40580428699854376,0,False,4,0,25,0,0,0,0,7232,6455,6997,6340,6756,6740,6422,6336,7076,7131,6378,6548,6906,7059,6499,6969,7011,6315,6329,6822,7201,6318,7212,6523,0.010993573502297451,0.006703206426026579,0.014269897195241008,0.010625566795618208,0.030982961659335177,0.014176080877651875,0.026694466823873674,0.026162428487463096,0.0253086479888733,0.010993573502297451,0.03199310293577992,0.02377417793764342,0.013796433111014656,0.01025812862326651,0.026331269080740554,0.02287639920927834,0.008522043555523957,0.027377029613926167,0.014141410775831283,0.02424506268861705,0.006703206426026579,0.02648356812642113,0.01025812862326651,0.0253086479888733,0.29324739830831237,0.10985976288228874,0.16605492988588325,0.22899716179088625,0.35687916722133545,0.16801741428122477,0.1863280956717525,0.24190454494424368,0.3426848356453103,0.29324739830831237,0.25642474568868806,0.3778225254276774,0.12650713643153647,0.27252554791642664,0.38048651674071804,0.40580428699854376,0.0962851629670201,0.3523700077707696,0.15221701906205964,0.3719872630819984,0.10985976288228874,0.2217458328655567,0.27252554791642664,0.3426848356453103
302,24,0.018804251516681154,0.006539111717413159,0.03199310293577992,0.2452835331179886,0.08826139938643508,0.40580428699854376,0,False,4,0,25,0,0,0,0,7232,6455,6997,6340,6756,6740,6422,6336,7076,7131,6378,6548,6906,7059,6499,6969,7011,6315,6329,6822,7201,6318,7212,6523,0.011289710588549995,0.006539111717413159,0.014141410775831283,0.01071717840002716,0.030982961659335177,0.014176080877651875,0.02660475269849017,0.026162428487463096,0.0253086479888733,0.011289710588549995,0.03199310293577992,0.024999848533997723,0.01352159780948183,0.01047348954701047,0.026331269080740554,0.02287639920927834,0.008281874828953763,0.027377029613926167,0.014141410775831283,0.02424506268861705,0.006539111717413159,0.02648356812642113,0.01047348954701047,0.026352788203700635,0.268810115115953,0.100704782642098,0.15221701906205964,0.20991406497497905,0.35687916722133545,0.16801741428122477,0.17080075436577313,0.24190454494424368,0.3426848356453103,0.268810115115953,0.25642474568868806,0.34633731497537096,0.11596487506224175,0.24981508559005774,0.38048651674071804,0.40580428699854376,0.08826139938643508,0.3523700077707696,0.15221701906205964,0.3719872630819984,0.100704782642098,0.2217458328655567,0.24981508559005774,0.31412776600820114
303,24,0.018026773066406498,0.0063626976187770475,0.03199310293577992,0.23660051684603456,0.08826139938643508,0.40580428699854376,0,False,4,0,25,0,0,0,0,7232,6455,6997,6340,6756,6740,6422,6336,7076,7131,6378,6548,6906,7292,7059,6499,6969,7011,6315,6329,6822,7201,6318,7212,0.01151473949616266,0.0063626976187770475,0.014141410775831283,0.010751956426410006,0.030982961659335177,0.014176080877651875,0.02660475269849017,0.026162428487463096,0.0253086479888733,0.01151473949616266,0.03199310293577992,0.024999848533997723,0.013213163820082299,0.006526791039023964,0.010625566795618208,0.026331269080740554,0.02287639920927834,0.008281874828953763,0.027377029613926167,0.013959869252508271,0.02545337424623385,0.006526791039023964,0.02648356812642113,0.01047348954701047,0.24640927218962355,0.09231271742192317,0.15221701906205964,0.19242122622706412,0.35687916722133545,0.16801741428122477,0.17080075436577313,0.24190454494424368,0.3426848356453103,0.24640927218962355,0.25642474568868806,0.34633731497537096,0.1063011354737216,0.17564605075525652,0.22899716179088625,0.38048651674071804,0.40580428699854376,0.08826139938643508,0.3523700077707696,0.13953226747355466,0.34098832449183186,0.17564605075525652,0.2217458328655567,0.24981508559005774
304,24,0.018012506842651987,0.006176507573144978,0.03199310293577992,0.2288713802765485,0.08461999097009623,0.40580428699854376,0,False,4,0,25,0,0,0,0,7232,6455,6997,6340,6756,6740,6422,6336,7076,7131,6378,6548,6906,7292,7059,6499,6969,7011,6315,6329,6822,7201,6318,7212,0.011670797322217815,0.006176507573144978,0.013959869252508271,0.010751956426410006,0.030982961659335177,0.014176080877651875,0.026400272795312252,0.02648356812642113,0.0253086479888733,0.011670797322217815,0.03199310293577992,0.024999848533997723,0.012876863794769702,0.00648542276245782,0.01071717840002716,0.026331269080740554,0.02287639920927834,0.008281874828953763,0.027377029613926167,0.013731783788892948,0.02545337424623385,0.00648542276245782,0.02648356812642113,0.010625566795618208,0.22587516617382158,0.08461999097009623,0.13953226747355466,0.19242122622706412,0.35687916722133545,0.16801741428122477,0.15656735816862535,0.2217458328655567,0.3426848356453103,0.22587516617382158,0.25642474568868806,0.34633731497537096,0.09744270751757812,0.16100887985898513,0.20991406497497905,0.38048651674071804,0.40580428699854376,0.08826139938643508,0.3523700077707696,0.1279045785174251,0.34098832449183186,0.16100887985898513,0.2217458328655567,0.22899716179088625
305,24,0.017977419714276834,0.005982860937603789,0.03199310293577992,0.22392295782928118,0.07756832505592154,0.40580428699854376,0,False,4,0,25,0,0,0,0,7232,6455,6997,6340,6756,6740,6422,6336,7076,7131,6378,6548,6906,7292,7059,6499,6969,7011,6315,6329,6822,7201,6318,7212,0.011670797322217815,0.005982860937603789,0.013959869252508271,0.010751956426410006,0.030982961659335177,0.014056163413543252,0.026400272795312252,0.02648356812642113,0.0253086479888733,0.011761131710056615,0.03199310293577992,0.024999848533997723,0.012518025203160187,0.006417950599618068,0.010751956426410006,0.026331269080740554,0.02287639920927834,0.008030406746258288,0.027377029613926167,0.013731783788892948,0.02545337424623385,0.006417950599618068,0.02648356812642113,0.01071717840002716,0.22587516617382158,0.07756832505592154,0.13953226747355466,0.19242122622706412,0.35687916722133545,0.1540159630911227,0.15656735816862535,0.2217458328655567,0.3426848356453103,0.20705223565933645,0.25642474568868806,0.34633731497537096,0.08932248189111328,0.1475914732040697,0.19242122622706412,0.38048651674071804,0.40580428699854376,0.08090628277089883,0.3523700077707696,0.1279045785174251,0.34098832449183186,0.1475914732040697,0.2217458328655567,0.20991406497497905
306,24,0.018023884996482276,0.005783850451250183,0.032517794500161255,0.21414546851928032,0.07110429796792807,0.38048651674071804,0,False,4,0,25,0,0,0,0,7232,6455,6997,6340,6756,6740,6422,6336,7076,7131,6378,6548,6906,7292,7059,6499,6969,7011,6315,6329,6822,7201,6318,7212,0.011761131710056615,0.005783850451250183,0.013731783788892948,0.010734125180454775,0.030982961659335177,0.014056163413543252,0.026400272795312252,0.026657706402514934,0.0253086479888733,0.011789843183098649,0.032517794500161255,0.024999848533997723,0.012141540010499904,0.006327356714614313,0.010734125180454775,0.026331269080740554,0.02424506268861705,0.0077705494405647295,0.027377029613926167,0.013731783788892948,0.02545337424623385,0.006327356714614313,0.026657706402514934,0.010751956426410006,0.20705223565933645,0.07110429796792807,0.1279045785174251,0.17638612404147544,0.35687916722133545,0.1540159630911227,0.15656735816862535,0.20326701346009365,0.3426848356453103,0.18979788268772507,0.23505601688129737,0.34633731497537096,0.0818789417335205,0.13529218377039723,0.17638612404147544,0.38048651674071804,0.3719872630819984,0.0741640925399906,0.3523700077707696,0.1279045785174251,0.34098832449183186,0.13529218377039723,0.20326701346009365,0.19242122622706412
307,24,0.01849553596750854,0.0055813454116887765,0.032517794500161255,0.22653700204242858,0.06517893980393406,0.40633917378987217,0,False,5,0,25,0,0,0,0,7232,6455,6997,7373,7386,6756,6340,6422,6740,6336,7076,7131,6378,6548,6906,7292,7059,6499,6969,7011,6315,6329,6822,7212,0.011789843183098649,0.0055813454116887765,0.013731783788892948,0.014240743468960301,0.029321116701427,0.030982961659335177,0.010668301062061044,0.026400272795312252,0.014240743468960301,0.026657706402514934,0.0253086479888733,0.011761645299399897,0.032517794500161255,0.024999848533997723,0.011751851014611212,0.006216588920573668,0.010668301062061044,0.026331269080740554,0.02424506268861705,0.007504914948318673,0.029321116701427,0.013463505112483558,0.02545337424623385,0.010734125180454775,0.18979788268772507,0.06517893980393406,0.1279045785174251,0.22451463283352915,0.40633917378987217,0.35687916722133545,0.1616872803713525,0.15656735816862535,0.22451463283352915,0.20326701346009365,0.3426848356453103,0.17398139246374797,0.23505601688129737,0.34633731497537096,0.07505569658906046,0.12401783512286411,0.1616872803713525,0.38048651674071804,0.3719872630819984,0.06798375149499138,0.40633917378987217,0.117245863640973,0.34098832449183186,0.17638612404147544
308,24,0.018262756853700414,0.005376999168635209,0.032517794500161255,0.22637865445204408,0.05974736148693956,0.40633917378987217,0,False,5,0,25,0,0,0,0,7232,6455,6997,7373,7386,6756,7407,6340,6422,6740,6336,7076,7131,6378,6548,6906,7292,7059,6499,6969,7011,6315,6329,6822,0.011761645299399897,0.005376999168635209,0.013731783788892948,0.014345502013726877,0.029321116701427,0.030982961659335177,0.006245525177037983,0.010559317874300481,0.026400272795312252,0.014240743468960301,0.026657706402514934,0.0253086479888733,0.01168164939573658,0.032517794500161255,0.024999848533997723,0.011352951457514537,0.006245525177037983,0.010559317874300481,0.026331269080740554,0.02424506268861705,0.007504914948318673,0.029321116701427,0.013161117546307876,0.02545337424623385,0.17398139246374797,0.05974736148693956,0.1279045785174251,0.20580508009740173,0.40633917378987217,0.35687916722133545,0.19701634886262542,0.14821334034040645,0.15656735816862535,0.22451463283352915,0.20326701346009365,0.3426848356453103,0.15948294309176897,0.23505601688129737,0.34633731497537096,0.06880105520663875,0.19701634886262542,0.14821334034040645,0.38048651674071804,0.3719872630819984,0.06798375149499138,0.40633917378987217,0.10747537500422524,0.34098832449183186
309,24,0.018247549159370696,0.005172259745018062,0.03285386375736332,0.21964515280502164,0.05476841469636126,0.40633917378987217,0,False,5,0,25,0,0,0,0,7232,6455,6997,7373,7386,6756,7407,6340,6422,6740,6336,7076,7131,6378,6548,6906,7292,7059,6499,6969,7011,6315,6329,6822,0.01168164939573658,0.005172259745018062,0.013463505112483558,0.014345502013726877,0.029321116701427,0.030982961659335177,0.006243197681139301,0.010412079100472022,0.026093132183319687,0.014345502013726877,0.026657706402514934,0.0253086479888733,0.01168164939573658,0.03285386375736332,0.024999848533997723,0.010948394897369644,0.006245525177037983,0.010559317874300481,0.026331269080740554,0.02545337424623385,0.007235824561500269,0.029321116701427,0.01283036135518207,0.02545337424623385,0.15948294309176897,0.05476841469636126,0.117245863640973,0.20580508009740173,0.40633917378987217,0.35687916722133545,0.18059831979073995,0.13586222864537256,0.1435200783212399,0.20580508009740173,0.20326701346009365,0.3426848356453103,0.15948294309176897,0.21546801547452257,0.34633731497537096,0.06306763393941885,0.19701634886262542,0.14821334034040645,0.38048651674071804,0.34098832449183186,0.062318438870408756,0.40633917378987217,0.09851909375387313,0.34098832449183186
310,24,0.017365998996442738,0.004968382591042394,0.03285386375736332,0.22281529331279895,0.05020438013833115,0.40633917378987217,0,False,2,0,25,0,0,0,0,7232,7440,6756,6455,6997,7373,7386,6422,7407,6340,6740,6336,7076,7131,6378,6548,7446,6499,6969,7011,6315,6906,7292,7059,0.01185318468461354,0.01185318468461354,0.030982961659335177,0.004968382591042394,0.013161117546307876,0.014375499982174992,0.029321116701427,0.026093132183319687,0.006372450943231506,0.010412079100472022,0.014375499982174992,0.026657706402514934,0.0253086479888733,0.011555177654192743,0.03285386375736332,0.024999848533997723,0.006372450943231506,0.026331269080740554,0.02545337424623385,0.006965321040471602,0.029321116701427,0.010541312725255126,0.006243197681139301,0.010412079100472022,0.2295260311674549,0.2295260311674549,0.35687916722133545,0.05020438013833115,0.10747537500422524,0.18865465675595158,0.40633917378987217,0.1435200783212399,0.24888179314151163,0.13586222864537256,0.18865465675595158,0.20326701346009365,0.3426848356453103,0.14619269783412156,0.21546801547452257,0.34633731497537096,0.24888179314151163,0.38048651674071804,0.34098832449183186,0.05712523563120803,0.40633917378987217,0.057811997777800606,0.18059831979073995,0.13586222864537256
311,24,0.017662642805018062,0.004766444657589709,0.033011790836226754,0.2237327257188333,0.04602068179347022,0.40633917378987217,0,False,2,0,25,0,0,0,0,7232,7440,6756,7468,6455,6997,7373,7386,6422,7407,6340,6740,6336,7076,7131,6378,6548,7446,6499,6969,6315,6906,7292,7059,0.01185318468461354,0.011957151685969416,0.030982961659335177,0.01316125526275399,0.004766444657589709,0.01316125526275399,0.01433652653617805,0.029321116701427,0.026093132183319687,0.006463290478914594,0.010412079100472022,0.01433652653617805,0.026657706402514934,0.0253086479888733,0.011555177654192743,0.033011790836226754,0.024999848533997723,0.006463290478914594,0.027709437821823623,0.02545337424623385,0.029321116701427,0.010134437109898062,0.006212237866946636,0.010231436929879023,0.2295260311674549,0.21039886190350032,0.35687916722133545,0.18185242708720648,0.04602068179347022,0.18185242708720648,0.17293343535962227,0.40633917378987217,0.1435200783212399,0.22814164371305232,0.13586222864537256,0.17293343535962227,0.20326701346009365,0.3426848356453103,0.14619269783412156,0.19751234751831234,0.34633731497537096,0.22814164371305232,0.34877930701232485,0.34098832449183186,0.40633917378987217,0.05299433129631722,0.16554845980817828,0.12454037625825817
312,24,0.01771858733835857,0.004567359137882777,0.033011790836226754,0.21548931580909947,0.0421856249773477,0.40633917378987217,0,False,2,0,25,0,0,0,0,7232,7440,6756,7468,6455,6997,7373,7386,6422,7407,6340,6740,6336,7076,7131,6378,6548,7446,6499,6969,6315,6906,7292,7059,0.011957151685969416,0.011997582533674224,0.030982961659335177,0.013100590011944958,0.004567359137882777,0.013100590011944958,0.014234838886013049,0.029321116701427,0.0256954902598877,0.006463290478914594,0.010412079100472022,0.01433652653617805,0.026657706402514934,0.0253086479888733,0.011555177654192743,0.033011790836226754,0.024999848533997723,0.006517453805815793,0.02890191961394604,0.026490894385535063,0.029321116701427,0.010134437109898062,0.006155429499760611,0.010022096584773762,0.21039886190350032,0.19286562341154195,0.35687916722133545,0.1666980581632726,0.0421856249773477,0.1666980581632726,0.15852231574632042,0.40633917378987217,0.1315600717944699,0.22814164371305232,0.13586222864537256,0.17293343535962227,0.20326701346009365,0.3426848356453103,0.14619269783412156,0.19751234751831234,0.34633731497537096,0.20912984007029795,0.3197143647612978,0.3125726307841792,0.40633917378987217,0.05299433129631722,0.15175275482416342,0.11416201157006999
313,24,0.017820499300513295,0.004371890368679839,0.033011790836226754,0.2045412379273163,0.03867015622923539,0.40633917378987217,0,False,2,0,25,0,0,0,0,7232,7440,6756,7468,6455,6997,7373,7386,6422,7407,6340,6740,6336,7076,7131,6378,6548,7446,6499,6969,6315,6906,7292,7059,0.011997582533674224,0.011979176501617715,0.030982961659335177,0.012984970899264437,0.004371890368679839,0.012984970899264437,0.014076936843782322,0.029321116701427,0.0256954902598877,0.006517453805815793,0.010231436929879023,0.014234838886013049,0.026694466823873674,0.026352788203700635,0.011555177654192743,0.033011790836226754,0.024999848533997723,0.006537167336220384,0.02890191961394604,0.027352140493625596,0.031080014749821323,0.009730127532170051,0.006075618561129611,0.010022096584773762,0.19286562341154195,0.1767934881272468,0.35687916722133545,0.15280655331633322,0.03867015622923539,0.15280655331633322,0.1453121227674604,0.40633917378987217,0.1315600717944699,0.20912984007029795,0.12454037625825817,0.15852231574632042,0.1863280956717525,0.31412776600820114,0.14619269783412156,0.19751234751831234,0.34633731497537096,0.1917023533977731,0.3197143647612978,0.28652491155216425,0.37247757597404946,0.04857813702162411,0.1391066919221498,0.11416201157006999
314,24,0.01716986076010948,0.004180668504168459,0.033011790836226754,0.19954927923313415,0.03544764321013244,0.40633917378987217,0,False,3,0,25,0,0,0,0,7232,7557,7440,6756,7468,6455,6997,7373,7386,6422,7539,6340,7407,6740,6336,7076,7131,6378,6548,7446,6499,6969,6906,7059,0.011997582533674224,0.009571029610387406,0.011907075958712486,0.030982961659335177,0.013151028849896924,0.004180668504168459,0.012820392049845766,0.014076936843782322,0.029321116701427,0.0256954902598877,0.013151028849896924,0.010022096584773762,0.006537167336220384,0.014076936843782322,0.026694466823873674,0.026352788203700635,0.011387605811782834,0.033011790836226754,0.024999848533997723,0.006525012025770878,0.02890191961394604,0.027352140493625596,0.009571029610387406,0.009788543703525094,0.19286562341154195,0.12786329226982213,0.16206069744997623,0.35687916722133545,0.22340600720663878,0.03544764321013244,0.14007267387330544,0.1453121227674604,0.40633917378987217,0.1315600717944699,0.22340600720663878,0.11416201157006999,0.1917023533977731,0.1453121227674604,0.1863280956717525,0.31412776600820114,0.13400997301461143,0.19751234751831234,0.34633731497537096,0.175727157281292,0.3197143647612978,0.28652491155216425,0.12786329226982213,0.10464851060589749
315,24,0.016239346101235938,0.003994203678085309,0.033011790836226754,0.19368391833501866,0.0324936729426214,0.40633917378987217,0,False,4,0,25,0,0,0,0,7232,7557,7440,7579,6756,7468,6455,6997,7373,7386,6422,7539,6340,7407,6740,6336,7076,7131,6378,6548,7446,6499,6906,7059,0.011979176501617715,0.009571029610387406,0.011786670650919736,0.006651019017990004,0.030982961659335177,0.013243658145222471,0.003994203678085309,0.01261283309140971,0.014076936843782322,0.029321116701427,0.025219284158938125,0.013243658145222471,0.009788543703525094,0.006525012025770878,0.013869373543305506,0.02660475269849017,0.026352788203700635,0.011184235025222639,0.033011790836226754,0.024999848533997723,0.006651019017990004,0.02890191961394604,0.009383931319624518,0.009788543703525094,0.1767934881272468,0.12786329226982213,0.14855563932914487,0.24441656084118435,0.35687916722133545,0.20478883993941888,0.0324936729426214,0.12839995105052998,0.1453121227674604,0.40633917378987217,0.12059673247826408,0.20478883993941888,0.10464851060589749,0.175727157281292,0.13320277920350534,0.17080075436577313,0.31412776600820114,0.1228424752633938,0.19751234751831234,0.34633731497537096,0.24441656084118435,0.3197143647612978,0.1172080179140036,0.10464851060589749
316,24,0.016245790610578792,0.0038128994539459184,0.033011790836226754,0.1835267587020045,0.029785866864069616,0.40633917378987217,0,False,4,0,25,0,0,0,0,7232,7557,7440,7579,6756,7468,6455,6997,7373,7386,6422,7539,6340,7407,6740,6336,7076,7131,6378,6548,7446,6499,6906,7059,0.011907075958712486,0.009571029610387406,0.011623432059100021,0.0067373979621721805,0.03238971989069905,0.013243658145222471,0.0038128994539459184,0.012368131382684599,0.013869373543305506,0.029321116701427,0.025219284158938125,0.01326757500324712,0.00953499208638977,0.006483802318042999,0.013618601604096796,0.026400272795312252,0.02722139890384627,0.010950191136601752,0.033011790836226754,0.024999848533997723,0.0067373979621721805,0.02890191961394604,0.009173072907026767,0.00953499208638977,0.16206069744997623,0.12786329226982213,0.1361760027183828,0.22404851410441898,0.32713923661955746,0.20478883993941888,0.029785866864069616,0.11769995512965248,0.13320277920350534,0.40633917378987217,0.12059673247826408,0.18772310327780062,0.09592780138873935,0.161083227507851,0.12210254760321322,0.15656735816862535,0.28795045217418436,0.11260560232477765,0.19751234751831234,0.34633731497537096,0.22404851410441898,0.3197143647612978,0.10744068308783664,0.09592780138873935
317,24,0.01604953004969154,0.003637065431537662,0.033011790836226754,0.187040017129838,0.027303711292063812,0.40633917378987217,0,False,4,0,25,0,0,0,0,7232,7557,7440,7579,6756,7468,6455,6997,7373,7386,6422,7539,6340,7407,6740,7611,6336,7076,7131,6378,6548,7446,6499,7059,0.011786670650919736,0.009383931319624518,0.011623432059100021,0.00696108621782495,0.03238971989069905,0.01326757500324712,0.003637065431537662,0.012091883526639646,0.013618601604096796,0.029321116701427,0.02467601309863034,0.013228153298479551,0.009265348930157484,0.006416480630613118,0.013330852515215284,0.00696108621782495,0.026093132183319687,0.02722139890384627,0.010950191136601752,0.033011790836226754,0.024999848533997723,0.006786073958463972,0.02890191961394604,0.009265348930157484,0.14855563932914487,0.1172080179140036,0.1361760027183828,0.28871113792905073,0.32713923661955746,0.18772310327780062,0.027303711292063812,0.10789162553551476,0.12210254760321322,0.40633917378987217,0.11054700477174206,0.17207951133798388,0.08793381793967774,0.14765962521553008,0.11192733530294545,0.28871113792905073,0.1435200783212399,0.28795045217418436,0.11260560232477765,0.19751234751831234,0.34633731497537096,0.2053778045957174,0.3197143647612978,0.08793381793967774
318,24,0.015990891187960002,0.0034669289320554742,0.033011790836226754,0.1779994985499007,0.02502840201772516,0.40633917378987217,0,False,4,0,25,0,0,0,0,7232,7557,7440,7579,6756,7468,6455,6997,7373,7386,6422,7539,6340,7407,6740,7611,6336,7076,7131,6378,6548,7446,6499,7059,0.011623432059100021,0.009173072907026767,0.011422777631572824,0.0071395219728297085,0.03238971989069905,0.013228153298479551,0.0034669289320554742,0.011789373019935668,0.013618601604096796,0.029321116701427,0.024076577592593545,0.01313118617291714,0.008983194694045968,0.006326028250856362,0.013330852515215284,0.0071395219728297085,0.0256954902598877,0.02722139890384627,0.010950191136601752,0.033011790836226754,0.02605789327541828,0.006799450575386368,0.02890191961394604,0.008983194694045968,0.1361760027183828,0.10744068308783664,0.12482800249185089,0.2646518764349632,0.32713923661955746,0.17207951133798388,0.02502840201772516,0.09890065674088853,0.12210254760321322,0.40633917378987217,0.10133475437409689,0.15773955205981854,0.08060599977803792,0.13535465644756925,0.11192733530294545,0.2646518764349632,0.1315600717944699,0.28795045217418436,0.11260560232477765,0.19751234751831234,0.3174758720607567,0.18826298754607426,0.3197143647612978,0.08060599977803792
319,24,0.016019316263823604,0.003302645726472996,0.033011790836226754,0.16919431596202106,0.022942701849581394,0.37247757597404946,0,False,4,0,25,0,0,0,0,7232,7557,7440,7579,6756,7468,6455,6997,7373,7386,6422,7539,6340,7407,6740,7611,6336,7076,7131,6378,6548,7446,6499,7059,0.011623432059100021,0.00894245462826504,0.011189963305830415,0.007273352290857124,0.03238971989069905,0.01313118617291714,0.003302645726472996,0.011465520564719837,0.013618601604096796,0.031080014749821323,0.024076577592593545,0.01298267984388549,0.008691774889933779,0.0062153924699500625,0.013012046064327692,0.007273352290857124,0.0256954902598877,0.02722139890384627,0.010950191136601752,0.033011790836226754,0.02694203783673471,0.006780272710262015,0.02890191961394604,0.008691774889933779,0.1361760027183828,0.09848729283051691,0.11442566895086331,0.24259755339871625,0.32713923661955746,0.15773955205981854,0.022942701849581394,0.09065893534581448,0.12210254760321322,0.37247757597404946,0.10133475437409689,0.144594589388167,0.07388883312986809,0.12407510174360514,0.10260005736103332,0.24259755339871625,0.1315600717944699,0.28795045217418436,0.11260560232477765,0.19751234751831234,0.29101954938902697,0.17257440525056805,0.3197143647612978,0.07388883312986809
320,24,0.015924738815747626,0.003144309803859942,0.033011790836226754,0.16173442491700676,0.021030810028782945,0.37247757597404946,0,False,4,0,25,0,0,0,0,7232,7557,7440,7579,6756,7468,6455,6997,7373,7386,6422,7539,6340,7407,6740,7611,6336,7076,7131,6378,6548,7446,6499,7059,0.011422777631572824,0.00894245462826504,0.010930001832491723,0.007364060804338156,0.03238971989069905,0.01298267984388549,0.003144309803859942,0.011465520564719837,0.013330852515215284,0.031080014749821323,0.023431166603666707,0.01278868080132807,0.008394001325344224,0.006087429049100992,0.013012046064327692,0.007364060804338156,0.025219284158938125,0.027913225856372834,0.010950191136601752,0.033011790836226754,0.02694203783673471,0.006731503900804064,0.02890191961394604,0.008394001325344224,0.12482800249185089,0.09848729283051691,0.10489019653829136,0.22238109061548988,0.32713923661955746,0.144594589388167,0.021030810028782945,0.09065893534581448,0.11192733530294545,0.37247757597404946,0.09289019150958881,0.1325450402724864,0.06773143036904575,0.11373550993163804,0.10260005736103332,0.22238109061548988,0.12059673247826408,0.26395458115966897,0.11260560232477765,0.19751234751831234,0.29101954938902697,0.1581932048130207,0.3197143647612978,0.06773143036904575
321,24,0.014353653520784682,0.002991962200128452,0.033011790836226754,0.15569666133935903,0.019278242526384364,0.37247757597404946,0,False,4,0,25,0,0,0,0,7232,7557,7440,7579,6756,7468,7725,7386,6422,6455,6997,7373,6340,7539,6740,7611,7407,7076,7131,7718,6336,7446,6378,7059,0.011422777631572824,0.008695799770215507,0.01064760390478169,0.007413800983021295,0.03238971989069905,0.01278868080132807,0.006827883435181061,0.031080014749821323,0.023431166603666707,0.002991962200128452,0.011465520564719837,0.013330852515215284,0.008092460608731257,0.012555135633584832,0.01299442568732408,0.007364060804338156,0.005944858637372212,0.027913225856372834,0.010690348777743693,0.01299442568732408,0.025219284158938125,0.006827883435181061,0.033011790836226754,0.008394001325344224,0.12482800249185089,0.09028001842797383,0.09614934682676708,0.20384933306419906,0.32713923661955746,0.1325450402724864,0.22834377107860232,0.37247757597404946,0.09289019150958881,0.019278242526384364,0.09065893534581448,0.11192733530294545,0.0620871445049586,0.12149962024977919,0.17738338591428054,0.22238109061548988,0.1042575507706682,0.26395458115966897,0.10322180213104618,0.17738338591428054,0.12059673247826408,0.22834377107860232,0.19751234751831234,0.06773143036904575
322,24,0.012968527443756988,0.0029189866743598767,0.03238971989069905,0.1603423176993697,0.05691321579621205,0.37247757597404946,0,False,4,0,25,0,0,0,0,7232,7557,7440,7579,6756,7468,7725,7386,6422,7737,6455,6997,7373,6340,7731,7539,6740,7611,7407,7076,7131,7718,6336,7446,0.011189963305830415,0.008436532077815733,0.010347138888985526,0.007616731621102179,0.03238971989069905,0.01278868080132807,0.0068854919116030444,0.031080014749821323,0.023431166603666707,0.0029189866743598767,0.0029189866743598767,0.011124853513633758,0.013012046064327692,0.007789428024767684,0.007616731621102179,0.01228778136620606,0.012918348810065408,0.007413800983021295,0.00579023549570139,0.027913225856372834,0.010409277311213033,0.012918348810065408,0.025219284158938125,0.006827883435181061,0.11442566895086331,0.082756683558976,0.08813690125786983,0.2701952219755158,0.32713923661955746,0.1325450402724864,0.20931512348871878,0.37247757597404946,0.09289019150958881,0.10100505564918567,0.10100505564918567,0.0831040240669966,0.10260005736103332,0.05691321579621205,0.2701952219755158,0.11137465189563092,0.1626014370880905,0.20384933306419906,0.09556942153977918,0.26395458115966897,0.09461998528679233,0.1626014370880905,0.12059673247826408,0.22834377107860232
323,24,0.011949977802263928,0.002840476270715244,0.03238971989069905,0.15896913517104952,0.052170447813194375,0.37247757597404946,0,False,4,0,25,0,0,0,0,7232,7557,7440,7579,6756,7468,7725,7386,6422,7737,6455,6997,7373,6340,7731,7539,6740,7611,7761,7407,7076,7131,7718,7446,0.011189963305830415,0.008167765014507241,0.010032611964438788,0.00777156438950106,0.03238971989069905,0.01278868080132807,0.006906677080632188,0.031080014749821323,0.023431166603666707,0.0029137319076036517,0.002840476270715244,0.01077149105336489,0.012667726128164261,0.007486885182167359,0.007616731621102179,0.011992063347020163,0.012789654368166169,0.007425235442453811,0.0029137319076036517,0.005625926778192974,0.027913225856372834,0.010409277311213033,0.012789654368166169,0.0068854919116030444,0.11442566895086331,0.07586029326239467,0.08079215948638067,0.24767895347755617,0.32713923661955746,0.1325450402724864,0.19187219653132553,0.37247757597404946,0.09289019150958881,0.17592130101175354,0.0925879676784202,0.07617868872808022,0.0940500525809472,0.052170447813194375,0.2701952219755158,0.10209343090432835,0.1490513173307496,0.18686188864218245,0.17592130101175354,0.08760530307813091,0.26395458115966897,0.09461998528679233,0.1490513173307496,0.20931512348871878
324,24,0.011501807328851569,0.002828686162680323,0.03238971989069905,0.155256132352335,0.06953860215719511,0.37247757597404946,0,False,5,0,25,0,0,0,0,7232,7557,7786,7440,7579,6756,7468,7725,7386,6422,7737,6455,6997,7373,6340,7731,7539,6740,7611,7789,7761,7407,7076,7131,0.011189963305830415,0.007892300485021793,0.002828686162680323,0.009707654646584131,0.00787969317476123,0.03238971989069905,0.012555135633584832,0.006894162657977577,0.031080014749821323,0.023431166603666707,0.002895487236911106,0.002828686162680323,0.010409141990026132,0.012667726128164261,0.007371880361441838,0.00777156438950106,0.011673077260911623,0.012614276220989231,0.007401387398336056,0.007371880361441838,0.002895487236911106,0.005454100635800239,0.028430905887482438,0.010409277311213033,0.11442566895086331,0.06953860215719511,0.16820563703855185,0.07405947952918228,0.22703904068775982,0.32713923661955746,0.12149962024977919,0.17588284682038174,0.37247757597404946,0.09289019150958881,0.1612611925941074,0.16820563703855185,0.06983046466740686,0.0940500525809472,0.1311562438287615,0.24767895347755617,0.09358564499563432,0.1366303742198538,0.17129006458866725,0.1311562438287615,0.1612611925941074,0.08030486115495333,0.24195836606302987,0.09461998528679233
325,24,0.011517197209947323,0.0028049057783307227,0.03357946792396058,0.1610093523632926,0.06374371864409552,0.37247757597404946,0,False,5,0,25,0,0,0,0,7232,7557,7786,7440,7579,6756,7468,7725,7386,6422,7737,6455,6997,7373,6340,7731,7539,6740,7803,7789,7761,7818,7076,7611,0.011189963305830415,0.007612634901110725,0.0028049057783307227,0.009617319928584148,0.007943272657829934,0.03357946792396058,0.012555135633584832,0.006850920268081227,0.031080014749821323,0.02274918547169145,0.002865566064067577,0.0028049057783307227,0.010041112328897912,0.012303018967364715,0.007234441390045072,0.00787969317476123,0.01133553171284451,0.012398094682377578,0.009617319928584148,0.007234441390045072,0.002865566064067577,0.007534948178240881,0.028780324582042535,0.007534948178240881,0.11442566895086331,0.06374371864409552,0.1541885006186725,0.1512211895684171,0.2081191206304465,0.2998776335679277,0.12149962024977919,0.16122594291868325,0.37247757597404946,0.08514934221712307,0.14782275987793178,0.1541885006186725,0.06401125927845629,0.0862125481992016,0.12022655684303138,0.22703904068775982,0.08578684124599813,0.12524450970153264,0.1512211895684171,0.12022655684303138,0.14782275987793178,0.24034922587294497,0.2217951688911107,0.24034922587294497
326,24,0.011462663430297624,0.0027704269700366884,0.03454810686987278,0.15080334089422254,0.05843174209042089,0.37247757597404946,0,False,5,0,25,0,0,0,0,7232,7557,7786,7440,7579,6756,7468,7725,7386,6422,7737,6455,6997,7373,6340,7731,7539,6740,7803,7789,7761,7818,7076,7611,0.010930001832491723,0.007330970745690257,0.0027704269700366884,0.009491209093761173,0.00796504372014033,0.03454810686987278,0.01228778136620606,0.006780057791564645,0.031080014749821323,0.02274918547169145,0.0028252996061083964,0.0027704269700366884,0.009670320202242014,0.011922610237808419,0.0070778639496615545,0.007943272657829934,0.010983727891837982,0.012398094682377578,0.009491209093761173,0.007234441390045072,0.0028252996061083964,0.007624116423003424,0.028780324582042535,0.007624116423003424,0.10489019653829136,0.05843174209042089,0.1413394589004498,0.138619423771049,0.19077586057790927,0.27488783077060036,0.11137465189563092,0.14779044767545965,0.37247757597404946,0.08514934221712307,0.1355041965547708,0.1413394589004498,0.05867698767191826,0.07902816918260146,0.1102076771061121,0.2081191206304465,0.07863793780883162,0.12524450970153264,0.138619423771049,0.12022655684303138,0.1355041965547708,0.2203201237168662,0.2217951688911107,0.2203201237168662
327,24,0.01030934954593598,0.002726541698504032,0.03454810686987278,0.14592855485497777,0.05356243024955248,0.37247757597404946,0,False,5,0,25,0,0,0,0,7232,7557,7786,7440,7579,6756,7850,7725,7386,6422,7468,6455,6997,7373,6340,7737,7731,7539,6740,7803,7789,7761,7818,7611,0.010930001832491723,0.007049232067644376,0.002796858972647787,0.00933374875404621,0.007948170546256147,0.03454810686987278,0.002796858972647787,0.006684725046831108,0.031080014749821323,0.02274918547169145,0.011992063347020163,0.002726541698504032,0.009670320202242014,0.011922610237808419,0.006905270486208356,0.0027760042688101646,0.00796504372014033,0.010621553049885183,0.012398094682377578,0.00933374875404621,0.0070778639496615545,0.0027760042688101646,0.007671183576499319,0.007671183576499319,0.10489019653829136,0.05356243024955248,0.212894503992079,0.12706780512346158,0.17487787219641682,0.27488783077060036,0.212894503992079,0.135474577035838,0.37247757597404946,0.08514934221712307,0.10209343090432835,0.12956117065874564,0.05867698767191826,0.07902816918260146,0.10102370401393608,0.12421218017520656,0.19077586057790927,0.07208477632476232,0.12524450970153264,0.12706780512346158,0.1102076771061121,0.12421218017520656,0.20196011340712736,0.20196011340712736
328,24,0.010600732080397905,0.0026745137755723675,0.03454810686987278,0.144120023098632,0.0490988943954231,0.37247757597404946,0,False,5,0,25,0,0,0,0,7232,7557,7786,7440,7579,6756,7850,7725,7386,6422,7468,6455,6997,7373,6340,7737,7731,7882,7539,6740,7803,7789,7818,7611,0.01064760390478169,0.006769082603884345,0.0028082783536153037,0.009149250151698056,0.0078960941298875,0.03454810686987278,0.0028082783536153037,0.006568036634084537,0.031080014749821323,0.02274918547169145,0.011974124911973447,0.0026745137755723675,0.009299316063684348,0.011922610237808419,0.006905270486208356,0.0027189558730821425,0.007948170546256147,0.011974124911973447,0.010252484840547804,0.012146818820519906,0.009149250151698056,0.0070778639496615545,0.007671183576499319,0.00767895056111213,0.09614934682676708,0.0490988943954231,0.1951532953260724,0.11647882136317311,0.16030471618004874,0.27488783077060036,0.1951532953260724,0.12418502894951818,0.37247757597404946,0.08514934221712307,0.17691897832896766,0.1187644064371835,0.0537872386992584,0.07902816918260146,0.10102370401393608,0.11386116516060601,0.17487787219641682,0.17691897832896766,0.06607771163103213,0.11480746722640492,0.11647882136317311,0.1102076771061121,0.20196011340712736,0.1851301039565334
329,24,0.010132084248790288,0.002683011977357184,0.03529676244958853,0.14477925805483025,0.045007319862471175,0.37247757597404946,0,False,5,0,25,0,0,0,0,7232,7557,7786,7440,7579,6756,7850,7725,7386,6422,7907,6455,6997,7373,6340,7468,7911,7731,7882,7539,6740,7803,7737,7611,0.010347138888985526,0.006491945468281601,0.0028057672947021787,0.008941838571402351,0.007812404814747257,0.03529676244958853,0.0028057672947021787,0.006433010990995032,0.031080014749821323,0.02274918547169145,0.002683011977357184,0.002683011977357184,0.00893030641684005,0.011530737163031955,0.006719578263936776,0.01190247312489107,0.00272385188512704,0.0078960941298875,0.01190247312489107,0.010252484840547804,0.011865896858626233,0.008941838571402351,0.00272385188512704,0.007650575757026262,0.08813690125786983,0.045007319862471175,0.17889052071556635,0.10677225291624201,0.14694598983171134,0.251980511539717,0.17889052071556635,0.11383627653705833,0.37247757597404946,0.08514934221712307,0.19220070590075156,0.19220070590075156,0.04930496880765353,0.07244248841738467,0.09260506201277474,0.162175730134887,0.18770606806388884,0.16030471618004874,0.162175730134887,0.06607771163103213,0.10524017829087118,0.10677225291624201,0.18770606806388884,0.16970259529348894
330,24,0.010240355149197487,0.002678396980761223,0.03529676244958853,0.13679240489787411,0.04125670987393191,0.37247757597404946,0,False,5,0,25,0,0,0,0,7232,7557,7786,7440,7579,6756,7850,7725,7386,6422,7907,6455,6997,7373,6340,7468,7911,7731,7882,7539,6740,7803,7932,7611,0.010032611964438788,0.006219023563912055,0.0027905184448526236,0.008715401835307958,0.007700734847015988,0.03529676244958853,0.0027905184448526236,0.006282524205237114,0.031080014749821323,0.022039217626786733,0.002678396980761223,0.002678396980761223,0.008786074908793701,0.011530737163031955,0.006523479052097025,0.011782493984842076,0.002715745595424913,0.007812404814747257,0.011782493984842076,0.009879603917955697,0.011560451440734672,0.008715401835307958,0.008786074908793701,0.007589439880832482,0.08079215948638067,0.04125670987393191,0.16398297732260247,0.09787456517322184,0.13470049067906872,0.251980511539717,0.16398297732260247,0.10434992015897013,0.37247757597404946,0.07805356369902948,0.17618398040902225,0.17618398040902225,0.12852955474034908,0.07244248841738467,0.08488797351171018,0.14866108595697974,0.17206389572523142,0.14694598983171134,0.14866108595697974,0.060571235661779445,0.09647016343329858,0.09787456517322184,0.12852955474034908,0.15556071235236485
331,24,0.010140927043646183,0.0026618217221811586,0.03583100441180209,0.12817138597856445,0.037818650717770914,0.37247757597404946,0,False,5,0,25,0,0,0,0,7232,7557,7786,7440,7579,6756,7850,7725,7386,6422,7907,6455,6997,7373,6340,7468,7911,7731,7882,7539,6740,7803,7932,7611,0.009707654646584131,0.005951320063778346,0.0027637881665800636,0.00847355529044143,0.007564670671288723,0.03583100441180209,0.0027637881665800636,0.006119276847382613,0.031080014749821323,0.022039217626786733,0.0026618217221811586,0.0026618217221811586,0.008615928937648815,0.011530737163031955,0.006319428441508705,0.011782493984842076,0.002695826411515073,0.007700734847015988,0.011619656416824616,0.009505612565827767,0.011235236290706484,0.00847355529044143,0.008786074908793701,0.007499029703943948,0.07405947952918228,0.037818650717770914,0.1503177292123856,0.08971835140878667,0.12347544978914632,0.23098213557807393,0.1503177292123856,0.09565409347905594,0.37247757597404946,0.07805356369902948,0.16150198204160374,0.16150198204160374,0.11781875851198664,0.07244248841738467,0.07781397571906766,0.14866108595697974,0.1577252377481288,0.13470049067906872,0.13627266212723144,0.05552363268996449,0.08843098314719036,0.08971835140878667,0.12852955474034908,0.14259731965633443
332,24,0.010005980376001781,0.0026344928578390012,0.03583100441180209,0.12647246998938325,0.03466709649129,0.37247757597404946,0,False,5,0,25,0,0,0,0,7232,7557,7786,7440,7579,6756,7850,7725,7386,6422,7907,6455,6997,7373,6340,7468,7911,7731,7882,7539,6740,7803,7989,7611,0.009707654646584131,0.005689658465969197,0.002726856797729598,0.008219620676765694,0.007564670671288723,0.03583100441180209,0.002726856797729598,0.005945771976778649,0.031080014749821323,0.022039217626786733,0.0026344928578390012,0.0026344928578390012,0.00842376853896219,0.011131192644918448,0.006109642924065068,0.011619656416824616,0.0026653274450572743,0.007700734847015988,0.01141937632718814,0.009132857485424622,0.010894610798981035,0.008431603981771788,0.008431603981771788,0.007382841095128014,0.07405947952918228,0.03466709649129,0.13779125177802012,0.08224182212472111,0.12347544978914632,0.23098213557807393,0.13779125177802012,0.08768291902246794,0.37247757597404946,0.07805356369902948,0.14804348353813676,0.14804348353813676,0.10800052863598775,0.0664056143826026,0.07132947774247869,0.13627266212723144,0.14458146793578472,0.13470049067906872,0.12491660694996215,0.050896663299134115,0.08106173455159116,0.16557515545805446,0.16557515545805446,0.13071420968497321
333,24,0.00968864948006472,0.002597633990883806,0.03583100441180209,0.1268911862858306,0.0317781717836825,0.37247757597404946,0,False,5,0,25,0,0,0,0,7232,7557,7786,7440,7579,6756,7850,7725,7386,6422,7907,6455,6997,7373,6340,7468,7911,8008,7882,7539,6740,7803,7989,7731,0.009707654646584131,0.005434701863569653,0.0026809959352636255,0.008219620676765694,0.0074076838261899185,0.03583100441180209,0.0026809959352636255,0.0057643024868143855,0.031080014749821323,0.022039217626786733,0.002597633990883806,0.002597633990883806,0.008213276173553007,0.010727338473819745,0.005896103052067734,0.01141937632718814,0.0026932012029796497,0.0026932012029796497,0.011186908952559164,0.008763355206475847,0.010542529245492479,0.008431603981771788,0.008354562890748537,0.007564670671288723,0.07405947952918228,0.0317781717836825,0.1263086474631851,0.08224182212472111,0.11318582897338413,0.23098213557807393,0.1263086474631851,0.08037600910392895,0.37247757597404946,0.07805356369902948,0.13570652657662535,0.13570652657662535,0.09900048458298877,0.06087181318405238,0.06538535459727213,0.12491660694996215,0.21586634560780266,0.21586634560780266,0.11450688970413196,0.04665527469087294,0.07430659000562523,0.16557515545805446,0.1517772258365499,0.12347544978914632
334,24,0.009659335171472726,0.0025524555702060876,0.03583100441180209,0.12610140786900387,0.029129990801708958,0.341437777976212,0,False,5,0,25,0,0,0,0,7232,7557,8035,7440,7579,8026,7850,7786,7725,7386,6756,7907,6455,6997,7373,6340,6422,7468,8008,7882,7539,6740,7803,7989,0.00937552592732772,0.005186971179850351,0.008615423698950294,0.0079566163772288,0.0072330787333860684,0.0026182831781859732,0.002627442406714101,0.002627442406714101,0.005576946055043943,0.03263344407762841,0.03583100441180209,0.0026182831781859732,0.0025524555702060876,0.00798788195316824,0.010322125198902087,0.005680561201693047,0.02130901356436916,0.01141937632718814,0.0027064492426293143,0.011186908952559164,0.008615423698950294,0.010542529245492479,0.008354562890748537,0.008246294638421067,0.06788785623508375,0.029129990801708958,0.12610066846663354,0.07538833694766102,0.10375367655893544,0.20773098269523993,0.115782926841253,0.115782926841253,0.07367800834526819,0.341437777976212,0.23098213557807393,0.20773098269523993,0.12439764936190657,0.09075044420107303,0.05579916208538135,0.05993657504749945,0.07154910005744369,0.12491660694996215,0.1978774834738191,0.11450688970413196,0.12610066846663354,0.07430659000562523,0.1517772258365499,0.13912912368350408
335,24,0.009413517865415935,0.002500131096472561,0.03583100441180209,0.12559938537469043,0.02670249156823321,0.341437777976212,0,False,5,0,25,0,0,0,0,7232,7557,8035,7440,7579,8026,7850,7786,7725,7386,6756,7907,6455,6997,7373,6340,6422,7468,8042,7539,6740,7803,7989,8008,0.009039121579747539,0.004946862208040103,0.00866057676048439,0.007687256750638899,0.007043955363569609,0.0026251740049167715,0.002567378369842823,0.002567378369842823,0.005385566116119271,0.03263344407762841,0.03583100441180209,0.0026251740049167715,0.002500131096472561,0.0077507422196967275,0.010322125198902087,0.005464552677888302,0.02056550119437051,0.011186908952559164,0.00866057676048439,0.008615423698950294,0.010182541646884964,0.008246294638421067,0.008110645403205302,0.002706093264597531,0.062230534882160106,0.02670249156823321,0.19892561276108073,0.06910597553535593,0.09510753684569082,0.19042006747063658,0.10613434960448191,0.10613434960448191,0.06753817431649584,0.341437777976212,0.23098213557807393,0.19042006747063658,0.11403117858174769,0.08318790718431694,0.05579916208538135,0.054941860460207825,0.06558667505265671,0.11450688970413196,0.19892561276108073,0.12610066846663354,0.06811437417182312,0.13912912368350408,0.12753503004321207,0.18138769318433415
336,24,0.008938588228728605,0.0024417790731934047,0.03583100441180209,0.13018447792467466,0.02447728393754711,0.341437777976212,0,False,5,0,25,0,0,0,0,7232,8067,7557,8035,7440,7579,8026,7850,7786,7725,7386,6756,7907,6455,6997,7373,8071,6422,7468,8042,7539,6340,8008,7989,0.008700989506730436,0.007605163843779869,0.00471466136515134,0.008661980191222158,0.007605163843779869,0.006843184646178721,0.00261935178343172,0.0025019168505390145,0.002566441069317975,0.005191817456695837,0.03263344407762841,0.03583100441180209,0.00261935178343172,0.0024417790731934047,0.00750472911204634,0.00991811660987831,0.002566441069317975,0.01981481239789203,0.011186908952559164,0.008661980191222158,0.008442836732736946,0.005249409104212465,0.0026932692457856955,0.007951364170952829,0.057044656975313426,0.14668047757407626,0.02447728393754711,0.182348478364324,0.14668047757407626,0.08718190877521657,0.1745517285147502,0.09728982047077508,0.18062315380410843,0.061909993123454514,0.341437777976212,0.23098213557807393,0.1745517285147502,0.10452858036660205,0.07625558158562386,0.05114923191159956,0.18062315380410843,0.06012111879826865,0.11450688970413196,0.182348478364324,0.1155922794277474,0.05036337208852384,0.16627205208563964,0.11690711087294439
337,24,0.008825319675173098,0.002378450029684316,0.03583100441180209,0.12192968782698192,0.022437510276084847,0.341437777976212,0,False,5,0,25,0,0,0,0,7232,8067,7557,8035,7440,7579,8026,7850,7786,7725,7386,6756,7907,6455,6997,7373,8071,6422,7468,8042,7539,6340,8008,7989,0.008363349342431575,0.007495898688138403,0.004490560123647833,0.008623251851024277,0.007495898688138403,0.006633394513280441,0.0026019520892772647,0.002432091971913783,0.002553731934794527,0.004997155223101221,0.03263344407762841,0.03583100441180209,0.0026019520892772647,0.002378450029684316,0.007252428933681401,0.009517517146186594,0.002553731934794527,0.01981481239789203,0.011186908952559164,0.008623251851024277,0.008249390704213693,0.005036273232635204,0.002669181318979799,0.007772040698047856,0.05229093556070397,0.13445710444290324,0.022437510276084847,0.16715277183396365,0.13445710444290324,0.07991674971061519,0.160005751138521,0.08918233543154383,0.16557122432043272,0.0567508270298333,0.341437777976212,0.23098213557807393,0.160005751138521,0.09581786533605187,0.06990094978682186,0.046886795918966266,0.16557122432043272,0.06012111879826865,0.11450688970413196,0.16715277183396365,0.10595958947543511,0.046166424414480184,0.15241604774516967,0.10716485163353236
338,24,0.009201493923443676,0.002311117898599087,0.03583100441180209,0.1269994146563233,0.020567717753077776,0.341437777976212,0,False,5,0,25,0,0,0,0,7232,8067,7557,8035,7440,7579,8128,8026,7850,7786,7725,7386,6756,8129,7907,6455,6997,7373,8071,6422,7468,8042,7539,6340,0.008363349342431575,0.007362951805067658,0.004274668125805342,0.008548236087434232,0.007495898688138403,0.006416964587379443,0.002595653911832382,0.0025741588923132784,0.0023588531246245786,0.002530395237910816,0.004802846321703973,0.03263344407762841,0.03583100441180209,0.01955393698291401,0.0025741588923132784,0.002311117898599087,0.006996147362721864,0.009122200879582197,0.002595653911832382,0.01955393698291401,0.010927267022121658,0.008548236087434232,0.00803865904759113,0.0048261144805521825,0.05229093556070397,0.12325234573932796,0.020567717753077776,0.15322337418113335,0.13445710444290324,0.07325702056806392,0.23510695562706332,0.14667193854364424,0.08175047414558184,0.15177362229372998,0.05202159144401385,0.341437777976212,0.23098213557807393,0.13844435889841294,0.14667193854364424,0.0878330432247142,0.06407587063792004,0.04297956292571908,0.23510695562706332,0.13844435889841294,0.10496464889545429,0.15322337418113335,0.09712962368581551,0.042319222379940166
339,24,0.009577373760652484,0.0022406750352638076,0.03583100441180209,0.1272905976356169,0.018853741273654627,0.341437777976212,0,False,5,0,25,0,0,0,0,7232,8067,7557,8035,7440,7579,8149,8128,8026,7850,7786,7725,7386,6756,8129,7907,6455,6997,7373,8071,6422,7468,8042,6340,0.008028114826346404,0.007209700611092378,0.004067025015759649,0.00844087632054249,0.007362951805067658,0.00619602770173486,0.0197244955681064,0.002622517240145114,0.0025371692853204232,0.002283062363102688,0.0024976008793482123,0.0046099823700616605,0.03263344407762841,0.03583100441180209,0.0197244955681064,0.0025371692853204232,0.0022406750352638076,0.0067379197979157545,0.008733741006478293,0.002622517240145114,0.019228591850481064,0.010927267022121658,0.00844087632054249,0.004619744653226162,0.047933357597311974,0.11298131692771729,0.018853741273654627,0.1404547596660389,0.12325234573932796,0.06715226885405859,0.2102406623235452,0.21551470932480804,0.13444927699834056,0.07493793463345001,0.13912582043591915,0.04768645882367936,0.341437777976212,0.23098213557807393,0.2102406623235452,0.13444927699834056,0.08051362295598802,0.0587362147514267,0.03939793268190915,0.21551470932480804,0.12690732899021187,0.10496464889545429,0.1404547596660389,0.03879262051494515
340,24,0.009127677894325522,0.0021679302040045617,0.03583100441180209,0.13173811461012966,0.01728259616751674,0.341437777976212,0,False,5,0,25,0,0,0,0,7232,8067,7557,8035,7440,7579,8149,8128,8026,7850,7786,7725,7386,6756,8129,7907,6455,6997,7373,8071,6422,8042,8179,6340,0.007696917753046439,0.007039358900346926,0.0038676110455290406,0.008305109392703328,0.007209700611092378,0.005972476652105317,0.0197244955681064,0.0026351580291922435,0.002492164714312401,0.0022054943710125446,0.0024565137722009703,0.004419493518934719,0.03263344407762841,0.03583100441180209,0.0197244955681064,0.002492164714312401,0.0021679302040045617,0.006479525387912434,0.008353439036187103,0.002703118526423038,0.019228591850481064,0.008305109392703328,0.002703118526423038,0.004417833439245946,0.043938911130869306,0.10356620718374085,0.01728259616751674,0.12875019636053567,0.11298131692771729,0.0615562464495537,0.2102406623235452,0.19755515021440737,0.12324517058181217,0.06869310674732917,0.1275320020662592,0.04371258725503941,0.341437777976212,0.23098213557807393,0.2102406623235452,0.12324517058181217,0.07380415437632235,0.05384153018880781,0.036114771625083385,0.2808884835477407,0.12690732899021187,0.12875019636053567,0.2808884835477407,0.035559902138699716
341,24,0.00902027881283357,0.002126838411350335,0.03583100441180209,0.12402227160227379,0.015842379820223677,0.341437777976212,0,False,5,0,25,0,0,0,0,7232,8067,7557,8035,7440,7579,8149,8128,8026,7850,7786,7725,7386,6756,8129,7907,6455,6997,7373,8071,8200,6422,8042,6340,0.007371132551533219,0.0068549407705666135,0.00367635652552588,0.008144780850102508,0.007039358900346926,0.005972476652105317,0.0197244955681064,0.0026345735597018216,0.002440288328578805,0.002126838411350335,0.002408269386320196,0.0042321626085370006,0.03263344407762841,0.03583100441180209,0.0197244955681064,0.002440288328578805,0.00214760290810758,0.006222503534631625,0.008353439036187103,0.002766340546193104,0.00214760290810758,0.019228591850481064,0.008144780850102508,0.0042209233753044,0.04027733520329686,0.09493568991842911,0.015842379820223677,0.11802101333049102,0.10356620718374085,0.0615562464495537,0.2102406623235452,0.1810922210298734,0.11297473969999448,0.06296868118505174,0.11690433522740426,0.04006987165045279,0.341437777976212,0.23098213557807393,0.2102406623235452,0.11297473969999448,0.15098714151162884,0.049354736006407156,0.036114771625083385,0.25748110991876233,0.15098714151162884,0.12690732899021187,0.11802101333049102,0.03259657696047474
342,24,0.00861303474879055,0.0020477017541699846,0.03583100441180209,0.13670810888111118,0.014522181501871704,0.341437777976212,0,False,5,0,25,0,0,0,0,7232,8067,7557,8035,7440,7579,8149,8128,8026,7850,7786,7725,7386,8215,6756,8129,7907,6455,6997,7373,8071,8200,6422,8224,0.007051900765213387,0.0066592369146931596,0.0034931501987512815,0.007963579555492884,0.0068549407705666135,0.005972476652105317,0.019790313281879354,0.002689489312846171,0.0023826278851023608,0.0020477017541699846,0.002353954960243408,0.004048639246183832,0.03263344407762841,0.002689489312846171,0.03583100441180209,0.019790313281879354,0.0023826278851023608,0.0021739593298572314,0.005968171885695141,0.007982353071830548,0.0028125409864430996,0.0021193026969451236,0.01884765640383871,0.0021739593298572314,0.03692089060302212,0.08702438242522668,0.014522181501871704,0.10818592888628342,0.09493568991842911,0.0615562464495537,0.19272060712991643,0.24933453594405064,0.10356017805832828,0.05772129108629742,0.10716230729178723,0.03673071567958172,0.341437777976212,0.24933453594405064,0.23098213557807393,0.19272060712991643,0.10356017805832828,0.22173821305232644,0.04524184133920656,0.0331052073229931,0.23602435075886546,0.1384048797189931,0.11633171824102755,0.22173821305232644
343,24,0.008518709138642916,0.0019686141523663383,0.03583100441180209,0.12904560274537671,0.013311999710049061,0.341437777976212,0,False,5,0,25,0,0,0,0,7232,8067,7557,8035,7440,7579,8149,8128,8026,7850,7786,7725,7386,8215,6756,8129,7907,6455,6997,7373,8071,8200,6422,8224,0.006740154887400446,0.006454801225547463,0.003317846622266788,0.007764989570241084,0.0066592369146931596,0.00574797480003621,0.019790313281879354,0.0027281740250079244,0.0023202035413371624,0.0019686141523663383,0.002294595759371025,0.0038694534972614483,0.03263344407762841,0.0027281740250079244,0.03583100441180209,0.019790313281879354,0.0023202035413371624,0.0021882491658203654,0.005717645031218835,0.007621324754955341,0.002842379226170108,0.0020840179645429204,0.01884765640383871,0.0021882491658203654,0.033844149719436945,0.07977235055645779,0.013311999710049061,0.09917043481242646,0.08702438242522668,0.056426559245424224,0.19272060712991643,0.22855665794871308,0.09493016322013424,0.05291118349577263,0.09823211501747163,0.03366982270628324,0.341437777976212,0.22855665794871308,0.23098213557807393,0.19272060712991643,0.09493016322013424,0.20326002863129922,0.04147168789427268,0.03034644004607701,0.21635565486229333,0.12687113974241032,0.11633171824102755,0.20326002863129922
344,24,0.008409307206554119,0.0018900330094666895,0.03583100441180209,0.12681337871062706,0.012202666400878305,0.31298462981152764,0,False,5,0,25,0,0,0,0,7232,8067,7557,8035,7440,7579,8149,8128,8026,8267,7786,7725,7386,8215,6756,8129,7850,7373,8071,8200,6422,7907,6455,8224,0.006436641160123964,0.006243945778756356,0.0031502726407031238,0.007552257023254789,0.006454801225547463,0.005523969365347502,0.01975914947722698,0.0027513563311816038,0.00225395983300338,0.003790323445347636,0.0022311457003365213,0.003790323445347636,0.03396791122076987,0.0027513563311816038,0.03583100441180209,0.019790313281879354,0.0018900330094666895,0.007271004586470558,0.0028567525791824365,0.0020427110159048716,0.01884765640383871,0.00225395983300338,0.0021912624288111613,0.0021912624288111613,0.031023803909483866,0.07312465467675297,0.012202666400878305,0.09090623191139093,0.07977235055645779,0.051724345974972205,0.1766605565357567,0.2095102697863203,0.08701931628512305,0.11419733748075965,0.09004610543268232,0.11419733748075965,0.31298462981152764,0.2095102697863203,0.23098213557807393,0.19272060712991643,0.04850191820445825,0.02781757004223726,0.1983260169571022,0.11629854476387612,0.11633171824102755,0.08701931628512305,0.18632169291202427,0.18632169291202427
345,24,0.008580964127914953,0.0018123489506569942,0.03583100441180209,0.1301839830310837,0.011185777534138446,0.2869025773272337,0,False,3,0,25,0,0,0,0,7232,8280,7579,8067,7557,8035,7440,8149,8293,8128,8026,8267,7786,7725,7386,8215,6756,8129,7850,7373,8071,8200,6422,8224,0.006300341196758382,0.006300341196758382,0.0053017064498342495,0.00602874243413066,0.0029902330353492267,0.007328369643280289,0.006243945778756356,0.019639491400307078,0.0028311519646432607,0.0027599725126982878,0.002184761142174174,0.0037020311556026438,0.002164481654152518,0.0037020311556026438,0.03507629029988159,0.0028311519646432607,0.03583100441180209,0.01975914947722698,0.0018123489506569942,0.007271004586470558,0.0028567357035735414,0.001996302381870404,0.01884765640383871,0.0021838941699465924,0.11177182025036023,0.11177182025036023,0.047413983810391185,0.06703093345369023,0.011185777534138446,0.08333071258544168,0.07312465467675297,0.16193884349111032,0.2753844139707936,0.1920510806374603,0.07976770659469612,0.10468089269069634,0.08254226331329212,0.10468089269069634,0.2869025773272337,0.2753844139707936,0.23098213557807393,0.1766605565357567,0.04446009168742006,0.02781757004223726,0.18179884887734368,0.10660699936688643,0.11633171824102755,0.17079488516935556
346,24,0.0077991506530048745,0.00173589156806864,0.03583100441180209,0.13212914926818511,0.010253629406293575,0.2869025773272337,0,False,3,0,25,0,0,0,0,7232,8280,7579,8067,7557,8035,7440,8149,8293,8128,8026,8267,7786,7725,7386,8215,6756,8129,8325,7850,7373,8071,8200,8327,0.0061494010910286495,0.006300341196758382,0.0050822470196635865,0.00581102950090543,0.002837515429447829,0.007096046716349258,0.00602874243413066,0.019639491400307078,0.002892905216441326,0.002755109671673725,0.002113390000797383,0.0036061705400370872,0.002095400769245711,0.0036061705400370872,0.03507629029988159,0.002892905216441326,0.03583100441180209,0.019639491400307078,0.001995837773105339,0.00173589156806864,0.006931875449445923,0.0028435252452365853,0.001995837773105339,0.0022229950078998836,0.10245750189616354,0.11177182025036023,0.04346281849285858,0.06144502233254937,0.010253629406293575,0.07638648653665488,0.06703093345369023,0.16193884349111032,0.2524357128065608,0.17604682391767193,0.07312039771180477,0.09595748496647165,0.07566374137051778,0.09595748496647165,0.2869025773272337,0.2524357128065608,0.23098213557807393,0.16193884349111032,0.18105641608631257,0.04075508404680172,0.025499439205384153,0.1666489448042317,0.18105641608631257,0.23989531140524262
347,24,0.007713849351543967,0.0016609351632380757,0.03583100441180209,0.1240411729398903,0.009399160289102444,0.2869025773272337,0,False,3,0,25,0,0,0,0,7232,8280,7579,8067,7557,8035,7440,8149,8293,8128,8026,8267,7786,7725,7386,8215,6756,8129,8325,7850,7373,8071,8200,8327,0.005986438884792581,0.0061494010910286495,0.004866483237716507,0.0055924221276871505,0.002691894526247527,0.006857737397935748,0.00581102950090543,0.019639491400307078,0.0029370658714197905,0.0027379544919420872,0.0020405476340414194,0.0035042195997095267,0.002024620207220311,0.0035042195997095267,0.03507629029988159,0.0029370658714197905,0.03583100441180209,0.019639491400307078,0.0019861953096564694,0.0016609351632380757,0.0066042742476095685,0.002818390973677623,0.0019861953096564694,0.002249015879143124,0.0939193767381499,0.10245750189616354,0.03984091695178703,0.05632460380483692,0.009399160289102444,0.07002094599193363,0.06144502233254937,0.16193884349111032,0.23139940340601406,0.16137625525786592,0.06702703123582104,0.08796102788593234,0.0693584295896413,0.08796102788593234,0.2869025773272337,0.23139940340601406,0.23098213557807393,0.16193884349111032,0.16596838141245318,0.037358827042901575,0.023374485938268807,0.15276153273721238,0.16596838141245318,0.21990403545480572
348,24,0.005531398511042319,0.0016286511114376745,0.03507629029988159,0.12269932215326368,0.021426612110079738,0.2869025773272337,0,False,3,0,25,0,0,0,0,7232,8280,7579,8067,7557,8035,7440,8149,8293,8128,8026,8267,7786,7725,7386,8361,8356,7850,7373,8071,8200,8327,8215,8371,0.005813874938239308,0.005986438884792581,0.004655154678404263,0.005374325289594396,0.002618980901345639,0.006615625525027021,0.0055924221276871505,0.019639491400307078,0.0029643826057504357,0.002779632728546314,0.0019668562173194067,0.003397532792859965,0.0019527787491371532,0.003397532792859965,0.03507629029988159,0.002779632728546314,0.002618980901345639,0.0016286511114376745,0.006288411640919301,0.0027826340068374256,0.001968263855778213,0.002262636371210692,0.0029643826057504357,0.0016286511114376745,0.08609276200997074,0.0939193767381499,0.03652084053913811,0.05163088682110051,0.09194923026501059,0.06418586715927249,0.05632460380483692,0.16193884349111032,0.2121161197888462,0.23126156731971043,0.06144144529950262,0.0806309422287713,0.06357856045717118,0.0806309422287713,0.2869025773272337,0.23126156731971043,0.09194923026501059,0.11757892478932645,0.021426612110079738,0.14003140500911135,0.15213768296141542,0.20157869916690524,0.2121161197888462,0.11757892478932645
349,24,0.005321052772728533,0.001592220469255046,0.03507629029988159,0.12982698729175166,0.033477437160876596,0.2869025773272337,0,False,3,0,25,0,0,0,0,7232,8280,7579,8067,7557,8035,7440,8149,8293,8128,8026,8267,7786,7725,7386,8361,8388,8356,7850,8395,8200,8327,8215,8071,0.005633921188551609,0.005813874938239308,0.004448864076901211,0.0051579484437267445,0.002542083488586917,0.006371639310658735,0.005374325289594396,0.01944023177290221,0.0029758371123848448,0.0028053769173756885,0.0018928623937657593,0.0032873379159290106,0.001928936180284385,0.0032873379159290106,0.03507629029988159,0.0028053769173756885,0.001928936180284385,0.002542083488586917,0.001592220469255046,0.002808153444863323,0.0019429529310103029,0.0022646853121495317,0.0029758371123848448,0.002808153444863323,0.0789183651758065,0.08609276200997074,0.033477437160876596,0.04732831291934213,0.08428679440959304,0.05883704489599978,0.05163088682110051,0.14844393986685112,0.194439776473109,0.21198977004306788,0.0563213248578774,0.07391169704304036,0.14161368041907357,0.07391169704304036,0.2869025773272337,0.21198977004306788,0.14161368041907357,0.08428679440959304,0.10778068105688257,0.2116954545916854,0.1394595427146308,0.1847804742363298,0.194439776473109,0.2116954545916854
350,24,0.0052541839570531155,0.0015523386160069036,0.03507629029988159,0.1367885773534521,0.030687650730803543,0.2869025773272337,0,False,3,0,25,0,0,0,0,7232,8280,7579,8067,7557,8035,7440,8149,8293,8128,8026,8267,7786,7725,7386,8422,8361,8388,8356,7850,8395,8408,8416,8327,0.005448577550843603,0.005633921188551609,0.004248092363771514,0.004944321104276063,0.0024621539766670306,0.006127464543675341,0.0051579484437267445,0.019170395994839984,0.0030492447293543478,0.0028161173558279564,0.0018190416705734095,0.003174736562435934,0.001898526457061171,0.003174736562435934,0.03507629029988159,0.0030492447293543478,0.0028161173558279564,0.0019474892898774044,0.0024621539766670306,0.0015523386160069036,0.0028186721448589355,0.0030492447293543478,0.0019474892898774044,0.0022560960335282006,0.07234183474448928,0.0789183651758065,0.030687650730803543,0.04338428684273028,0.07726289487546029,0.05393395782133313,0.04732831291934213,0.1360736115446135,0.26156979510034994,0.1943239558728122,0.05162788111972095,0.06775238895612033,0.12981254038415077,0.06775238895612033,0.2869025773272337,0.26156979510034994,0.1943239558728122,0.2131458737174841,0.07726289487546029,0.09879895763547569,0.19405416670904493,0.26156979510034994,0.2131458737174841,0.1693821013833023
351,24,0.0051661213606745285,0.0015096530844198159,0.03507629029988159,0.13815809034511783,0.02813034650323658,0.2869025773272337,0,False,4,0,25,0,0,0,0,7232,8280,8447,7579,8067,7557,8035,7440,8149,8293,8128,8026,8267,7786,7725,7386,8422,8446,8388,8356,7850,8395,8408,8416,0.005259633940433811,0.005448577550843603,0.002295581022017324,0.004053212816617706,0.004734308747603499,0.0023800506669290765,0.005884560146731156,0.0051579484437267445,0.019170395994839984,0.003103722311234267,0.002812945787323752,0.0017458033798342812,0.0030607073309654935,0.001862429860546059,0.0030607073309654935,0.03507629029988159,0.003103722311234267,0.002006012632953463,0.001955578434580677,0.0023800506669290765,0.0015096530844198159,0.0028152849513898,0.003103722311234267,0.002006012632953463,0.06631334851578184,0.07234183474448928,0.23860025960136047,0.02813034650323658,0.03976892960583609,0.07082432030250525,0.04943946133622203,0.04732831291934213,0.1360736115446135,0.23977231217532077,0.17813029288341117,0.04732555769307754,0.0621063565431103,0.11899482868547154,0.0621063565431103,0.2869025773272337,0.23977231217532077,0.2787170509076938,0.19538371757436043,0.07082432030250525,0.09056571116585271,0.17788298614995784,0.23977231217532077,0.2787170509076938
352,24,0.005177307939798093,0.0014647595631731764,0.03507629029988159,0.12796038134785906,0.0257861509613002,0.2869025773272337,0,False,4,0,25,0,0,0,0,7232,8280,8447,7579,8067,7557,8035,7440,8149,8293,8128,8026,8267,7786,8448,8422,8446,8388,8356,7850,7725,7386,8416,8395,0.005199397307005247,0.005259633940433811,0.0023216092555583628,0.0038645042248585007,0.0045286285947228585,0.002296539875016083,0.0056441751577832,0.004944321104276063,0.01883891861106517,0.0031399442020851537,0.002797062270045624,0.0016734959505077726,0.0029461110662561065,0.001821492147247803,0.005199397307005247,0.0031399442020851537,0.0020516821403304486,0.001953955931877422,0.002296539875016083,0.0014647595631731764,0.0029461110662561065,0.03507629029988159,0.0020516821403304486,0.0027991943223368222,0.14412056947280003,0.06631334851578184,0.21871690463458043,0.0257861509613002,0.03645485213868308,0.06492229361062982,0.045319506224870194,0.04338428684273028,0.12473414391589571,0.2197912861607107,0.16328610180979358,0.043381761218654405,0.05693082683118444,0.10907859296168224,0.14412056947280003,0.2197912861607107,0.2554906299987193,0.17910174110983038,0.06492229361062982,0.08301856856869831,0.05693082683118444,0.2869025773272337,0.2554906299987193,0.1630594039707947
353,24,0.005107074196942893,0.0014181999673236357,0.03507629029988159,0.11872631040652055,0.023637305047858517,0.2869025773272337,0,False,4,0,25,0,0,0,0,7232,8280,8447,7579,8067,7557,8035,7440,8149,8293,8128,8026,8267,7786,8448,8422,8446,8388,8356,7850,7725,7386,8416,8395,0.0051210232098828825,0.0050686765772886295,0.0023348928914340332,0.0036821630142977167,0.00432786493447647,0.002212299087789536,0.005407366390092416,0.004734308747603499,0.01883891861106517,0.003158860575937203,0.00276972863352029,0.0016024122919581858,0.002831697528892237,0.001776513217521498,0.0051210232098828825,0.003158860575937203,0.0020847844952588987,0.0019434515000393993,0.002212299087789536,0.0014181999673236357,0.002831697528892237,0.03507629029988159,0.0020847844952588987,0.002771663854605388,0.13211052201673334,0.06078723613946668,0.20049049591503207,0.023637305047858517,0.033416947793792826,0.059512102476410665,0.04154288070613101,0.03976892960583609,0.12473414391589571,0.20147534564731814,0.14967892665897745,0.0397666144504332,0.05218659126191907,0.09998871021487538,0.13211052201673334,0.20147534564731814,0.2341997441654927,0.1641765960173445,0.059512102476410665,0.07610035452130678,0.05218659126191907,0.2869025773272337,0.2341997441654927,0.1494711203065618
354,24,0.0037345528076271933,0.0013704621639307767,0.018454466411916098,0.11331849523004996,0.021667529627203638,0.23382854634923245,0,False,3,0,25,0,0,0,0,7232,8280,8513,8067,8503,7557,8035,7440,8447,7579,8149,8293,8128,8026,8267,7786,8448,8422,8446,8514,8356,7850,7725,8416,0.0050268919363438145,0.004877097422420895,0.001974583661584701,0.004132483746730403,0.004645421533765417,0.0021279213889531324,0.00517501619122961,0.004645421533765417,0.0023362950587780323,0.003506314316929683,0.018454466411916098,0.003161629570959431,0.002732228979942444,0.0015327951359083369,0.0027181129942791715,0.001728239254345292,0.0050268919363438145,0.003161629570959431,0.002105825492658486,0.0021828002971852984,0.0021828002971852984,0.0013704621639307767,0.0027181129942791715,0.002105825492658486,0.12110131184867223,0.05572163312784446,0.23382854634923245,0.03063220214431009,0.11978818547201642,0.05455276060337644,0.038080973980620096,0.11978818547201642,0.18378295458877938,0.021667529627203638,0.1143396319229044,0.1846857335100416,0.1372056827707293,0.0364527299128971,0.04783770865675914,0.0916563176969691,0.12110131184867223,0.1846857335100416,0.21468309881836828,0.13788609393670978,0.13788609393670978,0.06975865831119789,0.04783770865675914,0.21468309881836828
355,24,0.0037698880362496217,0.0013219809836475503,0.018454466411916098,0.11052550479008495,0.019861902158270002,0.21434283415346306,0,False,3,0,25,0,0,0,0,7232,8280,8513,8067,8503,7557,8035,7440,8447,7579,8149,8293,8128,8527,8026,8267,7786,8448,8422,8446,8356,7850,7725,8416,0.00491929837032154,0.004686105780449082,0.0019943050824926946,0.003942846463098079,0.004544321111324231,0.0020439207470085343,0.004947849862795445,0.004661518759010149,0.002326783996355109,0.0033370220004248327,0.018454466411916098,0.003149554870968515,0.002685837217163146,0.004661518759010149,0.00146484222286301,0.0026059083773360796,0.001677357801677086,0.00491929837032154,0.003149554870968515,0.002115482964567617,0.0021461465043682206,0.0013219809836475503,0.0026059083773360796,0.002115482964567617,0.11100953586128287,0.051078163700524086,0.21434283415346306,0.028079518632284247,0.1098058366826817,0.05000669721976173,0.03490755948223509,0.19313917001601505,0.16846770837304775,0.019861902158270002,0.1143396319229044,0.16929525571753815,0.12577187587316851,0.19313917001601505,0.03341500242015567,0.04385123293536254,0.08401829122222167,0.11100953586128287,0.16929525571753815,0.19679284058350424,0.12639558610865062,0.06394543678526472,0.04385123293536254,0.19679284058350424
356,24,0.0036969005367205147,0.0012731401966356458,0.018454466411916098,0.1017120586684213,0.018206743645080833,0.19648093130734112,0,False,3,0,25,0,0,0,0,7232,8280,8513,8067,8503,7557,8035,7440,8447,7579,8149,8293,8128,8527,8026,8267,7786,8448,8422,8446,8356,7850,7725,8416,0.00480041948029188,0.0044967412748046515,0.002003260182492503,0.0037592227651827397,0.0044330090264245265,0.0019607378334185847,0.004726452420734808,0.00465472393673689,0.0023073924022226273,0.0031742976927306554,0.018454466411916098,0.003124030276714922,0.002631791274492474,0.00465472393673689,0.0013987112515593525,0.0024955475641125157,0.0016244952688131069,0.00480041948029188,0.003124030276714922,0.0021145622135397696,0.002103327937072636,0.0012731401966356458,0.0024955475641125157,0.0021145622135397696,0.10175874120617596,0.046821650058813745,0.19648093130734112,0.02573955874626056,0.10065535029245823,0.04583947245144825,0.03199859619204883,0.17704423918134712,0.15442873267529378,0.018206743645080833,0.1143396319229044,0.15518731774107664,0.11529088621707113,0.17704423918134712,0.030630418885142698,0.04019696352408233,0.07701676695370319,0.10175874120617596,0.15518731774107664,0.18039343720154555,0.1158626205995964,0.05861665038649266,0.04019696352408233,0.18039343720154555
357,24,0.00370335080457899,0.0013345245364604263,0.018454466411916098,0.10426597382391163,0.016689515007990763,0.2255883745959869,0,False,3,0,25,0,0,0,0,7232,8280,8513,8067,8503,7557,8035,7440,8447,7579,8149,8293,8128,8527,8026,8267,7786,8448,8422,8446,8356,8586,7725,8416,0.004672291422214336,0.00430988755776312,0.002002213347782073,0.0035818023692965177,0.004313354270351929,0.0018787461054824346,0.004511284473204655,0.004627032938669249,0.002279182543826855,0.003018108851763257,0.018454466411916098,0.0030864920471392744,0.0025712734318984872,0.004627032938669249,0.0013345245364604263,0.0023874157048278644,0.0015702163840525707,0.004672291422214336,0.003166092409583865,0.002103955427063609,0.002055291174240212,0.003166092409583865,0.0023874157048278644,0.002103955427063609,0.0932788461056613,0.042919845887245935,0.1801075203650627,0.02359459551740551,0.09226740443475337,0.04201951641382756,0.029332046509378096,0.16229055258290154,0.14155967161901928,0.016689515007990763,0.1143396319229044,0.14225504126265356,0.10568331236564854,0.16229055258290154,0.02807788397804747,0.03684721656374213,0.07059870304089458,0.0932788461056613,0.2255883745959869,0.1653606507680834,0.1062074022162967,0.2255883745959869,0.03684721656374213,0.1653606507680834
358,24,0.0036098443877017115,0.0012723733394534357,0.01802530405458946,0.09557714267191898,0.015298722090658199,0.20678934337965466,1,False,3,0,25,0,0,0,0,7232,8280,8513,8067,8503,7557,8035,7440,8447,7579,8149,8293,8128,8527,8026,8267,7786,8448,8422,8446,8356,8586,7725,8416,0.004536794830216225,0.004126286254450985,0.001992010577837641,0.0034107057841613023,0.004187080509846509,0.001798257946706709,0.004302697071264697,0.00458053889911374,0.0022432172441845385,0.002868385939588265,0.01802530405458946,0.003038379195762963,0.0025053960664050312,0.00458053889911374,0.0012723733394534357,0.002281827284906507,0.001515025169437575,0.004536794830216225,0.0031903423356681557,0.002084605956342661,0.002002927538657383,0.0031903423356681557,0.002281827284906507,0.002084605956342661,0.08550560893018952,0.039343192063308774,0.1650985603346408,0.021628379224288383,0.08457845406519059,0.0385178900460086,0.026887709300263254,0.14876633986765975,0.12976303231743433,0.015298722090658199,0.10481132926266236,0.13040045449076576,0.09687636966851115,0.14876633986765975,0.02573806031321018,0.03377661518343029,0.0647154777874867,0.08550560893018952,0.20678934337965466,0.15158059653740977,0.09735678536493864,0.20678934337965466,0.03377661518343029,0.15158059653740977
359,24,0.003646933066596216,0.001212321858485658,0.01802530405458946,0.09688431282701111,0.014023828583103349,0.21970247821202143,0,False,3,0,25,0,0,0,0,7232,8280,8513,8623,8067,8503,7557,8035,7440,8447,7579,8149,8293,8128,8527,8026,8267,7786,8448,8422,8446,8586,7725,8416,0.004395646900138378,0.003946550757786146,0.0019735457490801566,0.004633870184884396,0.0032459940561542287,0.004055759453934873,0.0017195307073243338,0.004100945449649847,0.004633870184884396,0.002200536542825869,0.002725028765923102,0.01802530405458946,0.002981101490086526,0.0024351920653536744,0.004517367664262624,0.001212321858485658,0.0021790338421600517,0.0014593670622433227,0.004395646900138378,0.003197895170113375,0.0020574778630084844,0.003197895170113375,0.0021790338421600517,0.0020574778630084844,0.07838014151934039,0.03606459272469971,0.15134034697342072,0.21970247821202143,0.019826014288931017,0.07753024955975804,0.03530806587550788,0.024647066858574648,0.21970247821202143,0.11894944629098146,0.014023828583103349,0.10481132926266236,0.11953374994986861,0.08880333886280188,0.1363691448786881,0.023593221953775997,0.03096189725147776,0.059322521305196135,0.07838014151934039,0.18955689809801676,0.13894888015929227,0.18955689809801676,0.03096189725147776,0.13894888015929227
360,24,0.0035719477272145757,0.0011544108685777525,0.01802530405458946,0.08917454831803334,0.01285517620117807,0.20139393836101965,0,False,3,0,25,0,0,0,0,7232,8280,8513,8623,8067,8503,7557,8035,7440,8447,7579,8149,8293,8128,8527,8026,8267,7786,8448,8422,8446,8586,7725,8416,0.004250398961464342,0.003771179590600138,0.00194773187025774,0.004661670653221919,0.003087677536955344,0.003920809161884862,0.0016427725294468733,0.003906201622957434,0.004661670653221919,0.002152139614832059,0.002587912068172228,0.01802530405458946,0.002916014603339783,0.0023616091554669273,0.004439624855268662,0.0011544108685777525,0.0020792312403496225,0.0014036318637959053,0.004250398961464342,0.0031900314048346873,0.0020235307686317554,0.0031900314048346873,0.0020792312403496225,0.0020235307686317554,0.07184846305939535,0.0330592099976414,0.1387286513923023,0.20139393836101965,0.018173846431520098,0.0710693954297782,0.03236572705254889,0.022593144620360092,0.20139393836101965,0.10903699243339966,0.01285517620117807,0.10481132926266236,0.10957260412071289,0.08140306062423505,0.12500504947213076,0.02162712012429466,0.028381739147187945,0.05437897786309646,0.07184846305939535,0.17376048992318202,0.1273698068126846,0.17376048992318202,0.028381739147187945,0.1273698068126846
361,24,0.003493092288440726,0.0010986610201490503,0.01802530405458946,0.08210726418480369,0.011783911517746564,0.184611110164268,0,False,3,0,25,0,0,0,0,7232,8280,8513,8623,8067,8503,7557,8035,7440,8447,7579,8149,8293,8128,8527,8026,8267,7786,8448,8422,8446,8586,7725,8416,0.0041024383586392545,0.0036005691333196536,0.0019154773571289274,0.004665650596577984,0.0029357237224970387,0.0037834962159761037,0.0015681478757858102,0.003718565838996838,0.004665650596577984,0.0020989714002303487,0.0024568903953006336,0.01802530405458946,0.002844401684796711,0.0022855074328541475,0.004349353936198169,0.0010986610201490503,0.0019825664430696823,0.0013481572490504756,0.0041024383586392545,0.003168138628785927,0.0019836997757791794,0.003168138628785927,0.0019825664430696823,0.0019836997757791794,0.06586109113777906,0.03030427583117128,0.12716793044294378,0.184611110164268,0.016659359228893424,0.06514694581063002,0.02966858313150315,0.020710382568663418,0.184611110164268,0.09995057639728303,0.011783911517746564,0.10481132926266236,0.10044155377732014,0.07461947223888213,0.11458796201611986,0.019824860113936773,0.026016594218255615,0.04984739637450508,0.06586109113777906,0.1592804490962502,0.11675565624496087,0.1592804490962502,0.026016594218255615,0.11675565624496087
362,24,0.0034746973744856267,0.0010450758064571757,0.01755919725778005,0.08718271503475879,0.010801918891267684,0.16922685098391232,1,False,3,0,25,0,0,0,0,7232,8280,8513,8623,8067,8503,7557,8035,7440,8447,7579,8693,8293,8128,8527,8026,8267,7786,8448,8422,8149,8446,8586,8704,0.003952993605831717,0.0034350255822916524,0.001877667103700959,0.004647734687174055,0.0027900642211995167,0.003738943524242957,0.0014957827087344819,0.0035380769178514357,0.004647734687174055,0.00204191333138661,0.002331802361279929,0.003738943524242957,0.0027674605229815697,0.0022076594387997897,0.004248504324975677,0.0010450758064571757,0.0019378646122088638,0.0012932326192407711,0.003952993605831717,0.0031336609400028203,0.01755919725778005,0.0019388800520545844,0.0031336609400028203,0.0019378646122088638,0.06037266687629747,0.027778919511907006,0.11657060290603179,0.16922685098391232,0.015271079293152304,0.14305136699307752,0.027196201203877887,0.018984517354608134,0.16922685098391232,0.09162136169750944,0.010801918891267684,0.14305136699307752,0.0920714242958768,0.06840118288564195,0.10503896518144319,0.018172788437775374,0.10718187803340098,0.045693446676629654,0.06037266687629747,0.14600707833822935,0.09607705182410715,0.10702601822454746,0.14600707833822935,0.10718187803340098
363,24,0.003440968790145016,0.0009936442167060118,0.017063348282351214,0.08382918133833295,0.009901758983662043,0.15512461340191963,2,False,3,0,25,0,0,0,0,7232,8280,8513,8623,8067,8503,7557,8035,7440,8447,7579,8693,8293,8128,8527,8026,8267,7786,8713,8149,8446,8586,8448,8422,0.0038031419269969847,0.0033592322477668368,0.0018351479607750195,0.004609980231034559,0.0026506009146966304,0.0036814811737601407,0.0014257692887092996,0.0033647215242021567,0.004609980231034559,0.0019817775312214064,0.002212474331101868,0.0036814811737601407,0.002686295452804196,0.002128752198883234,0.004138908385160901,0.0009936442167060118,0.001889008231353046,0.0012391031237281276,0.0033592322477668368,0.017063348282351214,0.0018899155640845816,0.0030880563992928193,0.0038031419269969847,0.0030880563992928193,0.05534161130327268,0.10879734288591476,0.1068563859971958,0.15512461340191963,0.01399848935205628,0.1311304197436544,0.024929851103554727,0.01740247424172412,0.15512461340191963,0.08398624822271698,0.009901758983662043,0.1311304197436544,0.08439880560455372,0.06270108431183845,0.0962857180829896,0.01665838940129409,0.0982500548639509,0.04188565945357718,0.10879734288591476,0.08807063083876489,0.09810718337250184,0.13383982181004356,0.05534161130327268,0.13383982181004356
364,24,0.00354289514445059,0.0009443430944499879,0.017063348282351214,0.09497647596804548,0.009076612401690205,0.22553089561842632,0,False,3,0,25,0,0,0,0,7232,8280,8513,8623,8737,8067,8503,7557,8035,7440,8447,7579,8693,8744,8527,8026,8267,7786,8713,8149,8293,8586,8448,8422,0.0036538184367881994,0.0033605114761026387,0.0017887181347325347,0.004554506891441523,0.0033605114761026387,0.00251721137652014,0.003612818688256755,0.0013581705778417247,0.0031984424332252956,0.004671967229514046,0.0019193038755290631,0.002098723598836693,0.003612818688256755,0.004671967229514046,0.004022266053997718,0.0009443430944499879,0.0018367826899300234,0.0011859737154715842,0.00327602312361891,0.017063348282351214,0.0026019131831174383,0.003032762387213513,0.0036538184367881994,0.003032762387213513,0.05072981036133328,0.1830642309787552,0.09795168716409615,0.14219756228509298,0.1830642309787552,0.012831948572718256,0.12020288476501652,0.022852363511591832,0.015952268054913777,0.22553089561842632,0.07698739420415723,0.009076612401690205,0.12020288476501652,0.22553089561842632,0.08826190824274045,0.015270190284519583,0.090062550291955,0.03839518783244575,0.09973089764542187,0.08807063083876489,0.07736557180417424,0.12268650332587326,0.05072981036133328,0.12268650332587326
365,24,0.003476083073542206,0.000897139222688785,0.016544358435142795,0.09631230784633926,0.008320228034882688,0.25114221173052564,1,False,3,0,25,0,0,0,0,7232,8280,8513,8623,8737,8067,8503,8764,7440,8447,7579,8693,8744,7557,8035,8713,8149,8293,8527,8026,8267,7786,8448,8422,0.003505826351701131,0.003346157146459508,0.0017391199752150822,0.00448343815154344,0.0034324542493150323,0.0023897536142622735,0.003534601806364658,0.0034324542493150323,0.0047076752513858094,0.001855159356340348,0.0019903611132214218,0.003534601806364658,0.0047076752513858094,0.001293024248178916,0.0030391458582368935,0.0031867721986728013,0.016544358435142795,0.0025152217788752002,0.0039001358660994984,0.000897139222688785,0.0017819099607817262,0.001134013137281995,0.003505826351701131,0.002969168384478995,0.046502326164555505,0.16780887839719227,0.08978904656708814,0.1303477654280019,0.25114221173052564,0.011762619524991734,0.11018597770126513,0.25114221173052564,0.20673665431689078,0.07057177802047745,0.008320228034882688,0.11018597770126513,0.20673665431689078,0.020947999885625845,0.014622912383670961,0.09141998950830338,0.08073141160220114,0.07091844082049305,0.08090674922251208,0.013997674427476283,0.0825573377676254,0.0351955888464086,0.046502326164555505,0.11246262804871715
366,24,0.0034072232059494307,0.0008519911578121888,0.016544358435142795,0.10201309295355525,0.007626875698642463,0.3135470274196485,0,False,3,0,25,0,0,0,0,7232,8280,8513,8623,8737,8067,8503,8764,7440,8447,7579,8693,8744,7557,8035,8713,8149,8293,8026,8267,8788,7786,8448,8422,0.003359847741507763,0.003317657744112129,0.001687035615704836,0.004398854141555559,0.0035734303274935226,0.0022680701991786363,0.003448389706810374,0.0034835888723363856,0.004718750589368711,0.001789939240580284,0.0018871938020274467,0.003448389706810374,0.004718750589368711,0.0012303463032083996,0.0028867079123275157,0.003092745045866882,0.016544358435142795,0.0024270321088671535,0.0008519911578121888,0.001725046391820866,0.0035734303274935226,0.001083357763470886,0.003359847741507763,0.0028985954784136324,0.04262713231750921,0.15382480519742625,0.08230662601983078,0.11948545164233505,0.3135470274196485,0.010782401231242423,0.10100381289282637,0.23021369408631517,0.1895085997904832,0.064690796518771,0.007626875698642463,0.10100381289282637,0.1895085997904832,0.019202333228490357,0.013404336351698382,0.0838016570492781,0.08073141160220114,0.06500857075211862,0.012831201558519925,0.07567755962032328,0.3135470274196485,0.03226262310920788,0.04262713231750921,0.10309074237799072
367,24,0.003423675272773804,0.0008088508345719412,0.016544358435142795,0.09947442101045083,0.0069913027237555915,0.28741810846801114,0,False,3,0,25,0,0,0,0,7232,8280,8513,8623,8737,8067,8503,8764,7440,8447,7579,8693,8744,7557,8830,8035,8713,8149,8293,8026,8788,7786,8448,8422,0.0032164544369984904,0.003276542229853448,0.001633084954012866,0.0043027550163157085,0.0036906133167722505,0.0021519918445066797,0.0033556390684748205,0.0035148211512975773,0.0047070832956859895,0.0017241695819857842,0.0017890265421507292,0.0033556390684748205,0.0047070832956859895,0.00117013432840671,0.003299406518216032,0.002740980277435289,0.0029950943355077325,0.016544358435142795,0.002338061155942874,0.0008088508345719412,0.0036906133167722505,0.0010341152440923628,0.003299406518216032,0.0028222817800521148,0.03907487129105011,0.14100607143097404,0.07544774051817822,0.10952833067214046,0.28741810846801114,0.009883867795305555,0.09258682848509084,0.21102921957912224,0.1737162164746096,0.05929989680887341,0.0069913027237555915,0.09258682848509084,0.1737162164746096,0.017602138792782825,0.12240820462438345,0.012287308322390183,0.07681818562850493,0.08073141160220114,0.05959118985610873,0.011761934761976598,0.28741810846801114,0.02957407118344056,0.12240820462438345,0.09449984717982482
368,24,0.003385137240079689,0.0007676649637298362,0.016008212606874208,0.09991780038152243,0.006408694163442625,0.2634665994290102,1,False,3,0,25,0,0,0,0,7232,8280,8513,8623,8737,8067,8503,8764,7440,8447,7579,8693,8850,8744,7557,8830,8035,8713,8149,8293,8026,8854,8448,8422,0.0030761188010349446,0.003224338679777085,0.0015778255004924061,0.004197033799416564,0.0037838453554773334,0.0020413404903375535,0.003257693937611332,0.0035273285794013526,0.004674721217232757,0.0016583107091189542,0.0016956638181178693,0.003257693937611332,0.002306936556437031,0.004674721217232757,0.0011123703911759093,0.003229969469963477,0.002601795153391311,0.002894858921191751,0.016008212606874208,0.002306936556437031,0.0007676649637298362,0.0033132701027100793,0.0033132701027100793,0.0027413728944295905,0.035818632016795936,0.12925556547839287,0.06916042880833004,0.10040096978279542,0.2634665994290102,0.009060212145696758,0.0848712594446666,0.19344345128086204,0.15923986510172547,0.054358238741467294,0.006408694163442625,0.0848712594446666,0.13795859070143301,0.15923986510172547,0.016135293893384257,0.11220752090568482,0.011263365962191,0.07041667015946285,0.07400379396868438,0.13795859070143301,0.01078177353181188,0.19554085423901818,0.19554085423901818,0.08662485991483941
369,24,0.0033578919056066734,0.0007283762431216682,0.016008212606874208,0.10656202957205602,0.005874636316489073,0.26065649700745686,0,False,4,0,25,0,0,0,0,7232,8280,8870,8864,8863,8623,8737,8067,8503,8764,7440,8513,8693,8850,8744,7557,8830,8035,8713,8447,7579,8149,8026,8422,0.0029392241464823417,0.003162541066968524,0.0010842841608432303,0.00474304266564666,0.003613331837143331,0.004083457475081172,0.0038534940018617953,0.0019359319489847871,0.00315578040218058,0.003613331837143331,0.00474304266564666,0.001521753672697566,0.00315578040218058,0.002268244313662116,0.004623795383371264,0.0010842841608432303,0.003152972393987054,0.002468969557042438,0.0027929657109411225,0.0015927613747521723,0.001606911107596957,0.016008212606874208,0.0007283762431216682,0.002656916599507374,0.03283374601539627,0.11848426835519346,0.0981240194022689,0.2293032096765817,0.26065649700745686,0.0920342223008958,0.24151104947659266,0.008305194466888694,0.07779865449094438,0.26065649700745686,0.2293032096765817,0.0633970597409692,0.07779865449094438,0.1264620414763136,0.14596987634324834,0.0981240194022689,0.10285689416354442,0.010324752132008416,0.06454861431284094,0.049828385513011685,0.005874636316489073,0.07400379396868438,0.00988329240416089,0.07940612158860279
370,24,0.0028441450710529445,0.000708743282163126,0.004784346377186896,0.12031339681809106,0.005385083290114983,0.3222684555901688,1,False,5,0,25,0,0,0,0,7232,8889,8280,8870,8864,8863,8623,8737,8067,8503,8764,7440,8902,8513,8888,8744,7557,8830,8035,8713,8447,7579,8693,8422,0.002806074647831903,0.003771774780331289,0.003092583574819216,0.0010542696634784343,0.004784346377186896,0.003676946644972726,0.0039636550749793,0.003900365123344836,0.0018355781606658043,0.0031296902993080684,0.003771774780331289,0.004784346377186896,0.000708743282163126,0.0014653071704146144,0.0031296902993080684,0.004556457260165513,0.0010542696634784343,0.003069760432832495,0.002342309038089548,0.0026902336357445696,0.0015278633096337607,0.0015225760286038813,0.003051005141095334,0.0025698609393046755,0.030097600514113247,0.3222684555901688,0.10861057932559401,0.08994701778541316,0.21019460887019986,0.23893512225683544,0.08436470377582114,0.2213851286868766,0.007613094927981303,0.15464876661669902,0.3222684555901688,0.21019460887019986,0.09239301803714749,0.058113971429221756,0.15464876661669902,0.13380571998131097,0.08994701778541316,0.09428548631658237,0.009464356121007714,0.05916956312010419,0.045676020053594044,0.005385083290114983,0.07131543328336568,0.07278894478955256
371,24,0.0028351426651698104,0.0006880189773919861,0.004800249110928823,0.14095941005919552,0.004936326349272067,0.3787460842909881,2,False,5,0,25,0,0,0,0,7232,8889,8280,8870,8864,8905,8623,8737,8914,8764,7440,8902,8513,8863,8067,8503,7557,8830,8035,8713,8447,7579,8888,8422,0.0026769046446163294,0.0040056988887087015,0.003015821647980719,0.0010227409232596108,0.004800249110928823,0.0040056988887087015,0.0038391115450200396,0.003925614695236723,0.0040056988887087015,0.0040056988887087015,0.004800249110928823,0.0006880189773919861,0.0014088681203626135,0.003718986161968164,0.001740089105119341,0.003091617671405504,0.0010227409232596108,0.002981577832524586,0.0022216108741480696,0.0025873791289734672,0.0014639059753916819,0.0014424692794408913,0.003091617671405504,0.0024810550098781524,0.027589467137937144,0.3787460842909881,0.09955969771512783,0.08245143296996206,0.19267839146434987,0.3787460842909881,0.07733431179450272,0.2029363679629702,0.3787460842909881,0.3787460842909881,0.19267839146434987,0.0846935998673852,0.053271140476786605,0.2190238620687658,0.006978670350649527,0.14176136939864076,0.08245143296996206,0.08642836245686718,0.008675659777590404,0.05423876619342884,0.04186968504912787,0.004936326349272067,0.14176136939864076,0.06672319939042318
372,24,0.0027224512084785047,0.0006836498547836526,0.004792633489211261,0.1339775652457771,0.0045249658201660615,0.3471839106000724,3,False,5,0,25,0,0,0,0,7232,8889,8280,8870,8864,8905,8623,8737,8914,8764,8939,7440,8902,8513,8863,8067,8503,7557,8830,8035,8713,8447,7579,8422,0.002551887275556289,0.004213301254907481,0.002933518897737318,0.0009900742714687672,0.004792633489211261,0.004213301254907481,0.0037111662624557643,0.0039306639950850535,0.004213301254907481,0.004213301254907481,0.0006836498547836526,0.004792633489211261,0.0006836498547836526,0.00135276673260224,0.00374058680871844,0.001649274410645663,0.0030430041238457863,0.0009900742714687672,0.0028895622583571764,0.002106666803029047,0.002485022627514466,0.0014011313565530953,0.00136640539901586,0.0023912518018106275,0.02529034487644238,0.3471839106000724,0.09126305623886717,0.07558048022246522,0.1766218588423207,0.3471839106000724,0.07088978581162748,0.186025003966056,0.3471839106000724,0.3471839106000724,0.16096913321176975,0.1766218588423207,0.16096913321176975,0.04883187877038772,0.20077187356303533,0.0063971144880954,0.129947921948754,0.07558048022246522,0.07922599891879491,0.00795268812945787,0.0497188690106431,0.038380544628367215,0.0045249658201660615,0.061162932774554576
373,24,0.002799696631290264,0.0006765298593557127,0.004763558476870748,0.14288360618120588,0.004147885335152223,0.31825191805006636,4,False,6,0,25,0,0,0,0,7232,8970,8889,8280,8870,8864,8905,8623,8737,8914,8764,8939,7440,8972,8513,8863,8067,8503,7557,8830,8035,8954,8902,7579,0.0024311424142448475,0.0028668189801799647,0.004392658271052216,0.0029202586900667687,0.0009566082343080257,0.004763558476870748,0.004392658271052216,0.0035810151870576644,0.003917121360374929,0.004392658271052216,0.004392658271052216,0.0006765298593557127,0.004763558476870748,0.0024451710008425603,0.0012972852590755635,0.0037431281249097653,0.001562944698063587,0.002985260822979339,0.0009566082343080257,0.0028668189801799647,0.0019972653455704666,0.0029202586900667687,0.0006765298593557127,0.0012942033720763112,0.023182816136738848,0.155957165675562,0.31825191805006636,0.16699113488562825,0.06928210687059311,0.16190337060546064,0.31825191805006636,0.06498230366065852,0.170522920302218,0.31825191805006636,0.31825191805006636,0.1475550387774556,0.16190337060546064,0.12890896325975618,0.044762555539522075,0.18404088409944905,0.00586402161408745,0.1191189284530245,0.06928210687059311,0.155957165675562,0.007289964118669713,0.16699113488562825,0.1475550387774556,0.004147885335152223
374,24,0.0027842899237996853,0.0006669733582342515,0.004715181207066773,0.13792108344388318,0.003802228223889538,0.29173092487922747,5,False,7,0,25,0,0,0,0,7232,8970,8889,8280,8980,8870,8864,8905,8623,8737,8914,8764,8939,7440,8972,8513,8863,8067,8503,8830,8035,8954,8902,7579,0.0023147439014957454,0.0028329821982327158,0.004542688520035251,0.002894723593310739,0.0009464392184706691,0.0009464392184706691,0.004715181207066773,0.004542688520035251,0.0034497157569765946,0.0038867125149457263,0.004542688520035251,0.004542688520035251,0.0006669733582342515,0.004715181207066773,0.0023980740826616683,0.0012426620877955992,0.003728159169864253,0.001480912693287129,0.002919743864662871,0.0028329821982327158,0.0018931937676805422,0.002894723593310739,0.0006669733582342515,0.001225687101051019,0.02125091479201061,0.1429607352025985,0.29173092487922747,0.15307520697849256,0.14684193129804368,0.14684193129804368,0.1484114230550056,0.29173092487922747,0.059567111688936976,0.15631267694369982,0.29173092487922747,0.29173092487922747,0.13525878554600096,0.1484114230550056,0.11816654965477649,0.04103234257789523,0.1687041437578283,0.005375353146246829,0.10919235108193913,0.1429607352025985,0.006682467108780571,0.15307520697849256,0.13525878554600096,0.003802228223889538
375,24,0.0027606716105594517,0.0006721909781090974,0.004663075165917336,0.13337210426800403,0.003485375871898743,0.26742001447262514,6,False,7,0,25,0,0,0,0,7232,8970,8889,8280,8980,8870,8864,8905,8623,8737,8914,8764,8939,9012,8513,8863,8067,8503,8830,8035,8954,7440,8972,7579,0.002202726087546615,0.002789372400631668,0.004663075165917336,0.0028582493019812002,0.0009328836922639078,0.0009328836922639078,0.004649690843335466,0.004663075165917336,0.0033181937695228214,0.0038412205047102417,0.004663075165917336,0.004663075165917336,0.0006721909781090974,0.0006721909781090974,0.0011890958436633237,0.0036973332521998276,0.0014029941386719264,0.0028477360437922494,0.002789372400631668,0.0017942397257026622,0.0028582493019812002,0.004649690843335466,0.002344818427688777,0.0011606857636163633,0.019480005226009723,0.13104734060238196,0.26742001447262514,0.14031893973028484,0.13460510368987336,0.13460510368987336,0.13604380446708847,0.26742001447262514,0.05460318571485889,0.14328662053172483,0.26742001447262514,0.26742001447262514,0.20732055341716754,0.20732055341716754,0.03761298069640396,0.1546454651113426,0.00492740705072626,0.10009298849177753,0.13104734060238196,0.006125594849715523,0.14031893973028484,0.13604380446708847,0.10831933718354511,0.003485375871898743
376,24,0.002934556447804968,0.0006738825850041288,0.004876778751077889,0.1552826303594443,0.0031949278825738475,0.32846834659990637,7,False,7,0,25,0,0,0,0,7232,8970,8889,8280,8980,8870,8864,8905,8623,8737,9034,8939,9012,8513,8863,8914,8764,8954,7440,8972,7579,9032,8830,9046,0.002095089710273753,0.0027372847402305743,0.004754169140893168,0.002812168925689952,0.0009163761001025175,0.0009163761001025175,0.004569254390028738,0.004754169140893168,0.003269450555060019,0.0037824355265516983,0.004876778751077889,0.0006738825850041288,0.0006738825850041288,0.0011367493987636393,0.003652351880245577,0.004876778751077889,0.004754169140893168,0.002812168925689952,0.004569254390028738,0.002345397320817397,0.0010990340727826287,0.003269450555060019,0.0027372847402305743,0.002345397320817397,0.01785667145717558,0.12012672888551679,0.24513501326657303,0.1286256947527611,0.12338801171571724,0.12338801171571724,0.12470682076149776,0.24513501326657303,0.133386253571954,0.13134606882074776,0.32846834659990637,0.19004384063240357,0.19004384063240357,0.0344785656383703,0.14175834301873072,0.32846834659990637,0.24513501326657303,0.1286256947527611,0.12470682076149776,0.18262605908491636,0.0031949278825738475,0.133386253571954,0.12012672888551679,0.18262605908491636
377,24,0.002846291815309146,0.0006723171684147138,0.0050577964544787956,0.1494114184931441,0.00292868389235936,0.3010959843832475,8,False,7,0,25,0,0,0,0,7232,8970,8889,8280,8980,8870,8864,8905,8623,8737,9034,8939,9052,9012,8513,8863,8914,8764,8954,7440,8972,7579,9032,9046,0.0019918071444458767,0.002677965889068459,0.004816882298768611,0.002757784373322395,0.0009204791461866821,0.0008973369051587969,0.004475973811736657,0.004816882298768611,0.003210500650406743,0.0037121143751781714,0.0050577964544787956,0.0006723171684147138,0.0009204791461866821,0.0006723171684147138,0.0010857537215934888,0.003594918128154155,0.0050577964544787956,0.004816882298768611,0.002757784373322395,0.004475973811736657,0.0023350924221053017,0.0010405724542121434,0.003210500650406743,0.0023350924221053017,0.016368615502410946,0.11011616814505705,0.2247070954943586,0.11790688685669766,0.19643901073940748,0.11310567740607413,0.11431458569803961,0.2247070954943586,0.12227073244095782,0.12040056308568543,0.3010959843832475,0.17420685391303659,0.19643901073940748,0.17420685391303659,0.03160535183517277,0.1299451477671698,0.3010959843832475,0.2247070954943586,0.11790688685669766,0.11431458569803961,0.16740722082784,0.00292868389235936,0.12227073244095782,0.16740722082784
378,24,0.002612271792116346,0.0006677866256222007,0.005205470565798414,0.1510628904684569,0.0026846269013294133,0.27600465235131016,9,False,6,0,25,0,0,0,0,7232,8970,8889,8280,9077,8864,8905,8623,8737,9034,8980,8870,8513,8863,8914,8764,8939,9052,9012,7579,9032,9083,8954,8972,0.0018928270626793855,0.002612596820778599,0.0048525780974093165,0.002696344277109324,0.0008987625316923652,0.004371853463611703,0.0048525780974093165,0.0031428136379330297,0.0036319488483528796,0.005205470565798414,0.0009199873332937344,0.0008987625316923652,0.0010362115164725039,0.003526699101989976,0.005205470565798414,0.0048525780974093165,0.0006850087848318593,0.0009199873332937344,0.0006677866256222007,0.0009851471536199607,0.0031428136379330297,0.0006850087848318593,0.002696344277109324,0.0023149438641196806,0.015004564210543365,0.10093982079963562,0.20598150420316205,0.10808131295197285,0.18701353762223463,0.10478837022320298,0.20598150420316205,0.11208150473754466,0.11036718282854498,0.27600465235131016,0.18006909317779018,0.18701353762223463,0.028971572515575035,0.119116385453239,0.27600465235131016,0.20598150420316205,0.24302294942028355,0.18006909317779018,0.1596896160869502,0.0026846269013294133,0.11208150473754466,0.24302294942028355,0.10808131295197285,0.15345661909218664
379,24,0.0028490619924046883,0.0006605950520298999,0.005319936714771221,0.1590806872410016,0.0024609079928852953,0.27214971218623185,10,False,6,0,25,0,0,0,0,7232,8970,8889,8280,9077,9097,8905,8623,8737,9034,9118,8980,9101,8870,8864,8863,8914,9102,8764,8939,9052,9012,8513,7579,0.001798078551879428,0.0026078459672953564,0.004862965651562372,0.0026290277570600834,0.0008959139795983179,0.0026078459672953564,0.004988381114329801,0.0030677859283022007,0.0035435422125085973,0.005319936714771221,0.00269683015510379,0.0009152894603784315,0.004368610112394872,0.0008959139795983179,0.004368610112394872,0.00344929684265648,0.005319936714771221,0.004988381114329801,0.004862965651562372,0.0006936344101364479,0.0009152894603784315,0.0006605950520298999,0.0009882006219235756,0.0009326102854512749,0.01375418385966475,0.175861502399666,0.18881637885289854,0.09907453687264177,0.17142907615371508,0.175861502399666,0.27214971218623185,0.10274137934274927,0.10116991759283289,0.25300426465536763,0.1824078702059751,0.16506333541297433,0.17938933937126939,0.17142907615371508,0.17938933937126939,0.1091900199988024,0.25300426465536763,0.27214971218623185,0.18881637885289854,0.22277103696859324,0.16506333541297433,0.14638214807970434,0.026557274805943783,0.0024609079928852953
380,24,0.002838744102893235,0.0006510497255486699,0.005402006574569836,0.15922205306039428,0.012608001871359353,0.24947056950404586,11,False,6,0,25,0,0,0,0,7232,8970,8889,8280,9077,9097,8905,8623,8737,9034,9118,8980,9101,8870,8864,8863,8914,9102,8764,8939,9124,9052,9012,8513,0.0017074747301581588,0.002591473231605679,0.004850001342232174,0.0025569332523031167,0.000912116593129326,0.002591473231605679,0.005092571931689139,0.002986725536990802,0.003448392708222419,0.005402006574569836,0.0026848170944811524,0.0009067962900680738,0.004345474575126149,0.0008891845993615372,0.004345474575126149,0.003364226790587956,0.005402006574569836,0.005092571931689139,0.004850001342232174,0.0006983958042888705,0.000912116593129326,0.0009067962900680738,0.0006510497255486699,0.0009417771506542114,0.012608001871359353,0.16120637719969383,0.173081680615157,0.09081832546658829,0.2404766531409055,0.16120637719969383,0.24947056950404586,0.09417959773085349,0.09273909112676348,0.231920575934087,0.16720721435547717,0.15130805746189313,0.16444022775699693,0.15714331980757215,0.16444022775699693,0.10009085166556886,0.231920575934087,0.24947056950404586,0.173081680615157,0.20420678388787714,0.2404766531409055,0.15130805746189313,0.13418363573972897,0.024344168572115132
381,24,0.0028297774943251927,0.0006394537584460469,0.005453044912845104,0.15428330058933123,0.011557335048746073,0.3037702653791634,12,False,6,0,25,0,0,0,0,7232,8970,8889,8280,9077,9097,8905,8623,8737,9034,9118,9164,9101,8870,8864,8863,8914,9102,8764,8980,9052,9012,8513,9124,0.0016209159090034284,0.0025646542798794876,0.004815800692952669,0.0024810716325364386,0.000922943481294258,0.0025646542798794876,0.005166018610045707,0.002900842178792217,0.003347883039989815,0.005453044912845104,0.002661501802866595,0.0009467461137018122,0.004304400666520845,0.0008789816193321522,0.004304400666520845,0.0032729028321013274,0.005453044912845104,0.005166018610045707,0.004815800692952669,0.0008949273465395774,0.0008949273465395774,0.0006394537584460469,0.0008969783644719485,0.0009467461137018122,0.011557335048746073,0.14777251243305267,0.15865820723056057,0.08325013167770592,0.22043693204583004,0.14777251243305267,0.2286813553787087,0.08633129791994903,0.08501083353286652,0.21259386127291308,0.15327327982585406,0.3037702653791634,0.15073687544391384,0.14404804315694114,0.15073687544391384,0.09174994736010478,0.21259386127291308,0.2286813553787087,0.15865820723056057,0.13869905267340202,0.13869905267340202,0.12300166609475155,0.022315487857772202,0.3037702653791634
382,24,0.0028659482981491656,0.000626100317262452,0.005474848272224708,0.1399481593224563,0.0105942237946839,0.27845607659756644,13,False,6,0,25,0,0,0,0,7232,8970,8889,8280,9077,9097,8905,8623,8737,9034,9171,9118,9164,9101,8870,8864,8863,8914,9102,8764,8980,9052,9012,8513,0.0015382923442225642,0.002528580596953278,0.004762561986185916,0.002464319561331276,0.0009286716160088311,0.002528580596953278,0.005210098154516902,0.002811241787007086,0.0032432748221887975,0.005474848272224708,0.002464319561331276,0.0026281119687497087,0.0009751187003313967,0.004247381336333664,0.0008657145375365253,0.004247381336333664,0.0031766279224777682,0.005474848272224708,0.005210098154516902,0.004762561986185916,0.0008801000195797407,0.0008801000195797407,0.000626100317262452,0.0008538252855438825,0.0105942237946839,0.13545813639696494,0.14543668996134718,0.1596459540378971,0.20206718770867751,0.13545813639696494,0.2096245757638163,0.07913702309328662,0.07792659740512764,0.19487770616683697,0.1596459540378971,0.14050050650703289,0.27845607659756644,0.13817546915692103,0.13204403956052937,0.13817546915692103,0.08410411841342938,0.19487770616683697,0.2096245757638163,0.14543668996134718,0.12714079828395183,0.12714079828395183,0.11275152725352225,0.02045586386962452
383,24,0.0027172325332713554,0.000611268264864079,0.005469530652850632,0.13332135146577553,0.009711371811793575,0.2552514035477692,14,False,7,0,25,0,0,0,0,9202,7232,8970,8889,8280,9077,9097,8905,8623,8737,9034,9171,9118,9164,9101,8870,8864,8863,8914,8764,8980,9052,9012,8513,0.0025006202120632726,0.0014594866172211473,0.002484430309328856,0.004692502113293677,0.002437750829409129,0.0009296397654216125,0.002484430309328856,0.005226581495239059,0.002718924618335559,0.003135707022184429,0.005469530652850632,0.0025006202120632726,0.002585873343425368,0.0009972456575776682,0.00417639739090689,0.0008497857192585449,0.00417639739090689,0.0030765893128666846,0.005469530652850632,0.004692502113293677,0.0008627208722476292,0.0008627208722476292,0.000611268264864079,0.0008123250513273296,0.22967545786807236,0.009711371811793575,0.12416995836388452,0.13331696579790156,0.14634212453473902,0.18522825539962104,0.12416995836388452,0.19215586111683158,0.07254227116884607,0.07143271428803366,0.17863789731960056,0.22967545786807236,0.12879213096478015,0.2552514035477692,0.1266608467271776,0.12104036959715192,0.1266608467271776,0.07709544187897693,0.17863789731960056,0.13331696579790156,0.11654573176028918,0.11654573176028918,0.10335556664906206,0.01875120854715581
384,24,0.002769497764772512,0.000772473024666225,0.005439419823704875,0.1526074967826462,0.008902090827477444,0.3173137865854551,15,False,8,0,25,0,0,0,0,9202,7232,8970,8889,8280,9229,9077,9097,8905,8623,9220,8737,9034,9171,9118,9164,9101,8870,8864,8863,8914,8764,9221,8513,0.002522659304889386,0.0013843756857425317,0.002433345139909221,0.004607804419764726,0.002464459652224135,0.001039399655537462,0.0009501174720913591,0.002433345139909221,0.00521752581815789,0.0026247861825906124,0.002464459652224135,0.0030261975355409007,0.005439419823704875,0.002522659304889386,0.00253598334130753,0.001039399655537462,0.004093376649395859,0.0008315830539131441,0.004093376649395859,0.002973857477587404,0.005439419823704875,0.004607804419764726,0.0009501174720913591,0.000772473024666225,0.21053583637906634,0.008902090827477444,0.1138224618335608,0.12220721864807642,0.21748028082351079,0.3173137865854551,0.25312590078298597,0.1138224618335608,0.17614287269042894,0.06649708190477556,0.21748028082351079,0.06547998809736419,0.1637514058763005,0.21053583637906634,0.1180594533843818,0.3173137865854551,0.11610577616657945,0.11095367213072259,0.11610577616657945,0.07067082172239551,0.1637514058763005,0.12220721864807642,0.25312590078298597,0.017188607834892823
385,24,0.0026490823669194532,0.0007342546733204628,0.005386966394300309,0.15047355150884853,0.008160249925187657,0.2908709710366672,16,False,8,0,25,0,0,0,0,9202,7232,8970,8889,8280,9244,9077,9097,8905,8623,9220,8737,9034,9171,9229,9164,9101,8870,8864,8863,8914,9118,9221,8513,0.0025312863126665504,0.001312832640481009,0.002376412943970422,0.0045105777973236194,0.0025416020194805756,0.0025416020194805756,0.0009648076605975343,0.002376412943970422,0.005185177459535604,0.0025296203267248098,0.002477702292066381,0.002915647134578445,0.005386966394300309,0.0025312863126665504,0.00107461770790861,0.00107461770790861,0.004000162672431255,0.0008114744683889258,0.004000162672431255,0.002869387929971706,0.005386966394300309,0.0024795906609654,0.0009648076605975343,0.0007342546733204628,0.19299118334747747,0.008160249925187657,0.10433725668076406,0.11202328376073671,0.2826902574215515,0.2826902574215515,0.23203207571773712,0.10433725668076406,0.16146429996622652,0.060955658412710924,0.1993569240882182,0.06002332242258384,0.15010545538660877,0.19299118334747747,0.2908709710366672,0.2908709710366672,0.10643029481936449,0.1017075327864957,0.10643029481936449,0.06478158657886256,0.15010545538660877,0.10822116560234998,0.23203207571773712,0.015756223848651753
386,24,0.002559591390591313,0.000697647234873696,0.005314666569656388,0.1524153811044435,0.007480229098088685,0.34996505678361156,0,False,9,0,25,0,0,0,0,9202,7232,8970,8889,8280,9244,9279,9077,9097,8905,8623,9220,8737,9034,9171,9229,9164,9101,8870,8864,8863,8914,9221,8513,0.0025274918385586823,0.0012447282011350458,0.0023146551693960255,0.0044028259513733976,0.002602359387035418,0.002602359387035418,0.001131272595297876,0.0009739536119044742,0.0023146551693960255,0.005185177459535604,0.002434123896836916,0.0024784031898604725,0.0028048451407790436,0.005314666569656388,0.0025274918385586823,0.0011028306874316493,0.001131272595297876,0.003898491993596613,0.0007898040645991707,0.003898491993596613,0.0027640252168755716,0.005314666569656388,0.0009739536119044742,0.000697647234873696,0.17690858473518767,0.007480229098088685,0.09564248529070038,0.10268801011400865,0.25913273596975556,0.25913273596975556,0.34996505678361156,0.21269606940792568,0.09564248529070038,0.16146429996622652,0.05587602021165168,0.1827438470808667,0.055021378887368515,0.1375966674377247,0.17690858473518767,0.26663172345027825,0.34996505678361156,0.09756110358441744,0.09323190505428773,0.09756110358441744,0.05938312103062401,0.1375966674377247,0.21269606940792568,0.01444320519459744
387,24,0.0024268040793394394,0.0006626211838003574,0.005224998588713963,0.15272855872311916,0.013239604761714319,0.3208716746389426,1,False,4,0,25,0,0,0,0,9202,7232,8970,9298,9097,8905,8623,9220,8737,8889,8280,9244,9279,9077,8864,8863,9034,9293,9229,9164,9101,8870,8513,9289,0.002512360304009445,0.0012103623261823474,0.0022490185423462987,0.0023992225865394133,0.0022490185423462987,0.005131887193397608,0.0023992225865394133,0.0024675953158688944,0.002694476277418779,0.004286425598695006,0.0026470454523782375,0.0027153125252229286,0.0011803491140595093,0.0009778758449634157,0.0037899786920766697,0.0026585084859418453,0.005224998588713963,0.0027153125252229286,0.0011241264461810696,0.0011803491140595093,0.0037899786920766697,0.0007668896399235937,0.0006626211838003574,0.0012103623261823474,0.162166202673922,0.0901902100065813,0.08767227818314201,0.13455301852734738,0.08767227818314201,0.14800894163570763,0.13455301852734738,0.16751519315746113,0.050436263980087805,0.09413067593784126,0.23753834130560925,0.3208716746389426,0.3208013020516439,0.1949713969572652,0.08943101161904932,0.05443452761140534,0.12613027848458097,0.3208716746389426,0.24441241316275505,0.3208013020516439,0.08943101161904932,0.08546257963309709,0.013239604761714319,0.0901902100065813
388,24,0.002394933906334062,0.0006291415176717597,0.0051203721855407015,0.14694562327397034,0.012136304364904791,0.29413236841903073,2,False,4,0,25,0,0,0,0,9202,7232,8970,9298,9097,8905,8623,9220,8737,8889,8280,9313,9244,9279,9077,8864,8863,9034,9293,9229,9164,9101,8870,8513,0.0024870286086383538,0.0012045291877882955,0.002180370284798954,0.0023567334074903836,0.002180370284798954,0.005060038632361948,0.0023567334074903836,0.0024463774274150946,0.0025851282571815993,0.004163112290784515,0.0026762625991634983,0.0012045291877882955,0.002810114643815086,0.0012215356136201397,0.000976951689074903,0.0036761051380028915,0.002553478119828868,0.0051203721855407015,0.002810114643815086,0.0011387245185487597,0.0012215356136201397,0.0036761051380028915,0.0007430213547759919,0.0006291415176717597,0.14865235245109518,0.16600769250603287,0.0803662550012135,0.12334026698340177,0.0803662550012135,0.13567486316606533,0.12334026698340177,0.1535555937276727,0.04623324198174715,0.08628645294302115,0.2177434795301418,0.16600769250603287,0.29413236841903073,0.29406786021400694,0.17872378054415977,0.08197842731746187,0.04989831697712156,0.11561942194419922,0.29413236841903073,0.2240447120658588,0.29406786021400694,0.08197842731746187,0.07834069799700566,0.012136304364904791
389,24,0.002356276363079121,0.0005971688792122854,0.005003089977175781,0.13470015466780616,0.011124945667829391,0.26962133771744484,3,False,4,0,25,0,0,0,0,9202,7232,8970,9298,9097,8905,8623,9220,8737,8889,8280,9313,9244,9279,9077,8864,8863,9034,9293,9229,9164,9101,8870,8513,0.002452651134592117,0.0011936677912750182,0.0021094962079071427,0.0023077375994683775,0.0021094962079071427,0.0049719896239150746,0.0023077375994683775,0.0024158774588003786,0.002477299748036376,0.004034472580915027,0.0026908417121773998,0.0011936677912750182,0.002886526924201414,0.001254728783853147,0.0009715967519006517,0.003558217794432227,0.002449483024256204,0.005003089977175781,0.002886526924201414,0.0011469502937812447,0.001254728783853147,0.003558217794432227,0.000718461326861706,0.0005971688792122854,0.1362646564135039,0.15217371813053013,0.0736690670844457,0.11306191140145161,0.0736690670844457,0.12436862456889322,0.11306191140145161,0.14075929425036662,0.04238047181660155,0.07909591519776939,0.19959818956929665,0.15217371813053013,0.26962133771744484,0.269562205196173,0.16383013216547979,0.07514689170767337,0.04574012389569476,0.10598447011551594,0.26962133771744484,0.2053743193937039,0.269562205196173,0.07514689170767337,0.07181230649725519,0.011124945667829391
390,24,0.0023458392489496857,0.0005666605303147485,0.0048753194301784505,0.1424273384611006,0.010197866862176943,0.3304320214298253,4,False,5,0,25,0,0,0,0,9202,7232,8970,9369,9298,9097,8905,8623,9220,8737,8889,8280,9313,9244,9279,9077,8864,8863,9361,9034,9293,9373,8870,8513,0.002410371055533808,0.0012087187123360394,0.0020371010828225977,0.004002572060052947,0.0022532641511806336,0.0020371010828225977,0.004870025930799269,0.0022532641511806336,0.002377222140590779,0.002371408438273498,0.004002572060052947,0.002691784799030655,0.0011783296916920859,0.0029447308096913023,0.0013130192090029394,0.0009622486651911096,0.0034375270502960175,0.002346988239790116,0.0012087187123360394,0.0048753194301784505,0.0029447308096913023,0.0013130192090029394,0.0006934439529289989,0.0005666605303147485,0.12490926837904524,0.2228259082863193,0.0675299781607419,0.15583792226462195,0.10364008545133063,0.0675299781607419,0.11400457252148545,0.10364008545133063,0.12902935306283606,0.038848765831884756,0.15583792226462195,0.1829650071051886,0.13949257495298595,0.24715289290765777,0.3304320214298253,0.1501776211516898,0.06888465073203393,0.041928446904386865,0.2228259082863193,0.09715243093922295,0.24715289290765777,0.3304320214298253,0.06582794762248392,0.010197866862176943
391,24,0.0023447904102218103,0.000537571193295765,0.004756326099568598,0.15563760865178874,0.009348044623662196,0.30289601964400653,5,False,4,0,25,0,0,0,0,9202,9389,9369,9298,9097,9386,8889,8280,9313,9244,9279,9077,8864,7232,8970,9400,9034,9293,9373,8870,8513,8905,8737,9385,0.002361297617525447,0.002014457268498811,0.003955197993773398,0.0021942782203464746,0.002014457268498811,0.002014457268498811,0.003955197993773398,0.0026802124273029946,0.0011590644853396366,0.0029852620920865413,0.0013625054275544248,0.0009493532741248202,0.003400606574448501,0.0012484217791253107,0.002014457268498811,0.003400606574448501,0.004739073948690245,0.0029852620920865413,0.0013625054275544248,0.0006681767830132765,0.000537571193295765,0.004756326099568598,0.0022677989881445875,0.0012484217791253107,0.11450016268079147,0.14523581331401342,0.14285142874257012,0.09500341166371974,0.14523581331401342,0.14523581331401342,0.14285142874257012,0.1677179231797562,0.12786819370690378,0.22655681849868628,0.30289601964400653,0.13766281938904898,0.14647759650436443,0.28759041592912604,0.14523581331401342,0.14647759650436443,0.08905639502762103,0.22655681849868628,0.30289601964400653,0.06034228532061026,0.009348044623662196,0.10450419147802832,0.03561136867922769,0.28759041592912604
392,24,0.002142520691879849,0.0005098537737006303,0.004596201622547426,0.1731737731693861,0.00856904090502368,0.3469578812683656,6,False,4,0,25,0,0,0,0,9202,9389,9369,9298,9097,9386,8889,8280,9313,9244,9279,9077,8864,7232,8970,9400,9034,9293,9373,8870,8513,9421,9431,9385,0.002306488868195395,0.0019847118371378197,0.0038941940277833734,0.0021316735165998043,0.0019847118371378197,0.0019847118371378197,0.0038941940277833734,0.0026573172139722975,0.001136408192242097,0.0030089430687346296,0.0014029941155857951,0.0009333532710637992,0.003351558810458627,0.0013130327389892413,0.0019847118371378197,0.003351558810458627,0.004596201622547426,0.0030089430687346296,0.0014029941155857951,0.0006428417971618331,0.0005098537737006303,0.0013130327389892413,0.0013130327389892413,0.0013130327389892413,0.10495848245739217,0.13313282887117897,0.1309471430140226,0.0870864606917431,0.13313282887117897,0.13313282887117897,0.1309471430140226,0.15374142958144318,0.11721251089799513,0.20767708362379575,0.27765468467367266,0.1261909177732949,0.13427113012900072,0.3469578812683656,0.13313282887117897,0.13427113012900072,0.08163502877531927,0.20767708362379575,0.27765468467367266,0.05531376154389274,0.00856904090502368,0.3469578812683656,0.3469578812683656,0.3469578812683656
393,24,0.002124288185076814,0.0004834599779167039,0.004448380242465832,0.165687069849715,0.007854954162938372,0.4013780578293351,7,False,5,0,25,0,0,0,0,9202,9389,9453,9369,9298,9097,9386,8889,8280,9313,9244,9279,9077,8864,7232,8970,9400,9034,9293,9373,8870,8513,9421,9385,0.0022469392024758706,0.001948788109436992,0.0014041431644618333,0.0038213681093289113,0.002066267990132685,0.001948788109436992,0.001948788109436992,0.0038213681093289113,0.002624323970209649,0.0011108743194158854,0.00301681649409178,0.0014345081988033355,0.0009146791562587679,0.003291944249607357,0.0013688408768605855,0.001948788109436992,0.003291944249607357,0.004448380242465832,0.00301681649409178,0.0014345081988033355,0.0006175969589125653,0.0004834599779167039,0.0014041431644618333,0.0013688408768605855,0.09621194225260948,0.12203842646524739,0.4013780578293351,0.12003488109618739,0.07982925563409783,0.12203842646524739,0.12203842646524739,0.12003488109618739,0.14092964378298958,0.10744480165649553,0.19037065998847943,0.25451679428419993,0.11567500795885365,0.12308186928491732,0.31804472449600174,0.12203842646524739,0.12308186928491732,0.07483210971070932,0.19037065998847943,0.25451679428419993,0.05070428141523501,0.007854954162938372,0.4013780578293351,0.31804472449600174
394,24,0.0022795155717783497,0.00045834083777279575,0.004407939587166247,0.15937859576310912,0.007200374649360174,0.3748743307880016,8,False,4,0,25,0,0,0,0,9474,9473,9470,9298,9097,9202,9389,9453,9369,8889,8280,9313,9244,9279,9077,8864,9386,9400,9034,9293,9373,8870,8513,9385,0.003087713821481502,0.004407939587166247,0.0014520170885163012,0.001998802206487139,0.0019075776684346294,0.0021835710489355193,0.0019075776684346294,0.0014863073192934175,0.003738460246266225,0.003738460246266225,0.00258245661294564,0.0010829473132261103,0.0030100840155506616,0.00145725537308962,0.0008937423300490639,0.0032232723841404648,0.0019075776684346294,0.0032232723841404648,0.004407939587166247,0.003087713821481502,0.00145725537308962,0.0005925779424162954,0.00045834083777279575,0.001415511177895446,0.25783977165610616,0.15192943390148356,0.3748743307880016,0.07317681766458968,0.11186855759314343,0.08819428039822536,0.11186855759314343,0.36792988634355717,0.11003197433817177,0.11003197433817177,0.12918550680107377,0.0984910681851209,0.1745064383227728,0.23330706142718327,0.10603542396228251,0.11282504684450755,0.11186855759314343,0.11282504684450755,0.15192943390148356,0.25783977165610616,0.23330706142718327,0.04647892463063209,0.007200374649360174,0.29154099745466827
395,24,0.0024182429546004817,0.000567899950479836,0.004351001810992623,0.15705104180403115,0.04260568091141275,0.34363480322233475,9,False,4,0,25,0,0,0,0,9474,9473,9470,9298,9097,9202,9389,9453,9369,8889,8280,9313,9244,9279,9077,9488,9386,9400,9034,9293,9373,8870,8864,9496,0.003139596875370701,0.004351001810992623,0.0015256150693885348,0.0019299398437990834,0.0018619274218832536,0.0021172300232070902,0.0018619274218832536,0.0015586087787489383,0.003741177405410733,0.003647118534438185,0.0025329115958215033,0.0010530780805799481,0.0029900508552198747,0.0014715949450351885,0.0008709300759692528,0.003741177405410733,0.0019099463687536334,0.0031469792239335248,0.004351001810992623,0.003139596875370701,0.0014715949450351885,0.000567899950479836,0.0031469792239335248,0.0019099463687536334,0.2363531240180973,0.13926864774302658,0.34363480322233475,0.06707874952587387,0.1025461777937148,0.08084475703170657,0.1025461777937148,0.33726906248159405,0.18419597647665747,0.10086264314332412,0.11842004790098429,0.09028347916969416,0.15996423512920838,0.21386480630825133,0.0971991386320923,0.18419597647665747,0.18587951112704815,0.10342295960746524,0.13926864774302658,0.2363531240180973,0.21386480630825133,0.04260568091141275,0.10342295960746524,0.18587951112704815
396,24,0.002310501597164173,0.0005436595587073962,0.004279596292747841,0.15281295963137434,0.039055207502128354,0.3149985696204735,10,False,4,0,25,0,0,0,0,9474,9473,9470,9298,9097,9202,9389,9453,9369,8889,8280,9313,9244,9279,9077,9488,9386,9507,9034,9293,9373,8870,8864,9515,0.0031731970467380687,0.004279596292747841,0.0015889789820621053,0.001908246011739813,0.0018126304340258666,0.0020486829096240554,0.0018126304340258666,0.0016204511942341999,0.003726378122581269,0.0035488823994262566,0.002476837369484145,0.0010480303256376988,0.0029580777171109235,0.0014780049944829246,0.0008466021745386233,0.003726378122581269,0.0019032883126166645,0.001908246011739813,0.004279596292747841,0.0031731970467380687,0.0014780049944829246,0.0005436595587073962,0.0030644112582288233,0.0010480303256376988,0.2166570303499225,0.12766292709777435,0.3149985696204735,0.14482218706538438,0.0940006629775719,0.07410769394573102,0.0940006629775719,0.3091633072747945,0.16884631177026935,0.09245742288138044,0.10855171057590227,0.16609318923888633,0.14663388220177434,0.19604273911589704,0.08909921041275128,0.16884631177026935,0.1703895518664608,0.14482218706538438,0.12766292709777435,0.2166570303499225,0.19604273911589704,0.039055207502128354,0.09480437964017646,0.16609318923888633
397,24,0.002320632353889071,0.0005199365362856047,0.00419570157078325,0.14718708795689636,0.03580060687695099,0.28874868881876736,11,False,4,0,25,0,0,0,0,9474,9473,9470,9298,9097,9202,9389,9453,9369,8889,8280,9313,9244,9279,9077,9488,9386,9507,9034,9293,9373,8870,8864,9544,0.003189512505528062,0.00419570157078325,0.0016417534882344129,0.0018798510932174282,0.0017604199747495947,0.001978617887070351,0.0017604199747495947,0.001671536765483277,0.0036957140925021072,0.0034451719653153,0.002415319234574339,0.001038604970917299,0.0029155402763618443,0.0014770513439093546,0.0008210888866596646,0.0036957140925021072,0.00193714519408829,0.0018798510932174282,0.00419570157078325,0.003189512505528062,0.0014770513439093546,0.0005199365362856047,0.002976814932879436,0.00193714519408829,0.19860227782076229,0.11702434983962648,0.28874868881876736,0.13275367147660236,0.08616727439610757,0.06793205278358677,0.08616727439610757,0.2833996983352283,0.15477578578941356,0.0847526376412654,0.09950573469457707,0.1522520901356458,0.13441439201829314,0.17970584418957228,0.08167427621168867,0.15477578578941356,0.23952375587758906,0.13275367147660236,0.11702434983962648,0.19860227782076229,0.17970584418957228,0.03580060687695099,0.08690401467016175,0.23952375587758906
398,24,0.0022276460774597272,0.0005096079225420348,0.004101212508135572,0.13408484924171396,0.062271048384954536,0.26468629808387006,12,False,4,0,25,0,0,0,0,9474,9473,9470,9298,9097,9202,9389,9453,9369,8889,8280,9313,9244,9279,9077,9488,9386,9507,9034,9293,9373,8870,8864,9573,0.0031897404723882717,0.004101212508135572,0.0016838547920358636,0.001845629353683111,0.0017059662441527403,0.001907646480993259,0.0017059662441527403,0.0017118352195600952,0.0036508856807497825,0.003337282493224282,0.0023493688796853564,0.0010252818656710616,0.0028637961392498513,0.0014693593441501406,0.0007946900577262135,0.0036508856807497825,0.001959616153592972,0.001845629353683111,0.004101212508135572,0.0031897404723882717,0.0014693593441501406,0.0005096079225420348,0.002885330725691198,0.0005096079225420348,0.18205208800236541,0.10727232068632427,0.26468629808387006,0.12169086552021882,0.07898666819643194,0.062271048384954536,0.07898666819643194,0.25978305680729263,0.14187780364029576,0.07768991783782661,0.09121359013669565,0.13956441595767533,0.12321319268343538,0.16473035717377457,0.07486808652738128,0.14187780364029576,0.21956344288778998,0.12169086552021882,0.10727232068632427,0.18205208800236541,0.16473035717377457,0.11615055630387175,0.07966201344764827,0.11615055630387175
399,24,0.002331411199840554,0.0004980094265283657,0.003997916260615938,0.14141139233107666,0.05708179435287499,0.2845998226471408,13,False,5,0,25,0,0,0,0,9474,9473,9595,9470,9298,9097,9202,9389,9453,9369,8889,8280,9313,9592,9077,9488,9386,9507,9034,9293,9244,9373,8870,8864,0.0031752153049524967,0.003997916260615938,0.003257103832528031,0.0017154351839342341,0.0018064245175007513,0.0016498752639481954,0.0018363067936760583,0.0016498752639481954,0.0017415469625204972,0.0035935952246648,0.003226382904661919,0.0022799178819664936,0.001008539222152107,0.0020221354680755614,0.000767675114034122,0.0035935952246648,0.0020221354680755614,0.0018064245175007513,0.003997916260615938,0.003257103832528031,0.0028041588342403796,0.0014555890772119295,0.0004980094265283657,0.002790990955628142,0.16688108066883495,0.09833296062913058,0.25021441400216826,0.2426291065768809,0.11154996006020058,0.07240444584672927,0.05708179435287499,0.07240444584672927,0.23813446874001823,0.13005465333693778,0.07121575801800772,0.08361245762530435,0.12793404796120236,0.2845998226471408,0.06862907931676616,0.13005465333693778,0.2845998226471408,0.11154996006020058,0.09833296062913058,0.25021441400216826,0.11294542662648242,0.15100282740929336,0.1064713432785491,0.07302351232701092
400,24,0.0021094886766577173,0.00048535728247863316,0.0038874758639837683,0.13785524266092777,0.05232497815680207,0.26088317075987905,14,False,5,0,25,0,0,0,0,9474,9473,9595,9470,9298,9097,9202,9389,9612,8889,8280,9607,9592,9077,9488,9386,9453,9369,9507,9313,9244,9373,8870,8864,0.003147353816738181,0.0038874758639837683,0.003304767272257852,0.0017368443243192134,0.001763037632416644,0.0015926894747866891,0.0017650676343665631,0.0016337647983314918,0.0010143456814608563,0.0031135175022591094,0.002207814473298026,0.0016337647983314918,0.0020715826120518894,0.0007402837482191702,0.0035255094343072924,0.0020715826120518894,0.0017610635606257678,0.0035255094343072924,0.001763037632416644,0.0010143456814608563,0.002737878183897769,0.0014364142451996763,0.00048535728247863316,0.002694720540218446,0.15297432394643204,0.0901385472433697,0.2293632128353209,0.2224100143621408,0.10225413005518387,0.0663707420261685,0.05232497815680207,0.14970407535950184,0.20060621063110218,0.06528111151650708,0.07664475282319565,0.14970407535950184,0.26088317075987905,0.06290998937370232,0.11921676555885963,0.26088317075987905,0.21828992967835004,0.11921676555885963,0.10225413005518387,0.20060621063110218,0.10353330774094222,0.1384192584585189,0.09759873133867,0.06693821963309333
401,24,0.0021794734013588788,0.00047185248774554657,0.003868684843877882,0.13146769527471627,0.0479645633104019,0.23914290652988912,15,False,5,0,25,0,0,0,0,9474,9473,9595,9470,9298,9097,9625,9389,9612,8889,8280,9607,9592,9077,9488,9202,9386,9453,9369,9507,9313,9244,8870,8864,0.003107608505379686,0.003868684843877882,0.0033336021141864907,0.001748589917878789,0.0017162184892407985,0.0015348896335632268,0.003868684843877882,0.0016116564335891957,0.0010149877199829664,0.002999610110155652,0.002133822926323761,0.0016116564335891957,0.002108187872219231,0.0007127271174696043,0.0034482302333423854,0.0016943332364896175,0.002108187872219231,0.001770928099446097,0.0034482302333423854,0.0017162184892407985,0.0010149877199829664,0.0026661262920582482,0.00047185248774554657,0.002597340007411455,0.1402264636175627,0.1659603349730889,0.21024961176571083,0.20387584649862905,0.09373295255058521,0.06083984685732112,0.1659603349730889,0.13722873574621,0.18388902641184365,0.059841018890131485,0.07025769008792934,0.13722873574621,0.23914290652988912,0.05766749025922712,0.10928203509562132,0.0479645633104019,0.23914290652988912,0.2000991022051542,0.10928203509562132,0.09373295255058521,0.18388902641184365,0.09490553209586369,0.08946550372711416,0.061360034663668885
402,24,0.0020785672093502094,0.0004576796476538214,0.0038337495558606275,0.13092520587059017,0.04396751636786841,0.2667575103547247,16,False,5,0,25,0,0,0,0,9474,9473,9595,9470,9298,9097,9625,9389,9665,9612,8889,8280,9607,9592,9077,9488,9202,9386,9453,9507,9313,9244,8870,8864,0.0030574287936760073,0.0038337495558606275,0.0033447342337386146,0.0017512998099559816,0.001666660073450992,0.0014768976619642094,0.0038337495558606275,0.001584301613230215,0.0018174918438522598,0.0010108857355992712,0.002885469968855024,0.0020586249812252185,0.001584301613230215,0.0021324154499754336,0.0006851894052177072,0.0033632731667445057,0.0016244483089836142,0.0021324154499754336,0.0018174918438522598,0.001666660073450992,0.0010108857355992712,0.0025899883379512083,0.0004576796476538214,0.0024995701645015218,0.1285409249827658,0.15213030705866482,0.19272881078523493,0.18688619262374329,0.08592187317136978,0.05576985961921103,0.15213030705866482,0.12579300776735916,0.2667575103547247,0.16856494087752336,0.05485426731595386,0.0644028825806019,0.12579300776735916,0.21921433098573168,0.05286186607095819,0.10017519883765287,0.04396751636786841,0.21921433098573168,0.2667575103547247,0.08592187317136978,0.16856494087752336,0.08699673775454171,0.08201004508318797,0.056246698441696476
403,24,0.002041751223678852,0.00044300645041605506,0.0037844415654618045,0.12001477204804097,0.04030355667054604,0.24452771782516433,17,False,5,0,25,0,0,0,0,9474,9473,9595,9470,9298,9097,9625,9389,9665,9612,8889,8280,9607,9592,9077,9488,9202,9386,9453,9507,9313,9244,8870,8864,0.0029982299702214507,0.0037844415654618045,0.003339474954403684,0.0017456869458579985,0.00161499553584831,0.0014190801533645948,0.0037844415654618045,0.001552430584547108,0.0018526530446375507,0.0010024882387786288,0.00277179882821802,0.0019828228077338615,0.001552430584547108,0.0021449153892475242,0.0006578296225955981,0.0032720523963343197,0.0015557032217906796,0.0021449153892475242,0.0018526530446375507,0.00161499553584831,0.0010024882387786288,0.0025104573789916282,0.00044300645041605506,0.0024020379213227075,0.11782918123420197,0.13945278147044274,0.17666807655313202,0.17131234323843134,0.07876171707375562,0.051122371317610105,0.13945278147044274,0.11531025712007922,0.24452771782516433,0.15451786247106308,0.0502830783729577,0.059035975698885065,0.11531025712007922,0.20094647007025404,0.048456710565045004,0.09182726560118179,0.04030355667054604,0.20094647007025404,0.24452771782516433,0.07876171707375562,0.15451786247106308,0.0797470096083299,0.07517587465958897,0.0515594735715551
404,24,0.0019998697732774577,0.000427983644375627,0.003722526009688247,0.11001354104403754,0.036944926948000535,0.22415040800640063,18,False,5,0,25,0,0,0,0,9474,9473,9595,9470,9298,9097,9625,9389,9665,9612,8889,8280,9607,9592,9077,9488,9202,9386,9453,9507,9313,9244,8870,8864,0.002931369236015168,0.003722526009688247,0.003319258648622037,0.0017325181119268386,0.0015617972016011682,0.0013617522973796076,0.003722526009688247,0.0015167407891880267,0.001876772482444503,0.0009902566781339107,0.002659198783287767,0.0019069430715695887,0.0015167407891880267,0.0021464775897254203,0.0006307835493398923,0.0031758712796917743,0.0014883391713773643,0.0021464775897254203,0.001876772482444503,0.0015617972016011682,0.0009902566781339107,0.0024284324098660507,0.000427983644375627,0.002305282853644722,0.10801008279801846,0.12783171634790583,0.161945736840371,0.1570363146352287,0.07219824065094264,0.04686217370780926,0.12783171634790583,0.10570106902673929,0.22415040800640063,0.1416413739318078,0.04609282184187789,0.05411631105731131,0.10570106902673929,0.18420093089773287,0.04441865135129125,0.08417499346774997,0.036944926948000535,0.18420093089773287,0.22415040800640063,0.07219824065094264,0.1416413739318078,0.0731014254743024,0.06891121843795656,0.04726285077392551
405,24,0.0019372062984863317,0.0004127454037452707,0.003649724312790631,0.10063998105549832,0.040717097072016976,0.20547120733920057,19,False,5,0,25,0,0,0,0,9474,9473,9595,9470,9298,9097,9625,9389,9665,9612,8889,8280,9607,9592,9077,9488,9202,9386,9736,9507,9313,9244,8870,8864,0.0028581280954890144,0.003649724312790631,0.003285588242372973,0.0017125869424573976,0.0015075771825034676,0.0013051820285571287,0.003649724312790631,0.001477888449905219,0.0018903856392879295,0.0009746528189465726,0.0025481804884552304,0.0018314417462164572,0.001477888449905219,0.0021379895588527578,0.0006041657346232973,0.0030759175595436008,0.0014592407350589728,0.0021379895588527578,0.0014592407350589728,0.0015075771825034676,0.0009746528189465726,0.0023447189936694163,0.0004127454037452707,0.0022097641731390083,0.09900924256485026,0.11717907331891367,0.14845025877034007,0.14394995508229297,0.06618172059669743,0.04295699256549182,0.11717907331891367,0.09689264660784434,0.20547120733920057,0.12983792610415715,0.04225175335505473,0.04960661846920203,0.09689264660784434,0.1688508533229218,0.040717097072016976,0.0771604106787708,0.1171995163690005,0.1688508533229218,0.1171995163690005,0.06618172059669743,0.12983792610415715,0.06700964001811054,0.06316861690146017,0.04332427987609838
406,24,0.001942581431365161,0.00039740998402809706,0.0035676855095381713,0.10880526869507146,0.037324005649348894,0.23811328221267833,20,False,7,0,25,0,0,0,0,9761,9474,9473,9595,9470,9756,9298,9097,9625,9389,9665,9612,8889,8280,9607,9592,9077,9488,9202,9386,9736,9244,8870,8864,0.002175083837254996,0.002779700250598676,0.0035676855095381713,0.0032399891058790724,0.0016866913345485745,0.0014735296807205523,0.0014527892095127345,0.001249594247218051,0.0035676855095381713,0.0014364829109221827,0.001894161495113571,0.0009561285879568633,0.0024391714650297126,0.001756709377144357,0.0014735296807205523,0.0021203989325223427,0.0005780714963288053,0.002973262259886583,0.001426447969551813,0.002175083837254996,0.001426447969551813,0.0022600318607000143,0.00039740998402809706,0.002115867841243159,0.23811328221267833,0.09075847235111273,0.10741415054233752,0.13607940387281173,0.1319541254921019,0.17215159272385733,0.06066657721363931,0.03937724318503417,0.10741415054233752,0.08881825939052397,0.1883486067276005,0.11901809892881071,0.03873077390880017,0.045472733596768525,0.17215159272385733,0.154779948879345,0.037324005649348894,0.0707303764555399,0.10743289000491713,0.23811328221267833,0.10743289000491713,0.06142550334993466,0.05790456549300515,0.03971392321975685
407,24,0.0019594840081099255,0.0005525788726030894,0.0034779652386291693,0.11892722856040716,0.034213671845236486,0.2411389599968692,21,False,7,0,25,0,0,0,0,9761,9474,9473,9595,9470,9756,9298,9097,9625,9773,9389,9665,9612,8889,8280,9607,9772,9592,9077,9488,9202,9386,9244,8864,0.002199445802448708,0.002697184142534152,0.0034779652386291693,0.00318397127060176,0.0016983133309293908,0.0015004821042939223,0.0013978313568405814,0.0011951749961693695,0.0034779652386291693,0.0015004821042939223,0.0013930832888811705,0.001888864305375884,0.0009351182038948775,0.0023325242854406306,0.0016830765648375677,0.0014627577097115426,0.0016983133309293908,0.002094681280329985,0.0005525788726030894,0.002868861476474308,0.0013905829085988617,0.002199445802448708,0.0021749989543213303,0.002023913625420719,0.21827050869495512,0.08319526632185333,0.09846297133047606,0.12473945355007741,0.2042912817010934,0.2411389599968692,0.055611029112502694,0.03609580625294798,0.09846297133047606,0.2411389599968692,0.08141673777464697,0.17265288950030047,0.10909992401807649,0.03550320941640015,0.041683339130371144,0.15780562666353587,0.2042912817010934,0.14188161980606623,0.034213671845236486,0.06483617841757823,0.09848014917117402,0.21827050869495512,0.056306711404106764,0.03640442961811045
408,24,0.002018330235702024,0.0005277504922913493,0.0034692331578423086,0.12858725220779912,0.03136253252480011,0.3043773799971301,22,False,6,0,25,0,0,0,0,9761,9474,9473,9795,9756,9298,9097,9625,9794,9773,9389,9797,9470,8889,8280,9607,9772,9592,9077,9488,9202,9386,9244,8864,0.002211753893528816,0.0026115793177197877,0.0034692331578423086,0.003199438255501513,0.0015577385206363545,0.001343049381713269,0.0011420755071245101,0.003382011377475722,0.0034692331578423086,0.0015185746129559553,0.0013481970126540334,0.0015577385206363545,0.0017011432404996512,0.0022285244745473966,0.00161081948470671,0.0014462415082025525,0.0017011432404996512,0.002061813310618831,0.0005277504922913493,0.002763560351169933,0.0013522245115661566,0.002211753893528816,0.0020901664856098658,0.0019341619479767299,0.2000812996370422,0.07626232746169888,0.1735910570529364,0.1976778324209043,0.3043773799971301,0.0509767766864608,0.03308782239853565,0.09025772371960306,0.1735910570529364,0.22104404666379676,0.07463200962675973,0.3043773799971301,0.18726700822600229,0.03254460863170014,0.03820972753617355,0.14465515777490787,0.18726700822600229,0.13005815148889405,0.03136253252480011,0.05943316354944671,0.09027347007357618,0.2000812996370422,0.051614485453764535,0.033370727149934575
409,24,0.001953002473481162,0.0005036353412990333,0.0034452607507551836,0.12480528691178326,0.028748988147733433,0.2790125983307026,23,False,6,0,25,0,0,0,0,9761,9474,9473,9795,9756,9298,9097,9625,9794,9773,9389,9797,9470,8889,8280,9607,9772,9592,9077,9488,9202,9386,9244,9822,0.0022128284794156136,0.0025237858569979563,0.0034452607507551836,0.0031988385482985245,0.00160469450219675,0.0012887404532450199,0.0011185377911619096,0.0032811552766737534,0.0034452607507551836,0.001528259314531741,0.0013022798654921995,0.00160469450219675,0.0016958720049396476,0.0021273980157333647,0.0015401653061274463,0.0014246546173143212,0.0016958720049396476,0.002022751296705958,0.0005036353412990333,0.0026580986235774846,0.001311905154858889,0.0022128284794156136,0.0020060046357539885,0.0011185377911619096,0.183407858000622,0.0699071335065573,0.15912513563185837,0.18120467971916226,0.2790125983307026,0.04672871196258906,0.11366383719865769,0.08273624674296946,0.15912513563185837,0.20262370944181368,0.06841267549119641,0.2790125983307026,0.17166142420716876,0.029832557912391793,0.03502558357482575,0.13260056129366554,0.17166142420716876,0.11921997219815288,0.028748988147733433,0.05448039992032615,0.08275068090077817,0.183407858000622,0.04731327833261749,0.11366383719865769
410,24,0.0019305281929833569,0.00048027041031417964,0.003407619001747647,0.117014193664153,0.026353239135422313,0.2557615484698107,24,False,6,0,25,0,0,0,0,9761,9474,9473,9795,9756,9298,9097,9625,9794,9773,9389,9797,9470,9841,8889,8280,9607,9772,9592,9077,9488,9202,9244,9822,0.0022035885246284768,0.0024973944691189715,0.003407619001747647,0.0031835162447011495,0.00164136334370881,0.001235157088410789,0.0010923191887764546,0.0031766075944875093,0.003407619001747647,0.0015300910284467713,0.0012557371858695227,0.00164136334370881,0.0016832435280705934,0.0024973944691189715,0.00202931838766982,0.0014712974098363882,0.0013986595168398311,0.0016832435280705934,0.001978414345603897,0.00048027041031417964,0.0025531172535012453,0.0012701089632207129,0.0019229136152253228,0.0010923191887764546,0.1681238698339035,0.14741487238101086,0.14586470766253684,0.16610428974256541,0.2557615484698107,0.04283465263237331,0.10419185076543622,0.07584155951438867,0.14586470766253684,0.18573840032166253,0.06271161920026337,0.2557615484698107,0.15735630552323804,0.14741487238101086,0.027346511419692476,0.03210678494359027,0.12155051451919341,0.15735630552323804,0.10928497451497346,0.026353239135422313,0.0499403665936323,0.07585479082571332,0.0433705051382327,0.10419185076543622
411,24,0.0018904082021142313,0.00045768221593412225,0.003357893611453187,0.10726301085880692,0.02415713587413712,0.23444808609732645,25,False,6,0,25,0,0,0,0,9761,9474,9473,9795,9756,9298,9097,9625,9794,9773,9389,9797,9470,9841,8889,8280,9607,9772,9592,9077,9488,9202,9244,9822,0.0021850132095048973,0.002462020204522559,0.003357893611453187,0.0031548954224694887,0.0016679720768053715,0.0011825111522738615,0.0010638888722372705,0.0030694578092927195,0.003357893611453187,0.0015246968812144032,0.0012089259293186602,0.0016679720768053715,0.0016640283567238756,0.002462020204522559,0.0019344130879966606,0.0014043603333215014,0.0013688953943888744,0.0016640283567238756,0.0019296720083228339,0.00045768221593412225,0.0024491657004537624,0.0012272716122015068,0.0018412298505637277,0.0010638888722372705,0.15411354734774488,0.1351302996825933,0.13370931535732544,0.15226226559735162,0.23444808609732645,0.039265098246342195,0.0955091965349832,0.06952142955485628,0.13370931535732544,0.1702602002948573,0.05748565093357475,0.23444808609732645,0.1442432800629682,0.1351302996825933,0.025067635468051436,0.02943121953162441,0.11142130497592728,0.1442432800629682,0.10017789330539234,0.02415713587413712,0.04577866937749628,0.06953355825690388,0.03975629637671331,0.0955091965349832
412,24,0.0019136125360492146,0.00043588819234039415,0.0032976474136283095,0.11420014653423198,0.022144041217959026,0.2982440789225492,26,False,5,0,25,0,0,0,0,9761,9474,9473,9901,9298,9097,9910,9773,9389,9795,9756,8889,8280,9607,9772,9592,9077,9488,9625,9794,9899,9841,9244,9822,0.002158109013493343,0.002418809978249261,0.0032976474136283095,0.002481190877993257,0.001130977813293991,0.001033681606924385,0.0018066541467567931,0.0015127492477489425,0.0011621573392986031,0.0031144336627877203,0.0016849235299910895,0.0018427696238102116,0.001339464398389961,0.0013359689846698913,0.0016390016431210557,0.0018773356700773122,0.00043588819234039415,0.002346709529558226,0.002960676585918325,0.0032976474136283095,0.0017283775618273359,0.002481190877993257,0.0018066541467567931,0.001033681606924385,0.1412707517354328,0.12386944137571052,0.12256687241088166,0.20720277470904386,0.035993006725813674,0.0875500968237346,0.11977660501198721,0.15607185027028586,0.05269518002244352,0.13957374346423898,0.2149107455892159,0.022978665845713814,0.02697861790398904,0.10213619622793334,0.1322230067243875,0.09182973552994297,0.022144041217959026,0.04196378026270492,0.06372797709195159,0.12256687241088166,0.2982440789225492,0.20720277470904386,0.11977660501198721,0.0875500968237346
413,24,0.0019353900453507372,0.0004148979545054598,0.0032283908581837504,0.12574352838834227,0.020298704449795774,0.28033485012344794,27,False,5,0,25,0,0,0,0,9761,9474,9473,9901,9298,9097,9910,9773,9389,9795,9756,8889,8280,9933,9592,9077,9488,9625,9794,9899,9922,9841,9244,9822,0.0021238823627986875,0.0023688746996622786,0.0032283908581837504,0.0024873528797079584,0.001080699372907844,0.0010020955756987766,0.0017673293780377836,0.0014949424376596143,0.0011157000184670008,0.003063583600798226,0.0017364147435781543,0.0017544409668460814,0.0012766899945412002,0.002551501494941185,0.0018221531440957778,0.0004148979545054598,0.002246138085873658,0.0028511202787529664,0.0032283908581837504,0.001777421190921638,0.0017364147435781543,0.002551501494941185,0.0017673293780377836,0.0010020955756987766,0.1294981890908134,0.11354698792773464,0.11235296637664151,0.18993587681662352,0.03299358949866253,0.08025425542175671,0.10979522126098827,0.14306586274776203,0.048303915020573227,0.1279425981755524,0.28033485012344794,0.02106377702523766,0.024730399745323286,0.27326921014995686,0.08417725756911439,0.020298704449795774,0.03846679857414617,0.05841731233428896,0.11235296637664151,0.27339040567900347,0.28033485012344794,0.27326921014995686,0.10979522126098827,0.08025425542175671
414,24,0.001902493335970714,0.00039471443671942647,0.0031515597999301186,0.11526490102264704,0.018607145745646127,0.2569736126131606,28,False,5,0,25,0,0,0,0,9761,9474,9473,9901,9298,9097,9910,9773,9389,9795,9756,8889,8280,9933,9592,9077,9488,9625,9794,9899,9922,9841,9244,9822,0.00208331764585543,0.002313272403118318,0.0031515597999301186,0.002481499764328358,0.001031788912026902,0.0009694915210366036,0.0017240339313682137,0.0014719732325268124,0.0010697832313254388,0.00300376217278818,0.0017767514249187077,0.0016694504845730766,0.0012160915068653694,0.0026056108352530134,0.0017648059108274728,0.00039471443671942647,0.0021477720413432882,0.002741536962126581,0.0031515597999301186,0.0018151763338591694,0.0017767514249187077,0.0026056108352530134,0.0017240339313682137,0.0009694915210366036,0.11870667333324561,0.10408473893375675,0.10299021917858804,0.1741078870819049,0.03024412370710732,0.07356640080327698,0.10064561948923924,0.13114370751878185,0.04427858876885879,0.11728071499425635,0.2569736126131606,0.019308462273134524,0.022669533099879676,0.2504967759707938,0.07716248610502152,0.018607145745646127,0.03526123202630065,0.05354920297309821,0.10299021917858804,0.25060787187241984,0.2569736126131606,0.2504967759707938,0.10064561948923924,0.07356640080327698
415,24,0.001865107858137583,0.00037533491219201437,0.0030684997052978853,0.10565949260409313,0.01705655026684228,0.2355591448953972,29,False,5,0,25,0,0,0,0,9761,9474,9473,9901,9298,9097,9910,9773,9389,9795,9756,8889,8280,9933,9592,9077,9488,9625,9794,9899,9922,9841,9244,9822,0.0020373601982008414,0.002252996156758575,0.0030684997052978853,0.0024647093628406788,0.0009843337161393325,0.0009361929302601146,0.0016774946335057469,0.0014445251638108341,0.0010246003043574317,0.002936326952980029,0.0018061680552866229,0.0015877963679406068,0.0011577008886308972,0.0026439496251208314,0.0017059084840177798,0.00037533491219201437,0.0020518706707079114,0.002632573481281591,0.0030684997052978853,0.0018419420365010694,0.0018061680552866229,0.0026439496251208314,0.0016774946335057469,0.0009361929302601146,0.10881445055547515,0.09541101068927701,0.0944077009137057,0.15959889649174613,0.027723780064848373,0.06743586740300389,0.09225848453180263,0.12021506522555002,0.04058870637145389,0.10750732207806832,0.2355591448953972,0.017699423750373314,0.02078040534155637,0.2296220446398943,0.07073227892960306,0.01705655026684228,0.03232279602410893,0.04908676939200669,0.0944077009137057,0.22972388254971818,0.2355591448953972,0.2296220446398943,0.09225848453180263,0.06743586740300389
416,24,0.001703108551824501,0.00036595250139333035,0.00298045534434394,0.13098556344312276,0.016224471771175537,0.29391355900390836,30,False,4,0,25,0,0,0,0,9761,9985,9901,9298,9097,9984,9795,9756,8889,8280,9933,9592,9077,9488,9474,9473,9899,9922,10003,9244,9999,9822,9910,9989,0.00203814581101834,0.0022454193135015856,0.002438104292753148,0.0009383984558776702,0.0009257620828368128,0.00203814581101834,0.0028625588097696336,0.0018250918610346427,0.0015094555830007786,0.00110153088715805,0.0026672120411320647,0.0016460094375412076,0.00036595250139333035,0.0019586387556513687,0.0022454193135015856,0.00298045534434394,0.0019061239505613983,0.0018250918610346427,0.0019061239505613983,0.0016283817875472292,0.00036595250139333035,0.0009024870207734931,0.0016283817875472292,0.0009257620828368128,0.18307991300918555,0.1707934264651706,0.14629898845076728,0.02541346505944434,0.14514954511942024,0.18307991300918555,0.09854837857156262,0.2159292161541141,0.016224471771175537,0.01904870489642667,0.21048687425323642,0.06483792235213613,0.0989685044112721,0.02962922968876652,0.1707934264651706,0.08654039250423022,0.29391355900390836,0.2159292161541141,0.29391355900390836,0.08457027748748575,0.0989685044112721,0.0618162117860869,0.08457027748748575,0.14514954511942024
417,24,0.0017110109533481049,0.0003559065999702817,0.0028885650499423294,0.15465506604760412,0.014872432456910908,0.35275409575358263,31,False,4,0,25,0,0,0,0,9761,9985,9901,9298,9097,9984,9795,9756,10025,9933,9592,9077,10028,9488,9474,9473,9899,9922,10003,10026,8889,9244,9999,9822,0.0020294488430542485,0.0022281568040584745,0.002402818721631142,0.000894028111771292,0.0009120702617531121,0.0020294488430542485,0.0027836500353055995,0.0018341019093355744,0.0018814032386484897,0.002676296688564824,0.0015855936853302237,0.0003559065999702817,0.0003650854003434479,0.0018682330511455014,0.0022281568040584745,0.0028885650499423294,0.0019578350375533756,0.0018814032386484897,0.0020083274335212877,0.0020083274335212877,0.0014343873777008555,0.0015773065955453408,0.0003650854003434479,0.0008686263155531734,0.16782325359175343,0.15656064092640637,0.13410740607986998,0.023295676304490646,0.13305374969280187,0.16782325359175343,0.09033601369059907,0.1979351148079379,0.2812684481412713,0.19294630139880004,0.05943476215612478,0.09072112904366608,0.17405446237699942,0.02716012721470264,0.15656064092640637,0.0793286931288777,0.2694207624202493,0.2812684481412713,0.35275409575358263,0.35275409575358263,0.014872432456910908,0.0775227543635286,0.17405446237699942,0.05666486080391299
418,24,0.0017412605932463816,0.00034533781003078125,0.002793858680930713,0.14994192411203677,0.013633063085501666,0.26020077628223337,32,False,5,0,25,0,0,0,0,9761,9985,9901,9298,9097,9984,9795,9756,10053,10025,9933,9592,9077,10044,9488,10046,9474,9473,10034,10041,8889,9244,10028,9822,0.002012172018680524,0.0022022302980584355,0.0024208347386401657,0.0008512506409629818,0.0008955417502148769,0.002012172018680524,0.0027006970911240716,0.0018338902733690018,0.0015641454909583676,0.001925611453059599,0.0027411683742847547,0.0015250856663560194,0.00034533781003078125,0.0003719613952898702,0.0017807682754920732,0.0022590256266174016,0.0022590256266174016,0.002793858680930713,0.0024208347386401657,0.0027411683742847547,0.0013625363773521815,0.0015641454909583676,0.0003719613952898702,0.0008348306320202536,0.1538379824591073,0.14351392084920583,0.2062651222398808,0.021354369945783092,0.12196593721840171,0.1538379824591073,0.08280801254971581,0.18144052190727641,0.15439585816656787,0.25782941079616534,0.26020077628223337,0.054481865309781045,0.0831610349566939,0.24288325717891615,0.024896783280144087,0.22684725418253918,0.22684725418253918,0.07271796870147122,0.2062651222398808,0.26020077628223337,0.013633063085501666,0.15439585816656787,0.24288325717891615,0.05194278907025357
419,24,0.0016935170902414476,0.0003343740684842986,0.0027890722062105205,0.14032874039417823,0.012496974495043193,0.2385173782587139,33,False,6,0,25,0,0,0,0,10056,9761,9985,9901,9298,9097,9984,9795,9756,10053,10025,9933,9592,9077,10044,9488,10046,9474,9473,10034,8889,9244,10028,9822,0.002038493453207533,0.002038493453207533,0.002168666037568102,0.002426209568841312,0.0008100793904104702,0.0008765861977576791,0.0019872426377780575,0.002614697146760984,0.0018252265814327027,0.0015450082395072498,0.0019579619441124,0.0027890722062105205,0.001464853144071356,0.0003343740684842986,0.0003766303936777477,0.0016963226069627575,0.0022771308733378344,0.0022771308733378344,0.0026972585056607486,0.002426209568841312,0.0012938353030750856,0.0015450082395072498,0.0003766303936777477,0.0008012893383662316,0.22435148392084836,0.22435148392084836,0.13155442744510534,0.18907636205322406,0.019574839116967835,0.11180210911686823,0.14101815058751502,0.07590734483723949,0.1663204784150034,0.1415295366526872,0.23634362656315155,0.2385173782587139,0.04994170986729929,0.07623094871030274,0.2226429857473398,0.022822051340132078,0.20794331633399424,0.20794331633399424,0.06665813797634862,0.18907636205322406,0.012496974495043193,0.1415295366526872,0.2226429857473398,0.0476142233143991
420,24,0.0016711241837228561,0.0003231305755851178,0.002820630363852394,0.13210690091688557,0.011455559953789593,0.2874227369350615,34,False,6,0,25,0,0,0,0,10056,9761,9985,9901,9298,9097,9984,9795,9756,10053,10025,9933,9592,9077,10044,9488,10046,9474,9473,10034,8889,9244,10102,9822,0.0020533952957556647,0.0020533952957556647,0.002128471495544706,0.00241991768275389,0.000770515265942986,0.000855592686787524,0.0019555874858786623,0.002526547651903607,0.001808926747058302,0.001520615310742433,0.001978910916821989,0.002820630363852394,0.0014052113828965443,0.0003231305755851178,0.00037920214005713427,0.0016149426861986546,0.0022832596400898936,0.0022832596400898936,0.0025995823149566437,0.00241991768275389,0.001228207347260695,0.001520615310742433,0.0003889817303905321,0.0007681637595292933,0.20565552692744432,0.20565552692744432,0.12059155849134656,0.1733199985487887,0.01794360252388718,0.10248526669046254,0.12926663803855543,0.06958173276746953,0.15246043854708644,0.12973540859829658,0.21664832434955558,0.21864093007048774,0.04577990071169101,0.06987836965111084,0.20408940360172814,0.020920213728454404,0.1906147066394947,0.1906147066394947,0.061103293144986234,0.1733199985487887,0.011455559953789593,0.12973540859829658,0.2874227369350615,0.04364637137153251
421,24,0.00171407867174144,0.0003117100280809546,0.002836708901341607,0.13294425379380206,0.010500929957640459,0.28192763065375925,35,False,6,0,25,0,0,0,0,10056,9761,9985,9901,9298,9097,10114,9984,9795,9756,10053,10025,9933,9592,9077,10044,9488,10046,9474,9473,10120,8889,9244,9822,0.002057602971233714,0.002057602971233714,0.002082617177325612,0.0024030136001315172,0.0007325486698711709,0.0008329255298241161,0.002040379152436682,0.0019181126826411333,0.002437048263161817,0.001785826254714803,0.001491671695046042,0.002040379152436682,0.002836708901341607,0.0013464275120239808,0.0003117100280809546,0.00037981252989120024,0.0015366481355431171,0.0023370776081313286,0.0022783199344433252,0.0025015481701477597,0.0023370776081313286,0.0011655682390740193,0.001491671695046042,0.000735589639882889,0.1885175663501573,0.1885175663501573,0.11054226195040101,0.15887666533638964,0.016448302313563246,0.09394482779959065,0.28192763065375925,0.11849441820200914,0.06378325503684706,0.1397554020014959,0.11892412454843852,0.28192763065375925,0.20042085256461376,0.04196490898571676,0.06405517218018493,0.18708195330158411,0.019176862584416535,0.2580634810862035,0.17473014775287013,0.056011352049570716,0.2580634810862035,0.010500929957640459,0.11892412454843852,0.040009173757238135
422,24,0.0016912076917651227,0.000300203080958116,0.002838357055791773,0.12186556597765187,0.00962585246117042,0.25843366143261265,36,False,6,0,25,0,0,0,0,10056,9761,9985,9901,9298,9097,10114,9984,9795,9756,10053,10025,9933,9592,9077,10044,9488,10046,9474,9473,10120,8889,9244,9822,0.002051945807668793,0.002051945807668793,0.002032023052293314,0.002376593685506755,0.0006961612219741374,0.0008089215437197505,0.002088708505585264,0.0018756880986675177,0.0023469045344865053,0.001756758049723098,0.0014588546548086217,0.002088708505585264,0.002838357055791773,0.0012887249285197687,0.000300203080958116,0.0003786160013341435,0.001461435615039529,0.002376496578535855,0.002263298732019292,0.0024037802864785578,0.002376496578535855,0.0011058280314818626,0.0014588546548086217,0.0007036795911717629,0.17280776915431084,0.17280776915431084,0.10133040678786759,0.14563694322502382,0.015077610454099642,0.08611609214962476,0.25843366143261265,0.10861988335184171,0.058467983783776475,0.12810911850137122,0.10901378083606864,0.25843366143261265,0.18371911485089593,0.03846783323690703,0.05871724116516951,0.1714917905264521,0.017578790702381823,0.2365581909956865,0.1601693021067976,0.05134373937877315,0.2365581909956865,0.00962585246117042,0.10901378083606864,0.03667507594413496
423,24,0.0017000196991063263,0.00028868897309712317,0.0028267515521502805,0.1224355686038107,0.013821142916258005,0.23689752297989491,37,False,6,0,25,0,0,0,0,10159,10056,9761,9985,9901,9298,9097,10114,9984,9795,9756,10053,10025,9933,9592,9077,10044,9488,10046,9474,9473,10120,9244,9822,0.0018763091144999666,0.0020373198355813447,0.0020373198355813447,0.0019775490315632584,0.0023417640464878584,0.0006613272798775894,0.0007838885518408476,0.0021241585208219213,0.0018763091144999666,0.0022567328688559516,0.0017225348446704676,0.001422804667787064,0.0021241585208219213,0.0028267515521502805,0.0012322876273735287,0.00028868897309712317,0.00037577874537165324,0.0013892824406176558,0.0024020679659487094,0.002239225494163067,0.002306815640807236,0.0024020679659487094,0.001422804667787064,0.0006725254723973028,0.18290155973918826,0.15840712172478494,0.15840712172478494,0.09288620622221196,0.13350053128960518,0.013821142916258005,0.07893975113715603,0.23689752297989491,0.18290155973918826,0.053595651801795104,0.11743335862625694,0.09992929909972958,0.23689752297989491,0.16840918861332127,0.035262180467164776,0.053824137734738715,0.1572008079825811,0.016113891477183336,0.21684500841271262,0.14682186026456448,0.047065094430542055,0.21684500841271262,0.09992929909972958,0.03361881961545705
424,24,0.001607840011465524,0.0002772362629947216,0.002803147243897588,0.11866347600152806,0.012669381006569837,0.21715606273157034,38,False,6,0,25,0,0,0,0,10159,10056,9761,9985,9901,9298,9097,10199,10114,9984,9795,9756,10053,10025,9933,9592,9077,10044,9488,10046,9474,10120,9244,9822,0.0018682093900497417,0.0020146555620152887,0.0020146555620152887,0.0019199888866808022,0.0022996144207785073,0.0006280152753137335,0.0007581048806015405,0.0006587629628962177,0.002147218791924706,0.0018682093900497417,0.002167066313498208,0.001683935496165074,0.0013841191474624993,0.002147218791924706,0.002803147243897588,0.0011772643760650263,0.0002772362629947216,0.00037147284032354737,0.0013201497936050155,0.0024145456768159598,0.002207141422919987,0.0024145456768159598,0.0013841191474624993,0.0006587629628962177,0.1676597630942559,0.1452065282477195,0.1452065282477195,0.08514568903702763,0.12237548701547141,0.012669381006569837,0.07236143854239302,0.1141505846475023,0.21715606273157034,0.1676597630942559,0.049129347484978846,0.10764724540740218,0.09160185750808544,0.21715606273157034,0.15437508956221116,0.03232366542823438,0.04933879292351049,0.14410074065069933,0.014771067187418057,0.19877459104498657,0.13458670524251742,0.19877459104498657,0.09160185750808544,0.1141505846475023
425,24,0.0016162222750064736,0.0002659036306937939,0.0027688347536387733,0.12138750293457463,0.01161359925602235,0.206704479805641,39,False,7,0,25,0,0,0,0,10159,10056,9761,9985,10204,9901,9298,9097,10199,10114,9984,9795,9756,10053,10025,10220,9933,9592,9077,10044,9488,10046,9474,9822,0.0018522203874776469,0.0019848909214622433,0.0019848909214622433,0.0018600670195103122,0.0023092558749390206,0.0023092558749390206,0.0005961888826987644,0.0007318196386762773,0.0006434092267581312,0.002158560725121974,0.0018522203874776469,0.0020783608587503334,0.0016416950114136167,0.0013433485152441534,0.002158560725121974,0.00222398882375523,0.0027688347536387733,0.0011237726758459336,0.0002659036306937939,0.00036587134229802747,0.001253985552625467,0.0024148347997314137,0.00222398882375523,0.0006434092267581312,0.15368811616973457,0.1331059842270762,0.1331059842270762,0.07805021495060865,0.19551086309751547,0.19551086309751547,0.01161359925602235,0.06633131866386026,0.10463803592687711,0.19905972417060613,0.15368811616973457,0.04503523519456394,0.098676641623452,0.08396836938241166,0.19905972417060613,0.206704479805641,0.14151049876536023,0.02963002664254818,0.04522722684655128,0.13209234559647437,0.013540144921799885,0.18221004179123768,0.206704479805641,0.10463803592687711
426,24,0.0015888671035368335,0.00025474071098538,0.002725105252283689,0.11466330545607051,0.012411799511649894,0.18947910648850425,40,False,7,0,25,0,0,0,0,10159,10056,9761,9985,10204,9901,9298,9097,10199,10114,9984,9795,9756,10053,10025,10220,9933,9592,9077,10044,9488,10230,9474,10046,0.001829195908840309,0.001948949298117621,0.001948949298117621,0.0017984375327404995,0.002307422105079532,0.002307422105079532,0.0005804001762441791,0.0007052535925011752,0.0006267412265013497,0.0021589916139688314,0.001829195908840309,0.0019910019701113286,0.001596497699916097,0.001300994213278541,0.0021589916139688314,0.002229200919469976,0.002725105252283689,0.0010719024718454297,0.00025474071098538,0.00035914430798087565,0.0011907267795926973,0.0005804001762441791,0.002229200919469976,0.0024039446837060417,0.14088077315559003,0.12201381887481985,0.12201381887481985,0.07154603037139126,0.1792182911727225,0.1792182911727225,0.09397913265135382,0.06080370877520523,0.09591819959963735,0.18247141382305562,0.14088077315559003,0.04128229892835028,0.090453588154831,0.07697100526721068,0.18247141382305562,0.18947910648850425,0.12971795720158022,0.027160857755669166,0.04145829127600534,0.1210846501301015,0.012411799511649894,0.09397913265135382,0.18947910648850425,0.16702587164196786
427,24,0.0015095622494403042,0.00025007622612211806,0.002673222130949367,0.12247385846384419,0.01137748288567907,0.24761676690832896,41,False,8,0,25,0,0,0,0,10159,10056,9761,9985,10252,10204,9901,9298,9097,10199,10114,9984,10250,9795,9756,10025,10220,9933,9592,10266,9077,10044,9488,10230,0.0017999890501960046,0.0019077222996685557,0.0019569222924687947,0.0017356851041291103,0.0023542826003739156,0.0023542826003739156,0.0022950923671010374,0.0005636791056859071,0.0006786004779608981,0.000609015768721623,0.002149412616362262,0.0017999890501960046,0.0019569222924687947,0.001905311143512281,0.0015489729786943205,0.002149412616362262,0.002223670764317011,0.002673222130949367,0.0010217195899047647,0.00025007622612211806,0.00025007622612211806,0.0003514556879871082,0.0011303018912032239,0.0005636791056859071,0.1291407087259575,0.11184600063525153,0.1951793339685849,0.06558386117377532,0.24761676690832896,0.24761676690832896,0.1642834335749956,0.086147538263741,0.05573673304393813,0.08792501629966756,0.16726546267113432,0.1291407087259575,0.1951793339685849,0.03784210735098775,0.08291578914192842,0.16726546267113432,0.17368918094779556,0.11890812743478187,0.024897452942696734,0.1213367670030049,0.1213367670030049,0.11099426261925971,0.01137748288567907,0.086147538263741
428,24,0.0015316886207380521,0.00025105165453796465,0.0023869970689303303,0.1293529189241476,0.01042935931187248,0.2622477228045361,42,False,10,0,25,0,0,0,0,10159,10056,9761,9985,10252,10204,10285,9901,9298,10292,9097,10199,10114,9984,10250,10274,9795,9756,10025,10220,9592,10044,9488,10230,0.0017654336990110971,0.0018620568273659587,0.0020056108410322513,0.0016723272284462287,0.0023869970689303303,0.0023869970689303303,0.0018685300019804034,0.0022732990605743787,0.0005462402295324642,0.00025105165453796465,0.000652028613818919,0.0005904681816238718,0.0021307816082831213,0.0017654336990110971,0.0019551867443174144,0.0020056108410322513,0.0018685300019804034,0.0014996933587646509,0.0021307816082831213,0.002208365888910887,0.0009732688903270906,0.0003429610051376398,0.0010726325463489108,0.0005462402295324642,0.11837898299879437,0.1025255005823139,0.2622477228045361,0.06011853940929404,0.22698203633263486,0.22698203633263486,0.11802193173840544,0.15059314744374597,0.07896857674176258,0.19455870308608783,0.05109200529027662,0.0805979316080286,0.15332667411520645,0.11837898299879437,0.1789143894712028,0.2622477228045361,0.11802193173840544,0.07600614004676771,0.15332667411520645,0.15921508253547925,0.022822665197472006,0.1017447407343214,0.01042935931187248,0.07896857674176258
429,24,0.001513057810966837,0.0002507854039087363,0.002406218795578068,0.1327459974519678,0.009560246035883107,0.2403937459041581,43,False,11,0,25,0,0,0,0,10296,10056,9761,9985,10252,10204,10285,9901,9298,10292,9097,10199,10159,9984,10250,10274,9795,10309,10025,10220,9592,10044,9488,10230,0.0017708521398629462,0.001812745914717945,0.0020418306078361695,0.0016088174537101062,0.002406218795578068,0.002406218795578068,0.0018269602858839002,0.0022430949281923075,0.0005282775548469921,0.0002507854039087363,0.0006256827064238692,0.0005713117761765981,0.0017708521398629462,0.0017708521398629462,0.0019445736499065028,0.0020418306078361695,0.0018269602858839002,0.0017708521398629462,0.0021040813840665744,0.0021842930623440617,0.000926577138058973,0.00033380571954152614,0.0010176352784148422,0.0005282775548469921,0.1918474010822282,0.09398170886712107,0.2403937459041581,0.055108661125186205,0.2080668666382486,0.2080668666382486,0.10818677076020498,0.13804371849010047,0.07238786201328236,0.17834547782891383,0.046834338182753565,0.07388143730735955,0.1918474010822282,0.1918474010822282,0.16400485701526923,0.2403937459041581,0.10818677076020498,0.1918474010822282,0.14054945127227259,0.14594715899085597,0.020920776431016006,0.0932660123397946,0.009560246035883107,0.07238786201328236
430,24,0.001477414801363235,0.0002493843549790264,0.002412778489068685,0.1310849876087005,0.019177378395098005,0.22036093374547824,44,False,11,0,25,0,0,0,0,10296,10056,9761,9985,10252,10204,10285,9901,9298,10292,9097,10199,10159,9984,10250,10274,9795,10309,10025,10220,9592,10044,10331,10230,0.001767631201606253,0.0017605227826960525,0.002066019303833503,0.001545549299053453,0.002412778489068685,0.002412778489068685,0.0017814012921516106,0.0022055260327799135,0.0005099647297815321,0.0002493843549790264,0.0005996857568922925,0.0005659672018101185,0.001767631201606253,0.001767631201606253,0.00192595845003488,0.002066019303833503,0.0017814012921516106,0.001767631201606253,0.002070293282081234,0.0021524686602660903,0.000881655595712663,0.00032412417850612103,0.0005659672018101185,0.0005099647297815321,0.17586011765870918,0.08614989979486097,0.22036093374547824,0.05051627269808735,0.1907279610850612,0.1907279610850612,0.09917120653018789,0.1265400752825921,0.06635554017884215,0.16348335467650435,0.0429314766675241,0.15105798419841293,0.17586011765870918,0.17586011765870918,0.15033778559733013,0.22036093374547824,0.09917120653018789,0.17586011765870918,0.1288369969995832,0.13378489574161798,0.019177378395098005,0.08549384464481172,0.15105798419841293,0.06635554017884215
431,24,0.0014603065051576717,0.0002469609487106349,0.0024076349497104722,0.13003477344135647,0.017579263528839838,0.2445384411871501,45,False,11,0,25,0,0,0,0,10296,10056,9761,9985,10252,10204,10285,9901,9298,10292,9097,10199,10159,9984,10250,10274,10357,10309,10025,10220,9592,10044,10331,10230,0.0017565328716049329,0.0017060575694748433,0.0020787975465261068,0.0014828605980380738,0.0024076349497104722,0.0024076349497104722,0.0017325977332250525,0.0021616102417703438,0.0004914556520756772,0.0002469609487106349,0.0005741410010330428,0.000558520205529042,0.0017565328716049329,0.0018018337021562978,0.0019002333312048295,0.0020787975465261068,0.0018018337021562978,0.0017565328716049329,0.002030376030018908,0.0021138945411269578,0.0008385023507487813,0.0003140390516226651,0.000558520205529042,0.0004914556520756772,0.16120510785381675,0.07897074147862256,0.2019975226000217,0.04630658330658007,0.17483396432797277,0.17483396432797277,0.0909069393193389,0.11599506900904274,0.0608259118306053,0.14985974178679565,0.03935385361189709,0.13846981884854517,0.16120510785381675,0.2445384411871501,0.13780963679755262,0.2019975226000217,0.2445384411871501,0.16120510785381675,0.11810058058295127,0.12263615442981647,0.017579263528839838,0.07836935759107741,0.13846981884854517,0.0608259118306053
432,24,0.001436943893587826,0.00024362965619609622,0.002391830709068849,0.1347337846822834,0.01611432490143652,0.2684977290500199,46,False,11,0,25,0,0,0,0,10296,10056,9761,9985,10252,10204,10285,9901,9298,10292,9097,10199,10159,10370,10368,9984,10250,10357,10309,10220,9592,10044,10331,10230,0.0017831860335483125,0.001649956226159386,0.0021345909613282223,0.0014210380620872807,0.002391830709068849,0.002391830709068849,0.0016812350412452079,0.0021123207621170084,0.00047288538189283624,0.00024362965619609622,0.0005491338286762765,0.0005492312707841874,0.0017383540336525056,0.0021345909613282223,0.0017831860335483125,0.0018252970121948394,0.0018682844202090763,0.0018252970121948394,0.0017383540336525056,0.002069539095176381,0.0007971043914626089,0.0003036611578389964,0.0005492312707841874,0.00047288538189283624,0.23110468219933203,0.072389846355404,0.2684977290500199,0.04244770136436506,0.1602644673006417,0.1602644673006417,0.08333136104272731,0.10632881325828918,0.05575708584472153,0.13737142997122934,0.036074365810905666,0.12693066727783306,0.1477713488659987,0.2684977290500199,0.23110468219933203,0.22416023775488758,0.12632550039775656,0.22416023775488758,0.1477713488659987,0.11241647489399843,0.01611432490143652,0.07183857779182096,0.12693066727783306,0.05575708584472153
433,24,0.001419577112530485,0.00023950407569034286,0.002366453437228081,0.12425646209171454,0.014771464492983475,0.24612291829585156,47,False,11,0,25,0,0,0,0,10296,10399,9985,10252,10204,10285,9901,9298,10292,9097,10199,10159,10056,9761,10368,9984,10250,10357,10309,10220,9592,10044,10331,10230,0.0017996223275510673,0.0021116646090377426,0.0013603219033079968,0.002366453437228081,0.002366453437228081,0.0016279370639585683,0.0021116646090377426,0.0004543712652500497,0.00023950407569034286,0.0005247336428913978,0.0005383540316774658,0.0017139022916537667,0.0015927611176460345,0.0021769475966538897,0.0017996223275510673,0.0018385418539932847,0.0018309736394621862,0.0018385418539932847,0.0017139022916537667,0.0020203229795485514,0.000757439448490353,0.0002930896002994049,0.0005383540316774658,0.0004543712652500497,0.21184595868272102,0.18080141215343176,0.03891039291733464,0.14690909502558822,0.14690909502558822,0.07638708095583337,0.18080141215343176,0.05111066202432806,0.12592381080696022,0.03306816865999686,0.11635311167134696,0.13545706979383212,0.06635735915912033,0.24612291829585156,0.21184595868272102,0.20548021794198026,0.11579837536461017,0.20548021794198026,0.13545706979383212,0.10304843531949856,0.014771464492983475,0.06585202964250254,0.11635311167134696,0.05111066202432806
434,24,0.0014002415589652987,0.0002346946260013573,0.0023326034122349427,0.11742085320785263,0.013540509118568186,0.2256126751045306,48,False,11,0,25,0,0,0,0,10296,10399,9985,10252,10204,10285,9901,9298,10292,9097,10199,10159,10056,9761,10368,10432,10250,10357,10309,10220,9592,10044,10331,10230,0.0018064394498384713,0.0021013124619983746,0.0013009103942316792,0.0023326034122349427,0.0023326034122349427,0.0015732656773507743,0.0021013124619983746,0.0004360141910075249,0.0002346946260013573,0.0005009956310114615,0.0005261311332032094,0.0016839761934640373,0.0015349529227592419,0.002206274532823886,0.0018064394498384713,0.001835266207830344,0.001835266207830344,0.0018422188064461825,0.0016839761934640373,0.0019671089707787655,0.0007194776196569112,0.0002824121349531035,0.0005261311332032094,0.0004360141910075249,0.19419212879249426,0.16573462780731243,0.035667860174223416,0.13466667044012254,0.13466667044012254,0.07002149087618058,0.16573462780731243,0.046851440188967385,0.1154301599063802,0.03031248793833045,0.10665701903206805,0.1241689806443461,0.060827579229193636,0.2256126751045306,0.19419212879249426,0.189481844084226,0.189481844084226,0.18835686644681524,0.1241689806443461,0.09446106570954034,0.013540509118568186,0.06036436050562733,0.10665701903206805,0.046851440188967385
435,24,0.0013807147772535728,0.00022930678568748822,0.0022913669695841126,0.11458022655164268,0.012412133358687504,0.26134278472645306,49,False,9,0,25,0,0,0,0,10451,10399,9985,10252,10204,10285,9901,9298,10292,9097,10199,10296,10056,9761,10454,10432,10250,10357,10309,10220,9592,10044,10331,10230,0.0016918861944152743,0.002082205393705295,0.0012429642741689168,0.0022913669695841126,0.0022913669695841126,0.0015177218894869332,0.002082205393705295,0.0004178999194880414,0.00022930678568748822,0.0004779624286682881,0.0005127912128121958,0.0018043383768390443,0.0014769534850091201,0.002223188095732413,0.0018508721072279474,0.0018307147214502615,0.0018307147214502615,0.0018370711290538449,0.0016493496108705898,0.0019106953369959156,0.0006831827963571885,0.00027170570949296597,0.0005127912128121958,0.0004178999194880414,0.1971548989239839,0.15192340882336972,0.03269553849303813,0.12344444790344565,0.12344444790344565,0.06418636663649886,0.15192340882336972,0.04294715350655343,0.10581097991418184,0.027786447276802913,0.09776893411272904,0.17800945139311972,0.055758614293427496,0.2068116188458197,0.26134278472645306,0.1736916904105405,0.1736916904105405,0.17266046090958062,0.11382156559065058,0.0865893102337453,0.012412133358687504,0.05533399713015839,0.09776893411272904,0.04294715350655343
436,24,0.0013543706677507322,0.0002234398161038926,0.00224379558464098,0.1098798940950928,0.011377788912130211,0.23956421933258196,50,False,9,0,25,0,0,0,0,10451,10470,10399,9985,10252,10204,10285,9901,9298,10292,9097,10199,10296,10056,10454,10432,10250,10357,10309,10220,9592,10044,10331,10230,0.0016913213192525757,0.0021083120400282357,0.0020553058794927632,0.0011866109384168048,0.00224379558464098,0.00224379558464098,0.0014617480644881595,0.0021083120400282357,0.000400100434087449,0.0002234398161038926,0.00045566566544742135,0.0004985468507485108,0.001794089314568027,0.0014191293211672901,0.0018838198675853411,0.0018181157254605407,0.0018181157254605407,0.001823901496874777,0.0016107599025705047,0.0018518121411778793,0.0006485139094892831,0.0002610371194514264,0.0004985468507485108,0.000400100434087449,0.1807253240136519,0.22259645808808892,0.13926312475475558,0.02997091028528495,0.11315741057815851,0.11315741057815851,0.058837502750123956,0.22259645808808892,0.039368224047673976,0.09699339825466669,0.025470910003736004,0.08962152293666828,0.16317533044369306,0.051112063102308536,0.23956421933258196,0.15921738287632878,0.15921738287632878,0.15827208916711558,0.10433643512476302,0.0793735343809332,0.011377788912130211,0.05072283070264519,0.08962152293666828,0.039368224047673976
437,24,0.0012671266495037055,0.00021718590143662413,0.0021908900707649326,0.11793244167420631,0.01042963983611936,0.21960053438820012,51,False,9,0,25,0,0,0,0,10451,10470,10399,9985,10252,10204,10285,9901,9298,10292,9097,10199,10296,10056,10454,10432,10506,10357,10309,10496,9592,10044,10499,10230,0.0016829939798361539,0.002122680570012058,0.00202157254758185,0.0011319483680679572,0.0021908900707649326,0.0021908900707649326,0.0014057309506815814,0.002122680570012058,0.00039254444094740824,0.00021718590143662413,0.0004341273865609266,0.0004960651656986305,0.0017765018775287127,0.0013617955470500644,0.0019056938493165897,0.0017982980738585773,0.0016093611947956424,0.0018035431928279143,0.0016093611947956424,0.00039254444094740824,0.0006154260123930452,0.00025046373784145566,0.0004960651656986305,0.0003826752786701359,0.1656648803458476,0.20404675324741484,0.12765786435852594,0.027473334428177867,0.10372762636331197,0.10372762636331197,0.05393437752094696,0.20404675324741484,0.11942087204370115,0.08891061506677779,0.023348334170091335,0.16548639602527926,0.14957738624005196,0.04685272451044949,0.21960053438820012,0.1459492676366347,0.17897506553103276,0.14508274840318927,0.17897506553103276,0.11942087204370115,0.01042963983611936,0.04649592814409142,0.16548639602527926,0.03608753871036781
438,24,0.0012453099852839007,0.0002106296387425737,0.00213358928213761,0.10810473820135579,0.009560503183109413,0.2013004898558501,52,False,9,0,25,0,0,0,0,10451,10470,10399,9985,10252,10204,10285,9901,9298,10292,9097,10199,10296,10056,10454,10432,10506,10357,10309,10496,9592,10044,10499,10230,0.0016676580692052384,0.0021260719842774753,0.001981940002159638,0.001079048775278556,0.00213358928213761,0.00213358928213761,0.0013500052497849812,0.0021260719842774753,0.00038396181297361876,0.0002106296387425737,0.00041336134936219304,0.0004915203087624628,0.001752399787503901,0.0013052200270731048,0.0019170721400230554,0.0017720985332385843,0.0016006525044622306,0.0017768359352707697,0.0016006525044622306,0.00038396181297361876,0.0005838712174132602,0.00024003428335041494,0.0004915203087624628,0.0003656728531805495,0.1518594736503603,0.18704285714346358,0.11701970899531544,0.025183889892496376,0.09508365749970263,0.09508365749970263,0.04943984606086804,0.18704285714346358,0.10946913270672605,0.08150139714454631,0.021402639655917058,0.15169586302317264,0.13711260405338097,0.04294833080124536,0.2013004898558501,0.13378682866691516,0.16406047673678004,0.13299251936959017,0.16406047673678004,0.10946913270672605,0.009560503183109413,0.04262126746541713,0.15169586302317264,0.033080243817837154
439,24,0.001166783548280144,0.00020384781420421265,0.0021193509827362434,0.11659857726672483,0.008763794584516961,0.20597125961133889,53,False,9,0,25,0,0,0,0,10551,10399,9985,10252,10204,10285,9901,9298,10292,9097,10199,10451,10470,10454,10432,10506,10542,10309,10496,9592,10044,10499,10230,10557,0.001785225188693736,0.001937303314912558,0.0010279619521913063,0.002072762675061513,0.002072762675061513,0.0013282517757272577,0.0021193509827362434,0.0003745214358464987,0.00020384781420421265,0.0003933741968228393,0.0004851395544597545,0.0016460845149122909,0.0021193509827362434,0.0019186586375719485,0.001785225188693736,0.0015853543232155097,0.0013282517757272577,0.0015853543232155097,0.0003745214358464987,0.0005537995016982834,0.00023571585352728347,0.0004851395544597545,0.0003491316478744235,0.00023571585352728347,0.20597125961133889,0.10726806657903915,0.023085232401455012,0.08716001937472741,0.08716001937472741,0.12865319222246238,0.17145595238150826,0.10034670498116555,0.07470961404916744,0.019619086351257302,0.1390545411045749,0.13920451751283025,0.17145595238150826,0.18452544903452925,0.20597125961133889,0.15038877034204837,0.12865319222246238,0.15038877034204837,0.10034670498116555,0.008763794584516961,0.12240282850996571,0.1390545411045749,0.03032355683301739,0.12240282850996571
440,24,0.001165116482848245,0.000201987683654787,0.0021576957097562697,0.12457545367992512,0.008033478369140546,0.25248166161498514,54,False,9,0,25,0,0,0,0,10551,10399,10572,10252,10204,10285,9901,9298,10292,9097,10199,10451,10470,10573,9985,10506,10542,10309,10496,9592,10580,10568,10499,10230,0.0017890415543503882,0.001888506674637676,0.0021576957097562697,0.0020092060887642077,0.0020092060887642077,0.0013025747385448122,0.0021034479689064334,0.0003643809378999663,0.000201987683654787,0.000374166512464948,0.0004771491770185951,0.0016190410754086,0.0021576957097562697,0.0019605360572566457,0.0009787183218756266,0.001564201007278159,0.0013025747385448122,0.001564201007278159,0.0003643809378999663,0.0005251593967357694,0.00023670593783849502,0.000201987683654787,0.0004771491770185951,0.0003330814030497015,0.18880698797706064,0.09832906103078588,0.24050128968304924,0.07989668442683345,0.07989668442683345,0.1179320928705905,0.1571679563497159,0.09198447956606841,0.1518171462117368,0.017984162488652526,0.12746666267919365,0.1276041410534277,0.24050128968304924,0.25248166161498514,0.021161463034667094,0.13785637281354432,0.1179320928705905,0.13785637281354432,0.09198447956606841,0.008033478369140546,0.19553592613413523,0.1518171462117368,0.12746666267919365,0.027796593763599272
441,24,0.0011345105308554844,0.0001993723189275235,0.0021833227757078284,0.1191641751831054,0.0073640218383788335,0.2564064056456389,55,False,9,0,25,0,0,0,0,10551,10399,10572,10252,10204,10285,9901,9298,10292,9097,10199,10451,10573,9985,10506,10584,10542,10309,10496,9592,10580,10568,10499,10230,0.0018302835095834035,0.0018363356356868785,0.0021833227757078284,0.001943640142958947,0.001943640142958947,0.001273563942115664,0.0020793262294081668,0.0003536856304117642,0.0001993723189275235,0.00035573376287307515,0.00046776970643515325,0.0015872761982447478,0.0019904895670581975,0.000931331697188452,0.0015379219905739777,0.0018302835095834035,0.001273563942115664,0.0015379219905739777,0.0003536856304117642,0.0004978985749728399,0.00023651963105704712,0.0001993723189275235,0.00046776970643515325,0.0003175441863215218,0.2564064056456389,0.09013497261155372,0.22045951554279514,0.073238627391264,0.073238627391264,0.10810441846470796,0.14407062665390624,0.08431910626889604,0.13916571736075872,0.016485482281264816,0.11684444078926084,0.11697046263230873,0.2314415231470697,0.01939800778177817,0.12636834174574896,0.2564064056456389,0.10810441846470796,0.12636834174574896,0.08431910626889604,0.0073640218383788335,0.17924126562295728,0.13916571736075872,0.11684444078926084,0.025480210949965998
442,24,0.0011160113447523515,0.00019609471005440707,0.0021968871951315587,0.10923382725117993,0.006750353351847264,0.23503920517516896,56,False,9,0,25,0,0,0,0,10551,10399,10572,10252,10204,10285,9901,9298,10292,9097,10199,10451,10573,9985,10506,10584,10542,10309,10496,9592,10580,10568,10499,10230,0.0018602908704901206,0.001781512399536084,0.0021968871951315587,0.0018767107036193878,0.0018767107036193878,0.0012417763753031375,0.002047954464600699,0.0003425679630993919,0.00019609471005440707,0.0003380671349546524,0.00045721228486118653,0.0015515066156665974,0.002009026191384374,0.0008858017588607849,0.0015072268352105938,0.0018602908704901206,0.0012417763753031375,0.0015072268352105938,0.0003425679630993919,0.0004719643457098632,0.00023525729941206264,0.00019609471005440707,0.00045721228486118653,0.0003025353835233116,0.23503920517516896,0.08262372489392424,0.2020878892475622,0.06713540844199199,0.06713540844199199,0.09909571692598229,0.13206474109941405,0.07729251407982136,0.12756857424736215,0.015111692091159415,0.10710740405682244,0.10722292407961634,0.21215472955148054,0.017781507133296653,0.11583764660026988,0.23503920517516896,0.09909571692598229,0.11583764660026988,0.07729251407982136,0.006750353351847264,0.16430449348771084,0.12756857424736215,0.10710740405682244,0.02335686003746883
443,24,0.0011737069021301217,0.0001972034973762498,0.0021991902235544117,0.1158475103854617,0.0061878239058599915,0.27780850208885716,57,False,10,0,25,0,0,0,0,10551,10644,10572,10252,10204,10285,9901,9298,10292,9097,10199,10451,10573,10399,9985,10506,10584,10542,10309,10496,9592,10640,10499,10230,0.0018795080033855523,0.002068824348628754,0.0021991902235544117,0.0018089909321593052,0.0018089909321593052,0.0012077309315531553,0.0020102845375401784,0.00033114739405653296,0.0001972034973762498,0.00032115427570490106,0.0004456760025155978,0.0015124082685301775,0.002068824348628754,0.0017246935869739436,0.0008421162678004671,0.001472793798970117,0.0018795080033855523,0.0012077309315531553,0.001472793798970117,0.00033114739405653296,0.0004473040713247657,0.0001972034973762498,0.0004456760025155978,0.00028806460240355,0.21545260474390487,0.27780850208885716,0.18524723181026537,0.06154079107182599,0.06154079107182599,0.09083774051548377,0.1210593460077962,0.07085147123983625,0.20027119306008195,0.01385238441689613,0.09818178705208723,0.09828768040631497,0.27780850208885716,0.07573841448609721,0.0162997148721886,0.10618450938358072,0.21545260474390487,0.09083774051548377,0.10618450938358072,0.07085147123983625,0.0061878239058599915,0.20027119306008195,0.09818178705208723,0.021410455034346427
444,24,0.0011618650754667036,0.00019730980334789686,0.0021911357885033285,0.11607023400679527,0.005672171913704992,0.2546577935814524,58,False,10,0,25,0,0,0,0,10551,10644,10572,10252,10204,10285,9901,9298,10292,9097,10199,10451,10573,10399,9985,10506,10584,10542,10309,10496,9592,10640,10499,10666,0.0018885345639891482,0.0021153854599297497,0.0021911357885033285,0.0017409845002147194,0.0017409845002147194,0.0011719051508990346,0.0019672340950640794,0.0003195305834990729,0.00019730980334789686,0.00030497994247140336,0.00044452203885705737,0.0014706101105087987,0.0021153854599297497,0.0016664700007976336,0.000800253028931728,0.0014352615243361886,0.0018885345639891482,0.0011719051508990346,0.0014352615243361886,0.0003195305834990729,0.00042386551379920294,0.00019730980334789686,0.00043334608097897345,0.00044452203885705737,0.19749822101524614,0.2546577935814524,0.16980996249274324,0.056412391815840485,0.056412391815840485,0.08326792880586012,0.11097106717381318,0.06494718196984989,0.18358192697174178,0.012698019048821452,0.1733333047977466,0.09009704037245539,0.2546577935814524,0.0694268799455891,0.014941405299506215,0.09733580026828233,0.19749822101524614,0.08326792880586012,0.09733580026828233,0.06494718196984989,0.005672171913704992,0.18358192697174178,0.08999997146441328,0.1733333047977466
445,24,0.0011364267644434266,0.00019649549044139345,0.0021736917544472032,0.11238528157414497,0.005199490920896242,0.23343631078299804,59,False,11,0,25,0,0,0,0,10551,10644,10572,10252,10204,10285,9901,10699,9298,10292,9097,10199,10451,10573,10399,9985,10506,10584,10542,10309,10496,9592,10640,10666,0.001888085586549203,0.002149014258367107,0.0021736917544472032,0.0016731296181164979,0.0016731296181164979,0.0011347336265401845,0.0019196735813919194,0.00031575027249064783,0.0003078118320155205,0.00019649549044139345,0.00028952657169255454,0.00044141852166536976,0.0014266903395274075,0.002149014258367107,0.0016073679322552688,0.0007601816251703736,0.0013952234206542494,0.001888085586549203,0.0011347336265401845,0.0013952234206542494,0.00031575027249064783,0.0004015971204926848,0.00019649549044139345,0.00044141852166536976,0.18104003593064227,0.23343631078299804,0.15565913228501463,0.051711359164520444,0.051711359164520444,0.07632893473870511,0.10172347824266208,0.14286825013902907,0.059534916805695726,0.16828343305742996,0.011639850794752996,0.15888886273126773,0.08258895367475078,0.23343631078299804,0.06364130661679,0.01369628819121403,0.0892244835792588,0.18104003593064227,0.07632893473870511,0.0892244835792588,0.14286825013902907,0.005199490920896242,0.16828343305742996,0.15888886273126773
446,24,0.0010940326173661987,0.00019484782497046342,0.0021702393878726793,0.10645744187398976,0.004766200010821555,0.21398328488441487,60,False,11,0,25,0,0,0,0,10551,10644,10572,10252,10204,10285,9901,10699,9298,10292,9097,10199,10451,10573,10399,9985,10506,10723,10542,10309,10496,9592,10640,10666,0.0018789550841589583,0.0021702393878726793,0.002147856580859965,0.0016058035870300412,0.0016058035870300412,0.001096607745086985,0.0018684170948953525,0.0003108816854781291,0.00029607369558434836,0.00019484782497046342,0.0002747747738747548,0.00043656684059361684,0.001381174622036218,0.0021702393878726793,0.0015478516225951712,0.0007218649406113639,0.0013532243092018543,0.0013881238468763924,0.001096607745086985,0.0013881238468763924,0.0003108816854781291,0.0003804482571541668,0.00019484782497046342,0.00043656684059361684,0.1659533662697554,0.21398328488441487,0.14268753792793007,0.04740207923414374,0.04740207923414374,0.06996819017714635,0.09324652172244023,0.1309625626274433,0.054573673738554415,0.15425981363597746,0.01066986322852358,0.14564812417032874,0.07570654086852154,0.21398328488441487,0.05833786439872417,0.012554930841946194,0.0817891099476539,0.16512244328098724,0.06996819017714635,0.16512244328098724,0.1309625626274433,0.004766200010821555,0.15425981363597746,0.14564812417032874
447,24,0.0010697515190504474,0.00019245653667276225,0.002179764963192257,0.09758598838449062,0.004369016676586426,0.19615134447738028,61,False,11,0,25,0,0,0,0,10551,10644,10572,10252,10204,10285,9901,10699,9298,10292,9097,10199,10451,10573,10399,9985,10506,10723,10542,10309,10496,9592,10640,10666,0.0018619839686649588,0.002179764963192257,0.0021146315147263003,0.001539327640903719,0.001539327640903719,0.0010578764641038301,0.001814216517192186,0.00030506915706907654,0.0002843877207787966,0.00019245653667276225,0.0002607037622323732,0.0004301701797331934,0.0013345359097474956,0.002179764963192257,0.0014883265495353808,0.000685260491888339,0.0013097589207201998,0.0013752659115490713,0.0010578764641038301,0.0013752659115490713,0.00030506915706907654,0.00036036939527688775,0.00019245653667276225,0.0004301701797331934,0.15212391908060913,0.19615134447738028,0.13079690976726924,0.043451905964631755,0.043451905964631755,0.06413750766238416,0.08547597824557021,0.12004901574182301,0.05002586759367488,0.14140482916631267,0.009780707959479948,0.13351078048946802,0.0693976624628114,0.19615134447738028,0.053476375698830486,0.011508686605117344,0.0749733507853494,0.15136223967423829,0.06413750766238416,0.15136223967423829,0.12004901574182301,0.004369016676586426,0.14140482916631267,0.13351078048946802
448,24,0.0010422632573646228,0.00018941137449632282,0.0021784247829728953,0.10081660042785807,0.008965648962856619,0.19337826443000444,62,False,11,0,25,0,0,0,0,10551,10644,10572,10252,10204,10285,9901,10759,9298,10292,9097,10199,10451,10573,10399,9985,10506,10723,10542,10309,10699,10496,10640,10666,0.0018380326661082322,0.0021784247829728953,0.0020749981510207213,0.0014739718939558587,0.0014739718939558587,0.0010188478685628961,0.0017577583568029582,0.00030614864220764715,0.00027281525391292463,0.00018941137449632282,0.0002472917219870056,0.0004224287199154478,0.0012871954912209104,0.0021784247829728953,0.001429143264253329,0.0006503215861179222,0.0012652718685448986,0.0013572858256438013,0.0010188478685628961,0.0013572858256438013,0.00030614864220764715,0.0002984516012723034,0.00018941137449632282,0.0004224287199154478,0.1394469258238917,0.17980539910426524,0.11989716728666346,0.03983091380091244,0.03983091380091244,0.05879271535718548,0.07835298005843935,0.19337826443000444,0.045857045294201974,0.12962109340245329,0.008965648962856619,0.12238488211534568,0.06361452392424378,0.17980539910426524,0.049020011057261274,0.010549629388024232,0.06872557155323696,0.13874871970138508,0.05879271535718548,0.13874871970138508,0.19337826443000444,0.11004493109667109,0.12962109340245329,0.12238488211534568
449,24,0.0010457934378049819,0.00019059191085237252,0.0021671406889940716,0.11177167198048539,0.008218511549285233,0.20215266895224884,63,False,11,0,25,0,0,0,0,10551,10644,10572,10790,10204,10285,9901,10759,9298,10292,9097,10199,10451,10573,10399,9985,10252,10723,10780,10309,10699,10496,10785,10666,0.0018079584704835225,0.0021671406889940716,0.002029900983944738,0.0014059492511044676,0.0014463230049360052,0.0009797912862382304,0.001699662785836953,0.00030572286044076397,0.00026140828715664463,0.00019059191085237252,0.00023451612684303354,0.00041353587318186327,0.0012395249672436251,0.0021671406889940716,0.0014059492511044676,0.0006169983229970638,0.0014099602522076387,0.0013348166242145019,0.0014463230049360052,0.0013348166242145019,0.00030572286044076397,0.0002911605969200232,0.00019059191085237252,0.00041353587318186327,0.12782634867190074,0.16482161584557647,0.10990573667944149,0.12826834346915617,0.11984500431750308,0.053893322410753355,0.0718235650535694,0.1772634090608374,0.042035624853018476,0.20215266895224884,0.008218511549285233,0.11218614193906687,0.058313313597223464,0.16482161584557647,0.12826834346915617,0.00967049360568888,0.036511670984169735,0.1271863263929363,0.11984500431750308,0.1271863263929363,0.1772634090608374,0.10087452017194849,0.20215266895224884,0.11218614193906687
450,24,0.001021216286075419,0.00019079517290831996,0.002146885961013816,0.10245736598211162,0.007533635586844797,0.1853066132062281,64,False,11,0,25,0,0,0,0,10551,10644,10572,10790,10204,10285,9901,10759,9298,10292,9097,10199,10451,10573,10399,9985,10252,10723,10780,10309,10699,10496,10785,10666,0.0017725974374680215,0.002146885961013816,0.001980234441814553,0.001378621594644479,0.0014148685361223801,0.0009409397788801344,0.0016404843984009752,0.00030392276875988413,0.0002502103127601372,0.00019079517290831996,0.0002223540086513592,0.0004036754515916611,0.001191848885764105,0.002146885961013816,0.001378621594644479,0.0005852384575825884,0.001347475183723039,0.0013084749707758774,0.0014148685361223801,0.0013084749707758774,0.00030392276875988413,0.0002833190491323054,0.00019079517290831996,0.0004036754515916611,0.11717415294924234,0.15108648119177842,0.10074692528948803,0.11757931484672648,0.10985792062437783,0.049402212209857244,0.06583826796577195,0.1624914583057676,0.03853265611526693,0.1853066132062281,0.007533635586844797,0.10283729677747797,0.05345387079745484,0.15108648119177842,0.11757931484672648,0.008864619138548139,0.03346903173548892,0.11658746586019161,0.10985792062437783,0.11658746586019161,0.1624914583057676,0.09246831015761944,0.1853066132062281,0.10283729677747797
451,24,0.0010049904597634726,0.00019009955595335388,0.002118654146746319,0.10437644738302702,0.006905832621274397,0.184036427239013,65,False,11,0,25,0,0,0,0,10551,10644,10572,10790,10204,10285,9901,10759,9298,10292,9097,10199,10451,10573,10399,9985,10252,10828,10780,10840,10699,10496,10785,10666,0.0017327504584845818,0.002118654146746319,0.001926833832640184,0.001347783909488423,0.0014158278551465514,0.000902492859929531,0.001580714276650811,0.00030088577788764577,0.0002392571634703522,0.00019009955595335388,0.00021078218576214125,0.0003930196564309431,0.0011444478168064099,0.002118654146746319,0.001347783909488423,0.0005549881391283029,0.0013198451807079584,0.0014158278551465514,0.001380231796709449,0.0013198451807079584,0.00030088577788764577,0.0002750403400191896,0.00019009955595335388,0.0003930196564309431,0.10740964020347214,0.13849594109246355,0.0923513481820307,0.10778103860949928,0.184036427239013,0.04528536119236914,0.06035174563529096,0.14895050344695362,0.03532160143899469,0.16986439543904241,0.006905832621274397,0.09426752204602147,0.0489993815643336,0.13849594109246355,0.10778103860949928,0.00812590087700246,0.11401327909086485,0.184036427239013,0.10070309390567966,0.11401327909086485,0.14895050344695362,0.08476261764448449,0.16986439543904241,0.09426752204602147
452,24,0.0010167156747431618,0.00019345270808720637,0.0020834333507714093,0.10574972141809136,0.006330346569501531,0.2390423624857889,66,False,12,0,25,0,0,0,0,10551,10860,10644,10572,10790,10204,10285,9901,10759,9298,10870,9097,10199,10451,10573,10399,9985,10252,10828,10780,10840,10496,10785,10666,0.0016891730597993833,0.0011258677096705504,0.0020834333507714093,0.0018704696098192338,0.0013140248217268203,0.0014101641289667897,0.000864619319853373,0.0015207830095177125,0.0002967515018278381,0.00022857782304673956,0.00019345270808720637,0.00019977745506470716,0.000381727768281351,0.0011258677096705504,0.0020834333507714093,0.0013140248217268203,0.0005261925401471142,0.0012890340787683177,0.0014101641289667897,0.00134299485800058,0.0012890340787683177,0.0002664278842143092,0.00019345270808720637,0.000381727768281351,0.0984588368531828,0.12824943310063913,0.12695461266809158,0.0846554025001948,0.098799285392041,0.1687000583024286,0.04151158109300504,0.05532243349901671,0.13653796149304082,0.032378134652411794,0.2390423624857889,0.006330346569501531,0.086411895208853,0.12824943310063913,0.12695461266809158,0.098799285392041,0.007448742470585588,0.10451217249995945,0.1687000583024286,0.09231116941353969,0.10451217249995945,0.07769906617411078,0.2390423624857889,0.086411895208853
453,24,0.0009912381703911205,0.00018931675222866182,0.002042185735705654,0.09693724463325042,0.005802817688709736,0.21912216561197315,67,False,12,0,25,0,0,0,0,10551,10860,10644,10572,10790,10204,10285,9901,10759,9298,10870,9097,10199,10451,10573,10399,9985,10252,10828,10780,10840,10496,10785,10666,0.0016425684269889057,0.0011039781947243916,0.002042185735705654,0.0018118443840982555,0.0012778924564389377,0.0013985027251523043,0.0008274600666177526,0.0014610643665968325,0.0002916582705130422,0.00021819519558003981,0.00019567038207561092,0.00018931675222866182,0.0003699454203827325,0.0011039781947243916,0.002042185735705654,0.0012778924564389377,0.0004987963886487074,0.0012555964159751405,0.0013985027251523043,0.0013036945666026307,0.0012555964159751405,0.0002575750106025184,0.00019567038207561092,0.0003699454203827325,0.09025393378208423,0.11756198034225253,0.11637506161241727,0.07760078562517857,0.09056601160937092,0.15464172011055954,0.03805228266858795,0.05071223070743198,0.1251597980352874,0.02967995676471081,0.21912216561197315,0.005802817688709736,0.07921090394144858,0.11756198034225253,0.11637506161241727,0.09056601160937092,0.0068280139313701225,0.09580282479162949,0.15464172011055954,0.08461857196241138,0.09580282479162949,0.07122414399293488,0.21912216561197315,0.07921090394144858
454,24,0.0009215347616573868,0.00017937728420131535,0.001995831809399438,0.09347807631905154,0.005319249547983925,0.2008619851443087,68,False,13,0,25,0,0,0,0,10551,10860,10644,10572,10790,10204,10285,9901,10759,10905,9298,10870,9097,10199,10451,10573,9985,10252,10828,10780,10840,10496,10785,10666,0.0015935831488480157,0.0010792786278742232,0.001995831809399438,0.001751592147462845,0.0012398910538518363,0.0013814872372853448,0.0007911309113703567,0.0014018793831928628,0.000285740365973235,0.00021349439900991278,0.00021349439900991278,0.00019681229541057118,0.00017937728420131535,0.00035780434482559964,0.0010792786278742232,0.001995831809399438,0.00047274441531010064,0.0012200462862413648,0.0013814872372853448,0.0012628204700888697,0.0012200462862413648,0.0002485650993849364,0.00019681229541057118,0.00035780434482559964,0.0827327726335772,0.10776514864706481,0.1066771398113825,0.07113405348974702,0.08301884397525668,0.14175491010134625,0.034881259112872286,0.046486211481812645,0.11472981486568011,0.11053996036765158,0.11053996036765158,0.2008619851443087,0.005319249547983925,0.0726099952796612,0.10776514864706481,0.1066771398113825,0.006259012770422612,0.0878192560589937,0.14175491010134625,0.07756702429887709,0.0878192560589937,0.0652887986601903,0.2008619851443087,0.0726099952796612
455,24,0.0008946530948384046,0.00016993663758712812,0.0019452389667690094,0.08568823662579726,0.004875978752318598,0.18412348638228296,69,False,13,0,25,0,0,0,0,10551,10860,10644,10572,10790,10204,10285,9901,10759,10905,9298,10870,9097,10199,10451,10573,9985,10252,10828,10780,10840,10496,10785,10666,0.0015428051952289178,0.001052240336669472,0.0019452389667690094,0.001690279227699274,0.0012004793359335116,0.001359761846795797,0.0007557252482754685,0.0013435006607560058,0.0002791259191056424,0.0002083077319147424,0.0002083077319147424,0.0001969509785576035,0.00016993663758712812,0.00034542249135896514,0.001052240336669472,0.0019452389667690094,0.00044798172618974193,0.0011828547130099951,0.001359761846795797,0.0012208142828113587,0.0011828547130099951,0.00023947191238349156,0.0001969509785576035,0.00034542249135896514,0.07583837491411242,0.09878471959314274,0.09778737816043395,0.06520621569893477,0.07610060697731862,0.12994200092623406,0.031974487520132926,0.042612360524994924,0.10516899696020676,0.10132829700368061,0.10132829700368061,0.18412348638228296,0.004875978752318598,0.06655916233968942,0.09878471959314274,0.09778737816043395,0.005737428372887395,0.08050098472074423,0.12994200092623406,0.071103105607304,0.08050098472074423,0.05984806543850777,0.18412348638228296,0.06655916233968942
456,24,0.0007544418208452955,0.00016097286613719173,0.0018912137076603826,0.10809122928425474,0.004469647189625381,0.252113195850426,70,False,14,0,25,0,0,0,0,10551,10860,10644,10572,10948,10204,10285,9901,10759,10905,9298,10870,10957,10199,10451,10945,9985,10790,10840,10496,10966,10785,9097,10666,0.0014907636810035751,0.0010496930842848224,0.0018912137076603826,0.0016284065520170467,0.0011899883859396237,0.0013339571267839386,0.000721316592945465,0.0012861567292967082,0.0002719353908466734,0.00020272334490561305,0.00020272334490561305,0.000196167900369251,0.00034149000689204977,0.00034149000689204977,0.0010233022089863864,0.0010496930842848224,0.00042445411051096393,0.0011899883859396237,0.0011444485886946067,0.00023036006347094121,0.00020122705352140628,0.00020122705352140628,0.00016097286613719173,0.00033290443047692995,0.06951851033793639,0.17388599296038085,0.08963842998039778,0.059772364390690204,0.15309222306254205,0.11911350084904788,0.02930994689345518,0.03906133048124535,0.09640491388018953,0.09288427225337388,0.09288427225337388,0.1687798625170927,0.144345898811382,0.144345898811382,0.0905526596270475,0.17388599296038085,0.005259309341813445,0.15309222306254205,0.07379256932734887,0.05486072665196545,0.252113195850426,0.252113195850426,0.004469647189625381,0.06101256547804863
457,24,0.0007428106346170895,0.00015246456021165416,0.0018344969477836978,0.10750991049499747,0.004097176590489932,0.2311037628628905,71,False,15,0,25,0,0,0,0,10551,10860,10644,10572,10948,10204,10974,10285,9901,10759,10905,9298,10870,10957,10199,10968,9985,10790,10840,10977,10496,10966,9097,10666,0.0014750141064519212,0.0010425258221040158,0.0018344969477836978,0.0015664128592387779,0.0011749998142006521,0.0013046790369726754,0.0007057034098673548,0.0007057034098673548,0.0012300363547312653,0.00026428055604005003,0.0002018986463212045,0.00019682260830803972,0.00019455003139050254,0.00033636372106882694,0.00033636372106882694,0.0014750141064519212,0.0004021082920269374,0.0011749998142006521,0.0011052108547934096,0.0002018986463212045,0.0002212855847030809,0.00020428036185089486,0.00015246456021165416,0.00032034196483522563,0.14705863447644169,0.15939549354701577,0.08216856081536462,0.054791334024799354,0.1403345378073302,0.10918737577829389,0.11020078465233393,0.11020078465233393,0.035806219607808235,0.08837117105684039,0.16847724956559273,0.08514391623225939,0.15471487397400163,0.13231707391043349,0.13231707391043349,0.14705863447644169,0.004821033563328991,0.1403345378073302,0.0676431885500698,0.16847724956559273,0.05028899943096833,0.2311037628628905,0.004097176590489932,0.05592818502154458
458,24,0.0007604897325522827,0.00014439090074522558,0.001775761865250204,0.10275633822293302,0.0037557452079491046,0.22944586908476444,72,False,15,0,25,0,0,0,0,10551,10860,10644,10572,10993,10948,10204,10974,10285,9901,10759,10905,9298,10870,10957,10199,10968,9985,10790,10840,10977,10496,9097,10666,0.0014539762316112253,0.001057808534979646,0.001775761865250204,0.001504678559145092,0.001057808534979646,0.0011560616490291315,0.0012725007787783892,0.00068849352788498,0.00068849352788498,0.001175292704710219,0.00025626390848555806,0.00020021654276579378,0.0001906797810962094,0.00019218689218636207,0.0003302000075597348,0.0003302000075597348,0.0014539762316112253,0.00038089213154166756,0.0011560616490291315,0.0010654816346929016,0.00020021654276579378,0.00021229655179544807,0.00014439090074522558,0.0003078148851664857,0.13480374827007155,0.22944586908476444,0.07532118074741757,0.05022538952273274,0.22944586908476444,0.1286399929900527,0.1000884277967694,0.1010173859313061,0.1010173859313061,0.032822367973824214,0.08100690680210369,0.15443747876846,0.07804858987957111,0.1418219678095015,0.12129065108456402,0.12129065108456402,0.13480374827007155,0.004419280766384908,0.1286399929900527,0.06200625617089731,0.15443747876846,0.046098249478387636,0.0037557452079491046,0.05126750293641586
459,24,0.0008149284987973689,0.00013673169994449103,0.0017156137699321197,0.11569164381525698,0.0034427664406200126,0.29365871332770077,73,False,15,0,25,0,0,0,0,10551,10860,11020,10572,10993,10948,10204,10974,10285,9901,10759,10905,9298,10870,10957,10199,11034,10968,10644,10790,10840,10496,9097,10666,0.0014283272550556568,0.0010670628574208636,0.0010945823160504711,0.0014435299923651408,0.0010945823160504711,0.0011337091059023775,0.001237957139771981,0.0006699778042016955,0.0006699778042016955,0.001122047311754055,0.00024797840976722307,0.000197769207655336,0.00018436191565768297,0.0001891680971117487,0.00032314967686163283,0.00032314967686163283,0.0011629473655052835,0.0014283272550556568,0.0017156137699321197,0.0011629473655052835,0.0010255600704652409,0.00020343373983791434,0.00013673169994449103,0.0002953918182012021,0.12357010258089891,0.2103253799943674,0.29365871332770077,0.04603994039583834,0.29365871332770077,0.11791999357421495,0.09174772548037194,0.09259927043703059,0.09259927043703059,0.030087170642672193,0.07425633123526172,0.14156768887108834,0.07154454072294018,0.13000347049204303,0.11118309682751702,0.11118309682751702,0.2012533269075483,0.12357010258089891,0.06904441568513277,0.2012533269075483,0.05683906815665587,0.042256728688522,0.0034427664406200126,0.04699521102504787
460,24,0.0007997136620604414,0.00013280638449267968,0.0016545915383956932,0.11299511794176335,0.02757990642244951,0.2691871538837257,74,False,13,0,25,0,0,0,0,10551,10860,11020,10572,10993,10948,10204,10974,10285,9901,10759,10905,11061,10199,11034,10968,10644,10790,10840,9298,10870,11062,10957,10666,0.0013987227834827089,0.0010706488926829712,0.0011241969052862063,0.001383243893451702,0.0011241969052862063,0.0011084555091605323,0.0012015409474186347,0.0006504246114187679,0.0006504246114187679,0.00107039379301664,0.00023950751105586757,0.00019464886408869142,0.0001997533894974873,0.00031535582927405445,0.0011638944023217744,0.0013987227834827089,0.0016545915383956932,0.0011638944023217744,0.0009857066537817274,0.00017792894745358745,0.00018558137702701482,0.00013280638449267968,0.00031535582927405445,0.00028313112436033973,0.11327259403249067,0.19279826499483677,0.2691871538837257,0.04220327869618515,0.2691871538837257,0.10809332744303037,0.08410208169034095,0.08488266456727804,0.08488266456727804,0.02757990642244951,0.06806830363232325,0.12977038146516431,0.1220686679644785,0.10191783875855727,0.18448221633191927,0.11327259403249067,0.06329071437803836,0.18448221633191927,0.05210247914360121,0.06558249566269517,0.11916984795103944,0.08648920257056836,0.10191783875855727,0.04307894343962721
461,24,0.0008710255273591605,0.00017143392487593465,0.001593170217267286,0.12310639990348116,0.025281580887245383,0.33008822439341523,75,False,15,0,25,0,0,0,0,10551,10860,11020,10572,10993,10948,10204,10974,10285,9901,10759,10905,11061,10199,11034,10968,10644,11068,10790,11070,10840,9298,10957,10666,0.0013657869486743111,0.0010689861936477823,0.0011467257310602004,0.0013240519029078669,0.0011762996882980082,0.0010807856149714604,0.0011937130188662177,0.000630078772939883,0.000630078772939883,0.001020401302312855,0.00023092538503660881,0.0001909457593794986,0.0001955309203602107,0.00030695234089925466,0.0011593832378866543,0.0013657869486743111,0.001593170217267286,0.0011762996882980082,0.0011593832378866543,0.0011937130188662177,0.000946145877650466,0.00017143392487593465,0.00030695234089925466,0.00027108181202102356,0.10383321119644977,0.1767317429119337,0.2467548910600819,0.038686338804836386,0.33008822439341523,0.09908555015611116,0.16042690821614586,0.07780910918667154,0.07780910918667154,0.025281580887245383,0.062395944996296304,0.11895618300973394,0.11189627896743862,0.0934246855286775,0.16910869830425934,0.10383321119644977,0.05801648817986849,0.33008822439341523,0.16910869830425934,0.16042690821614586,0.04776060588163444,0.0601172876908039,0.0934246855286775,0.03948903148632494
462,24,0.0008640224375586375,0.00016492334102456843,0.0015317644581077112,0.1148105681250881,0.023174782479974933,0.30258087236063064,76,False,15,0,25,0,0,0,0,10551,10860,11020,10572,10993,11091,10948,10204,10974,10285,9901,10759,10905,11061,10199,11034,10968,10644,11068,11070,10840,9298,10957,10666,0.0013301053364749445,0.0010625337789524885,0.0011623796807032519,0.0012987987809899009,0.0012205155665360623,0.0012987987809899009,0.0010511510176298608,0.0011811014867995717,0.0006091612722697929,0.0006091612722697929,0.0009721177027793729,0.00022229731359172457,0.00018674659586712252,0.00019085315123821889,0.00029806288895195895,0.001149927285557037,0.0013301053364749445,0.0015317644581077112,0.0012205155665360623,0.0011811014867995717,0.000907069068976858,0.00016492334102456843,0.00029806288895195895,0.0002592844429346208,0.09518044359674561,0.16200409766927254,0.22619198347174171,0.11879581057110003,0.30258087236063064,0.11879581057110003,0.09082842097643523,0.1470579991981337,0.07132501675444891,0.07132501675444891,0.023174782479974933,0.05719628291327161,0.10904316775892278,0.1025715890534854,0.08563929506795437,0.15501630677890438,0.09518044359674561,0.053181780831546115,0.30258087236063064,0.1470579991981337,0.04378055539149823,0.05510751371657024,0.08563929506795437,0.036198278862464524
463,24,0.000848001698626528,0.00015843753535322127,0.001470732504180189,0.10524302078133074,0.021243550606643687,0.2773657996639114,77,False,15,0,25,0,0,0,0,10551,10860,11020,10572,10993,11091,10948,10204,10974,10285,9901,10759,10905,11061,10199,11034,10968,10644,11068,11070,10840,9298,10957,10666,0.0012922203251325836,0.0010517726780244836,0.001171480690565383,0.001270179328056181,0.0012566739021459428,0.001270179328056181,0.0010199673157458304,0.001164255430402991,0.000587869568403556,0.000587869568403556,0.000925572458252656,0.00021368018528202573,0.000182133370484233,0.00018580138440478573,0.0002888004247098754,0.0011360553857021098,0.0012922203251325836,0.001470732504180189,0.0012566739021459428,0.001164255430402991,0.0008686372914020634,0.00015843753535322127,0.0002888004247098754,0.00024777200993743325,0.08724873996368347,0.14850375619683315,0.20734265151576323,0.10889615969017502,0.2773657996639114,0.10889615969017502,0.08325938589506562,0.13480316593162256,0.06538126535824483,0.06538126535824483,0.021243550606643687,0.05242992600383231,0.09995623711234589,0.09402395663236161,0.07850268714562483,0.14209828121399568,0.08724873996368347,0.0487499657622506,0.2773657996639114,0.13480316593162256,0.04013217577554004,0.05051522090685605,0.07850268714562483,0.033181755623925814
464,24,0.0008276022726527184,0.00015593149302473242,0.0014103805020385567,0.10589360108927638,0.01947325472275671,0.2542519830252521,78,False,15,0,25,0,0,0,0,10551,10860,11020,10572,10993,11091,10948,10204,10974,10285,9901,10759,10905,11061,10199,11034,10968,10644,11068,11070,10840,11157,11147,10666,0.0012526284346211687,0.0010371911602751827,0.0011744360576348462,0.0012387509156465471,0.0012847973746545906,0.0012387509156465471,0.0009876127268930138,0.0011437171087788616,0.0005663783701835582,0.0005663783701835582,0.0008807792486642137,0.0002104131706841469,0.00017718256994791727,0.00018045079480008392,0.00027926700831818976,0.0011182972260720921,0.0012526284346211687,0.0014103805020385567,0.0012847973746545906,0.0011437171087788616,0.00083098423333331,0.00015593149302473242,0.0002104131706841469,0.00023657077352535783,0.07997801163337652,0.13612844318043038,0.19006409722278295,0.09982147971599377,0.2542519830252521,0.09982147971599377,0.07632110373714349,0.123569568770654,0.059932826578391094,0.059932826578391094,0.01947325472275671,0.1313940988368463,0.09162655068631706,0.08618862691299814,0.0719607965501561,0.13025675777949602,0.07997801163337652,0.04468746861539638,0.2542519830252521,0.123569568770654,0.03678782779424503,0.12963895249795138,0.1313940988368463,0.030416609321931996
465,24,0.0007630747144973696,0.00015295933752651502,0.0013050737627556307,0.1146176325584178,0.01785048349586032,0.25755875578755105,79,False,12,0,25,0,0,0,0,11162,10993,11091,10948,10204,10974,10285,9901,10759,10905,11061,10199,10551,10860,11020,10572,11068,11070,10840,11157,11147,10666,11034,11183,0.0012019329284419498,0.0013050737627556307,0.0012050333553237122,0.0009544278627326746,0.0011200114911046582,0.0005448407437387764,0.0005448407437387764,0.0008377383199312776,0.0002065040521997859,0.0001719646671533941,0.00017487009360910618,0.0002695539278707121,0.001211779310964885,0.0010192726299130712,0.0012019329284419498,0.0012050333553237122,0.0013050737627556307,0.0011200114911046582,0.0007942190176331688,0.00015295933752651502,0.0002065040521997859,0.00023152185875619598,0.0010971715959606453,0.00023152185875619598,0.25755875578755105,0.23306431777314773,0.09150302307299428,0.06996101175904819,0.11327210470643283,0.05493842436352517,0.05493842436352517,0.01785048349586032,0.12044459060044244,0.08399100479579064,0.07900624133691496,0.06596406350430975,0.07331317733059514,0.12478440624872784,0.25755875578755105,0.09150302307299428,0.23306431777314773,0.11327210470643283,0.03372217547805795,0.11883570645645543,0.12044459060044244,0.111215225211771,0.11940202796453801,0.111215225211771
466,24,0.000773799931053567,0.00015344842648956622,0.0013178262459805296,0.13488923961332835,0.016362943204538623,0.3194288594719218,80,False,14,0,25,0,0,0,0,11162,11184,11201,11091,10948,10204,10974,10285,11202,9901,10759,10905,11061,10199,11188,10551,10860,11020,10993,11070,10840,11203,11147,10666,0.0012535490166135851,0.0012535490166135851,0.0011218431811120058,0.001169505500979564,0.0009207164066981951,0.0011218431811120058,0.0005233894476812201,0.0005233894476812201,0.0007779887026229616,0.0007964385823630365,0.00020204695432470275,0.00016654386612256249,0.00016912141407265948,0.00025974203457080914,0.0011218431811120058,0.0011700760032690503,0.0009984860444798619,0.0012220328941648353,0.0013178262459805296,0.0011218431811120058,0.0007779887026229616,0.00015344842648956622,0.00020204695432470275,0.00022593995916197386,0.3194288594719218,0.3194288594719218,0.18716609598089676,0.08387777115024475,0.06413092744579417,0.18716609598089676,0.050360222333231404,0.050360222333231404,0.11424532752155313,0.016362943204538623,0.1104075413837389,0.0769917543961414,0.07242238789217205,0.06046705821228394,0.18716609598089676,0.06720374588637888,0.11438570572800053,0.23609552613858845,0.2136422912920521,0.18716609598089676,0.11424532752155313,0.1922660642517508,0.1104075413837389,0.10194728977745675
467,24,0.0007979013421066727,0.00016097804664711986,0.0013234840133109031,0.12569886372587902,0.014999364604160403,0.29280978784926165,81,False,14,0,25,0,0,0,0,11162,11184,11201,11091,10948,11212,10204,10974,10285,11202,9901,10759,10905,11061,10199,11188,10551,10860,11020,10993,11070,10840,11147,10666,0.001296791119615856,0.001296791119615856,0.0011183353796726419,0.0011326035369594038,0.0009096155839908669,0.0009096155839908669,0.0011183353796726419,0.000502138409827124,0.000502138409827124,0.000759876346025106,0.000756859473851718,0.0001971310816387281,0.00016097804664711986,0.00016326037227427714,0.0002499022354807969,0.0011183353796726419,0.0011278762308371644,0.0009752786349344796,0.001235022058617352,0.0013234840133109031,0.0011183353796726419,0.000759876346025106,0.0001971310816387281,0.00021992100676100035,0.29280978784926165,0.29280978784926165,0.17156892131582202,0.07688795688772435,0.14212001682531133,0.14212001682531133,0.17156892131582202,0.04616353713879545,0.04616353713879545,0.10472488356142369,0.014999364604160403,0.10120691293509398,0.07057577486312962,0.0663871889011577,0.05542813669459361,0.17156892131582202,0.06160343372918064,0.10485356358400048,0.21642089896037273,0.1958387670177144,0.17156892131582202,0.10472488356142369,0.10120691293509398,0.09345168229600201
468,24,0.0007837337641770596,0.00015531886473837568,0.0013315599378661898,0.11683901965566988,0.013749417553813703,0.2684089721951565,82,False,15,0,25,0,0,0,0,11162,11184,11201,11091,10948,11212,10204,11235,10974,10285,11202,9901,10759,10905,11061,10199,11188,10551,10860,10993,11070,10840,11147,10666,0.0013315599378661898,0.0013315599378661898,0.00110997882658046,0.0011229533699595297,0.0008954024513351302,0.0008954024513351302,0.00110997882658046,0.0011229533699595297,0.00048118427638299045,0.00048118427638299045,0.0007402091830391505,0.0007189726053628252,0.00019183979977505788,0.00015531886473837568,0.00015733626127977603,0.00024009609481219458,0.00110997882658046,0.0010854943795068001,0.0009500706597396303,0.0013225545029220108,0.00110997882658046,0.0007402091830391505,0.00019183979977505788,0.00021355362884988057,0.2684089721951565,0.2684089721951565,0.15727151120617017,0.15381396048041399,0.13027668208986873,0.13027668208986873,0.15727151120617017,0.15381396048041399,0.04231657571056249,0.04231657571056249,0.09599780993130505,0.013749417553813703,0.09277300352383615,0.06469446029120214,0.06085492315939456,0.05080912530337747,0.15727151120617017,0.056469814251748914,0.09611576661866711,0.1795188697662382,0.15727151120617017,0.09599780993130505,0.09277300352383615,0.0856640421046685
469,24,0.0007516568481106072,0.00014961197052415826,0.00135794828937604,0.12127350531566868,0.012603632757662561,0.24604155784556014,83,False,17,0,25,0,0,0,0,11162,11184,11201,11091,10948,11212,10204,11235,11266,10974,10285,11202,9901,10759,10905,11061,10199,11188,10860,11273,11258,10840,11147,10666,0.00135794828937604,0.00135794828937604,0.0011255805339221916,0.001109033313967891,0.000878492404486435,0.000878492404486435,0.0010972817331071647,0.001109033313967891,0.0007378411141254166,0.0004606079795860161,0.0004606079795860161,0.0007378411141254166,0.0006827432067189674,0.00018625004951178112,0.00014961197052415826,0.00015139234286826864,0.0002303765035114365,0.0010972817331071647,0.0009232519069517116,0.0010701081483763908,0.0011255805339221916,0.0007192906700723247,0.00018625004951178112,0.00020691876946544319,0.24604155784556014,0.24604155784556014,0.22749888527232265,0.14099613044037948,0.11942029191571299,0.11942029191571299,0.1441655519389893,0.14099613044037948,0.17133132577036297,0.03879019440134895,0.03879019440134895,0.17133132577036297,0.012603632757662561,0.0850419198968498,0.05930325526693529,0.05578367956277834,0.046575031528096014,0.1441655519389893,0.08810611940044484,0.13509732973076985,0.22749888527232265,0.08799799243702963,0.0850419198968498,0.07852537192927946
470,24,0.0007280036403246428,0.00014546620681878995,0.001376210644090446,0.13578913744473642,0.011553330027857347,0.2918739781662958,84,False,16,0,25,0,0,0,0,11162,11184,11201,11091,10948,11282,11212,10204,11235,11266,10974,10285,11202,9901,10759,10905,11061,10199,11290,11299,11258,10840,11294,10666,0.001376210644090446,0.001376210644090446,0.0011640753637545264,0.0010913605880295324,0.0008592848256547095,0.0011640753637545264,0.0008592848256547095,0.0010807552663267507,0.0010913605880295324,0.0007322789997777501,0.00044047628268730605,0.0004518361278496006,0.0007322789997777501,0.0006481313905825483,0.00018043203678506762,0.00014760841004033613,0.00014546620681878995,0.00022078838483589416,0.0004518361278496006,0.001078430653074968,0.0011348087445657775,0.0006973989134469659,0.00014760841004033613,0.00020008957027355847,0.22553809469176345,0.22553809469176345,0.2918739781662958,0.1292464529036812,0.1094686009227369,0.2918739781662958,0.1094686009227369,0.13215175594407352,0.1292464529036812,0.15705371528949938,0.03555767820123654,0.11889101153456988,0.15705371528949938,0.011553330027857347,0.07795509323877897,0.13769465066135736,0.05113503959921348,0.04269377890075468,0.11889101153456988,0.2071725522532057,0.20854064483296242,0.0806648264006105,0.13769465066135736,0.07198159093517283
471,24,0.000728581289395462,0.0001395901730677726,0.0013867318701994832,0.1427356382653775,0.0105905525255359,0.3508844799857711,85,False,19,0,25,0,0,0,0,11162,11184,11306,11201,11091,10948,11282,11212,10204,11235,11266,10974,10285,11202,11325,9901,11318,10759,10905,11061,10199,11290,11299,10666,0.0013867318701994832,0.0013867318701994832,0.001225790864514077,0.001225790864514077,0.0010704408599369677,0.0008381576706240035,0.0011949726240858345,0.0008381576706240035,0.001060901787933815,0.0010704408599369677,0.0007238582712761002,0.0004208432720039483,0.00044189155495390973,0.0007238582712761002,0.00069218869840344,0.0006150932520418446,0.00017894817359703977,0.00017894817359703977,0.00014512197348632438,0.0001395901730677726,0.00021136941059070262,0.00044189155495390973,0.0010810997683870388,0.0001931314552872041,0.20674325346744982,0.20674325346744982,0.3508844799857711,0.3508844799857711,0.11847591516170776,0.10034621751250881,0.2675511466524378,0.10034621751250881,0.12113910961540073,0.11847591516170776,0.1439659056820411,0.03259453835113349,0.10898342724002238,0.1439659056820411,0.1572760908672263,0.0105905525255359,0.15479216880221408,0.15479216880221408,0.12622009643957757,0.04687378629927902,0.039135963992358455,0.10898342724002238,0.18990817289877188,0.06598312502390842
472,24,0.0006572585141178831,0.00013379171689009768,0.0013899968828515114,0.13678993332894632,0.009708006481741242,0.24525521776473463,86,False,18,0,25,0,0,0,0,11162,11184,11337,10948,11282,11212,10204,11235,11266,10974,10285,11202,11325,11342,9901,11318,10759,10905,11061,10199,11290,11299,11345,10666,0.0013899968828515114,0.0013899968828515114,0.0010737553919335896,0.0008154637016713076,0.0012183613682784245,0.0008154637016713076,0.001038205665567083,0.0010737553919335896,0.0007129161726086526,0.00040175177470382393,0.0004309682391499342,0.0007129161726086526,0.0007019189064327664,0.0007019189064327664,0.0005835818204183075,0.0001767783725045269,0.00018133747141319497,0.00014221960026403841,0.00013379171689009768,0.00020215070868851985,0.0004309682391499342,0.0010785474088578363,0.00018133747141319497,0.0001861023705346217,0.189514649011829,0.189514649011829,0.1919362555648988,0.09198403271979974,0.24525521776473463,0.09198403271979974,0.11104418381411733,0.1919362555648988,0.13196874687520432,0.029878326821872365,0.09990147497002051,0.13196874687520432,0.22750308329495744,0.22750308329495744,0.009708006481741242,0.14189282140202958,0.22522615473536292,0.11570175506961276,0.04296763744100576,0.03587463365966192,0.09990147497002051,0.17408249182387422,0.22522615473536292,0.060484531271916046
473,24,0.0007032693439759514,0.00012809390151387404,0.0014223217354369028,0.13791567998570467,0.008899005941596138,0.2897906418407493,87,False,20,0,25,0,0,0,0,11352,11162,11184,11337,10948,11282,11212,10204,11235,11266,10974,10285,11202,11325,11342,9901,11318,11374,10905,11061,10199,11372,11299,10666,0.0014223217354369028,0.0014223217354369028,0.0013865624110056625,0.001071829052277077,0.0007915281160641277,0.001234474569067727,0.0007915281160641277,0.0010131264039644867,0.001071829052277077,0.000699784028291993,0.00038323468822494116,0.0004192471085225013,0.000699784028291993,0.000707674507149549,0.000707674507149549,0.0005535478789388178,0.00017400506150820478,0.00018741986422026163,0.00013896526262887734,0.00012809390151387404,0.00019315754773839748,0.00043005945512263885,0.00107124208777568,0.0001790531367514641,0.2570550949275099,0.2570550949275099,0.17372176159417657,0.17594156760115723,0.08431869665981642,0.22481728295100675,0.08431869665981642,0.10179050182960755,0.17594156760115723,0.12097135130227063,0.027388466253383002,0.09157635205585213,0.12097135130227063,0.20854449302037764,0.20854449302037764,0.008899005941596138,0.1300684196185271,0.2897906418407493,0.10605994214714502,0.03938700098758861,0.032885080854690094,0.17490968538918547,0.15957561750521804,0.05544415366592304
474,24,0.0006747161685540926,0.00012567547826837635,0.0014459032803756163,0.1371955266068213,0.008157422113129793,0.2744991186020128,88,False,19,0,25,0,0,0,0,11352,11162,11184,11337,10948,11282,11212,10204,11235,11266,10974,10285,11390,11342,9901,11318,11374,10905,11061,10199,11372,11299,11395,10666,0.0014459032803756163,0.0014459032803756163,0.001377031673705519,0.0010651237163821678,0.0007666473275474532,0.0012436610999247244,0.0007666473275474532,0.0009860938062563954,0.0010651237163821678,0.0006847812062362695,0.00036531621298409035,0.0004068948532349786,0.0007280017320961381,0.0007280017320961381,0.0005249406668313435,0.00017070894549962797,0.00019228218754905373,0.00013541918495099117,0.00012567547826837635,0.00018440998853753068,0.00042724551242691766,0.0010596717578838185,0.00012567547826837635,0.00017202787993745574,0.23563383701688406,0.23563383701688406,0.1592449481279952,0.16127977030106078,0.07729213860483172,0.20608250937175618,0.07729213860483172,0.09330796001047359,0.16127977030106078,0.11089040536041474,0.025106094065601086,0.08394498938453111,0.2744991186020128,0.2744991186020128,0.008157422113129793,0.11922938465031652,0.26564142168735355,0.09722161363488294,0.1194380842386229,0.030144657450132586,0.16033387827342002,0.1462776493797832,0.1194380842386229,0.05082380752709612
475,24,0.0006894307384866504,0.00012292829062131717,0.001461083042357887,0.1488318483664748,0.007477636937035643,0.3349575253851784,89,False,18,0,25,0,0,0,0,11352,11162,11184,11337,10948,11282,11212,10204,11235,11266,11412,11342,9901,11318,11374,10905,11417,11061,10199,11372,11299,11403,11395,10666,0.001461083042357887,0.001461083042357887,0.001362032400380039,0.001081308232472297,0.0007410886753143468,0.001246358573015526,0.0007410886753143468,0.0009575048641955218,0.0010541225044251401,0.0006682106083869417,0.0007628763836910831,0.0007436965150118205,0.0004977084772639136,0.00016696759390823782,0.00019594081685258614,0.0001350322316076116,0.0001350322316076116,0.00012292829062131717,0.0001759234957209019,0.00042272066506917163,0.0010443293700859947,0.001081308232472297,0.00012292829062131717,0.00016506451092581482,0.21599768393214372,0.21599768393214372,0.14597453578399558,0.23117312277597238,0.07085112705442907,0.18890896692410983,0.07085112705442907,0.08553229667626745,0.14783978944263904,0.10164953824704684,0.3349575253851784,0.25162419205184505,0.007477636937035643,0.10929360259612347,0.24350463654674073,0.17245314583197602,0.17245314583197602,0.10948491055207099,0.027632602662621537,0.14697272175063503,0.13408784526480125,0.23117312277597238,0.10948491055207099,0.046588490233171444
476,24,0.0007142987601819221,0.00011990641208036554,0.0014683242231761928,0.16338653091506417,0.025329885774069742,0.3070443982697469,90,False,16,0,25,0,0,0,0,11352,11162,11184,11337,10948,11282,11212,10204,11235,11266,11412,11342,9901,11318,11374,11438,11439,11372,11443,11299,11403,11436,11061,10199,0.0014683242231761928,0.0014683242231761928,0.0013421983466150873,0.00109129597533569,0.0007150908576344084,0.0012430681089391524,0.0007150908576344084,0.0009277220829120222,0.0010393151076012626,0.0006503554977571217,0.0007926324100999726,0.0007548775558692005,0.0004839668229397982,0.0001628543947880884,0.00020355249069707563,0.00020355249069707563,0.0001375137289064651,0.0004274276236860871,0.0004274276236860871,0.001025701106342252,0.00109129597533569,0.0004839668229397982,0.00011990641208036554,0.0001677095055166374,0.1979978769377984,0.1979978769377984,0.13380999113532926,0.21190869587797467,0.06494686646655998,0.17316655301376732,0.06494686646655998,0.0784046052865785,0.13551980698908578,0.09317874339312626,0.3070443982697469,0.23065550938085796,0.09018783385894935,0.10018580237977985,0.3065459168345124,0.3065459168345124,0.24141538367931134,0.21805832827141544,0.21805832827141544,0.12291385815940113,0.21190869587797467,0.09018783385894935,0.10036116800606507,0.025329885774069742
477,24,0.0007339683755133278,0.00011666031288644224,0.001506044853850167,0.165449367090094,0.02321906195956393,0.2814573650806013,91,False,16,0,25,0,0,0,0,11352,11162,11184,11337,10948,11282,11212,10204,11235,11454,11412,11342,9901,11318,11374,11438,11439,11372,11443,11448,11403,11436,11061,10199,0.001506044853850167,0.0014681806033117436,0.0013181542447989758,0.001095449146523994,0.0006888649126608044,0.0012343317348605732,0.0007066306790667101,0.0008970729648255525,0.0010211857829288743,0.0007066306790667101,0.0008171354550584906,0.0007617397047418025,0.00046952509390754286,0.00015843782794554073,0.00020981571465937115,0.00020981571465937115,0.00013918261722781596,0.000429793963700221,0.000429793963700221,0.001506044853850167,0.001095449146523994,0.00046952509390754286,0.00011666031288644224,0.00015977594765723854,0.2648313871929819,0.18149805385964854,0.12265915854071849,0.19424963788814345,0.05953462759434664,0.15873600692928672,0.14286796092767998,0.07187088817936362,0.1242264897399953,0.14286796092767998,0.2814573650806013,0.21143421693245312,0.08267218103737023,0.09183698551479819,0.28100042376496964,0.28100042376496964,0.22129743503936872,0.19988680091546415,0.19988680091546415,0.2648313871929819,0.19424963788814345,0.08267218103737023,0.09199773733889298,0.02321906195956393
478,24,0.0007438497441692055,0.0001132365204513832,0.0015343528048886656,0.17055198633472823,0.021284140129600268,0.27714803218808204,92,False,19,0,25,0,0,0,0,11352,11162,11184,11474,11337,10948,11282,11212,10204,11235,11454,11412,11342,9901,11483,11318,11374,11485,11438,11439,11372,11448,11061,10199,0.0015343528048886656,0.001461268149569258,0.0013237859665980508,0.0013237859665980508,0.0010941926526083843,0.0006625955948244331,0.0012207127902234566,0.0006957350091599719,0.000865850403807679,0.0010002038691648834,0.0006957350091599719,0.0008363803253954098,0.0007842544081426915,0.0004545564259146858,0.0007842544081426915,0.0001577470073549365,0.00021472973220651489,0.0001577470073549365,0.00021472973220651489,0.00014008019508209878,0.0004299793552157707,0.0015343528048886656,0.0001132365204513832,0.0001521277211018304,0.24276210492690004,0.16637321603801117,0.19577089532899195,0.19577089532899195,0.1780621680641315,0.054573408628151084,0.14550800635184616,0.13096229751703997,0.06588164749774998,0.11387428226166235,0.13096229751703997,0.25800258465721787,0.27714803218808204,0.07578283261758938,0.27714803218808204,0.16751723672189833,0.2575837217845555,0.16751723672189833,0.2575837217845555,0.20285598211942132,0.18322956750584213,0.24276210492690004,0.08433125922731856,0.021284140129600268
479,24,0.0007276153593536386,0.0001096774447919096,0.001553559855327166,0.1610188013277765,0.01951046178546691,0.2540523628390752,93,False,19,0,25,0,0,0,0,11352,11162,11184,11474,11337,10948,11282,11212,10204,11501,11454,11412,11342,9901,11483,11318,11374,11485,11438,11439,11372,11448,11061,10199,0.001553559855327166,0.0014482399682570672,0.0013228310964103081,0.0013228310964103081,0.0010879934481696453,0.0006528568305364638,0.001202779467742823,0.0006827268602231343,0.0008343137708673693,0.0006528568305364638,0.0006827268602231343,0.000850472860771813,0.000801756562055793,0.00043921661070432964,0.000801756562055793,0.00015639069195947554,0.00021832219158349968,0.00015639069195947554,0.00021832219158349968,0.0001402572144521128,0.00042816253812111624,0.001553559855327166,0.0001096774447919096,0.0001447671244174613,0.22253192951632503,0.1525087813681769,0.17945665405157593,0.17945665405157593,0.1632236540587872,0.1333589579091385,0.13338233915585898,0.1200487727239533,0.060391510206270815,0.1333589579091385,0.1200487727239533,0.23650236926911636,0.2540523628390752,0.0694675965661236,0.2540523628390752,0.15355746699507347,0.23611841163584255,0.15355746699507347,0.23611841163584255,0.18595131694280287,0.16796043688035528,0.22253192951632503,0.07730365429170867,0.01951046178546691
480,24,0.0007224582693637099,0.00010602133669560374,0.0015641193781715378,0.14760056788379508,0.017884589970011334,0.23288133260248556,94,False,19,0,25,0,0,0,0,11352,11162,11184,11474,11337,10948,11282,11212,10204,11501,11454,11412,11342,9901,11483,11318,11374,11485,11438,11439,11372,11448,11061,10199,0.0015641193781715378,0.001429764904885412,0.001315850380494187,0.001315850380494187,0.0010773424426606221,0.0006410805789131776,0.0011810914294877553,0.0006679171134614954,0.0008026905038237787,0.0006410805789131776,0.0006679171134614954,0.0008596106101361647,0.0008143641727387176,0.0004236444378799747,0.0008143641727387176,0.00015444098750882126,0.00022064418408522383,0.00015444098750882126,0.00022064418408522383,0.00013977109013054405,0.00042453387575861926,0.0015641193781715378,0.00010602133669560374,0.00013769424252424195,0.20398760205663127,0.13979971625416215,0.16450193288061127,0.16450193288061127,0.14962168288722158,0.12224571141671027,0.12226714422620406,0.11004470833029052,0.05535888435574825,0.12224571141671027,0.11004470833029052,0.21679383849668998,0.23288133260248556,0.0636786301856133,0.23288133260248556,0.14076101141215067,0.21644187733285566,0.14076101141215067,0.21644187733285566,0.17045537386423595,0.15396373380699233,0.20398760205663127,0.07086168310073294,0.017884589970011334
481,24,0.0007658604533143732,0.00010230234959806103,0.0015665924220210786,0.16839502962972877,0.01639420747251039,0.2968078882189451,95,False,19,0,25,0,0,0,0,11352,11162,11184,11474,11337,10948,11282,11212,10204,11501,11454,11412,11342,9901,11483,11556,11562,11561,11438,11439,11547,11548,11061,10199,0.0015665924220210786,0.0014065098301251173,0.0013034353437360396,0.0013370508283055344,0.0010901470984806389,0.0006275602735388221,0.0011561893068426465,0.0006516002342940914,0.0007711780437587346,0.0006275602735388221,0.0006516002342940914,0.0008640635337452252,0.000843486077513344,0.0004079623417773198,0.0008222795589405479,0.000843486077513344,0.00022748460169503653,0.0001558892141927298,0.00022748460169503653,0.0001386834150566208,0.0013370508283055344,0.0010901470984806389,0.00010230234959806103,0.00013090729209590046,0.18698863521857867,0.12814973989964865,0.15079343847389365,0.234126771807227,0.2204865426466198,0.11205856879865107,0.11207821554068706,0.10087431596943297,0.05074564399276923,0.11205856879865107,0.10087431596943297,0.19872768528863247,0.2968078882189451,0.058372077670145524,0.21347455488561176,0.2968078882189451,0.2817383875551177,0.21236426046113813,0.2817383875551177,0.1562507593755496,0.234126771807227,0.2204865426466198,0.06495654284233852,0.01639420747251039
482,24,0.0007670779499209142,9.85506797759111e-05,0.0015616163470972505,0.16768775089125565,0.015028023516467856,0.35540723086736636,96,False,17,0,25,0,0,0,0,11352,11162,11184,11474,11337,10948,11282,11212,10204,11501,11454,11412,11579,11580,11562,11561,11438,11439,11547,11548,11342,9901,11061,10199,0.0015616163470972505,0.0013791254623196207,0.0012861894351598336,0.001350517608994204,0.0010969282041200148,0.0006125747276741403,0.0011285868100644654,0.0006340512768160515,0.0007399459892942904,0.0006125747276741403,0.0006340512768160515,0.000886442144477404,0.000886442144477404,0.0008894332788383967,0.00023286056270268855,0.00015650245398340424,0.00023286056270268855,0.00013705781864342223,0.001350517608994204,0.0010969282041200148,0.0008894332788383967,0.0003922772662372237,9.85506797759111e-05,0.00012440292828071702,0.17140624895036377,0.11747059490801125,0.13822731860106918,0.21461620748995808,0.2021126640927348,0.10272035473209681,0.1027383642456298,0.09246812297198022,0.046516840326705125,0.10272035473209681,0.09246812297198022,0.2655003781812464,0.2655003781812464,0.35540723086736636,0.25826018859219124,0.19466723875604328,0.25826018859219124,0.14322986276092048,0.21461620748995808,0.2021126640927348,0.35540723086736636,0.05350773786430006,0.059543497605476975,0.015028023516467856
483,24,0.0007848573186895999,9.479276316381138e-05,0.001549876840284636,0.18519152068716307,0.013775688223428867,0.32670867999947584,97,False,16,0,25,0,0,0,0,11352,11162,11184,11474,11337,10948,11282,11212,11603,11412,11579,11580,11608,11562,11561,11438,11439,11547,11595,11611,10204,9901,11061,10199,0.001549876840284636,0.0013482354497853734,0.0012647124867796284,0.001391674572436665,0.001098085749588487,0.0005963850969647092,0.001098765128488883,0.0006155239831421306,0.0009265684815065904,0.0009265684815065904,0.0009032731453583465,0.0009294340678448267,0.00024290829961613652,0.0002368012167553475,0.00015634122938609524,0.00024290829961613652,0.00013495817811904603,0.0013566857641392346,0.001391674572436665,0.0011264052859188973,0.0007091383652164196,0.00037668167488036255,9.479276316381138e-05,0.00011817651561538078,0.15712239487116678,0.10768137866567697,0.1267083753843134,0.2800648568657949,0.18526994208500688,0.09416032517108874,0.09417683389182732,0.08476244605764853,0.32670867999947584,0.32670867999947584,0.24337534666614252,0.32578996162841917,0.32007183954284196,0.23673850620950862,0.17844496885970632,0.32007183954284196,0.1312940408641771,0.19673152353246157,0.2800648568657949,0.2686032754183402,0.04264043696614636,0.04904875970894172,0.05458153947168722,0.013775688223428867
484,24,0.0007853229236595353,9.10515106760511e-05,0.0015320837444010944,0.16975889396323282,0.012627714204809794,0.2994829566661862,98,False,16,0,25,0,0,0,0,11352,11162,11184,11474,11337,10948,11282,11212,11603,11412,11579,11580,11608,11562,11561,11438,11439,11547,11595,11611,10204,9901,11061,10199,0.0015320837444010944,0.0013144283604294414,0.0012395883329969302,0.001423895302425856,0.0010940710193753614,0.0005792329036797323,0.001067169287037141,0.0005962497887355563,0.000960487610238481,0.000960487610238481,0.0009147374374560649,0.0009632102067012997,0.00025133286101374874,0.00023936131479627802,0.00015547213893190242,0.00025133286101374874,0.00013244717298508774,0.0013560719849612208,0.001423895302425856,0.0011487904788869993,0.000678875924338965,0.0003612546479980246,9.10515106760511e-05,0.00011222236608552665,0.1440288619652362,0.09870793044353722,0.11614934410228728,0.2567261187936453,0.16983078024458964,0.08631363140683135,0.08632876440084171,0.07769890888617782,0.2994829566661862,0.2994829566661862,0.22309406777729732,0.2986407981593842,0.29339918624760514,0.21701029735871621,0.16357455478806412,0.29339918624760514,0.12035287079216232,0.18033722990475642,0.2567261187936453,0.24621966913347854,0.03908706721896749,0.04496136306652991,0.05003307784904662,0.012627714204809794
485,24,0.0007793743292608648,8.73465672220522e-05,0.0015089508304681693,0.15644981963275853,0.01157540468774231,0.2745260436106707,99,False,16,0,25,0,0,0,0,11352,11162,11184,11474,11337,10948,11282,11212,11603,11412,11579,11580,11608,11562,11561,11438,11439,11646,11547,11595,10204,9901,11061,10199,0.0015089508304681693,0.0012782521907093985,0.0012113753298175144,0.0014473695642526164,0.0010853672478902034,0.0005613389441150248,0.001060878216883383,0.0005764375577363414,0.0009880847614966869,0.0009880847614966869,0.0009210999104530161,0.0009906518799298553,0.00025811406077872677,0.00024061583331152995,0.00015396526273095875,0.00025811406077872677,0.00012958515900684953,0.001060878216883383,0.0013492485948332041,0.0014473695642526164,0.000649258420713153,0.0003460630192268364,8.73465672220522e-05,0.0001065339472738203,0.13202645680146652,0.09048226957324244,0.10647023209376333,0.23533227556084152,0.15567821522420716,0.0791208287895954,0.16246803403410492,0.07122399981232967,0.2745260436106707,0.2745260436106707,0.20450289546252254,0.2737540649794355,0.2689492540603047,0.1989261059121565,0.14994334188905878,0.2689492540603047,0.11032346489281546,0.16246803403410492,0.16530912741269338,0.23533227556084152,0.03582981161738687,0.04121458281098575,0.0458636546949594,0.01157540468774231
486,24,0.0008095093447512271,8.369458257466294e-05,0.0015193789032300678,0.16258089915203375,0.010610787630430451,0.2707943208406457,100,False,16,0,25,0,0,0,0,11352,11162,11184,11474,11337,10948,11282,11212,11603,11412,11579,11580,11608,11562,11561,11438,11439,11664,11547,11595,11674,9901,11061,10199,0.0015193789032300678,0.0012402110003630743,0.0011805994501955033,0.0014624411894596143,0.0010724729675243056,0.0005429029116539726,0.001050270351772389,0.0005562738897165504,0.0010093942130092613,0.0010093942130092613,0.0009464855127145488,0.00101179789484203,0.00026326910488879036,0.00024065485791156,0.0001518919593106707,0.00026326910488879036,0.0001264293296637462,0.0015193789032300678,0.0013368206527768747,0.0014624411894596143,0.0009464855127145488,0.0003311625156640525,8.369458257466294e-05,0.00010110406345549199,0.2043575854013443,0.08294208044213891,0.09759771275261638,0.21572125259743805,0.1427050306221899,0.07252742639046245,0.1489290311979295,0.06528866649463554,0.2516488733097814,0.2516488733097814,0.2707943208406457,0.2509412262311492,0.24653681622194595,0.18234893041947678,0.13744806339830387,0.24653681622194595,0.10112984281841417,0.2043575854013443,0.15153336679496893,0.21572125259743805,0.2707943208406457,0.0377800342434036,0.04204168347037945,0.010610787630430451
487,24,0.0008061958667030683,8.010948484799395e-05,0.0015219389172347827,0.14903249088936427,0.009726555327894579,0.24822812743725856,101,False,16,0,25,0,0,0,0,11352,11162,11184,11474,11337,10948,11282,11212,11603,11412,11579,11580,11608,11562,11561,11438,11439,11664,11547,11595,11674,9901,11061,10199,0.0015219389172347827,0.0012007632947198907,0.0011477496038178447,0.0014695753130186445,0.0010558881201506343,0.0005241035835852156,0.0010358330392359638,0.0005359238588914268,0.0010245769458144948,0.0010245769458144948,0.0009658877167372146,0.0010268132410202468,0.00026684669087963047,0.00023957890296338275,0.00014932305346482407,0.00026684669087963047,0.0001230331286325002,0.0015219389172347827,0.0013194064357871052,0.0014695753130186445,0.0009658877167372146,0.0003165988740141763,8.010948484799395e-05,9.592501237289816e-05,0.18732778661789892,0.07603024040529399,0.08946457002323167,0.19774448154765153,0.13081294473700739,0.06648347419125723,0.13651827859810203,0.059847944286749236,0.23067813386729963,0.23067813386729963,0.24822812743725856,0.2300294573785534,0.2259920815367838,0.16715318621785372,0.12599405811511188,0.2259920815367838,0.09270235591687966,0.18732778661789892,0.1389055862287215,0.19774448154765153,0.24822812743725856,0.034631698056453296,0.038538209847847824,0.009726555327894579
488,24,0.0007944189416800854,7.660274956470326e-05,0.001517248800675517,0.14166918894629088,0.00891600905057003,0.22754245015082034,102,False,16,0,25,0,0,0,0,11352,11162,11184,11474,11714,11337,10948,11282,11212,11603,11412,11579,11580,11608,11562,11561,11438,11439,11664,11595,11674,9901,11061,10199,0.001517248800675517,0.0011603218054192278,0.0011419860888141678,0.001469327282794681,0.0011419860888141678,0.001036102849122666,0.00050509943782612,0.0010180491265222888,0.0005155320669207213,0.0010338973253083176,0.0010338973253083176,0.0009794771377799887,0.001035965722488525,0.00026892094576474014,0.00023749477542586868,0.0001463273960370725,0.00026892094576474014,0.00011944587563755055,0.001517248800675517,0.001469327282794681,0.0009794771377799887,0.00030240891282119607,7.660274956470326e-05,9.098872026128816e-05,0.171717137733074,0.06969438703818616,0.16534252252129572,0.1812657747520139,0.16534252252129572,0.11991186600892344,0.060943184675319124,0.12514175538159353,0.054860615596186796,0.21145495604502465,0.21145495604502465,0.22754245015082034,0.21086033593034062,0.20715940807538513,0.15322375403303257,0.11549455327218588,0.20715940807538513,0.08497715959047301,0.171717137733074,0.1812657747520139,0.22754245015082034,0.03174572321841552,0.03532669236052717,0.00891600905057003
489,24,0.0007879457399282678,7.318365915787323e-05,0.0015059739594386673,0.13333564542298884,0.00817300829635586,0.23489731231118774,103,False,15,0,25,0,0,0,0,11352,11738,11474,11714,11337,10948,11282,11212,11603,11412,11579,11580,11608,11562,11561,11438,11439,11664,11162,11595,11674,9901,11061,10199,0.0015059739594386673,0.0011606585423351544,0.0014623142895208866,0.0011314778272162192,0.0010135887835416235,0.00048602958450710197,0.0009973873170079652,0.0004952239098839061,0.001037700164252445,0.001037700164252445,0.0009875195515722682,0.0010396030103884326,0.00026958553246291195,0.00023451203487175984,0.0001429707641859964,0.00026958553246291195,0.0001157125689910001,0.0015059739594386673,0.001119254357215066,0.0014623142895208866,0.0009875195515722682,0.0002886215469619145,7.318365915787323e-05,8.628685752005677e-05,0.15740737625531784,0.23489731231118774,0.1661602935226794,0.1515639789778544,0.10991921050817981,0.05586458595237586,0.11471327576646073,0.050288897629837896,0.19383370970793926,0.19383370970793926,0.20858057930491863,0.1932886412694789,0.18989612406910303,0.14045510786361318,0.10587000716617039,0.18989612406910303,0.07789572962460026,0.15740737625531784,0.06388652145167065,0.1661602935226794,0.20858057930491863,0.029100246283547557,0.03238280133048324,0.00817300829635586
490,24,0.0008256299247201166,0.00011187383061396226,0.0014888037163857779,0.14104798021031276,0.026675225759918594,0.2153225362852554,104,False,14,0,25,0,0,0,0,11352,11738,11474,11714,11337,10948,11282,11212,11603,11412,11579,11580,11608,11562,11561,11774,11664,11162,11595,11674,9901,11438,11439,11778,0.0014888037163857779,0.001172601746045956,0.0014491903517530292,0.0011167481026311853,0.0009887925616537906,0.00046701491575504506,0.0009742948321362871,0.0004751069780632488,0.0010363891644290843,0.0010363891644290843,0.0009903541587884123,0.0010381311033727143,0.00026894816255758455,0.00023074005820045325,0.00014290798695602535,0.00014290798695602535,0.0014888037163857779,0.0011056841237825044,0.0014491903517530292,0.0009903541587884123,0.00027525873550532,0.00026894816255758455,0.00011187383061396226,0.0011056841237825044,0.14429009490070802,0.2153225362852554,0.15231360239578942,0.13893364739636652,0.10075927629916481,0.051209203789677867,0.10515383611925566,0.04609815616068474,0.17768090056561098,0.17768090056561098,0.19119886436284209,0.17718125449702232,0.17407144706334443,0.1287505155416454,0.18038083990232284,0.18038083990232284,0.14429009490070802,0.14189597799736475,0.15231360239578942,0.19119886436284209,0.026675225759918594,0.17407144706334443,0.07140441882255023,0.14189597799736475
491,24,0.0007790187476649185,0.00010796596268889637,0.0014664315810810455,0.13573634266843632,0.024452290279925376,0.2013546392465083,105,False,14,0,25,0,0,0,0,11352,11738,11474,11714,11337,10948,11282,11212,11603,11412,11579,11580,11608,11562,11561,11774,11664,11162,11595,11674,9901,11797,11438,11439,0.0014664315810810455,0.0011781903816334414,0.0014306249526204482,0.001098317773239747,0.00096213130731978,0.0004481593942063315,0.0009491921128438741,0.0004552725233961965,0.0010304074053183775,0.0010304074053183775,0.0009883732851508264,0.001031994855401254,0.0002671256706166962,0.00023212157413030166,0.00014219064916096301,0.00014219064916096301,0.0014664315810810455,0.0010883390391330948,0.0014306249526204482,0.0009883732851508264,0.00026233635793811177,0.00023212157413030166,0.0002671256706166962,0.00010796596268889637,0.13226592032564902,0.19737899159481745,0.1396208021961403,0.1273558434466693,0.09236266994090107,0.04694177014053804,0.09639101644265102,0.04225664314729434,0.16287415885181006,0.16287415885181006,0.17526562566593856,0.1624161499556038,0.15956549314139906,0.2013546392465083,0.16534910324379593,0.16534910324379593,0.13226592032564902,0.13007131316425102,0.1396208021961403,0.17526562566593856,0.024452290279925376,0.2013546392465083,0.15956549314139906,0.0654540505873377
492,24,0.0007663591890045028,0.0001040210888857064,0.0014395392581365819,0.12442498077939994,0.022414599423264927,0.18457508597596592,106,False,14,0,25,0,0,0,0,11352,11738,11474,11714,11337,10948,11282,11212,11603,11412,11579,11580,11608,11562,11561,11774,11664,11162,11595,11674,9901,11797,11438,11439,0.0014395392581365819,0.0011778709443946921,0.0014072853648564399,0.0010766943765817044,0.0009339897646720917,0.00042955141632987197,0.0009224692752543705,0.0004357969436742407,0.0010202202680428959,0.0010202202680428959,0.0009820041096255058,0.0010216609516989685,0.00026423973580189607,0.0002323171927971138,0.00014088250713858836,0.00014088250713858836,0.0014395392581365819,0.001067723885047142,0.0014072853648564399,0.0009820041096255058,0.0002498650167712343,0.0002323171927971138,0.00026423973580189607,0.0001040210888857064,0.1212437602985116,0.18093074229524933,0.12798573534646193,0.1167428564927802,0.08466578077915932,0.04302995596215987,0.08835843173909677,0.038735256218353144,0.14930131228082588,0.14930131228082588,0.1606601568604437,0.1488814707926368,0.14626836871294913,0.18457508597596592,0.1515700113068129,0.1515700113068129,0.1212437602985116,0.1192320370672301,0.12798573534646193,0.1606601568604437,0.022414599423264927,0.18457508597596592,0.14626836871294913,0.05999954637172623
493,24,0.000785260794831965,0.00010006735700323907,0.0014087841485037537,0.1280609628646119,0.02054671613799285,0.25252716214463544,107,False,14,0,25,0,0,0,0,11352,11738,11474,11714,11337,10948,11282,11212,11603,11412,11579,11580,11608,11562,11561,11774,11664,11162,11595,11840,11674,9901,11845,11439,0.0014087841485037537,0.0011721390524102304,0.0013798225119803116,0.0010523637650191227,0.0009047188044108578,0.0004112652003313891,0.0008944840361097195,0.0004167432447455844,0.001032253371645496,0.001006300957158506,0.0009716927538277115,0.0010076034893515353,0.0002604132812484714,0.00023739114225099448,0.0001390487153912277,0.0001390487153912277,0.0014087841485037537,0.001044323834159044,0.0013798225119803116,0.001032253371645496,0.0009716927538277115,0.00023785076682046895,0.00023739114225099448,0.00010006735700323907,0.11114011360696896,0.16585318043731187,0.11732025740092343,0.10701428511838185,0.0776102990475627,0.03944412629864654,0.08099522909417203,0.03550731820015705,0.22019286959075707,0.13685953625742373,0.14727181045540672,0.13647468155991707,0.13407933798687002,0.25252716214463544,0.13893917703124517,0.13893917703124517,0.11114011360696896,0.10929603397829425,0.11732025740092343,0.22019286959075707,0.14727181045540672,0.02054671613799285,0.25252716214463544,0.05499958417408237
494,24,0.0008484554372448225,9.612918364477686e-05,0.0013747900016339491,0.14061848705283275,0.03254837501681063,0.3148165652992492,108,False,15,0,25,0,0,0,0,11352,11857,11738,11474,11714,11337,10948,11282,11212,11603,11412,11579,11580,11608,11562,11878,11774,11664,11162,11595,11840,11674,11866,11439,0.0013747900016339491,0.0011914749390477583,0.0011914749390477583,0.0013488600871797939,0.0010257839933563234,0.0008746350349020803,0.00039336216019231223,0.0008655608377896476,0.00039816245220955146,0.001038588924237826,0.000989118611214229,0.000982594780919553,0.0009902921487381297,0.0002557675402675748,0.00024102112903056863,0.0002472370430632712,0.0001367541271253773,0.0013747900016339491,0.001018597907626588,0.0013488600871797939,0.001038588924237826,0.0009578908586775485,0.000982594780919553,9.612918364477686e-05,0.10187843747305488,0.23536541540086922,0.23536541540086922,0.10754356928417981,0.09809642802518335,0.07114277412693247,0.03615711577375933,0.0742456266696577,0.03254837501681063,0.20184346379152732,0.12545457490263842,0.21833249291745616,0.12510179142992398,0.12290605982129751,0.2314832319659158,0.3148165652992492,0.1273609122786414,0.10187843747305488,0.10018803114676973,0.10754356928417981,0.20184346379152732,0.1349991595841228,0.21833249291745616,0.05041628549290884
495,24,0.0008394846254618596,9.2227525055056e-05,0.0013381403258127815,0.13902759461324485,0.029836010432076406,0.2885818515243117,109,False,15,0,25,0,0,0,0,11352,11857,11738,11474,11714,11337,10948,11282,11212,11603,11412,11579,11580,11608,11562,11878,11774,11664,11162,11595,11840,11891,11866,11439,0.0013381403258127815,0.0012038930789383458,0.0012038930789383458,0.001314986576346296,0.0009973811542616955,0.0008440212777401836,0.00037589223733267837,0.0008359909258057414,0.0003800949525253328,0.001039606516207052,0.0009691288706185541,0.0010135938176759516,0.0009701828208824688,0.0002504197493975058,0.00024326850325590674,0.00025543546570955836,0.00013406193752315995,0.0013381403258127815,0.0009909744283554127,0.001314986576346296,0.001039606516207052,0.0010135938176759516,0.0009881105326605257,9.2227525055056e-05,0.09338856768363363,0.21575163078413012,0.21575163078413012,0.09858160517716483,0.0899217256897514,0.06521420961635477,0.03314402279261272,0.06805849111385288,0.029836010432076406,0.18502317514223338,0.11500002699408521,0.2834714518410015,0.11467664214409697,0.11266388816952272,0.2121929626354228,0.2885818515243117,0.11674750292208795,0.09338856768363363,0.09183902855120558,0.09858160517716483,0.18502317514223338,0.2834714518410015,0.20013811850766813,0.04621492836849977
496,24,0.0008269399315904177,8.838016140353781e-05,0.0012993741480666128,0.12744196172880776,0.02734967622940337,0.2645333638972857,110,False,15,0,25,0,0,0,0,11352,11857,11738,11474,11714,11337,10948,11282,11212,11603,11412,11579,11580,11608,11562,11878,11774,11664,11162,11595,11840,11891,11866,11439,0.0012993741480666128,0.0012097762390970797,0.0012097762390970797,0.0012787497966950134,0.0009675468541485427,0.0008131276972163748,0.0003588951696105577,0.0008060331594320335,0.00036257175028608967,0.0010357340030107708,0.0009467666911923365,0.0010380510337008415,0.0009477104767402356,0.0002444814097996474,0.0002442137597886479,0.0002619736381000157,0.00013103264212632897,0.0012993741480666128,0.0009618481655786519,0.0012787497966950134,0.0010357340030107708,0.0010380510337008415,0.0009886063416063883,8.838016140353781e-05,0.08560618704333083,0.19777232821878593,0.19777232821878593,0.09036647141240109,0.08242824854893878,0.0597796921483252,0.030382020893228327,0.06238695018769847,0.02734967622940337,0.16960457721371391,0.10541669141124477,0.25984883085425137,0.10512025529875554,0.10327523082206248,0.19451021574913757,0.2645333638972857,0.10701854434524728,0.08560618704333083,0.08418577617193845,0.09036647141240109,0.16960457721371391,0.25984883085425137,0.18345994196536244,0.04236368433779145
497,24,0.00081560368965348,8.460198456637075e-05,0.0012914528051980241,0.12358442627897732,0.025070536543619754,0.24248891690584523,111,False,15,0,25,0,0,0,0,11928,11352,11857,11738,11474,11714,11337,10948,11282,11212,11603,11412,11579,11580,11608,11562,11878,11774,11664,11162,11840,11891,11866,11439,0.0012914528051980241,0.0012914528051980241,0.0012095814912014141,0.0012095814912014141,0.0012406535571698634,0.000936637035137937,0.0007821734036511647,0.00034240168405308776,0.0007759153657354866,0.0003456156338352683,0.001027429228055884,0.0009224411459581399,0.0010560875891452845,0.0009232840195083249,0.0002380570483935881,0.0002439514479152636,0.0002668754742220009,0.0001277232756561167,0.0012589837240484442,0.0009315788761273011,0.001027429228055884,0.0010560875891452845,0.0009844926485039465,8.460198456637075e-05,0.16180567145638658,0.16180567145638658,0.18129130086722042,0.18129130086722042,0.08283593212803433,0.07555922783652722,0.05479805113596477,0.027850185818792634,0.05718803767205693,0.025070536543619754,0.1554708624459044,0.09663196712697436,0.23819476161639708,0.09636023402385925,0.0946689615868906,0.1783010311033761,0.24248891690584523,0.09810033231647668,0.07847233812305325,0.07717029482427691,0.1554708624459044,0.23819476161639708,0.1681716134682489,0.03883337730964216
498,24,0.0008011033486662833,8.090528183231627e-05,0.0012783022172473848,0.11328572408906255,0.022981325164984773,0.22228150716369147,112,False,15,0,25,0,0,0,0,11928,11352,11857,11738,11474,11714,11337,10948,11282,11212,11603,11412,11579,11580,11608,11562,11878,11774,11664,11162,11840,11891,11866,11439,0.0012783022172473848,0.0012783022172473848,0.001203816852748836,0.001203816852748836,0.0012011560624801616,0.0009049718719862189,0.0007513483800518018,0.000326434605045263,0.0007458360766340239,0.0003292422456275345,0.0010151642972347048,0.0008965319384345537,0.0010679406404371123,0.0008972828424629576,0.00023124340646778796,0.00024258555785451486,0.0002701955496413649,0.0001241868933740343,0.0012174138240148133,0.0009004909686596113,0.0010151642972347048,0.0010679406404371123,0.0009762068480877664,8.090528183231627e-05,0.1483218655016877,0.1483218655016877,0.1661836924616187,0.1661836924616187,0.07593293778403147,0.06926262551681661,0.05023154687463437,0.025529337000559912,0.05242236786605218,0.022981325164984773,0.14251495724207905,0.0885793031997265,0.21834519814836398,0.08833021452187098,0.08677988145464971,0.16344261184476144,0.22228150716369147,0.08992530462343695,0.07193297661279881,0.07073943692225383,0.14251495724207905,0.21834519814836398,0.15415731234589483,0.035597262533838644
499,24,0.0007996494729012866,7.730000995206404e-05,0.0012930245260929013,0.11056680987578553,0.021066214734569374,0.21929504337654704,113,False,16,0,25,0,0,0,0,11976,11928,11352,11857,11738,11474,11714,11337,10948,11282,11212,11603,11412,11579,11580,11608,11562,11878,11774,11664,11162,11840,11891,11439,0.0012930245260929013,0.0012930245260929013,0.0012605159294975577,0.0011930206894903395,0.0011930206894903395,0.001160669711807173,0.0008728365019706493,0.0007208156089227064,0.0003110098738725398,0.0007159665163641164,0.0003134610569533063,0.0009994124695563446,0.0008693873509110246,0.0010739392990910801,0.000870054815565907,0.00022412898451061155,0.00024022547786093845,0.0002720129846532767,0.00012047225671562824,0.001175062256831186,0.0008688740447808618,0.0009994124695563446,0.0010739392990910801,7.730000995206404e-05,0.21929504337654704,0.21929504337654704,0.1359617100432137,0.15233505142315049,0.15233505142315049,0.06960519296869551,0.06349074005708188,0.0460455846350815,0.023401892250513253,0.04805383721054783,0.021066214734569374,0.13063871080523912,0.08119769459974929,0.20014976496933365,0.08096936331171506,0.07954822466676223,0.14982239419103133,0.20375804823338384,0.08243152923815053,0.06593856189506557,0.06484448384539934,0.13063871080523912,0.20014976496933365,0.03263082398935209
500,24,0.0007997293968181549,7.379405559531891e-05,0.00133417669350224,0.11168353286629086,0.019310696840021926,0.2843537897618348,114,False,17,0,25,0,0,0,0,11976,12000,11928,11352,11857,11738,11474,11714,11337,10948,11282,11212,11603,11412,11579,11580,11608,11562,11878,11774,11664,11162,11891,11439,0.00133417669350224,0.00133417669350224,0.0013006334690384084,0.001238681388344389,0.0011777441238826636,0.0011777441238826636,0.0011195619801822347,0.0008404823773522472,0.0006907133006515056,0.00029613747870363015,0.0006864527320501491,0.00029827624902800334,0.0009806375834944476,0.0008413233648347137,0.0010744816797950917,0.0008419154381062796,0.00021679387618074288,0.00023698256206552073,0.00027242555041490465,0.00011662368654284509,0.0011322813348555781,0.0008369841018348102,0.0010744816797950917,7.379405559531891e-05,0.2843537897618348,0.2843537897618348,0.20102045642850144,0.12463156753961255,0.1396404638045546,0.1396404638045546,0.06380476022130421,0.05819984505232506,0.042208452582158044,0.021451734562970483,0.04404935077633551,0.019310696840021926,0.11975215157146918,0.07443122004977018,0.18347061788855584,0.07422191636907213,0.07291920594453204,0.13733719467511205,0.18677821088060184,0.07556223513497132,0.060443681737143436,0.05944077685828273,0.18347061788855584,0.02991158865690608
