generation,mu,mean_sigma,min_sigma,max_sigma,mean_psucc,min_psucc,max_psucc,gens_silent,sigma_floor_active,archive_size,archive_eps_culled_gen,archive_eps_culled_total,n_pitot3_sentinels,n_spark_sentinels,n_both_sentinels,n_sentinels,lineage_0,lineage_1,lineage_2,lineage_3,lineage_4,lineage_5,lineage_6,lineage_7,lineage_8,lineage_9,lineage_10,lineage_11,lineage_12,lineage_13,lineage_14,lineage_15,lineage_16,lineage_17,lineage_18,lineage_19,lineage_20,lineage_21,lineage_22,lineage_23,sigma_0,sigma_1,sigma_2,sigma_3,sigma_4,sigma_5,sigma_6,sigma_7,sigma_8,sigma_9,sigma_10,sigma_11,sigma_12,sigma_13,sigma_14,sigma_15,sigma_16,sigma_17,sigma_18,sigma_19,sigma_20,sigma_21,sigma_22,sigma_23,psucc_0,psucc_1,psucc_2,psucc_3,psucc_4,psucc_5,psucc_6,psucc_7,psucc_8,psucc_9,psucc_10,psucc_11,psucc_12,psucc_13,psucc_14,psucc_15,psucc_16,psucc_17,psucc_18,psucc_19,psucc_20,psucc_21,psucc_22,psucc_23
1,24,0.10017543218454257,0.1,0.10210518621451076,0.1875,0.18181818181818182,0.25,0,False,5,0,0,0,0,0,0,0,7,16,17,19,13,12,4,8,31,2,22,14,20,21,10,15,23,11,6,5,18,3,1,0.1,0.10210518621451076,0.1,0.1,0.1,0.1,0.1,0.1,0.1,0.10210518621451076,0.1,0.1,0.1,0.1,0.1,0.1,0.1,0.1,0.1,0.1,0.1,0.1,0.1,0.1,0.18181818181818182,0.25,0.18181818181818182,0.18181818181818182,0.18181818181818182,0.18181818181818182,0.18181818181818182,0.18181818181818182,0.18181818181818182,0.25,0.18181818181818182,0.18181818181818182,0.18181818181818182,0.18181818181818182,0.18181818181818182,0.18181818181818182,0.18181818181818182,0.18181818181818182,0.18181818181818182,0.18181818181818182,0.18181818181818182,0.18181818181818182,0.18181818181818182,0.18181818181818182
2,24,0.10015618664531996,0.09953810705865762,0.10210518621451076,0.18686868686868685,0.16666666666666666,0.25,0,False,5,0,0,0,0,0,0,0,7,16,17,19,13,12,4,8,31,2,22,14,20,21,10,15,23,11,6,5,18,3,1,0.1,0.10210518621451076,0.1,0.1,0.1,0.1,0.09953810705865762,0.1,0.1,0.10210518621451076,0.1,0.1,0.1,0.1,0.1,0.1,0.1,0.1,0.1,0.1,0.1,0.1,0.1,0.1,0.18181818181818182,0.25,0.18181818181818182,0.18181818181818182,0.18181818181818182,0.18181818181818182,0.16666666666666666,0.18181818181818182,0.18181818181818182,0.25,0.18181818181818182,0.18181818181818182,0.18181818181818182,0.18181818181818182,0.18181818181818182,0.18181818181818182,0.18181818181818182,0.18181818181818182,0.18181818181818182,0.18181818181818182,0.18181818181818182,0.18181818181818182,0.18181818181818182,0.18181818181818182
3,24,0.10084702565380028,0.09865876712893568,0.10626479815687233,0.20380892255892258,0.15277777777777776,0.3125,0,False,3,0,0,0,0,0,0,81,17,19,0,7,16,13,12,94,83,4,8,31,2,22,14,20,21,10,15,23,11,6,3,0.10626479815687233,0.1,0.1,0.1,0.10210518621451076,0.1,0.1,0.09865876712893568,0.10210518621451076,0.10210518621451076,0.1,0.1,0.10626479815687233,0.1,0.10210518621451076,0.09953810705865762,0.1,0.09953810705865762,0.1,0.09953810705865762,0.1,0.1,0.1,0.10210518621451076,0.3125,0.18181818181818182,0.18181818181818182,0.18181818181818182,0.25,0.18181818181818182,0.18181818181818182,0.15277777777777776,0.25,0.25,0.18181818181818182,0.18181818181818182,0.3125,0.18181818181818182,0.25,0.16666666666666666,0.18181818181818182,0.16666666666666666,0.18181818181818182,0.16666666666666666,0.18181818181818182,0.18181818181818182,0.18181818181818182,0.25
4,24,0.10180700327531737,0.09865876712893568,0.11254694432213024,0.21971012205387205,0.15277777777777776,0.36979166666666663,0,False,3,0,0,0,0,0,0,81,17,19,0,7,16,13,12,94,83,4,8,96,14,31,109,22,20,21,2,117,10,15,6,0.11254694432213024,0.1,0.1,0.1,0.10210518621451076,0.1,0.1,0.09865876712893568,0.10210518621451076,0.10210518621451076,0.1,0.1,0.11254694432213024,0.09953810705865762,0.10626479815687233,0.10210518621451076,0.10210518621451076,0.1,0.09953810705865762,0.10210518621451076,0.10210518621451076,0.1,0.09953810705865762,0.1,0.36979166666666663,0.18181818181818182,0.18181818181818182,0.18181818181818182,0.25,0.18181818181818182,0.18181818181818182,0.15277777777777776,0.25,0.25,0.18181818181818182,0.18181818181818182,0.36979166666666663,0.16666666666666666,0.3125,0.25,0.25,0.18181818181818182,0.16666666666666666,0.25,0.25,0.18181818181818182,0.16666666666666666,0.18181818181818182
5,24,0.10279655067084192,0.09865876712893568,0.11808335442858496,0.225954203493266,0.15277777777777776,0.3389756944444444,0,False,3,0,0,0,0,0,0,81,17,19,0,7,16,13,12,94,83,4,129,8,96,14,31,109,141,22,20,21,2,117,15,0.11808335442858496,0.1,0.09953810705865762,0.1,0.10210518621451076,0.1,0.1,0.09865876712893568,0.10210518621451076,0.10626479815687233,0.1,0.10626479815687233,0.1,0.11808335442858496,0.09865876712893568,0.10626479815687233,0.10210518621451076,0.10210518621451076,0.10210518621451076,0.1,0.09953810705865762,0.1035931400515108,0.10210518621451076,0.09953810705865762,0.3389756944444444,0.18181818181818182,0.16666666666666666,0.18181818181818182,0.25,0.18181818181818182,0.18181818181818182,0.15277777777777776,0.25,0.3125,0.18181818181818182,0.3125,0.18181818181818182,0.3389756944444444,0.15277777777777776,0.3125,0.25,0.25,0.25,0.18181818181818182,0.16666666666666666,0.22916666666666666,0.25,0.16666666666666666
6,24,0.10360884128396419,0.09865876712893568,0.1228273602306248,0.23170205746703143,0.15277777777777776,0.3125,0,False,3,0,0,0,0,0,0,81,17,19,0,7,16,13,12,94,83,4,129,8,96,14,31,109,141,22,166,20,21,2,117,0.1228273602306248,0.1,0.09865876712893568,0.1,0.10210518621451076,0.1,0.1,0.09865876712893568,0.10210518621451076,0.10626479815687233,0.1,0.10626479815687233,0.1,0.1228273602306248,0.09865876712893568,0.10626479815687233,0.10210518621451076,0.10210518621451076,0.10210518621451076,0.10626479815687233,0.1,0.09953810705865762,0.1035931400515108,0.10626479815687233,0.3107277199074074,0.18181818181818182,0.15277777777777776,0.18181818181818182,0.25,0.18181818181818182,0.18181818181818182,0.15277777777777776,0.25,0.3125,0.18181818181818182,0.3125,0.18181818181818182,0.3107277199074074,0.15277777777777776,0.3125,0.25,0.25,0.25,0.3125,0.18181818181818182,0.16666666666666666,0.22916666666666666,0.3125
7,24,0.10390295690361222,0.09865876712893568,0.1267550864159823,0.23266833327122496,0.15277777777777776,0.3125,0,False,3,0,0,0,0,0,0,81,17,19,0,7,16,13,190,94,12,83,4,129,8,96,14,31,109,141,22,166,20,21,117,0.1228273602306248,0.09953810705865762,0.09865876712893568,0.1,0.10210518621451076,0.1,0.1,0.10718608167904842,0.10210518621451076,0.09865876712893568,0.10626479815687233,0.1,0.10626479815687233,0.1,0.1267550864159823,0.09865876712893568,0.10626479815687233,0.10210518621451076,0.10210518621451076,0.10210518621451076,0.10626479815687233,0.1,0.09953810705865762,0.10626479815687233,0.3107277199074074,0.16666666666666666,0.15277777777777776,0.18181818181818182,0.25,0.18181818181818182,0.18181818181818182,0.2934027777777778,0.25,0.15277777777777776,0.3125,0.18181818181818182,0.3125,0.18181818181818182,0.2848337432484568,0.15277777777777776,0.3125,0.25,0.25,0.25,0.3125,0.18181818181818182,0.16666666666666666,0.3125
8,24,0.10562589636994342,0.09740752514513804,0.1267550864159823,0.2454348877044461,0.14004629629629628,0.36979166666666663,0,False,3,0,0,0,0,0,0,81,17,19,0,7,16,13,190,94,12,83,215,129,4,8,209,14,96,31,109,141,22,166,117,0.1228273602306248,0.09953810705865762,0.09740752514513804,0.09953810705865762,0.10210518621451076,0.1,0.1,0.10718608167904842,0.10210518621451076,0.09865876712893568,0.10971734353948906,0.11254694432213024,0.10971734353948906,0.1,0.09953810705865762,0.10626479815687233,0.09865876712893568,0.1267550864159823,0.10971734353948906,0.10626479815687233,0.10210518621451076,0.10210518621451076,0.10971734353948906,0.11254694432213024,0.3107277199074074,0.16666666666666666,0.14004629629629628,0.16666666666666666,0.25,0.18181818181818182,0.18181818181818182,0.2934027777777778,0.25,0.15277777777777776,0.2864583333333333,0.36979166666666663,0.2864583333333333,0.18181818181818182,0.16666666666666666,0.3125,0.15277777777777776,0.2848337432484568,0.2864583333333333,0.3125,0.25,0.25,0.2864583333333333,0.36979166666666663
9,24,0.10586962464578616,0.09740752514513804,0.12986312838445596,0.24345123466075927,0.14004629629629628,0.36979166666666663,0,False,3,0,0,0,0,0,0,81,17,19,0,7,16,13,190,94,12,83,215,129,4,8,209,14,96,31,109,141,22,166,117,0.1228273602306248,0.09953810705865762,0.09740752514513804,0.09953810705865762,0.10210518621451076,0.1,0.1,0.10718608167904842,0.10210518621451076,0.09865876712893568,0.11245878019124139,0.11254694432213024,0.10971734353948906,0.1,0.09953810705865762,0.10626479815687233,0.09865876712893568,0.12986312838445596,0.10971734353948906,0.10626479815687233,0.10210518621451076,0.10210518621451076,0.10971734353948906,0.11254694432213024,0.3107277199074074,0.16666666666666666,0.14004629629629628,0.16666666666666666,0.25,0.18181818181818182,0.18181818181818182,0.2934027777777778,0.25,0.15277777777777776,0.2625868055555555,0.36979166666666663,0.2864583333333333,0.18181818181818182,0.16666666666666666,0.3125,0.15277777777777776,0.26109759797775206,0.2864583333333333,0.3125,0.25,0.25,0.2864583333333333,0.36979166666666663
10,24,0.10534623267629988,0.09740752514513804,0.12986312838445596,0.23840817347891774,0.14004629629629628,0.36979166666666663,0,False,3,0,0,0,0,0,0,81,17,19,0,7,16,242,13,190,94,12,83,215,129,4,8,209,14,96,31,109,141,22,166,0.1228273602306248,0.09953810705865762,0.09830125611963415,0.09953810705865762,0.10210518621451076,0.1,0.09830125611963415,0.1,0.10718608167904842,0.10210518621451076,0.09865876712893568,0.11450057213536757,0.11254694432213024,0.10971734353948906,0.1,0.09953810705865762,0.10626479815687233,0.09740752514513804,0.12986312838445596,0.10971734353948906,0.10626479815687233,0.10210518621451076,0.10210518621451076,0.10971734353948906,0.3107277199074074,0.16666666666666666,0.21170910493827158,0.16666666666666666,0.25,0.18181818181818182,0.21170910493827158,0.18181818181818182,0.2934027777777778,0.25,0.15277777777777776,0.24070457175925922,0.36979166666666663,0.2864583333333333,0.18181818181818182,0.16666666666666666,0.3125,0.14004629629629628,0.26109759797775206,0.2864583333333333,0.3125,0.25,0.25,0.2864583333333333
11,24,0.10578522223162969,0.09740752514513804,0.13216577221915132,0.2406652744469383,0.14004629629629628,0.36979166666666663,0,False,3,0,0,0,0,0,0,81,17,19,0,7,16,268,13,190,242,94,12,83,215,129,4,8,209,14,96,31,269,22,166,0.1228273602306248,0.09953810705865762,0.09830125611963415,0.09953810705865762,0.10626479815687233,0.10210518621451076,0.10626479815687233,0.09953810705865762,0.11007817489808147,0.09830125611963415,0.10210518621451076,0.09865876712893568,0.11450057213536757,0.11254694432213024,0.10971734353948906,0.09953810705865762,0.09953810705865762,0.10626479815687233,0.09740752514513804,0.13216577221915132,0.10971734353948906,0.10210518621451076,0.10210518621451076,0.10971734353948906,0.3107277199074074,0.16666666666666666,0.21170910493827158,0.16666666666666666,0.3125,0.25,0.3125,0.16666666666666666,0.2689525462962963,0.21170910493827158,0.25,0.15277777777777776,0.24070457175925922,0.36979166666666663,0.2864583333333333,0.16666666666666666,0.16666666666666666,0.3125,0.14004629629629628,0.23933946481293938,0.2864583333333333,0.25,0.25,0.2864583333333333
12,24,0.10581701569393083,0.09740752514513804,0.13216577221915132,0.2429800892617531,0.14004629629629628,0.36979166666666663,0,False,3,0,0,0,0,0,0,81,17,19,0,7,16,268,13,190,242,94,12,83,215,129,4,8,209,303,14,96,31,22,166,0.1228273602306248,0.09953810705865762,0.09830125611963415,0.09953810705865762,0.10626479815687233,0.10210518621451076,0.10626479815687233,0.09953810705865762,0.11007817489808147,0.09830125611963415,0.10210518621451076,0.09865876712893568,0.11450057213536757,0.11254694432213024,0.10971734353948906,0.10120316818419796,0.09953810705865762,0.10626479815687233,0.10120316818419796,0.09740752514513804,0.13216577221915132,0.10971734353948906,0.10210518621451076,0.10971734353948906,0.3107277199074074,0.16666666666666666,0.21170910493827158,0.16666666666666666,0.3125,0.25,0.3125,0.16666666666666666,0.2689525462962963,0.21170910493827158,0.25,0.15277777777777776,0.24070457175925922,0.36979166666666663,0.2864583333333333,0.2361111111111111,0.16666666666666666,0.3125,0.2361111111111111,0.14004629629629628,0.23933946481293938,0.2864583333333333,0.25,0.2864583333333333
13,24,0.10580421283669487,0.09740752514513804,0.13216577221915132,0.2450939652905597,0.14004629629629628,0.36979166666666663,0,False,3,0,0,0,0,0,0,81,17,19,0,7,16,268,13,190,242,94,12,83,215,129,4,8,209,303,330,96,14,31,331,0.1228273602306248,0.09953810705865762,0.09830125611963415,0.09953810705865762,0.10626479815687233,0.10210518621451076,0.10971734353948906,0.09953810705865762,0.11007817489808147,0.09830125611963415,0.1035931400515108,0.09740752514513804,0.11450057213536757,0.11254694432213024,0.10971734353948906,0.10120316818419796,0.09953810705865762,0.10626479815687233,0.10491709251729248,0.10491709251729248,0.13216577221915132,0.09830125611963415,0.10971734353948906,0.09830125611963415,0.3107277199074074,0.16666666666666666,0.21170910493827158,0.16666666666666666,0.3125,0.25,0.2864583333333333,0.16666666666666666,0.2689525462962963,0.21170910493827158,0.22916666666666666,0.14004629629629628,0.24070457175925922,0.36979166666666663,0.2864583333333333,0.2361111111111111,0.16666666666666666,0.3125,0.2997685185185185,0.2997685185185185,0.23933946481293938,0.21170910493827158,0.2864583333333333,0.21170910493827158
14,24,0.10584569174670512,0.09582981353248936,0.13216577221915132,0.24294392028027165,0.12837577160493824,0.36979166666666663,0,False,3,0,0,0,0,0,0,81,17,19,0,7,16,268,13,190,242,94,12,83,215,129,4,8,209,303,330,96,14,31,331,0.1228273602306248,0.09953810705865762,0.09830125611963415,0.09953810705865762,0.10626479815687233,0.10210518621451076,0.10971734353948906,0.09865876712893568,0.11007817489808147,0.09830125611963415,0.1035931400515108,0.09582981353248936,0.11450057213536757,0.11254694432213024,0.10971734353948906,0.10120316818419796,0.09953810705865762,0.10971734353948906,0.10491709251729248,0.10491709251729248,0.13216577221915132,0.09830125611963415,0.10971734353948906,0.09830125611963415,0.3107277199074074,0.16666666666666666,0.21170910493827158,0.16666666666666666,0.3125,0.25,0.2864583333333333,0.15277777777777776,0.2689525462962963,0.21170910493827158,0.22916666666666666,0.12837577160493824,0.24070457175925922,0.36979166666666663,0.2864583333333333,0.2361111111111111,0.16666666666666666,0.2864583333333333,0.2997685185185185,0.2997685185185185,0.23933946481293938,0.21170910493827158,0.2864583333333333,0.21170910493827158
15,24,0.10598701459214599,0.09582981353248936,0.13216577221915132,0.2411679563099355,0.12837577160493824,0.36979166666666663,0,False,3,0,0,0,0,0,0,81,17,19,0,7,16,268,13,190,242,94,12,83,215,129,4,8,209,303,330,96,14,31,331,0.1228273602306248,0.09953810705865762,0.09830125611963415,0.09953810705865762,0.10626479815687233,0.10210518621451076,0.10971734353948906,0.09865876712893568,0.11007817489808147,0.09866984737283406,0.1035931400515108,0.09582981353248936,0.11450057213536757,0.11254694432213024,0.10971734353948906,0.10120316818419796,0.09953810705865762,0.10971734353948906,0.10491709251729248,0.10794024955467327,0.13216577221915132,0.09830125611963415,0.10971734353948906,0.09830125611963415,0.3107277199074074,0.16666666666666666,0.21170910493827158,0.16666666666666666,0.3125,0.25,0.2864583333333333,0.15277777777777776,0.2689525462962963,0.19406667952674894,0.22916666666666666,0.12837577160493824,0.24070457175925922,0.36979166666666663,0.2864583333333333,0.2361111111111111,0.16666666666666666,0.2864583333333333,0.2997685185185185,0.2747878086419753,0.23933946481293938,0.21170910493827158,0.2864583333333333,0.21170910493827158
16,24,0.10833899816873098,0.09582981353248936,0.13713990421756764,0.24966958113840265,0.12837577160493824,0.36979166666666663,0,False,3,0,0,0,0,0,0,81,17,19,0,7,16,268,13,190,242,94,12,404,83,215,129,4,8,209,303,330,96,14,398,0.1228273602306248,0.09865876712893568,0.09866984737283406,0.09865876712893568,0.10626479815687233,0.10210518621451076,0.11245878019124139,0.09865876712893568,0.11007817489808147,0.09866984737283406,0.1035931400515108,0.09582981353248936,0.13713990421756764,0.11450057213536757,0.11254694432213024,0.11535908238757993,0.10120316818419796,0.09953810705865762,0.10971734353948906,0.10491709251729248,0.10794024955467327,0.13713990421756764,0.09830125611963415,0.11535908238757993,0.3107277199074074,0.15277777777777776,0.19406667952674894,0.15277777777777776,0.3125,0.25,0.2625868055555555,0.15277777777777776,0.2689525462962963,0.19406667952674894,0.22916666666666666,0.12837577160493824,0.30272784274519443,0.24070457175925922,0.36979166666666663,0.34592013888888884,0.2361111111111111,0.16666666666666666,0.2864583333333333,0.2997685185185185,0.2747878086419753,0.30272784274519443,0.21170910493827158,0.34592013888888884
17,24,0.11032013831600378,0.09582981353248936,0.14120854979707095,0.25344323422107756,0.12837577160493824,0.3389756944444444,0,False,3,0,0,0,0,0,0,81,414,19,0,7,16,268,17,13,190,242,94,12,404,83,421,215,129,4,8,209,303,330,96,0.1228273602306248,0.11745353196901948,0.09866984737283406,0.09865876712893568,0.10626479815687233,0.10210518621451076,0.11745353196901948,0.09865876712893568,0.09865876712893568,0.11007817489808147,0.09866984737283406,0.1035931400515108,0.09582981353248936,0.13713990421756764,0.11885530094128567,0.11885530094128567,0.11808335442858496,0.12022726565897243,0.1022793177746068,0.09953810705865762,0.10971734353948906,0.10491709251729248,0.10794024955467327,0.14120854979707095,0.3107277199074074,0.32403790509259256,0.19406667952674894,0.15277777777777776,0.3125,0.25,0.32403790509259256,0.15277777777777776,0.15277777777777776,0.2689525462962963,0.19406667952674894,0.22916666666666666,0.12837577160493824,0.30272784274519443,0.30397919077932095,0.30397919077932095,0.3389756944444444,0.3170934606481481,0.21643518518518517,0.16666666666666666,0.2864583333333333,0.2997685185185185,0.2747878086419753,0.2775005225164282
18,24,0.11080543061676344,0.09582981353248936,0.13713990421756764,0.26262619088034383,0.12837577160493824,0.38036807966820985,0,False,3,0,0,0,0,0,0,81,414,19,0,7,16,268,17,13,190,242,94,433,12,452,83,421,215,404,129,4,8,209,330,0.1228273602306248,0.12479979422592948,0.09855162138487962,0.09865876712893568,0.10626479815687233,0.10210518621451076,0.11745353196901948,0.09865876712893568,0.09865876712893568,0.11007817489808147,0.09866984737283406,0.1035931400515108,0.12479979422592948,0.09582981353248936,0.11535908238757993,0.11885530094128567,0.11885530094128567,0.1228273602306248,0.13713990421756764,0.12022726565897243,0.1022793177746068,0.09953810705865762,0.11535908238757993,0.10794024955467327,0.3107277199074074,0.38036807966820985,0.1778944562328532,0.15277777777777776,0.3125,0.25,0.32403790509259256,0.15277777777777776,0.15277777777777776,0.2689525462962963,0.19406667952674894,0.22916666666666666,0.38036807966820985,0.12837577160493824,0.34592013888888884,0.30397919077932095,0.30397919077932095,0.3107277199074074,0.30272784274519443,0.3170934606481481,0.21643518518518517,0.16666666666666666,0.34592013888888884,0.2747878086419753
19,24,0.11121441245163681,0.09582981353248936,0.13713990421756764,0.258129808783186,0.12837577160493824,0.38036807966820985,0,False,3,0,0,0,0,0,0,81,414,19,0,7,16,268,17,13,190,242,94,433,12,452,83,421,215,404,129,4,8,209,330,0.1267550864159823,0.12479979422592948,0.09855162138487962,0.09865876712893568,0.10971734353948906,0.1035931400515108,0.11745353196901948,0.09740752514513804,0.09865876712893568,0.11227675551386578,0.09866984737283406,0.1035931400515108,0.12479979422592948,0.09582981353248936,0.11535908238757993,0.11885530094128567,0.11885530094128567,0.1228273602306248,0.13713990421756764,0.12022726565897243,0.1022793177746068,0.09953810705865762,0.11535908238757993,0.10794024955467327,0.2848337432484568,0.38036807966820985,0.1778944562328532,0.15277777777777776,0.2864583333333333,0.22916666666666666,0.32403790509259256,0.14004629629629628,0.15277777777777776,0.24653983410493824,0.19406667952674894,0.22916666666666666,0.38036807966820985,0.12837577160493824,0.34592013888888884,0.30397919077932095,0.30397919077932095,0.3107277199074074,0.30272784274519443,0.3170934606481481,0.21643518518518517,0.16666666666666666,0.34592013888888884,0.2747878086419753
20,24,0.11319496172072523,0.09582981353248936,0.14120854979707095,0.26446025093438896,0.12837577160493824,0.348670739695859,0,False,3,0,0,0,0,0,0,81,414,19,0,7,503,16,268,17,13,190,242,94,433,12,452,83,489,404,421,215,129,4,209,0.1267550864159823,0.13132741197405803,0.09855162138487962,0.09865876712893568,0.10971734353948906,0.11312023349781512,0.1035931400515108,0.11745353196901948,0.09740752514513804,0.09865876712893568,0.11673754891002361,0.09866984737283406,0.1035931400515108,0.13132741197405803,0.09582981353248936,0.11535908238757993,0.11885530094128567,0.11673754891002361,0.14120854979707095,0.12242438313298172,0.1228273602306248,0.12022726565897243,0.1022793177746068,0.11535908238757993,0.2848337432484568,0.348670739695859,0.1778944562328532,0.15277777777777776,0.2864583333333333,0.33522215792181065,0.22916666666666666,0.32403790509259256,0.14004629629629628,0.15277777777777776,0.30932818126286005,0.19406667952674894,0.22916666666666666,0.348670739695859,0.12837577160493824,0.34592013888888884,0.30397919077932095,0.30932818126286005,0.2775005225164282,0.27864759154771085,0.3107277199074074,0.3170934606481481,0.21643518518518517,0.34592013888888884
21,24,0.11405805861148273,0.09639345958059353,0.14120854979707095,0.2693510006908623,0.14004629629629628,0.3906203114283264,0,False,4,0,0,0,0,0,0,509,81,414,19,0,7,503,16,268,17,13,190,242,508,94,433,12,452,83,489,518,404,421,215,0.12057258262397073,0.1267550864159823,0.13132741197405803,0.09855162138487962,0.09740752514513804,0.11535908238757993,0.12057258262397073,0.10449126110942733,0.11745353196901948,0.09740752514513804,0.09740752514513804,0.11673754891002361,0.09866984737283406,0.11535908238757993,0.1035931400515108,0.13697495090597842,0.09639345958059353,0.12022726565897243,0.11885530094128567,0.12042332220123424,0.09639345958059353,0.14120854979707095,0.12242438313298172,0.1228273602306248,0.3906203114283264,0.2848337432484568,0.348670739695859,0.1778944562328532,0.14004629629629628,0.34592013888888884,0.3906203114283264,0.21006944444444442,0.32403790509259256,0.14004629629629628,0.14004629629629628,0.30932818126286005,0.19406667952674894,0.34592013888888884,0.22916666666666666,0.31961484472120405,0.2010111239711934,0.3170934606481481,0.30397919077932095,0.2835508328242884,0.2010111239711934,0.2775005225164282,0.27864759154771085,0.3107277199074074
22,24,0.11516800287674782,0.09582981353248936,0.14437414503725327,0.2674647502000674,0.12837577160493824,0.36198092488104416,0,False,4,0,0,0,0,0,0,509,81,414,19,546,0,7,503,16,268,17,13,190,242,508,94,433,12,452,83,489,518,404,421,0.12724396362990728,0.1267550864159823,0.13132741197405803,0.09798866902291609,0.12558169736564695,0.09582981353248936,0.11535908238757993,0.12724396362990728,0.10449126110942733,0.11745353196901948,0.09740752514513804,0.09740752514513804,0.11673754891002361,0.09855162138487962,0.11535908238757993,0.1035931400515108,0.13697495090597842,0.09639345958059353,0.12022726565897243,0.12558169736564695,0.12333178371872335,0.09639345958059353,0.14437414503725327,0.12242438313298172,0.3580686188092992,0.2848337432484568,0.348670739695859,0.16306991821344874,0.36198092488104416,0.12837577160493824,0.34592013888888884,0.3580686188092992,0.21006944444444442,0.32403790509259256,0.14004629629629628,0.14004629629629628,0.30932818126286005,0.1778944562328532,0.34592013888888884,0.22916666666666666,0.31961484472120405,0.2010111239711934,0.3170934606481481,0.36198092488104416,0.2599215967555977,0.2010111239711934,0.2543754789733925,0.27864759154771085
23,24,0.11659739300091572,0.09582981353248936,0.14437414503725327,0.2713537372801515,0.12837577160493824,0.4151491811409571,0,False,4,0,0,0,0,0,0,509,81,414,19,546,0,7,503,16,268,17,13,190,242,508,94,433,556,452,83,489,518,12,404,0.12724396362990728,0.1267550864159823,0.13132741197405803,0.09798866902291609,0.13486200964806017,0.09582981353248936,0.11535908238757993,0.12724396362990728,0.1048349052634947,0.12166213822343142,0.09740752514513804,0.09740752514513804,0.11673754891002361,0.09855162138487962,0.11535908238757993,0.1035931400515108,0.13697495090597842,0.13486200964806017,0.12022726565897243,0.13147137429721062,0.1254772805612189,0.09639345958059353,0.09639345958059353,0.14437414503725327,0.3580686188092992,0.2848337432484568,0.348670739695859,0.16306991821344874,0.4151491811409571,0.12837577160493824,0.34592013888888884,0.3580686188092992,0.19256365740740738,0.2970347463348765,0.14004629629629628,0.14004629629629628,0.30932818126286005,0.1778944562328532,0.34592013888888884,0.22916666666666666,0.31961484472120405,0.4151491811409571,0.3170934606481481,0.3318158478076238,0.23826146369263118,0.2010111239711934,0.2010111239711934,0.2543754789733925
24,24,0.1170351761050004,0.09582981353248936,0.14437414503725327,0.2670391199212225,0.12837577160493824,0.4151491811409571,0,False,4,0,0,0,0,0,0,509,81,414,19,546,0,7,503,16,268,17,13,190,242,508,94,433,556,452,83,489,518,12,404,0.13306570508463034,0.12986312838445596,0.13132741197405803,0.09798866902291609,0.13486200964806017,0.09582981353248936,0.11535908238757993,0.12724396362990728,0.1048349052634947,0.12166213822343142,0.09582981353248936,0.09582981353248936,0.11673754891002361,0.09855162138487962,0.11535908238757993,0.1035931400515108,0.14170738520611115,0.13486200964806017,0.12022726565897243,0.13147137429721062,0.1254772805612189,0.09639345958059353,0.09639345958059353,0.14437414503725327,0.3282295672418576,0.26109759797775206,0.348670739695859,0.16306991821344874,0.4151491811409571,0.12837577160493824,0.34592013888888884,0.3580686188092992,0.19256365740740738,0.2970347463348765,0.12837577160493824,0.12837577160493824,0.30932818126286005,0.1778944562328532,0.34592013888888884,0.22916666666666666,0.29298027432777035,0.4151491811409571,0.3170934606481481,0.3318158478076238,0.23826146369263118,0.2010111239711934,0.2010111239711934,0.2543754789733925
25,24,0.1170351761050004,0.09582981353248936,0.14437414503725327,0.2670391199212225,0.12837577160493824,0.4151491811409571,0,False,4,0,0,0,0,0,0,509,81,414,19,546,0,7,503,16,268,17,13,190,242,508,94,433,556,452,83,489,518,12,404,0.13306570508463034,0.12986312838445596,0.13132741197405803,0.09798866902291609,0.13486200964806017,0.09582981353248936,0.11535908238757993,0.12724396362990728,0.1048349052634947,0.12166213822343142,0.09582981353248936,0.09582981353248936,0.11673754891002361,0.09855162138487962,0.11535908238757993,0.1035931400515108,0.14170738520611115,0.13486200964806017,0.12022726565897243,0.13147137429721062,0.1254772805612189,0.09639345958059353,0.09639345958059353,0.14437414503725327,0.3282295672418576,0.26109759797775206,0.348670739695859,0.16306991821344874,0.4151491811409571,0.12837577160493824,0.34592013888888884,0.3580686188092992,0.19256365740740738,0.2970347463348765,0.12837577160493824,0.12837577160493824,0.30932818126286005,0.1778944562328532,0.34592013888888884,0.22916666666666666,0.29298027432777035,0.4151491811409571,0.3170934606481481,0.3318158478076238,0.23826146369263118,0.2010111239711934,0.2010111239711934,0.2543754789733925
26,24,0.11987056135514056,0.09396998189034132,0.1455137105856589,0.278402957460067,0.11767779063786005,0.4151491811409571,0,False,4,0,0,0,0,0,0,509,81,414,19,546,0,7,503,16,268,636,17,13,190,242,508,94,643,433,556,452,83,12,404,0.13306570508463034,0.13216577221915132,0.13132741197405803,0.0970252224908448,0.13486200964806017,0.09582981353248936,0.12022726565897243,0.12724396362990728,0.1048349052634947,0.12507199365857463,0.1235290292458659,0.09582981353248936,0.09396998189034132,0.1235290292458659,0.09798866902291609,0.11535908238757993,0.1035931400515108,0.13999906030101578,0.1455137105856589,0.13486200964806017,0.12022726565897243,0.13999906030101578,0.09646541245464431,0.14437414503725327,0.3282295672418576,0.23933946481293938,0.348670739695859,0.149480758362328,0.4151491811409571,0.12837577160493824,0.3170934606481481,0.3580686188092992,0.19256365740740738,0.2722818508069701,0.36688416615762176,0.12837577160493824,0.11767779063786005,0.36688416615762176,0.16306991821344874,0.34592013888888884,0.22916666666666666,0.38749786049032187,0.2685652514671228,0.4151491811409571,0.3170934606481481,0.38749786049032187,0.18426019697359394,0.2543754789733925
27,24,0.11798554967444695,0.09396998189034132,0.14840394219095518,0.2763568160833659,0.11767779063786005,0.4151491811409571,0,False,4,0,0,0,0,0,0,509,81,414,19,546,0,7,503,16,268,636,17,13,190,242,508,94,643,433,556,452,83,659,12,0.13306570508463034,0.13369199914433266,0.13132741197405803,0.0970252224908448,0.13486200964806017,0.09396998189034132,0.12022726565897243,0.12724396362990728,0.1048349052634947,0.12507199365857463,0.1235290292458659,0.09639345958059353,0.09396998189034132,0.1235290292458659,0.09798866902291609,0.11535908238757993,0.1035931400515108,0.13999906030101578,0.14840394219095518,0.13486200964806017,0.12022726565897243,0.13999906030101578,0.09639345958059353,0.09608554463822412,0.3282295672418576,0.2193945094118611,0.348670739695859,0.149480758362328,0.4151491811409571,0.11767779063786005,0.3170934606481481,0.3580686188092992,0.19256365740740738,0.2722818508069701,0.36688416615762176,0.2010111239711934,0.11767779063786005,0.36688416615762176,0.16306991821344874,0.34592013888888884,0.22916666666666666,0.38749786049032187,0.24618481384486254,0.4151491811409571,0.3170934606481481,0.38749786049032187,0.2010111239711934,0.1689051805591278
28,24,0.11815496627457123,0.09396998189034132,0.14840394219095518,0.27525579712278203,0.11767779063786005,0.4151491811409571,0,False,4,0,0,0,0,0,0,509,81,414,19,546,0,7,503,16,268,636,17,13,190,242,508,94,643,433,556,452,83,659,12,0.13306570508463034,0.13369199914433266,0.13132741197405803,0.0970252224908448,0.13486200964806017,0.09396998189034132,0.124293264061955,0.12724396362990728,0.1048349052634947,0.12507199365857463,0.1235290292458659,0.09639345958059353,0.09396998189034132,0.1235290292458659,0.09798866902291609,0.11535908238757993,0.1035931400515108,0.13999906030101578,0.14840394219095518,0.13486200964806017,0.12022726565897243,0.13999906030101578,0.09639345958059353,0.09608554463822412,0.3282295672418576,0.2193945094118611,0.348670739695859,0.149480758362328,0.4151491811409571,0.11767779063786005,0.2906690055941357,0.3580686188092992,0.19256365740740738,0.2722818508069701,0.36688416615762176,0.2010111239711934,0.11767779063786005,0.36688416615762176,0.16306991821344874,0.34592013888888884,0.22916666666666666,0.38749786049032187,0.24618481384486254,0.4151491811409571,0.3170934606481481,0.38749786049032187,0.2010111239711934,0.1689051805591278
29,24,0.11915313784263903,0.09396998189034132,0.15040578610532332,0.26898110147177373,0.11767779063786005,0.4151491811409571,0,False,4,0,0,0,0,0,0,509,81,414,19,546,0,7,503,16,268,636,17,13,190,242,508,94,643,433,556,452,83,659,12,0.13306570508463034,0.13369199914433266,0.13132741197405803,0.0970252224908448,0.13486200964806017,0.09396998189034132,0.124293264061955,0.12724396362990728,0.1048349052634947,0.12768906062541893,0.1235290292458659,0.09639345958059353,0.09396998189034132,0.1235290292458659,0.09798866902291609,0.11535908238757993,0.1035931400515108,0.13999906030101578,0.15040578610532332,0.14330521979753144,0.124293264061955,0.14761616649456058,0.09639345958059353,0.09529643664464058,0.3282295672418576,0.2193945094118611,0.348670739695859,0.149480758362328,0.4151491811409571,0.11767779063786005,0.2906690055941357,0.3580686188092992,0.19256365740740738,0.2495916965730559,0.36688416615762176,0.2010111239711934,0.11767779063786005,0.36688416615762176,0.16306991821344874,0.34592013888888884,0.22916666666666666,0.38749786049032187,0.22566941269112398,0.38055341604587734,0.2906690055941357,0.3552063721161284,0.2010111239711934,0.15482974884586714
30,24,0.12010446461406439,0.09396998189034132,0.15040578610532332,0.2627579325279051,0.11767779063786005,0.38055341604587734,0,False,4,0,0,0,0,0,0,509,81,414,19,546,0,7,503,16,268,636,17,13,190,242,508,94,643,433,556,452,83,659,12,0.13306570508463034,0.13369199914433266,0.13132741197405803,0.0970252224908448,0.14330521979753144,0.09396998189034132,0.124293264061955,0.12724396362990728,0.10466522051521766,0.12768906062541893,0.1235290292458659,0.09639345958059353,0.09396998189034132,0.12950016623336832,0.09798866902291609,0.11535908238757993,0.10449126110942733,0.14761616649456058,0.15040578610532332,0.14330521979753144,0.124293264061955,0.14761616649456058,0.09646541245464431,0.09529643664464058,0.3282295672418576,0.2193945094118611,0.348670739695859,0.149480758362328,0.38055341604587734,0.11767779063786005,0.2906690055941357,0.3580686188092992,0.1765166859567901,0.2495916965730559,0.36688416615762176,0.2010111239711934,0.11767779063786005,0.3363104856444866,0.16306991821344874,0.34592013888888884,0.21006944444444442,0.3552063721161284,0.22566941269112398,0.38055341604587734,0.2906690055941357,0.3552063721161284,0.18426019697359394,0.15482974884586714
31,24,0.12069418953388122,0.09396998189034132,0.15040578610532332,0.2737840175798327,0.11767779063786005,0.4029481780545374,0,False,5,0,0,0,0,0,0,509,81,414,19,750,546,0,7,503,16,268,636,17,13,190,242,746,508,94,643,433,556,767,659,0.13306570508463034,0.13369199914433266,0.14050752302067143,0.09570627520872835,0.13083872381574316,0.14330521979753144,0.09396998189034132,0.13083872381574316,0.12724396362990728,0.10466522051521766,0.12768906062541893,0.1235290292458659,0.09639345958059353,0.09396998189034132,0.12950016623336832,0.0970252224908448,0.14050752302067143,0.11535908238757993,0.10449126110942733,0.14761616649456058,0.15040578610532332,0.14330521979753144,0.0965698414541315,0.09646541245464431,0.3282295672418576,0.2193945094118611,0.4029481780545374,0.13702402849880066,0.34977992179462436,0.38055341604587734,0.11767779063786005,0.34977992179462436,0.3580686188092992,0.1765166859567901,0.2495916965730559,0.36688416615762176,0.2010111239711934,0.11767779063786005,0.3363104856444866,0.149480758362328,0.4029481780545374,0.34592013888888884,0.21006944444444442,0.3552063721161284,0.22566941269112398,0.38055341604587734,0.22526060310871154,0.18426019697359394
32,24,0.1208733651155907,0.09187054913701001,0.15040578610532332,0.2713787456508702,0.10787130808470503,0.4029481780545374,0,False,5,0,0,0,0,0,0,509,81,414,19,750,546,0,7,503,16,268,636,17,13,190,242,746,508,94,643,433,556,767,659,0.13306570508463034,0.13369199914433266,0.14050752302067143,0.09570627520872835,0.13083872381574316,0.14330521979753144,0.09187054913701001,0.13650765019262984,0.12724396362990728,0.10466522051521766,0.12768906062541893,0.1235290292458659,0.09639345958059353,0.09396998189034132,0.12950016623336832,0.0970252224908448,0.14050752302067143,0.11535908238757993,0.10449126110942733,0.14761616649456058,0.15040578610532332,0.14330521979753144,0.0973005617916037,0.09646541245464431,0.3282295672418576,0.2193945094118611,0.4029481780545374,0.13702402849880066,0.34977992179462436,0.38055341604587734,0.10787130808470503,0.32063159497840565,0.3580686188092992,0.1765166859567901,0.2495916965730559,0.36688416615762176,0.2010111239711934,0.11767779063786005,0.3363104856444866,0.149480758362328,0.4029481780545374,0.34592013888888884,0.21006944444444442,0.3552063721161284,0.22566941269112398,0.38055341604587734,0.20648888618298558,0.18426019697359394
33,24,0.12132351021288379,0.09187054913701001,0.15080858704148825,0.2684419157488336,0.10787130808470503,0.4029481780545374,0,False,5,0,0,0,0,0,0,509,81,414,19,750,546,0,7,503,16,268,636,17,13,190,242,746,508,94,643,433,556,767,659,0.1379956474336519,0.13369199914433266,0.14050752302067143,0.09407644795078429,0.13083872381574316,0.14330521979753144,0.09187054913701001,0.13650765019262984,0.12724396362990728,0.10466522051521766,0.12768906062541893,0.1235290292458659,0.09639345958059353,0.09396998189034132,0.12950016623336832,0.0970252224908448,0.14050752302067143,0.11535908238757993,0.10449126110942733,0.14761616649456058,0.15040578610532332,0.15080858704148825,0.0973005617916037,0.09646541245464431,0.3008771033050361,0.2193945094118611,0.4029481780545374,0.12560535945723394,0.34977992179462436,0.38055341604587734,0.10787130808470503,0.32063159497840565,0.3580686188092992,0.1765166859567901,0.2495916965730559,0.36688416615762176,0.2010111239711934,0.11767779063786005,0.3363104856444866,0.149480758362328,0.4029481780545374,0.34592013888888884,0.21006944444444442,0.3552063721161284,0.22566941269112398,0.34884063137538757,0.20648888618298558,0.18426019697359394
34,24,0.12171776535085022,0.09187054913701001,0.15080858704148825,0.2648892674589418,0.10787130808470503,0.4029481780545374,0,False,5,0,0,0,0,0,0,509,81,414,19,750,546,0,7,503,16,268,636,17,13,190,242,746,508,94,643,433,556,767,659,0.1379956474336519,0.1344824707902149,0.14050752302067143,0.09407644795078429,0.13650765019262984,0.14330521979753144,0.09187054913701001,0.13650765019262984,0.12724396362990728,0.10466522051521766,0.12768906062541893,0.1235290292458659,0.09639345958059353,0.09187054913701001,0.13460232427512428,0.0970252224908448,0.14050752302067143,0.11535908238757993,0.10449126110942733,0.14761616649456058,0.15040578610532332,0.15080858704148825,0.0973005617916037,0.09646541245464431,0.3008771033050361,0.2011116336275393,0.4029481780545374,0.12560535945723394,0.32063159497840565,0.38055341604587734,0.10787130808470503,0.32063159497840565,0.3580686188092992,0.1765166859567901,0.2495916965730559,0.36688416615762176,0.2010111239711934,0.10787130808470503,0.3082846118407794,0.149480758362328,0.4029481780545374,0.34592013888888884,0.21006944444444442,0.3552063721161284,0.22566941269112398,0.34884063137538757,0.20648888618298558,0.18426019697359394
35,24,0.12219147839825045,0.09187054913701001,0.15156122330393385,0.2610701022911058,0.10787130808470503,0.4029481780545374,0,False,5,0,0,0,0,0,0,509,81,414,19,750,546,0,7,503,16,268,636,17,13,190,242,746,508,94,643,433,556,767,659,0.14201604393616626,0.1344824707902149,0.14050752302067143,0.09407644795078429,0.13650765019262984,0.14330521979753144,0.09187054913701001,0.13650765019262984,0.12724396362990728,0.10466522051521766,0.12768906062541893,0.12950016623336832,0.09639345958059353,0.09187054913701001,0.13460232427512428,0.0970252224908448,0.14050752302067143,0.11535908238757993,0.10449126110942733,0.14761616649456058,0.15156122330393385,0.15080858704148825,0.0975227042405825,0.09646541245464431,0.27580401136294974,0.2011116336275393,0.4029481780545374,0.12560535945723394,0.32063159497840565,0.38055341604587734,0.10787130808470503,0.32063159497840565,0.3580686188092992,0.1765166859567901,0.2495916965730559,0.3363104856444866,0.2010111239711934,0.10787130808470503,0.3082846118407794,0.149480758362328,0.4029481780545374,0.34592013888888884,0.21006944444444442,0.3552063721161284,0.20686362830019697,0.34884063137538757,0.18928147900107012,0.18426019697359394
36,24,0.12311668381593965,0.09187054913701001,0.15156122330393385,0.2550040186247784,0.10787130808470503,0.4029481780545374,0,False,5,0,0,0,0,0,0,509,81,414,19,750,546,0,7,503,16,268,636,17,13,190,242,746,508,94,643,433,556,767,659,0.14201604393616626,0.1345866440285049,0.14050752302067143,0.09407644795078429,0.13650765019262984,0.15080858704148825,0.09187054913701001,0.13650765019262984,0.12724396362990728,0.10402719351425245,0.1295350271586213,0.13460232427512428,0.09639345958059353,0.09187054913701001,0.13460232427512428,0.0970252224908448,0.14879481498897204,0.11535908238757993,0.10449126110942733,0.14761616649456058,0.15156122330393385,0.15080858704148825,0.0975227042405825,0.09646541245464431,0.27580401136294974,0.18435233082524435,0.4029481780545374,0.12560535945723394,0.32063159497840565,0.34884063137538757,0.10787130808470503,0.32063159497840565,0.3580686188092992,0.16180696212705759,0.22879238852530123,0.3082846118407794,0.2010111239711934,0.10787130808470503,0.3082846118407794,0.149480758362328,0.3693691632166593,0.34592013888888884,0.21006944444444442,0.3552063721161284,0.20686362830019697,0.34884063137538757,0.18928147900107012,0.18426019697359394
37,24,0.12355281917259316,0.09187054913701001,0.1573013698408042,0.2507570951515344,0.10787130808470503,0.4029481780545374,0,False,5,0,0,0,0,0,0,509,81,414,19,750,546,0,7,503,16,268,636,17,13,190,242,746,508,94,643,433,556,767,659,0.14201604393616626,0.1345866440285049,0.14050752302067143,0.09217908887326602,0.13650765019262984,0.1573013698408042,0.09187054913701001,0.13650765019262984,0.13306570508463034,0.10296794405545209,0.1306443600005853,0.13460232427512428,0.09639345958059353,0.09187054913701001,0.13460232427512428,0.0970252224908448,0.14879481498897204,0.11535908238757993,0.10449126110942733,0.14761616649456058,0.15156122330393385,0.15080858704148825,0.0975227042405825,0.09646541245464431,0.27580401136294974,0.18435233082524435,0.4029481780545374,0.11513824616913111,0.32063159497840565,0.3197705787607719,0.10787130808470503,0.32063159497840565,0.3282295672418576,0.14832304861646944,0.2097263561481928,0.3082846118407794,0.2010111239711934,0.10787130808470503,0.3082846118407794,0.149480758362328,0.3693691632166593,0.34592013888888884,0.21006944444444442,0.3552063721161284,0.20686362830019697,0.34884063137538757,0.18928147900107012,0.18426019697359394
38,24,0.12385428136029164,0.0900555873912576,0.1573013698408042,0.25085389006702746,0.10554339232170351,0.4029481780545374,0,False,5,0,0,0,0,0,0,509,81,414,19,750,546,0,7,503,16,268,636,17,13,190,242,746,508,94,643,433,556,918,767,0.14201604393616626,0.1345866440285049,0.14050752302067143,0.0900555873912576,0.13650765019262984,0.1573013698408042,0.09188169938469821,0.13650765019262984,0.13306570508463034,0.10296794405545209,0.1306443600005853,0.13460232427512428,0.09639345958059353,0.09187054913701001,0.13460232427512428,0.0970252224908448,0.1560958571234848,0.11535908238757993,0.10449126110942733,0.15424628116907754,0.15156122330393385,0.15080858704148825,0.09188169938469821,0.0975227042405825,0.27580401136294974,0.18435233082524435,0.4029481780545374,0.10554339232170351,0.32063159497840565,0.3197705787607719,0.18221536574431296,0.32063159497840565,0.3282295672418576,0.14832304861646944,0.2097263561481928,0.3082846118407794,0.2010111239711934,0.10787130808470503,0.3082846118407794,0.149480758362328,0.33858839961527104,0.34592013888888884,0.21006944444444442,0.325605841106451,0.20686362830019697,0.34884063137538757,0.18221536574431296,0.18928147900107012
39,24,0.12430454939575541,0.0900555873912576,0.1623494051258203,0.24787839542848408,0.10554339232170351,0.4029481780545374,0,False,5,0,0,0,0,0,0,509,81,414,19,750,546,0,7,503,16,268,636,17,13,190,242,746,508,94,643,433,556,918,767,0.14201604393616626,0.1345866440285049,0.14050752302067143,0.0900555873912576,0.13650765019262984,0.1573013698408042,0.09188169938469821,0.13650765019262984,0.13306570508463034,0.10296794405545209,0.1306443600005853,0.13460232427512428,0.09639345958059353,0.09187054913701001,0.13881156496985161,0.0970252224908448,0.1623494051258203,0.11535908238757993,0.1048349052634947,0.15424628116907754,0.15156122330393385,0.15080858704148825,0.09188169938469821,0.0975227042405825,0.27580401136294974,0.18435233082524435,0.4029481780545374,0.10554339232170351,0.32063159497840565,0.3197705787607719,0.18221536574431296,0.32063159497840565,0.3282295672418576,0.14832304861646944,0.2097263561481928,0.3082846118407794,0.2010111239711934,0.10787130808470503,0.2825942275207144,0.149480758362328,0.3103726996473318,0.34592013888888884,0.19256365740740738,0.325605841106451,0.20686362830019697,0.34884063137538757,0.18221536574431296,0.18928147900107012
40,24,0.1252267467498945,0.0900555873912576,0.16752429289439283,0.24048895542805285,0.10554339232170351,0.3693691632166593,0,False,5,0,0,0,0,0,0,509,81,414,19,750,546,0,7,503,16,268,636,17,13,190,242,746,508,94,643,433,556,918,767,0.14201604393616626,0.1345866440285049,0.14879481498897204,0.0900555873912576,0.14126416350068696,0.1573013698408042,0.09188169938469821,0.13650765019262984,0.13306570508463034,0.10296794405545209,0.13106141964035778,0.13460232427512428,0.09639345958059353,0.09187054913701001,0.13881156496985161,0.09570627520872835,0.16752429289439283,0.12022726565897243,0.1048349052634947,0.15424628116907754,0.15192319117977493,0.15080858704148825,0.0914674793342169,0.0975227042405825,0.27580401136294974,0.18435233082524435,0.3693691632166593,0.10554339232170351,0.29391229539687186,0.3197705787607719,0.18221536574431296,0.32063159497840565,0.3282295672418576,0.14832304861646944,0.19224915980251006,0.3082846118407794,0.2010111239711934,0.10787130808470503,0.2825942275207144,0.13702402849880066,0.2845083080100541,0.3170934606481481,0.19256365740740738,0.325605841106451,0.18962499260851387,0.34884063137538757,0.16703075193228686,0.18928147900107012
41,24,0.12334586817625848,0.08774487746564366,0.17161635425060975,0.23441007062308827,0.09674810962822822,0.3693691632166593,0,False,5,0,0,0,0,0,0,509,81,414,19,750,546,1006,7,503,16,268,636,17,0,190,242,746,508,13,556,918,767,94,433,0.14201604393616626,0.1345866440285049,0.14879481498897204,0.08774487746564366,0.14126416350068696,0.1573013698408042,0.09300702014665464,0.14126416350068696,0.1379956474336519,0.10296794405545209,0.1308377591104543,0.13460232427512428,0.09639345958059353,0.09188169938469821,0.1421260528547936,0.09570627520872835,0.17161635425060975,0.12022726565897243,0.09187054913701001,0.15080858704148825,0.09300702014665464,0.0975227042405825,0.1048349052634947,0.15192319117977493,0.27580401136294974,0.18435233082524435,0.3693691632166593,0.09674810962822822,0.29391229539687186,0.3197705787607719,0.23644485593792963,0.29391229539687186,0.3008771033050361,0.14832304861646944,0.1762283964856342,0.3082846118407794,0.2010111239711934,0.18221536574431296,0.25904470856065487,0.13702402849880066,0.26079928234254957,0.3170934606481481,0.10787130808470503,0.34884063137538757,0.23644485593792963,0.18928147900107012,0.19256365740740738,0.18962499260851387
42,24,0.12366030722732498,0.08774487746564366,0.17161635425060975,0.23043687033129992,0.09674810962822822,0.3693691632166593,0,False,5,0,0,0,0,0,0,509,81,414,19,750,546,1006,7,503,16,268,636,17,0,190,242,746,508,13,556,918,767,94,433,0.14201604393616626,0.1345866440285049,0.14879481498897204,0.08774487746564366,0.14126416350068696,0.16274317315213258,0.09300702014665464,0.14509645654712486,0.1379956474336519,0.10296794405545209,0.1308377591104543,0.13460232427512428,0.09646541245464431,0.09188169938469821,0.1421260528547936,0.09407644795078429,0.17161635425060975,0.12022726565897243,0.09187054913701001,0.15080858704148825,0.09300702014665464,0.0975227042405825,0.10466522051521766,0.15192319117977493,0.27580401136294974,0.18435233082524435,0.3693691632166593,0.09674810962822822,0.29391229539687186,0.2931230305307076,0.23644485593792963,0.26941960411379917,0.3008771033050361,0.14832304861646944,0.1762283964856342,0.3082846118407794,0.18426019697359394,0.18221536574431296,0.25904470856065487,0.12560535945723394,0.26079928234254957,0.3170934606481481,0.10787130808470503,0.34884063137538757,0.23644485593792963,0.18928147900107012,0.1765166859567901,0.18962499260851387
43,24,0.12381256943189267,0.08774487746564366,0.17161635425060975,0.22814362700011648,0.09674810962822822,0.3693691632166593,0,False,5,0,0,0,0,0,0,509,81,414,19,750,546,1006,7,503,16,268,636,17,0,190,242,746,508,13,556,918,767,94,433,0.14513076182378007,0.1345866440285049,0.14879481498897204,0.08774487746564366,0.14126416350068696,0.16274317315213258,0.09300702014665464,0.14509645654712486,0.1379956474336519,0.10296794405545209,0.1308377591104543,0.13460232427512428,0.09646541245464431,0.09188169938469821,0.14456298695432335,0.09217908887326602,0.17161635425060975,0.12022726565897243,0.09187054913701001,0.15080858704148825,0.09300702014665464,0.0975227042405825,0.10466522051521766,0.15192319117977493,0.25282034374937057,0.18435233082524435,0.3693691632166593,0.09674810962822822,0.29391229539687186,0.2931230305307076,0.23644485593792963,0.26941960411379917,0.3008771033050361,0.14832304861646944,0.1762283964856342,0.3082846118407794,0.18426019697359394,0.18221536574431296,0.2374576495139336,0.11513824616913111,0.26079928234254957,0.3170934606481481,0.10787130808470503,0.34884063137538757,0.23644485593792963,0.18928147900107012,0.1765166859567901,0.18962499260851387
44,24,0.12418312666852625,0.08774487746564366,0.17161635425060975,0.226036589455913,0.09674810962822822,0.34884063137538757,0,False,5,0,0,0,0,0,0,509,81,414,19,750,546,1006,7,503,16,268,636,17,0,190,242,746,508,13,556,918,767,94,433,0.14513076182378007,0.1345866440285049,0.1560958571234848,0.08774487746564366,0.14126416350068696,0.16274317315213258,0.09300702014665464,0.14509645654712486,0.1379956474336519,0.10296794405545209,0.1308377591104543,0.13460232427512428,0.09646541245464431,0.09188169938469821,0.14615531849901653,0.09217908887326602,0.17161635425060975,0.12022726565897243,0.09187054913701001,0.15080858704148825,0.09300702014665464,0.0975227042405825,0.10466522051521766,0.15192319117977493,0.25282034374937057,0.18435233082524435,0.33858839961527104,0.09674810962822822,0.29391229539687186,0.2931230305307076,0.23644485593792963,0.26941960411379917,0.3008771033050361,0.14832304861646944,0.1762283964856342,0.3082846118407794,0.18426019697359394,0.18221536574431296,0.21766951205443913,0.11513824616913111,0.26079928234254957,0.3170934606481481,0.10787130808470503,0.34884063137538757,0.23644485593792963,0.18928147900107012,0.1765166859567901,0.18962499260851387
45,24,0.12410316313484726,0.08774487746564366,0.17161635425060975,0.22352539974885668,0.09674810962822822,0.34884063137538757,0,False,5,0,0,0,0,0,0,509,81,414,19,750,546,1006,7,503,16,268,636,17,0,190,242,746,508,13,556,918,767,94,433,0.14513076182378007,0.1345866440285049,0.1560958571234848,0.08774487746564366,0.14126416350068696,0.16274317315213258,0.09400480264204962,0.14509645654712486,0.1379956474336519,0.10296794405545209,0.1308377591104543,0.13460232427512428,0.09646541245464431,0.09188169938469821,0.14615531849901653,0.09217908887326602,0.17161635425060975,0.12022726565897243,0.08957165418484625,0.15080858704148825,0.09300702014665464,0.09727538721929309,0.10466522051521766,0.15155249584953748,0.25282034374937057,0.18435233082524435,0.33858839961527104,0.09674810962822822,0.29391229539687186,0.2931230305307076,0.21674111794310216,0.26941960411379917,0.3008771033050361,0.14832304861646944,0.1762283964856342,0.3082846118407794,0.18426019697359394,0.18221536574431296,0.21766951205443913,0.11513824616913111,0.26079928234254957,0.3170934606481481,0.0988820324109796,0.34884063137538757,0.23644485593792963,0.1735080224176476,0.1765166859567901,0.17382290989113772
46,24,0.12422306679331367,0.08774487746564366,0.17161635425060975,0.22116537415877732,0.09674810962822822,0.34884063137538757,0,False,5,0,0,0,0,0,0,509,81,414,19,750,546,1006,7,503,16,268,636,17,0,190,242,746,508,13,556,918,767,94,433,0.14513076182378007,0.1345866440285049,0.1560958571234848,0.08774487746564366,0.14126416350068696,0.16274317315213258,0.09400480264204962,0.14801381569291125,0.1379956474336519,0.10296794405545209,0.1308377591104543,0.13460232427512428,0.09646541245464431,0.09188169938469821,0.14615531849901653,0.09217908887326602,0.17161635425060975,0.12022726565897243,0.08957165418484625,0.15080858704148825,0.09400480264204962,0.09727538721929309,0.10466522051521766,0.15051504201154936,0.25282034374937057,0.18435233082524435,0.33858839961527104,0.09674810962822822,0.29391229539687186,0.2931230305307076,0.21674111794310216,0.24696797043764923,0.3008771033050361,0.14832304861646944,0.1762283964856342,0.3082846118407794,0.18426019697359394,0.18221536574431296,0.21766951205443913,0.11513824616913111,0.26079928234254957,0.3170934606481481,0.0988820324109796,0.34884063137538757,0.21674111794310216,0.1735080224176476,0.1765166859567901,0.15933766740020958
47,24,0.12439058286969033,0.08774487746564366,0.17161635425060975,0.2187399097414109,0.09674810962822822,0.34884063137538757,0,False,5,0,0,0,0,0,0,509,81,414,19,750,546,1006,7,503,16,268,636,17,0,190,242,746,508,13,556,918,767,94,433,0.14513076182378007,0.1345866440285049,0.1560958571234848,0.08774487746564366,0.14126416350068696,0.16274317315213258,0.09400480264204962,0.14801381569291125,0.1379956474336519,0.10296794405545209,0.1308377591104543,0.13881156496985161,0.09646541245464431,0.09188169938469821,0.14615531849901653,0.09217908887326602,0.17161635425060975,0.12022726565897243,0.08957165418484625,0.15080858704148825,0.09449036758548278,0.0966009674141725,0.10466522051521766,0.15051504201154936,0.25282034374937057,0.18435233082524435,0.33858839961527104,0.09674810962822822,0.29391229539687186,0.2931230305307076,0.21674111794310216,0.24696797043764923,0.3008771033050361,0.14832304861646944,0.1762283964856342,0.2825942275207144,0.18426019697359394,0.18221536574431296,0.21766951205443913,0.11513824616913111,0.26079928234254957,0.3170934606481481,0.0988820324109796,0.34884063137538757,0.19867935811451032,0.15904902054951028,0.1765166859567901,0.15933766740020958
48,24,0.1219946698340237,0.08748254786018507,0.17161635425060975,0.2193041481034278,0.0988820324109796,0.34884063137538757,0,False,5,0,0,0,0,0,0,509,81,414,19,750,546,1006,7,503,16,268,636,17,0,190,242,746,508,13,556,918,767,94,1155,0.14513076182378007,0.1345866440285049,0.1623494051258203,0.08748254786018507,0.14126416350068696,0.16274317315213258,0.09400480264204962,0.15004330647417494,0.1379956474336519,0.10153528247798899,0.1308377591104543,0.13881156496985161,0.09646541245464431,0.09188169938469821,0.14615531849901653,0.09217908887326602,0.17161635425060975,0.12022726565897243,0.08957165418484625,0.15080858704148825,0.09449036758548278,0.09554350110886069,0.10466522051521766,0.08748254786018507,0.25282034374937057,0.18435233082524435,0.3103726996473318,0.17201910049254254,0.29391229539687186,0.2931230305307076,0.21674111794310216,0.22638730623451178,0.3008771033050361,0.135962794565097,0.1762283964856342,0.2825942275207144,0.18426019697359394,0.18221536574431296,0.21766951205443913,0.11513824616913111,0.26079928234254957,0.3170934606481481,0.0988820324109796,0.34884063137538757,0.19867935811451032,0.14579493550371775,0.1765166859567901,0.17201910049254254
49,24,0.12202111111421811,0.08711067874782154,0.17161635425060975,0.21594310918682744,0.09064186304339797,0.34884063137538757,0,False,5,0,0,0,0,0,0,509,81,414,19,750,546,1006,7,503,16,268,636,17,0,190,242,746,508,13,556,918,767,94,1155,0.14513076182378007,0.1345866440285049,0.1623494051258203,0.08748254786018507,0.14509645654712486,0.16274317315213258,0.09449036758548278,0.15004330647417494,0.1379956474336519,0.10153528247798899,0.13002968733275463,0.13881156496985161,0.09646541245464431,0.0914674793342169,0.14615531849901653,0.09217908887326602,0.17161635425060975,0.12022726565897243,0.08711067874782154,0.15080858704148825,0.09449036758548278,0.09554350110886069,0.10466522051521766,0.08748254786018507,0.25282034374937057,0.18435233082524435,0.3103726996473318,0.17201910049254254,0.26941960411379917,0.2931230305307076,0.19867935811451032,0.22638730623451178,0.3008771033050361,0.135962794565097,0.16154269677849803,0.2825942275207144,0.18426019697359394,0.16703075193228686,0.21766951205443913,0.11513824616913111,0.26079928234254957,0.3170934606481481,0.09064186304339797,0.34884063137538757,0.19867935811451032,0.14579493550371775,0.1765166859567901,0.17201910049254254
50,24,0.12207921464827504,0.08683979989572756,0.17161635425060975,0.21126224920197323,0.09064186304339797,0.34884063137538757,0,False,5,0,0,0,0,0,0,509,81,414,19,750,546,1006,7,503,16,268,636,17,0,190,242,746,508,13,556,918,767,94,1155,0.14513076182378007,0.134060119442789,0.16752429289439283,0.08683979989572756,0.14509645654712486,0.16274317315213258,0.09449036758548278,0.15004330647417494,0.1379956474336519,0.10153528247798899,0.13002968733275463,0.13881156496985161,0.09646541245464431,0.0914674793342169,0.14694846454541496,0.0900555873912576,0.17161635425060975,0.12022726565897243,0.08711067874782154,0.15080858704148825,0.09449036758548278,0.09554350110886069,0.10402719351425245,0.08683979989572756,0.25282034374937057,0.1689896365898073,0.2845083080100541,0.15768417545149732,0.26941960411379917,0.2931230305307076,0.19867935811451032,0.22638730623451178,0.3008771033050361,0.135962794565097,0.16154269677849803,0.2825942275207144,0.18426019697359394,0.16703075193228686,0.19953038604990253,0.10554339232170351,0.26079928234254957,0.3170934606481481,0.09064186304339797,0.34884063137538757,0.19867935811451032,0.14579493550371775,0.16180696212705759,0.15768417545149732
51,24,0.12183676317722726,0.08452201546780204,0.17161635425060975,0.20921987090911212,0.08308837445644814,0.34884063137538757,0,False,5,0,0,0,0,0,0,509,81,414,19,750,546,1006,7,503,16,268,636,17,0,190,242,746,508,13,556,918,767,94,1155,0.14513076182378007,0.13296228834978982,0.16752429289439283,0.08683979989572756,0.14509645654712486,0.16274317315213258,0.09449036758548278,0.15004330647417494,0.1379956474336519,0.10153528247798899,0.12869614305779506,0.13881156496985161,0.09646541245464431,0.09066868267704864,0.14694846454541496,0.0900555873912576,0.17161635425060975,0.12022726565897243,0.08452201546780204,0.15080858704148825,0.09449036758548278,0.09554350110886069,0.10402719351425245,0.08683979989572756,0.25282034374937057,0.15490716687399003,0.2845083080100541,0.15768417545149732,0.26941960411379917,0.2931230305307076,0.19867935811451032,0.22638730623451178,0.3008771033050361,0.135962794565097,0.14808080538028986,0.2825942275207144,0.18426019697359394,0.1531115226045963,0.19953038604990253,0.10554339232170351,0.26079928234254957,0.3170934606481481,0.08308837445644814,0.34884063137538757,0.19867935811451032,0.14579493550371775,0.16180696212705759,0.15768417545149732
52,24,0.12300823706080344,0.08452201546780204,0.1746447443947211,0.21193077163728166,0.08308837445644814,0.34884063137538757,0,False,5,0,0,0,0,0,0,509,81,414,19,750,546,1258,503,16,268,636,17,1006,7,190,242,746,508,0,556,918,767,13,1155,0.14513076182378007,0.13296228834978982,0.16752429289439283,0.08683979989572756,0.14509645654712486,0.16274317315213258,0.1301695575924049,0.1379956474336519,0.10153528247798899,0.1301695575924049,0.13881156496985161,0.09646541245464431,0.09449036758548278,0.15004330647417494,0.14694846454541496,0.0900555873912576,0.1746447443947211,0.12022726565897243,0.08952714367236979,0.15080858704148825,0.09449916135834664,0.09414745078963023,0.08452201546780204,0.08683979989572756,0.25282034374937057,0.15490716687399003,0.2845083080100541,0.15768417545149732,0.26941960411379917,0.2931230305307076,0.21907407159859904,0.3008771033050361,0.135962794565097,0.21907407159859904,0.2825942275207144,0.18426019697359394,0.19867935811451032,0.22638730623451178,0.19953038604990253,0.10554339232170351,0.23906600881400375,0.3170934606481481,0.14035222905421327,0.34884063137538757,0.1821227449383011,0.1336453575450746,0.08308837445644814,0.15768417545149732
53,24,0.12363877928770976,0.08452201546780204,0.1746447443947211,0.21568672116566467,0.08308837445644814,0.34884063137538757,0,False,5,0,0,0,0,0,0,509,81,414,19,750,546,1258,503,16,268,636,17,1006,7,190,242,746,508,0,556,918,767,13,1284,0.14513076182378007,0.13135431098648315,0.16752429289439283,0.08683979989572756,0.14801381569291125,0.16274317315213258,0.1301695575924049,0.14201604393616626,0.10153528247798899,0.1301695575924049,0.13881156496985161,0.09646541245464431,0.09693628654122416,0.15004330647417494,0.14694846454541496,0.08774487746564366,0.1746447443947211,0.12022726565897243,0.08952714367236979,0.15080858704148825,0.09407070084347978,0.09414745078963023,0.08452201546780204,0.09693628654122416,0.25282034374937057,0.14199823630115752,0.2845083080100541,0.15768417545149732,0.24696797043764923,0.2931230305307076,0.21907407159859904,0.27580401136294974,0.135962794565097,0.21907407159859904,0.2825942275207144,0.18426019697359394,0.2654560782716344,0.22638730623451178,0.19953038604990253,0.09674810962822822,0.23906600881400375,0.3170934606481481,0.14035222905421327,0.34884063137538757,0.16694584952677602,0.1336453575450746,0.08308837445644814,0.2654560782716344
54,24,0.126888503140119,0.08452201546780204,0.17664798044880195,0.2190777471320102,0.08308837445644814,0.35202944465314867,0,False,5,0,0,0,0,0,0,509,81,414,19,750,546,1258,1301,636,17,1006,7,503,16,268,508,0,190,242,746,767,13,556,918,0.14513076182378007,0.12929743329297175,0.16752429289439283,0.08585635891616251,0.14801381569291125,0.17143125321427288,0.1301695575924049,0.17143125321427288,0.13881156496985161,0.09646541245464431,0.09693628654122416,0.15004330647417494,0.14201604393616626,0.10153528247798899,0.1301695575924049,0.12022726565897243,0.08952714367236979,0.14694846454541496,0.08528310399803883,0.17664798044880195,0.0924566325988641,0.08452201546780204,0.15080858704148825,0.09407070084347978,0.25282034374937057,0.1301650499427277,0.2845083080100541,0.14454382749720587,0.24696797043764923,0.35202944465314867,0.21907407159859904,0.35202944465314867,0.2825942275207144,0.18426019697359394,0.2654560782716344,0.22638730623451178,0.27580401136294974,0.135962794565097,0.21907407159859904,0.3170934606481481,0.14035222905421327,0.19953038604990253,0.0886857671592092,0.21914384141283677,0.12250824441631837,0.08308837445644814,0.34884063137538757,0.16694584952677602
55,24,0.1269719072607205,0.08270342602971431,0.17664798044880195,0.2150179766387342,0.08129528656260843,0.35202944465314867,0,False,5,0,0,0,0,0,0,509,81,414,19,750,546,1258,1301,636,17,1006,7,503,16,268,508,0,190,242,746,767,13,556,918,0.14513076182378007,0.12929743329297175,0.17161635425060975,0.08457221244063237,0.14801381569291125,0.17143125321427288,0.13092745077455453,0.17143125321427288,0.13881156496985161,0.09646541245464431,0.09877560373815208,0.15004330647417494,0.14201604393616626,0.10153528247798899,0.1301695575924049,0.12022726565897243,0.08952714367236979,0.14694846454541496,0.08270342602971431,0.17664798044880195,0.0924566325988641,0.08452201546780204,0.15080858704148825,0.09324695244647527,0.25282034374937057,0.1301650499427277,0.26079928234254957,0.1324985085391054,0.24696797043764923,0.35202944465314867,0.20081789896538244,0.35202944465314867,0.2825942275207144,0.18426019697359394,0.2433347384156649,0.22638730623451178,0.27580401136294974,0.135962794565097,0.21907407159859904,0.3170934606481481,0.14035222905421327,0.19953038604990253,0.08129528656260843,0.21914384141283677,0.12250824441631837,0.08308837445644814,0.34884063137538757,0.15303369539954467
56,24,0.12725937417376593,0.08003593172483563,0.1789716860100927,0.20876520913557842,0.07452067934905772,0.35202944465314867,0,False,5,0,0,0,0,0,0,509,81,414,19,750,546,1258,1301,636,17,1006,7,503,16,268,508,0,190,242,746,767,13,556,918,0.14513076182378007,0.12685163123733495,0.17161635425060975,0.08302668396852117,0.14801381569291125,0.1789716860100927,0.13092745077455453,0.17143125321427288,0.13881156496985161,0.09608554463822412,0.09877560373815208,0.15004330647417494,0.14201604393616626,0.10153528247798899,0.1301695575924049,0.12022726565897243,0.08952714367236979,0.14699717539015883,0.08003593172483563,0.17767995962927546,0.0924566325988641,0.08452201546780204,0.1573013698408042,0.09207094538825959,0.25282034374937057,0.1193179624475004,0.26079928234254957,0.1214569661608466,0.24696797043764923,0.3226936575987196,0.20081789896538244,0.35202944465314867,0.2825942275207144,0.1689051805591278,0.2433347384156649,0.22638730623451178,0.27580401136294974,0.135962794565097,0.21907407159859904,0.3170934606481481,0.14035222905421327,0.18290285387907732,0.07452067934905772,0.2008818546284337,0.12250824441631837,0.08308837445644814,0.3197705787607719,0.14028088744958261
57,24,0.12732438436554658,0.08003593172483563,0.1789716860100927,0.20564438902604543,0.07452067934905772,0.3226936575987196,0,False,5,0,0,0,0,0,0,509,81,414,19,750,546,1258,1301,636,17,1006,7,503,16,268,508,0,190,242,746,767,13,556,918,0.14513076182378007,0.12685163123733495,0.17161635425060975,0.08302668396852117,0.14801381569291125,0.1789716860100927,0.13101809052986574,0.1789716860100927,0.13881156496985161,0.09608554463822412,0.09877560373815208,0.15004330647417494,0.14201604393616626,0.10153528247798899,0.1301695575924049,0.12022726565897243,0.0880846183578681,0.14699717539015883,0.08003593172483563,0.17767995962927546,0.09051338986290787,0.08183695556986462,0.1573013698408042,0.09207094538825959,0.25282034374937057,0.1193179624475004,0.26079928234254957,0.1214569661608466,0.24696797043764923,0.3226936575987196,0.18408307405160057,0.3226936575987196,0.2825942275207144,0.1689051805591278,0.2433347384156649,0.22638730623451178,0.27580401136294974,0.135962794565097,0.21907407159859904,0.3170934606481481,0.12865620996636215,0.18290285387907732,0.07452067934905772,0.2008818546284337,0.11229922404829183,0.07616434325174412,0.3197705787607719,0.14028088744958261
58,24,0.13003763801336235,0.08003593172483563,0.1853148299555716,0.2119973651849201,0.07452067934905772,0.3226936575987196,0,False,5,0,0,0,0,0,0,509,81,414,19,750,546,1258,1301,1396,1006,7,503,16,268,636,17,1409,0,190,242,746,508,13,767,0.14513076182378007,0.12407455903268425,0.17161635425060975,0.08125770851254217,0.1539129103465708,0.1853148299555716,0.13049568475736179,0.1789716860100927,0.1539129103465708,0.09877560373815208,0.15004330647417494,0.14201604393616626,0.10153528247798899,0.1301695575924049,0.13881156496985161,0.09608554463822412,0.15013734575234983,0.0880846183578681,0.15013734575234983,0.08003593172483563,0.17780615077880163,0.12022726565897243,0.08183695556986462,0.09051338986290787,0.25282034374937057,0.1093747989102087,0.26079928234254957,0.11133555231410938,0.3097206395678451,0.29580251946549296,0.16874281788063386,0.3226936575987196,0.3097206395678451,0.2433347384156649,0.22638730623451178,0.27580401136294974,0.135962794565097,0.21907407159859904,0.2825942275207144,0.1689051805591278,0.2509942827224876,0.12865620996636215,0.2509942827224876,0.07452067934905772,0.1841417000760642,0.3170934606481481,0.07616434325174412,0.11229922404829183
59,24,0.13376635374966248,0.08003593172483563,0.1853148299555716,0.22301238037746907,0.07452067934905772,0.3226936575987196,0,False,5,0,0,0,0,0,0,509,81,414,19,750,546,1258,1301,1396,1006,7,503,16,268,636,17,1409,0,190,1438,242,746,508,1436,0.14513076182378007,0.12102076989176458,0.17161635425060975,0.08125770851254217,0.1539129103465708,0.1853148299555716,0.13049568475736179,0.1789716860100927,0.1539129103465708,0.09877560373815208,0.15004330647417494,0.14201604393616626,0.09977652794962316,0.1301695575924049,0.13881156496985161,0.09608554463822412,0.15013734575234983,0.0880846183578681,0.15013734575234983,0.08112323327228513,0.08003593172483563,0.1816674921398885,0.12022726565897243,0.1816674921398885,0.25282034374937057,0.10026023233435796,0.26079928234254957,0.11133555231410938,0.3097206395678451,0.29580251946549296,0.16874281788063386,0.3226936575987196,0.3097206395678451,0.2433347384156649,0.22638730623451178,0.27580401136294974,0.12463256168467224,0.21907407159859904,0.2825942275207144,0.1689051805591278,0.2509942827224876,0.12865620996636215,0.2509942827224876,0.15315064798076544,0.07452067934905772,0.2521298917363922,0.3170934606481481,0.2521298917363922
60,24,0.13201783462854452,0.08003593172483563,0.1853148299555716,0.22297579668752165,0.07452067934905772,0.3226936575987196,0,False,5,0,0,0,0,0,0,509,81,414,19,750,546,1258,1301,1396,1006,7,503,16,268,636,17,1409,0,1453,190,1438,242,508,1436,0.14513076182378007,0.1177411741229183,0.17161635425060975,0.08125770851254217,0.1539129103465708,0.1853148299555716,0.1294180959066643,0.1789716860100927,0.1539129103465708,0.10002812042729876,0.15004330647417494,0.14201604393616626,0.09977652794962316,0.13430405838488696,0.1421260528547936,0.09608554463822412,0.15013734575234983,0.08638188768507792,0.13430405838488696,0.15013734575234983,0.08112323327228513,0.08003593172483563,0.12022726565897243,0.18442487691382226,0.25282034374937057,0.09190521297316147,0.26079928234254957,0.11133555231410938,0.3097206395678451,0.29580251946549296,0.15468091639058104,0.3226936575987196,0.3097206395678451,0.2230568435476928,0.22638730623451178,0.27580401136294974,0.12463256168467224,0.28415123229871575,0.25904470856065487,0.1689051805591278,0.2509942827224876,0.11793485913583196,0.28415123229871575,0.2509942827224876,0.15315064798076544,0.07452067934905772,0.3170934606481481,0.2311190674250262
61,24,0.1323110780120443,0.08003593172483563,0.1853148299555716,0.22108082966965217,0.07452067934905772,0.3170934606481481,0,False,5,0,0,0,0,0,0,509,81,414,19,750,546,1258,1301,1396,1006,7,503,16,268,636,17,1409,0,1453,190,1438,242,508,1436,0.14513076182378007,0.1177411741229183,0.17161635425060975,0.08125770851254217,0.1539129103465708,0.1853148299555716,0.1294180959066643,0.1853148299555716,0.1539129103465708,0.10072281768581516,0.15004330647417494,0.14201604393616626,0.09977652794962316,0.13430405838488696,0.1421260528547936,0.09608554463822412,0.15013734575234983,0.08638188768507792,0.13430405838488696,0.15013734575234983,0.08112323327228513,0.08003593172483563,0.12022726565897243,0.18442487691382226,0.25282034374937057,0.09190521297316147,0.26079928234254957,0.11133555231410938,0.3097206395678451,0.29580251946549296,0.15468091639058104,0.29580251946549296,0.3097206395678451,0.20446877325205173,0.22638730623451178,0.27580401136294974,0.12463256168467224,0.28415123229871575,0.25904470856065487,0.1689051805591278,0.2509942827224876,0.11793485913583196,0.28415123229871575,0.2509942827224876,0.15315064798076544,0.07452067934905772,0.3170934606481481,0.2311190674250262
62,24,0.13226949587206907,0.0793013996133751,0.1853148299555716,0.22084561417492857,0.09190521297316147,0.3097206395678451,0,False,5,0,0,0,0,0,0,509,81,414,19,750,546,1258,1301,1396,1509,1006,7,503,16,268,636,17,1409,0,1453,190,242,508,1436,0.14513076182378007,0.1177411741229183,0.1746447443947211,0.08125770851254217,0.1539129103465708,0.1853148299555716,0.12784487825417823,0.1853148299555716,0.1539129103465708,0.0793013996133751,0.10072281768581516,0.15004330647417494,0.14201604393616626,0.09773757360493614,0.13430405838488696,0.1421260528547936,0.09608554463822412,0.15013734575234983,0.08445806554612148,0.13430405838488696,0.15013734575234983,0.0793013996133751,0.124293264061955,0.18442487691382226,0.25282034374937057,0.09190521297316147,0.23906600881400375,0.11133555231410938,0.3097206395678451,0.29580251946549296,0.14179084002469927,0.29580251946549296,0.3097206395678451,0.15164395606996958,0.20446877325205173,0.22638730623451178,0.27580401136294974,0.11424651487761621,0.28415123229871575,0.25904470856065487,0.1689051805591278,0.2509942827224876,0.10810695420784595,0.28415123229871575,0.2509942827224876,0.15164395606996958,0.2906690055941357,0.2311190674250262
63,24,0.13036714642147032,0.0793013996133751,0.1853148299555716,0.21846586221460793,0.09190521297316147,0.3097206395678451,0,False,4,0,0,0,0,0,0,509,81,1515,750,546,1258,1301,414,19,1006,7,503,16,268,1396,1509,0,1453,190,636,17,1409,242,1436,0.14513076182378007,0.1177411741229183,0.08134646362542573,0.1539129103465708,0.1853148299555716,0.12583564475703746,0.1853148299555716,0.1746447443947211,0.08134646362542573,0.10072281768581516,0.15004330647417494,0.14201604393616626,0.09773757360493614,0.13430405838488696,0.1539129103465708,0.0793013996133751,0.08445806554612148,0.13430405838488696,0.15013734575234983,0.1421260528547936,0.09529643664464058,0.15013734575234983,0.0793013996133751,0.18442487691382226,0.25282034374937057,0.09190521297316147,0.18539092295460027,0.3097206395678451,0.29580251946549296,0.12997493668930765,0.29580251946549296,0.23906600881400375,0.18539092295460027,0.20446877325205173,0.22638730623451178,0.27580401136294974,0.11424651487761621,0.28415123229871575,0.3097206395678451,0.15164395606996958,0.10810695420784595,0.28415123229871575,0.2509942827224876,0.25904470856065487,0.15482974884586714,0.2509942827224876,0.15164395606996958,0.2311190674250262
64,24,0.12953529173655784,0.0793013996133751,0.1853148299555716,0.22366533446915846,0.09190521297316147,0.313411425828947,0,False,4,0,0,0,0,0,0,509,81,1515,750,546,1258,1554,19,1006,1301,414,1509,0,1453,7,503,16,268,1396,190,636,17,1409,242,0.14513076182378007,0.1177411741229183,0.08134646362542573,0.1539129103465708,0.1853148299555716,0.12583564475703746,0.15629723708709609,0.08134646362542573,0.10072281768581516,0.1853148299555716,0.17664798044880195,0.0793013996133751,0.08445806554612148,0.13430405838488696,0.15004330647417494,0.14201604393616626,0.09773757360493614,0.13430405838488696,0.1539129103465708,0.15629723708709609,0.1421260528547936,0.09529643664464058,0.15013734575234983,0.0793013996133751,0.25282034374937057,0.09190521297316147,0.18539092295460027,0.3097206395678451,0.29580251946549296,0.12997493668930765,0.313411425828947,0.18539092295460027,0.20446877325205173,0.29580251946549296,0.21914384141283677,0.15164395606996958,0.10810695420784595,0.28415123229871575,0.22638730623451178,0.27580401136294974,0.11424651487761621,0.28415123229871575,0.3097206395678451,0.313411425828947,0.25904470856065487,0.15482974884586714,0.2509942827224876,0.15164395606996958
65,24,0.12959652276956599,0.07827079706821441,0.1853148299555716,0.22037710140973954,0.08424644522539801,0.313411425828947,0,False,4,0,0,0,0,0,0,509,81,1515,750,546,1258,1554,19,1006,1301,414,1509,0,1453,7,503,16,268,1396,190,636,17,1409,242,0.14513076182378007,0.11428269843104386,0.08134646362542573,0.1539129103465708,0.1853148299555716,0.12583564475703746,0.15629723708709609,0.08134646362542573,0.10072281768581516,0.1853148299555716,0.17664798044880195,0.0793013996133751,0.08445806554612148,0.13430405838488696,0.15004330647417494,0.14513076182378007,0.09546217669913135,0.13430405838488696,0.1539129103465708,0.1614165391345178,0.1421260528547936,0.09529643664464058,0.15013734575234983,0.07827079706821441,0.25282034374937057,0.08424644522539801,0.18539092295460027,0.3097206395678451,0.29580251946549296,0.12997493668930765,0.313411425828947,0.18539092295460027,0.20446877325205173,0.29580251946549296,0.21914384141283677,0.15164395606996958,0.10810695420784595,0.28415123229871575,0.22638730623451178,0.25282034374937057,0.10472597197114819,0.28415123229871575,0.3097206395678451,0.28729380700986806,0.25904470856065487,0.15482974884586714,0.2509942827224876,0.13900695973080546
66,24,0.13241720736801446,0.08028939414227185,0.1853148299555716,0.2324799008708879,0.0772259081232815,0.3150853151035897,0,False,6,0,0,0,0,0,0,509,1584,81,1515,1595,750,546,1258,1554,19,1006,1301,414,1509,0,1453,7,503,16,268,1396,190,636,1409,0.1511625359096082,0.1511625359096082,0.11068811140593825,0.08105179788150829,0.08028939414227185,0.1539129103465708,0.1853148299555716,0.12583564475703746,0.15629723708709609,0.08134646362542573,0.10072281768581516,0.1853148299555716,0.17664798044880195,0.08028939414227185,0.08445806554612148,0.13430405838488696,0.15122636409197196,0.14736208061966619,0.09546217669913135,0.1375709001492397,0.1539129103465708,0.1614165391345178,0.1421260528547936,0.15013734575234983,0.3150853151035897,0.3150853151035897,0.0772259081232815,0.16994167937505025,0.2223402930641388,0.3097206395678451,0.29580251946549296,0.12997493668930765,0.313411425828947,0.18539092295460027,0.20446877325205173,0.29580251946549296,0.21914384141283677,0.2223402930641388,0.10810695420784595,0.28415123229871575,0.20752169738163578,0.23175198177025635,0.10472597197114819,0.2604719629404894,0.3097206395678451,0.28729380700986806,0.25904470856065487,0.2509942827224876
67,24,0.13388353591602373,0.08028939414227185,0.1853148299555716,0.2356265445988636,0.0772259081232815,0.3721615388449573,0,False,6,0,0,0,0,0,0,509,1584,81,1515,1595,750,546,1258,1554,19,1006,1301,414,1509,1608,0,1453,7,503,16,268,1396,190,1409,0.16021491374996816,0.1511625359096082,0.11068811140593825,0.08040949613329448,0.08028939414227185,0.1539129103465708,0.1853148299555716,0.12583564475703746,0.1614165391345178,0.08134646362542573,0.10072281768581516,0.1853148299555716,0.17664798044880195,0.08028939414227185,0.16021491374996816,0.08235008979105692,0.1375709001492397,0.15122636409197196,0.14736208061966619,0.09546217669913135,0.13998568025743144,0.1539129103465708,0.1614165391345178,0.15013734575234983,0.3721615388449573,0.3150853151035897,0.0772259081232815,0.15577987276046273,0.2223402930641388,0.3097206395678451,0.29580251946549296,0.12997493668930765,0.28729380700986806,0.18539092295460027,0.20446877325205173,0.29580251946549296,0.21914384141283677,0.2223402930641388,0.3721615388449573,0.09909804135719212,0.2604719629404894,0.20752169738163578,0.23175198177025635,0.10472597197114819,0.23876596602878195,0.3097206395678451,0.28729380700986806,0.2509942827224876
68,24,0.1349446184498437,0.08028939414227185,0.1904429550651163,0.2275242353985211,0.0772259081232815,0.3721615388449573,0,False,6,0,0,0,0,0,0,509,1584,81,1515,1595,750,546,1258,1554,19,1006,1301,414,1509,1608,0,1453,7,503,16,268,1396,190,1409,0.16820782350946678,0.1511625359096082,0.11068811140593825,0.08040949613329448,0.08028939414227185,0.1539129103465708,0.1904429550651163,0.12344875247306779,0.1654884717388527,0.08134646362542573,0.10072281768581516,0.1853148299555716,0.17664798044880195,0.08028939414227185,0.16021491374996816,0.08235008979105692,0.13998568025743144,0.15161547546717813,0.14874733816278732,0.09546217669913135,0.14157946596814777,0.15878988123160645,0.1614165391345178,0.15013734575234983,0.34114807727454416,0.3150853151035897,0.0772259081232815,0.15577987276046273,0.2223402930641388,0.3097206395678451,0.2711523095100352,0.11914369196519868,0.2633526564257124,0.18539092295460027,0.20446877325205173,0.29580251946549296,0.21914384141283677,0.2223402930641388,0.3721615388449573,0.09909804135719212,0.23876596602878195,0.1902282225998328,0.212439316622735,0.10472597197114819,0.2188688021930501,0.2839105862705247,0.28729380700986806,0.2509942827224876
69,24,0.13532684619714608,0.0794564849909635,0.1904429550651163,0.22166213732460202,0.0772259081232815,0.34114807727454416,0,False,6,0,0,0,0,0,0,509,1584,81,1515,1595,750,546,1258,1554,19,1006,1301,414,1509,1608,0,1453,7,503,16,268,1396,190,1409,0.16820782350946678,0.15618686795922557,0.11068811140593825,0.0794564849909635,0.08028939414227185,0.1539129103465708,0.1904429550651163,0.12344875247306779,0.1654884717388527,0.08134646362542573,0.10072281768581516,0.1853148299555716,0.17664798044880195,0.08028939414227185,0.16820782350946678,0.08009237201383533,0.14157946596814777,0.1512710876108607,0.14933562251450436,0.09299144753870912,0.14157946596814777,0.15878988123160645,0.1614165391345178,0.15013734575234983,0.34114807727454416,0.2888282055116239,0.0772259081232815,0.14279821669709084,0.2223402930641388,0.3097206395678451,0.2711523095100352,0.11914369196519868,0.2633526564257124,0.18539092295460027,0.20446877325205173,0.29580251946549296,0.21914384141283677,0.2223402930641388,0.34114807727454416,0.09083987124409278,0.2188688021930501,0.1743758707165134,0.19473604023750707,0.09599880764021917,0.2188688021930501,0.2839105862705247,0.28729380700986806,0.2509942827224876
70,24,0.1374147357000244,0.0794564849909635,0.1904429550651163,0.2201526432861917,0.07079041577967471,0.34114807727454416,0,False,6,0,0,0,0,0,0,509,1584,81,1515,1595,750,546,1258,1554,1692,19,1006,1301,414,1509,1608,0,1453,7,503,16,268,1396,190,0.16820782350946678,0.1601957087181042,0.10699598265817951,0.0794564849909635,0.08028939414227185,0.1539129103465708,0.1904429550651163,0.12344875247306779,0.1654884717388527,0.18226231039176632,0.08105179788150829,0.10072281768581516,0.1853148299555716,0.18226231039176632,0.08028939414227185,0.17507207625751586,0.08009237201383533,0.1423956044796266,0.1512710876108607,0.14933562251450436,0.09299144753870912,0.1423956044796266,0.1626413586800962,0.1614165391345178,0.34114807727454416,0.26475918838565526,0.07079041577967471,0.14279821669709084,0.2223402930641388,0.3097206395678451,0.2711523095100352,0.11914369196519868,0.2633526564257124,0.28421518796176704,0.16994167937505025,0.20446877325205173,0.29580251946549296,0.28421518796176704,0.2223402930641388,0.3127190708349988,0.09083987124409278,0.20062973534362927,0.1743758707165134,0.19473604023750707,0.09599880764021917,0.20062973534362927,0.26025137074798094,0.28729380700986806
71,24,0.1374525672966573,0.0794564849909635,0.19436637307382396,0.21549824095583103,0.06489121446470181,0.34114807727454416,0,False,6,0,0,0,0,0,0,509,1584,81,1515,1595,750,546,1258,1554,1692,19,1006,1301,414,1509,1608,0,1453,7,503,16,268,1396,190,0.16820782350946678,0.16320348217834776,0.10324074634395068,0.0794564849909635,0.08083078115468426,0.1539129103465708,0.19436637307382396,0.12074028336092402,0.1654884717388527,0.18226231039176632,0.08040949613329448,0.10072281768581516,0.1853148299555716,0.18226231039176632,0.08083078115468426,0.17507207625751586,0.08009237201383533,0.1423956044796266,0.1512710876108607,0.14933562251450436,0.09299144753870912,0.1423956044796266,0.1626413586800962,0.1614165391345178,0.34114807727454416,0.24269592268685064,0.06489121446470181,0.14279821669709084,0.20381193530879388,0.3097206395678451,0.24855628371753227,0.10921505096809879,0.2633526564257124,0.28421518796176704,0.15577987276046273,0.20446877325205173,0.29580251946549296,0.28421518796176704,0.20381193530879388,0.3127190708349988,0.09083987124409278,0.20062973534362927,0.1743758707165134,0.19473604023750707,0.09599880764021917,0.20062973534362927,0.26025137074798094,0.28729380700986806
72,24,0.1343987288680475,0.07771658146257131,0.19436637307382396,0.21182011617481203,0.05948361325930999,0.34114807727454416,0,False,6,0,0,0,0,0,0,509,1584,81,1515,1595,750,546,1258,1554,1692,19,1006,1301,414,1509,1608,0,1453,7,503,16,268,1396,1748,0.16820782350946678,0.16320348217834776,0.09945284348299221,0.0794564849909635,0.08083078115468426,0.1539129103465708,0.19436637307382396,0.12074028336092402,0.1654884717388527,0.18226231039176632,0.0794564849909635,0.10072281768581516,0.1853148299555716,0.18226231039176632,0.08083078115468426,0.17507207625751586,0.07771658146257131,0.1423956044796266,0.1512710876108607,0.14933562251450436,0.09269397624645354,0.1423956044796266,0.16548597512833368,0.09269397624645354,0.34114807727454416,0.24269592268685064,0.05948361325930999,0.14279821669709084,0.20381193530879388,0.3097206395678451,0.24855628371753227,0.10921505096809879,0.2633526564257124,0.28421518796176704,0.14279821669709084,0.20446877325205173,0.29580251946549296,0.28421518796176704,0.20381193530879388,0.3127190708349988,0.08326988197375171,0.20062973534362927,0.1743758707165134,0.19473604023750707,0.1713322403368676,0.20062973534362927,0.2385637565189825,0.1713322403368676
73,24,0.13435657077611465,0.07771658146257131,0.19436637307382396,0.20991997767707068,0.05948361325930999,0.34114807727454416,0,False,6,0,0,0,0,0,0,509,1584,81,1515,1595,750,546,1258,1554,1692,19,1006,1301,414,1509,1608,0,1453,7,503,16,268,1396,1748,0.16820782350946678,0.16320348217834776,0.09945284348299221,0.0782298024444963,0.0809546001589439,0.1539129103465708,0.19436637307382396,0.12074028336092402,0.1654884717388527,0.18226231039176632,0.0794564849909635,0.10072281768581516,0.1853148299555716,0.18226231039176632,0.08083078115468426,0.17507207625751586,0.07771658146257131,0.14248667381544614,0.1512710876108607,0.14933562251450436,0.09269397624645354,0.1423956044796266,0.16548597512833368,0.09269397624645354,0.34114807727454416,0.24269592268685064,0.05948361325930999,0.1308983653056666,0.1868276073663944,0.3097206395678451,0.24855628371753227,0.10921505096809879,0.2633526564257124,0.28421518796176704,0.14279821669709084,0.20446877325205173,0.29580251946549296,0.28421518796176704,0.20381193530879388,0.3127190708349988,0.08326988197375171,0.18391059073166016,0.1743758707165134,0.19473604023750707,0.1713322403368676,0.20062973534362927,0.2385637565189825,0.1713322403368676
74,24,0.13447804578865272,0.07525153934369191,0.19711910055522477,0.2060114022155346,0.05948361325930999,0.34114807727454416,0,False,6,0,0,0,0,0,0,509,1584,81,1515,1595,750,546,1258,1554,1692,19,1006,1301,414,1509,1608,0,1453,7,503,16,268,1396,1748,0.16820782350946678,0.16320348217834776,0.09945284348299221,0.0782298024444963,0.0809546001589439,0.1539129103465708,0.19711910055522477,0.12074028336092402,0.1654884717388527,0.18226231039176632,0.0782298024444963,0.10072281768581516,0.1904429550651163,0.18226231039176632,0.08083078115468426,0.17507207625751586,0.07525153934369191,0.14191168349007327,0.1512710876108607,0.14933562251450436,0.09199523894714122,0.1423956044796266,0.16548597512833368,0.09269397624645354,0.34114807727454416,0.24269592268685064,0.05948361325930999,0.1308983653056666,0.1868276073663944,0.3097206395678451,0.22784326007440459,0.10921505096809879,0.2633526564257124,0.28421518796176704,0.1308983653056666,0.20446877325205173,0.2711523095100352,0.28421518796176704,0.20381193530879388,0.3127190708349988,0.07633072514260573,0.16858470817068846,0.1743758707165134,0.19473604023750707,0.1570545536421286,0.20062973534362927,0.2385637565189825,0.1713322403368676
75,24,0.13434649819522557,0.07525153934369191,0.19711910055522477,0.20357860753542012,0.05948361325930999,0.34114807727454416,0,False,6,0,0,0,0,0,0,509,1584,81,1515,1595,750,546,1258,1554,1692,19,1006,1301,414,1509,1608,0,1453,7,503,16,268,1396,1748,0.16820782350946678,0.16320348217834776,0.09945284348299221,0.0782298024444963,0.0809546001589439,0.1539129103465708,0.19711910055522477,0.12074028336092402,0.1654884717388527,0.18226231039176632,0.0782298024444963,0.10072281768581516,0.1904429550651163,0.18226231039176632,0.08083078115468426,0.17507207625751586,0.07525153934369191,0.14073359264039068,0.1502588304755483,0.14933562251450436,0.09093737535406482,0.14248667381544614,0.16548597512833368,0.09269397624645354,0.34114807727454416,0.24269592268685064,0.05948361325930999,0.1308983653056666,0.1868276073663944,0.3097206395678451,0.22784326007440459,0.10921505096809879,0.2633526564257124,0.28421518796176704,0.1308983653056666,0.20446877325205173,0.2711523095100352,0.28421518796176704,0.20381193530879388,0.3127190708349988,0.07633072514260573,0.15453598248979775,0.15984454815680393,0.19473604023750707,0.14396667417195122,0.18391059073166016,0.2385637565189825,0.1713322403368676
76,24,0.13347518227341415,0.0727232015749623,0.19711910055522477,0.20257517581870546,0.05948361325930999,0.34114807727454416,0,False,6,0,0,0,0,0,0,509,1584,81,1515,1595,750,546,1831,1258,1554,1692,19,1006,1301,414,1509,1608,0,1453,503,16,268,1396,1748,0.16820782350946678,0.16524340254018768,0.09945284348299221,0.0782298024444963,0.08069381891991113,0.15878988123160645,0.19711910055522477,0.12080039488578068,0.12080039488578068,0.1654884717388527,0.18226231039176632,0.07676576613507033,0.10072281768581516,0.1904429550651163,0.18226231039176632,0.0809546001589439,0.18077126326500623,0.0727232015749623,0.14073359264039068,0.14933562251450436,0.09093737535406482,0.14248667381544614,0.16548597512833368,0.09269397624645354,0.34114807727454416,0.2224712624629464,0.05948361325930999,0.1308983653056666,0.17125864008586153,0.2839105862705247,0.22784326007440459,0.18344713005409058,0.18344713005409058,0.2633526564257124,0.28421518796176704,0.11999016819686104,0.20446877325205173,0.2711523095100352,0.28421518796176704,0.1868276073663944,0.28665914826541555,0.06996983138072192,0.15453598248979775,0.19473604023750707,0.14396667417195122,0.18391059073166016,0.2385637565189825,0.1713322403368676
77,24,0.1333530466224204,0.0727232015749623,0.19711910055522477,0.19635111747948333,0.05452664548770082,0.34114807727454416,0,False,6,0,0,0,0,0,0,509,1584,81,1515,1595,750,546,1831,1258,1554,1692,19,1006,1301,414,1509,1608,0,1453,503,16,268,1396,1748,0.16820782350946678,0.16524340254018768,0.09565892121234278,0.07676576613507033,0.08069381891991113,0.15878988123160645,0.19711910055522477,0.12080039488578068,0.12029730027474354,0.1654884717388527,0.18226231039176632,0.07676576613507033,0.10089566852348467,0.19436637307382396,0.18226231039176632,0.0809546001589439,0.18077126326500623,0.0727232015749623,0.1390171793187639,0.14918465587100646,0.09093737535406482,0.14191168349007327,0.16736061143902864,0.09199523894714122,0.34114807727454416,0.2224712624629464,0.05452664548770082,0.11999016819686104,0.17125864008586153,0.2839105862705247,0.22784326007440459,0.18344713005409058,0.1681598692162497,0.2633526564257124,0.28421518796176704,0.11999016819686104,0.18742970881438076,0.24855628371753227,0.28421518796176704,0.1868276073663944,0.28665914826541555,0.06996983138072192,0.14165798394898127,0.17850803688438147,0.14396667417195122,0.16858470817068846,0.21868344347573396,0.1570545536421286
78,24,0.13735897523186755,0.07509932637829987,0.20220278507775274,0.20837806559186056,0.10999098751378927,0.34114807727454416,0,False,6,0,0,0,0,0,0,509,1584,81,1515,1595,750,546,1831,1874,1885,1554,1692,19,1258,1301,414,1509,1608,1006,503,16,268,1396,1748,0.16820782350946678,0.16524340254018768,0.0942517013650809,0.07509932637829987,0.08008388917770376,0.1626413586800962,0.19711910055522477,0.12080039488578068,0.0942517013650809,0.20220278507775274,0.1654884717388527,0.18669904374110288,0.07676576613507033,0.1192844478968527,0.20220278507775274,0.18226231039176632,0.0809546001589439,0.18077126326500623,0.10089566852348467,0.14918465587100646,0.09093737535406482,0.14191168349007327,0.16736061143902864,0.09199523894714122,0.34114807727454416,0.2224712624629464,0.1333160916970591,0.10999098751378927,0.15698708674537307,0.26025137074798094,0.22784326007440459,0.18344713005409058,0.1333160916970591,0.31117659340773796,0.2633526564257124,0.2605305889649531,0.11999016819686104,0.15414654678156223,0.31117659340773796,0.28421518796176704,0.1868276073663944,0.28665914826541555,0.18742970881438076,0.17850803688438147,0.14396667417195122,0.16858470817068846,0.21868344347573396,0.1570545536421286
79,24,0.13746585980764212,0.07509932637829987,0.20220278507775274,0.20627111126085754,0.10999098751378927,0.34114807727454416,0,False,6,0,0,0,0,0,0,509,1584,81,1515,1595,750,546,1831,1874,1885,1554,1692,19,1258,1301,414,1509,1608,1006,503,16,268,1396,1748,0.16820782350946678,0.16524340254018768,0.09255047505729343,0.07509932637829987,0.08008388917770376,0.1626413586800962,0.19711910055522477,0.12080039488578068,0.0942517013650809,0.20220278507775274,0.1654884717388527,0.18669904374110288,0.07676576613507033,0.1192844478968527,0.20220278507775274,0.18226231039176632,0.08069381891991113,0.1852985006304155,0.10089566852348467,0.14918465587100646,0.09093737535406482,0.14191168349007327,0.16736061143902864,0.09199523894714122,0.34114807727454416,0.2224712624629464,0.12220641738897084,0.10999098751378927,0.15698708674537307,0.26025137074798094,0.22784326007440459,0.18344713005409058,0.1333160916970591,0.31117659340773796,0.2633526564257124,0.2605305889649531,0.11999016819686104,0.15414654678156223,0.31117659340773796,0.28421518796176704,0.17125864008586153,0.2627708859099642,0.18742970881438076,0.17850803688438147,0.14396667417195122,0.16858470817068846,0.21868344347573396,0.1570545536421286
80,24,0.13755023758575666,0.07326358521344863,0.20220278507775274,0.20303913032198925,0.10082507188764016,0.34114807727454416,0,False,6,0,0,0,0,0,0,509,1584,81,1515,1595,750,546,1831,1874,1885,1554,1692,19,1258,1301,414,1509,1608,1006,503,16,268,1396,1748,0.16820782350946678,0.16524340254018768,0.09059760055054403,0.07326358521344863,0.08008388917770376,0.16548597512833368,0.19711910055522477,0.12080039488578068,0.0942517013650809,0.20220278507775274,0.1654884717388527,0.18669904374110288,0.07676576613507033,0.11781678044562867,0.20220278507775274,0.18669904374110288,0.08069381891991113,0.1852985006304155,0.10089566852348467,0.14918465587100646,0.09093737535406482,0.14191168349007327,0.16736061143902864,0.09199523894714122,0.34114807727454416,0.2224712624629464,0.11202254927322326,0.10082507188764016,0.15698708674537307,0.2385637565189825,0.22784326007440459,0.18344713005409058,0.1333160916970591,0.31117659340773796,0.2633526564257124,0.2605305889649531,0.11999016819686104,0.14130100121643205,0.31117659340773796,0.2605305889649531,0.17125864008586153,0.2627708859099642,0.18742970881438076,0.17850803688438147,0.14396667417195122,0.16858470817068846,0.21868344347573396,0.1570545536421286
81,24,0.1393124453139927,0.07326358521344863,0.20220278507775274,0.20604018261366755,0.10082507188764016,0.3127190708349988,0,False,6,0,0,0,0,0,0,509,1584,81,1515,1595,1951,546,1831,1874,1885,1554,1692,19,750,1258,1301,414,1509,1608,1006,503,268,1396,1748,0.17507207625751586,0.16524340254018768,0.08843332333437809,0.07326358521344863,0.07916149960722951,0.1233997572248111,0.19711910055522477,0.1233997572248111,0.09255047505729343,0.20220278507775274,0.1654884717388527,0.18669904374110288,0.07676576613507033,0.16736061143902864,0.11781678044562867,0.20220278507775274,0.18997928904467462,0.08069381891991113,0.1852985006304155,0.10089566852348467,0.14918465587100646,0.14191168349007327,0.16736061143902864,0.09199523894714122,0.3127190708349988,0.2224712624629464,0.10268733683378799,0.10082507188764016,0.14390482951659198,0.2514932025495831,0.22784326007440459,0.2514932025495831,0.12220641738897084,0.31117659340773796,0.2633526564257124,0.2605305889649531,0.11999016819686104,0.21868344347573396,0.14130100121643205,0.31117659340773796,0.23881970655120702,0.17125864008586153,0.2627708859099642,0.18742970881438076,0.17850803688438147,0.16858470817068846,0.21868344347573396,0.1570545536421286
82,24,0.13916462290251297,0.07128946029853118,0.20220278507775274,0.2034078427753694,0.09242298256367014,0.3127190708349988,0,False,6,0,0,0,0,0,0,509,1584,81,1515,1595,1951,546,1831,1874,1885,1554,1692,19,750,1258,1301,414,1509,1608,1006,503,268,1396,1748,0.17507207625751586,0.16524340254018768,0.08609533822610811,0.07128946029853118,0.07916149960722951,0.1233997572248111,0.19711910055522477,0.1233997572248111,0.09255047505729343,0.20220278507775274,0.1685292133855044,0.18669904374110288,0.07509932637829987,0.16736061143902864,0.11781678044562867,0.20220278507775274,0.18997928904467462,0.08008388917770376,0.1852985006304155,0.10089566852348467,0.14918465587100646,0.14191168349007327,0.16736061143902864,0.09199523894714122,0.3127190708349988,0.2224712624629464,0.09413005876430565,0.09242298256367014,0.14390482951659198,0.2514932025495831,0.22784326007440459,0.2514932025495831,0.12220641738897084,0.31117659340773796,0.24140660172356967,0.2605305889649531,0.10999098751378927,0.21868344347573396,0.14130100121643205,0.31117659340773796,0.23881970655120702,0.15698708674537307,0.2627708859099642,0.18742970881438076,0.17850803688438147,0.16858470817068846,0.21868344347573396,0.1570545536421286
83,24,0.1390646926445661,0.07128946029853118,0.20220278507775274,0.19758601358163638,0.09242298256367014,0.3127190708349988,0,False,6,0,0,0,0,0,0,509,1584,81,1515,1595,1951,546,1831,1874,1885,1554,1692,19,750,1258,1301,414,1509,1608,1006,503,268,1396,1748,0.17507207625751586,0.16524340254018768,0.08609533822610811,0.07128946029853118,0.07916149960722951,0.12525040476936591,0.19711910055522477,0.12525040476936591,0.09059760055054403,0.20220278507775274,0.1685292133855044,0.18669904374110288,0.07509932637829987,0.16831662721087895,0.11594924101544914,0.20220278507775274,0.18997928904467462,0.07916149960722951,0.1852985006304155,0.10058761266525836,0.14835796903463422,0.14073359264039068,0.16736061143902864,0.09199523894714122,0.3127190708349988,0.2224712624629464,0.09413005876430565,0.09242298256367014,0.14390482951659198,0.23053543567045115,0.22784326007440459,0.23053543567045115,0.11202254927322326,0.31117659340773796,0.24140660172356967,0.2605305889649531,0.10999098751378927,0.20045982318608946,0.12952591778172937,0.31117659340773796,0.23881970655120702,0.14390482951659198,0.2627708859099642,0.17181056641318235,0.16363236714401633,0.15453598248979775,0.21868344347573396,0.1570545536421286
84,24,0.14114432777880806,0.06920547180605288,0.20220278507775274,0.20997180624302048,0.08472106735003096,0.3127190708349988,0,False,6,0,0,0,0,0,0,509,1584,81,1515,1595,1951,546,1831,1874,1885,1554,2024,750,1258,2021,1301,414,1692,19,1006,503,268,1396,1608,0.17507207625751586,0.16524340254018768,0.08609533822610811,0.06920547180605288,0.07916149960722951,0.1296441833748611,0.19711910055522477,0.12525040476936591,0.09071401108023529,0.20220278507775274,0.1685292133855044,0.09071401108023529,0.16831662721087895,0.11594924101544914,0.1296441833748611,0.20220278507775274,0.18997928904467462,0.18669904374110288,0.07509932637829987,0.10058761266525836,0.14835796903463422,0.1390171793187639,0.16736061143902864,0.1852985006304155,0.3127190708349988,0.2224712624629464,0.09413005876430565,0.08472106735003096,0.14390482951659198,0.2946574826979136,0.22784326007440459,0.23053543567045115,0.18602067016712132,0.31117659340773796,0.24140660172356967,0.18602067016712132,0.20045982318608946,0.12952591778172937,0.2946574826979136,0.31117659340773796,0.23881970655120702,0.2605305889649531,0.10999098751378927,0.17181056641318235,0.16363236714401633,0.14165798394898127,0.21868344347573396,0.2627708859099642
85,24,0.14132193929181794,0.06703763108365067,0.20220278507775274,0.2052748408252616,0.07766097840419504,0.31117659340773796,0,False,6,0,0,0,0,0,0,509,1584,81,1515,1595,1951,546,1831,1874,1885,1554,2024,750,1258,2021,1301,414,1692,19,1006,503,268,1396,1608,0.18077126326500623,0.16524340254018768,0.08361850463429535,0.06703763108365067,0.07916149960722951,0.1296441833748611,0.19711910055522477,0.12525040476936591,0.09071401108023529,0.20220278507775274,0.1685292133855044,0.09040135702267035,0.16831662721087895,0.11594924101544914,0.13318903962461728,0.20220278507775274,0.19214516160760853,0.18669904374110288,0.07509932637829987,0.10058761266525836,0.14835796903463422,0.13682726818260058,0.16736061143902864,0.1852985006304155,0.28665914826541555,0.2224712624629464,0.0862858872006135,0.07766097840419504,0.14390482951659198,0.2946574826979136,0.22784326007440459,0.23053543567045115,0.18602067016712132,0.31117659340773796,0.24140660172356967,0.17051894765319453,0.20045982318608946,0.12952591778172937,0.27010269247308744,0.31117659340773796,0.21891806433860642,0.2605305889649531,0.10999098751378927,0.17181056641318235,0.16363236714401633,0.12985315195323283,0.21868344347573396,0.2627708859099642
86,24,0.14146062145735758,0.06703763108365067,0.20869498490130076,0.20853643398642116,0.07766097840419504,0.31117659340773796,0,False,6,0,0,0,0,0,0,509,1584,81,1515,1595,1951,546,1831,1874,1885,1554,2024,750,2071,1258,2021,1301,414,1692,19,1006,503,1396,1608,0.18077126326500623,0.16636373250669148,0.08103468923798929,0.06703763108365067,0.07796353253715294,0.13318903962461728,0.19711910055522477,0.1296441833748611,0.09040135702267035,0.20869498490130076,0.1685292133855044,0.09040135702267035,0.16831662721087895,0.1296441833748611,0.11373557225322656,0.13589298180356124,0.20220278507775274,0.19214516160760853,0.18669904374110288,0.07509932637829987,0.10058761266525836,0.14692242427724814,0.16736061143902864,0.1852985006304155,0.28665914826541555,0.2039319905910342,0.07909539660056238,0.07766097840419504,0.1319127603902093,0.27010269247308744,0.22784326007440459,0.2946574826979136,0.17051894765319453,0.2852452106237598,0.24140660172356967,0.17051894765319453,0.20045982318608946,0.2946574826979136,0.11873209129991857,0.2475941347669968,0.31117659340773796,0.21891806433860642,0.2605305889649531,0.10999098751378927,0.17181056641318235,0.14999633654868164,0.21868344347573396,0.2627708859099642
87,24,0.1420504939460147,0.06703763108365067,0.20869498490130076,0.20145726725362603,0.07766097840419504,0.2946574826979136,0,False,6,0,0,0,0,0,0,509,1584,81,1515,1595,1951,546,1831,1874,1885,1554,2024,750,2071,1258,2021,1301,414,1692,19,1006,503,1396,1608,0.18077126326500623,0.1666241763494647,0.08103468923798929,0.06703763108365067,0.0765262192407836,0.13318903962461728,0.19711910055522477,0.1296441833748611,0.0896994661172554,0.20869498490130076,0.1705740909504973,0.09040135702267035,0.16831662721087895,0.13318903962461728,0.11373557225322656,0.13778044018888416,0.20869498490130076,0.19325545389892015,0.18669904374110288,0.07509932637829987,0.10058761266525836,0.14692242427724814,0.16831662721087895,0.1852985006304155,0.28665914826541555,0.18693765804178133,0.07909539660056238,0.07766097840419504,0.12092003035769185,0.27010269247308744,0.22784326007440459,0.2946574826979136,0.15630903534876164,0.2852452106237598,0.22128938491327219,0.17051894765319453,0.20045982318608946,0.27010269247308744,0.11873209129991857,0.2269612902030804,0.2852452106237598,0.2006748923103892,0.2605305889649531,0.10999098751378927,0.17181056641318235,0.14999633654868164,0.20045982318608946,0.2627708859099642
88,24,0.14265601348050097,0.06703763108365067,0.20869498490130076,0.2022486166662798,0.0725041135505155,0.3461042192432976,0,False,6,0,0,0,0,0,0,509,1584,81,1515,1595,1951,546,1831,1874,1885,1554,2024,750,2071,1258,2021,1301,414,1692,19,1006,503,1396,2112,0.1900773329051629,0.1666241763494647,0.07837271190498771,0.06703763108365067,0.0765262192407836,0.13318903962461728,0.19875437607274177,0.1296441833748611,0.0896994661172554,0.20869498490130076,0.1705740909504973,0.0896994661172554,0.16841625906616547,0.13589298180356124,0.11373557225322656,0.1388891350978841,0.20869498490130076,0.19325545389892015,0.18669904374110288,0.07326358521344863,0.10058761266525836,0.14692242427724814,0.16841625906616547,0.1900773329051629,0.3461042192432976,0.18693765804178133,0.0725041135505155,0.07766097840419504,0.12092003035769185,0.27010269247308744,0.20885632173487087,0.2946574826979136,0.15630903534876164,0.2852452106237598,0.22128938491327219,0.15630903534876164,0.183754837920582,0.2475941347669968,0.11873209129991857,0.2080478493528237,0.2852452106237598,0.2006748923103892,0.2605305889649531,0.10082507188764016,0.17181056641318235,0.14999633654868164,0.183754837920582,0.3461042192432976
89,24,0.13954961518427952,0.06480941129938156,0.20869498490130076,0.20645990553880975,0.07118923020384546,0.3461042192432976,0,False,6,0,0,0,0,0,0,509,1584,81,1515,1595,1951,546,1831,1874,1885,1554,2024,750,2071,1258,2021,1301,414,1692,19,1006,2140,1396,2112,0.1900773329051629,0.1666241763494647,0.07837271190498771,0.06480941129938156,0.07681574479492922,0.13318903962461728,0.19875437607274177,0.1296441833748611,0.0896994661172554,0.20869498490130076,0.1705740909504973,0.0896994661172554,0.16841625906616547,0.13589298180356124,0.11122738685635405,0.1388891350978841,0.20869498490130076,0.19325545389892015,0.18669904374110288,0.07326358521344863,0.10058761266525836,0.07681574479492922,0.16841625906616547,0.1900773329051629,0.3461042192432976,0.18693765804178133,0.0725041135505155,0.07118923020384546,0.19417669449455088,0.27010269247308744,0.20885632173487087,0.2946574826979136,0.15630903534876164,0.2852452106237598,0.22128938491327219,0.15630903534876164,0.183754837920582,0.2475941347669968,0.10883775035825868,0.2080478493528237,0.2852452106237598,0.2006748923103892,0.2605305889649531,0.10082507188764016,0.17181056641318235,0.19417669449455088,0.183754837920582,0.3461042192432976
90,24,0.13959110874480143,0.06254178225161924,0.20869498490130076,0.20229764378030413,0.06525679435352501,0.3461042192432976,0,False,6,0,0,0,0,0,0,509,1584,81,1515,1595,1951,546,1831,1874,1885,1554,2024,750,2071,1258,2021,1301,414,1692,19,1006,2140,1396,2112,0.1900773329051629,0.1666241763494647,0.07837271190498771,0.06254178225161924,0.0767260685728739,0.13318903962461728,0.19875437607274177,0.1296441833748611,0.0896994661172554,0.20869498490130076,0.17167372288596322,0.08864948867338843,0.16841625906616547,0.13589298180356124,0.10847348099210834,0.1388891350978841,0.20869498490130076,0.19325545389892015,0.18669904374110288,0.07128946029853118,0.10058761266525836,0.07681574479492922,0.16841625906616547,0.19810885991507055,0.3461042192432976,0.18693765804178133,0.0725041135505155,0.06525679435352501,0.17799530328667162,0.27010269247308744,0.20885632173487087,0.2946574826979136,0.15630903534876164,0.2852452106237598,0.20284860283716616,0.1432832824030315,0.183754837920582,0.2475941347669968,0.09976793782840379,0.2080478493528237,0.2852452106237598,0.2006748923103892,0.2605305889649531,0.09242298256367014,0.17181056641318235,0.19417669449455088,0.183754837920582,0.31726220097302277
91,24,0.1395572814532631,0.06254178225161924,0.20869498490130076,0.19980427197693426,0.06525679435352501,0.3461042192432976,0,False,6,0,0,0,0,0,0,509,1584,81,1515,1595,1951,546,1831,1874,1885,1554,2024,750,2071,1258,2021,1301,414,1692,19,1006,2140,1396,2112,0.1900773329051629,0.1666241763494647,0.07837271190498771,0.06254178225161924,0.0767260685728739,0.13589298180356124,0.19875437607274177,0.1296441833748611,0.0896994661172554,0.20869498490130076,0.17167372288596322,0.08864948867338843,0.16841625906616547,0.13589298180356124,0.10847348099210834,0.1388891350978841,0.20869498490130076,0.19325545389892015,0.18669904374110288,0.06920547180605288,0.09984274786909601,0.07681574479492922,0.16772931517894243,0.19810885991507055,0.3461042192432976,0.18693765804178133,0.0725041135505155,0.06525679435352501,0.17799530328667162,0.2475941347669968,0.20885632173487087,0.2946574826979136,0.15630903534876164,0.2852452106237598,0.20284860283716616,0.1432832824030315,0.183754837920582,0.2475941347669968,0.09976793782840379,0.2080478493528237,0.2852452106237598,0.2006748923103892,0.2605305889649531,0.08472106735003096,0.1574930192120838,0.19417669449455088,0.16844193476053348,0.31726220097302277
92,24,0.13930288532127436,0.06254178225161924,0.20869498490130076,0.1965817635398599,0.06525679435352501,0.3461042192432976,0,False,6,0,0,0,0,0,0,509,1584,81,1515,1595,1951,546,1831,1874,1885,1554,2024,750,2071,1258,2021,1301,414,1692,19,1006,2140,1396,2112,0.1900773329051629,0.1660925450124671,0.07565837292723468,0.06254178225161924,0.07628994431046981,0.13778044018888416,0.19875437607274177,0.1296441833748611,0.0896994661172554,0.20869498490130076,0.17167372288596322,0.08729273975473964,0.16841625906616547,0.13589298180356124,0.10551935893485899,0.1388891350978841,0.20869498490130076,0.19325545389892015,0.18669904374110288,0.06920547180605288,0.09984274786909601,0.07681574479492922,0.16772931517894243,0.19810885991507055,0.3461042192432976,0.1713595198716329,0.06646210408797254,0.06525679435352501,0.16316236134611564,0.2269612902030804,0.20885632173487087,0.2946574826979136,0.15630903534876164,0.2852452106237598,0.20284860283716616,0.13134300886944555,0.183754837920582,0.2475941347669968,0.09145394300937014,0.2080478493528237,0.2852452106237598,0.2006748923103892,0.2605305889649531,0.08472106735003096,0.1574930192120838,0.19417669449455088,0.16844193476053348,0.31726220097302277
93,24,0.13832404508111482,0.06025329372854117,0.20869498490130076,0.20308159935255224,0.05981872815739792,0.3461042192432976,0,False,6,0,0,0,0,0,0,509,1584,81,1515,1595,1951,546,1831,1874,1885,1554,2024,750,2071,1258,2021,1301,414,1692,19,2245,1006,2140,2112,0.1900773329051629,0.1660925450124671,0.07291454225832597,0.06025329372854117,0.07628994431046981,0.13778044018888416,0.19875437607274177,0.13318903962461728,0.08864948867338843,0.20869498490130076,0.17167372288596322,0.08729273975473964,0.16841625906616547,0.14133378580238598,0.10551935893485899,0.1388891350978841,0.20869498490130076,0.19325545389892015,0.18669904374110288,0.06920547180605288,0.14133378580238598,0.09984274786909601,0.07681574479492922,0.19810885991507055,0.3461042192432976,0.1713595198716329,0.060923595413974824,0.05981872815739792,0.16316236134611564,0.2269612902030804,0.20885632173487087,0.27010269247308744,0.1432832824030315,0.2852452106237598,0.20284860283716616,0.13134300886944555,0.183754837920582,0.31029462353641374,0.09145394300937014,0.2080478493528237,0.2852452106237598,0.2006748923103892,0.2605305889649531,0.08472106735003096,0.31029462353641374,0.1574930192120838,0.19417669449455088,0.31726220097302277
94,24,0.1389303543734968,0.05796019406300132,0.2138368409213482,0.19568882300491486,0.054833834144281425,0.31726220097302277,0,False,6,0,0,0,0,0,0,509,1584,81,1515,1595,1951,546,1831,1874,1885,1554,2024,750,2071,1258,2021,1301,414,1692,19,2245,1006,2140,2112,0.19810885991507055,0.1660925450124671,0.07016129415328895,0.05796019406300132,0.07554180044887213,0.1388891350978841,0.19875437607274177,0.13318903962461728,0.08729273975473964,0.2138368409213482,0.17167372288596322,0.08566976332902186,0.16841625906616547,0.14133378580238598,0.10551935893485899,0.1388891350978841,0.20869498490130076,0.19325545389892015,0.18669904374110288,0.06703763108365067,0.1458356113960445,0.09984274786909601,0.07681574479492922,0.20481843709856826,0.31726220097302277,0.1713595198716329,0.05584662912947692,0.054833834144281425,0.149565497900606,0.2080478493528237,0.20885632173487087,0.27010269247308744,0.13134300886944555,0.26147477640511313,0.20284860283716616,0.12039775813032509,0.183754837920582,0.31029462353641374,0.09145394300937014,0.2080478493528237,0.2852452106237598,0.2006748923103892,0.2605305889649531,0.07766097840419504,0.28443673824171256,0.1574930192120838,0.19417669449455088,0.2908236842252709
95,24,0.13857293204344232,0.05796019406300132,0.21765144152106855,0.19415129627356423,0.054833834144281425,0.31726220097302277,0,False,6,0,0,0,0,0,0,509,1584,81,1515,1595,1951,546,1831,2282,1874,1885,1554,2024,750,2071,1258,2021,1301,414,1692,19,2245,1006,2112,0.19810885991507055,0.1660925450124671,0.06915472795219278,0.05796019406300132,0.07554180044887213,0.1388891350978841,0.19875437607274177,0.13318903962461728,0.06915472795219278,0.08566976332902186,0.21765144152106855,0.17167372288596322,0.08566976332902186,0.16841625906616547,0.14133378580238598,0.10551935893485899,0.1388891350978841,0.20869498490130076,0.19338149663171203,0.18669904374110288,0.06480941129938156,0.1458356113960445,0.09984274786909601,0.20481843709856826,0.31726220097302277,0.1713595198716329,0.13452607670202052,0.054833834144281425,0.149565497900606,0.2080478493528237,0.20885632173487087,0.27010269247308744,0.13452607670202052,0.12039775813032509,0.239685211704687,0.20284860283716616,0.12039775813032509,0.183754837920582,0.31029462353641374,0.09145394300937014,0.2080478493528237,0.2852452106237598,0.18395198461785678,0.2605305889649531,0.07118923020384546,0.28443673824171256,0.1574930192120838,0.2908236842252709
96,24,0.13863454578032375,0.05796019406300132,0.21765144152106855,0.192746335269484,0.054833834144281425,0.31726220097302277,0,False,6,0,0,0,0,0,0,509,1584,81,1515,1595,1951,546,1831,2282,1874,1885,1554,2024,750,2071,1258,2021,1301,414,1692,19,2245,1006,2112,0.19810885991507055,0.1660925450124671,0.06915472795219278,0.05796019406300132,0.07554180044887213,0.1388891350978841,0.19875437607274177,0.13589298180356124,0.06792951545840284,0.08566976332902186,0.21765144152106855,0.17167372288596322,0.08566976332902186,0.16841625906616547,0.14133378580238598,0.10551935893485899,0.1388891350978841,0.20869498490130076,0.19338149663171203,0.18669904374110288,0.06480941129938156,0.1458356113960445,0.09984274786909601,0.20481843709856826,0.31726220097302277,0.1713595198716329,0.13452607670202052,0.054833834144281425,0.149565497900606,0.2080478493528237,0.20885632173487087,0.2475941347669968,0.12331557031018547,0.12039775813032509,0.239685211704687,0.20284860283716616,0.12039775813032509,0.183754837920582,0.31029462353641374,0.09145394300937014,0.2080478493528237,0.2852452106237598,0.18395198461785678,0.2605305889649531,0.07118923020384546,0.28443673824171256,0.1574930192120838,0.2908236842252709
97,24,0.13839388403883282,0.05796019406300132,0.21765144152106855,0.19140560945979238,0.054833834144281425,0.31726220097302277,0,False,6,0,0,0,0,0,0,509,1584,81,1515,1595,1951,546,1831,2282,1874,1885,1554,2024,750,2071,1258,2021,1301,414,1692,19,2245,1006,2112,0.19810885991507055,0.16484178081674083,0.06915472795219278,0.05796019406300132,0.07554180044887213,0.1388891350978841,0.19875437607274177,0.13589298180356124,0.06651682029615369,0.08566976332902186,0.21765144152106855,0.17167372288596322,0.08566976332902186,0.16841625906616547,0.14133378580238598,0.10240693649705264,0.1388891350978841,0.20869498490130076,0.19338149663171203,0.18669904374110288,0.06480941129938156,0.1458356113960445,0.09984274786909601,0.20481843709856826,0.31726220097302277,0.15707955988233013,0.13452607670202052,0.054833834144281425,0.149565497900606,0.2080478493528237,0.20885632173487087,0.2475941347669968,0.11303927278433668,0.12039775813032509,0.239685211704687,0.20284860283716616,0.12039775813032509,0.183754837920582,0.31029462353641374,0.08383278109192263,0.2080478493528237,0.2852452106237598,0.18395198461785678,0.2605305889649531,0.07118923020384546,0.28443673824171256,0.1574930192120838,0.2908236842252709
98,24,0.13262251610072065,0.05796019406300132,0.21765144152106855,0.18759052579774682,0.054833834144281425,0.31726220097302277,0,False,6,0,0,0,0,0,0,509,1584,81,1515,1595,1951,546,1831,2282,1874,1885,1554,2354,2024,750,2071,1258,2021,1301,414,1692,19,2245,1006,0.19810885991507055,0.16484178081674083,0.0696814117758374,0.05796019406300132,0.07451666442219995,0.1388891350978841,0.19875437607274177,0.13589298180356124,0.06494629904464189,0.08566976332902186,0.21765144152106855,0.17189031172585306,0.0696814117758374,0.08381960315916985,0.16841625906616547,0.14133378580238598,0.09917439191873928,0.1388891350978841,0.20869498490130076,0.19338149663171203,0.18669904374110288,0.06480941129938156,0.14939489556689767,0.09984274786909601,0.31726220097302277,0.15707955988233013,0.20664890364351882,0.054833834144281425,0.13710170640888883,0.2080478493528237,0.20885632173487087,0.2475941347669968,0.10361933338564194,0.12039775813032509,0.239685211704687,0.18594455260073564,0.20664890364351882,0.11036461161946466,0.183754837920582,0.31029462353641374,0.07684671600092907,0.2080478493528237,0.2852452106237598,0.18395198461785678,0.2605305889649531,0.07118923020384546,0.26073367672156983,0.1574930192120838
99,24,0.1330685497539569,0.05796019406300132,0.21765144152106855,0.18249476861490113,0.054833834144281425,0.31029462353641374,0,False,6,0,0,0,0,0,0,509,1584,81,1515,1595,1951,546,1831,2282,1874,1885,1554,2354,2024,750,2071,1258,2021,1301,414,1692,19,2245,1006,0.20481843709856826,0.16484178081674083,0.0696814117758374,0.05796019406300132,0.07451666442219995,0.1388891350978841,0.19875437607274177,0.13778044018888416,0.06324576773331077,0.08566976332902186,0.21765144152106855,0.17189031172585306,0.06984362851114176,0.08381960315916985,0.16841625906616547,0.14133378580238598,0.09917439191873928,0.1388891350978841,0.20869498490130076,0.19338149663171203,0.18997928904467462,0.06254178225161924,0.1520283659959648,0.09984274786909601,0.2908236842252709,0.15707955988233013,0.20664890364351882,0.054833834144281425,0.13710170640888883,0.2080478493528237,0.20885632173487087,0.2269612902030804,0.09498438893683844,0.12039775813032509,0.239685211704687,0.18594455260073564,0.18942816167322557,0.11036461161946466,0.183754837920582,0.31029462353641374,0.07684671600092907,0.2080478493528237,0.2852452106237598,0.18395198461785678,0.23881970655120702,0.06525679435352501,0.23900587032810566,0.1574930192120838
100,24,0.13286197431096214,0.05796019406300132,0.21765144152106855,0.17975262322167507,0.054833834144281425,0.31029462353641374,0,False,6,0,0,0,0,0,0,509,1584,81,1515,1595,1951,546,1831,2282,1874,1885,1554,2354,2024,750,2071,1258,2021,1301,414,1692,19,2245,1006,0.20481843709856826,0.16484178081674083,0.06984362851114176,0.05796019406300132,0.07451666442219995,0.1388891350978841,0.19875437607274177,0.13778044018888416,0.06144098252068013,0.08381960315916985,0.21765144152106855,0.17189031172585306,0.06984362851114176,0.08381960315916985,0.16772931517894243,0.14133378580238598,0.09917439191873928,0.1388891350978841,0.20869498490130076,0.19260335853423863,0.18997928904467462,0.06254178225161924,0.1520283659959648,0.09984274786909601,0.2908236842252709,0.15707955988233013,0.18942816167322557,0.054833834144281425,0.13710170640888883,0.2080478493528237,0.20885632173487087,0.2269612902030804,0.0870690231921019,0.11036461161946466,0.239685211704687,0.18594455260073564,0.18942816167322557,0.11036461161946466,0.16844193476053348,0.31029462353641374,0.07684671600092907,0.2080478493528237,0.2852452106237598,0.1686226525663687,0.23881970655120702,0.06525679435352501,0.23900587032810566,0.1574930192120838
101,24,0.13018942820313603,0.05796019406300132,0.21765144152106855,0.1725765079966971,0.054833834144281425,0.2908236842252709,0,False,6,0,0,0,0,0,0,509,1584,81,1515,1595,1951,546,2437,2282,1874,1885,1554,2354,2024,750,1831,1258,2021,1301,414,1692,19,2245,1006,0.20481843709856826,0.162947387940346,0.06984362851114176,0.05796019406300132,0.07324927869877006,0.13926702474428207,0.19934028202788975,0.08388833973207965,0.059555515618168665,0.08381960315916985,0.21765144152106855,0.17129422416776666,0.06966936775626885,0.08388833973207965,0.16772931517894243,0.13778044018888416,0.09917439191873928,0.13926702474428207,0.20869498490130076,0.19260335853423863,0.18997928904467462,0.06025329372854117,0.1520283659959648,0.09984274786909601,0.2908236842252709,0.1439895965588026,0.18942816167322557,0.054833834144281425,0.1256765642081481,0.19071052857342172,0.19145162825696496,0.18450089398450928,0.07981327125942674,0.11036461161946466,0.239685211704687,0.170449173217341,0.1736424815337901,0.18450089398450928,0.16844193476053348,0.2269612902030804,0.07684671600092907,0.19071052857342172,0.2852452106237598,0.1686226525663687,0.23881970655120702,0.05981872815739792,0.23900587032810566,0.1574930192120838
102,24,0.12658970978529419,0.0556765727150308,0.21765144152106855,0.17561575756179057,0.0502643479655913,0.3499217105398317,0,False,7,0,0,0,0,0,0,509,1584,2464,81,1515,1595,1951,546,2437,2282,1874,1885,2448,2024,750,1831,1258,2021,1554,2354,19,2245,1006,1692,0.2156138079152897,0.16048528228123002,0.0983282565770858,0.06966936775626885,0.0556765727150308,0.07324927869877006,0.13926702474428207,0.19895565321128258,0.08388833973207965,0.05761070860242689,0.0817792597104936,0.21765144152106855,0.2156138079152897,0.08356363219308482,0.16772931517894243,0.1388891350978841,0.0983282565770858,0.13926702474428207,0.17129422416776666,0.06918894886914,0.06025329372854117,0.1520283659959648,0.09984274786909601,0.18997928904467462,0.3499217105398317,0.13199046351223573,0.15377615633418498,0.1736424815337901,0.0502643479655913,0.1256765642081481,0.19071052857342172,0.17549732590221787,0.18450089398450928,0.07316216532114117,0.10116756065117594,0.239685211704687,0.3499217105398317,0.16912581948580016,0.16844193476053348,0.2080478493528237,0.15377615633418498,0.19071052857342172,0.170449173217341,0.1591722747393076,0.05981872815739792,0.23900587032810566,0.1574930192120838,0.23881970655120702
103,24,0.12605157425185812,0.05341451774296785,0.21765144152106855,0.17171316539704184,0.046075652301792024,0.3499217105398317,0,False,7,0,0,0,0,0,0,509,1584,2464,81,1515,1595,1951,546,2437,2282,1874,1885,2448,2024,750,1831,1258,2021,1554,2354,19,2245,1006,1692,0.2156138079152897,0.16048528228123002,0.09710835773365938,0.06918894886914,0.05341451774296785,0.07324927869877006,0.13926702474428207,0.19895565321128258,0.08356363219308482,0.055625686871821484,0.07958330952113421,0.21765144152106855,0.2156138079152897,0.08356363219308482,0.16633024561489096,0.1388891350978841,0.0983282565770858,0.13926702474428207,0.17129422416776666,0.06843391745784301,0.05796019406300132,0.1520283659959648,0.09984274786909601,0.18997928904467462,0.3499217105398317,0.13199046351223573,0.14096147663966957,0.1591722747393076,0.046075652301792024,0.1256765642081481,0.19071052857342172,0.17549732590221787,0.16912581948580016,0.06706531821104607,0.09273693059691127,0.239685211704687,0.3499217105398317,0.16912581948580016,0.15440510686382236,0.2080478493528237,0.15377615633418498,0.19071052857342172,0.170449173217341,0.14590791851103196,0.054833834144281425,0.23900587032810566,0.1574930192120838,0.23881970655120702
104,24,0.12055543226822003,0.05118428084781403,0.21765144152106855,0.17045630783642052,0.04223601460997602,0.3499217105398317,0,False,7,0,0,0,0,0,0,509,1584,2464,81,1515,1595,1951,546,2437,2282,1874,1885,2448,2024,750,1831,1258,2021,1554,2354,19,2245,1006,2515,0.2156138079152897,0.16048528228123002,0.09710835773365938,0.06843391745784301,0.05118428084781403,0.07324927869877006,0.1389694580104273,0.19768639217999426,0.0828824830403479,0.05361742089472234,0.07726366267500025,0.21765144152106855,0.2156138079152897,0.08356363219308482,0.16633024561489096,0.1388891350978841,0.0983282565770858,0.13926702474428207,0.17129422416776666,0.06917528914536938,0.0556765727150308,0.1520283659959648,0.09984274786909601,0.06917528914536938,0.3499217105398317,0.13199046351223573,0.14096147663966957,0.14590791851103196,0.04223601460997602,0.1256765642081481,0.17481798452563657,0.16087254874369972,0.15503200119531682,0.06147654169345889,0.08500885304716865,0.239685211704687,0.3499217105398317,0.16912581948580016,0.15440510686382236,0.2080478493528237,0.15377615633418498,0.19071052857342172,0.170449173217341,0.21708225863511263,0.0502643479655913,0.23900587032810566,0.1574930192120838,0.21708225863511263
105,24,0.12004706072893627,0.04899444427272049,0.21765144152106855,0.1673298132867188,0.038716346725811354,0.3499217105398317,0,False,7,0,0,0,0,0,0,509,1584,2464,81,1515,1595,1951,546,2437,2282,1874,1885,2448,2024,750,1831,1258,2021,1554,2354,19,2245,1006,2515,0.2156138079152897,0.16048528228123002,0.09555998399320755,0.06743611751806222,0.04899444427272049,0.07324927869877006,0.1389694580104273,0.19768639217999426,0.0828824830403479,0.05160082188444797,0.07484943465022958,0.21765144152106855,0.2156138079152897,0.08356363219308482,0.16633024561489096,0.1388891350978841,0.0983282565770858,0.13926702474428207,0.17129422416776666,0.06917528914536938,0.05341451774296785,0.1520283659959648,0.09870676641707864,0.06953924591701023,0.3499217105398317,0.13199046351223573,0.1292146869196971,0.1337489253017793,0.038716346725811354,0.1256765642081481,0.17481798452563657,0.16087254874369972,0.15503200119531682,0.05635349655233731,0.0779247819599046,0.239685211704687,0.3499217105398317,0.16912581948580016,0.15440510686382236,0.2080478493528237,0.15377615633418498,0.19071052857342172,0.170449173217341,0.21708225863511263,0.046075652301792024,0.23900587032810566,0.14436860094441015,0.1989920704155199
106,24,0.11968304381368922,0.04899444427272049,0.21765144152106855,0.1640215011307223,0.038716346725811354,0.3499217105398317,0,False,7,0,0,0,0,0,0,509,1584,2464,81,1515,1595,1951,546,2437,2282,1874,1885,2448,2024,750,1831,1258,2021,1554,2354,19,2245,1006,2515,0.2156138079152897,0.16048528228123002,0.09372741002270724,0.06622693612566143,0.04899444427272049,0.07177339899519117,0.1389694580104273,0.19768639217999426,0.0818830080257083,0.04958886148857014,0.07484943465022958,0.21765144152106855,0.2156138079152897,0.08356363219308482,0.16633024561489096,0.1388891350978841,0.09710835773365938,0.13926702474428207,0.17129422416776666,0.06917528914536938,0.05341451774296785,0.1520283659959648,0.09870676641707864,0.06955180927150491,0.3499217105398317,0.13199046351223573,0.11844679634305566,0.12260318152663101,0.038716346725811354,0.11520351719080242,0.17481798452563657,0.16087254874369972,0.14211266776237375,0.05165737183964253,0.0779247819599046,0.239685211704687,0.3499217105398317,0.16912581948580016,0.15440510686382236,0.2080478493528237,0.14096147663966957,0.19071052857342172,0.170449173217341,0.21708225863511263,0.046075652301792024,0.23900587032810566,0.14436860094441015,0.18240939788089322
107,24,0.11967198361539222,0.047592706913651084,0.22496476831389337,0.1591730542527822,0.038716346725811354,0.3499217105398317,0,False,7,0,0,0,0,0,0,509,1584,2464,81,1515,1595,1951,546,2437,2282,1874,1885,2448,2024,750,1831,1258,2021,1554,2354,19,2245,1006,2515,0.2156138079152897,0.1575300501626455,0.09372741002270724,0.06483671015712071,0.04899444427272049,0.07177339899519117,0.1389694580104273,0.19768639217999426,0.0818830080257083,0.047592706913651084,0.07236691041021422,0.21765144152106855,0.22496476831389337,0.0828824830403479,0.16633024561489096,0.13926702474428207,0.09710835773365938,0.13926702474428207,0.17129422416776666,0.06917528914536938,0.05118428084781403,0.1537695941417854,0.09870676641707864,0.06955180927150491,0.3499217105398317,0.12099125821954941,0.11844679634305566,0.11238624973274508,0.038716346725811354,0.11520351719080242,0.17481798452563657,0.16087254874369972,0.14211266776237375,0.04735259085300565,0.07143105012991255,0.239685211704687,0.3207615679948457,0.15503200119531682,0.15440510686382236,0.19071052857342172,0.14096147663966957,0.19071052857342172,0.170449173217341,0.21708225863511263,0.04223601460997602,0.2190887144674302,0.14436860094441015,0.18240939788089322
108,24,0.11904423227593684,0.045621864569702436,0.22496476831389337,0.15446076369408543,0.03548998449866041,0.3499217105398317,0,False,7,0,0,0,0,0,0,509,1584,2464,81,1515,1595,1951,546,2437,2282,1874,1885,2448,2024,750,1831,1258,2021,1554,2354,19,2245,1006,2515,0.2156138079152897,0.15415358866274334,0.09372741002270724,0.06329427977882189,0.04685208520793416,0.07177339899519117,0.1389694580104273,0.19768639217999426,0.08060338507810859,0.045621864569702436,0.0698395807741129,0.21765144152106855,0.22496476831389337,0.0818830080257083,0.16633024561489096,0.1389694580104273,0.09710835773365938,0.13926702474428207,0.17129422416776666,0.06953924591701023,0.04899444427272049,0.15466552941744047,0.09870676641707864,0.06955180927150491,0.3499217105398317,0.11090865336792029,0.11844679634305566,0.10302072892168299,0.03548998449866041,0.11520351719080242,0.17481798452563657,0.16087254874369972,0.1302699454488426,0.04340654161525518,0.0654784626190865,0.239685211704687,0.3207615679948457,0.14211266776237375,0.15440510686382236,0.17481798452563657,0.14096147663966957,0.19071052857342172,0.170449173217341,0.1989920704155199,0.038716346725811354,0.20083132159514433,0.14436860094441015,0.18240939788089322
109,24,0.11849073618273659,0.043684326786667206,0.22496476831389337,0.15000170275385213,0.03548998449866041,0.3499217105398317,0,False,7,0,0,0,0,0,0,509,1584,2464,81,1515,1595,1951,546,2437,2282,1874,1885,2448,2024,750,1831,1258,2021,1554,2354,19,2245,1006,2515,0.2156138079152897,0.15415358866274334,0.09165313599477695,0.06329427977882189,0.04685208520793416,0.07177339899519117,0.13805661427606514,0.19768639217999426,0.07908100748704593,0.043684326786667206,0.06728823355637926,0.21765144152106855,0.22496476831389337,0.0818830080257083,0.16633024561489096,0.1389694580104273,0.09555998399320755,0.1389694580104273,0.17129422416776666,0.06955180927150491,0.04685208520793416,0.15466552941744047,0.09870676641707864,0.06924201957342109,0.3499217105398317,0.11090865336792029,0.10857622998113435,0.10302072892168299,0.03548998449866041,0.11520351719080242,0.16024981914850017,0.16087254874369972,0.11941411666143904,0.03978932981398391,0.06002192406749596,0.239685211704687,0.3207615679948457,0.14211266776237375,0.15440510686382236,0.17481798452563657,0.1292146869196971,0.17481798452563657,0.170449173217341,0.18240939788089322,0.03548998449866041,0.20083132159514433,0.14436860094441015,0.1672086147241521
110,24,0.1178964705249957,0.04178671742128883,0.22496476831389337,0.14721757930097387,0.03253248579043871,0.3499217105398317,0,False,7,0,0,0,0,0,0,509,1584,2464,81,1515,1595,1951,546,2437,2282,1874,1885,2448,2024,750,1831,1258,2021,1554,2354,19,2245,1006,2515,0.2156138079152897,0.15415358866274334,0.08937732663611306,0.06329427977882189,0.04685208520793416,0.07177339899519117,0.13805661427606514,0.19768639217999426,0.07735182666298941,0.04178671742128883,0.06473108448654633,0.21765144152106855,0.22496476831389337,0.08060338507810859,0.16633024561489096,0.1389694580104273,0.09372741002270724,0.1389694580104273,0.17129422416776666,0.06955180927150491,0.04476293450080948,0.15466552941744047,0.09870676641707864,0.06864074003079666,0.3499217105398317,0.11090865336792029,0.09952821081603981,0.10302072892168299,0.03548998449866041,0.11520351719080242,0.16024981914850017,0.16087254874369972,0.10946294027298578,0.03647355232948525,0.05502009706187129,0.239685211704687,0.3207615679948457,0.1302699454488426,0.15440510686382236,0.17481798452563657,0.11844679634305566,0.17481798452563657,0.170449173217341,0.18240939788089322,0.03253248579043871,0.20083132159514433,0.14436860094441015,0.15327456349713942
111,24,0.1172218541817811,0.04178671742128883,0.22496476831389337,0.14260936490844325,0.029821445307902147,0.3499217105398317,0,False,7,0,0,0,0,0,0,509,1584,2464,81,1515,1595,1951,546,2437,2282,1874,1885,2448,2024,750,1831,1258,2021,1554,2354,19,2245,1006,2515,0.2156138079152897,0.15415358866274334,0.08937732663611306,0.06162667088343616,0.04476293450080948,0.07177339899519117,0.13805661427606514,0.19768639217999426,0.0754498649640291,0.04178671742128883,0.062183935363888714,0.21765144152106855,0.22496476831389337,0.07908100748704593,0.16429562796383593,0.1389694580104273,0.09372741002270724,0.1389694580104273,0.16996094619514826,0.06924201957342109,0.04273152741791609,0.15477318468642476,0.09870676641707864,0.06777963294450338,0.3499217105398317,0.11090865336792029,0.09952821081603981,0.0944356681782094,0.03253248579043871,0.11520351719080242,0.16024981914850017,0.16087254874369972,0.1003410285835703,0.03647355232948525,0.05043508897338202,0.239685211704687,0.3207615679948457,0.11941411666143904,0.1415380146251705,0.17481798452563657,0.11844679634305566,0.17481798452563657,0.15624507544922922,0.1672086147241521,0.029821445307902147,0.1840953781288823,0.14436860094441015,0.14050168320571113
112,24,0.11710363455933044,0.03993443324250363,0.22496476831389337,0.14019977817336401,0.027336324865576966,0.3207615679948457,0,False,7,0,0,0,0,0,0,509,1584,2464,81,1515,1595,1951,546,2437,2282,1874,1885,2448,2024,750,1831,1258,2021,1554,2354,19,2245,1006,2515,0.22496476831389337,0.15415358866274334,0.08937732663611306,0.05985888774422588,0.04273152741791609,0.07177339899519117,0.13805661427606514,0.19768639217999426,0.07340687666417699,0.03993443324250363,0.05966034917192601,0.21765144152106855,0.22496476831389337,0.07908100748704593,0.16429562796383593,0.1389694580104273,0.09372741002270724,0.1389694580104273,0.16996094619514826,0.06924201957342109,0.04076134497319978,0.15477318468642476,0.09870676641707864,0.06777963294450338,0.3207615679948457,0.11090865336792029,0.09952821081603981,0.08656602916335862,0.029821445307902147,0.11520351719080242,0.16024981914850017,0.16087254874369972,0.0919792762016061,0.03343408963536148,0.04623216489226685,0.239685211704687,0.3207615679948457,0.11941411666143904,0.1415380146251705,0.17481798452563657,0.11844679634305566,0.17481798452563657,0.15624507544922922,0.1672086147241521,0.027336324865576966,0.1840953781288823,0.14436860094441015,0.14050168320571113
113,24,0.11656204923467008,0.03813177887047689,0.22496476831389337,0.13841346320124623,0.025058297793445553,0.3207615679948457,0,False,7,0,0,0,0,0,0,509,1584,2464,81,1515,1595,1951,546,2437,2282,1874,1885,2448,2024,750,1831,1258,2021,1554,2354,19,2245,1006,2515,0.22496476831389337,0.15415358866274334,0.08937732663611306,0.05985888774422588,0.04076134497319978,0.07177339899519117,0.13805661427606514,0.19768639217999426,0.0712521345385253,0.03813177887047689,0.057171833920742696,0.21765144152106855,0.22496476831389337,0.07908100748704593,0.16429562796383593,0.1389694580104273,0.09165313599477695,0.1389694580104273,0.16996094619514826,0.06864074003079666,0.03885494494548391,0.15477318468642476,0.09870676641707864,0.06777963294450338,0.3207615679948457,0.11090865336792029,0.09952821081603981,0.08656602916335862,0.027336324865576966,0.11520351719080242,0.16024981914850017,0.16087254874369972,0.08431433651813892,0.030647915499081354,0.04237948448457794,0.239685211704687,0.3207615679948457,0.11941411666143904,0.1415380146251705,0.17481798452563657,0.10857622998113435,0.17481798452563657,0.15624507544922922,0.15327456349713942,0.025058297793445553,0.1840953781288823,0.14436860094441015,0.14050168320571113
114,24,0.1152375333918868,0.036382093766530385,0.23281198309312376,0.14030836864024612,0.022970106310658423,0.3207615679948457,0,False,7,0,0,0,0,0,0,509,1584,2464,81,1515,2753,1951,546,2437,2282,1874,2740,1595,750,1831,1258,1885,2448,2024,2245,1006,1554,2354,19,0.22496476831389337,0.15415358866274334,0.08693742369775966,0.05801379744760103,0.03985701060876394,0.14161708239534426,0.13805661427606514,0.19768639217999426,0.0712521345385253,0.036382093766530385,0.05472802877625918,0.03985701060876394,0.07177339899519117,0.16429562796383593,0.1389694580104273,0.08937732663611306,0.21765144152106855,0.23281198309312376,0.07908100748704593,0.15477318468642476,0.09870676641707864,0.16996094619514826,0.06777963294450338,0.037014082183079,0.3207615679948457,0.11090865336792029,0.09123419324803649,0.0793521933997454,0.1083916311267789,0.24358315248183351,0.16024981914850017,0.16087254874369972,0.08431433651813892,0.028093922540824573,0.03884786077752978,0.1083916311267789,0.11520351719080242,0.1415380146251705,0.17481798452563657,0.09952821081603981,0.239685211704687,0.29403143732860854,0.11941411666143904,0.1840953781288823,0.14436860094441015,0.15624507544922922,0.14050168320571113,0.022970106310658423
115,24,0.11428630150344786,0.03468787034838178,0.23281198309312376,0.13647214960295875,0.02105593078477022,0.3207615679948457,0,False,7,0,0,0,0,0,0,509,1584,2464,81,1515,2753,1951,546,2437,2282,1874,2740,1595,750,1831,1258,1885,2448,2024,2245,1006,1554,2354,19,0.22496476831389337,0.1504240899301734,0.08693742369775966,0.056112088764050196,0.03886532450236994,0.14161708239534426,0.13659127618587408,0.19768639217999426,0.06901232022804282,0.03468787034838178,0.05233688757133674,0.03886532450236994,0.07177339899519117,0.16429562796383593,0.1389694580104273,0.08693742369775966,0.21765144152106855,0.23281198309312376,0.07735182666298941,0.15477318468642476,0.0972256455382845,0.16996094619514826,0.06777963294450338,0.03523981815440137,0.3207615679948457,0.10166626558726026,0.09123419324803649,0.07273951061643329,0.09935899519954731,0.24358315248183351,0.14689566755279182,0.16087254874369972,0.077288141808294,0.025752762329089192,0.035610539046068965,0.09935899519954731,0.11520351719080242,0.1415380146251705,0.17481798452563657,0.09123419324803649,0.239685211704687,0.29403143732860854,0.10946294027298578,0.1840953781288823,0.13233788419904263,0.15624507544922922,0.14050168320571113,0.02105593078477022
116,24,0.11344635882400365,0.033050862757506155,0.23281198309312376,0.133361414503267,0.02105593078477022,0.3207615679948457,0,False,7,0,0,0,0,0,0,509,1584,2464,81,1515,2753,1951,546,2437,2282,1874,2740,1595,750,1831,1258,1885,2448,2024,2245,1006,1554,2354,19,0.22496476831389337,0.1504240899301734,0.08436790511910784,0.054172289716361635,0.03780255205882403,0.14161708239534426,0.13659127618587408,0.19562225922682158,0.06671149808505002,0.033050862757506155,0.05000485608436261,0.03886532450236994,0.07177339899519117,0.16429562796383593,0.1389694580104273,0.08436790511910784,0.21765144152106855,0.23281198309312376,0.0754498649640291,0.15477318468642476,0.09544458575313729,0.16996094619514826,0.06777963294450338,0.03523981815440137,0.3207615679948457,0.10166626558726026,0.08363134381070012,0.06667788473173052,0.09107907893291836,0.24358315248183351,0.14689566755279182,0.14746650301505806,0.0708474633242695,0.02360669880166509,0.032642994125563214,0.09935899519954731,0.11520351719080242,0.1415380146251705,0.17481798452563657,0.08363134381070012,0.239685211704687,0.29403143732860854,0.1003410285835703,0.1840953781288823,0.12130972718245574,0.15624507544922922,0.14050168320571113,0.02105593078477022
117,24,0.11272653351972006,0.031472186152364634,0.23281198309312376,0.13051456924148627,0.01930126988603937,0.3207615679948457,0,False,7,0,0,0,0,0,0,509,1584,2464,81,1515,2753,1951,546,2437,2282,1874,2740,1595,750,1831,1258,1885,2448,2024,2245,1006,1554,2354,19,0.22496476831389337,0.1504240899301734,0.08436790511910784,0.052210829962187205,0.03668366772616888,0.14161708239534426,0.13463695233493125,0.19562225922682158,0.06437115424228522,0.031472186152364634,0.047737040535782274,0.03780255205882403,0.07177339899519117,0.16429562796383593,0.1389694580104273,0.08170016508876952,0.21765144152106855,0.23281198309312376,0.0754498649640291,0.1541565919752587,0.09544458575313729,0.16996094619514826,0.06777963294450338,0.03353261997090467,0.3207615679948457,0.10166626558726026,0.08363134381070012,0.061121394337419636,0.0834891556885085,0.24358315248183351,0.1346543619233925,0.14746650301505806,0.06494350804724704,0.021639473901526332,0.02992274461509961,0.09107907893291836,0.11520351719080242,0.1415380146251705,0.17481798452563657,0.07666206515980843,0.239685211704687,0.29403143732860854,0.1003410285835703,0.1687540966181421,0.12130972718245574,0.15624507544922922,0.14050168320571113,0.01930126988603937
118,24,0.11183024029557154,0.029952406660538024,0.23281198309312376,0.12663788840890947,0.017692830728869423,0.3207615679948457,0,False,7,0,0,0,0,0,0,509,1584,2464,81,1515,2753,1951,546,2437,2282,1874,2740,1595,750,1831,1258,1885,2448,2024,2245,1006,1554,2354,19,0.22496476831389337,0.14640532641032436,0.08436790511910784,0.05024213604909131,0.03668366772616888,0.14342282612598967,0.13225634511163006,0.19562225922682158,0.06437115424228522,0.029952406660538024,0.045537365615617845,0.03668366772616888,0.07012125909105371,0.16429562796383593,0.1389694580104273,0.07896249110392953,0.21765144152106855,0.23281198309312376,0.07340687666417699,0.1541565919752587,0.09340718090382957,0.16996094619514826,0.06777963294450338,0.03189244929972419,0.3207615679948457,0.0931940767883219,0.08363134381070012,0.05602794480930133,0.0834891556885085,0.22328455644168071,0.12343316509644311,0.14746650301505806,0.06494350804724704,0.01983618440973247,0.02742918256384131,0.0834891556885085,0.10560322409156889,0.1415380146251705,0.17481798452563657,0.0702735597298244,0.239685211704687,0.29403143732860854,0.0919792762016061,0.1687540966181421,0.11120058325058442,0.15624507544922922,0.14050168320571113,0.017692830728869423
119,24,0.11121890259306183,0.02849162231039748,0.23281198309312376,0.12338682730392574,0.016218428168130305,0.3207615679948457,0,False,7,0,0,0,0,0,0,509,1584,2464,81,1515,2753,1951,546,2437,2282,1874,2740,1595,750,1831,1258,1885,2448,2024,2245,1006,1554,2354,19,0.22496476831389337,0.14215619224272982,0.08170016508876952,0.048278749501006656,0.03668366772616888,0.14342282612598967,0.13225634511163006,0.19562225922682158,0.06437115424228522,0.02849162231039748,0.043408721040844686,0.03552230373547757,0.07012125909105371,0.16429562796383593,0.13805661427606514,0.07896249110392953,0.2201861638594569,0.23281198309312376,0.07340687666417699,0.1541565919752587,0.09340718090382957,0.16996094619514826,0.06669031072822948,0.03031884171336155,0.3207615679948457,0.0854279037226284,0.07666206515980843,0.05135894940852622,0.0834891556885085,0.22328455644168071,0.12343316509644311,0.14746650301505806,0.06494350804724704,0.018183169042254765,0.025143417350187866,0.07653172604779945,0.10560322409156889,0.1415380146251705,0.16024981914850017,0.0702735597298244,0.21971144406262974,0.29403143732860854,0.0919792762016061,0.1687540966181421,0.11120058325058442,0.15624507544922922,0.1287932096052352,0.016218428168130305
120,24,0.1103076871494967,0.027089535392782128,0.23281198309312376,0.12005468244611957,0.01486689248745278,0.3207615679948457,0,False,7,0,0,0,0,0,0,509,1584,2464,81,1515,2753,1951,546,2437,2282,1874,2740,1595,750,1831,1258,1885,2448,2024,2245,1006,1554,2354,19,0.22496476831389337,0.13773045713000961,0.08170016508876952,0.048278749501006656,0.03668366772616888,0.14342282612598967,0.12951014364997993,0.19562225922682158,0.062010284930242535,0.027089535392782128,0.0413530961759924,0.03433074084862817,0.07012125909105371,0.16429562796383593,0.13659127618587408,0.07896249110392953,0.2201861638594569,0.23281198309312376,0.0712521345385253,0.152884102397848,0.09340718090382957,0.16996094619514826,0.06540365503959877,0.02881097710541252,0.3207615679948457,0.0783089117457427,0.07666206515980843,0.05135894940852622,0.0834891556885085,0.22328455644168071,0.11314706800507285,0.14746650301505806,0.05953154904330978,0.0166679049554002,0.023048132571005544,0.07015408221048283,0.10560322409156889,0.1415380146251705,0.14689566755279182,0.0702735597298244,0.21971144406262974,0.29403143732860854,0.08431433651813892,0.15469125523329694,0.11120058325058442,0.15624507544922922,0.11806044213813224,0.01486689248745278
121,24,0.10855985911402553,0.025745516787196072,0.23281198309312376,0.12375379339998209,0.01486689248745278,0.3207615679948457,0,False,7,0,0,0,0,0,0,509,1584,2464,81,1515,2753,1951,546,2437,2908,2282,1874,2740,1595,750,1831,1258,1885,2448,2024,2245,1006,1554,19,0.22496476831389337,0.13773045713000961,0.08170016508876952,0.048278749501006656,0.03643842087073203,0.14342282612598967,0.12645611202825782,0.19562225922682158,0.05964552039787606,0.03643842087073203,0.025745516787196072,0.03937170265753743,0.03311993181069239,0.07012125909105371,0.16429562796383593,0.13659127618587408,0.07618011659299036,0.2201861638594569,0.23281198309312376,0.0712521345385253,0.152884102397848,0.09340718090382957,0.16996094619514826,0.02881097710541252,0.3207615679948457,0.0783089117457427,0.07666206515980843,0.05135894940852622,0.1598650593811328,0.22328455644168071,0.10371814567131678,0.14746650301505806,0.05457058662303396,0.1598650593811328,0.015278912875783517,0.02112745485675508,0.06430790869294259,0.10560322409156889,0.1415380146251705,0.14689566755279182,0.06441742975233902,0.21971144406262974,0.29403143732860854,0.08431433651813892,0.15469125523329694,0.11120058325058442,0.15624507544922922,0.01486689248745278
122,24,0.10750467228443945,0.02508944963050413,0.23281198309312376,0.1274470501529068,0.019366833618692156,0.3207615679948457,0,False,7,0,0,0,0,0,0,509,1584,2464,81,1515,2753,1951,546,2437,2908,2282,1874,2740,2938,750,1831,1258,1885,2448,2024,1595,1006,1554,2245,0.22496476831389337,0.13317669182721087,0.07896249110392953,0.04633145947493161,0.03604777708357349,0.14342282612598967,0.12314843744325493,0.19562225922682158,0.05964552039787606,0.03604777708357349,0.02508944963050413,0.03746508526452969,0.03189954938961054,0.02508944963050413,0.16429562796383593,0.13659127618587408,0.07618011659299036,0.2201861638594569,0.23281198309312376,0.06901232022804282,0.07012125909105371,0.09115479722297022,0.16996094619514826,0.152884102397848,0.3207615679948457,0.07178316910026414,0.0702735597298244,0.0470790369578157,0.14654297109937173,0.22328455644168071,0.09507496686537371,0.14746650301505806,0.05457058662303396,0.14654297109937173,0.09733900346946824,0.019366833618692156,0.05894891630186404,0.09733900346946824,0.1415380146251705,0.14689566755279182,0.06441742975233902,0.21971144406262974,0.29403143732860854,0.077288141808294,0.10560322409156889,0.10193386797970239,0.15624507544922922,0.15469125523329694
123,24,0.10665274545989299,0.024389575383200524,0.23281198309312376,0.12375584359770009,0.017752930817134475,0.3207615679948457,0,False,7,0,0,0,0,0,0,509,1584,2464,81,1515,2753,1951,546,2437,2908,2282,1874,2740,2938,750,1831,1258,1885,2448,2024,1595,1006,1554,2245,0.22496476831389337,0.13317669182721087,0.07618011659299036,0.04440944333818859,0.03604777708357349,0.14342282612598967,0.12314843744325493,0.19562225922682158,0.057291273039578205,0.035528501905791675,0.024389575383200524,0.035633221493970614,0.030678052087899282,0.024389575383200524,0.16429562796383593,0.13463695233493125,0.07337533038976062,0.2201861638594569,0.23281198309312376,0.06901232022804282,0.0683231832335042,0.09115479722297022,0.16996094619514826,0.15102606727109405,0.3207615679948457,0.07178316910026414,0.06441742975233902,0.04315578387799772,0.14654297109937173,0.22328455644168071,0.09507496686537371,0.14746650301505806,0.05002303773778113,0.13433105684109076,0.08922741984701255,0.017752930817134475,0.054036506610042036,0.08922741984701255,0.1415380146251705,0.1346543619233925,0.059049310606310766,0.21971144406262974,0.29403143732860854,0.077288141808294,0.09680295541727148,0.10193386797970239,0.15624507544922922,0.14180031729718887
124,24,0.1046066555974328,0.023655418160938066,0.23281198309312376,0.12634346338701466,0.0162735199157066,0.3207615679948457,0,False,7,0,0,0,0,0,0,509,1584,2464,81,1515,2753,1951,546,2991,2437,2908,2282,1874,2740,2938,750,1831,1258,1885,2448,2024,1595,1006,2245,0.22496476831389337,0.12853832834191167,0.07337533038976062,0.04440944333818859,0.035528501905791675,0.14342282612598967,0.12314843744325493,0.19562225922682158,0.1356672247917641,0.057291273039578205,0.034897138113226166,0.023655418160938066,0.0338756104467155,0.029462761764535838,0.023655418160938066,0.16429562796383593,0.1356672247917641,0.07056762711128702,0.2201861638594569,0.23281198309312376,0.06901232022804282,0.0683231832335042,0.09115479722297022,0.15102606727109405,0.3207615679948457,0.06580123834190879,0.059049310606310766,0.04315578387799772,0.13433105684109076,0.22328455644168071,0.09507496686537371,0.14746650301505806,0.20676649842977646,0.05002303773778113,0.12313680210433318,0.08179180152642816,0.0162735199157066,0.04953346439253853,0.08179180152642816,0.1415380146251705,0.20676649842977646,0.054128534722451535,0.21971144406262974,0.29403143732860854,0.077288141808294,0.09680295541727148,0.10193386797970239,0.14180031729718887
125,24,0.09987226656712771,0.02289562647279988,0.23281198309312376,0.12550938987723312,0.014917393256064384,0.3207615679948457,0,False,8,0,0,0,0,0,0,509,1584,2464,81,1515,3009,2753,1951,546,2991,2437,2908,2282,1874,2740,2938,750,1831,1258,1885,2448,2024,1595,1006,0.22496476831389337,0.12853832834191167,0.07056762711128702,0.042520409936565924,0.034897138113226166,0.05637731148220654,0.1444281118983858,0.11963730105838066,0.19562225922682158,0.1356672247917641,0.05637731148220654,0.03416968932168482,0.02289562647279988,0.03219135172260581,0.028259948469090246,0.02289562647279988,0.16429562796383593,0.1356672247917641,0.06777388514572967,0.2201861638594569,0.23281198309312376,0.06671149808505002,0.0683231832335042,0.09115479722297022,0.3207615679948457,0.06580123834190879,0.054128534722451535,0.039559468554831244,0.12313680210433318,0.12918778459296604,0.20467751007154064,0.0871520529599259,0.14746650301505806,0.20676649842977646,0.12918778459296604,0.11287540192897208,0.07497581806589249,0.014917393256064384,0.04540567569316031,0.07497581806589249,0.1415380146251705,0.20676649842977646,0.049617823495580575,0.21971144406262974,0.29403143732860854,0.0708474633242695,0.09680295541727148,0.10193386797970239
126,24,0.09916321708391442,0.022117972743011284,0.23281198309312376,0.12122433602118032,0.013674277151392352,0.3207615679948457,0,False,8,0,0,0,0,0,0,509,1584,2464,81,1515,3009,2753,1951,546,2991,2437,2908,2282,1874,2740,2938,750,1831,1258,1885,2448,2024,1595,1006,0.22496476831389337,0.12853832834191167,0.07056762711128702,0.04067074154657105,0.03416968932168482,0.05529573522484775,0.1446844243892126,0.11596863464564569,0.19562225922682158,0.1356672247917641,0.05637731148220654,0.033361381295031176,0.022117972743011284,0.03057921507432616,0.027074918742033476,0.022117972743011284,0.16429562796383593,0.1359875339987779,0.06500856140673235,0.2201861638594569,0.23281198309312376,0.06437115424228522,0.0683231832335042,0.09115479722297022,0.3207615679948457,0.06580123834190879,0.054128534722451535,0.03626284617526197,0.11287540192897208,0.11842213587688553,0.18762105089891223,0.07988938187993207,0.14746650301505806,0.20676649842977646,0.12918778459296604,0.10346911843489107,0.0687278332270681,0.013674277151392352,0.04162186938539695,0.0687278332270681,0.1415380146251705,0.18953595689396174,0.045483004870948855,0.21971144406262974,0.29403143732860854,0.06494350804724704,0.09680295541727148,0.10193386797970239
127,24,0.09865888196790638,0.021879455438819518,0.23281198309312376,0.1450546473887588,0.033240942327323476,0.3207615679948457,0,False,8,0,0,0,0,0,0,509,1584,2464,3049,1515,3009,2753,1951,546,2991,2437,3059,2740,3063,2938,750,1831,81,1885,2448,2024,1595,2908,3060,0.22496476831389337,0.12704800177060477,0.07056762711128702,0.12704800177060477,0.03416968932168482,0.05407161611994757,0.1446844243892126,0.11596863464564569,0.19562225922682158,0.1356672247917641,0.05529573522484775,0.03332431542282174,0.025912104465606507,0.021879455438819518,0.021879455438819518,0.16429562796383593,0.13565233898653484,0.03886563153698951,0.2201861638594569,0.23281198309312376,0.06437115424228522,0.0683231832335042,0.03332431542282174,0.021879455438819518,0.3207615679948457,0.14365113514674974,0.054128534722451535,0.14365113514674974,0.11287540192897208,0.10855362455381173,0.18762105089891223,0.07988938187993207,0.14746650301505806,0.20676649842977646,0.11842213587688553,0.17818002523198348,0.038153380269947204,0.14633384712481243,0.14633384712481243,0.1415380146251705,0.17374129381946493,0.033240942327323476,0.21971144406262974,0.29403143732860854,0.06494350804724704,0.09680295541727148,0.17818002523198348,0.14633384712481243
128,24,0.0981091676148274,0.0215630145948918,0.23281198309312376,0.1466377171676417,0.03047086380004652,0.3207615679948457,0,False,8,0,0,0,0,0,0,509,1584,2464,3049,1515,3009,2753,1951,546,2991,2437,3059,2740,3063,2938,750,1831,81,1885,2448,2024,1595,3085,2908,0.22496476831389337,0.1251164676951052,0.06777388514572967,0.12704800177060477,0.03416968932168482,0.052728647460552676,0.14425040285631827,0.11596863464564569,0.19562225922682158,0.1356672247917641,0.05407161611994757,0.03313660866120621,0.024775150058627644,0.02211912287281277,0.0215630145948918,0.16429562796383593,0.13565233898653484,0.037109215619534085,0.2201861638594569,0.23281198309312376,0.062010284930242535,0.0683231832335042,0.02211912287281277,0.03313660866120621,0.3207615679948457,0.13168020721785392,0.049617823495580575,0.14365113514674974,0.11287540192897208,0.09950748917432742,0.17198596332400287,0.07988938187993207,0.14746650301505806,0.20676649842977646,0.10855362455381173,0.16333168979598486,0.03497393191411827,0.21747269319774473,0.1341393598644114,0.1415380146251705,0.17374129381946493,0.03047086380004652,0.21971144406262974,0.29403143732860854,0.05953154904330978,0.09680295541727148,0.21747269319774473,0.16333168979598486
129,24,0.09760890615416702,0.021178689107041928,0.23281198309312376,0.1422213474457333,0.027931625150042643,0.29403143732860854,0,False,8,0,0,0,0,0,0,509,1584,2464,3049,1515,3009,2753,1951,546,2991,2437,3119,3059,2740,3063,2938,750,1831,81,1885,2448,2024,1595,3085,0.23281198309312376,0.12280185729350833,0.06500856140673235,0.12704800177060477,0.033361381295031176,0.051288915566397274,0.14425040285631827,0.11218402823332646,0.19562225922682158,0.1359875339987779,0.052728647460552676,0.033659457679663884,0.032813207891477264,0.02366699640216401,0.022237931515056715,0.021178689107041928,0.1617020765545789,0.13565233898653484,0.035404695263279,0.2201861638594569,0.23281198309312376,0.05964552039787606,0.0683231832335042,0.022237931515056715,0.29403143732860854,0.12070685661636608,0.045483004870948855,0.14365113514674974,0.10346911843489107,0.09121519840980014,0.17198596332400287,0.07323193338993772,0.14746650301505806,0.18953595689396174,0.09950748917432742,0.2330540489796528,0.14972071564631945,0.03205943758794174,0.19934996876459932,0.12296107987571044,0.12974318007307295,0.17374129381946493,0.027931625150042643,0.21971144406262974,0.29403143732860854,0.05457058662303396,0.09680295541727148,0.19934996876459932
130,24,0.0973067490528483,0.02073618781135787,0.23913581648278254,0.1354423563644248,0.02560398972087242,0.29403143732860854,0,False,8,0,0,0,0,0,0,509,1584,2464,3049,1515,3009,2753,1951,546,2991,2437,3119,3059,2740,3063,2938,750,1831,81,1885,2448,2024,1595,3085,0.23913581648278254,0.12016017939668734,0.06500856140673235,0.1251164676951052,0.03248649161899185,0.051288915566397274,0.14318924356711102,0.11218402823332646,0.19562225922682158,0.1359875339987779,0.051288915566397274,0.03398826215091901,0.03236932521784133,0.022589960370794266,0.022244178894620745,0.02073618781135787,0.1617020765545789,0.13565233898653484,0.0337544524022973,0.2201861638594569,0.23281198309312376,0.057291273039578205,0.0683231832335042,0.022244178894620745,0.2695288175512245,0.11064795189833557,0.045483004870948855,0.13168020721785392,0.09484669189865014,0.09121519840980014,0.1576537997136693,0.07323193338993772,0.14746650301505806,0.18953595689396174,0.09121519840980014,0.21363287823134838,0.1372439893424595,0.029387817788946592,0.18273747136754936,0.11271432321940122,0.12974318007307295,0.17374129381946493,0.02560398972087242,0.21971144406262974,0.29403143732860854,0.05002303773778113,0.09680295541727148,0.18273747136754936
131,24,0.09659029052519312,0.020244745306600146,0.23913581648278254,0.13033960455249283,0.023470323910799718,0.29403143732860854,0,False,8,0,0,0,0,0,0,509,1584,2464,3049,1515,3009,2753,1951,546,2991,2437,3119,3059,2740,3063,2938,750,1831,81,1885,2448,2024,1595,3085,0.23913581648278254,0.11724453508455165,0.06228389420388433,0.1251164676951052,0.03248649161899185,0.049772757880883665,0.14318924356711102,0.10832075710077625,0.19562225922682158,0.1359875339987779,0.049772757880883665,0.03413409251451808,0.031820053080155716,0.021545809237840382,0.02214713645019729,0.020244745306600146,0.1617020765545789,0.13472065004419576,0.03216015500011826,0.2201861638594569,0.23281198309312376,0.057291273039578205,0.0683231832335042,0.02214713645019729,0.2695288175512245,0.10142728924014094,0.04169275446503645,0.13168020721785392,0.09484669189865014,0.08361393187565012,0.1576537997136693,0.06712927227410957,0.14746650301505806,0.18953595689396174,0.08361393187565012,0.195830138378736,0.12580699023058786,0.026938832973201043,0.16750934875358692,0.10332146295111778,0.12974318007307295,0.15926285266784285,0.023470323910799718,0.21971144406262974,0.29403143732860854,0.05002303773778113,0.09680295541727148,0.16750934875358692
132,24,0.09571313218842725,0.019713019183436844,0.23913581648278254,0.12505960429898583,0.02151446358489974,0.29403143732860854,0,False,8,0,0,0,0,0,0,509,1584,2464,3049,1515,3009,2753,1951,546,2991,2437,3119,3059,2740,3063,2938,750,1831,81,1885,2448,2024,1595,3085,0.23913581648278254,0.11724453508455165,0.059610107493173185,0.12280185729350833,0.03155823788836815,0.04819869236110288,0.14156645350107516,0.10441190014093288,0.19562225922682158,0.1359875339987779,0.04819869236110288,0.03411003699253283,0.031180058553636838,0.02053582953468891,0.021956665930433734,0.019713019183436844,0.1617020765545789,0.13472065004419576,0.030622853367084868,0.2201861638594569,0.23281198309312376,0.054959900412949375,0.0683231832335042,0.021956665930433734,0.2695288175512245,0.10142728924014094,0.038218358259616746,0.12070685661636608,0.08694280090709595,0.07664610421934595,0.14451598307086352,0.06153516625126711,0.14746650301505806,0.18953595689396174,0.07664610421934595,0.179510960180508,0.11532307437803886,0.02469393022543429,0.15355023635745466,0.09471134103852463,0.12974318007307295,0.15926285266784285,0.02151446358489974,0.21971144406262974,0.29403143732860854,0.045854451259632695,0.09680295541727148,0.15355023635745466
133,24,0.09859423619615648,0.019149022677820482,0.23913581648278254,0.13215714324369426,0.019721591619491427,0.29403143732860854,0,False,8,0,0,0,0,0,0,509,1584,2464,3049,1515,3009,2753,1951,546,2991,2437,3119,3059,2740,3201,2938,750,1831,81,1885,2448,3063,1595,3085,0.23913581648278254,0.11410456604617726,0.05699561140629281,0.12016017939668734,0.03155823788836815,0.04658340406417454,0.13944796817658453,0.10441190014093288,0.19562225922682158,0.13915080105443256,0.04658340406417454,0.03393055091980872,0.03046335009632115,0.01956089018619896,0.13915080105443256,0.019149022677820482,0.1617020765545789,0.13472065004419576,0.029143067374692053,0.2201861638594569,0.23281198309312376,0.021682890833096755,0.0683231832335042,0.021682890833096755,0.2695288175512245,0.09297501513679586,0.03503349507131535,0.11064795189833557,0.08694280090709595,0.07025892886773379,0.1324729844816249,0.06153516625126711,0.14746650301505806,0.2570746271527983,0.07025892886773379,0.164551713498799,0.10571281817986895,0.022636102706648096,0.2570746271527983,0.08681872928531424,0.12974318007307295,0.15926285266784285,0.019721591619491427,0.21971144406262974,0.29403143732860854,0.14075438332766677,0.09680295541727148,0.14075438332766677
134,24,0.0981772456662771,0.01856008684765985,0.23913581648278254,0.12778749038648032,0.018078125651200472,0.29403143732860854,0,False,8,0,0,0,0,0,0,509,1584,2464,3049,1515,3009,2753,1951,546,2991,2437,3119,3059,2740,3201,2938,750,1831,81,1885,2448,3063,1595,3085,0.23913581648278254,0.11078610180592355,0.05699561140629281,0.12016017939668734,0.030588714681455242,0.04494177628702225,0.13944796817658453,0.10441190014093288,0.19562225922682158,0.13915080105443256,0.04494177628702225,0.03361088510996414,0.029683108499993345,0.01862149992751111,0.14145864147704054,0.01856008684765985,0.1617020765545789,0.13472065004419576,0.027720864889962348,0.2201861638594569,0.23281198309312376,0.021335923753850804,0.0683231832335042,0.021335923753850804,0.2695288175512245,0.08522709720872954,0.03503349507131535,0.11064795189833557,0.07969756749817129,0.06440401812875597,0.1324729844816249,0.06153516625126711,0.14746650301505806,0.2570746271527983,0.06440401812875597,0.1508390707072324,0.09690341666487987,0.02074976081442742,0.23565174155673174,0.07958383517820472,0.12974318007307295,0.15926285266784285,0.018078125651200472,0.21971144406262974,0.29403143732860854,0.12902485138369452,0.09680295541727148,0.12902485138369452
135,24,0.089498841511926,0.017717859142592825,0.23913581648278254,0.12509870788529281,0.016571615180267098,0.29403143732860854,0,False,8,0,0,0,0,0,0,509,1584,2464,3049,1515,3009,2753,1951,546,2991,2437,3119,3059,2740,3201,2938,750,1831,3244,81,2448,3063,1595,3085,0.23913581648278254,0.10733097177540508,0.05444719532692473,0.12016017939668734,0.030351964554755608,0.043286955223702524,0.13944796817658453,0.10048652547877784,0.19562225922682158,0.13915080105443256,0.043286955223702524,0.03316659938608386,0.028851573156571504,0.017717859142592825,0.14145864147704054,0.017952846716475443,0.1617020765545789,0.13472065004419576,0.030351964554755608,0.02635593187634552,0.23281198309312376,0.020925647565189665,0.0683231832335042,0.020925647565189665,0.2695288175512245,0.07812483910800207,0.03211403714870573,0.11064795189833557,0.15638943687332368,0.0590370166180263,0.1324729844816249,0.05640723573032818,0.14746650301505806,0.2570746271527983,0.0590370166180263,0.13826914814829636,0.08882813194280655,0.0190206140798918,0.23565174155673174,0.07295184891335432,0.12974318007307295,0.15926285266784285,0.15638943687332368,0.016571615180267098,0.29403143732860854,0.1182727804350533,0.09680295541727148,0.1182727804350533
136,24,0.08675305945544372,0.01684990636066098,0.23913581648278254,0.12659151006494954,0.015190647248578172,0.29403143732860854,0,False,8,0,0,0,0,0,0,509,1584,2464,3049,1515,3009,2753,1951,546,2991,2437,3119,3279,3059,2740,3201,2938,750,1831,3244,81,2448,3063,3085,0.23913581648278254,0.10377695034271493,0.05444719532692473,0.12016017939668734,0.029997355046492764,0.04163043873499283,0.13944796817658453,0.10048652547877784,0.19562225922682158,0.13915080105443256,0.04163043873499283,0.03261316155440695,0.017780269255696708,0.02797997474161375,0.01684990636066098,0.14145864147704054,0.017780269255696708,0.15862456070580702,0.13472065004419576,0.029997355046492764,0.02504763468706433,0.23281198309312376,0.020461546353322747,0.020461546353322747,0.2695288175512245,0.07161443584900189,0.03211403714870573,0.11064795189833557,0.1433569838005467,0.05411726523319078,0.1324729844816249,0.05640723573032818,0.14746650301505806,0.2570746271527983,0.05411726523319078,0.12674671913593832,0.15020586150390813,0.08142578761423933,0.017435562906567482,0.23565174155673174,0.15020586150390813,0.11893124840031687,0.15926285266784285,0.1433569838005467,0.015190647248578172,0.29403143732860854,0.10841671539879887,0.10841671539879887
137,24,0.08609974929227948,0.016017359711073816,0.23913581648278254,0.12087530015727475,0.013924759977863323,0.29403143732860854,0,False,8,0,0,0,0,0,0,509,1584,2464,3049,1515,3009,2753,1951,546,2991,2437,3119,3279,3059,2740,3201,2938,750,1831,3244,81,2448,3063,3085,0.23913581648278254,0.10015780630112306,0.051970210907817116,0.12016017939668734,0.029538865959268558,0.03998218139072912,0.1368986251920219,0.10048652547877784,0.19562225922682158,0.14145864147704054,0.03998218139072912,0.03196562789306704,0.01754212914112804,0.027078505844380023,0.016017359711073816,0.14145864147704054,0.01754212914112804,0.15862456070580702,0.13472065004419576,0.029538865959268558,0.02379507512200379,0.23281198309312376,0.019952580839346316,0.019952580839346316,0.2695288175512245,0.06564656619491839,0.029437867386313588,0.11064795189833557,0.13141056848383448,0.049607493130424875,0.12143356910815614,0.05640723573032818,0.14746650301505806,0.23565174155673174,0.049607493130424875,0.11618449254127679,0.13768870637858244,0.07464030531305271,0.01598259933102019,0.23565174155673174,0.13768870637858244,0.11893124840031687,0.15926285266784285,0.13141056848383448,0.013924759977863323,0.29403143732860854,0.09938198911556562,0.09938198911556562
138,24,0.085365366800206,0.015219753677073336,0.23913581648278254,0.11631751365114806,0.01276436331304138,0.29403143732860854,0,False,8,0,0,0,0,0,0,509,1584,2464,3049,1515,3009,2753,1951,546,2991,2437,3119,3279,3059,2740,3201,2938,750,1831,3244,81,2448,3063,3085,0.23913581648278254,0.09650343142596796,0.04956874333124692,0.12016017939668734,0.029538865959268558,0.03835070939056225,0.1368986251920219,0.09656992303707924,0.19562225922682158,0.14145864147704054,0.03835070939056225,0.031238398440502503,0.017246606483178134,0.0261563217804296,0.015219753677073336,0.14294445663452038,0.017246606483178134,0.15862456070580702,0.13472065004419576,0.028990217851781745,0.022597138838240587,0.23281198309312376,0.01940710243143586,0.01940710243143586,0.2695288175512245,0.06017601901200852,0.026984711770787456,0.11064795189833557,0.13141056848383448,0.04547353536955613,0.12143356910815614,0.05170663275280083,0.14746650301505806,0.23565174155673174,0.04547353536955613,0.10650245149617038,0.12621464751370057,0.06842027987029832,0.014650716053435174,0.2160140964270041,0.12621464751370057,0.11893124840031687,0.15926285266784285,0.12045968777684826,0.01276436331304138,0.29403143732860854,0.09110015668926848,0.09110015668926848
139,24,0.08445004683814435,0.014456471509487203,0.23913581648278254,0.12351319354542922,0.01170066637028793,0.29403143732860854,0,False,9,0,0,0,0,0,0,509,1584,2464,3352,3049,1515,3009,2753,1951,546,2991,2437,3119,3279,3059,2740,3201,2938,750,1831,3244,81,2448,3358,0.23913581648278254,0.0928400266215251,0.04724576983539619,0.01733754868590461,0.11724453508455165,0.029538865959268558,0.036743240262358465,0.1368986251920219,0.09268386731268935,0.19562225922682158,0.14145864147704054,0.036743240262358465,0.030445038740955922,0.016901656431110898,0.025221564683768256,0.014456471509487203,0.14365355494880233,0.01733754868590461,0.15862456070580702,0.13472065004419576,0.028364624947550373,0.02145253770375379,0.23281198309312376,0.019318496218285984,0.2695288175512245,0.05516135076100781,0.0247359857898885,0.19903009355422552,0.10142728924014094,0.13141056848383448,0.041684074088759786,0.12143356910815614,0.047397746690067424,0.14746650301505806,0.23565174155673174,0.041684074088759786,0.09762724720482284,0.11569676022089218,0.06271858988110679,0.013429823048982242,0.19801292172475374,0.19903009355422552,0.11893124840031687,0.15926285266784285,0.1104213804621109,0.01170066637028793,0.29403143732860854,0.1668418102984961
140,24,0.08384752288047702,0.013726773667792439,0.23913581648278254,0.11912958503900593,0.010725610839430603,0.29403143732860854,0,False,9,0,0,0,0,0,0,509,1584,2464,3352,3049,1515,3009,2753,1951,546,2991,2437,3119,3279,3059,2740,3201,2938,750,1831,3244,81,2448,3358,0.23913581648278254,0.0928400266215251,0.04724576983539619,0.017340865664991243,0.11724453508455165,0.028990217851781745,0.03516580336649573,0.1339809703379356,0.08884689686816724,0.19562225922682158,0.14145864147704054,0.03516580336649573,0.030445038740955922,0.016514881454561876,0.024281404898330854,0.013726773667792439,0.14365355494880233,0.017340865664991243,0.15862456070580702,0.13472065004419576,0.027674611027973944,0.020359846669098715,0.23281198309312376,0.01914877203182934,0.2695288175512245,0.05516135076100781,0.0247359857898885,0.18244425242470672,0.10142728924014094,0.12045968777684826,0.0382104012480298,0.1113141050158098,0.043447934465895136,0.14746650301505806,0.23565174155673174,0.0382104012480298,0.09762724720482284,0.10605536353581782,0.05749204072434789,0.012310671128233721,0.19801292172475374,0.18244425242470672,0.11893124840031687,0.15926285266784285,0.101219598756935,0.010725610839430603,0.29403143732860854,0.15293832610695474
141,24,0.08325989736349987,0.013029822651568969,0.23913581648278254,0.11445127399779513,0.00983180993614472,0.29403143732860854,0,False,9,0,0,0,0,0,0,509,1584,2464,3352,3049,1515,3009,2753,1951,546,2991,2437,3119,3279,3059,2740,3201,2938,750,1831,3244,81,2448,3358,0.23913581648278254,0.0928400266215251,0.045003305088006526,0.017263796505426122,0.11410456604617726,0.028364624947550373,0.0336233581985383,0.1339809703379356,0.08884689686816724,0.19562225922682158,0.14145864147704054,0.03516580336649573,0.029598158979919378,0.01609343857417683,0.02334209460720876,0.013029822651568969,0.14365355494880233,0.017263796505426122,0.15862456070580702,0.13325387794299393,0.026931880344027135,0.019317535707131083,0.23281198309312376,0.018906767497344653,0.2695288175512245,0.05516135076100781,0.022674653640731124,0.1672405647226478,0.09297501513679586,0.1104213804621109,0.03502620114402732,0.1113141050158098,0.043447934465895136,0.14746650301505806,0.23565174155673174,0.0382104012480298,0.08949164327108759,0.09721741657449967,0.05270103733065223,0.011284781867547578,0.19801292172475374,0.1672405647226478,0.11893124840031687,0.14599094827885595,0.09278463219385708,0.00983180993614472,0.29403143732860854,0.14019346559804183
142,24,0.08284898817025604,0.012364704573357777,0.23913581648278254,0.12038005164581282,0.01034438337858528,0.29403143732860854,0,False,9,0,0,0,0,0,0,509,1584,2464,3352,3049,1515,3009,2753,1951,546,2991,2437,3119,3279,3059,2740,3201,2938,750,1831,3244,2448,3413,3358,0.23913581648278254,0.08919032756553656,0.042842533412422876,0.01711403537526079,0.11078610180592355,0.028388336848321215,0.032119908290260554,0.1307543638839022,0.08884689686816724,0.19562225922682158,0.14145864147704054,0.0336233581985383,0.028709341384709156,0.01564397673348932,0.022409029508478995,0.012364704573357777,0.14364010918260187,0.01711403537526079,0.15862456070580702,0.13325387794299393,0.026931880344027135,0.23281198309312376,0.028388336848321215,0.018601300958996096,0.2695288175512245,0.05056457153092382,0.020785099170670195,0.1533038509957605,0.08522709720872954,0.18455293209026835,0.03210735104869171,0.10203792959782564,0.043447934465895136,0.14746650301505806,0.23565174155673174,0.03502620114402732,0.08203400633183029,0.08911596519329136,0.04830928421976454,0.01034438337858528,0.1815118449143576,0.1533038509957605,0.11893124840031687,0.14599094827885595,0.09278463219385708,0.29403143732860854,0.18455293209026835,0.128510676798205
143,24,0.08212294914018696,0.011730447806687706,0.23913581648278254,0.11528978181941572,0.009482351430369839,0.29403143732860854,0,False,9,0,0,0,0,0,0,509,1584,2464,3352,3049,1515,3009,2753,1951,546,2991,2437,3119,3279,3059,2740,3201,2938,750,1831,3244,2448,3413,3358,0.23913581648278254,0.08919032756553656,0.040763928183443425,0.016899476186286615,0.11078610180592355,0.028278865969236962,0.03065860917282448,0.12727434976298424,0.08507459990534243,0.1928541628653801,0.14294445663452038,0.032119908290260554,0.02778910717164415,0.015172599487818557,0.021486815141820055,0.011730447806687706,0.14364010918260187,0.016899476186286615,0.15862456070580702,0.13325387794299393,0.026931880344027135,0.23281198309312376,0.028388336848321215,0.018240982628832888,0.2695288175512245,0.05056457153092382,0.019053007573114344,0.1405285300794471,0.08522709720872954,0.16917352108274597,0.029431738461300733,0.09353476879800683,0.039827273260403875,0.1351776277638032,0.2160140964270041,0.03210735104869171,0.0751978391375111,0.08168963476051708,0.04428351053478416,0.009482351430369839,0.1815118449143576,0.1405285300794471,0.11893124840031687,0.14599094827885595,0.09278463219385708,0.29403143732860854,0.18455293209026835,0.1178014537316879
144,24,0.07262602985385305,0.011126039022424542,0.23913581648278254,0.11815239358352687,0.008692155477839018,0.29403143732860854,0,False,10,0,0,0,0,0,0,509,1584,2464,3352,3049,3467,1515,3009,2753,1951,3461,3119,3279,3059,2740,3201,2938,750,546,2437,3244,2448,3413,3358,0.23913581648278254,0.08919032756553656,0.03876735893217805,0.016628000830263077,0.11078610180592355,0.03144929204675763,0.028772106619073614,0.029241869401791125,0.12359224881397587,0.08507459990534243,0.028772106619073614,0.026846915025370625,0.014684848410503666,0.020579335176206574,0.011126039022424542,0.14364010918260187,0.016628000830263077,0.15862456070580702,0.1928541628653801,0.03144929204675763,0.026147235304001527,0.23281198309312376,0.028388336848321215,0.017834068959013745,0.2695288175512245,0.05056457153092382,0.01746525694202148,0.12881781923949318,0.08522709720872954,0.11276507179463408,0.23840906099251713,0.02697909358952567,0.08574020473150626,0.039827273260403875,0.23840906099251713,0.06893135254271851,0.07488216519714065,0.04059321799021881,0.008692155477839018,0.1815118449143576,0.12881781923949318,0.11893124840031687,0.1351776277638032,0.11276507179463408,0.08505257951103565,0.29403143732860854,0.18455293209026835,0.10798466592071392
145,24,0.07195377918733414,0.010550436904071618,0.23913581648278254,0.11277280013600872,0.0079678091880191,0.29403143732860854,0,False,10,0,0,0,0,0,0,509,1584,2464,3352,3049,3467,1515,3009,2753,1951,3461,3119,3279,3059,2740,3201,2938,750,546,2437,3244,2448,3413,3358,0.23913581648278254,0.08919032756553656,0.03685218684851252,0.016307309334497474,0.11078610180592355,0.030704388068714103,0.02909677822374451,0.027871444068162377,0.12359224881397587,0.08137989775616994,0.02909677822374451,0.02589118396758292,0.014185702995179704,0.019689819581020545,0.010550436904071618,0.14364010918260187,0.016307309334497474,0.15513510195520158,0.1928541628653801,0.030704388068714103,0.02533053290681177,0.23281198309312376,0.028388336848321215,0.017388355601748756,0.2695288175512245,0.05056457153092382,0.01600981886351969,0.1180830009695354,0.08522709720872954,0.10336798247841457,0.21854163924314068,0.02473083579039853,0.08574020473150626,0.03650833382203689,0.21854163924314068,0.06318707316415863,0.0686419847640456,0.03721044982436724,0.0079678091880191,0.1815118449143576,0.1180830009695354,0.10902031103362379,0.1351776277638032,0.10336798247841457,0.07796486455178267,0.29403143732860854,0.18455293209026835,0.09898594376065442
146,24,0.07081176358127467,0.010002583809305611,0.23913581648278254,0.11531528556694465,0.007303825089017508,0.29403143732860854,0,False,10,0,0,0,0,0,0,509,1584,2464,3352,3049,3467,1515,3009,2753,1951,3461,3516,3279,3059,2740,3201,2938,750,546,2437,3244,2448,3413,3358,0.23913581648278254,0.08557385504018385,0.03501734946220591,0.015944788739628336,0.11078610180592355,0.02989833008572766,0.02909677822374451,0.02654852054914832,0.12359224881397587,0.07777332021265594,0.029261825800937166,0.014032388822811595,0.014032388822811595,0.018820911122419414,0.010002583809305611,0.14364010918260187,0.015944788739628336,0.15513510195520158,0.1928541628653801,0.02989833008572766,0.024490672428210722,0.23281198309312376,0.028278865969236962,0.01691110383721919,0.2695288175512245,0.04635085723668017,0.014675667291559714,0.10824275088874079,0.08522709720872954,0.09475398393854668,0.21854163924314068,0.02266993280786532,0.08574020473150626,0.033465972670200475,0.20032983597287896,0.14625515270037515,0.14625515270037515,0.03410957900566997,0.007303825089017508,0.1815118449143576,0.10824275088874079,0.10902031103362379,0.1351776277638032,0.09475398393854668,0.07146779250580078,0.29403143732860854,0.16917352108274597,0.09073711511393322
147,24,0.06161503072173146,0.00948141562167338,0.23913581648278254,0.11104934610354912,0.006695172998266048,0.2695288175512245,0,False,10,0,0,0,0,0,0,509,1584,2464,3352,3049,3467,3550,3009,2753,1951,3461,3516,3279,3059,1515,2938,750,3547,2437,3244,2740,3201,3358,546,0.23913581648278254,0.0820071780753317,0.03326143533204007,0.015547416575927302,0.11078610180592355,0.02904327509426186,0.028772106619073614,0.025273796502189923,0.12359224881397587,0.07426326834791007,0.029278080798126223,0.013829134665095423,0.013829134665095423,0.017974729059376155,0.029261825800937166,0.015547416575927302,0.15513510195520158,0.02979229864228103,0.02979229864228103,0.023635607600617222,0.00948141562167338,0.14364010918260187,0.0164089952649265,0.18947194519799823,0.2695288175512245,0.042488285800290154,0.01345269501726307,0.09922252164801239,0.08522709720872954,0.08685781861033445,0.23840906099251713,0.02078077174054321,0.08574020473150626,0.030677141614350433,0.18363568297513905,0.1340672233086772,0.1340672233086772,0.031267114088530806,0.20032983597287896,0.09922252164801239,0.10902031103362379,0.1701911519436678,0.1701911519436678,0.06551214313031738,0.006695172998266048,0.1815118449143576,0.08317568885443878,0.12391282545015293
148,24,0.04946817866857479,0.008985870013587745,0.2439514255988693,0.11742689469689238,0.00613724191507721,0.2470680827552891,0,False,10,0,0,0,0,0,0,509,1584,2464,3352,3049,3467,3550,3009,2753,3554,3461,3564,3516,3279,3059,3571,1515,2938,1951,3547,2437,3244,2740,750,0.2439514255988693,0.07850418060666596,0.03239726596261224,0.015121694370336069,0.10733097177540508,0.028150345790694888,0.028772106619073614,0.024047550289882976,0.12359224881397587,0.03239726596261224,0.029157686895250928,0.013932666876344632,0.013582378511475791,0.013932666876344632,0.01715292926745769,0.023359674995536456,0.029278080798126223,0.015121694370336069,0.07085626188934595,0.02955827240556125,0.02955827240556125,0.023359674995536456,0.008985870013587745,0.15513510195520158,0.2470680827552891,0.03894759531693264,0.09566497043249116,0.09095397817734469,0.07812483910800207,0.07961966705947325,0.23840906099251713,0.01904904076216461,0.08574020473150626,0.09566497043249116,0.16833270939387746,0.20622828803295412,0.12289495469962076,0.20622828803295412,0.028661521247819906,0.14338613120279092,0.18363568297513905,0.09095397817734469,0.028120713146487897,0.15600855594836213,0.15600855594836213,0.14338613120279092,0.00613724191507721,0.10902031103362379
149,24,0.04856127756781023,0.008514893319945921,0.2439514255988693,0.10943452836958863,0.005625805088820776,0.2470680827552891,0,False,10,0,0,0,0,0,0,509,1584,2464,3352,3049,3467,3550,3009,2753,3554,3461,3564,3516,3279,3059,3571,1515,2938,1951,3547,2437,3244,2740,750,0.2439514255988693,0.07507632456207135,0.03147877563602336,0.014673606532384875,0.10377695034271493,0.027229609391129738,0.02909677822374451,0.02286970415418684,0.12359224881397587,0.03147877563602336,0.028913591215736605,0.013963456656530164,0.013298345989962154,0.013963456656530164,0.01635676030228776,0.023002826108786525,0.029278080798126223,0.014673606532384875,0.06755716933142368,0.029209819472949303,0.029209819472949303,0.023002826108786525,0.008514893319945921,0.15130181076992208,0.2470680827552891,0.03570196237385492,0.08769288956311688,0.0833744799958993,0.07161443584900189,0.07298469480451715,0.21854163924314068,0.01746162069865089,0.08574020473150626,0.08769288956311688,0.15430498361105432,0.18904259736354126,0.11265370847465236,0.18904259736354126,0.026273061143834913,0.13143728693589168,0.18363568297513905,0.0833744799958993,0.025777320384280572,0.14300784295266528,0.14300784295266528,0.13143728693589168,0.005625805088820776,0.09993528511415514
150,24,0.04818296780249165,0.00806744620111881,0.2439514255988693,0.11174970913003009,0.0051569879980857105,0.2516660427272108,0,False,11,0,0,0,0,0,0,509,1584,2464,3352,3049,3616,3467,3550,3009,2753,3554,3461,3564,3516,3279,3059,3571,1515,2938,1951,3547,3244,2740,750,0.2439514255988693,0.07507632456207135,0.030518104651452667,0.014208600136637486,0.10377695034271493,0.029909661113703582,0.02629008517642677,0.02909677822374451,0.02173988054635273,0.12359224881397587,0.03147877563602336,0.028559107763368244,0.013927113530056781,0.012982958067254139,0.013927113530056781,0.015587115138181853,0.022575745851455498,0.029909661113703582,0.014208600136637486,0.0643694198583789,0.028760554646237467,0.022575745851455498,0.00806744620111881,0.15130181076992208,0.2470680827552891,0.03570196237385492,0.08038514876619048,0.07642660666290768,0.07161443584900189,0.2516660427272108,0.06690263690414072,0.21854163924314068,0.016006485640429984,0.08574020473150626,0.08769288956311688,0.14144623497679978,0.17328904758324615,0.103265899435098,0.17328904758324615,0.024083639381848668,0.12048417969123404,0.2516660427272108,0.07642660666290768,0.02362921035225719,0.13109052270660984,0.12048417969123404,0.0051569879980857105,0.09993528511415514
151,24,0.04765153099969723,0.007642508254881181,0.2439514255988693,0.1047612433116673,0.004727238998245235,0.2470680827552891,0,False,11,0,0,0,0,0,0,509,1584,2464,3352,3049,3616,3467,3550,3009,2753,3554,3461,3564,3516,3279,3059,3571,1515,2938,1951,3547,3244,2740,750,0.2439514255988693,0.07507632456207135,0.030518104651452667,0.013731581454424012,0.10015780630112306,0.03035969119996692,0.025339773998338453,0.029261825800937166,0.020657452073468727,0.12359224881397587,0.030518104651452667,0.028107554491352996,0.013829707238685445,0.0126417652838156,0.013829707238685445,0.014844578489783773,0.022575745851455498,0.03035969119996692,0.013731581454424012,0.06129519682476354,0.028223832547258132,0.02208872524165883,0.007642508254881181,0.15130181076992208,0.2470680827552891,0.03570196237385492,0.08038514876619048,0.07005772277433203,0.06564656619491839,0.23069387249994325,0.06132741716212899,0.20032983597287896,0.014672611837060819,0.08574020473150626,0.08038514876619048,0.12965904872873313,0.15884829361797562,0.09466040781550648,0.15884829361797562,0.022076669433361278,0.12048417969123404,0.23069387249994325,0.07005772277433203,0.02166010948956909,0.12016631248105901,0.1104438313836312,0.004727238998245235,0.09993528511415514
152,24,0.046927582926442855,0.00723908171915002,0.2439514255988693,0.1016852946176348,0.004333302415058132,0.2470680827552891,0,False,11,0,0,0,0,0,0,509,1584,2464,3352,3049,3616,3467,3550,3009,2753,3554,3461,3564,3516,3279,3059,3571,1515,2938,1951,3547,3663,2740,750,0.2439514255988693,0.07173290414870746,0.02952625394510846,0.01324692551891819,0.10015780630112306,0.030636002525553697,0.02438570392304031,0.029278080798126223,0.019621585551015203,0.12359224881397587,0.030518104651452667,0.02757196145020962,0.013677547936441584,0.012279904686245034,0.013677547936441584,0.01449386755477632,0.02208872524165883,0.030636002525553697,0.01324692551891819,0.06129519682476354,0.027612508739881258,0.01449386755477632,0.00723908171915002,0.15130181076992208,0.2470680827552891,0.03272679884270034,0.07368638636900793,0.06421957920980435,0.06564656619491839,0.21146938312494798,0.05621679906528491,0.18363568297513905,0.013449894183972416,0.08574020473150626,0.08038514876619048,0.1188541280013387,0.14561093581647763,0.08677204049754761,0.14561093581647763,0.10357028031391452,0.1104438313836312,0.21146938312494798,0.06421957920980435,0.02166010948956909,0.11015245310763742,0.10357028031391452,0.004333302415058132,0.09993528511415514
153,24,0.046302964707646936,0.006856194391189852,0.2439514255988693,0.09823018927764808,0.003972193880469954,0.2470680827552891,0,False,11,0,0,0,0,0,0,509,1584,2464,3352,3049,3616,3467,3550,3009,2753,3554,3461,3564,3516,3279,3059,3571,1515,3693,2938,1951,3547,2740,750,0.2439514255988693,0.07173290414870746,0.02851309020442808,0.012758495482630717,0.10015780630112306,0.03074881087283445,0.0234339871111248,0.029157686895250928,0.01863128065964794,0.1197549380627761,0.02952625394510846,0.026964844773187422,0.013477001508024269,0.0119020756730582,0.013477001508024269,0.014114171244863387,0.021551517932982482,0.03074881087283445,0.014478174498245316,0.012758495482630717,0.058335613048043175,0.02693876199801954,0.006856194391189852,0.15130181076992208,0.2470680827552891,0.03272679884270034,0.06754585417159059,0.05886794760898732,0.06564656619491839,0.1938469345312023,0.0515320658098445,0.16833270939387746,0.01232906966864138,0.0785951876705474,0.07368638636900793,0.10894961733456046,0.1334766911651045,0.07954103712275197,0.1334766911651045,0.0949394236210883,0.1012401787683286,0.1938469345312023,0.17827275695442163,0.05886794760898732,0.019855100365438333,0.1009730820153343,0.003972193880469954,0.09993528511415514
154,24,0.04547532834666412,0.006660353250917249,0.2439514255988693,0.10242334821578436,0.011301647196254597,0.2470680827552891,0,False,10,0,0,0,0,0,0,509,1584,3717,3049,3616,3467,3550,3009,2753,3554,3461,2464,3352,3059,3718,1515,3693,2938,1951,3547,3564,3279,2740,750,0.2439514255988693,0.06848128764775252,0.026890025957773043,0.09650343142596796,0.030710077486136977,0.022489883898505897,0.028913591215736605,0.01768540369870571,0.1197549380627761,0.02952625394510846,0.02629803962401739,0.027487375460523357,0.01226966900732649,0.013711235678417527,0.006660353250917249,0.030710077486136977,0.014396996833107512,0.01226966900732649,0.05549086853403212,0.026890025957773043,0.013234339350801752,0.013234339350801752,0.006660353250917249,0.1471882185905076,0.2470680827552891,0.029999565605808645,0.1758919918473898,0.06017601901200852,0.17769302332026876,0.047237726992357454,0.15430498361105432,0.011301647196254597,0.0785951876705474,0.07368638636900793,0.09987048255668042,0.061917032990624704,0.05396228530823838,0.0870278049859976,0.08697451105709747,0.17769302332026876,0.1634166938748865,0.05396228530823838,0.01820050866831847,0.1758919918473898,0.12235363356801245,0.12235363356801245,0.08697451105709747,0.09160734468797554
155,24,0.04499745961535754,0.00645579311170633,0.24730329896034914,0.09451925992455856,0.01035984326323338,0.226479075859015,0,False,10,0,0,0,0,0,0,509,1584,3717,3049,3616,3467,3550,3009,2753,3554,3461,2464,3352,3059,3718,1515,3693,2938,1951,3547,3564,3279,2740,750,0.24730329896034914,0.06848128764775252,0.026721431573061658,0.09650343142596796,0.030532930864697785,0.021557870827084196,0.028559107763368244,0.016782716912795894,0.11580478044526644,0.02851309020442808,0.025582584428612207,0.026456814755857015,0.011783369387503146,0.013290319422012099,0.00645579311170633,0.030532930864697785,0.014256827025262693,0.011783369387503146,0.0527603915097812,0.026721431573061658,0.012955620487798985,0.012955620487798985,0.00645579311170633,0.1471882185905076,0.226479075859015,0.029999565605808645,0.1612343258601073,0.06017601901200852,0.16288527137691303,0.04330124974299433,0.14144623497679978,0.01035984326323338,0.07204558869800179,0.06754585417159059,0.09154794234362372,0.05675728024140598,0.04946542819921851,0.07977548790383113,0.07972663513567267,0.16288527137691303,0.1497986360519793,0.04946542819921851,0.016683799612625266,0.1612343258601073,0.11215749743734474,0.11215749743734474,0.07972663513567267,0.09160734468797554
156,24,0.043757415275977346,0.0064058788042012,0.24730329896034914,0.1000997828422368,0.009496522991297265,0.226479075859015,0,False,10,0,0,0,0,0,0,509,1584,3717,3049,3616,3467,3550,3009,2753,3554,3461,2464,3758,3352,3766,3059,3718,1515,3693,2938,1951,3547,2740,750,0.24730329896034914,0.06532714426750375,0.026445100605988453,0.09650343142596796,0.03023116071057222,0.020641710065881943,0.028107554491352996,0.01592190384451699,0.11580478044526644,0.02851309020442808,0.024828648531536237,0.025428116485552515,0.0064058788042012,0.011302099533698616,0.0064058788042012,0.012856183153560031,0.0064058788042012,0.030532930864697785,0.014064273875443397,0.011302099533698616,0.05014296380299015,0.026445100605988453,0.0064058788042012,0.1428528599976577,0.226479075859015,0.02749960180532459,0.1477981320384317,0.06017601901200852,0.14931149876217026,0.03969281226441147,0.12965904872873313,0.009496522991297265,0.07204558869800179,0.06754585417159059,0.08391894714832174,0.05202750688795548,0.15641608220769995,0.04534330918261696,0.15641608220769995,0.07312753057851186,0.15641608220769995,0.16288527137691303,0.13731541638098102,0.04534330918261696,0.015293482978239827,0.1477981320384317,0.15641608220769995,0.08397339929731092
157,24,0.03751171103901333,0.006331084587614405,0.24730329896034914,0.10965941967338133,0.008705146075355826,0.22671474202372496,0,False,11,0,0,0,0,0,0,509,1584,3717,3049,3616,3467,3550,3009,3782,2753,3554,3461,2464,3758,3352,3766,3059,3718,1515,3784,3693,2938,1951,3547,0.24730329896034914,0.06227465459496622,0.026073318592181184,0.09650343142596796,0.029818788853612315,0.019744518259681085,0.02757196145020962,0.015101591138487459,0.006494362710526974,0.11580478044526644,0.027487375460523357,0.024045495677713608,0.024407060953937163,0.006331084587614405,0.01082797732207871,0.006494362710526974,0.012413092954071293,0.006494362710526974,0.03023116071057222,0.006494362710526974,0.013825895090943993,0.01082797732207871,0.04763683170177602,0.026073318592181184,0.226479075859015,0.02520796832154754,0.13548162103522907,0.06017601901200852,0.13686887386532273,0.03638507790904385,0.1188541280013387,0.008705146075355826,0.22671474202372496,0.07204558869800179,0.061917032990624704,0.07692570155262826,0.04769188131395919,0.14338140869039162,0.04156470008406555,0.22671474202372496,0.0670335696969692,0.22671474202372496,0.14931149876217026,0.22671474202372496,0.12587246501589927,0.04156470008406555,0.014019026063386507,0.13548162103522907
158,24,0.03648465331665129,0.006234360933633684,0.2492596365598387,0.1257984893190404,0.007979717235742841,0.2911551801884146,0,False,11,0,0,0,0,0,0,509,1584,3717,3049,3616,3467,3550,3009,3782,3811,3554,3461,2464,3758,3352,3766,3059,3807,3718,1515,3784,2753,1951,3547,0.2492596365598387,0.05932670395764851,0.02561823386282605,0.0928400266215251,0.029309716887926197,0.01886883334579294,0.026964844773187422,0.01432036719133627,0.006546169632198496,0.0067149947797733095,0.027487375460523357,0.023241476269081053,0.02339857354572723,0.006234360933633684,0.010362771148329812,0.0067149947797733095,0.01196483402700636,0.0067149947797733095,0.006546169632198496,0.029818788853612315,0.0067149947797733095,0.11580478044526644,0.04523980347005312,0.02561823386282605,0.2076058195374304,0.02310730429475191,0.12419148594895997,0.05516135076100781,0.12546313437654583,0.033352988083290194,0.10894961733456046,0.007979717235742841,0.2078218468550812,0.2911551801884146,0.061917032990624704,0.07051522642324257,0.043717557871129256,0.1314329579661923,0.03810097507706008,0.2911551801884146,0.061447438888888435,0.2911551801884146,0.2078218468550812,0.13686887386532273,0.2911551801884146,0.07204558869800179,0.01285077389143763,0.12419148594895997
159,24,0.03554378461000047,0.006276401976576017,0.2492596365598387,0.1232254296478839,0.01177987606715116,0.2668922485060467,0,False,11,0,0,0,0,0,0,509,1584,3717,3049,3616,3467,3550,3009,3782,3811,3554,3461,2464,3758,3352,3829,3766,3059,3807,1515,3823,3784,2753,1951,0.2492596365598387,0.0564850585955373,0.02509161980143199,0.0928400266215251,0.0287174466266817,0.018016678296921114,0.02629803962401739,0.013926942454897066,0.006563564957181966,0.006891838643776441,0.027487375460523357,0.022424042065227516,0.02240679966995997,0.006276401976576017,0.00990793480686745,0.006276401976576017,0.006891838643776441,0.01151473208776886,0.006891838643776441,0.029309716887926197,0.013926942454897066,0.006891838643776441,0.11580478044526644,0.04294933469528424,0.2076058195374304,0.021181695603522583,0.11384219545321331,0.05516135076100781,0.11500787317850034,0.030573572409682677,0.09987048255668042,0.09064807413276428,0.19050335961715775,0.2668922485060467,0.061917032990624704,0.06463895755463901,0.04007442804853515,0.20381354480234296,0.03492589382063841,0.20381354480234296,0.2668922485060467,0.056326818981481064,0.2668922485060467,0.12546313437654583,0.09064807413276428,0.2668922485060467,0.07204558869800179,0.01177987606715116
160,24,0.034792094418996965,0.006448135080546998,0.2492596365598387,0.12127256740953456,0.010798219728221896,0.2701624160688144,0,False,12,0,0,0,0,0,0,509,1584,3717,3049,3616,3467,3550,3853,3009,3782,3811,3554,3461,2464,3758,3352,3766,3059,3807,1515,3823,3784,2753,1951,0.2492596365598387,0.053750524979710626,0.024504694662027076,0.08919032756553656,0.02805486710602695,0.0171896210876735,0.025582584428612207,0.006448135080546998,0.013513099775479914,0.006549160793302377,0.00702543329666702,0.027487375460523357,0.021599777795917874,0.021435179290268568,0.006448135080546998,0.00946464105320856,0.00702543329666702,0.011065680101649229,0.00702543329666702,0.029309716887926197,0.013513099775479914,0.00702543329666702,0.1117796727671848,0.04076260261779872,0.2076058195374304,0.019416554303229035,0.1043553458321122,0.05056457153092382,0.10542388374695864,0.028025774708875788,0.09154794234362372,0.2701624160688144,0.08309406795503392,0.17462807964906127,0.24465122779720946,0.061917032990624704,0.05925237775841909,0.03673489237782389,0.2701624160688144,0.032015402668918544,0.24465122779720946,0.051632917399690975,0.24465122779720946,0.12546313437654583,0.08309406795503392,0.24465122779720946,0.06604178963983497,0.010798219728221896
161,24,0.03416065937752114,0.006505795495174243,0.2492596365598387,0.13468579643649792,0.009898368084203404,0.33098221472974654,0,False,9,0,0,0,0,0,0,509,1584,3717,3049,3616,3467,3871,3811,3554,3461,2464,3758,3352,3766,3059,3878,3807,3550,3853,3009,3782,2753,1951,1515,0.2492596365598387,0.053750524979710626,0.023867992176118683,0.08919032756553656,0.027334100510165656,0.016388830453563076,0.006748827952535506,0.0071171426642610645,0.026456814755857015,0.02077444496626304,0.02048651940985083,0.006748827952535506,0.009033813401941112,0.0071171426642610645,0.010620168457553616,0.006748827952535506,0.0071171426642610645,0.025582584428612207,0.006748827952535506,0.0130838421606223,0.006505795495174243,0.1117796727671848,0.03867657054290818,0.0287174466266817,0.2076058195374304,0.019416554303229035,0.09565906701276951,0.05056457153092382,0.09663856010137875,0.025690293483136138,0.33098221472974654,0.22426362548077533,0.05675728024140598,0.054314679611884166,0.03367365134633856,0.33098221472974654,0.029347452446508663,0.22426362548077533,0.04733017428305006,0.33098221472974654,0.22426362548077533,0.09154794234362372,0.33098221472974654,0.07616956229211443,0.16007573967830616,0.06604178963983497,0.009898368084203404,0.11500787317850034
162,24,0.033710440821663835,0.006436428899956712,0.2492596365598387,0.149133692787644,0.009073504077186453,0.386733696835601,0,False,10,0,0,0,0,0,0,509,1584,3717,3905,3049,3616,3467,3871,3811,3554,3461,2464,3758,3352,3894,3766,3059,3899,3550,3853,3009,3782,2753,1951,0.2492596365598387,0.05112309292684947,0.023191275743042222,0.02546897722570911,0.08919032756553656,0.027334100510165656,0.015615127223848724,0.007184902339618576,0.007168994146775844,0.026456814755857015,0.01995303391736805,0.019563063340145764,0.007184902339618576,0.008616155869708066,0.007184902339618576,0.007168994146775844,0.010180317035851696,0.007184902339618576,0.02546897722570911,0.007004263003687822,0.012643674121940507,0.006436428899956712,0.1117796727671848,0.036688043375506026,0.2076058195374304,0.01779850811129328,0.08768747809503871,0.16725228048165508,0.05056457153092382,0.09663856010137875,0.023549435692874793,0.386733696835601,0.20557499002404406,0.05675728024140598,0.04978845631089382,0.03086751373414368,0.386733696835601,0.026901831409299606,0.386733696835601,0.20557499002404406,0.04338599309279589,0.386733696835601,0.16725228048165508,0.3034003635022676,0.06982209876777155,0.14673609470511398,0.06604178963983497,0.009073504077186453
163,24,0.03345188093188362,0.006344054057317559,0.2492596365598387,0.16369673021705436,0.008317378737420915,0.43783922209930093,0,False,11,0,0,0,0,0,0,509,1584,3717,3905,3918,3049,3926,3467,3871,3811,3554,3461,2464,3758,3894,3766,3059,3616,3899,3550,3853,3782,2753,1951,0.2492596365598387,0.04860206337245325,0.022483489051802745,0.025248120099595404,0.015252502197937908,0.08919032756553656,0.007769537030550034,0.015252502197937908,0.0075741990922806495,0.007183522307037019,0.025428116485552515,0.01913982092816461,0.018666555957835944,0.0075741990922806495,0.007769537030550034,0.007183522307037019,0.00974790795608961,0.02656639881775463,0.0075741990922806495,0.025248120099595404,0.007213423051583759,0.006344054057317559,0.1117796727671848,0.034793715247009645,0.2076058195374304,0.01631529910201884,0.08038018825378548,0.15331459044151716,0.10492031605180191,0.05056457153092382,0.43783922209930093,0.10492031605180191,0.35450588876596756,0.18844374085537371,0.05202750688795548,0.045639418284986,0.028295220922965037,0.35450588876596756,0.43783922209930093,0.18844374085537371,0.03977049366839623,0.08858534675959719,0.35450588876596756,0.15331459044151716,0.27811699987707866,0.13450808681302115,0.06604178963983497,0.008317378737420915
164,24,0.029410555887461276,0.006392338292860685,0.2492596365598387,0.17997879296004418,0.007624263842635838,0.4082970647021369,0,False,7,0,0,0,0,0,0,509,1584,3717,3938,3954,3871,3952,3461,2464,3939,3905,3918,3049,3926,3467,3550,3853,3782,3811,3554,3758,3899,3957,1951,0.2492596365598387,0.04618616180072632,0.022313737554771236,0.022313737554771236,0.008116909646245288,0.00791283823385842,0.009564894006765617,0.01833842779191669,0.01779830445546435,0.025574643950839873,0.025574643950839873,0.014858549387689183,0.08919032756553656,0.008308595203645415,0.014858549387689183,0.02493165863502409,0.00737640622814183,0.006392338292860685,0.007163623835111819,0.024407060953937163,0.00791283823385842,0.008116909646245288,0.006392338292860685,0.032990210130432636,0.2076058195374304,0.014955690843517269,0.15701517256597003,0.15701517256597003,0.4082970647021369,0.3249637313688036,0.11978961919602989,0.041836133427903835,0.025937285846051282,0.22387170790472408,0.22387170790472408,0.09617695638081841,0.05056457153092382,0.4013526202576925,0.09617695638081841,0.14053837457139073,0.25494058322065544,0.20663241291193607,0.17274009578409255,0.04769188131395919,0.3249637313688036,0.4082970647021369,0.20663241291193607,0.007624263842635838
165,24,0.029545030095654363,0.0064071899159836975,0.2492596365598387,0.16654656790440256,0.006988908522416184,0.37427230931029215,0,False,7,0,0,0,0,0,0,509,1584,3717,3938,3954,3871,3952,3461,2464,3939,3905,3918,3049,3926,3976,3467,3550,3853,3782,3966,3811,3554,3967,1951,0.2492596365598387,0.0438736384034201,0.02205690608184087,0.02205690608184087,0.008608541638599265,0.008198497549355104,0.009598041947629973,0.018004543379266102,0.016959234327014888,0.02575813865630851,0.02575813865630851,0.014439367252637232,0.08557385504018385,0.008794714236484471,0.007687540761063533,0.014439367252637232,0.024531220910032795,0.007687540761063533,0.0064071899159836975,0.009598041947629973,0.00711242774748863,0.02339857354572723,0.018004543379266102,0.03127411626408354,0.2076058195374304,0.013709383273224162,0.1439305748521392,0.1439305748521392,0.37427230931029215,0.29788342042140326,0.1931404842630274,0.12168312230891186,0.023775845358880342,0.20521573224599707,0.20521573224599707,0.08816221001575021,0.04635085723668017,0.36790656856955145,0.3170288679522675,0.08816221001575021,0.12882684335710817,0.3170288679522675,0.18941304516927474,0.1931404842630274,0.15834508780208484,0.043717557871129256,0.12168312230891186,0.006988908522416184
166,24,0.029152851588227714,0.006391176833988498,0.2492596365598387,0.1535403378617043,0.006406499478881502,0.34308295020110113,0,False,7,0,0,0,0,0,0,509,1584,3717,3938,3954,3871,3952,3461,2464,3939,3905,3918,3049,3926,3976,3467,3550,3853,3782,3966,3811,3554,3967,1951,0.2492596365598387,0.04166235606791939,0.021723271084735592,0.021723271084735592,0.009043355327033034,0.008430282609871893,0.00958405497326262,0.017622052869736393,0.016149940511185353,0.02580774117394362,0.02580774117394362,0.014000546153961528,0.0820071780753317,0.00922247311324231,0.007947383995670049,0.014000546153961528,0.024058166880649535,0.007947383995670049,0.006391176833988498,0.00958405497326262,0.007033182959973217,0.02339857354572723,0.017622052869736393,0.02964201513008471,0.2076058195374304,0.012566934667122148,0.1319363602811276,0.1319363602811276,0.34308295020110113,0.273059802052953,0.1770454439077751,0.11154286211650254,0.02179452491230698,0.1881144212254973,0.1881144212254973,0.08081535918110436,0.042488285800290154,0.33724768785542214,0.29060979562291184,0.08081535918110436,0.11809127307734915,0.29060979562291184,0.17362862473850182,0.1770454439077751,0.14514966381857777,0.043717557871129256,0.11154286211650254,0.006406499478881502
167,24,0.028876674961519144,0.006347080577436548,0.2492596365598387,0.1485409992804986,0.005872624522308043,0.3336381518818736,0,False,7,0,0,0,0,0,0,509,1584,3717,3938,3954,4013,3952,3461,2464,3939,3905,3918,3049,3926,3976,3467,3871,3966,3811,3554,3967,3550,3782,1951,0.2492596365598387,0.03954986728842273,0.02132292804486939,0.02132292804486939,0.009417500441595205,0.00883057146462058,0.009527042551570764,0.017198770445405135,0.01537073375095646,0.02580774117394362,0.02573387951501584,0.013547155075723741,0.0820071780753317,0.009588344620488942,0.008155437746271909,0.013547155075723741,0.00883057146462058,0.009527042551570764,0.006929163934726529,0.02240679966995997,0.017198770445405135,0.023523394895938767,0.006347080577436548,0.028090505662153223,0.2076058195374304,0.011519690111528634,0.12094166359103363,0.12094166359103363,0.31449270435100934,0.3336381518818736,0.1622916569154605,0.10224762360679399,0.019978314502948062,0.1881144212254973,0.17243821945670584,0.07408074591601232,0.042488285800290154,0.3091437138674703,0.2663923126543358,0.07408074591601232,0.3336381518818736,0.1622916569154605,0.13305385850036294,0.04007442804853515,0.10224762360679399,0.10825033365423672,0.15915957267696,0.005872624522308043
168,24,0.0285308693629297,0.006803594028840439,0.2492596365598387,0.15486802003243128,0.005383239145449039,0.32752628659980787,0,False,7,0,0,0,0,0,0,509,1584,3717,3938,3954,4013,3952,3461,2464,3939,3905,3918,3049,4046,3926,3976,3467,3871,4038,3554,3967,3550,3811,1951,0.2492596365598387,0.03753348106275786,0.020865607645965473,0.020865607645965473,0.009728903808288676,0.009171618319279777,0.00967454720672674,0.01674201020795141,0.014621682326660933,0.02573387951501584,0.02554780761173886,0.013083743173066932,0.07850418060666596,0.008526737662741438,0.009890567919223632,0.008526737662741438,0.013083743173066932,0.009171618319279777,0.00967454720672674,0.021435179290268568,0.01674201020795141,0.022937199260608013,0.006803594028840439,0.02661622428894183,0.2076058195374304,0.010559715935567914,0.11086319162511415,0.11086319162511415,0.2882849789884252,0.30583497255838415,0.2321006855058388,0.09372698830622782,0.018313454961035723,0.17243821945670584,0.1580683678353137,0.0679073504230113,0.03894759531693264,0.32752628659980787,0.28338173771184777,0.32752628659980787,0.0679073504230113,0.30583497255838415,0.2321006855058388,0.03673489237782389,0.09372698830622782,0.09922947251638366,0.12196603695866602,0.005383239145449039
169,24,0.028581029786999706,0.00884090250713628,0.2492596365598387,0.14695438353980728,0.004934635883328285,0.3002324293831572,0,False,7,0,0,0,0,0,0,509,1584,3717,3938,3954,4013,3952,3461,4064,2464,3939,3905,3918,3049,4046,3926,3976,3467,3871,4038,3554,3967,3550,1951,0.2492596365598387,0.03561032078881058,0.02036053848609461,0.02036053848609461,0.009977096942151025,0.009451942777139276,0.00976644533031126,0.016258532071745102,0.01426119751132264,0.01426119751132264,0.02554780761173886,0.025261202699775397,0.012614352723133191,0.07850418060666596,0.00884090250713628,0.010128964963004864,0.00884090250713628,0.012614352723133191,0.009451942777139276,0.00967454720672674,0.02048651940985083,0.016258532071745102,0.022937199260608013,0.025215861355368564,0.2076058195374304,0.00967973960760392,0.1016245923230213,0.1016245923230213,0.26426123073938973,0.28034872484518547,0.21275896171368555,0.0859164059473755,0.10012066704761609,0.10012066704761609,0.1580683678353137,0.14489600384903756,0.06224840455442702,0.03894759531693264,0.3002324293831572,0.2597665929025271,0.3002324293831572,0.06224840455442702,0.28034872484518547,0.2321006855058388,0.03367365134633856,0.0859164059473755,0.09922947251638366,0.004934635883328285
170,24,0.02768678833268449,0.009096832617982845,0.2492596365598387,0.1530280057220275,0.008873094640303593,0.34031966444142003,0,False,8,0,0,0,0,0,0,509,1584,3717,3938,3954,4085,4013,3952,3461,4064,2464,3939,3905,3918,3049,4046,3926,3976,3467,3871,4038,3554,3967,3550,0.2492596365598387,0.03377737411470405,0.01981635049585225,0.01981635049585225,0.010163005528426364,0.00992097610202631,0.00992097610202631,0.009805948764487376,0.015754512227663543,0.0138741845961602,0.0138741845961602,0.025261202699775397,0.02488582764195243,0.012142540518415188,0.07850418060666596,0.009096832617982845,0.010304722450911203,0.009096832617982845,0.012142540518415188,0.00967154772427747,0.00976644533031126,0.019563063340145764,0.015754512227663543,0.022309172106731164,0.2076058195374304,0.008873094640303593,0.09315587629610286,0.09315587629610286,0.24223946151110723,0.34031966444142003,0.34031966444142003,0.19502904823754508,0.07875670545176088,0.09177727812698142,0.09177727812698142,0.14489600384903756,0.13282133686161776,0.05706103750822476,0.03894759531693264,0.2752130602678941,0.23811937682731651,0.2752130602678941,0.05706103750822476,0.25698633110808666,0.21275896171368555,0.03086751373414368,0.07875670545176088,0.09096034980668502
171,24,0.027404291736947514,0.009294807147605944,0.2492596365598387,0.16660975809708378,0.008133670086944959,0.3952930257379683,0,False,9,0,0,0,0,0,0,509,1584,3717,3938,3954,4085,4109,4013,3952,3461,4064,2464,4116,3939,3905,3918,3049,4046,3926,3976,3467,3871,4038,3554,0.2492596365598387,0.03203153563036335,0.01924101300616976,0.01924101300616976,0.010288719916499517,0.010589677843920878,0.010589677843920878,0.010323437290740579,0.00979683970411453,0.015235533488873809,0.013466168058806825,0.013466168058806825,0.025063388365059926,0.02488582764195243,0.025063388365059926,0.011671405201826458,0.07850418060666596,0.009294807147605944,0.010420157991968207,0.009294807147605944,0.011671405201826458,0.009831708886620352,0.009805948764487376,0.018666555957835944,0.2076058195374304,0.008133670086944959,0.08539288660476095,0.08539288660476095,0.22205283971851494,0.3952930257379683,0.3952930257379683,0.311959692404635,0.17877662755108298,0.07219364666411414,0.08412917161639963,0.08412917161639963,0.20508622545648295,0.13282133686161776,0.20508622545648295,0.05230595104920603,0.03894759531693264,0.2522786385789029,0.21827609542504012,0.2522786385789029,0.05230595104920603,0.2355708035157461,0.19502904823754508,0.028295220922965037
172,24,0.027205405428667704,0.009436278685251077,0.2492596365598387,0.16772163733785886,0.007455864246366212,0.3623519402598043,0,False,9,0,0,0,0,0,0,509,1584,3717,3938,3954,4085,4109,4013,3952,3461,4064,2464,4116,3939,4132,3905,3049,4046,3926,3976,3467,3871,4038,3554,0.2492596365598387,0.030369643218444632,0.01864180155143778,0.01864180155143778,0.010624375157288054,0.011190249639399475,0.011190249639399475,0.010657233024688769,0.009743284788193227,0.014706591273647027,0.013042181983358568,0.013042181983358568,0.025063388365059926,0.02443325678964879,0.010624375157288054,0.02511074211929141,0.07850418060666596,0.009436278685251077,0.010478485556680607,0.009436278685251077,0.011203618476696639,0.00993475131612043,0.00979683970411453,0.01779830445546435,0.2076058195374304,0.007455864246366212,0.07827681272103088,0.07827681272103088,0.286881769741972,0.3623519402598043,0.3623519402598043,0.28596305137091543,0.1638785752551594,0.06617750944210463,0.07711840731503299,0.07711840731503299,0.20508622545648295,0.1217528921231496,0.286881769741972,0.1879957066684427,0.03894759531693264,0.23125541869732766,0.20008642080628677,0.23125541869732766,0.047947121795105525,0.21593990322276727,0.17877662755108298,0.025937285846051282
173,24,0.027006928814331397,0.009523658484629747,0.2492596365598387,0.16641729102055355,0.006834542225835694,0.4154892785714872,0,False,10,0,0,0,0,0,0,509,1584,3717,3938,4157,3954,4085,4109,4013,3952,3461,4064,2464,4116,3939,4132,3905,3049,4046,3926,3467,3871,4038,3554,0.2492596365598387,0.028788508812408787,0.01802528788012821,0.01802528788012821,0.01201844235586825,0.010891131208597098,0.01201844235586825,0.011716280497089063,0.010922003189649785,0.009649672022862505,0.01417211148992292,0.012606765465957898,0.012606765465957898,0.02511074211929141,0.023914661317825343,0.010891131208597098,0.025038042713552852,0.07507632456207135,0.009523658484629747,0.010483591591466506,0.01074145852028915,0.009983826726744374,0.009743284788193227,0.016959234327014888,0.2076058195374304,0.006834542225835694,0.07175374499427829,0.07175374499427829,0.4154892785714872,0.26297495559680767,0.4154892785714872,0.3321559452381539,0.2621327970900058,0.15022202731722945,0.060662716988595905,0.07069187337211356,0.07069187337211356,0.1879957066684427,0.1116068177795538,0.26297495559680767,0.1723293977794058,0.03570196237385492,0.21198413380588368,0.18341255240576287,0.04395152831218006,0.19794491128753666,0.1638785752551594,0.023775845358880342
174,24,0.02686409621402271,0.009520472206015925,0.2492596365598387,0.16798724736592086,0.006264997040349386,0.46419850535719664,0,False,10,0,0,0,0,0,0,509,1584,3717,3938,4157,3954,4085,4109,4013,3952,3461,4064,2464,4116,3939,4132,3905,3049,4180,3926,3467,3871,4038,3554,0.2492596365598387,0.027284944240668893,0.017397348179169533,0.017397348179169533,0.013101480114293539,0.011090075275145082,0.012772089044563062,0.012163725881569134,0.01111888812377249,0.009520472206015925,0.013635977115148105,0.012163970275062129,0.012163970275062129,0.025038042713552852,0.02334064829260062,0.011090075275145082,0.024856244508251326,0.07173290414870746,0.013101480114293539,0.010439829710354554,0.010286844279692585,0.009982702090420941,0.009649672022862505,0.016149940511185353,0.2076058195374304,0.006264997040349386,0.0657742662447551,0.0657742662447551,0.46419850535719664,0.24106037596374036,0.3808651720238633,0.3044762831349744,0.24028839733250532,0.13770352504079364,0.05560749057287958,0.06480088392443743,0.06480088392443743,0.1723293977794058,0.10230624963125765,0.24106037596374036,0.157968614631122,0.03272679884270034,0.46419850535719664,0.16812817303861596,0.040288900952831726,0.18144950201357526,0.15022202731722945,0.02179452491230698
175,24,0.02427966594376137,0.009360124866398254,0.2492596365598387,0.16295433536441647,0.005742913953653604,0.42551529657743026,0,False,10,0,0,0,0,0,0,509,1584,3717,3938,4157,3954,4085,4109,4013,3952,3461,4064,2464,4116,3939,4132,3905,4180,3926,3467,3871,4038,3554,4212,0.2492596365598387,0.025855782769564163,0.016763185125954476,0.016763185125954476,0.014114296458615661,0.011223550109771762,0.013442000954956242,0.012530732542788105,0.011250276876331679,0.009360124866398254,0.013101560780420048,0.011717377755960056,0.012019567912950448,0.024856244508251326,0.022721146838992092,0.011223550109771762,0.024576711125031077,0.014114296458615661,0.01035183885801477,0.009841369631952883,0.009935566649987447,0.009520472206015925,0.016149940511185353,0.012019567912950448,0.2076058195374304,0.005742913953653604,0.06029307739102551,0.06029307739102551,0.42551529657743026,0.22097201130009533,0.3491264076885413,0.27910325954039317,0.2202643642214632,0.12622823128739416,0.050973533025139614,0.05940081026406764,0.142734143597401,0.157968614631122,0.09378072882865283,0.22097201130009533,0.14480456341186182,0.42551529657743026,0.15411749195206462,0.03693149254009575,0.16632871017911066,0.13770352504079364,0.02179452491230698,0.142734143597401
176,24,0.0244250230059128,0.009172947542554077,0.2492596365598387,0.17844683800752026,0.005264337790849136,0.4733890218626444,0,False,10,0,0,0,0,0,0,509,1584,3717,3938,4157,3954,4085,4241,4013,3952,3461,4064,2464,4116,3939,4132,3905,4228,4243,3871,4038,3554,4212,4231,0.2492596365598387,0.024497896895294306,0.016127360008984227,0.016127360008984227,0.015429469843175416,0.01129490034666789,0.014021843584371252,0.015429469843175416,0.011319553186650178,0.009172947542554077,0.012571761149120649,0.011270122409745065,0.011833792405540531,0.024856244508251326,0.022065334482408494,0.01129490034666789,0.024210887346121663,0.015429469843175416,0.009648925254120382,0.009846861689455266,0.009360124866398254,0.016149940511185353,0.011833792405540531,0.01314795710448072,0.2076058195374304,0.005264337790849136,0.055268654275106716,0.055268654275106716,0.4733890218626444,0.20255767702508737,0.32003254038116286,0.4733890218626444,0.20190900053634125,0.11570921201344464,0.04672573860637798,0.054450742742062005,0.13083963163095091,0.157968614631122,0.08596566809293175,0.20255767702508737,0.13273751646087334,0.4733890218626444,0.11718720149508778,0.15246798433085143,0.12622823128739416,0.02179452491230698,0.13083963163095091,0.339177987912027
177,24,0.024504353175395552,0.008963066443688604,0.2492596365598387,0.1768059745078714,0.004825642974945041,0.5172732700407574,0,False,8,0,0,0,0,0,0,509,1584,3717,3938,4265,4241,4013,3952,3461,4064,2464,4116,3939,4157,3954,4085,4243,3871,4038,3554,4212,4132,3905,4228,0.2492596365598387,0.023208212876430545,0.015493831767351609,0.015493831767351609,0.01709488802306139,0.016665096625164626,0.011330851885830768,0.008963066443688604,0.01204904131473056,0.010824920001473694,0.011612137159601245,0.024576711125031077,0.021381596873299717,0.016665096625164626,0.011308228838000858,0.014507990376558082,0.009432057392133606,0.00972113510177828,0.009360124866398254,0.01537073375095646,0.011612137159601245,0.011308228838000858,0.023770032814985475,0.01709488802306139,0.2076058195374304,0.004825642974945041,0.050662933085514485,0.050662933085514485,0.5172732700407574,0.43393993670742403,0.18508325049164615,0.10606677767899092,0.04283192705584648,0.04991318084689017,0.11993632899503834,0.14480456341186182,0.07880186241852077,0.43393993670742403,0.1856778706063301,0.29336316201606594,0.10742160137049712,0.13976231896994715,0.12622823128739416,0.019978314502948062,0.11993632899503834,0.1856778706063301,0.12167605675580055,0.5172732700407574
178,24,0.02370400756788261,0.008734366080923674,0.2492596365598387,0.16742255795301528,0.004423506060366287,0.4741671642040276,0,False,9,0,0,0,0,0,0,509,1584,3717,3938,4265,4286,4241,4013,3952,3461,4064,2464,4116,3939,4157,3954,4085,4243,3871,4038,3554,4212,4293,4292,0.2492596365598387,0.021983722444487767,0.014866000366388256,0.014866000366388256,0.018692237458813966,0.01155877721063614,0.01780188438781667,0.011288834644061838,0.008734366080923674,0.011535467824580998,0.010384098445021368,0.01135988829156536,0.024210887346121663,0.020677514529373484,0.01780188438781667,0.01155877721063614,0.014899279426813256,0.009194878895887675,0.009562921019667112,0.009172947542554077,0.014621682326660933,0.011652858826246238,0.01155877721063614,0.011652858826246238,0.2076058195374304,0.004423506060366287,0.04644102199505494,0.04644102199505494,0.4741671642040276,0.2535380480558026,0.3977782753151387,0.16965964628400895,0.09722787953907501,0.03926259980119261,0.04575374910964932,0.10994163491211847,0.13273751646087334,0.0722350405503107,0.3977782753151387,0.2535380480558026,0.2689162318480604,0.09846980125628903,0.1281154590557849,0.11570921201344464,0.018313454961035723,0.19327496824545182,0.2535380480558026,0.19327496824545182
179,24,0.023657535526181116,0.008490455259776467,0.2492596365598387,0.1669099131841921,0.004054880555335763,0.434653233853692,0,False,9,0,0,0,0,0,0,509,1584,3717,3938,4265,4286,4241,4013,3952,3461,4064,2464,4116,3939,4157,3954,4085,4243,3871,4038,3554,4212,4318,4311,0.2492596365598387,0.02082149208039052,0.014246752437898115,0.014246752437898115,0.020193554782358774,0.011738847649565745,0.01882458087258045,0.011198490666218771,0.008490455259776467,0.011032749264727916,0.00994963006440897,0.01108205198923468,0.023770032814985475,0.019959870831162966,0.01882458087258045,0.012041591513251817,0.015196706704179566,0.008941217751214186,0.009376643488258285,0.008963066443688604,0.013902649388292842,0.011636315729331746,0.012041591513251817,0.012041591513251817,0.2076058195374304,0.004054880555335763,0.04257093682880036,0.04257093682880036,0.434653233853692,0.2324098773844857,0.3646300857055438,0.1555213424270082,0.08912555624415208,0.03599071648442655,0.04194093668384521,0.10077983200277527,0.12167605675580055,0.06621545383778481,0.3646300857055438,0.3157432107178191,0.24650654586072202,0.0902639844849316,0.11743917080113614,0.10606677767899092,0.016787333714282746,0.17716872089166416,0.3157432107178191,0.3157432107178191
180,24,0.023551087204633833,0.008234646815627652,0.2492596365598387,0.1569255050819334,0.0037169738423911158,0.398432131032551,0,False,9,0,0,0,0,0,0,509,1584,3717,3938,4336,4286,4241,4013,3952,3461,4064,2464,4116,3939,4265,4243,3871,4038,3554,4212,4329,4342,4157,4311,0.2492596365598387,0.01971867019944743,0.013638507562047807,0.013638507562047807,0.015800329671610085,0.011851380790680235,0.01972206657389627,0.011064965192003277,0.008234646815627652,0.010814157940911132,0.009523164139338005,0.010783303769236028,0.02326501356892465,0.019234676197909154,0.021575341792497402,0.008674593895758313,0.009166542295718305,0.008734366080923674,0.013213326157463772,0.011567494483558947,0.010814157940911132,0.012765054989547947,0.01972206657389627,0.012444122157417912,0.2076058195374304,0.0037169738423911158,0.03902335875973366,0.03902335875973366,0.3092976670389952,0.21304238760244523,0.3342442452300818,0.14256123055809086,0.08169842655713941,0.11632482344405767,0.038445858626858107,0.09238151266921066,0.11153638535948383,0.06069749935130274,0.398432131032551,0.08274198577785397,0.10765257323437478,0.09722787953907501,0.015388389238092517,0.1624046608173588,0.11632482344405767,0.3727646098246675,0.3342442452300818,0.28943127649133416
181,24,0.023458838060705724,0.007969948595672753,0.2492596365598387,0.15462885853208755,0.003407226022191856,0.42503422567261184,0,False,8,0,0,0,0,0,0,509,1584,3717,3938,4336,4351,4013,3952,3461,4354,4064,2464,4116,3939,4265,4286,4241,4038,3554,4212,4329,4365,4157,3871,0.2492596365598387,0.018672492546519866,0.013043263953075914,0.013043263953075914,0.0162990567003714,0.011174356777705216,0.011174356777705216,0.007969948595672753,0.010568547380402828,0.00934090337619503,0.00934090337619503,0.010467956325453115,0.022706145808765357,0.018507204088240196,0.022818997481688814,0.011900262067254242,0.02048723319508293,0.008490455259776467,0.01255326129544183,0.011451626265652926,0.010568547380402828,0.013749842533278581,0.02048723319508293,0.008936618564059255,0.2076058195374304,0.003407226022191856,0.03577141219642252,0.03577141219642252,0.28352286145241223,0.21401446134491664,0.21401446134491664,0.07489022434404445,0.10663108815705287,0.11857537040795327,0.11857537040795327,0.08468305328010976,0.10224168657952684,0.05563937440536084,0.36522945344650504,0.19528885530224147,0.30639055812757493,0.08912555624415208,0.014106023468251473,0.1488709390825789,0.10663108815705287,0.42503422567261184,0.30639055812757493,0.09868152546484354
182,24,0.023262972154472077,0.0076990633961277555,0.2492596365598387,0.13371324391583536,0.0031232905203425346,0.33479366565929625,0,False,8,0,0,0,0,0,0,509,1584,3717,3938,4336,4351,4013,3952,3461,4354,4064,2464,4116,3939,4265,4286,4241,4386,4038,3554,4212,4329,4157,3871,0.2492596365598387,0.017680286066220942,0.012462642634965902,0.012462642634965902,0.016692580391495473,0.011223501068100083,0.011223501068100083,0.0076990633961277555,0.010300509749791277,0.009134509521339417,0.009134509521339417,0.010139942756683359,0.02210308544837946,0.017782035169841358,0.023910935841014634,0.011890072741591361,0.02111669777761393,0.012229351171564847,0.008234646815627652,0.012229351171564847,0.011294025211992013,0.010300509749791277,0.02111669777761393,0.008690597461766173,0.2076058195374304,0.0031232905203425346,0.03279046118005397,0.03279046118005397,0.25989595633137785,0.19617992289950692,0.19617992289950692,0.06864937231537407,0.09774516414396513,0.10869408954062383,0.10869408954062383,0.07762613217343395,0.09372154603123294,0.05100275987158077,0.33479366565929625,0.17901478402705467,0.2808580116169437,0.0962638548458972,0.08169842655713941,0.0962638548458972,0.13646502749236397,0.09774516414396513,0.2808580116169437,0.09045806500943991
183,24,0.02246147658428657,0.007615870340110852,0.2492596365598387,0.14884203709148344,0.00286301631031399,0.30689419352102154,0,False,8,0,0,0,0,0,0,509,1584,3717,3938,4336,4351,4013,3952,3461,4354,4064,2464,4116,4403,4407,4265,4286,4241,4386,4399,4038,4412,3554,4212,0.2492596365598387,0.016739471479957614,0.011897929460751744,0.011897929460751744,0.016982844872860656,0.011216690331808037,0.011216690331808037,0.007615870340110852,0.010014314557269373,0.008907987533542999,0.008907987533542999,0.010055625859225446,0.021464756704300408,0.010055625859225446,0.012130851895380986,0.024842442737472676,0.012130851895380986,0.021610402250912243,0.011884631955753868,0.007615870340110852,0.007969948595672753,0.01138622275572273,0.011884631955753868,0.01138622275572273,0.2076058195374304,0.00286301631031399,0.030057922748382804,0.030057922748382804,0.23823795997042968,0.17983159599121468,0.17983159599121468,0.14626192462242624,0.0895997337986347,0.09963624874557184,0.09963624874557184,0.15449062115898113,0.08591141719529685,0.15449062115898113,0.24743021869146678,0.30689419352102154,0.24743021869146678,0.2574531773155317,0.08824186694207242,0.14626192462242624,0.07489022434404445,0.20842627520133364,0.08824186694207242,0.20842627520133364
184,24,0.02233920377699167,0.007505571405154214,0.2492596365598387,0.13746578291191364,0.0026244316177878244,0.2813196773942697,0,False,8,0,0,0,0,0,0,509,1584,3717,3938,4336,4351,4013,3952,3461,4354,4064,2464,4116,4403,4407,4265,4286,4241,4386,4399,4038,4412,3554,4212,0.2492596365598387,0.015847564772155976,0.011350114546042163,0.011350114546042163,0.017173660464395273,0.011158670506732872,0.011158670506732872,0.007505571405154214,0.009713883893342046,0.008665071455617571,0.008665071455617571,0.009932859356602134,0.02079931312034483,0.009932859356602134,0.012298776265575795,0.025609332244497567,0.012298776265575795,0.02197114401666497,0.011884631955753868,0.007505571405154214,0.0076990633961277555,0.011418412620030795,0.01152370791316803,0.011418412620030795,0.2076058195374304,0.0026244316177878244,0.027553095852684235,0.027553095852684235,0.21838479663956054,0.16484562965861344,0.16484562965861344,0.1340734309038907,0.08213308931541514,0.09133322801677418,0.09133322801677418,0.14161640272906603,0.07875213242902211,0.14161640272906603,0.2268110338005112,0.2813196773942697,0.2268110338005112,0.2359987458725707,0.08824186694207242,0.1340734309038907,0.06864937231537407,0.19105741893455583,0.08088837803023305,0.19105741893455583
185,24,0.022917299960076864,0.0073716607356860125,0.2492596365598387,0.14248371017222175,0.002405728982972172,0.3412097042780806,0,False,9,0,0,0,0,0,0,509,1584,3717,4455,3938,4336,4351,4013,3952,3461,4354,4450,4116,4403,4407,4265,4286,4241,4386,4399,4038,4412,3554,4212,0.2492596365598387,0.015002177761802925,0.010819928859991486,0.02688745419609599,0.010819928859991486,0.017270317043614827,0.011054452675626224,0.011054452675626224,0.0073716607356860125,0.009402781085833825,0.00840920025277262,0.008626072798616454,0.02011412483728576,0.00977627505491148,0.01239722059293452,0.02688745419609599,0.01239722059293452,0.02220407658176937,0.01152370791316803,0.0073716607356860125,0.007424395815372164,0.011395122429898166,0.011150754356393833,0.011395122429898166,0.2076058195374304,0.002405728982972172,0.025257004531627214,0.3412097042780806,0.025257004531627214,0.2001860635862638,0.151108493853729,0.151108493853729,0.12290064499523314,0.07528866520579722,0.083722125682043,0.16705545901537633,0.0721894547266036,0.1298150358349772,0.20791011431713527,0.3412097042780806,0.20791011431713527,0.21633218371652313,0.08088837803023305,0.12290064499523314,0.0629285912890929,0.17513596735667616,0.07414767986104696,0.17513596735667616
186,24,0.02284680607028974,0.007148064254664987,0.2492596365598387,0.13186244145055837,0.002205251567724491,0.3127755622549072,0,False,9,0,0,0,0,0,0,509,1584,3717,4455,3938,4336,4351,4013,3952,3461,4354,4450,4116,4403,4407,4265,4286,4241,4386,4399,4038,4412,3554,4212,0.2492596365598387,0.014201017912211098,0.010307877851637847,0.027985164939697812,0.010307877851637847,0.01727921489524165,0.010909152525290008,0.010909152525290008,0.007217517251757917,0.009084210054890096,0.008143505727492523,0.008550799426024755,0.02011412483728576,0.009590405888639067,0.012430471399567808,0.027985164939697812,0.012430471399567808,0.02231621152297002,0.01152370791316803,0.007217517251757917,0.007148064254664987,0.011321279975399412,0.010769518807825436,0.011321279975399412,0.2076058195374304,0.002205251567724491,0.02315225415399161,0.3127755622549072,0.02315225415399161,0.18350389162074182,0.13851611936591823,0.13851611936591823,0.1126589245789637,0.06901460977198078,0.07674528187520609,0.15313417076409497,0.0721894547266036,0.11899711618206242,0.190584271457374,0.3127755622549072,0.190584271457374,0.1983045017401462,0.08088837803023305,0.1126589245789637,0.05768454201500182,0.16054130341028647,0.06796870653929304,0.16054130341028647
187,24,0.02269809801888981,0.006871916568417972,0.2492596365598387,0.12223192449342217,0.00202148060374745,0.28671093206699827,0,False,9,0,0,0,0,0,0,509,1584,3717,4455,3938,4336,4351,4013,3952,3461,4354,4450,4116,4403,4407,4265,4286,4241,4386,4399,4038,4412,3554,4212,0.2492596365598387,0.01344188751139161,0.00981427209227471,0.028896633740391912,0.00981427209227471,0.01727921489524165,0.010727857914732793,0.010727857914732793,0.0070463545467951685,0.008761022947943729,0.007870810127054354,0.00844319650769622,0.01941578650366692,0.009379607027154315,0.012403473027891299,0.028896633740391912,0.012403473027891299,0.02231594521314779,0.011150754356393833,0.0070463545467951685,0.006871916568417972,0.011202030009770414,0.010383331571695787,0.011202030009770414,0.2076058195374304,0.00202148060374745,0.021222899641158977,0.28671093206699827,0.021222899641158977,0.18350389162074182,0.12697310941875836,0.12697310941875836,0.10327068086405006,0.06326339229098238,0.0703498417189389,0.14037298986708704,0.06617366683271995,0.10908068983355722,0.17470224883592617,0.28671093206699827,0.17470224883592617,0.181779126595134,0.07414767986104696,0.10327068086405006,0.052877496847084995,0.14716286145942925,0.06230464766101862,0.14716286145942925
188,24,0.022570405539394264,0.0068611851877918425,0.2492596365598387,0.11679660892497441,0.0018530238867684957,0.2628183543947484,0,False,9,0,0,0,0,0,0,509,1584,3717,4455,3938,4336,4351,4013,3952,3461,4354,4450,4116,4516,4407,4265,4286,4241,4386,4399,4038,4412,3554,4212,0.2492596365598387,0.012722682337335815,0.009339254990810434,0.02962075095515971,0.009580113567757035,0.01720752612013655,0.010515523284101096,0.010515523284101096,0.0068611851877918425,0.008435733953009809,0.007593631304731966,0.008307201997920902,0.01871014089674652,0.009580113567757035,0.012321599343743788,0.02962075095515971,0.012321599343743788,0.022212626450417022,0.011150754356393833,0.0068611851877918425,0.006871916568417972,0.011042579728295832,0.009995123276004218,0.011042579728295832,0.2076058195374304,0.0018530238867684957,0.019454324671062395,0.2628183543947484,0.10278765800439574,0.16821190065234667,0.11639201696719516,0.11639201696719516,0.09466479079204589,0.057991442933400514,0.06448735490902732,0.12867524071149644,0.06065919459665996,0.10278765800439574,0.16014372809959898,0.2628183543947484,0.16014372809959898,0.1666308660455395,0.07414767986104696,0.09466479079204589,0.052877496847084995,0.13489928967114348,0.05711259368926706,0.13489928967114348
189,24,0.02238033342400352,0.006597548122593972,0.2492596365598387,0.10804186894302681,0.0016986052295377876,0.24091682486185267,0,False,9,0,0,0,0,0,0,509,1584,3717,4455,3938,4336,4351,4013,3952,3461,4354,4450,4116,4516,4407,4265,4286,4241,4386,4399,4038,4412,3554,4212,0.2492596365598387,0.012041389906614141,0.008882827693790594,0.030160498761933902,0.009327098240886102,0.01706289469598432,0.010276888710916511,0.010276888710916511,0.006664797335152806,0.008110537507526328,0.007314193566907568,0.008146662020907048,0.018002314020710244,0.009327098240886102,0.012190455176812068,0.030160498761933902,0.012190455176812068,0.02201617481200666,0.011150754356393833,0.006664797335152806,0.006597548122593972,0.010848072569269859,0.009607447322868546,0.010848072569269859,0.2076058195374304,0.0016986052295377876,0.01783313094847386,0.24091682486185267,0.09422201983736275,0.15419424226465112,0.10669268221992889,0.10669268221992889,0.08677605822604206,0.05315882268895047,0.05911340866660838,0.1179523039855384,0.05560426171360496,0.09422201983736275,0.1467984174246324,0.24091682486185267,0.1467984174246324,0.15274496054174455,0.07414767986104696,0.08677605822604206,0.04847103877649458,0.12365768219854818,0.05235321088182814,0.12365768219854818
190,24,0.02192844286204172,0.006326321254527856,0.2492596365598387,0.10550513115984346,0.001557054793742972,0.24091682486185267,0,False,9,0,0,0,0,0,0,509,1584,3717,4455,3938,4336,4351,4013,3952,3461,4354,4450,4116,4516,4265,4286,4241,4386,4399,4038,4568,4412,3554,4212,0.2492596365598387,0.011396087390765095,0.008444871319163357,0.030160498761933902,0.00905900496631452,0.0168531791832675,0.010016420878138812,0.010016420878138812,0.0066263378053549645,0.007787329423364924,0.007034442613740916,0.007965265582044238,0.01729675812986655,0.00905900496631452,0.03052226882836601,0.012015708996733085,0.021736754388553724,0.011150754356393833,0.006459741628506204,0.006326321254527856,0.0066263378053549645,0.010623488714583516,0.009222505543151682,0.010623488714583516,0.2076058195374304,0.001557054793742972,0.016347036702767704,0.24091682486185267,0.08637018485091585,0.14134472207593018,0.09780162536826814,0.09780162536826814,0.1628780533738719,0.048728920798204595,0.05418729127772434,0.10812294532007685,0.050970573237471214,0.08637018485091585,0.2208404227900316,0.1345652159725797,0.1400162138299325,0.07414767986104696,0.07954472004053856,0.04443178554512003,0.1628780533738719,0.11335287534866917,0.04799044330834246,0.11335287534866917
191,24,0.021513628433238518,0.006059385336073637,0.2492596365598387,0.10392356792433512,0.0014273002275977241,0.24091682486185267,0,False,9,0,0,0,0,0,0,509,1584,3717,4455,3938,4336,4351,4013,3952,3461,4354,4450,4116,4516,4265,4286,4241,4386,4399,4038,4568,4602,3554,4212,0.2492596365598387,0.01078493927275738,0.008025166696595223,0.030160498761933902,0.008779288609134977,0.01658623888386039,0.009738272975049686,0.009738272975049686,0.006560833580364098,0.007467729726749997,0.006756063245709948,0.007766496540119154,0.016597299759737543,0.008779288609134977,0.030715172591714288,0.011802956387511328,0.021384503563577885,0.010769518807825436,0.006409470201713788,0.006059385336073637,0.006560833580364098,0.006409470201713788,0.008842175676911994,0.010373569854282476,0.2076058195374304,0.0014273002275977241,0.014984783644203728,0.24091682486185267,0.07917266944667287,0.12956599523626933,0.08965148992091246,0.08965148992091246,0.14930488225938257,0.04466817739835421,0.04967168367124731,0.09911269987673711,0.04672302546768194,0.07917266944667287,0.20243705422419564,0.12335144797486472,0.12834819601077146,0.06796870653929304,0.15624932670382702,0.040729136749693355,0.14930488225938257,0.15624932670382702,0.04399123969931392,0.10390680240294674
192,24,0.021366650543450202,0.005797696822953925,0.2492596365598387,0.10605628223414088,0.0013083585419645803,0.2208404227900316,0,False,10,0,0,0,0,0,0,509,1584,3717,4455,3938,4620,4336,4351,4013,3952,4617,3461,4354,4450,4116,4516,4265,4241,4399,4038,4568,4602,3554,4212,0.2492596365598387,0.010206194805167284,0.007623411800249364,0.03052226882836601,0.008491074076001545,0.016317435485174687,0.01626976192929501,0.009446260529200941,0.009446260529200941,0.0064713277320214355,0.007337584249981811,0.007337584249981811,0.006480498752739481,0.007553600556396922,0.016317435485174687,0.008491074076001545,0.03075037894322326,0.020969318605179595,0.006334338187706398,0.005797696822953925,0.0064713277320214355,0.006334338187706398,0.008468039589821329,0.010102765329400397,0.2076058195374304,0.0013083585419645803,0.013736051673853417,0.2208404227900316,0.07257494699278345,0.12616277334537512,0.11876882896658021,0.08218053242750309,0.08218053242750309,0.13686280873776735,0.12427916261515803,0.12427916261515803,0.045532376698643365,0.09085330822034235,0.12616277334537512,0.07257494699278345,0.18556729970551267,0.11765251300987384,0.1432285494785081,0.03733504202055224,0.13686280873776735,0.1432285494785081,0.040325303057704424,0.09524790220270117
193,24,0.020872919820310944,0.006208971121485136,0.2492596365598387,0.11782168088941496,0.001199328663467532,0.2208404227900316,0,False,10,0,0,0,0,0,0,509,1584,3717,4636,4647,4336,4351,4013,3952,4652,4617,3461,4354,4450,4455,3938,4620,4265,4241,4399,4568,4602,3554,4212,0.2492596365598387,0.009658185322444607,0.007239237064954541,0.008408563202957693,0.008408563202957693,0.015911132195045776,0.009143850298728372,0.009143850298728372,0.006360837203360022,0.006524882643654542,0.007186927742398256,0.007186927742398256,0.006208971121485136,0.007329564696398674,0.03052226882836601,0.008408563202957693,0.015990837476962384,0.03064050382319048,0.02050068689040827,0.006237297772633195,0.006524882643654542,0.006237297772633195,0.008101411385423928,0.009815196595882253,0.2076058195374304,0.001199328663467532,0.012591380701032297,0.14986036807671815,0.14986036807671815,0.10887142655269852,0.07533215472521117,0.07533215472521117,0.12545757467628674,0.20879090800962008,0.11392256573056153,0.11392256573056153,0.041738011973756414,0.08328219920198049,0.2208404227900316,0.14986036807671815,0.11564920889992719,0.1701033580633866,0.10784813692571768,0.13129283702196576,0.20879090800962008,0.13129283702196576,0.03696486113622906,0.08731057701914273
194,24,0.020665295298727345,0.005942501387420252,0.2492596365598387,0.10872406102202421,0.001099384608178571,0.2076058195374304,0,False,10,0,0,0,0,0,0,509,1584,3717,4636,4647,4336,4351,4013,3952,4652,4617,3461,4354,4450,4455,3938,4620,4265,4241,4399,4568,4602,3554,4212,0.2492596365598387,0.009139321451583214,0.0068722187756890644,0.008295140313861808,0.008295140313861808,0.015517330977455626,0.008834159584303607,0.008834159584303607,0.00623229214845394,0.006543997377678208,0.007018974296407623,0.007018974296407623,0.005942501387420252,0.007097107446214627,0.030715172591714288,0.008295140313861808,0.015624697441881427,0.030399067179786497,0.01998756441970401,0.006121245781549976,0.006543997377678208,0.006121245781549976,0.007743364784759413,0.009514636983491014,0.2076058195374304,0.001099384608178571,0.011542098975946272,0.13737200407032496,0.13737200407032496,0.09979880767330697,0.0690544751647769,0.0690544751647769,0.11500277678659616,0.19139166567548507,0.10442901858634807,0.10442901858634807,0.03825984430927671,0.07634201593514878,0.20243705422419564,0.13737200407032496,0.10601177482493325,0.15592807822477106,0.09886079218190787,0.12035176727013527,0.19139166567548507,0.12035176727013527,0.033884456041543304,0.08003469560088083
195,24,0.02046135278582654,0.005681929621613227,0.24990687963070488,0.09966372260352219,0.00100776922416369,0.19030533457597787,1,False,10,0,0,0,0,0,0,509,1584,3717,4636,4647,4336,4351,4013,3952,4652,4617,3461,4354,4450,4455,3938,4620,4265,4241,4399,4568,4602,3554,4212,0.24990687963070488,0.008648090258522466,0.006521890714951238,0.008154673220326085,0.008154673220326085,0.015094868899413895,0.008519963605854967,0.008519963605854967,0.00608848971420739,0.006531260983598265,0.0068367422213131395,0.0068367422213131395,0.005681929621613227,0.00685867707346198,0.03075037894322326,0.008154673220326085,0.015225785256018348,0.03004002524269496,0.01943829172974595,0.00598897163955054,0.006531260983598265,0.00598897163955054,0.007394759320858717,0.009204503892808595,0.19030533457597787,0.00100776922416369,0.010580257394617416,0.12592433706446454,0.12592433706446454,0.09148224036719806,0.06329993556771216,0.06329993556771216,0.10541921205437982,0.17544236020252799,0.09572660037081905,0.09572660037081905,0.03507152395017032,0.06998018127388637,0.18556729970551267,0.12592433706446454,0.09717746025618881,0.14293407170604014,0.09062239283341554,0.11032245333095733,0.17544236020252799,0.11032245333095733,0.031060751371414695,0.07336513763414076
196,24,0.020206611139578032,0.0054279341788251575,0.249344612600731,0.09185471124665241,0.0009237884554833824,0.17444655669464637,0,False,10,0,0,0,0,0,0,509,1584,3717,4636,4647,4336,4351,4013,3952,4652,4617,3461,4354,4450,4455,3938,4620,4265,4241,4399,4568,4602,3554,4212,0.249344612600731,0.008183052361554498,0.006187754244213774,0.007990921483049975,0.007990921483049975,0.014649743406753249,0.008203708898672186,0.008203708898672186,0.005932060608533762,0.006489494124937499,0.006643029376613363,0.006643029376613363,0.0054279341788251575,0.006616456478943233,0.03064050382319048,0.007990921483049975,0.01480038982936384,0.03004002524269496,0.01886054222113262,0.005843118618163231,0.006489494124937499,0.005843118618163231,0.0070562650392999235,0.008887860828713736,0.17444655669464637,0.0009237884554833824,0.009698569278399297,0.11543064230909249,0.11543064230909249,0.08385872033659822,0.058024940937069475,0.058024940937069475,0.09663427771651482,0.16082216351898398,0.08774938367325079,0.08774938367325079,0.03214889695432279,0.06414849950106251,0.1701033580633866,0.11543064230909249,0.08907933856817307,0.14293407170604014,0.08307052676396424,0.10112891555337755,0.16082216351898398,0.10112891555337755,0.028472355423796804,0.06725137616462903
197,24,0.019962808402104546,0.0051810499460035585,0.249344612600731,0.08530216804693376,0.0008468060841931005,0.17444655669464637,0,False,10,0,0,0,0,0,0,509,1584,3717,4636,4647,4336,4351,4013,3952,4652,4617,3461,4354,4450,4455,3938,4620,4265,4241,4399,4568,4602,3554,4212,0.249344612600731,0.007742839037784168,0.00586928698530793,0.007807476458937601,0.007807476458937601,0.014187417372321445,0.007887530993570887,0.007887530993570887,0.00576544667534037,0.0064216437579760035,0.006440398954667448,0.006440398954667448,0.0051810499460035585,0.006372372922570034,0.030399067179786497,0.007807476458937601,0.01435428390436723,0.03004002524269496,0.018261297146521412,0.005686156683448604,0.0064216437579760035,0.005686156683448604,0.006728385511179488,0.008567426969762251,0.17444655669464637,0.0008468060841931005,0.008890355171866022,0.10581142211666811,0.10581142211666811,0.0768704936418817,0.053189529192313685,0.053189529192313685,0.08858142124013858,0.14742031655906865,0.08043693503381322,0.08043693503381322,0.029469822208129222,0.058802791209307294,0.15592807822477106,0.10581142211666811,0.08165606035415865,0.14293407170604014,0.07614798286696722,0.09270150592392942,0.14742031655906865,0.09270150592392942,0.0260996591384804,0.06164709481757661
198,24,0.019743939810627175,0.0049416854210440385,0.249344612600731,0.08634966164899786,0.0007762389105103421,0.17444655669464637,0,False,10,0,0,0,0,0,0,509,1584,3717,4636,4647,4336,4351,4013,3952,4652,4617,3461,4354,4450,4455,3938,4620,4265,4241,4760,4568,4602,3554,4212,0.249344612600731,0.00732614934418138,0.005565950256059603,0.0076077178224799435,0.0076077178224799435,0.014187417372321445,0.007573274940915083,0.007573274940915083,0.005735076207307046,0.006330694242534502,0.006231173774022736,0.006231173774022736,0.0049416854210440385,0.006128111247387309,0.03004002524269496,0.0076077178224799435,0.013892708437597085,0.03004002524269496,0.017646841942988264,0.005735076207307046,0.006330694242534502,0.005520365205023211,0.006411479055405779,0.00824559228992455,0.17444655669464637,0.0007762389105103421,0.008149492240877187,0.09699380360694576,0.09699380360694576,0.0768704936418817,0.04875706842628754,0.04875706842628754,0.16453296947012702,0.13513529017914624,0.07373385711432878,0.07373385711432878,0.02701400369078512,0.05390255860853169,0.14293407170604014,0.09699380360694576,0.07485138865797876,0.14293407170604014,0.06980231762805328,0.16453296947012702,0.13513529017914624,0.08497638043026863,0.023924687543607034,0.05650983691611189
199,24,0.019477749004239747,0.004710138523640508,0.249344612600731,0.08784900629772312,0.0007115523346344802,0.17444655669464637,0,False,10,0,0,0,0,0,0,509,1584,3717,4636,4647,4336,4351,4013,3952,4652,4617,3461,4354,4450,4789,4455,3938,4620,4265,4241,4760,4568,4602,4212,0.249344612600731,0.0069317472708883745,0.005277195402417096,0.007394784284897088,0.007394784284897088,0.013712814649927964,0.007262517508875663,0.007262517508875663,0.005681015199295441,0.006219594696724305,0.006017437314636682,0.006017437314636682,0.004710138523640508,0.006036906434479623,0.006036906434479623,0.029577380188032985,0.007394784284897088,0.013420372572214363,0.029577380188032985,0.01702277915103217,0.005681015199295441,0.006219594696724305,0.005347823830900746,0.007924436561220986,0.17444655669464637,0.0007115523346344802,0.007470367887470755,0.08891098663970028,0.08891098663970028,0.07046461917172489,0.044693979390763576,0.044693979390763576,0.15082188868094976,0.12387401599755071,0.06758936902146805,0.06758936902146805,0.024762836716553025,0.13274401205782072,0.13274401205782072,0.13102289906387013,0.08891098663970028,0.06861377293648052,0.13102289906387013,0.0639854578257155,0.15082188868094976,0.12387401599755071,0.0778950153944129,0.051800683839769227
200,24,0.019233937860403044,0.004486611095907154,0.249344612600731,0.08158891360540768,0.0006522563067482735,0.17444655669464637,0,False,10,0,0,0,0,0,0,509,1584,3717,4636,4647,4336,4351,4013,3952,4652,4617,3461,4354,4450,4789,4455,3938,4620,4265,4241,4760,4568,4602,4212,0.249344612600731,0.006558458941117387,0.005002469157124671,0.007171556230432875,0.007171556230432875,0.013230328845490366,0.006956590127198107,0.006956590127198107,0.005605893680722863,0.006091201677660549,0.005801039928450281,0.005801039928450281,0.004486611095907154,0.0059269915667333325,0.0059269915667333325,0.029024864938427836,0.007171556230432875,0.012941465648495328,0.029577380188032985,0.016394053775182445,0.005605893680722863,0.006091201677660549,0.0051704099471810575,0.00760575085915388,0.17444655669464637,0.0006522563067482735,0.006847837230181526,0.08150173775305858,0.08150173775305858,0.06459256757408115,0.040969481108199944,0.040969481108199944,0.13825339795753727,0.11355118133108814,0.061956921603012374,0.061956921603012374,0.022699266990173605,0.12168201105300232,0.12168201105300232,0.12010432414188095,0.08150173775305858,0.06289595852510714,0.13102289906387013,0.05865333634023921,0.13825339795753727,0.11355118133108814,0.07140376411154516,0.04748396018645512
201,24,0.018929023875271397,0.0043813765404915285,0.249344612600731,0.07971917628877491,0.0005979016145192507,0.17444655669464637,0,False,10,0,0,0,0,0,0,509,1584,3717,4636,4647,4336,4351,4013,3952,4652,4617,3461,4354,4836,4450,4789,4455,3938,4620,4265,4241,4760,4602,4212,0.249344612600731,0.006205169869125849,0.00474121814303832,0.006940648097828736,0.006940648097828736,0.01274384204438545,0.006656601857054314,0.006656601857054314,0.005512326048297035,0.006091201677660549,0.0055836088727824005,0.0055836088727824005,0.0043813765404915285,0.0043813765404915285,0.005801076097187946,0.005801076097187946,0.028395697870631356,0.006940648097828736,0.01245967817212576,0.029577380188032985,0.015764987559642018,0.005512326048297035,0.00498980129680347,0.007291060459224123,0.17444655669464637,0.0005979016145192507,0.006277184127666398,0.07470992627363703,0.07470992627363703,0.059209853609574384,0.03755535768251662,0.03755535768251662,0.12673228146107582,0.11355118133108814,0.05679384480276134,0.05679384480276134,0.10414099474099248,0.10414099474099248,0.11154184346525212,0.11154184346525212,0.11009563046339087,0.07470992627363703,0.05765462864801488,0.13102289906387013,0.053765558311885946,0.12673228146107582,0.06545345043558305,0.043526963504250525
202,24,0.018664318001999927,0.00426727956215319,0.24768098288614177,0.07781684042359947,0.0005480764799759797,0.15990934363675915,0,False,10,0,0,0,0,0,0,509,1584,3717,4636,4647,4336,4351,4013,3952,4652,4617,3461,4354,4836,4450,4871,4455,3938,4620,4265,4241,4760,4602,4212,0.24768098288614177,0.005870822285324716,0.004492892627682416,0.0067044085154560834,0.0067044085154560834,0.012256750713694068,0.006363461845585364,0.006363461845585364,0.005402857077804784,0.006091201677660549,0.005366561025359367,0.005366561025359367,0.00426727956215319,0.00426727956215319,0.00566173239877029,0.007161704351476946,0.027702400366742312,0.0067044085154560834,0.01197822913125244,0.029024864938427836,0.015139319244284043,0.005402857077804784,0.004807482506890201,0.007161704351476946,0.15990934363675915,0.0005480764799759797,0.005754085450360865,0.06848409908416728,0.06848409908416728,0.05427569914210985,0.034425744542306895,0.034425744542306895,0.11617125800598616,0.11355118133108814,0.05206102440253123,0.05206102440253123,0.09546257851257643,0.09546257851257643,0.10224668984314778,0.12323304987889633,0.10092099459144162,0.06848409908416728,0.0528500762606803,0.12010432414188095,0.04928509511922878,0.11617125800598616,0.05999899623261779,0.12323304987889633
203,24,0.018141924384478033,0.004146063479323282,0.24768098288614177,0.09217685638957757,0.0005024034399779814,0.17084069696986173,0,False,10,0,0,0,0,0,0,509,1584,4885,3717,4636,4647,4336,4892,3952,4652,4617,3461,4354,4836,4450,4871,4455,3938,4876,4265,4351,4760,4602,4212,0.24768098288614177,0.005554412535505684,0.00425299009718977,0.004256949624762843,0.006464926418918539,0.006631656311062761,0.011771996459362688,0.014894724359534367,0.005279920577256254,0.005948235799377425,0.005151117338911022,0.005151117338911022,0.004146063479323282,0.00425299009718977,0.0055113682181358575,0.007012603986266081,0.026956669208813306,0.006464926418918539,0.006631656311062761,0.028395697870631356,0.006077900872277635,0.005279920577256254,0.004624754454397726,0.007012603986266081,0.15990934363675915,0.0005024034399779814,0.17084069696986173,0.005274578329497459,0.06277709082715334,0.1461104241604867,0.04975272421360069,0.1285113371926264,0.10649031983882064,0.10408858288683079,0.047722605702320293,0.047722605702320293,0.08750736363652839,0.17084069696986173,0.0937261323562188,0.11296362905565496,0.09251091170882147,0.06277709082715334,0.1461104241604867,0.11009563046339087,0.03155693249711465,0.10649031983882064,0.05499907987989964,0.11296362905565496
204,24,0.01788220330625891,0.00403285542817942,0.24768098288614177,0.11828147746080338,0.0004605364866464829,0.23993730555570658,0,False,9,0,0,0,0,0,0,509,1584,4885,3717,4636,4647,4336,4892,4917,4617,3461,4354,4908,4836,4911,4455,3938,4914,4876,4265,4351,3952,4652,4909,0.24768098288614177,0.005254988559417068,0.00422034950630812,0.00403285542817942,0.006224041616301993,0.006535334198950271,0.011292099744598641,0.014606207337765362,0.005278519246228278,0.004938318274396471,0.004938318274396471,0.004122982860357543,0.004122982860357543,0.004329191954373504,0.007023465678271697,0.02616929555889356,0.006224041616301993,0.0067038799016405255,0.0067038799016405255,0.027702400366742312,0.005800491715984225,0.005145809271023939,0.0057932506375691145,0.004329191954373504,0.15990934363675915,0.0004605364866464829,0.15660397222237324,0.00483503013537267,0.05754566659155722,0.13393455548044614,0.0456066638624673,0.11780205909324085,0.18094945985225225,0.0437457218937936,0.0437457218937936,0.1635484166668177,0.1635484166668177,0.23993730555570658,0.1868833266343504,0.08480166906641969,0.05754566659155722,0.21726788881377948,0.21726788881377948,0.10092099459144162,0.028927188122355094,0.09761612651891892,0.09541453431292822,0.23993730555570658
205,24,0.017141807480292107,0.0038200876546680847,0.24768098288614177,0.12137739284023108,0.0004221584460926093,0.23325271527791622,0,False,9,0,0,0,0,0,0,509,1584,4885,3717,4636,4647,4336,4892,4917,4617,3461,4354,4932,4911,4936,4876,4265,4351,3952,4652,4929,4908,4914,4926,0.24768098288614177,0.004971647452433548,0.004171292763747011,0.0038200876546680847,0.005983358501703193,0.006418484347910637,0.0110982211607715,0.014280379426888777,0.0052528598434600105,0.004851001133972645,0.004729039612156516,0.004082991951522219,0.004188291960152,0.007000950058523047,0.00613766879899132,0.006739501894469999,0.026956669208813306,0.005531668169261476,0.005002654382318829,0.005628612169738564,0.004851001133972645,0.004188291960152,0.006739501894469999,0.0110982211607715,0.15990934363675915,0.0004221584460926093,0.14355364120384212,0.004432110957424948,0.05275019437559412,0.1227733425237423,0.12513944187392836,0.10798522083547077,0.1658703381978979,0.12343357840264414,0.0401002450693108,0.14991938194458287,0.23325271527791622,0.17130971608148785,0.13608352770892745,0.19916223141263117,0.09251091170882147,0.026516589112158834,0.089481449309009,0.08746332312018419,0.12343357840264414,0.23325271527791622,0.19916223141263117,0.12513944187392836
206,24,0.016890621860676313,0.0036181368625685085,0.24502871943244328,0.11579940360645673,0.0003869785755848919,0.2138149890047565,0,False,9,0,0,0,0,0,0,509,1584,4885,3717,4636,4647,4336,4892,4917,4617,3461,4953,4354,4932,4911,4948,4936,4876,4265,4351,3952,4652,4929,4926,0.24502871943244328,0.004703533112815372,0.004107763661119593,0.0036181368625685085,0.005892405855995572,0.00628404797732768,0.010872970238774982,0.01392348290050236,0.005205293860817587,0.0048727835342455205,0.004524008178749366,0.0048727835342455205,0.0040279831592719756,0.004229440886872859,0.0069481322986217516,0.005892405855995572,0.006031558458421883,0.006741040767073526,0.02616929555889356,0.005271742603911176,0.004852413371721442,0.00545648701520279,0.004750274369868048,0.0110982211607715,0.14658356500036254,0.0003869785755848919,0.1315908377701886,0.0040627683776395355,0.13168767817762794,0.11254223064676376,0.114711155051101,0.09898645243251487,0.15204781001473974,0.19648078020242382,0.03675855798020156,0.19648078020242382,0.13742610011586762,0.2138149890047565,0.15703390640803053,0.13168767817762794,0.1247432337331835,0.18256537879491191,0.08480166906641969,0.024306873352812265,0.08202466186659159,0.08017471286016883,0.11314744686909047,0.12513944187392836
207,24,0.016604327143985676,0.0034265078063478124,0.24150177936701536,0.11297397954831125,0.00035473036095281754,0.19599707325436014,0,False,9,0,0,0,0,0,0,509,1584,4885,3717,4636,4647,4336,4892,4917,4617,3461,4953,4354,4932,4911,4948,4936,4876,4265,4351,3952,4652,4929,4974,0.24150177936701536,0.004449833976005414,0.004031670565295604,0.0034265078063478124,0.005783410533789251,0.006134821882938706,0.010895142710971414,0.013541332144707648,0.0051382269450503,0.004870236979431363,0.004323817144424373,0.004870236979431363,0.003959834656746165,0.004247804432477931,0.006868195224506835,0.005783410533789251,0.005908485442979952,0.006711308800452243,0.025350122492633322,0.00502092205129501,0.004696864358241979,0.00545648701520279,0.004638256700950755,0.010895142710971414,0.134368267916999,0.00035473036095281754,0.12062493462267287,0.003724204346169574,0.12071370499615894,0.10316371142620011,0.18848522546350926,0.09073758139647196,0.1393771591801781,0.18010738185222183,0.03369534481518476,0.18010738185222183,0.12597392510621197,0.19599707325436014,0.14394774754069464,0.12071370499615894,0.1143479642554182,0.16735159722866924,0.07773486331088471,0.022281300573411243,0.07518927337770895,0.08017471286016883,0.10371849296333292,0.18848522546350926
208,24,0.016199053538244173,0.0032447203793913052,0.24150177936701536,0.10664320623516448,0.00032516949754008275,0.1796639838164968,0,False,9,0,0,0,0,0,0,509,1584,4885,3717,4636,4647,4336,4892,4917,4617,3461,4953,4354,4932,4911,4948,4936,4876,4265,4351,5012,3952,4652,4929,0.24150177936701536,0.004209780836539961,0.0039448519201490005,0.0032447203793913052,0.005659010340675002,0.005973427484358716,0.010865089237551492,0.013139277376681715,0.005054055659876575,0.004845419302575406,0.00412894064352202,0.004845419302575406,0.0038803722073914152,0.004245009332205985,0.006764338743377994,0.005659010340675002,0.005771095885000244,0.006653296002670921,0.024508033602027,0.004779322806002685,0.004654630330593437,0.004654630330593437,0.005278837835111216,0.004516935651298867,0.134368267916999,0.00032516949754008275,0.11057285673745013,0.003413853983988776,0.11065422957981236,0.09456673547401676,0.17277812334155015,0.0831761162800993,0.12776239591516325,0.16509843336453667,0.030887399413919363,0.16509843336453667,0.11547609801402764,0.1796639838164968,0.13195210191230342,0.11065422957981236,0.10481896723413334,0.1534056307929468,0.07125695803497764,0.02042452552562697,0.15225683392956654,0.15225683392956654,0.07349348678848809,0.09507528521638851
209,24,0.016006812330310278,0.0030723102911601923,0.24150177936701536,0.11352794369249652,0.0002980720394117425,0.22290209776876935,0,False,9,0,0,0,0,0,0,509,1584,4885,3717,4636,4647,4336,4892,4917,4617,3461,4953,4354,4932,5018,4911,4948,4936,4876,4265,4351,5012,5036,4929,0.24150177936701536,0.003982644757426571,0.003948317200824406,0.0030723102911601923,0.005521706162521986,0.005802290580151091,0.010787554881803729,0.012722186984476474,0.004955116935961412,0.0048005047932067725,0.0039397475494604775,0.0048005047932067725,0.0037913400162369795,0.00422285320125617,0.003948317200824406,0.006639706501189169,0.005521706162521986,0.005621876198220835,0.006570070721000439,0.02365096592235531,0.004546983594412792,0.004713430151528126,0.004713430151528126,0.0043881518091571856,0.134368267916999,0.0002980720394117425,0.18469178534266262,0.0031293661519897114,0.10143304378149466,0.08668617418451535,0.15837994639642097,0.07624477325675769,0.11711552958889965,0.1513402305841586,0.028313449462759415,0.1513402305841586,0.105853089846192,0.16469198516512204,0.18469178534266262,0.12095609341961146,0.10143304378149466,0.09608405329795555,0.1406218282268679,0.0653188781987295,0.01872248173182472,0.22290209776876935,0.22290209776876935,0.08715234478168947
210,24,0.015910011818355125,0.002983847980310957,0.24150177936701536,0.11881100964419979,0.00027323270279409727,0.2122366758746289,0,False,9,0,0,0,0,0,0,509,1584,4885,3717,4636,4647,4336,4892,4917,4617,3461,4953,4354,4932,5018,4911,5043,4936,5057,4876,5058,4265,4351,5036,0.24150177936701536,0.003767735066248725,0.003933244699257088,0.002983847980310957,0.0053738359794418674,0.005623630022744818,0.010667466953189358,0.012294444780965795,0.004843649201315134,0.004737714278273431,0.0037565142995151083,0.004737714278273431,0.003694379585131735,0.004183233295410673,0.003933244699257088,0.006497328621536154,0.002983847980310957,0.005604026124899391,0.005604026124899391,0.0066314211755967665,0.0066314211755967665,0.02278594127133094,0.004323877372880141,0.00474595930712188,0.134368267916999,0.00027323270279409727,0.16930080323077407,0.08620191897265725,0.09298029013303677,0.07946232633580573,0.14518161753005254,0.06989104215202788,0.107355902123158,0.13872854470214538,0.025953995340862797,0.13872854470214538,0.097031999025676,0.15096765306802853,0.16930080323077407,0.11087641896797716,0.08620191897265725,0.1714103821897926,0.1714103821897926,0.2122366758746289,0.2122366758746289,0.05987563834883537,0.017162274920839327,0.20432692295470523
211,24,0.015568029686281118,0.0028915789416518738,0.24150177936701536,0.12856626807619756,0.00025046331089458913,0.2706330127084798,0,False,9,0,0,0,0,0,0,509,1584,4885,3717,4636,4647,4336,4892,4917,5074,4953,5076,4932,5018,4911,5043,5080,5082,4265,4351,5036,4617,4936,5087,0.24150177936701536,0.00356439743677371,0.003901374994966237,0.0028915789416518738,0.005217558246382521,0.005439453631056106,0.01050979183453902,0.011859958853021607,0.0047217639181262655,0.003671750077196621,0.004659257412155724,0.0036836274444738463,0.004128085866540666,0.003901374994966237,0.006340078938341095,0.002966152511995582,0.002966152511995582,0.005705345121479277,0.0219191109431384,0.0041099218356948596,0.004876518040153076,0.004659257412155724,0.005561904096774341,0.004876518040153076,0.134368267916999,0.00025046331089458913,0.15519240296154288,0.07901842572493581,0.08523193262195036,0.07284046580782191,0.13308314940254815,0.06406678863935888,0.09840957694622816,0.10712449572912425,0.12716783264363327,0.172279332440203,0.13838701531235947,0.15519240296154288,0.10163671738731239,0.16235175905826915,0.16235175905826915,0.2404595170073099,0.05488600181976576,0.015732085344102715,0.2706330127084798,0.12716783264363327,0.15712618367397654,0.2706330127084798
212,24,0.01525853392162861,0.002796530718078391,0.2372126134189709,0.12205089586994396,0.00022959136832004,0.24808026164943978,1,False,9,0,0,0,0,0,0,509,1584,4885,3717,4636,4647,4336,4892,4917,5074,4953,5076,4932,5018,4911,5043,5092,5080,5082,4265,4351,5036,4617,5087,0.2372126134189709,0.003372012054451206,0.0038545017107632727,0.002796530718078391,0.005185207001101841,0.0052515598130023185,0.010319418659933587,0.011422179113250865,0.004591426128721984,0.0035791224005853094,0.004567286633941358,0.0036568297904935494,0.004059336153727261,0.0038545017107632727,0.006170644906163207,0.002936397917456645,0.005185207001101841,0.002936397917456645,0.005773040260722807,0.021055809527067492,0.0039049887222665563,0.00497625796256246,0.004567286633941358,0.00497625796256246,0.12317091225724906,0.00022959136832004,0.14225970271474764,0.0724335569145245,0.1614626049034545,0.06677042699050342,0.12199288695233579,0.058727889586078975,0.09020877886737581,0.09819745441836389,0.11657051325666382,0.1579227214035194,0.1268547640363295,0.14225970271474764,0.09316699093836969,0.1488224458034134,0.1614626049034545,0.1488224458034134,0.22042122392336738,0.05031216833478528,0.014421078232094155,0.24808026164943978,0.11657051325666382,0.24808026164943978
213,24,0.015116269661955858,0.002699623089767481,0.2372126134189709,0.11322229552541581,0.00021045875429337002,0.22740690651198645,0,False,9,0,0,0,0,0,0,509,1584,4885,3717,4636,4647,4336,4892,4917,5074,4953,5076,4932,5018,4911,5043,5092,5080,5082,4265,4351,5036,4617,5120,0.2372126134189709,0.0031899918638815796,0.0037944219262710448,0.002699623089767481,0.005131913994850034,0.005061543549872471,0.010101068148108117,0.010984121092418085,0.004569322284927792,0.0034801188826996134,0.004463861845141628,0.0036156585969621654,0.003978858525397005,0.0037944219262710448,0.005991508302272203,0.0028959469070754104,0.005131913994850034,0.0028959469070754104,0.005808844364618668,0.020200614388105036,0.00370891201759409,0.005046061729741369,0.004463861845141628,0.004569322284927792,0.12317091225724906,0.00021045875429337002,0.13040472748851867,0.06639742717164746,0.1480073878281666,0.0612062247412948,0.11182681303964113,0.05383389878723906,0.16602471396176116,0.09001433321683357,0.1068563038186085,0.14476249461989277,0.1162835336999687,0.13040472748851867,0.08540307502683889,0.1364205753197956,0.1480073878281666,0.1364205753197956,0.2020527885964201,0.046119487640219836,0.013219321712752976,0.22740690651198645,0.1068563038186085,0.16602471396176116
214,24,0.01478493539933865,0.0026016712808476484,0.23227001359136837,0.10417539177690767,0.0001929205247689225,0.2084563309693209,0,False,9,0,0,0,0,0,0,509,1584,4885,3717,4636,4647,4336,4892,4917,5074,4953,5076,4932,5018,4911,5043,5092,5080,5082,4265,4351,5036,4617,5120,0.23227001359136837,0.003017780896092777,0.00372289621133304,0.0026016712808476484,0.005060062856392516,0.004870805582561056,0.010101068148108117,0.010548393923219043,0.004528141699212051,0.003376106921537805,0.004350924623095346,0.0035617976325742124,0.0038884459394078483,0.00372289621133304,0.005804934878765265,0.00284614935791301,0.005060062856392516,0.00284614935791301,0.0058148766908095,0.019357408037096097,0.0035214951411431526,0.005087301424704713,0.004350924623095346,0.004528141699212051,0.11290666956914497,0.0001929205247689225,0.11953766686447544,0.06086430824067683,0.13567343884248606,0.056105706012853564,0.11182681303964113,0.049347740554969134,0.1521893211316144,0.08251313878209743,0.09795161183372446,0.13269895340156837,0.10659323922497131,0.11953766686447544,0.07828615210793564,0.12505219404314596,0.13567343884248606,0.12505219404314596,0.18521505621338508,0.04227619700353485,0.012117711570023561,0.2084563309693209,0.09795161183372446,0.1521893211316144
215,24,0.014547903662596109,0.002503390780670595,0.23227001359136837,0.11740536305564268,0.0001768438143715123,0.19796451120621714,0,False,9,0,0,0,0,0,0,509,1584,4885,5177,4636,4647,4336,4892,4917,5074,5170,4953,5076,4932,5018,5162,3717,5043,5092,5080,5082,4265,4351,5036,0.23227001359136837,0.002854852673282624,0.0037355345938895747,0.002860225817487601,0.004972011442879761,0.004680563823964282,0.009859224179753259,0.010117230846052318,0.004469976629767755,0.003268329541194562,0.00433937924970866,0.00433937924970866,0.0034969033115392783,0.0037897876842662354,0.0036416175917522295,0.0037355345938895747,0.002503390780670595,0.0027883154048110132,0.004972011442879761,0.002860225817487601,0.005793527754717213,0.019357408037096097,0.003342517217708762,0.005101726626430785,0.11290666956914497,0.0001768438143715123,0.1929095279591025,0.19796451120621714,0.12436731893894555,0.05143023051178243,0.10250791195300436,0.04523542884205504,0.13950687770397988,0.0756370438835893,0.17312231084758076,0.17312231084758076,0.121640707284771,0.09771046928955703,0.10957619462576915,0.1929095279591025,0.05579228255395376,0.1146311778728838,0.12436731893894555,0.19796451120621714,0.16978046819560297,0.04227619700353485,0.011107902272521597,0.1910849700552108
216,24,0.014385832807913163,0.0024054032828897715,0.23227001359136837,0.13871188619794775,0.00016210682984055293,0.2648008019390324,0,False,9,0,0,0,0,0,0,509,1584,4885,5177,5203,4647,4336,4892,4917,5074,5194,5197,5076,4932,5018,5199,5162,3717,5187,4636,5082,4265,4351,5036,0.23227001359136837,0.0027007086885503092,0.0037298496088621963,0.0029336763969135715,0.0029336763969135715,0.004491866194516884,0.00959808532422264,0.009692520906989284,0.004396911962732892,0.003157904993128878,0.004419952688839376,0.003779476029983194,0.0034225740502080476,0.003779476029983194,0.0035521885310524533,0.003826042107075314,0.003826042107075314,0.0024054032828897715,0.0029336763969135715,0.004870045521346123,0.005747356937344941,0.018529441222837926,0.0031717385204404016,0.0050913598997277335,0.11290666956914497,0.00016210682984055293,0.17683373396251062,0.2648008019390324,0.2648008019390324,0.04714437796913389,0.09396558595692066,0.041465809771883785,0.12788130456198155,0.0693339568932902,0.2420287849436157,0.17290126351542728,0.11150398167770674,0.17290126351542728,0.10044484507362171,0.26016706729584393,0.26016706729584393,0.051142925674457614,0.2648008019390324,0.11400337569403342,0.15563209584596938,0.03875318058657361,0.010182243749811463,0.1751612225506099
217,24,0.014285441450219405,0.0023082433340425174,0.23227001359136837,0.12754459939523385,0.0001485979273538402,0.242734068444113,0,False,9,0,0,0,0,0,0,509,1584,4885,5177,5203,4647,4336,4892,4917,5074,5194,5197,5076,4932,5018,5199,5162,3717,5187,4636,5082,4265,4351,5036,0.23227001359136837,0.0025548769580490322,0.0037074420964237857,0.0029887928209066787,0.0029887928209066787,0.0043056042342610795,0.009321533392139833,0.009275840814095705,0.004310981129480823,0.0030458292721806616,0.004474362602789626,0.0037526347422970293,0.0033403273059975044,0.0037526347422970293,0.0034561048971679157,0.0038928681099953985,0.0038928681099953985,0.0023082433340425174,0.0029887928209066787,0.004756343638303935,0.0056790043548100725,0.017719395096683487,0.0030089051715495286,0.005058402748616967,0.11290666956914497,0.0001485979273538402,0.16209758946563474,0.242734068444113,0.242734068444113,0.043215679805039396,0.0861351204605106,0.0380103256242268,0.11722452918181642,0.06355612715218267,0.22185971953164774,0.15849282488914168,0.10221198320456451,0.15849282488914168,0.09207444131748656,0.2384864783545236,0.2384864783545236,0.04688101520158614,0.242734068444113,0.1045030943861973,0.14266275452547192,0.03552374887102581,0.009333723437327175,0.16056445400472574
218,24,0.014180791396581112,0.0022123653633349728,0.23227001359136837,0.12078014204830163,0.00013621476674102016,0.30194593849164664,0,False,10,0,0,0,0,0,0,509,1584,4885,5247,5177,5203,4647,4336,4892,4917,5074,5194,5197,5076,4932,5018,5162,3717,5187,4636,5082,4265,4351,5036,0.23227001359136837,0.0024169106429346252,0.003669990066847306,0.0040384134026633395,0.003026182808209974,0.003026182808209974,0.0041225269827215765,0.009033116144331228,0.008868486170701281,0.004214132194481211,0.00293298081219565,0.004503926693914598,0.003710977436514361,0.003251583348335433,0.003710977436514361,0.0033547458538557146,0.0039368815681597,0.0022123653633349728,0.003026182808209974,0.00463295186572998,0.005591117361372088,0.0169294412355453,0.002853753180766715,0.0050051537410289535,0.11290666956914497,0.00013621476674102016,0.14858945701016518,0.30194593849164664,0.22250622940710357,0.22250622940710357,0.039614373154619444,0.07895719375546804,0.03484279848887457,0.10745581841666504,0.058259783222834115,0.2033714095706771,0.1452850894817132,0.09369431793751747,0.1452850894817132,0.08440157120769601,0.2186126051583133,0.042974263934787295,0.22250622940710357,0.09579450318734752,0.13077419164834925,0.03256343646510699,0.008555913150883243,0.14718408283766526
219,24,0.01411115982451705,0.002118150835741354,0.23227001359136837,0.1315372664479443,0.00012486353617926848,0.30194593849164664,0,False,12,0,0,0,0,0,0,509,1584,4885,5247,5177,5203,4647,4336,5278,4892,5265,4917,5074,5194,5267,5076,5268,3717,5187,4636,5082,4265,4351,5036,0.23227001359136837,0.002286386738456655,0.003619197101863003,0.0040384134026633395,0.003046729795306859,0.003046729795306859,0.003943254736645183,0.008736041464738284,0.002775799708034177,0.008471501515379695,0.004214153206942157,0.004214153206942157,0.0028201267369042304,0.004626588852773733,0.004626588852773733,0.0031576547700241805,0.0037505255869531894,0.002118150835741354,0.003046729795306859,0.004501767025977334,0.005486291244438014,0.016161298668120428,0.002775799708034177,0.004933939447715246,0.11290666956914497,0.00012486353617926848,0.1362070022593181,0.30194593849164664,0.20396404362317827,0.20396404362317827,0.03631317539173449,0.07237742760917903,0.09117625372164298,0.03193923194813502,0.1818345002152763,0.1818345002152763,0.05340480128759793,0.26975712543978736,0.26975712543978736,0.08588645810939101,0.21651133202490377,0.03939307527355502,0.20396404362317827,0.08781162792173522,0.11987634234432014,0.029849816759681406,0.09117625372164298,0.13491874260119316
220,24,0.013756923711667883,0.0020781635119448637,0.2267774891747433,0.12207623226294691,0.00011445824149766276,0.2767837769506761,1,False,14,0,0,0,0,0,0,509,1584,4885,5247,5297,5177,5203,5286,4647,4336,5278,4892,5265,4917,5074,5267,5076,5268,5187,4636,5082,4265,4351,5036,0.2267774891747433,0.0021629048275341248,0.00355675005854208,0.0041573138555094525,0.0020781635119448637,0.0030515268727247537,0.0030515268727247537,0.0038654763302933843,0.0038654763302933843,0.008433180557598357,0.002693714581782361,0.008085708771809943,0.004194707503288934,0.004194707503288934,0.0027079301473604857,0.004720058836045072,0.003059740767403596,0.003769655626151172,0.0030515268727247537,0.004364527007241142,0.005367023113264583,0.015416287339764185,0.002693714581782361,0.004847058036213269,0.10349778043838288,0.00011445824149766276,0.12485641873770824,0.2767837769506761,0.1194436523340921,0.18696703998791342,0.18696703998791342,0.11662041077575662,0.11662041077575662,0.06634597530841412,0.08357823257817273,0.029277629285790432,0.16668162519733662,0.16668162519733662,0.048954401180298104,0.24727736498647174,0.07872925326694176,0.19846872102282845,0.18696703998791342,0.08049399226159061,0.10988664714896013,0.027362332029707954,0.08357823257817273,0.12367551405109373
221,24,0.013377451804590901,0.002032739322690903,0.2208321076566837,0.12877215039736756,0.00010492005470619086,0.2767837769506761,0,False,15,1,1,0,0,0,0,509,1584,4885,5247,5306,5297,5177,5203,5312,5286,4647,4336,5278,4892,5265,4917,5074,5267,5268,5187,4636,4265,4351,5036,0.2208321076566837,0.002046085896173219,0.003574145006214553,0.0041573138555094525,0.003574145006214553,0.002032739322690903,0.003041815699713088,0.003041815699713088,0.003875430824134546,0.003777996618709507,0.003875430824134546,0.008127078020444647,0.002608499664287353,0.007711733851517333,0.00415766802171782,0.00415766802171782,0.002596958024269896,0.004785192564579785,0.003769784034359996,0.003041815699713088,0.0042228068553015075,0.014695377682378179,0.002608499664287353,0.004746734795715681,0.09487296540185097,0.00010492005470619086,0.1977850505095659,0.2767837769506761,0.1977850505095659,0.10949001463958442,0.17138645332225397,0.17138645332225397,0.19023537654444356,0.10690204321111023,0.19023537654444356,0.06081714403271293,0.076613379863325,0.026837826845307895,0.15279148976422524,0.15279148976422524,0.04487486774860659,0.22667091790426575,0.18192966093759275,0.17138645332225397,0.07378615957312472,0.025082137693898957,0.076613379863325,0.11336922121350258
222,24,0.013290582119800201,0.0019355712081159532,0.2208321076566837,0.12531500232745446,9.617671681400829e-05,0.2646362963004354,0,False,15,0,1,0,0,0,0,509,1584,4885,5247,5332,5297,5177,5203,5312,5286,4647,4336,5278,4892,5265,4917,5344,5267,5268,5187,4636,4265,4351,5036,0.2208321076566837,0.0019355712081159532,0.0035735823800655806,0.0042496587603142125,0.003665744759988923,0.001982772444809535,0.003018932002416161,0.003018932002416161,0.0038666357020075526,0.003682459196691069,0.0038666357020075526,0.007819966947366256,0.0025210576085653337,0.007350031263132564,0.0041049540711601135,0.0041049540711601135,0.0025518467043397952,0.004823305864561208,0.003752488835668174,0.003018932002416161,0.004078019442149684,0.013999236135549742,0.0025210576085653337,0.004635088505053992,0.09487296540185097,9.617671681400829e-05,0.18130296296710208,0.2537184622047864,0.2646362963004354,0.10036584675295239,0.1571042488787328,0.1571042488787328,0.17438242849907326,0.09799353961018437,0.17438242849907326,0.05574904869665352,0.07022893154138125,0.02460134127486557,0.14005886561720646,0.14005886561720646,0.12446862876955606,0.20778167474557693,0.16676885585946002,0.1571042488787328,0.06763731294203099,0.02299195955274071,0.07022893154138125,0.10392178611237736
223,24,0.012771202965653683,0.0018310212361529942,0.2208321076566837,0.127268294314013,8.816199041284093e-05,0.24258327160873244,0,False,16,0,1,0,0,0,0,509,1584,4885,5247,5332,5297,5177,5359,5203,5312,5286,4647,4336,5278,4892,5265,4917,5344,5267,5268,5187,4636,4351,5036,0.2208321076566837,0.0018310212361529942,0.003556562974275896,0.004316080912543277,0.0037344428378542145,0.0019290974761887823,0.0029842585023909917,0.00306122227057528,0.00306122227057528,0.003840768482606701,0.0035803927388183506,0.003840768482606701,0.007513787512685922,0.002432193554212924,0.007000906667570812,0.004038480266567302,0.004038480266567302,0.0024995844054095254,0.004836068558749601,0.003719445042360632,0.0029842585023909917,0.003931419648995714,0.002432193554212924,0.004514107354692573,0.09487296540185097,8.816199041284093e-05,0.16619438271984358,0.23257525702105417,0.24258327160873244,0.09200202619020635,0.1440122281388384,0.22734556147217175,0.22734556147217175,0.1598505594574838,0.08982741130933566,0.1598505594574838,0.05110329463859906,0.06437652057959949,0.022551229501960104,0.12838729348243924,0.12838729348243924,0.11409624303875972,0.1904665351834455,0.15287145120450502,0.1440122281388384,0.062000870196861735,0.06437652057959949,0.09526163726967925
224,24,0.012647309958108885,0.0017321146475886985,0.2208321076566837,0.1424029514631484,8.081515787843751e-05,0.29173343134949076,0,False,16,0,1,0,0,0,0,509,1584,4885,5378,5332,5297,5177,5359,5384,5286,4647,5386,4336,5278,4892,5265,4917,5344,5267,5268,5187,5203,5398,5036,0.2208321076566837,0.0017321146475886985,0.0036155784071300427,0.0036155784071300427,0.003781001252237929,0.0018724838192378287,0.0029391855256135756,0.0030861875396673145,0.00316578004889059,0.0035627755782565154,0.0037995774923471485,0.0035627755782565154,0.007210207761523915,0.0023426186347903217,0.0066645373834603935,0.003960115628249021,0.003960115628249021,0.0024412896315068535,0.0048254057257081,0.003672369450362302,0.0029391855256135756,0.00316578004889059,0.002403034566388654,0.0043856330568305965,0.09487296540185097,8.081515787843751e-05,0.2356781841598566,0.2356781841598566,0.2223679989746714,0.08433519067435583,0.13201120912726852,0.20840009801615741,0.29173343134949076,0.1656751270335577,0.1465296795026935,0.1656751270335577,0.04684468675204914,0.05901181053129952,0.02067196037679676,0.11768835235890263,0.11768835235890263,0.10458822278552973,0.17459432391815838,0.14013216360412958,0.13201120912726852,0.29173343134949076,0.14234514386463287,0.08732316749720598
225,24,0.012348564181308821,0.001638547341409307,0.21452373356410856,0.14763191075479962,7.408056138856772e-05,0.35075564540369986,1,False,15,0,1,0,0,0,0,509,1584,4885,5378,5332,5407,5359,5384,5286,4647,5386,4336,5278,4892,5265,4917,5344,5267,5268,5297,5177,5421,5413,5036,0.21452373356410856,0.001638547341409307,0.00365358180496666,0.00365358180496666,0.0038065258771460358,0.0031747067134736823,0.0031747067134736823,0.0032496792649096364,0.003530320705399602,0.0037448299045592715,0.003530320705399602,0.006910645583455191,0.0023110582968414142,0.006340990894906027,0.003871652057011269,0.003871652057011269,0.0023780130072952967,0.004793408959036467,0.003612974903572448,0.0018136327929890751,0.0028850790996082583,0.003333488211560004,0.0023110582968414142,0.0042513517914708485,0.08696688495169672,7.408056138856772e-05,0.21603833547986856,0.21603833547986856,0.20383733239344878,0.27436675651481096,0.27436675651481096,0.26742231207036654,0.15186886644742786,0.13431887287746902,0.15186886644742786,0.04294096285604505,0.13742749298702456,0.018949297012063698,0.1078809896623274,0.1078809896623274,0.09587253755340225,0.1600447969249785,0.12845448330378545,0.0773072581181595,0.12101027503332946,0.35075564540369986,0.13742749298702456,0.08004623687243881
226,24,0.012365562309030896,0.0015500315347743722,0.21452373356410856,0.14448328786267015,6.790718127285374e-05,0.32152600828672484,0,False,17,0,1,0,0,0,0,509,1584,4885,5442,5378,5332,5407,5359,5384,5286,4647,5386,4336,5278,4892,5265,4917,5447,5344,5267,5297,5421,5413,5036,0.21452373356410856,0.0015500315347743722,0.0036717308963896494,0.003634305605673751,0.0036717308963896494,0.003812383946582535,0.0032430290821920497,0.0032430290821920497,0.0033131644401418548,0.0034846601000472527,0.0036782693725892026,0.0034846601000472527,0.006616291065220895,0.0022719589298168036,0.006030241447492541,0.003774781176753321,0.003774781176753321,0.004218859227915148,0.0023107286325559297,0.004742259203243446,0.0017531769402981633,0.003478870837831876,0.0022719589298168036,0.004218859227915148,0.08696688495169672,6.790718127285374e-05,0.19803514085654617,0.20108327636180334,0.19803514085654617,0.18685088802732805,0.2515028601385767,0.2515028601385767,0.24513711939783597,0.13921312757680887,0.12312563347101327,0.13921312757680887,0.039362549284707955,0.12597520190477252,0.017370188927725055,0.09889090719046678,0.09889090719046678,0.15670905046640227,0.08788315942395206,0.14670773051456362,0.07086498660831288,0.32152600828672484,0.12597520190477252,0.15670905046640227
227,24,0.012315373488261649,0.0014662948965252333,0.21452373356410856,0.132744982224641,6.224824950011593e-05,0.2947321742628311,0,False,17,0,1,0,0,0,0,509,1584,4885,5442,5378,5332,5407,5359,5384,5286,4647,5386,4336,5278,4892,5265,4917,5447,5344,5267,5297,5421,5413,5036,0.21452373356410856,0.0014662948965252333,0.003671410076291512,0.0036370919347154806,0.003671410076291512,0.003800127790819113,0.003291674255391707,0.003291674255391707,0.0033568710086128647,0.003427419060557879,0.0036015826891125508,0.003427419060557879,0.006328128607475556,0.002226368069532271,0.005732184841122655,0.003671078432143693,0.003671078432143693,0.004169942534570448,0.0022403290817212176,0.004674161742993416,0.0016916810502293094,0.0036009916538685544,0.002226368069532271,0.004169942534570448,0.08696688495169672,6.224824950011593e-05,0.18153221245183399,0.18432633666498638,0.18153221245183399,0.17127998069171738,0.23054428846036196,0.23054428846036196,0.22470902611468296,0.1276120336120748,0.1128651640150955,0.1276120336120748,0.036082336844315624,0.11547726841270814,0.015922673183747967,0.09064999825792788,0.09064999825792788,0.1436499629275354,0.08055956280528938,0.13448208630501665,0.06495957105762014,0.2947321742628311,0.11547726841270814,0.1436499629275354
228,24,0.012257933776051647,0.0013870797254813838,0.21452373356410856,0.12113450783403816,5.7060895375106265e-05,0.21133226442199846,0,False,14,4,5,0,0,0,0,509,1584,4885,5442,5378,5332,5407,5359,5384,5286,4647,5386,4336,5278,4892,5488,5265,4917,5447,5344,5267,5297,5413,5036,0.21452373356410856,0.0013870797254813838,0.003654159390081251,0.0036228366692757177,0.003654159390081251,0.003771426808393448,0.0033214934610870895,0.0033214934610870895,0.0033817491336596093,0.0033601820271121703,0.00351637463477591,0.0033601820271121703,0.006046958349881747,0.0021752864593540385,0.0054466515422190885,0.0036538568102312528,0.0035619933113849654,0.0036538568102312528,0.004106544785017625,0.002167623373569421,0.0045912931710606186,0.0016296444756622008,0.0021752864593540385,0.004106544785017625,0.08696688495169672,5.7060895375106265e-05,0.16640452808084782,0.16896580860957083,0.16640452808084782,0.1570066489674076,0.21133226442199846,0.21133226442199846,0.2059832739384594,0.11697769747773522,0.1034597336805042,0.11697769747773522,0.033075475440622656,0.10585416271164913,0.01459578375176897,0.16642916506976724,0.0830958317364339,0.16642916506976724,0.13167913268357412,0.0738462659048486,0.12327524577959859,0.05954627346948512,0.10585416271164913,0.13167913268357412
229,24,0.012189372162848848,0.0013121421713747268,0.21452373356410856,0.11134193386506169,5.230582076051407e-05,0.19372124238683192,0,False,14,0,5,0,0,0,0,509,1584,4885,5442,5378,5332,5407,5359,5384,5286,4647,5386,4336,5278,4892,5488,5265,4917,5447,5344,5267,5297,5413,5036,0.21452373356410856,0.0013121421713747268,0.003621611881440618,0.003593144933687213,0.003621611881440618,0.0037280087258045515,0.0033335958817309556,0.0033335958817309556,0.003388989873187353,0.0032844663172953955,0.0034241500318814267,0.0032844663172953955,0.005773416580669196,0.0021196559178987746,0.00517341824500018,0.0036213369861117285,0.003448844607186789,0.0036213369861117285,0.00403057394580509,0.002093337294993278,0.004495759632518097,0.0015675043873958135,0.0021196559178987746,0.00403057394580509,0.08696688495169672,5.230582076051407e-05,0.1525374840741105,0.15488532455877327,0.1525374840741105,0.14392276155345696,0.19372124238683192,0.19372124238683192,0.18881800111025443,0.10722955602125728,0.09483808920712886,0.10722955602125728,0.030319185820570766,0.09703298248567836,0.013379468439121555,0.15256006798061997,0.07617117909173107,0.15256006798061997,0.1207058716266096,0.06769241041277788,0.1130023086312987,0.05458408401369469,0.09703298248567836,0.1207058716266096
230,24,0.0033334046498506137,0.0012412514963520628,0.005507994913841019,0.1234514419106103,4.7947002363804567e-05,0.2564165010177332,0,False,15,0,5,0,0,0,0,1584,5332,5407,5359,5528,5384,5286,4647,5386,4336,5278,4892,5488,5265,4917,5447,5344,5267,4885,5525,5297,5413,5536,5036,0.0012412514963520628,0.003766300968234194,0.0033292794367199992,0.0033292794367199992,0.003467125398950482,0.003467125398950482,0.00320170290810738,0.0033263019646106256,0.00320170290810738,0.005507994913841019,0.002060351164977954,0.004912218013604275,0.0035751912822613204,0.003418772843265425,0.0035751912822613204,0.003943868321350353,0.0020181155329338915,0.004389565304384506,0.0035754400578531767,0.003766300968234194,0.00150563966510095,0.002060351164977954,0.003418772843265425,0.003943868321350353,4.7947002363804567e-05,0.2152625314240022,0.1775778055212626,0.1775778055212626,0.2564165010177332,0.2564165010177332,0.0982937596861525,0.08693491510653478,0.0982937596861525,0.027792587002189867,0.08894690061187183,0.012264512735861426,0.13984672898223496,0.15315691416742017,0.13984672898223496,0.1106470489910588,0.06205137621171305,0.10358544957869048,0.13982602706793462,0.2152625314240022,0.050035410345886794,0.08894690061187183,0.15315691416742017,0.1106470489910588
231,24,0.003175086769438866,0.0011741893750569059,0.005251058102583788,0.12614695069214565,4.395141883348752e-05,0.24611298839449072,1,False,16,0,5,0,0,0,0,1584,5407,5359,5528,5384,5286,4647,5386,4336,5565,5278,4892,5488,5265,4917,5447,5344,5267,5297,5546,5552,5413,5536,5036,0.0011741893750569059,0.003395331943816366,0.003309968151992297,0.003523978624429642,0.003523978624429642,0.0031132233159954963,0.003224105140635761,0.003193513075547568,0.005251058102583788,0.0020497077297083727,0.0019981749703686944,0.004662749135130341,0.0035170872370350365,0.003375772646880311,0.0035170872370350365,0.0038481707763251207,0.0019425251429514385,0.004274589884146153,0.0014443751801870913,0.003395331943816366,0.003193513075547568,0.0020497077297083727,0.003375772646880311,0.0038481707763251207,4.395141883348752e-05,0.24611298839449072,0.16277965506115738,0.23504845926625545,0.23504845926625545,0.0901026130456398,0.07969033884765687,0.17343594637897314,0.02547653808534071,0.16486799222754916,0.08153465889421584,0.011242470007872972,0.12819283490038205,0.1403938379868018,0.12819283490038205,0.10142646157513723,0.05688042819407029,0.09495332878046626,0.04586579281706289,0.24611298839449072,0.17343594637897314,0.16486799222754916,0.1403938379868018,0.10142646157513723
232,24,0.003126526326239193,0.001110749231382223,0.0050028604241839515,0.12591811977655973,4.0288800597363555e-05,0.2987944209940675,2,False,16,0,5,0,0,0,0,1584,5407,5359,5528,5384,5286,4647,5386,4336,5565,5278,4892,5488,5265,4917,5447,5344,5267,5297,5571,5573,5413,5536,5036,0.001110749231382223,0.0034410628785534157,0.0032771573585125193,0.0036522133537296923,0.00356039117387106,0.0030981436432575143,0.003118713428228511,0.0031713081131168257,0.0050028604241839515,0.002030576940739201,0.0019338560201395672,0.00442468280925612,0.0034486521222325595,0.0033214184944441003,0.0034486521222325595,0.0037451106304914944,0.0018670599564298573,0.004152573791520327,0.0013839862747571203,0.0036522133537296923,0.0030981436432575143,0.002030576940739201,0.0033214184944441003,0.0037451106304914944,4.0288800597363555e-05,0.22560357269494982,0.14921468380606093,0.2987944209940675,0.21546108766073416,0.16592739529183648,0.0730494772770188,0.15898295084739203,0.02335349324489565,0.1511289928752534,0.07474010398636452,0.010305597507216891,0.11751009865868355,0.12869435148790165,0.11751009865868355,0.09297425644387579,0.0521403925112311,0.08704055138209407,0.042043643415640986,0.2987944209940675,0.16592739529183648,0.1511289928752534,0.12869435148790165,0.09297425644387579
233,24,0.003072250130036499,0.001050735610065428,0.004763560622790071,0.11882196709322489,3.6931400547583256e-05,0.2738948859112285,3,False,17,0,5,0,0,0,0,1584,5407,5359,5528,5384,5286,5598,4647,5386,4336,5565,5278,4892,5488,5265,4917,5447,5344,5267,5297,5571,5413,5536,5036,0.001050735610065428,0.0034674336354503974,0.00323236723768242,0.0037564258389217,0.0035774988758426767,0.003070138228459042,0.00308881826396405,0.00308881826396405,0.0031365345629201587,0.004763560622790071,0.0020038984650772597,0.0018680489454606266,0.004197669793843302,0.0033714456145613253,0.0032572481985668235,0.0033714456145613253,0.0036361920805766676,0.0017921455977327827,0.004025109803509078,0.0013247032837843393,0.0037564258389217,0.0020038984650772597,0.0032572481985668235,0.0036361920805766676,3.6931400547583256e-05,0.20680327497037065,0.13678012682222251,0.2738948859112285,0.19750599702233965,0.1521001123508501,0.15029535417060058,0.15029535417060058,0.14573437161010935,0.02140736880782101,0.13853491013564892,0.06851176198750081,0.009446797714948817,0.10771759043712657,0.11796982219724317,0.10771759043712657,0.08522640174021948,0.04779535980196184,0.07978717210025289,0.03854000646433757,0.2738948859112285,0.13853491013564892,0.11796982219724317,0.08522640174021948
234,24,0.0030529391628524756,0.0009939635813754754,0.004533235434367749,0.12924127407336106,3.385378383528465e-05,0.2510703120852928,4,False,16,1,6,0,0,0,0,1584,5634,5407,5359,5528,5384,5624,5598,4647,5386,4336,5565,5278,4892,5638,4917,5447,5344,5267,5297,5571,5627,5265,5036,0.0009939635813754754,0.003994056552150608,0.0034756560198558584,0.003177104681391288,0.003836760165975019,0.0035766561564578277,0.0031703597696666605,0.0030475245519477373,0.0030475245519477373,0.0031703597696666605,0.004533235434367749,0.0019706068921710052,0.0018477923200439282,0.003981346118507705,0.003266870878240726,0.0032869397401973023,0.003522788031931827,0.001718144845721101,0.003994056552150608,0.00126671598441106,0.003836760165975019,0.0018477923200439282,0.003184736792330763,0.003522788031931827,3.385378383528465e-05,0.15647157442523182,0.18956966872283976,0.12538178292037064,0.2510703120852928,0.18104716393714468,0.21692317397593358,0.13777074132305053,0.13777074132305053,0.21692317397593358,0.01962342140716926,0.1269903342910115,0.14613578182187575,0.008659564572036415,0.19147233701413957,0.09874112456736601,0.07812420159520118,0.04381241315179835,0.15647157442523182,0.035328339258976105,0.2510703120852928,0.14613578182187575,0.10813900368080623,0.07812420159520118
235,24,0.0029974884426882606,0.0009402581772188661,0.004311891745562732,0.13066965225699842,3.1032635182344266e-05,0.25710552966260314,5,False,16,1,7,0,0,0,0,1584,5634,5407,5642,5359,5528,5384,5624,5598,4647,5386,4336,5565,5278,4892,5638,4917,5447,5344,5267,5297,5643,5627,5036,0.0009402581772188661,0.003947483816919573,0.0035565383965275,0.0035565383965275,0.003193112736674559,0.003893839476394076,0.003559367083038001,0.003186898198199611,0.0029962534174107097,0.0029962534174107097,0.003186898198199611,0.004311891745562732,0.0019316123309716367,0.0018209668210916806,0.003775337970033836,0.0032605863348760616,0.003196505122533304,0.0034061382966236163,0.0016453631298810154,0.003947483816919573,0.0012101778871142351,0.003193112736674559,0.0018209668210916806,0.0034061382966236163,3.1032635182344266e-05,0.1434322765564625,0.25710552966260314,0.25710552966260314,0.1982666343436731,0.23014778607818503,0.16595990027571594,0.19884624281127244,0.12628984621279632,0.12628984621279632,0.19884624281127244,0.017988136289905154,0.1164078064334272,0.1339578000033861,0.007937934191033379,0.17551630892962794,0.0905126975200855,0.07161385146226774,0.04016137872248182,0.1434322765564625,0.03238431098739476,0.1982666343436731,0.1339578000033861,0.07161385146226774
236,24,0.002964491436905641,0.0008894538570665284,0.004099477457002783,0.13550596373194834,2.8446582250482242e-05,0.2943021372383363,6,False,18,0,7,0,0,0,0,5344,1584,5634,5407,5642,5669,5359,5528,5384,5624,5598,4647,5386,4336,5565,5278,4892,5638,4917,5447,5687,5682,5297,5036,0.0016146487158346557,0.0008894538570665284,0.0038872311991781953,0.0036155555036782904,0.0036155555036782904,0.004029997599377097,0.0031930407649876165,0.004029997599377097,0.003527224590003542,0.00318734377084585,0.0029363870826939046,0.0029363870826939046,0.00318734377084585,0.004099477457002783,0.0018877855350649742,0.0017884201142279819,0.0035792658451345733,0.003239802266179654,0.0031014025489650523,0.0032873512160549825,0.003372131719061034,0.0016146487158346557,0.0011552103088878327,0.003372131719061034,0.12014793049560835,2.8446582250482242e-05,0.13147958684342395,0.2356800688573862,0.2356800688573862,0.2943021372383363,0.18174441481503364,0.2943021372383363,0.15212990858607295,0.18227572257699973,0.11576569236172995,0.11576569236172995,0.18227572257699973,0.016489124932413057,0.10670715589730827,0.12279465000310393,0.00727643967511393,0.16088994985215893,0.08296997272674504,0.06564603050707876,0.1489793638404121,0.12014793049560835,0.029685618405111865,0.1489793638404121
237,24,0.0030444339566576308,0.0008413940021766361,0.00413977762795145,0.13504620860436037,2.607603372960872e-05,0.2697769591351416,7,False,18,0,7,0,0,0,0,5344,5690,1584,5634,5407,5642,5669,5359,5528,5384,5624,5598,4647,5386,4336,5565,5278,4892,5638,4917,5447,5687,5682,5036,0.0015796675434993183,0.0039134956235566554,0.0008413940021766361,0.0039134956235566554,0.0036535605894533136,0.0036535605894533136,0.00413977762795145,0.0031782266671815445,0.00413977762795145,0.003481858599474367,0.0031730282644549094,0.0028692466372105467,0.0028692466372105467,0.0031730282644549094,0.0038958911336155495,0.0018399470535151482,0.0017509717660235157,0.0033927480576841744,0.003205989652389657,0.0030027789108670513,0.0031674078813025445,0.0033258243316502847,0.0015796675434993183,0.0033258243316502847,0.11013560295430765,0.2038562879398053,2.607603372960872e-05,0.2038562879398053,0.21604006311927068,0.21604006311927068,0.2697769591351416,0.16659904691378083,0.2697769591351416,0.1394524162039002,0.16708607902891642,0.10611855133158579,0.10611855133158579,0.16708607902891642,0.015115031188045303,0.09781489290586591,0.11256176250284526,0.006670069702187769,0.14748245403114568,0.07605580833284963,0.060175527964822194,0.1365644168537111,0.11013560295430765,0.1365644168537111
238,24,0.003002745961614857,0.0007959304366593475,0.004223436130622589,0.13190256026207778,2.3903030918807995e-05,0.24729554587387978,8,False,19,0,7,0,0,0,0,5344,5690,1584,5634,5407,5642,5669,5359,5528,5384,5624,5598,4647,5386,5725,4336,5565,5278,4892,5638,4917,5447,5687,5682,0.0015411162945142224,0.003919539124531994,0.0007959304366593475,0.003919539124531994,0.003671711352225702,0.003671711352225702,0.004223436130622589,0.0031500899022741105,0.004223436130622589,0.0034248931178745704,0.003145366563929076,0.002796075883926056,0.002796075883926056,0.0032264852950600735,0.0032264852950600735,0.00370099053132085,0.0017888598602551742,0.0017094011235338367,0.0032154036793921987,0.0031606383413722502,0.0029016666433549247,0.003047168242944982,0.003268766474083975,0.0015411162945142224,0.10095763604144867,0.1868682639448215,2.3903030918807995e-05,0.1868682639448215,0.1980367245259981,0.1980367245259981,0.24729554587387978,0.15271579300429908,0.24729554587387978,0.12783138152024184,0.15316223910984006,0.0972753387206203,0.0972753387206203,0.2364955724431734,0.2364955724431734,0.013855445255708193,0.08966365183037708,0.10318161562760815,0.0061142305603387875,0.1351922495285502,0.06971782430511216,0.05516090063442034,0.1251840487825685,0.10095763604144867
239,24,0.00291784734938043,0.0007529229739980494,0.004281738594222278,0.13137761712403584,2.1911111675573995e-05,0.22668758371772313,9,False,20,0,7,0,0,0,0,5344,5690,1584,5407,5642,5669,5359,5528,5384,5624,5748,5598,4647,5386,5725,4336,5565,5278,4892,5638,4917,5447,5687,5736,0.001538321541354974,0.003906957497974997,0.0007529229739980494,0.0036713921623692993,0.0036713921623692993,0.004281738594222278,0.00311008482168092,0.004281738594222278,0.003357911932974398,0.003105809813722219,0.0027881281965919185,0.002718030427392607,0.0027881281965919185,0.0032611454650127995,0.0032611454650127995,0.0035146000922187735,0.0017352249106274012,0.001664438683709222,0.0030468549850795595,0.003105220744437089,0.0027989858835276204,0.002927378517226465,0.003202463181458451,0.001538321541354974,0.17587783303799462,0.17129590861608637,2.1911111675573995e-05,0.1815336641488316,0.1815336641488316,0.22668758371772313,0.13998947692060748,0.22668758371772313,0.11717876639355501,0.14039871918402005,0.17250239382723528,0.08916906049390194,0.17250239382723528,0.21678760807290895,0.21678760807290895,0.01270082481773251,0.08219168084451232,0.0945831476586408,0.005604711346977221,0.12392622873450433,0.06390800561301947,0.05056415891488531,0.11475204471735445,0.17587783303799462
240,24,0.002842972712973338,0.0007122389877079192,0.004315862109434995,0.12932624227562983,2.0085185702609494e-05,0.20779695174124618,10,False,20,0,7,0,0,0,0,5344,1584,5407,5642,5669,5359,5528,5384,5624,5748,5598,5771,5386,5725,4336,5565,5278,4892,5638,4917,5447,5687,5736,5779,0.0015286705506232217,0.0007122389877079192,0.003654143046139614,0.003654143046139614,0.004315862109434995,0.0030596620223213157,0.004315862109434995,0.0032824322302112273,0.003055806577658781,0.002768018055187621,0.002704157791111999,0.002704157791111999,0.003278033011620836,0.003278033011620836,0.003336517500160423,0.0016796790977145276,0.0016167604472041093,0.0028867294663590106,0.0031195945210655703,0.002695548666712114,0.002808679402433414,0.003128350597697186,0.0015286705506232217,0.0031195945210655703,0.16122134695149506,2.0085185702609494e-05,0.16640585880309564,0.16640585880309564,0.20779695174124618,0.1283236871772235,0.20779695174124618,0.10741386919409208,0.12869882591868503,0.15812719434163233,0.16507163878607678,0.16507163878607678,0.1987219740668332,0.1987219740668332,0.011642422749588134,0.07534237410746963,0.0867012186870874,0.005137652068062453,0.1969323763399623,0.05858233847860118,0.046350479005311536,0.10518937432424158,0.16122134695149506,0.1969323763399623
241,24,0.0028996254966345164,0.00151285680314146,0.004327300599943232,0.13427586065200536,0.004709514395723915,0.2654951428945971,11,False,16,4,11,0,0,0,0,5344,5407,5642,5669,5359,5528,5384,5624,5748,5796,5771,5386,5725,4336,5565,5278,4892,5638,4917,5447,5687,5736,5598,5804,0.00151285680314146,0.0036215970329351835,0.0036215970329351835,0.004327300599943232,0.0030002373983462993,0.004327300599943232,0.003199885265860351,0.0029967716989604833,0.0027370104848389145,0.0033629262788065512,0.002679071552578032,0.0033629262788065512,0.003278377214522409,0.0031665193861803434,0.0016227951233225761,0.0015669847584484798,0.0027346614706663555,0.0031183586088363597,0.0025920645819494078,0.0027610312260463524,0.003047778940394785,0.00151285680314146,0.002679071552578032,0.0027610312260463524,0.14778623470553715,0.15253870390283766,0.15253870390283766,0.19048053909614232,0.11763004657912154,0.19048053909614232,0.09846271342791774,0.1179739237587946,0.1449499281464963,0.2654951428945971,0.15131566888723705,0.2654951428945971,0.18216180956126377,0.010672220853789122,0.06906384293184716,0.07947611712983012,0.004709514395723915,0.18052134497829878,0.053700476938717746,0.12582127242153557,0.09642359313055478,0.14778623470553715,0.15131566888723705,0.12582127242153557
242,24,0.002914252334099466,0.0015547601911830044,0.0043177764627851745,0.13352708796414106,0.004317054862746922,0.24337054765338065,12,False,14,2,13,0,0,0,0,5407,5642,5669,5528,5384,5624,5748,5796,5771,5386,5725,4336,5565,5278,4892,5638,4917,5447,5687,5359,5598,5823,5831,5804,0.003575426620248797,0.003575426620248797,0.0043177764627851745,0.0043177764627851745,0.0031116031505462093,0.0029300622704553744,0.0026963799292783687,0.003426773605139729,0.0026440111559806762,0.003426773605139729,0.0032635487151461565,0.0030043662693456058,0.001565082850974361,0.0015547601911830044,0.0025902935162625245,0.003102827872021666,0.0024891474052430116,0.002705509618910737,0.002962001101458189,0.002933168292981718,0.0026440111559806762,0.0015547601911830044,0.0027752844775442553,0.0027752844775442553,0.13982714524426784,0.13982714524426784,0.17460716083813047,0.17460716083813047,0.09025748730892459,0.10814276344556172,0.1328707674676216,0.24337054765338065,0.13870602981330063,0.24337054765338065,0.16698165876449178,0.009782869115973362,0.06330852268752656,0.15618644070234428,0.004317054862746922,0.16547789956344053,0.0492254371938246,0.1153361663864076,0.08838829370300855,0.10782754269752808,0.13870602981330063,0.15618644070234428,0.19866949971974096,0.19866949971974096
243,24,0.0028796606451018275,0.0015069917651165587,0.0042891611550571335,0.13527903713831804,0.008967630022975582,0.3064230020155989,13,False,13,1,14,0,0,0,0,5642,5669,5384,5624,5748,5796,5771,5386,5725,4336,5565,5278,4892,5638,4917,5447,5687,5407,5528,5598,5841,5823,5846,5848,0.0035172994569524153,0.0042891611550571335,0.0030188107846929654,0.002856959955704933,0.0026473805213782812,0.0034702613589166716,0.0026002097563196653,0.0035597590986575717,0.0032350032623769264,0.002849806813652538,0.0015069917651165587,0.0015365081785190607,0.0025165471377446994,0.003074393022770442,0.0024488911543396118,0.0026433301527185333,0.002872165969935708,0.0035172994569524153,0.0042891611550571335,0.0026002097563196653,0.0035597590986575717,0.0015365081785190607,0.0025165471377446994,0.0024488911543396118,0.12817488314057884,0.1600565641016196,0.08273603003318088,0.0991308664917649,0.12179820351198647,0.2230896686822656,0.12714719399552557,0.3064230020155989,0.15306652053411746,0.008967630022975582,0.05803281246356601,0.1431709039771489,0.08729063362418468,0.15168807459982048,0.12845665076100587,0.1057248191875403,0.08102260256109116,0.12817488314057884,0.1600565641016196,0.12714719399552557,0.3064230020155989,0.1431709039771489,0.08729063362418468,0.12845665076100587
244,24,0.002848188965653776,0.0014862815898224867,0.004243406138579052,0.15590767022056248,0.00822032752106095,0.36422108518096563,14,False,10,4,18,0,0,0,0,5856,5642,5669,5624,5748,5796,5771,5386,5725,4336,5565,5278,4892,5638,5879,5447,5687,5407,5876,5841,5866,5846,5848,4917,0.0035377882302418543,0.0035377882302418543,0.004243406138579052,0.002778658820972076,0.002591222799531719,0.0034943945197116444,0.0025488685349897944,0.0036691650565897904,0.0031942335846181767,0.0027025814760779504,0.0014862815898224867,0.0015129448441595199,0.002439472147364279,0.003034475648344671,0.002463350698673202,0.002575636600022913,0.0027793156094560326,0.003448842871437095,0.003763792505458249,0.003763792505458249,0.0014862815898224867,0.002439472147364279,0.002463350698673202,0.0024014183280800473,0.20082697621219728,0.20082697621219728,0.14671851709315128,0.09086996095078449,0.11164835321932093,0.20449886295874345,0.11655159449589843,0.2808877518476323,0.14031097715627433,0.00822032752106095,0.13653007809160217,0.1312399953123865,0.08001641415550262,0.1390474017165021,0.20108526319758874,0.0969144175885786,0.07427071901433356,0.11749364287886394,0.36422108518096563,0.36422108518096563,0.13653007809160217,0.08001641415550262,0.20108526319758874,0.11775192986425538
245,24,0.0028293127180057894,0.0014607688862247447,0.004182484699244496,0.14985980881329336,0.007535300227639204,0.3338693280825518,15,False,9,2,20,0,0,0,0,5856,5642,5669,5624,5876,5796,5386,5725,4336,5565,5278,4892,5638,5879,5447,5687,5407,5884,5886,5841,5866,5846,5848,4917,0.003540246406354159,0.003540246406354159,0.004182484699244496,0.002696257823092033,0.0039427843699452346,0.0035004207654651177,0.003754980733286125,0.003142729498109708,0.00256242561507177,0.0014607688862247447,0.0014847728157212174,0.002359944571689683,0.002984491059608662,0.002465240658474255,0.0025034910600412207,0.0026843854965760408,0.0033716165530832615,0.002594280389958341,0.002555383204530028,0.0039427843699452346,0.0014607688862247447,0.002359944571689683,0.002465240658474255,0.002347815732974768,0.18409139486118084,0.18409139486118084,0.13449197400205534,0.08329746420488578,0.3338693280825518,0.1874572910455148,0.2574804391936629,0.1286183957265848,0.007535300227639204,0.12515257158396864,0.1203033290363543,0.07334837964254406,0.1274601182401269,0.184328157931123,0.08883821612286372,0.06808149242980577,0.10770250597229193,0.18567765711771084,0.19017229495457355,0.3338693280825518,0.12515257158396864,0.07334837964254406,0.184328157931123,0.1079392690422341
246,24,0.0026125507427026424,0.0014526686167599932,0.004095324416410451,0.15769647489448646,0.006907358542002604,0.3060468840756725,16,False,10,0,20,0,0,0,0,5856,5876,5796,5725,4336,5565,5278,5924,5915,5638,5879,5447,5687,5642,5624,5886,5386,5841,5866,5913,5925,4892,5848,4917,0.003526138671729554,0.004095324416410451,0.0034897601993572904,0.003081945932027,0.002429072122889313,0.0014680348169060344,0.0014526686167599932,0.0014680348169060344,0.0023375184551794885,0.0029258186223870136,0.0024555796148175864,0.0024278681129703585,0.002588207115472661,0.003526138671729554,0.0026107571298656274,0.0025495388258088567,0.0038176916598914347,0.004095324416410451,0.0014680348169060344,0.0014680348169060344,0.0023375184551794885,0.0023375184551794885,0.0024555796148175864,0.0022891094483560815,0.16875044528941577,0.3060468840756725,0.17183585012505523,0.11790019608270272,0.006907358542002604,0.19805652395197126,0.1102780516166581,0.19805652395197126,0.1505693480056654,0.11683844172011632,0.1689674781035294,0.0814350314459584,0.062408034727321954,0.16875044528941577,0.07635600885447863,0.1743246037083591,0.23602373592752435,0.3060468840756725,0.19805652395197126,0.19805652395197126,0.1505693480056654,0.1505693480056654,0.1689674781035294,0.09894432995538124
247,24,0.00253808487639359,0.0014172732797725735,0.0043295984862095765,0.17513629895109198,0.057207365166711786,0.36387631040269974,17,False,9,1,21,0,0,0,0,5876,5796,5725,4336,5565,5278,5924,5915,5638,5879,5447,5687,5841,5866,5913,5946,5925,4892,5848,4917,5386,5945,5932,5948,0.004220745817317598,0.003463942586663786,0.0030132782618415483,0.0023616285612334045,0.0014679153380006199,0.0014172732797725735,0.0014679153380006199,0.0023064456984561842,0.002859778970859769,0.002435455523828345,0.00234965226777329,0.0024915122994435394,0.0043295984862095765,0.0015057727473696556,0.0014679153380006199,0.0015057727473696556,0.002365928733160921,0.0023064456984561842,0.002435455523828345,0.0022262551592767224,0.003858192875979299,0.0043295984862095765,0.0023616285612334045,0.002365928733160921,0.28054297706936643,0.15751619594796729,0.10807517974247749,0.0896650786635024,0.1815518136226403,0.10108821398193658,0.1815518136226403,0.13802190233852663,0.10710190491010661,0.15488685492823528,0.07464877882546186,0.057207365166711786,0.36387631040269974,0.26488514695597365,0.1815518136226403,0.26488514695597365,0.22135523567185997,0.13802190233852663,0.15488685492823528,0.09069896912576614,0.2163550912668973,0.36387631040269974,0.0896650786635024,0.22135523567185997
248,24,0.00251591414259902,0.0013791857716341936,0.004535059995716132,0.16879600525206406,0.05244008473615247,0.33355328453580807,18,False,8,1,22,0,0,0,0,5876,5725,4336,5565,5278,5924,5915,5638,5879,5447,5687,5841,5972,5866,5956,5946,5925,4892,5848,4917,5796,5386,5932,5948,0.004319044946515111,0.0029380441690875,0.002290821342621342,0.0014987058700800797,0.0013791857716341936,0.0014610261327183108,0.002267801903263785,0.0027876173473144585,0.002405988692131214,0.002269638029677174,0.0023949388039702386,0.004535059995716132,0.003977707995352094,0.0015340986836760804,0.0014987058700800797,0.0015340986836760804,0.00238122497382177,0.002267801903263785,0.002405988692131214,0.0021601322073846302,0.003424553096466006,0.003977707995352094,0.002290821342621342,0.00238122497382177,0.25716439564691923,0.0990689147639377,0.0821929887748772,0.24975582915408695,0.09266419615010853,0.1664224958207536,0.1265200771436494,0.09817674616759772,0.141979617017549,0.06842804725667337,0.05244008473615247,0.33355328453580807,0.2816588336613225,0.2428113847096425,0.24975582915408695,0.2428113847096425,0.2029089660325383,0.1265200771436494,0.141979617017549,0.08314072169861896,0.14438984628563667,0.2816588336613225,0.0821929887748772,0.2029089660325383
249,24,0.0023395363693098988,0.0013389588091896887,0.004710097279528802,0.16821853370935655,0.04807007767480643,0.30591043598383894,19,False,7,1,23,0,0,0,0,5876,5725,4336,5565,5278,5924,5915,5638,5879,5447,5687,5841,5866,5956,5946,5925,4892,5848,4917,5796,5991,5948,5984,5985,0.0043907874622287875,0.00285747116312429,0.0022174912957156775,0.0015204421558892948,0.0013389588091896887,0.0014480200958896527,0.002222633643546431,0.0027104922417036277,0.002429379230730875,0.0022449740386599687,0.002299036685231464,0.004710097279528802,0.0015533239932526493,0.0015204421558892948,0.0015933840844397924,0.0023842695115429704,0.002222633643546431,0.002368300954336865,0.0020915407005267627,0.0033731868530906322,0.0015933840844397924,0.0023842695115429704,0.002429379230730875,0.0022449740386599687,0.23573402934300927,0.09081317186694289,0.07534357304363742,0.22894284339124638,0.08494217980426615,0.15255395450235748,0.11597673738167862,0.08999535065363125,0.2134813155994199,0.14605904331861724,0.04807007767480643,0.3057571774911574,0.22257710265050562,0.22894284339124638,0.30591043598383894,0.18599988552982677,0.11597673738167862,0.13014798226608656,0.07621232822373404,0.13235735909516694,0.30591043598383894,0.18599988552982677,0.2134813155994199,0.14605904331861724
250,24,0.002139761728594664,0.0012970966538884045,0.00443700849620481,0.17565099281021856,0.04406423786857256,0.29319760644197584,20,False,6,1,24,0,0,0,0,4336,5565,5278,5924,5915,5638,5879,5866,5956,5946,5925,4892,5848,6017,5447,5991,5948,5984,4917,5876,6003,6021,5985,5687,0.0021423945050154337,0.0015730773344851045,0.0012970966538884045,0.0014295659251070119,0.002171941543804242,0.0026294684958476484,0.002439699177300746,0.0015639017003377925,0.0015335277857734663,0.0016421195255578356,0.002376038078226773,0.002171941543804242,0.0023834134773445936,0.0023834134773445936,0.0022123348645329954,0.0016421195255578356,0.0024373158943754654,0.002439699177300746,0.0020212010718205506,0.00443700849620481,0.0015730773344851045,0.0024373158943754654,0.0022123348645329954,0.0022042751392480826,0.06906494195666764,0.29319760644197584,0.0778636648205773,0.13984112496049436,0.10631200926653872,0.08249573809916197,0.1956912059661349,0.20402901076296348,0.2098642731086425,0.2804178996518523,0.17049989506900787,0.10631200926653872,0.20263565041057935,0.20263565041057935,0.13388745637539914,0.2804178996518523,0.25383322840234124,0.1956912059661349,0.0698613008717562,0.21608952689775848,0.29319760644197584,0.25383322840234124,0.13388745637539914,0.04406423786857256
251,24,0.001938980156930934,0.001254054502101684,0.0025455140720180205,0.20972837882883866,0.06330953012694533,0.3520978059051445,21,False,6,0,24,0,0,0,0,4336,5565,5278,5924,5915,5638,5879,6025,5866,5956,5946,5925,4892,5848,6030,6017,5991,6027,6032,5948,4917,6044,6039,5447,0.0020662040967400325,0.0016570910268976994,0.001254054502101684,0.0014425995367473663,0.0021166679677454506,0.0025455140720180205,0.0025007578060130408,0.0016570910268976994,0.0015663925673564272,0.0015781600755885648,0.0016803048276981738,0.0023575775491805877,0.0021166679677454506,0.002386278127830217,0.0025007578060130408,0.002386278127830217,0.0017236397436025063,0.0014425995367473663,0.0015781600755885648,0.002475490707433868,0.0019497555428034286,0.0016570910268976994,0.0017236397436025063,0.002172750305262803,0.06330953012694533,0.3520978059051445,0.07137502608552919,0.21152103121378651,0.09745267516099382,0.07562109325756514,0.2627169388022903,0.3520978059051445,0.1870265931993832,0.27570891701625566,0.2570497413475313,0.15629157047992387,0.09745267516099382,0.18574934620969774,0.2627169388022903,0.18574934620969774,0.3403830746808646,0.21152103121378651,0.27570891701625566,0.2326804593688128,0.06403952579910985,0.3520978059051445,0.3403830746808646,0.12273016834411588
252,24,0.0019165443470783763,0.0012102391254403303,0.002546254157366972,0.21117259318886963,0.058033735949699884,0.4060896554130491,22,False,6,0,24,0,0,0,0,4336,5565,5278,5924,5915,5638,5879,6025,5866,5956,6065,5925,4892,6052,5848,6030,6017,6055,5991,6027,5946,6066,6068,4917,0.0019895134851974005,0.0017300115822723224,0.0012102391254403303,0.0014479324443618627,0.0021107562989096614,0.0024594997486278823,0.002546254157366972,0.0017746284310699253,0.001561433727928297,0.00161272957099345,0.001485274496635515,0.0023299695184303957,0.0020576886860008215,0.0021107562989096614,0.0023778728887819504,0.002546254157366972,0.0023778728887819504,0.0017746284310699253,0.0017935939626594574,0.001485274496635515,0.0017081610712629774,0.001654321726882908,0.0019261985671474384,0.0019261985671474384,0.058033735949699884,0.3227563220797158,0.06542710724506842,0.19389427861263764,0.172664952230911,0.06931933548610138,0.2408238605687661,0.4060896554130491,0.17144104376610125,0.2527331739315677,0.277227611945971,0.14326727293993022,0.08933161889757767,0.172664952230911,0.17027023402555624,0.2408238605687661,0.17027023402555624,0.4060896554130491,0.3120178184574592,0.277227611945971,0.23562892956857032,0.33606650726490106,0.14203623198251736,0.14203623198251736
253,24,0.001988386288743172,0.001166010457929622,0.00264318256505137,0.21418763631751622,0.05319759128722489,0.37224885079529496,23,False,7,0,24,0,0,0,0,4336,5565,5278,5924,5915,5638,5879,6087,6025,5866,5956,6092,6065,5925,4892,6052,6085,6086,6030,6017,6055,5991,6066,4917,0.0019128406586956272,0.0017913583788358427,0.001166010457929622,0.0014461277023646818,0.0020956273032898074,0.0023722010847437216,0.002576728948742373,0.00264318256505137,0.0018809523453568692,0.0015497106970124794,0.0016374845666358238,0.0017706075213892258,0.001518455115171376,0.0022942998750414196,0.001995807888451908,0.0021496733498510678,0.0021496733498510678,0.0024200910962620613,0.00264318256505137,0.002359246337647859,0.0018809523453568692,0.0018516177777786386,0.0017193826051161028,0.001896056394208946,0.05319759128722489,0.2958599619064061,0.05997484830797938,0.1777364220615845,0.1582762062116684,0.06354272419559293,0.2207552055213689,0.3040885388547022,0.37224885079529496,0.15715429011892615,0.23167207610393703,0.29932651877118943,0.2541253109504734,0.13132833352826936,0.08188731732277953,0.24160953954500175,0.24160953954500175,0.23941438119009323,0.3040885388547022,0.15608104785675989,0.37224885079529496,0.28601633358600426,0.308060964992826,0.13019987931730756
254,24,0.0020064473055800033,0.001121683870609805,0.0027226375551080875,0.20657671415668913,0.04876445867995615,0.42456144656235373,24,False,8,0,24,0,0,0,0,6116,4336,5565,5278,5924,5915,5638,5879,6087,6025,5866,5956,6092,6065,5925,4892,6052,6085,6086,6030,6017,6055,6066,4917,0.00202576978360561,0.0018366331556327138,0.001840959367520152,0.001121683870609805,0.0014378034021106326,0.0020722383979827844,0.0022843020810241308,0.002592952239813742,0.0027226375551080875,0.001974838860516886,0.001531933194160276,0.0016528405288323124,0.0018214015829529397,0.0015423643141544692,0.0022516342130622985,0.0019317559355211701,0.0021758804496492474,0.0021758804496492474,0.0024480892485328923,0.0027226375551080875,0.002331481283044044,0.00202576978360561,0.0017730395163322917,0.001860208565390654,0.42456144656235373,0.04876445867995615,0.2712049650808723,0.05497694428231443,0.16292505355645245,0.14508652236069602,0.05824749717929351,0.20235893839458816,0.278747827283477,0.34122811322902036,0.1440580992756823,0.21236606976194228,0.27438264220692365,0.23294820170460062,0.12038430573424691,0.0750633742125479,0.22147541124958492,0.22147541124958492,0.21946318275758545,0.278747827283477,0.14307429386869655,0.42456144656235373,0.2823892179100905,0.11934988937419859
255,24,0.0020134339693980417,0.0010775329164639377,0.002784645972498233,0.2181986492432526,0.0447007537899598,0.3891813260154909,25,False,8,0,24,0,0,0,0,6116,4336,5565,5278,6130,5915,5638,5879,6087,6025,5866,6132,6133,6065,5924,6052,6085,6086,6030,6017,6138,6055,5956,4917,0.0021582781026897205,0.001761273447025606,0.0018789136749724183,0.0010775329164639377,0.0015477271150183421,0.002041554401770417,0.0021964000509781365,0.0025958675367346766,0.002784645972498233,0.0020554744901724875,0.0015477271150183421,0.0019085928795259193,0.0015975496413737956,0.0015975496413737956,0.0014236088323210177,0.0021900217026008806,0.0021900217026008806,0.002526121799168904,0.002784645972498233,0.002295664407334373,0.002526121799168904,0.0021582781026897205,0.0016593433434989664,0.0018195006180552874,0.3891813260154909,0.0447007537899598,0.2486045513241329,0.05039553225878823,0.2153865910027088,0.13299597883063802,0.05339353908101905,0.18549569352837247,0.2555188416765206,0.312792437126602,0.2153865910027088,0.3348507553563467,0.2968691848958839,0.2968691848958839,0.1493479657600814,0.20301912697878616,0.20301912697878616,0.28450791752778665,0.2555188416765206,0.13115143604630516,0.28450791752778665,0.3891813260154909,0.1946688972817804,0.10940406525968203
256,24,0.0020514729230332,0.0010337923678980449,0.0028295965090267714,0.21925848555221847,0.040975690974129814,0.44008288218086666,26,False,8,0,24,0,0,0,0,6116,4336,5565,5278,6130,5915,5638,5879,6087,6144,6025,5866,6132,6155,6133,6065,5924,6052,6085,6086,6030,6017,6138,4917,0.0023354975293748137,0.001687084500169355,0.0019055496842626195,0.0010337923678980449,0.001555131503881712,0.002004524974666022,0.00210901129872179,0.0025865402858969416,0.0028295965090267714,0.0023354975293748137,0.0021224307368580037,0.001555131503881712,0.0020341191638407388,0.0020341191638407388,0.0016422484111427496,0.0016422484111427496,0.0014042042640305815,0.002192889436711425,0.002192889436711425,0.0025878262708121874,0.0028295965090267714,0.002252861743174954,0.0025878262708121874,0.0017747326475376906,0.44008288218086666,0.040975690974129814,0.22788750538045516,0.04619590457055587,0.19743770841914973,0.12191298059475152,0.04894407749093413,0.17003771906767476,0.23422560487014388,0.44008288218086666,0.28672640069938515,0.19743770841914973,0.3902798590766511,0.3902798590766511,0.2721300861545602,0.2721300861545602,0.1369023019467413,0.18610086639722065,0.18610086639722065,0.2607989244004711,0.23422560487014388,0.12022214970911306,0.2607989244004711,0.10028705982137519
257,24,0.0020658258589632502,0.0009906614043750843,0.002858175335192588,0.21164200458458746,0.037561050059618996,0.40340930866579444,27,False,8,0,24,0,0,0,0,6116,4336,5565,5278,6130,5915,5638,5879,6087,6144,6025,5866,6132,6179,6133,6065,5924,6052,6085,6086,6030,6017,6138,6155,0.0024991066873853787,0.0016143353488858076,0.0019213816983264108,0.0009906614043750843,0.0015547354375604876,0.0019620669414999407,0.0020225772749642335,0.0025661120586701245,0.002858175335192588,0.0024991066873853787,0.002175625895611683,0.001594831929774025,0.0021464639717222104,0.001594831929774025,0.0016765403440759856,0.0016765403440759856,0.0013802443481214096,0.002185380532874379,0.002185380532874379,0.002633491512311347,0.002858175335192588,0.0022040995804309947,0.002633491512311347,0.0021464639717222104,0.40340930866579444,0.037561050059618996,0.2088968799320839,0.042346245856342876,0.18098456605088725,0.11175356554518888,0.044865404366689614,0.15586790914536852,0.21470680446429855,0.40340930866579444,0.2628325339744364,0.26431789938422057,0.35775653748693015,0.26431789938422057,0.2494525789750135,0.2494525789750135,0.12549377678451284,0.17059246086411892,0.17059246086411892,0.23906568070043183,0.21470680446429855,0.11020363723335364,0.23906568070043183,0.35775653748693015
258,24,0.002102130169907106,0.0009483068388130419,0.0028713022040248734,0.20269329754617568,0.034430962554650744,0.4531251996103116,28,False,8,0,24,0,0,0,0,6116,4336,5565,5278,6130,5915,5638,5879,6087,6201,6144,6025,5866,6132,6179,6133,6065,5924,6052,6085,6086,6030,6017,6138,0.0026468486576339783,0.0015432465390064548,0.001927067610884474,0.0009483068388130419,0.0015471929286797594,0.001915051030238661,0.0019374709502971428,0.0025357610958324224,0.0028713022040248734,0.0027151106551592677,0.0027151106551592677,0.0022152788374226098,0.0016245750723599026,0.002244474065368682,0.0016245750723599026,0.0017007113676904017,0.0017007113676904017,0.00135236494251095,0.002168457530554272,0.002168457530554272,0.002663698332510151,0.0028713022040248734,0.002150350256484626,0.002663698332510151,0.36979186627697824,0.034430962554650744,0.19148880660441023,0.03881739203498097,0.16590251887997998,0.10244076841642313,0.04112662066946548,0.1428789167165878,0.19681457075894032,0.4531251996103116,0.4531251996103116,0.24092982280990002,0.24229140776886884,0.32794349269635265,0.24229140776886884,0.22866486406042902,0.22866486406042902,0.1150359620524701,0.15637642245877567,0.15637642245877567,0.2191435406420625,0.19681457075894032,0.10102000079724083,0.2191435406420625
259,24,0.002189630958958993,0.0009068662979395629,0.002915945622198412,0.20714612198543655,0.03156171567509652,0.4153647663094523,29,False,8,0,24,0,0,0,0,6116,4336,5565,6220,6130,5915,5638,5879,6087,6201,6144,6025,5866,6132,5278,5924,6052,6239,6086,6030,6017,6138,6229,6085,0.0027770526113801005,0.0014739953537655443,0.0019233693457558294,0.0015727375279505412,0.0015727375279505412,0.0018642924817777456,0.0018540032034303705,0.002496669385082248,0.002870069955809762,0.002915945622198412,0.002915945622198412,0.002241858893054565,0.0016446946775917892,0.0023874674861796515,0.0009068662979395629,0.0013211730740229917,0.0021431150927562863,0.0027483573270236043,0.002679259457771241,0.002870069955809762,0.0020925222096073283,0.0027483573270236043,0.0023874674861796515,0.0021431150927562863,0.3389758774205634,0.03156171567509652,0.1755314060540427,0.23541064230664832,0.23541064230664832,0.09390403771505454,0.03769940228034335,0.13097234032353883,0.18041335652902862,0.4153647663094523,0.4153647663094523,0.2208523375757417,0.2221004571214631,0.3839482016383232,0.03558260936539922,0.10544963188143093,0.14334505392054436,0.284214912255224,0.20088157892189062,0.18041335652902862,0.09260166739747075,0.284214912255224,0.3839482016383232,0.14334505392054436
260,24,0.002171874524681488,0.0008664512941333514,0.003178604193486786,0.2005005168278735,0.028931572702171806,0.4640843691169979,30,False,8,0,24,0,0,0,0,6250,4336,5565,6220,6130,5915,6246,5638,5879,6087,6249,6116,6025,5866,6132,6252,5278,5924,6052,6239,6086,6030,6017,6138,0.003178604193486786,0.001406720753294855,0.001911117227066574,0.0015891495054978296,0.0015891495054978296,0.0018105449632007011,0.0018181398640584963,0.0018181398640584963,0.0024499960798202774,0.0028556894241940295,0.003178604193486786,0.002888621013599627,0.002256035192322811,0.001698373215619169,0.0025148638492230512,0.001698373215619169,0.0008664512941333514,0.0012872396758697383,0.0021103519903669745,0.002815259194765614,0.0026811621036476633,0.0028556894241940295,0.002031453654566245,0.002815259194765614,0.4640843691169979,0.028931572702171806,0.16090378888287246,0.2157930887810943,0.2157930887810943,0.08607870123879999,0.11789111875698141,0.11789111875698141,0.12005797862991059,0.16537891015160958,0.4640843691169979,0.31072788763551645,0.20244797611109655,0.28692541902800783,0.35195251816846296,0.28692541902800783,0.03261739191828262,0.09666216255797835,0.13139963276049899,0.26053033623395533,0.1841414473450664,0.16537891015160958,0.08488486178101486,0.26053033623395533
261,24,0.0022301952484483924,0.0008271501447072169,0.0034242182796289447,0.19322025879549867,0.026520608310324153,0.4254106716905814,31,False,8,0,24,0,0,0,0,6250,4336,5565,6220,6130,5915,6246,5638,5879,6087,6249,6116,6025,6278,6132,6252,5278,5924,6052,6239,6086,6030,6017,6138,0.0034242182796289447,0.001341527986151214,0.0018911789364769302,0.001596933872521832,0.001596933872521832,0.0017544972271946219,0.0017776260586676786,0.0017776260586676786,0.002396856817012902,0.002829440943525949,0.0034242182796289447,0.0029809923677895423,0.0022586280148975076,0.002693133450746683,0.002693133450746683,0.0017410371343180148,0.0008271501447072169,0.0012510947146545878,0.0020711484535458954,0.0028647222381029476,0.0026705152227957294,0.002829440943525949,0.001967909256829186,0.0028647222381029476,0.4254106716905814,0.026520608310324153,0.14749513980929976,0.19781033138266976,0.19781033138266976,0.07890547613556666,0.10806685886056629,0.10806685886056629,0.11005314707741803,0.1515973343056421,0.4254106716905814,0.2848338969992234,0.18557731143517184,0.40595647498775767,0.40595647498775767,0.2630149674423405,0.029899275925092398,0.08860698234481348,0.12044966336379073,0.2388194748811257,0.16879632673297754,0.1515973343056421,0.07781112329926361,0.2388194748811257
262,24,0.0022450874224713055,0.0007890307095103025,0.0036490688612195437,0.17711857056254043,0.02431055761779714,0.3899597823830329,32,False,8,0,24,0,0,0,0,6250,4336,5565,6220,6130,5915,6246,5638,5879,6087,6249,6116,6025,6278,6132,6252,5278,5924,6052,6239,6086,6030,6017,6138,0.0036490688612195437,0.001278492849541737,0.0018644333088288286,0.0015966937963575341,0.0015966937963575341,0.001696771994886838,0.001733239100557285,0.001733239100557285,0.002338308337311067,0.0027926330059268897,0.0036490688612195437,0.003054086602663377,0.002250563953066438,0.0028543815888345567,0.0028543815888345567,0.0017728598522587515,0.0007890307095103025,0.0012132243210124345,0.002026448522996063,0.0028973815222250753,0.0026485027129985266,0.0027926330059268897,0.0019025792239951967,0.0028973815222250753,0.3899597823830329,0.02431055761779714,0.13520387815852478,0.1813261371007806,0.1813261371007806,0.0723300197909361,0.09906128728885243,0.09906128728885243,0.1008820514876332,0.13896422311350526,0.3899597823830329,0.2610977389159548,0.17011253548224084,0.37212676873877787,0.37212676873877787,0.2410970534888121,0.027407669598001363,0.08122306714941235,0.11041219141680816,0.21891785197436522,0.15472996617189608,0.13896422311350526,0.07132686302432498,0.21891785197436522
263,24,0.002205288242913274,0.0007521429295900332,0.003850262467809325,0.16170490884785496,0.022284677816314043,0.3574631338511135,33,False,8,0,24,0,0,0,0,6250,4336,5565,6220,6130,5915,6246,5638,5879,6087,6249,6116,6025,6278,6252,5278,5924,6052,6239,6086,6334,6030,6017,6333,0.003850262467809325,0.0012176655893898628,0.0018317489123344313,0.0015890997586465053,0.0015890997586465053,0.0016379265885287453,0.0016857031013553095,0.0016857031013553095,0.0022753377318525366,0.002746568115957964,0.003850262467809325,0.003108239692211977,0.002232836021868564,0.0029967537191227037,0.0017942155764292366,0.0007521429295900332,0.0011740695570047943,0.001977146900592252,0.0029141235886729444,0.0026163432275384973,0.0018834326419283538,0.0028174018696725243,0.0018834326419283538,0.0028174018696725243,0.3574631338511135,0.022284677816314043,0.12393688831198103,0.16621562567571554,0.16621562567571554,0.06630251814169143,0.09080618001478138,0.09080618001478138,0.09247521386366377,0.12738387118737982,0.3574631338511135,0.23933959400629187,0.15593649085872077,0.34111620467721304,0.22100563236474444,0.025123697131501248,0.07445447822029465,0.10121117546540748,0.20067469764316812,0.14183580232423806,0.14871629110563123,0.21071720452071316,0.14871629110563123,0.21071720452071316
264,24,0.0021336462561974082,0.0007165211588978101,0.004025739174281918,0.14797686854890738,0.023030055703876142,0.3276745393635207,34,False,8,0,24,0,0,0,0,6250,4336,5565,6220,6130,5915,6246,5638,5879,6087,6249,6116,6025,6337,6278,6252,5278,5924,6052,6239,6086,6334,6017,6333,0.004025739174281918,0.0011889668717376606,0.0017939671439906714,0.00157486235738973,0.00157486235738973,0.001578454897072779,0.0016356844333640713,0.0016356844333640713,0.0022088556186345416,0.002692515529384693,0.004025739174281918,0.0031441332073447997,0.0022064693009115808,0.0011889668717376606,0.003119017897242972,0.0018056387488100574,0.0007165211588978101,0.0011340264843113165,0.0019240797302220332,0.0029160240440888234,0.0025752567302554518,0.001857431763573707,0.001857431763573707,0.0028271804568760907,0.3276745393635207,0.10376095466495455,0.11360881428598261,0.15236432353607257,0.15236432353607257,0.060777308296550474,0.08323899834688293,0.08323899834688293,0.08476894604169179,0.1167685485884315,0.3276745393635207,0.21939462783910088,0.1429417832871607,0.10376095466495455,0.3126898542874453,0.20258849633434906,0.023030055703876142,0.06824993836860342,0.09277691084329018,0.1839518061729041,0.13001615213055157,0.1363232668468286,0.1363232668468286,0.1931574374773204
265,24,0.002108255290058607,0.0006821862880630151,0.004174239539544884,0.15613702477274702,0.021110884395219798,0.3699656997634915,35,False,8,0,24,0,0,0,0,6250,4336,5565,6220,6130,5915,6366,5879,6087,6371,6025,6337,6278,6252,5278,5924,6052,6246,5638,6017,6333,6249,6374,6334,0.004174239539544884,0.0011578813054399883,0.0017518894318737487,0.0015547090766665492,0.0015547090766665492,0.0015187903165344737,0.0016246353079093206,0.00213969257057702,0.002631690321743893,0.003244289778973926,0.002172492260621543,0.0011578813054399883,0.003303583191860899,0.0018077850890958291,0.0006821862880630151,0.0010934472347547439,0.0018680187199529462,0.0016246353079093206,0.0015837895135925148,0.0018254423532288162,0.002823073886322011,0.004174239539544884,0.003303583191860899,0.0018254423532288162,0.30036832774989397,0.095114208442875,0.10414141309548405,0.13966729657473317,0.13966729657473317,0.05571253260517126,0.15963574848464268,0.07770486720488413,0.1070378362060622,0.2844450755191758,0.13102996801323064,0.095114208442875,0.3699656997634915,0.18570612163981995,0.021110884395219798,0.06256244350455313,0.08504550160634933,0.15963574848464268,0.07630241515130935,0.12496299460959288,0.17706098435421036,0.30036832774989397,0.3699656997634915,0.12496299460959288
266,24,0.0020048800299733416,0.0006658891264947497,0.004295240647670547,0.1395651311533678,0.051069821554740324,0.3391352247832005,36,False,8,0,24,0,0,0,0,6250,4336,5565,6220,6130,5915,6366,5879,6087,6371,6025,6337,6278,6398,5278,5924,6052,6246,5638,6391,6017,6333,6249,6334,0.004295240647670547,0.0011248808331499834,0.001706268058610608,0.0015293650645930546,0.0015293650645930546,0.001459309364461566,0.0016071149255727246,0.002121947131098854,0.002565238090499345,0.0033234781265724903,0.0021319136073761976,0.0011248808331499834,0.003466262040491018,0.0006658891264947497,0.0006658891264947497,0.0010526418247742099,0.0018096680318200392,0.0016071149255727246,0.0015305644477296046,0.002121947131098854,0.001788304557784609,0.0028062925542960823,0.004295240647670547,0.001788304557784609,0.2753376337707361,0.08718802440596875,0.09546296200419371,0.12802835519350542,0.12802835519350542,0.051069821554740324,0.14633276944425577,0.15456279493781044,0.09811801652222368,0.26074131922591115,0.12011080401212808,0.08718802440596875,0.3391352247832005,0.10268497736228482,0.10268497736228482,0.057348906545840364,0.07795837647248688,0.14633276944425577,0.0699438805553669,0.15456279493781044,0.11454941172546014,0.16230590232469283,0.2753376337707361,0.11454941172546014
267,24,0.0019434616860095264,0.0006482840349923503,0.004388871180401993,0.13884152664103508,0.052569831000353666,0.3223462092904186,37,False,10,0,24,0,0,0,0,6417,6250,4336,5565,6220,6130,6413,5915,6366,5879,6087,6371,6025,6337,6278,6398,5278,5924,6052,6246,5638,6391,6017,6333,0.0034692935403000313,0.004388871180401993,0.0010903974558817624,0.0016578000903330141,0.0014995377548547263,0.0014995377548547263,0.00143645025839303,0.00143645025839303,0.0015838708706577146,0.002096083206905236,0.002494224529802953,0.0034692935403000313,0.0020857042636592896,0.0010903974558817624,0.003605680434539128,0.0006482840349923503,0.0006482840349923503,0.0010118804952926551,0.0017496634039702325,0.0015838708706577146,0.0014764961205576224,0.002096083206905236,0.0017468198090039417,0.0027781058926981015,0.3223462092904186,0.2523928309565081,0.07992235570547135,0.0875077151705109,0.11735932559404663,0.11735932559404663,0.13014733642517864,0.13014733642517864,0.13413837199056777,0.14168256202632623,0.0899415151453717,0.3223462092904186,0.11010157034445073,0.07992235570547135,0.3108739560512671,0.09412789591542775,0.09412789591542775,0.052569831000353666,0.07146184509977964,0.13413837199056777,0.06411522384241966,0.14168256202632623,0.10500362741500513,0.14878041046430177
268,24,0.001929271748005762,0.0006296334953998194,0.00445581447345177,0.12727139942094884,0.04818901175032419,0.2954840251828837,38,False,10,0,24,0,0,0,0,6417,6250,4336,5565,6220,6130,6413,5915,6366,5879,6087,6371,6025,6337,6278,6398,5278,5924,6052,6246,5638,6391,6017,6333,0.0035919032400675206,0.00445581447345177,0.0010548223587939173,0.0016071238999251013,0.0014659050296390995,0.0014659050296390995,0.0014092712421173543,0.0014092712421173543,0.0015556405309731787,0.002063078210019319,0.002419629109285453,0.0035919032400675206,0.002034783964449084,0.0010548223587939173,0.0037211339129062404,0.0006296334953998194,0.0006296334953998194,0.0009713963961213104,0.0016885730223040055,0.0015556405309731787,0.0014220143723318983,0.002063078210019319,0.001701741375663323,0.0027398032116796823,0.2954840251828837,0.23136009504346575,0.07326215939668207,0.08021540557296832,0.10757938179454274,0.10757938179454274,0.11930172505641375,0.11930172505641375,0.12296017432468712,0.1298756818574657,0.0824463888832574,0.2954840251828837,0.10092643948241316,0.07326215939668207,0.2849677930469948,0.0862839045891421,0.0862839045891421,0.04818901175032419,0.06550669134146467,0.12296017432468712,0.05877228852221802,0.1298756818574657,0.09625332513042137,0.13638204292560996
269,24,0.0019119197387283055,0.0006101774544205135,0.0044972071007723345,0.12360989391364753,0.044173260771130506,0.2708603564176434,39,False,11,0,24,0,0,0,0,6417,6250,4336,5565,6220,6130,6413,5915,6464,6366,5879,6087,6371,6025,6337,6278,6398,5278,5924,6052,5638,6391,6017,6333,0.003690970913323756,0.0044972071007723345,0.0010185061602981625,0.001554817801449759,0.001429106539999647,0.001429106539999647,0.0013784128038789826,0.0013784128038789826,0.0015624186218574439,0.0015624186218574439,0.0020238887916525826,0.002342342120641053,0.003690970913323756,0.001980011882247468,0.0010185061602981625,0.0038125194727996014,0.0006101774544205135,0.0006101774544205135,0.0009313884684567115,0.0016268997180232815,0.0013674949542766075,0.0020238887916525826,0.001653768053739498,0.0026926615862108406,0.2708603564176434,0.2120800871231769,0.06715697944695856,0.07353078844188762,0.09861443331166417,0.09861443331166417,0.10935991463504594,0.10935991463504594,0.19604682646429653,0.19604682646429653,0.11905270836934355,0.07557585647631927,0.2708603564176434,0.09251590285887873,0.06715697944695856,0.26122047695974526,0.07909357920671359,0.07909357920671359,0.044173260771130506,0.06004780039634261,0.05387459781203318,0.11905270836934355,0.08823221470288625,0.1250168726818091
270,24,0.0018502063138800871,0.0005901329165699955,0.004514538946500887,0.1256589377285803,0.049385047994363745,0.24828866004950642,40,False,11,0,24,0,0,0,0,6417,6250,4336,5565,6220,6485,6413,5915,6464,6366,5879,6087,6371,6025,6337,6496,5278,6130,6052,5638,6391,6017,6491,6333,0.0037667025648215106,0.004514538946500887,0.00098176002128547,0.001501400355439041,0.0013897377614817534,0.0014255789779266212,0.001344480968555558,0.001344480968555558,0.0015614122927869465,0.0015614122927869465,0.001979434170254229,0.0023215312280094012,0.0037667025648215106,0.0019221806741997565,0.00098176002128547,0.0006053523933520576,0.0005901329165699955,0.0014255789779266212,0.0015650841284547616,0.0013132630077175187,0.001979434170254229,0.0016035404845508546,0.0023215312280094012,0.0026379204175759918,0.24828866004950642,0.19440674652957882,0.061560564493045346,0.06740322273839698,0.09039656386902549,0.17372989720235882,0.10024658841545878,0.10024658841545878,0.17970959092560515,0.17970959092560515,0.10913164933856491,0.15261120176995935,0.24828866004950642,0.0848062442873055,0.061560564493045346,0.15583578093948747,0.07250244760615412,0.17372989720235882,0.05504381702998072,0.049385047994363745,0.10913164933856491,0.0808795301443124,0.15261120176995935,0.11459879995832502
271,24,0.0018534001276427556,0.0005696941493973057,0.004509559152319698,0.1180659774234335,0.05045683227748233,0.2275979383787142,41,False,12,0,24,0,0,0,0,6417,6250,4336,5565,6220,6485,6413,5915,6464,6366,6523,5879,6087,6371,6025,6337,5278,6130,6052,5638,6391,6017,6491,6333,0.0038197624179767175,0.004509559152319698,0.000944857387620577,0.001447331955411129,0.0013483463570517936,0.0014157832807850299,0.00130804128093386,0.00130804128093386,0.0015532825988939709,0.0015532825988939709,0.001292081752542512,0.001930583796302826,0.0022919814183578607,0.0038197624179767175,0.00186201336134247,0.000944857387620577,0.0005696941493973057,0.0014157832807850299,0.0015035085175990226,0.001292081752542512,0.001930583796302826,0.0015516396168786767,0.0022919814183578607,0.002576762086599327,0.2275979383787142,0.17820618431878057,0.056430517451958234,0.06178628751019723,0.08286351687994004,0.1592524057688289,0.09189270604750388,0.09189270604750388,0.16473379168180471,0.16473379168180471,0.12860296066150012,0.10003734522701783,0.13989360162246273,0.2275979383787142,0.07773905726336337,0.056430517451958234,0.06646057697230795,0.1592524057688289,0.05045683227748233,0.12860296066150012,0.10003734522701783,0.07413956929895303,0.13989360162246273,0.10504889996179793
272,24,0.0018038697321100035,0.0005490333555398641,0.004484190893422387,0.12666727866589275,0.0462520962543588,0.23433930904165431,42,False,13,0,24,0,0,0,0,6417,6250,4336,5565,6220,6485,6413,5915,6464,6537,6366,6523,5879,6087,6371,6025,6337,5278,6130,6052,5638,6547,6491,6333,0.0038511860566185613,0.004484190893422387,0.0009080361748159616,0.0013930173594619531,0.001305430436302918,0.0014003648319436885,0.0012696150237424938,0.0012696150237424938,0.001538727315926218,0.0015784109600699456,0.0015784109600699456,0.00126708610709601,0.0018781487910964976,0.0022547617147920277,0.0038511860566185613,0.001800162490215417,0.0009080361748159616,0.0005490333555398641,0.0014003648319436885,0.0014425010077624859,0.0012997641480022974,0.0012997641480022974,0.0022547617147920277,0.002510297993846383,0.20863144351382135,0.16335566895888218,0.05172797433096171,0.05663743021768079,0.0759582238066117,0.14598137195475983,0.08423498054354522,0.08423498054354522,0.15100597570832097,0.23433930904165431,0.23433930904165431,0.11788604727304178,0.091700899791433,0.1282358014872575,0.20863144351382135,0.07126080249141642,0.05172797433096171,0.06092219555794895,0.14598137195475983,0.0462520962543588,0.20121938060637512,0.20121938060637512,0.1282358014872575,0.09629482496498143
273,24,0.0017753107581856364,0.0005283016866223938,0.004440456709746575,0.11611167211040167,0.042397754899828895,0.2148110332881831,43,False,13,0,24,0,0,0,0,6417,6250,4336,5565,6220,6485,6413,5915,6464,6537,6366,6523,5879,6087,6371,6025,6337,5278,6130,6052,5638,6547,6491,6333,0.00386229564687241,0.004440456709746575,0.0008715012373894104,0.0013388088835059235,0.0012614383315891365,0.0013799752197478023,0.0012296772814300876,0.0012296772814300876,0.0015184586224985242,0.0015944036330530894,0.0015944036330530894,0.0012388497318440335,0.00182287658278857,0.002210915405058953,0.00386229564687241,0.0017372110813834284,0.0008715012373894104,0.0005283016866223938,0.0013799752197478023,0.001382340023045362,0.0013008102321608649,0.0013008102321608649,0.002210915405058953,0.0024395592320060945,0.19124548988766957,0.14974269654564198,0.04741730980338157,0.05191764436620739,0.0696283718227274,0.1338162576251965,0.07721539883158311,0.07721539883158311,0.1384221443992942,0.2148110332881831,0.2148110332881831,0.10806221000028829,0.08405915814214691,0.1175494846966527,0.19124548988766957,0.06532240228379838,0.04741730980338157,0.05584534592811987,0.1338162576251965,0.042397754899828895,0.18445109888917718,0.18445109888917718,0.1175494846966527,0.08827025621789963
274,24,0.0018184842960426168,0.0005076304939916731,0.004380415129191515,0.12564738368177875,0.043465867319766434,0.2586416990636971,44,False,14,0,24,0,0,0,0,6590,6417,6250,4336,5565,6220,6485,6413,5915,6464,6537,6366,6523,6587,5879,6087,6371,6025,6337,5278,6130,5638,6547,6333,0.003954031084923787,0.0038546207497976307,0.004380415129191515,0.0008354269958990629,0.0012850100223533007,0.00121676955188421,0.001355256762875394,0.0011886564882240293,0.0011886564882240293,0.0014931846946063467,0.0016017730824824268,0.0016017730824824268,0.0012390663413148816,0.0012390663413148816,0.001765448181458696,0.0021614425036707513,0.003954031084923787,0.0016736749305906976,0.0008354269958990629,0.0005076304939916731,0.001355256762875394,0.0012957570990242203,0.0012957570990242203,0.0023654911379903743,0.2586416990636971,0.17530836573036376,0.1372641385001718,0.043465867319766434,0.047591174002356774,0.06382600750416678,0.12266490282309679,0.07078078226228451,0.07078078226228451,0.126886965699353,0.19691011384750118,0.19691011384750118,0.18239035916693094,0.18239035916693094,0.07705422829696801,0.10775369430526498,0.2586416990636971,0.05987886876014851,0.043465867319766434,0.05119156710077655,0.12266490282309679,0.16908017398174574,0.16908017398174574,0.08091440153307466
275,24,0.0017989450264453552,0.0004871327299630893,0.004306108564999173,0.12906565726385275,0.039843711709785894,0.26383427102687607,45,False,14,0,24,0,0,0,0,6590,6417,6250,4336,5565,6220,6485,6607,6608,6464,6611,6366,6523,6587,5879,6087,6371,6025,6337,5278,6130,5638,6547,6333,0.004021374078684709,0.0038298270384507665,0.004306108564999173,0.0007999601215717112,0.0012318793098995446,0.0011717766190454928,0.0013268303525989912,0.001176514493228583,0.001176514493228583,0.0014635950346188339,0.001642421478138553,0.001642421478138553,0.0012335408560159179,0.0012335408560159179,0.0017064775749916238,0.0021072868787181892,0.004021374078684709,0.0016100058910479714,0.0007999601215717112,0.0004871327299630893,0.0013268303525989912,0.001285178610906814,0.001285178610906814,0.002288951010663285,0.23708822414172234,0.16069933525283345,0.12582546029182415,0.039843711709785894,0.04362524283549371,0.058507173545486214,0.11244282758783872,0.1482157170737608,0.1482157170737608,0.11631305189107359,0.26383427102687607,0.26383427102687607,0.1671911625696867,0.1671911625696867,0.070633042605554,0.09877421977982623,0.23708822414172234,0.05488896303013613,0.039843711709785894,0.04692560317571183,0.11244282758783872,0.15499015948326691,0.15499015948326691,0.07417153473865178
276,24,0.0018277340740287043,0.000765222201666351,0.0042195219302086345,0.12963234497008816,0.03652340240063707,0.24184808177463638,46,False,14,0,24,0,0,0,0,6590,6417,6250,4336,5565,6220,6485,6607,6608,6464,6611,6646,6366,6523,6587,5879,6087,6371,6025,6337,6130,5638,6638,6333,0.004065248019975158,0.003789654221057407,0.0042195219302086345,0.000765222201666351,0.0011796342695557967,0.001126767535390748,0.001295286300152338,0.0011601099869368138,0.0011601099869368138,0.0014303492286246145,0.0016728255341894281,0.0013024104091348917,0.0016728255341894281,0.0012228231332162402,0.0012228231332162402,0.0016889762020723272,0.0020493274217378947,0.004065248019975158,0.001546595826099025,0.000765222201666351,0.001295286300152338,0.0012696658372124408,0.0016889762020723272,0.0022107083412501363,0.21733087212991214,0.14730772398176398,0.11534000526750546,0.03652340240063707,0.0399898059325359,0.053631575750029026,0.10307259195551882,0.13586440731761407,0.13586440731761407,0.10662029756681746,0.24184808177463638,0.22540764619299467,0.24184808177463638,0.15325856568887947,0.15325856568887947,0.14808028905509119,0.09054303479817404,0.21733087212991214,0.05031488277762478,0.03652340240063707,0.10307259195551882,0.14207431285966132,0.14808028905509119,0.0679905735104308
277,24,0.0017999922551734735,0.0007313123283462233,0.004122551057676258,0.11882964955591413,0.03347978553391731,0.22169407496008334,47,False,14,0,24,0,0,0,0,6590,6417,6250,4336,5565,6220,6485,6607,6608,6464,6611,6646,6366,6523,6587,5879,6087,6371,6025,6337,6130,5638,6638,6333,0.004086921374846478,0.003735863663816005,0.004122551057676258,0.0007313123283462233,0.0011284553404639522,0.0010820086737682246,0.0012611778247387188,0.0011399835990212185,0.0011399835990212185,0.001394068750920389,0.001693332420824418,0.0013123194773573177,0.001693332420824418,0.0012074772460723467,0.0012074772460723467,0.0016653631109214005,0.0019883726297128053,0.004086921374846478,0.001483780977901328,0.0007313123283462233,0.0012611778247387188,0.0012498107659540338,0.0016653631109214005,0.00213144697705144,0.19921996611908613,0.13503208031661698,0.10572833816188,0.03347978553391731,0.03665732210482457,0.049162277770859936,0.09448320929255892,0.12454237337447956,0.12454237337447956,0.09773527276958266,0.22169407496008334,0.20662367567691176,0.22169407496008334,0.1404870185481395,0.1404870185481395,0.1357402649671669,0.0829977818983262,0.19921996611908613,0.04612197587948938,0.03347978553391731,0.09448320929255892,0.13023478678802286,0.1357402649671669,0.06232469238456156
278,24,0.0017854058327998901,0.000698309570114218,0.004087920672646537,0.12060616078769736,0.030689803406090867,0.28655290204674305,48,False,13,0,24,0,0,0,0,6590,6417,6250,4336,5565,6220,6485,6607,6608,6682,6646,6366,6523,6587,5879,6087,6371,6025,6337,6130,6611,5638,6638,6333,0.004087920672646537,0.003670195597800276,0.004016979810259707,0.000698309570114218,0.0010784896941513856,0.0010377279201794893,0.0012250167989822267,0.0011166595859070023,0.0011166595859070023,0.0017483993454993267,0.0013153652325085766,0.0017044419356718845,0.0011880663626892306,0.0011880663626892306,0.0016364143421238756,0.0019251579927331488,0.004087920672646537,0.001421846548458453,0.000698309570114218,0.0012250167989822267,0.0017483993454993267,0.0012261931820924288,0.0016364143421238756,0.0020517687174171754,0.18261830227582895,0.12377940695689889,0.09691764331505666,0.030689803406090867,0.033602545262755856,0.045065421289954936,0.086609608518179,0.11416384225993959,0.11416384225993959,0.28655290204674305,0.1894050360371691,0.2032195687134097,0.1287797670024612,0.1287797670024612,0.12442857621990298,0.07608130007346568,0.18261830227582895,0.04227847788953193,0.030689803406090867,0.086609608518179,0.28655290204674305,0.11938188788902095,0.12442857621990298,0.057130968019181425
279,24,0.0017400093369694355,0.0006662752981257984,0.004069950861202322,0.12639077005316932,0.028132319788916626,0.3460068268761811,49,False,15,0,24,0,0,0,0,6590,6417,6250,6699,4336,5565,6220,6702,6485,6607,6608,6682,6646,6705,6587,5879,6087,6371,6025,6337,6130,6366,6638,6333,0.004069950861202322,0.003594335365089668,0.003904464678483887,0.0006834584803302845,0.0006834584803302845,0.0010298548804435342,0.0009941179337165289,0.0012178910002970268,0.0012178910002970268,0.0010906377394083657,0.0010906377394083657,0.0018383518974383552,0.0013120748805154933,0.0018383518974383552,0.0011651406198732897,0.001602882287687361,0.0018603456272204538,0.004069950861202322,0.0013610313337649742,0.0006662752981257984,0.0011872713744300763,0.0017067696442867452,0.001602882287687361,0.0019721979185885687,0.16740011041950986,0.11346445637715731,0.08884117303880193,0.11146565312224997,0.11146565312224997,0.0308023331575262,0.04130996951579202,0.1627254744749974,0.1627254744749974,0.10465018873827794,0.10465018873827794,0.3460068268761811,0.17362128303407168,0.3460068268761811,0.11804811975225608,0.11405952820157773,0.06974119173401021,0.16740011041950986,0.0387552713987376,0.028132319788916626,0.07939214114166408,0.18628460465395888,0.11405952820157773,0.05237005401758297
280,24,0.0016853926419400677,0.0006352553502944454,0.004034824883255398,0.12557978296178937,0.025787959806506906,0.3171729246364993,50,False,15,0,24,0,0,0,0,6590,6417,6250,6699,4336,5565,6220,6702,6485,6607,6608,6682,6646,6705,6587,5879,6087,6371,6724,6337,6130,6366,6638,6333,0.004034824883255398,0.003509887882628155,0.003786525661488594,0.0006670273548575811,0.0006842299325400126,0.0009826422611453767,0.0009513394187906661,0.0012058000867646353,0.0012058000867646353,0.0010623875642098645,0.0010623875642098645,0.0019159773461377536,0.00130301947224643,0.0019159773461377536,0.0011392277628341427,0.0015654841103271235,0.0017945256536213644,0.004034824883255398,0.0006842299325400126,0.0006352553502944454,0.00114836513214108,0.0017010128526695207,0.0015654841103271235,0.0018931867573746901,0.15345010121788402,0.1040090850123942,0.0814377419522351,0.1021768486953958,0.18551018202872915,0.028235472061065685,0.03786747205614269,0.14916501826874762,0.14916501826874762,0.09592933967675478,0.09592933967675478,0.3171729246364993,0.15915284278123237,0.3171729246364993,0.10821077643956807,0.10455456751811291,0.06392942575617602,0.15345010121788402,0.18551018202872915,0.025787959806506906,0.07277612937985874,0.1707608875994623,0.10455456751811291,0.04800588284945105
281,24,0.0016578838718777427,0.0006052820244162573,0.003984403371514529,0.12205924549275134,0.023638963155964664,0.2907418475834577,51,False,14,0,24,0,0,0,0,6590,6417,6250,6699,4336,5565,6220,6702,6485,6607,6608,6682,6646,6705,6587,5879,6087,6371,6724,6337,6130,6366,6759,6333,0.003984403371514529,0.003418359348859651,0.0036645422848639994,0.0006492997534213483,0.0006817741823560813,0.0009369202057597654,0.0009095243303819904,0.0011893034268701762,0.0011893034268701762,0.0010323444040053057,0.0010323444040053057,0.0019808183891546686,0.00128879312570413,0.0019808183891546686,0.0011108262560203517,0.0015642202845763337,0.0017282188821031697,0.003984403371514529,0.0006817741823560813,0.0006052820244162573,0.0011086774360655474,0.0016879202900086376,0.0015642202845763337,0.001815120870506786,0.14066259278306034,0.09534166126136134,0.0746512634562155,0.09366211130411281,0.1700510001930017,0.025882516055976877,0.03471184938479746,0.1367346000796853,0.1367346000796853,0.0879352280370252,0.0879352280370252,0.2907418475834577,0.14589010588279633,0.2907418475834577,0.09919321173627073,0.17917502022493684,0.058601973609828016,0.14066259278306034,0.1700510001930017,0.023638963155964664,0.06671145193153717,0.15653081363284044,0.17917502022493684,0.0440053926119968
282,24,0.001629490588335527,0.0005763758979168207,0.003920544617567856,0.11883208614613316,0.021669049559634276,0.26651336028483624,52,False,14,0,24,0,0,0,0,6590,6417,6250,6699,4336,5565,6220,6702,6485,6607,6608,6682,6646,6705,6587,5879,6087,6371,6724,6337,6130,6366,6783,6333,0.003920544617567856,0.0033211451592661864,0.003539753704543679,0.0006305377254416324,0.000676392116628523,0.0008927370358754341,0.0008687789545610574,0.0011689554511387075,0.0011689554511387075,0.0010009071978978358,0.0010009071978978358,0.002032749214076708,0.0012699955562236692,0.002032749214076708,0.0010804005386430217,0.001595968053895331,0.0016618804349926898,0.003920544617567856,0.000676392116628523,0.0005763758979168207,0.0010685447049229781,0.0016682659594797892,0.001595968053895331,0.0017383251457757662,0.12894071005113864,0.08739652282291456,0.0684303248348642,0.08585693536210341,0.15588008351025157,0.023725639717978805,0.03181919526939767,0.12534005007304486,0.12534005007304486,0.0806072923672731,0.0806072923672731,0.26651336028483624,0.13373259705922996,0.26651336028483624,0.09092711075824816,0.24757710187285878,0.053718475809009014,0.12894071005113864,0.15588008351025157,0.021669049559634276,0.06115216427057574,0.14348657916343707,0.24757710187285878,0.04033827656099706
283,24,0.0014738244007515451,0.0005485474765912767,0.003944228307576159,0.1238472355924632,0.01986329542966475,0.2443039135944332,53,False,13,0,24,0,0,0,0,6809,6699,4336,6796,5565,6220,6702,6485,6607,6608,6682,6646,6705,6587,5879,6087,6793,6250,6724,6337,6130,6366,6783,6333,0.003944228307576159,0.00061098067111997,0.0006856321272204139,0.0006856321272204139,0.000850123714352842,0.0008291868241952764,0.0011452945321746252,0.0011452945321746252,0.0009684375654548174,0.0009684375654548174,0.002071933091155251,0.0012472178562096192,0.002071933091155251,0.001048378092507766,0.001618127213146492,0.0015959039970781378,0.0033025542261692752,0.00341326196241858,0.000668394296238224,0.0005485474765912767,0.0010282623579998928,0.0016428272849327878,0.001618127213146492,0.0016630694923440716,0.20152898421354376,0.07870219074859479,0.22622340988439726,0.22622340988439726,0.021748503074813904,0.029167595663614532,0.1148950459002911,0.1148950459002911,0.07389001800333367,0.07389001800333367,0.2443039135944332,0.1225882139709608,0.2443039135944332,0.08334985152839415,0.2269456767167872,0.04924193615825826,0.16344681258767169,0.06272779776529219,0.14289007655106392,0.01986329542966475,0.05605615058136109,0.13152936423315065,0.2269456767167872,0.036976753514247306
284,24,0.0014353355175166632,0.0005352558208547134,0.003947745050046517,0.11995742397988263,0.01993612781857941,0.22394525412823044,54,False,14,0,24,0,0,0,0,6809,6699,4336,6796,6835,5565,6220,6702,6485,6607,6608,6682,6646,6705,6827,6587,5879,6087,6793,6250,6724,6130,6366,6333,0.003947745050046517,0.000590844972391244,0.0006910064596699375,0.0006910064596699375,0.0005352558208547134,0.0008090962825442765,0.0007908114439817085,0.0011188345162381848,0.0011188345162381848,0.0009352599450296227,0.0009352599450296227,0.002098775738254767,0.0012525216180857464,0.002098775738254767,0.0012525216180857464,0.001015148001936927,0.0016311408641689206,0.0015306264423005271,0.003270427999187623,0.0032860375842015195,0.0006580922767209082,0.0009880872291932043,0.0016123674372234226,0.0015895744610918815,0.18473490219574845,0.07214367485287855,0.20737145906069748,0.20737145906069748,0.10154135414385937,0.01993612781857941,0.026736962691646653,0.1053204587419335,0.1053204587419335,0.06773251650305585,0.06773251650305585,0.22394525412823044,0.19570586280671406,0.22394525412823044,0.19570586280671406,0.07640403056769464,0.20803353699038826,0.0451384414784034,0.14982624487203236,0.057500481284851176,0.1309825701718086,0.051384804699580997,0.12056858388038809,0.03389535738806003
285,24,0.0012954264055855113,0.0005209375807807373,0.003932722226699545,0.12346773888142372,0.01827478383369779,0.20528314961754457,55,False,16,0,24,0,0,0,0,6809,6841,6699,4336,6796,6835,5565,6220,6846,6702,6485,6607,6608,6682,6646,6705,6827,6587,5879,6087,6793,6724,6366,6333,0.003932722226699545,0.000585032841675921,0.000585032841675921,0.0006927552942343555,0.0006927552942343555,0.0005209375807807373,0.000769658053938345,0.000773136637202947,0.000773136637202947,0.001090058601653655,0.001090058601653655,0.0009016625412859925,0.0009016625412859925,0.0021138777229481797,0.0012515953539537611,0.0021138777229481797,0.0012515953539537611,0.0009810607095403871,0.0016355723165875275,0.00146633263662612,0.0032262824456055755,0.0006457916004276494,0.0015776215559326217,0.001518016622004138,0.1693403270127694,0.14946503528180533,0.14946503528180533,0.1900905041389727,0.1900905041389727,0.09307957463187108,0.01827478383369779,0.1078422158006761,0.1078422158006761,0.09654375384677237,0.09654375384677237,0.06208814012780119,0.06208814012780119,0.20528314961754457,0.17939704090615455,0.20528314961754457,0.17939704090615455,0.07003702802038675,0.1906974089078559,0.04137690468853645,0.13734072446602966,0.12006735599082453,0.11052120189035575,0.03107074427238836
286,24,0.001233484460244751,0.0005058021433814779,0.0039008999397868523,0.12161064316667293,0.01675188518088964,0.22034294900832155,56,False,17,0,24,0,0,0,0,6809,6841,6699,4336,6866,6796,6835,5565,6220,6846,6702,6485,6607,6608,6682,6646,6705,6827,6587,5879,6087,6793,6724,6333,0.0039008999397868523,0.0005770774457768277,0.0005919602230984185,0.0006911550701044287,0.0005919602230984185,0.0006911550701044287,0.0005058021433814779,0.0007318015761967827,0.0007537841436985945,0.0007537841436985945,0.0010594152368353586,0.0010594152368353586,0.0008678988710801057,0.0008678988710801057,0.00211798841684892,0.001244969768702848,0.00211798841684892,0.001244969768702848,0.0009464287024274106,0.0016320716519050088,0.0014032602615482515,0.0031716218852814366,0.000631786343715098,0.001448533635117528,0.15522863309503862,0.1370096156749882,0.22034294900832155,0.17424962879405828,0.22034294900832155,0.17424962879405828,0.0853229434125485,0.01675188518088964,0.09885536448395309,0.09885536448395309,0.088498441026208,0.088498441026208,0.05691412845048442,0.05691412845048442,0.18817622048274918,0.16444728749730833,0.18817622048274918,0.16444728749730833,0.06420060901868785,0.17480595816553454,0.037928829297825074,0.12589566409386052,0.11006174299158915,0.02848151558302266
287,24,0.0012167395521097,0.0004900406469905022,0.003854071473277742,0.11758926421493021,0.026108055951104103,0.24306215972788675,57,False,17,0,24,0,0,0,0,6809,6841,6699,6893,6796,6835,5565,6220,6895,6846,6702,6485,6607,6608,6682,6646,6705,6827,6587,5879,6087,6793,6724,6333,0.003854071473277742,0.0005672478320883934,0.0005956184718652764,0.0007042107346307964,0.0007042107346307964,0.0004900406469905022,0.0007134475282050454,0.0007330684971703079,0.0007134475282050454,0.0007330684971703079,0.001027315711164211,0.001027315711164211,0.0008341897297056341,0.0008341897297056341,0.002111963298646314,0.0012332046146060305,0.002111963298646314,0.0012332046146060305,0.0009115278973991865,0.0016213456594105764,0.0013416045407393564,0.0031079084635218285,0.0006163550618784818,0.0013812289752047802,0.14229291367045208,0.12559214770207253,0.20198103659096142,0.24306215972788675,0.24306215972788675,0.07821269812816944,0.09868922808248218,0.09061741744362366,0.09868922808248218,0.09061741744362366,0.08112357094069067,0.08112357094069067,0.05217128441294405,0.05217128441294405,0.1724948687758534,0.15074334687253263,0.1724948687758534,0.15074334687253263,0.05885055826713052,0.16023879498507332,0.03476809352300632,0.11540435875270547,0.10088993107562338,0.026108055951104103
288,24,0.001204580419264771,0.00047382572368795595,0.0037940336873385225,0.11312893281891721,0.023932384621845427,0.22280697975056285,58,False,18,0,24,0,0,0,0,6809,6841,6699,6893,6796,6835,5565,6220,6895,6846,6702,6485,6607,6608,6682,6646,6705,6930,6827,6587,5879,6087,6793,6333,0.0037940336873385225,0.0005558053686402286,0.0005962250228005763,0.0007130859821740049,0.0007130859821740049,0.00047382572368795595,0.0006938081344832256,0.0007112790705330107,0.0006938081344832256,0.0007112790705330107,0.0009941331282231004,0.0009941331282231004,0.0008007254304867353,0.0008007254304867353,0.0020967257632292656,0.001216870864021191,0.0020967257632292656,0.0008992069538929955,0.001216870864021191,0.0008992069538929955,0.0016041316824499424,0.0012815227842065038,0.0030365388501673966,0.0013161762889763158,0.13043517086458106,0.11512613539356648,0.18514928354171462,0.22280697975056285,0.22280697975056285,0.07169497328415532,0.09046512574227533,0.08306596598998835,0.09046512574227533,0.08306596598998835,0.07436327336229978,0.07436327336229978,0.04782367737853205,0.04782367737853205,0.15812029637786562,0.13818140129982157,0.15812029637786562,0.13727967841153632,0.13818140129982157,0.13727967841153632,0.14688556206965053,0.03187075239608912,0.10578732885664667,0.023932384621845427
289,24,0.0010778530377469633,0.0004573117194990825,0.00372254703268224,0.11100265672257033,0.02193801923669164,0.20423973143801594,59,False,19,0,24,0,0,0,0,6809,6937,6841,6699,6893,6796,6835,5565,6220,6895,6846,6702,6485,6607,6608,6682,6646,6705,6930,6827,6587,5879,6087,6333,0.00372254703268224,0.0005570035212435619,0.0005570035212435619,0.0005940250784785097,0.0007179881281514808,0.0007179881281514808,0.0004573117194990825,0.0006731569520805059,0.0006886791332044456,0.0006731569520805059,0.0006886791332044456,0.0009602024772037952,0.0009602024772037952,0.000767668198906692,0.000767668198906692,0.0020732340597878055,0.001196536016750163,0.0020732340597878055,0.0008839572290260736,0.001196536016750163,0.0008839572290260736,0.0015811755742279518,0.0012231386904326218,0.0012534233778976657,0.11956557329253263,0.1888656241107693,0.1888656241107693,0.16972017657990507,0.20423973143801594,0.20423973143801594,0.06572039217714237,0.08292636526375238,0.07614380215748931,0.08292636526375238,0.07614380215748931,0.06816633391544147,0.06816633391544147,0.043838370930321044,0.043838370930321044,0.14494360501304349,0.12666628452483644,0.14494360501304349,0.12583970521057494,0.12666628452483644,0.12583970521057494,0.13464509856384632,0.029214856363081694,0.02193801923669164
290,24,0.0010229846898897035,0.0004519992228032383,0.0036413044981247135,0.11731356762883167,0.026780284999491553,0.2564601554348719,60,False,20,0,24,0,0,0,0,6809,6962,6841,6699,6893,6796,6966,6835,5565,6220,6895,6846,6702,6485,6607,6608,6682,6646,6705,6930,6827,6587,5879,6087,0.0036413044981247135,0.0005698532271400615,0.0005698532271400615,0.0005892811161877953,0.0007191741319052656,0.0007191741319052656,0.0004519992228032383,0.0004519992228032383,0.000651742809495548,0.0006655057132353072,0.000651742809495548,0.0006655057132353072,0.0009258215501139256,0.0009258215501139256,0.0007351546274241617,0.0007351546274241617,0.00204245355939991,0.0011727523970015894,0.00204245355939991,0.0008661861954458624,0.0011727523970015894,0.0008661861954458624,0.0015532137070656256,0.0011665463680450145,0.1096017755181549,0.2564601554348719,0.2564601554348719,0.15557682853157964,0.18721975381818126,0.18721975381818126,0.14357702616238052,0.14357702616238052,0.07601583482510635,0.06979848531103186,0.07601583482510635,0.06979848531103186,0.062485806089154675,0.062485806089154675,0.04018517335279429,0.04018517335279429,0.1328649712619565,0.1161107608144334,0.1328649712619565,0.11535306310969369,0.1161107608144334,0.11535306310969369,0.12342467368352579,0.026780284999491553
291,24,0.0010140122117041613,0.0004451181561266294,0.0035519085756242222,0.11451082128042954,0.024548594582867258,0.2350884758152992,61,False,19,0,24,0,0,0,0,6809,6962,6841,6699,6893,6796,6966,6835,5565,6220,6895,6846,6702,6485,6607,6608,6682,6646,6705,7004,6827,6587,5879,6087,0.0035519085756242222,0.0005792046478847094,0.0005792046478847094,0.0005822638575873502,0.0007169361788799336,0.0007169361788799336,0.0004451181561266294,0.0004451181561266294,0.000629789689107866,0.0006419700848702965,0.000629789689107866,0.0006419700848702965,0.0008912524863759071,0.0008912524863759071,0.0007032981187123491,0.0007032981187123491,0.002005334237915618,0.0011460481929673092,0.002005334237915618,0.0011756046765564112,0.0011756046765564112,0.0008462830471040227,0.001520958799549295,0.001111814055208229,0.10046829422497533,0.2350884758152992,0.2350884758152992,0.14261209282061466,0.17161810766666616,0.17161810766666616,0.13161227398218214,0.13161227398218214,0.06968118192301415,0.06398194486844587,0.06968118192301415,0.06398194486844587,0.05727865558172512,0.05727865558172512,0.036836408906728096,0.036836408906728096,0.12179289032346013,0.10643486407989729,0.12179289032346013,0.18976819741323064,0.18976819741323064,0.10574030785055255,0.11313928420989863,0.024548594582867258
292,24,0.0010183025380703073,0.0004368753149000226,0.003455855212045404,0.10782345953000323,0.03376670816450075,0.2154977694973576,62,False,19,0,24,0,0,0,0,6809,6962,6841,6699,6893,6796,6835,5565,6220,6895,6846,6702,6485,6607,6608,6682,6646,6705,7004,6827,6587,5879,7031,6087,0.003455855212045404,0.0005851960099329492,0.0005851960099329492,0.0005732447387729011,0.0007115888099486885,0.0007115888099486885,0.0004368753149000226,0.0006074971988054703,0.0006182587252317259,0.0006074971988054703,0.0006182587252317259,0.0008567237601361665,0.0008567237601361665,0.0006721912633342178,0.0006721912633342178,0.001962793041274813,0.0011169209325893553,0.001962793041274813,0.0011727832200151003,0.0011727832200151003,0.000824613998391369,0.0014850892107870764,0.0010862987244214938,0.0010862987244214938,0.09209593637289405,0.2154977694973576,0.2154977694973576,0.1307277517522301,0.15731659869444398,0.15731659869444398,0.12064458448366695,0.06387441676276297,0.05865011612940871,0.06387441676276297,0.05865011612940871,0.05250543428324802,0.05250543428324802,0.03376670816450075,0.03376670816450075,0.11164348279650511,0.09756529207323918,0.11164348279650511,0.17395418096212809,0.17395418096212809,0.09692861552967316,0.10371101052574042,0.10583621170096166,0.10583621170096166
293,24,0.0009794781462858584,0.00042746992399923263,0.003354523687586767,0.11818516104353723,0.030952815817459022,0.19753962203924447,63,False,20,0,24,0,0,0,0,6809,6962,6841,6699,6893,6796,6835,5565,6220,6895,7042,6846,7044,6485,6607,6608,7049,6705,7004,6827,6587,5879,7031,6087,0.003354523687586767,0.0005880139218460147,0.0005880139218460147,0.0005624898351998836,0.0007034577999509051,0.0007034577999509051,0.00042746992399923263,0.0005850414852180347,0.000594534607141745,0.0005850414852180347,0.0006098676031422366,0.0006098676031422366,0.0008436429193177897,0.0008436429193177897,0.0006419081130534923,0.0006419081130534923,0.001965106416573723,0.001965106416573723,0.0011647977495422939,0.0011647977495422939,0.0008015191205888924,0.001446241287514838,0.0010585125157701323,0.0010585125157701323,0.08442127500848622,0.19753962203924447,0.19753962203924447,0.11983377243954424,0.14420688213657365,0.14420688213657365,0.11059086911002804,0.05855154869919938,0.05376260645195798,0.05855154869919938,0.13709593978529133,0.13709593978529133,0.131463314759644,0.131463314759644,0.030952815817459022,0.030952815817459022,0.18567319256346304,0.18567319256346304,0.15945799921528409,0.15945799921528409,0.0888512309022004,0.09506842631526205,0.0970165273925482,0.0970165273925482
294,24,0.0009713574720182871,0.000427847585423864,0.0032491713924427336,0.12201015152851286,0.028373414499337436,0.20384137186300702,64,False,20,0,24,0,0,0,0,6809,6962,6841,6699,6893,6796,7062,5565,6220,6895,7042,7069,7044,6485,7070,6608,7049,6705,7004,6827,6587,5879,7031,6087,0.0032491713924427336,0.0005878809453764097,0.0005878809453764097,0.0005502551389188797,0.0006928708462904854,0.0006928708462904854,0.000427847585423864,0.0005625764630435848,0.0005709387174202315,0.0005625764630435848,0.0005994939551317099,0.0008493391969301323,0.0008279855220628461,0.0008493391969301323,0.0006283028083755859,0.0006125063233708338,0.00195814291197587,0.00195814291197587,0.0011521789805397462,0.0011521789805397462,0.0007773104684343185,0.0014050043259685296,0.0010288922012884518,0.0010288922012884518,0.07738616875777903,0.18107798686930743,0.18107798686930743,0.10984762473624889,0.13218964195852584,0.13218964195852584,0.18470829668419236,0.053672252974266095,0.04928238924762815,0.053672252974266095,0.12567127813651705,0.20384137186300702,0.12050803852967368,0.20384137186300702,0.11170674783267077,0.028373414499337436,0.17020042651650777,0.17020042651650777,0.1461698326140104,0.1461698326140104,0.08144696166035037,0.08714605745565687,0.08893181677650251,0.08893181677650251
295,24,0.0009549683271456756,0.00042621626998785655,0.003140932545203353,0.12493292111561179,0.07093732136129743,0.1868545908744231,65,False,21,0,24,0,0,0,0,6809,6962,6841,6699,6893,6796,7062,5565,7087,7042,7069,7044,6485,7070,7095,6608,7049,6705,7004,6827,6587,5879,7031,6087,0.003140932545203353,0.0005850442590094728,0.0005850442590094728,0.0005367830504834817,0.0006801500236195029,0.0006801500236195029,0.00042621626998785655,0.0005541678765088088,0.0005541678765088088,0.0005874140455017756,0.0008506472535984326,0.000810129022635148,0.0008506472535984326,0.0006132390984225944,0.0005990912099384968,0.0005990912099384968,0.0019427662380718305,0.0019427662380718305,0.001135462943010694,0.001135462943010694,0.0007522712614570811,0.0013619177154118585,0.0009978386174392933,0.0009978386174392933,0.07093732136129743,0.16598815463019848,0.16598815463019848,0.10069365600822815,0.12117383846198201,0.12117383846198201,0.16931593862717634,0.13253289855974393,0.13253289855974393,0.11519867162514062,0.1868545908744231,0.1104657019855342,0.1868545908744231,0.1023978521799482,0.10934229662439265,0.10934229662439265,0.15601705764013213,0.15601705764013213,0.1339890132295095,0.1339890132295095,0.07465971485532116,0.0798838860010188,0.0815208320451273,0.0815208320451273
296,24,0.0009348783906958142,0.0004336676429614416,0.0030308199923349544,0.1179940665781997,0.06502587791452265,0.23853961040824498,66,False,20,0,24,0,0,0,0,6809,6962,6841,6699,6893,7110,5565,7087,7042,7069,7044,6485,7070,7095,6608,7049,6705,7004,6827,6587,5879,7031,6087,6796,0.0030308199923349544,0.0005797656660279377,0.0005797656660279377,0.0005222999301292403,0.0006656058881319765,0.0004336676429614416,0.0005440458871292824,0.0005440458871292824,0.0005738916806420858,0.0008479134490398856,0.0007904311779887373,0.0008479134490398856,0.0005969779813739341,0.0005843407382885835,0.0005843407382885835,0.0019198681656760626,0.0019198681656760626,0.0011151782098656278,0.0011151782098656278,0.0007266559043437493,0.0013174698547868088,0.0009657156019099392,0.0009657156019099392,0.0006656058881319765,0.06502587791452265,0.15215580841101525,0.15215580841101525,0.09230251800754247,0.11107601859015018,0.23853961040824498,0.12148849034643193,0.12148849034643193,0.10559878232304556,0.17128337496822119,0.101260226820073,0.17128337496822119,0.09386469783161919,0.10023043857235993,0.10023043857235993,0.1430156361701211,0.1430156361701211,0.12282326212705039,0.12282326212705039,0.06843807195071107,0.07322689550093389,0.07472742937470003,0.07472742937470003,0.11107601859015018
297,24,0.0009035009256805748,0.0004498881635447781,0.002919729335369207,0.12424402242018795,0.05960705475497909,0.30199464287422456,67,False,20,0,24,0,0,0,0,6809,6962,6841,6699,6893,7110,5565,7087,7042,7069,7044,7138,7070,7095,6608,7049,6705,7004,6827,6587,5879,7031,6087,7133,0.002919729335369207,0.0005723130644396675,0.0005723130644396675,0.0005070145481133222,0.0006495330695988791,0.0004498881635447781,0.0005324590883886127,0.0005324590883886127,0.0005591750373486805,0.0008415102673286129,0.0007890646355625299,0.0007890646355625299,0.0005797607286449846,0.0005685006840809236,0.0005685006840809236,0.0018903435494191949,0.0018903435494191949,0.0010918358570644717,0.0010918358570644717,0.0007006906545054268,0.0012720984707168643,0.0009328500098537291,0.0009328500098537291,0.0004498881635447781,0.05960705475497909,0.1394761577100973,0.1394761577100973,0.08461064150691393,0.10181968370763766,0.30199464287422456,0.11136444948422926,0.11136444948422926,0.0967988837961251,0.15700976038753608,0.17615520791840025,0.17615520791840025,0.08604263967898425,0.09187790202466327,0.09187790202466327,0.13109766648927768,0.13109766648927768,0.11258799028312952,0.11258799028312952,0.0627348992881518,0.0671246542091894,0.06850014359347503,0.06850014359347503,0.30199464287422456
298,24,0.0008858407617662887,0.0004750846013591844,0.0028084447421108426,0.13096339074889665,0.054639800192064165,0.36016175596803923,68,False,22,0,24,0,0,0,0,6809,6962,6841,6699,7157,7110,5565,7087,7042,7044,7138,7070,7166,7095,6608,7049,6705,7004,6827,6587,5879,7031,6087,7174,0.0028084447421108426,0.0005629533923043992,0.0005629533923043992,0.0004911172786865209,0.0004750846013591844,0.0004750846013591844,0.0005196434311997016,0.0005196434311997016,0.0005434945314362279,0.0007841751897367136,0.0007841751897367136,0.000561807818849868,0.0005660283943754224,0.000551797582536252,0.0005660283943754224,0.0018550701544721448,0.0018550701544721448,0.0010659218999991467,0.0010659218999991467,0.0006745747706496355,0.0012261920083037488,0.0008995325630713417,0.000922731429926533,0.000922731429926533,0.054639800192064165,0.1278531445675892,0.1278531445675892,0.0775597547146711,0.36016175596803923,0.36016175596803923,0.10208407869387681,0.10208407869387681,0.088732310146448,0.16147560725853355,0.16147560725853355,0.07887241970573555,0.16755474352260802,0.08422141018927466,0.16755474352260802,0.12017286094850453,0.12017286094850453,0.10320565775953539,0.10320565775953539,0.05750699101413915,0.06153093302509027,0.06279179829401878,0.14612513162735213,0.14612513162735213
299,24,0.0008784861890106041,0.00047477989290972797,0.002697645904042536,0.13362142437774127,0.05008648350939215,0.3301482763040359,69,False,22,0,24,0,0,0,0,6809,6962,6841,6699,7157,7110,5565,7087,7042,7044,7138,7186,7166,7095,6608,7049,6705,7004,6827,6587,7196,7031,6087,7174,0.002697645904042536,0.0005519469868506614,0.0005519469868506614,0.00047477989290972797,0.0004971123121390954,0.0004971123121390954,0.0005058197122246467,0.0005058197122246467,0.0005270615590156067,0.0007761183470240816,0.0007961343719415197,0.0007961343719415197,0.0005611675537101183,0.0005344378882064174,0.0005611675537101183,0.0018148929533255624,0.0018148929533255624,0.0010378919067218864,0.0010378919067218864,0.0006484820016794525,0.0012105262771450126,0.0008660193185081199,0.0009093328769482812,0.0009093328769482812,0.05008648350939215,0.11719871585362343,0.11719871585362343,0.07109644182178183,0.3301482763040359,0.3301482763040359,0.09357707213605373,0.09357707213605373,0.08133795096757733,0.14801930665365576,0.2313526399869891,0.2313526399869891,0.15359184822905733,0.07720295934016844,0.15359184822905733,0.11015845586946248,0.11015845586946248,0.0946051862795741,0.0946051862795741,0.052714741762960884,0.13973668860633276,0.05755914843618388,0.1339480373250728,0.1339480373250728
300,24,0.0008489937369318947,0.00045815581993412376,0.0025879157001961984,0.12354308871044678,0.04591260988360946,0.30263591994536626,70,False,24,0,24,0,0,0,0,6809,6962,6841,6699,7157,7110,5565,7087,7042,7044,7186,7166,7095,7213,6608,7049,6705,7004,6827,6587,7196,7031,6087,7174,0.0025879157001961984,0.000539543245500953,0.000539543245500953,0.00045815581993412376,0.0005158069212433722,0.0005158069212433722,0.0004911919533255475,0.0004911919533255475,0.0005100679509515489,0.0007652545881312345,0.0008035284448642735,0.0005541768801626704,0.0005299310494702682,0.0005299310494702682,0.0005541768801626704,0.0017706124417730105,0.0017706124417730105,0.0010081674728580972,0.0010081674728580972,0.0006225622994275583,0.001190816088431176,0.0008325335752042968,0.0008930776452786137,0.0008930776452786137,0.04591260988360946,0.1074321561991548,0.1074321561991548,0.06517173833663334,0.30263591994536626,0.30263591994536626,0.08577898279138259,0.08577898279138259,0.07455978838694588,0.13568436443251777,0.21207325332140667,0.14079252754330254,0.15410271272848775,0.15410271272848775,0.14079252754330254,0.10097858454700727,0.10097858454700727,0.08672142075627624,0.08672142075627624,0.04832184661604748,0.12809196455580502,0.05276255273316855,0.12278570088131673,0.12278570088131673
301,24,0.0008286938833375872,0.000441380762541449,0.002479748215829563,0.11324783131790954,0.04208655905997534,0.2774162599499191,71,False,24,0,24,0,0,0,0,6809,6962,6841,6699,7157,7110,5565,7087,7042,7044,7186,7166,7095,7213,6608,7049,6705,7004,6827,6587,7196,7031,6087,7174,0.002479748215829563,0.000525977447093074,0.000525977447093074,0.000441380762541449,0.0005310961273740614,0.0005310961273740614,0.00047594652103698286,0.00047594652103698286,0.0004926859943787441,0.0007519405035934648,0.00080662362977262,0.0005453148327055331,0.0005234043889503653,0.0005234043889503653,0.0005453148327055331,0.001722976463083384,0.001722976463083384,0.0009771342475706816,0.0009771342475706816,0.0005969436608327046,0.0011676123247425722,0.000799268069894757,0.0008743749914440273,0.0008743749914440273,0.04208655905997534,0.0984794765158919,0.0984794765158919,0.059740760141913894,0.2774162599499191,0.2774162599499191,0.07863073422543404,0.07863073422543404,0.06834647268803372,0.12437733406314129,0.19440048221128944,0.12905981691469398,0.14126082000111376,0.14126082000111376,0.12905981691469398,0.09256370250142333,0.09256370250142333,0.07949463569325323,0.07949463569325323,0.04429502606471019,0.1174176341761546,0.048365673338737834,0.11255355914120699,0.11255355914120699
302,24,0.0008245553101621578,0.00042457356930948744,0.0023735568413137584,0.11209938602028503,0.03857934580497739,0.2542982382874258,72,False,25,0,24,0,0,0,0,6809,6962,6841,6699,7157,7110,5565,7087,7042,7044,7186,7166,7095,7213,6608,7049,7265,6705,7004,6827,7196,7031,6087,7174,0.0023735568413137584,0.0005114685777385678,0.0005114685777385678,0.00042457356930948744,0.0005429893571312646,0.0005429893571312646,0.0004602518445452635,0.0004602518445452635,0.00047506889140456825,0.0007365217872864722,0.0008057324641302716,0.0005348340146281643,0.0005151019948320494,0.0005151019948320494,0.0005348340146281643,0.0016726750126366049,0.0009695163283498714,0.0016726750126366049,0.0009695163283498714,0.00094514121823022,0.0011414429065564951,0.000766387339846465,0.0008536140830452378,0.0008536140830452378,0.03857934580497739,0.0902728534729009,0.0902728534729009,0.05476236346342107,0.2542982382874258,0.2542982382874258,0.0720781730399812,0.0720781730399812,0.06265093329736424,0.11401255622454617,0.17820044202701532,0.1183048321718028,0.12948908500102094,0.12948908500102094,0.1183048321718028,0.08485006062630472,0.1562034160521488,0.08485006062630472,0.1562034160521488,0.07287008271881545,0.1076328313281417,0.04433520056050968,0.10317409587943974,0.10317409587943974
303,24,0.0008039554354403338,0.00040783728178011,0.0022696822426054725,0.1099915668148909,0.035364400321229277,0.23310671843014033,73,False,27,0,24,0,0,0,0,6809,6962,6841,6699,7157,7110,5565,7087,7042,7044,7186,7166,7095,7213,6608,7049,7265,6705,7291,6827,7196,7293,6087,7174,0.0022696822426054725,0.000496218003785098,0.000496218003785098,0.00040783728178011,0.0005515658410181372,0.0005515658410181372,0.000444258604128005,0.000444258604128005,0.0004573515425214709,0.0007193279221078736,0.000801198575072966,0.0005229768490099362,0.0005052626066315518,0.0005052626066315518,0.0005229768490099362,0.0016203375095772642,0.0009581393060292254,0.0016203375095772642,0.0009360343096439642,0.0009360343096439642,0.0011128060215682028,0.0007529607308739669,0.0008311596902104055,0.0008311596902104055,0.035364400321229277,0.08275011568349248,0.08275011568349248,0.05019883317480264,0.23310671843014033,0.23310671843014033,0.06607165861998276,0.06607165861998276,0.05743002218925055,0.10451150987250066,0.1633504051914307,0.1084460961574859,0.11869832791760251,0.11869832791760251,0.1084460961574859,0.07777922224077932,0.14318646471446972,0.07777922224077932,0.15013090915891417,0.15013090915891417,0.09866342871746323,0.12397393384713387,0.0945762545561531,0.0945762545561531
304,24,0.000840473039136071,0.00039126028985669826,0.002224322899431556,0.10685882653443286,0.04601559707690242,0.21458759265493058,74,False,29,0,24,0,0,0,0,6809,7296,6962,6841,6699,7157,7110,5565,7087,7042,7044,7186,7166,7095,7213,6608,7049,7312,6705,7291,7196,7293,6087,7174,0.002224322899431556,0.002224322899431556,0.00048040884069070904,0.00048040884069070904,0.00039126028985669826,0.0005569620620983859,0.0005569620620983859,0.000428100277435399,0.000428100277435399,0.0004396515595561537,0.0007006683594773059,0.0007933833388974091,0.0005099723915327374,0.0004941154894095287,0.0004941154894095287,0.0005099723915327374,0.0015665320569200492,0.0009677812267640676,0.0015665320569200492,0.0009234781426649464,0.0010821654854699858,0.0007374377671999811,0.0008073493671712127,0.0008073493671712127,0.11575070029446018,0.11575070029446018,0.07585427270986811,0.07585427270986811,0.04601559707690242,0.21368115856096195,0.21368115856096195,0.06056568706831753,0.06056568706831753,0.052644187006813004,0.0958022173831256,0.14973787142547815,0.09940892147769541,0.10880680059113564,0.10880680059113564,0.09940892147769541,0.07129762038738104,0.21458759265493058,0.07129762038738104,0.137620000062338,0.09044147632434128,0.11364277269320605,0.086694900009807,0.086694900009807
305,24,0.0008197013400755423,0.0003749175419998717,0.0021734546638285087,0.09795392432323012,0.04218096398716055,0.1967052932670197,75,False,30,0,24,0,0,0,0,6809,7296,6962,6841,6699,7157,7110,5565,7087,7042,7044,7186,7166,7095,7213,6608,7049,7312,6705,7291,7196,7293,6087,7174,0.0021734546638285087,0.0021734546638285087,0.0004642058783471801,0.0004642058783471801,0.0003749175419998717,0.0005593593330086348,0.0005593593330086348,0.00041189394697970313,0.00041189394697970313,0.00042207042937080283,0.0006808299813180262,0.000782654558136866,0.000496034131066486,0.00048187738677643897,0.00048187738677643897,0.000496034131066486,0.0015117662587392552,0.0009721935361772194,0.0015117662587392552,0.0009079033393569003,0.001049947900968169,0.0007201479265674664,0.000782491875212639,0.000782491875212639,0.10610480860325516,0.10610480860325516,0.06953308331737909,0.06953308331737909,0.04218096398716055,0.19587439534754844,0.19587439534754844,0.05551854647929107,0.05551854647929107,0.048257171422911915,0.08781869926786512,0.13725971547335497,0.09112484468788745,0.09973956720854099,0.09973956720854099,0.09112484468788745,0.06535615202176595,0.1967052932670197,0.06535615202176595,0.1261516667238098,0.08290468663064618,0.10417254163543888,0.07947032500898975,0.07947032500898975
306,24,0.0007905487510561838,0.00036812704028469544,0.002118019656869251,0.09433752873739058,0.04423574047100259,0.26288486240191944,76,False,26,0,24,0,0,0,0,6809,7296,6962,6841,6699,7349,5565,7087,7042,7044,7186,7166,7095,7213,6608,7049,7312,6705,7291,7196,7293,6087,7174,7348,0.002118019656869251,0.002118019656869251,0.0004477559382048399,0.0004477559382048399,0.00036812704028469544,0.0005733879024089426,0.0003957412877681099,0.0003957412877681099,0.0004046947644995652,0.0006600756345473911,0.000769377152996678,0.0004813586254891046,0.0004687504118118267,0.0004687504118118267,0.0004813586254891046,0.0014564892162811025,0.000971746566049337,0.0014564892162811025,0.0008897286337364773,0.001016541294918759,0.0007014004969247722,0.0007568666129243138,0.0007568666129243138,0.00036812704028469544,0.09726274121965056,0.09726274121965056,0.0637386597075975,0.0637386597075975,0.12199921698823052,0.26288486240191944,0.050892000939350146,0.050892000939350146,0.04423574047100259,0.08050047432887636,0.12582140585057539,0.0835311076305635,0.09142793660782923,0.09142793660782923,0.0835311076305635,0.05990980601995212,0.18031318549476805,0.05990980601995212,0.11563902783015899,0.07599596274475899,0.0954914964991523,0.07284779792490727,0.07284779792490727,0.12199921698823052
307,24,0.0008344589037918154,0.0003603384101824088,0.002058893177217313,0.10234556095993268,0.0405494287650857,0.2409777905350928,77,False,25,0,24,0,0,0,0,6809,7296,6962,6841,6699,7349,5565,7087,7042,7044,7186,7166,7381,7049,7383,7312,6705,7291,7196,7293,6087,7174,7348,7387,0.002058893177217313,0.002058893177217313,0.00043118855371972463,0.00043118855371972463,0.0003603384101824088,0.0005838470234332452,0.00037972966853525963,0.00037972966853525963,0.00038759759018798333,0.000638643539301808,0.0007539057675839179,0.0004661248256124146,0.00046665309810507596,0.001437228482096936,0.001437228482096936,0.0009668504868070134,0.0014010943794585224,0.0008693541588928371,0.0010076282394100397,0.0006814820769998529,0.0007307238411487681,0.0007307238411487681,0.0003603384101824088,0.0010076282394100397,0.08915751278467968,0.08915751278467968,0.05842710473196437,0.05842710473196437,0.11183261557254463,0.2409777905350928,0.04665100086107096,0.04665100086107096,0.0405494287650857,0.07379210146813665,0.11533628869636077,0.0765701819946832,0.16714227522384345,0.13825065551828947,0.13825065551828947,0.16528708670353737,0.05491732218495611,0.10600244217764573,0.15299629918269575,0.0875338717908896,0.06677714809783165,0.06677714809783165,0.11183261557254463,0.15299629918269575
308,24,0.0008026932529138613,0.0003517116099427477,0.001996878775217137,0.09746811608155807,0.037170309701328556,0.22089630799050172,78,False,25,0,24,0,0,0,0,6809,7296,6962,6841,6699,7349,5565,7087,7042,7044,7186,7166,7381,7049,7383,7312,6705,7291,7196,7293,7412,6087,7174,7348,0.001996878775217137,0.001996878775217137,0.00041461688192300514,0.00041461688192300514,0.0003517116099427477,0.0005908602589029948,0.00036393331313797116,0.00036393331313797116,0.0003708396288148015,0.0006167473894914508,0.0007365791280518987,0.00045049395098033875,0.0004625922093587684,0.0014132387028529725,0.0014132387028529725,0.0009579389036827813,0.0013459229830569957,0.000847156572693116,0.0009949098649195019,0.0006606551439232704,0.000722448977437982,0.000722448977437982,0.0007042855150331225,0.0003517116099427477,0.08172772005262303,0.08172772005262303,0.05355817933763401,0.05355817933763401,0.10251323094149924,0.22089630799050172,0.042763417455981716,0.042763417455981716,0.037170309701328556,0.06764275967912527,0.10572493130499737,0.07018933349512627,0.15321375228852316,0.12672976755843202,0.12672976755843202,0.15151316281157592,0.0503408786695431,0.09716890532950859,0.14024660758413776,0.08023938247498213,0.14454571908967903,0.14454571908967903,0.06121238575634568,0.10251323094149924
309,24,0.0007913667802293844,0.00034239642079769434,0.0019327060562716854,0.1076272850107995,0.03407278389288451,0.22377927293114624,79,False,27,0,24,0,0,0,0,6809,7296,6962,6841,6699,7349,5565,7087,7042,7044,7186,7166,7381,7428,7049,7383,7312,6705,7291,7196,7436,7412,6087,7174,0.0019327060562716854,0.0019327060562716854,0.00039813876946102455,0.00039813876946102455,0.00034239642079769434,0.0005946038615653438,0.0003484144801940952,0.0003484144801940952,0.00035447055244424244,0.0005945769849804834,0.0007177159533588083,0.0004346097953966887,0.00046856149536118327,0.00046856149536118327,0.0013851723002358473,0.0013851723002358473,0.0009454548742580802,0.0012912678460667828,0.00082348576889677,0.0009788502076895752,0.0007299969752533647,0.0007299969752533647,0.0007116437447419216,0.000677746561754434,0.07491707671490444,0.07491707671490444,0.049094997726164505,0.049094997726164505,0.0939704616963743,0.20248828232462657,0.039199799334649905,0.039199799334649905,0.03407278389288451,0.06200586303919816,0.09691452036291424,0.06434022237053241,0.22377927293114624,0.22377927293114624,0.11616895359522934,0.11616895359522934,0.13888706591061126,0.046145805447081176,0.08907149655204953,0.1285593902854596,0.21583357583220578,0.21583357583220578,0.13250024249887243,0.05611135360998354
310,24,0.0007762263020556472,0.00033322462894568586,0.001867030657729617,0.1079433007300931,0.035933149390095745,0.20513100018688404,80,False,29,0,24,0,0,0,0,6809,7296,6962,6841,7349,5565,7087,7448,7044,7186,7166,7451,7381,7428,7049,7383,7312,6705,7291,7196,7436,7412,6087,7174,0.001867030657729617,0.001867030657729617,0.0003818379107471469,0.0003818379107471469,0.0005952939501073891,0.00033322462894568586,0.00033322462894568586,0.00034726084645853456,0.0005722992566128012,0.0006976122037518423,0.00042939499670394116,0.00042939499670394116,0.00047191114433782803,0.00047191114433782803,0.0013536532440503847,0.0013536532440503847,0.0009298393626706578,0.0012373773567015236,0.0007986629197295232,0.0009599023905396463,0.0007335811467008986,0.0007335811467008986,0.0006986390362002166,0.0006512764681323941,0.0686739869886624,0.0686739869886624,0.045003747915650795,0.045003747915650795,0.18561425879757434,0.035933149390095745,0.035933149390095745,0.11456671856847747,0.05683870778593164,0.08883831033267138,0.14231187050632138,0.14231187050632138,0.20513100018688404,0.20513100018688404,0.10648820746229357,0.10648820746229357,0.12731314375139366,0.04230032165982441,0.08164887183937873,0.11784610776167129,0.1978474445128553,0.1978474445128553,0.12145855562396639,0.05143540747581824
311,24,0.0007567834753868646,0.0003184055476625604,0.0018004359045529256,0.10589247011369644,0.03293872027425443,0.21378588129746126,81,False,31,0,24,0,0,0,0,6809,7296,6962,6841,7349,5565,7087,7448,7044,7186,7475,7451,7381,7428,7049,7383,7312,6705,7291,7196,7436,7412,6087,7174,0.0018004359045529256,0.0018004359045529256,0.0003657850486184494,0.0003657850486184494,0.0005931746889893315,0.0003184055476625604,0.0003184055476625604,0.00033920679974047094,0.0005500595669652707,0.0006765394518216987,0.0004336098391872195,0.0004336098391872195,0.0004728086836938524,0.0004728086836938524,0.001319269331757367,0.001319269331757367,0.0009115220236985427,0.0011844595043460288,0.0007729796078475208,0.0009385009507376447,0.0007334784878210743,0.0007334784878210743,0.0006837540621796855,0.00062502106637166,0.06295115473960719,0.06295115473960719,0.04125343558934656,0.04125343558934656,0.17014640389777647,0.03293872027425443,0.03293872027425443,0.10501949202110435,0.05210214880377067,0.08143511780494876,0.21378588129746126,0.21378588129746126,0.18803675017131036,0.18803675017131036,0.0976141901737691,0.0976141901737691,0.11670371510544418,0.03877529485483904,0.07484479918609717,0.108025598781532,0.18136015747011736,0.18136015747011736,0.11133700932196919,0.047149123519500055
312,24,0.0007361402874858455,0.0003039904277921023,0.001733435714724458,0.09706809760422173,0.03019382691806656,0.19597039118933948,82,False,31,0,24,0,0,0,0,6809,7296,6962,6841,7349,5565,7087,7448,7044,7186,7475,7451,7381,7428,7049,7383,7312,6705,7291,7196,7436,7412,6087,7174,0.001733435714724458,0.001733435714724458,0.000350039178989679,0.000350039178989679,0.0005885077717178173,0.0003039904277921023,0.0003039904277921023,0.0003304546971958891,0.0005279831901265193,0.0006547441713038417,0.00043548895221264997,0.00043548895221264997,0.00047144525056162155,0.00047144525056162155,0.0012825669543705285,0.0012825669543705285,0.0008909141286392033,0.0011326858528280818,0.0007466978255789671,0.0009150561994370477,0.0007299969457081514,0.0007299969457081514,0.0006672917861724687,0.0005991044279420731,0.05770522517797325,0.05770522517797325,0.03781564929023435,0.03781564929023435,0.15596753690629508,0.03019382691806656,0.03019382691806656,0.09626786768601231,0.04776030307012311,0.0746488579878697,0.19597039118933948,0.19597039118933948,0.17236702099036783,0.17236702099036783,0.08947967432595501,0.08947967432595501,0.10697840551332383,0.03554402028360246,0.06860773258725573,0.09902346554973766,0.16624681101427424,0.16624681101427424,0.10205892521180508,0.04322002989287505
313,24,0.0007145346954668959,0.00029000487265289267,0.0016664783909131494,0.08897908947053657,0.027677674674894345,0.17963952525689453,83,False,31,0,24,0,0,0,0,6809,7296,6962,6841,7349,5565,7087,7448,7044,7186,7475,7451,7381,7428,7049,7383,7312,6705,7291,7196,7436,7412,6087,7174,0.0016664783909131494,0.0016664783909131494,0.0003346487304531611,0.0003346487304531611,0.0005815633618593822,0.00029000487265289267,0.00029000487265289267,0.00032114024802465743,0.00050617689237656,0.0006324477558794033,0.0004351991434225707,0.0004351991434225707,0.0004680270755500923,0.0004680270755500923,0.0012440479533060277,0.0012440479533060277,0.000868403397040933,0.0010821953772611338,0.0007200506437895822,0.000889950343346489,0.0007234629207448912,0.0007234629207448912,0.0006495357027489992,0.0005736307947927926,0.05289645641314215,0.05289645641314215,0.03466434518271482,0.03466434518271482,0.1429702421641038,0.027677674674894345,0.027677674674894345,0.08824554537884462,0.04378027781427952,0.06842811982221389,0.17963952525689453,0.17963952525689453,0.15800310257450384,0.15800310257450384,0.08202303479879208,0.08202303479879208,0.0980635383872135,0.03258201859330225,0.06289042153831775,0.09077151008725952,0.15239291009641806,0.15239291009641806,0.09355401477748798,0.039618360735135465
314,24,0.0006931189937490161,0.00027646783392456175,0.0015999509971459833,0.08850860979243631,0.025371201785319816,0.24800289815215332,84,False,31,0,24,0,0,0,0,6809,7296,6962,6841,7349,5565,7087,7448,7044,7186,7546,7475,7381,7428,7049,7383,7312,6705,7291,7196,7436,7412,6087,7174,0.0015999509971459833,0.0015999509971459833,0.00031965269767465163,0.00031965269767465163,0.0005726125322779335,0.00027646783392456175,0.00027646783392456175,0.00031138786998598635,0.00048473055208020133,0.0006098471010437148,0.0004440898181347109,0.0004440898181347109,0.0004627681122100423,0.0004627681122100423,0.0012041681904090653,0.0012041681904090653,0.0008443504765575225,0.0010330981096724602,0.0006932433790085412,0.000863535094759385,0.0007142105913000488,0.0007142105913000488,0.0006307477593655779,0.0005486864936269326,0.048488418378713635,0.048488418378713635,0.03177564975082192,0.03177564975082192,0.13105605531709516,0.025371201785319816,0.025371201785319816,0.08089174993060756,0.04013192132975622,0.06272577650369607,0.24800289815215332,0.24800289815215332,0.14483617735996185,0.14483617735996185,0.07518778189889273,0.07518778189889273,0.08989157685494571,0.029866850377193728,0.057649553076791274,0.08320721757998789,0.13969350092171656,0.13969350092171656,0.08575784687936398,0.03631683067387417
315,24,0.0006710937598470482,0.0002633924726655961,0.001534184076174018,0.08113289230973329,0.023256934969876495,0.2273359899728072,85,False,31,0,24,0,0,0,0,6809,7296,6962,6841,7349,5565,7087,7448,7044,7186,7546,7475,7381,7428,7049,7383,7312,6705,7291,7196,7436,7412,6087,7174,0.001534184076174018,0.001534184076174018,0.00030508171391664527,0.00030508171391664527,0.0005619211591240354,0.0002633924726655961,0.0002633924726655961,0.0003013103901320677,0.00046371877131395927,0.0005871156044208231,0.0004503094685219661,0.0004503094685219661,0.00045588385627822815,0.00045588385627822815,0.0011633374839079482,0.0011633374839079482,0.0008190868107302555,0.0009854785572292796,0.0006664551136724428,0.0008361305063323039,0.0007025730797673703,0.0007025730797673703,0.0006111672279929644,0.0005243417929174819,0.044447716847154164,0.044447716847154164,0.029127678938253427,0.029127678938253427,0.12013471737400389,0.023256934969876495,0.023256934969876495,0.0741507707697236,0.03678759455227654,0.05749862846172139,0.2273359899728072,0.2273359899728072,0.13276649591329837,0.13276649591329837,0.06892213340731834,0.06892213340731834,0.08240061211703356,0.02737794617909425,0.05284542365372533,0.07627328278165556,0.12805237584490684,0.12805237584490684,0.07861135963941698,0.03329042811771799
316,24,0.0006643545126877988,0.0002572547178091979,0.0014694565138268858,0.08690271611505046,0.02509645066416973,0.20839132414173994,86,False,29,0,24,0,0,0,0,6809,7296,6962,6841,7349,7590,7448,7044,7186,7546,7475,7381,7428,7049,7383,7312,6705,7291,7196,7436,7412,6087,7174,7606,0.0014694565138268858,0.0014694565138268858,0.00029095905324134696,0.00029095905324134696,0.0005497451695085576,0.0002572547178091979,0.0002910090760775861,0.0004432024437735457,0.0005644044621141369,0.00045398067247483644,0.00045398067247483644,0.0004475863287075714,0.0004475863287075714,0.0011219206008285733,0.0011219206008285733,0.0007929136455210023,0.000939398871656527,0.0006398404492233387,0.0008080247869092139,0.000688875384471606,0.000688875384471606,0.0006062524504538983,0.0005006526739046291,0.0006062524504538983,0.04074374044322465,0.04074374044322465,0.02670037236006564,0.02670037236006564,0.11012349092617023,0.10465219038905346,0.06797153987224662,0.03372196167292016,0.05270707608991128,0.20839132414173994,0.20839132414173994,0.12170262125385684,0.12170262125385684,0.06317862229004181,0.06317862229004181,0.07553389444061409,0.02509645066416973,0.04844163834924822,0.06991717588318426,0.11738134452449793,0.11738134452449793,0.15539374633613223,0.030516225774574825,0.15539374633613223
317,24,0.0007023284810294166,0.0002505913342137326,0.001442261029054855,0.09756008474694983,0.023005079775488917,0.19102538046326162,87,False,29,0,24,0,0,0,0,6809,7296,7609,6962,6841,7612,7349,7590,7044,7186,7546,7475,7381,7049,7383,7312,6705,7291,7196,7627,7436,7412,6087,7174,0.001406000400557418,0.001442261029054855,0.001442261029054855,0.00027730155707166677,0.00027730155707166677,0.0005501588332028084,0.0005501588332028084,0.0002505913342137326,0.00042323025349945875,0.0005418441597314209,0.00045525965940723103,0.00045525965940723103,0.00043808014784291546,0.0010802390372192416,0.0010802390372192416,0.0007661019451389531,0.0008949017599542453,0.0006135313945512593,0.0007794748801792147,0.0006907966127141597,0.0006907966127141597,0.000673428938738159,0.0005990023767422492,0.000477662496217046,0.037348428739622595,0.12068176207295594,0.12068176207295594,0.024475341330060168,0.024475341330060168,0.1842798666823227,0.1842798666823227,0.09593117452329901,0.03091179820017681,0.04831481974908534,0.19102538046326162,0.19102538046326162,0.11156073614936876,0.05791373709920499,0.05791373709920499,0.06923940323722957,0.023005079775488917,0.04440483515347753,0.06409074455958556,0.19093289914745643,0.19093289914745643,0.1075995658141231,0.14244426747478786,0.027973206960026923
318,24,0.0006715855231086927,0.00024350501006789816,0.0014112256093275718,0.10146318415009821,0.021087989794198174,0.1855973414702547,88,False,29,0,24,0,0,0,0,6809,7296,7609,6962,6841,7612,7349,7590,7044,7186,7546,7475,7381,7644,7049,7646,6705,7291,7196,7627,7436,7412,6087,7174,0.0013440057776780247,0.0014112256093275718,0.0014112256093275718,0.0002641204829828897,0.0002641204829828897,0.0005479954008169378,0.0005479954008169378,0.00024350501006789816,0.0004038400871064037,0.0005195460759547941,0.00045432698710058575,0.00045432698710058575,0.00043858631011401274,0.00043858631011401274,0.0010385733583737613,0.0010653580752916201,0.0008520131352899861,0.0005876393124900266,0.000750707615960021,0.0006893635482016359,0.0006893635482016359,0.0006565276207998307,0.0005896962622412641,0.0004554035462677255,0.03423605967798738,0.11062494856687628,0.11062494856687628,0.022435729552555152,0.022435729552555152,0.1689232111254625,0.1689232111254625,0.08793690997969075,0.02833581501682874,0.04428858476999489,0.1751065987579898,0.1751065987579898,0.1855973414702547,0.1855973414702547,0.053087592340937906,0.13642092567427125,0.021087989794198174,0.04070443222402107,0.058749849179620096,0.1750218242185017,0.1750218242185017,0.09863293532961283,0.13057391185188888,0.02564210638002468
319,24,0.000654420028146743,0.00023608984673599367,0.0013769738464087548,0.09995236324870112,0.019330657311348327,0.24384771552815734,89,False,31,0,24,0,0,0,0,6809,7296,7609,6962,6841,7612,7349,7590,7044,7186,7546,7666,7381,7644,7049,7646,6705,7291,7196,7627,7436,7412,6087,7174,0.00128362518687371,0.0013769738464087548,0.0013769738464087548,0.00025142227601222274,0.00025142227601222274,0.0005434977022386852,0.0005434977022386852,0.00023608984673599367,0.0003850603487269156,0.0004976041336018928,0.00046302018226153905,0.00046302018226153905,0.00043702286125042375,0.00043702286125042375,0.0009971659100745328,0.0010470387050543887,0.0008107445134370143,0.0005622568646124576,0.0007219212722104583,0.0006848744514873276,0.0006848744514873276,0.0006384450206285783,0.0005786077717941543,0.00043389846245383255,0.031383054704821764,0.10140620285296992,0.10140620285296992,0.020566085423175555,0.020566085423175555,0.15484627686500727,0.15484627686500727,0.08060883414804985,0.025974497098759677,0.040597869372495314,0.24384771552815734,0.24384771552815734,0.17013089634773346,0.17013089634773346,0.04866362631252641,0.1250525152014153,0.019330657311348327,0.03731239620535265,0.053854028414651756,0.16043667220029323,0.16043667220029323,0.09041352405214509,0.11969275253089813,0.02350526418168929
320,24,0.0006363179973101148,0.0002284311428844706,0.001340088688345916,0.09162299964464271,0.0177197692020693,0.22352707256747756,90,False,32,0,24,0,0,0,0,6809,7296,7609,6962,6841,7612,7349,7590,7044,7186,7546,7666,7381,7644,7049,7646,6705,7291,7196,7627,7436,7412,6087,7174,0.0012249779670083375,0.001340088688345916,0.001340088688345916,0.00023920926454593555,0.00023920926454593555,0.0005369157641506963,0.0005369157641506963,0.0002284311428844706,0.0003669111720038488,0.00047609644792564413,0.0004689588508880117,0.0004689588508880117,0.00043358261557215695,0.00043358261557215695,0.000956223747455962,0.0010257628979442688,0.000771095164774278,0.0005374599094660292,0.0006932874129919817,0.0006776406325087193,0.0006776406325087193,0.000619432767093474,0.0005660001381783523,0.0004131615356932352,0.028767800146086615,0.09295568594855576,0.09295568594855576,0.01885224497124426,0.01885224497124426,0.14194242045959,0.14194242045959,0.07389143130237903,0.023809955673863036,0.037214713591454035,0.22352707256747756,0.22352707256747756,0.155953321652089,0.155953321652089,0.04460832411981587,0.11463147226796402,0.0177197692020693,0.03420302985490659,0.049366192713430776,0.14706694951693544,0.14706694951693544,0.08287906371446632,0.10971835648665662,0.021546492166548515
321,24,0.0005743154406289832,0.00022629482190843114,0.0013346637715129252,0.09367626772596434,0.016243121768563525,0.20489981652018777,91,False,35,0,24,0,0,0,0,6809,7705,6962,6841,7612,7349,7711,7590,7044,7186,7546,7666,7381,7644,7049,7646,6705,7291,7196,7627,7436,7412,6087,7174,0.00116815426267125,0.0013346637715129252,0.00022748028409580866,0.00022748028409580866,0.0005284999355785163,0.0005284999355785163,0.00022629482190843114,0.00022629482190843114,0.00034940552740520193,0.00045508693446371057,0.00047227797784022774,0.00047227797784022774,0.0004284646213620769,0.0004284646213620769,0.0009159216597455222,0.0010019904754969666,0.0007330540350257378,0.0005133093217999415,0.000664952892579423,0.0006679771153494892,0.0006679771153494892,0.0005997197266061042,0.0005521225683284889,0.0003931998871912275,0.02637048346724606,0.16854271211950944,0.017281224556973902,0.017281224556973902,0.13011388542129082,0.13011388542129082,0.15106714536051413,0.15106714536051413,0.021825792701041114,0.034113487458832865,0.20489981652018777,0.20489981652018777,0.1429572115144149,0.1429572115144149,0.04089096377649788,0.10507884957896702,0.016243121768563525,0.03135277736699771,0.04525234332064488,0.13481137039052415,0.13481137039052415,0.07597247507159413,0.10057516011276857,0.01975095115266947
322,24,0.0005350620698595934,0.0002162312331131217,0.0013235683877343887,0.10130046936234915,0.014889528287849898,0.21437744388821367,92,False,35,0,24,0,0,0,0,6809,7705,6962,6841,7612,7349,7711,7590,7044,7186,7546,7666,7381,7741,7644,7049,7646,6705,7291,7196,7747,6087,7174,7730,0.0011132187250129883,0.0013235683877343887,0.00022180781787821077,0.0002162312331131217,0.0005184953520261692,0.0005184953520261692,0.00022331780773274403,0.00022331780773274403,0.00033255022608673845,0.0004346268492102887,0.0004731455763776263,0.0004731455763776263,0.00042186859157081744,0.00043274854599161395,0.00043274854599161395,0.0008764051966312574,0.0009761536750441961,0.0006966014499076464,0.0004898527104860009,0.0006370419382462654,0.0006731182285522935,0.0005372077372635539,0.00037401452775795424,0.00022180781787821077,0.024172943178308887,0.1544974861095503,0.09917445584389276,0.01584112251055941,0.11927106163618324,0.11927106163618324,0.13847821658047127,0.13847821658047127,0.02000697664262102,0.03127069683726346,0.18782483181017212,0.18782483181017212,0.13104411055488033,0.21437744388821367,0.21437744388821367,0.03748338346178973,0.09632227878071976,0.014889528287849898,0.028740045919747898,0.04148131471059114,0.20691042285798047,0.09219389677003785,0.01810503855661368,0.09917445584389276
323,24,0.000557997326027493,0.00020545556549867212,0.0013074118018385397,0.0969385669178429,0.013648734263862405,0.1965126568975292,93,False,35,0,24,0,0,0,0,6809,7705,6962,6841,7612,7349,7711,7590,7044,7186,7546,7666,7381,7741,7644,7049,7646,6705,7291,7196,7747,6087,7174,7752,0.0010875567224001442,0.0013074118018385397,0.00021573133123841721,0.00020545556549867212,0.0005071376413397681,0.0005071376413397681,0.00021960425175948336,0.00021960425175948336,0.00031634682367131454,0.0004147562424360353,0.000471753169179508,0.000471753169179508,0.0004139904062611304,0.0004346959462785838,0.0004346959462785838,0.0008377936253784115,0.000948653517486568,0.0006617106199355609,0.00046712602098921286,0.0006096582437100534,0.00067473465464635,0.0005214702049822109,0.00035560130467238057,0.0010875567224001442,0.10549186458011649,0.1416226956004211,0.0909099178569017,0.014521028968012792,0.10933180649983464,0.10933180649983464,0.12693836519876533,0.12693836519876533,0.01833972858906927,0.02866480543415817,0.17217276249265778,0.17217276249265778,0.12012376800864029,0.1965126568975292,0.1965126568975292,0.03435976817330725,0.08829542221565978,0.013648734263862405,0.02634504209310224,0.03802453848470854,0.18966788761981543,0.08451107203920136,0.01659628534356254,0.10549186458011649
324,24,0.0005242977057530375,0.00019514472472591197,0.0012868036740139076,0.09322792041410083,0.012511339741873871,0.18013660215606841,94,False,35,0,24,0,0,0,0,6809,7705,6962,6841,7612,7349,7711,7590,7044,7186,7546,7666,7381,7741,7644,7049,7646,6705,7291,7196,7747,6087,7174,7795,0.0010596361298243879,0.0012868036740139076,0.0002093361714619065,0.00019514472472591197,0.0004946497430242951,0.0004946497430242951,0.00021525556811048256,0.00021525556811048256,0.00030079242880497924,0.0003955053143477279,0.00046830728016551085,0.00046830728016551085,0.0004050186122941736,0.0004344726499143664,0.0004344726499143664,0.0008001827673111401,0.0009198576845370977,0.0006283489620357714,0.0004451550146684631,0.0005979196276087993,0.0006730963768214601,0.0005051055964106109,0.00033795174316845263,0.0005979196276087993,0.09670087586510677,0.129820804300386,0.08333409136882655,0.013310943220678391,0.10022082262484841,0.10022082262484841,0.11636016809886822,0.11636016809886822,0.016811417873313497,0.026276071647978322,0.1578250322849363,0.1578250322849363,0.11011345400792026,0.18013660215606841,0.18013660215606841,0.03149645415886498,0.0809374703643548,0.012511339741873871,0.024149621918677054,0.1181891602776495,0.17386223031816414,0.07746848270260125,0.015213261564932325,0.1181891602776495
325,24,0.000503933688086072,0.00018528852456273543,0.0012623406566247004,0.08881158356727055,0.011468728096717715,0.1651252186430627,95,False,35,0,24,0,0,0,0,6809,7705,6962,6841,7612,7349,7711,7590,7044,7186,7546,7666,7381,7741,7644,7049,7646,6705,7818,7291,7196,7747,6087,7174,0.0010298933146970569,0.0012623406566247004,0.000202700017905821,0.00018528852456273543,0.00048123969709743935,0.00048123969709743935,0.0002103687780774376,0.0002103687780774376,0.0002858804223230193,0.00037689566618591473,0.0004630220739768384,0.0004630220739768384,0.00039513181954238633,0.00043226220881953847,0.00043226220881953847,0.0007636476782363247,0.0008900996277144118,0.0005964792544860772,0.00043489042669256654,0.00043489042669256654,0.0005846449241506755,0.0006684960524688902,0.0004882903956050672,0.0003210537902350062,0.08864246954301454,0.1190024039420205,0.07638958375475767,0.012201697952288525,0.09186908740611104,0.09186908740611104,0.10666348742396253,0.10666348742396253,0.015410466383870704,0.024086399010646794,0.1446729462611916,0.1446729462611916,0.10093733284059357,0.1651252186430627,0.1651252186430627,0.028871749645626228,0.07419268116732522,0.011468728096717715,0.10547048675878731,0.10547048675878731,0.10834006358784537,0.1593737111249838,0.07101277581071781,0.01394548976785463
326,24,0.0005096746841983128,0.0001758754813057669,0.00123459600846942,0.09063264652865743,0.010513000755324572,0.1758592217705441,96,False,37,0,24,0,0,0,0,6809,7705,6962,6841,7612,7349,7711,7590,7044,7186,7546,7666,7836,7741,7644,7840,7049,7646,6705,7291,7196,7747,6087,7174,0.0009987285714165878,0.00123459600846942,0.00019589283368777786,0.0001758754813057669,0.0004670992547664618,0.0004670992547664618,0.0002050353029565343,0.0002050353029565343,0.00027160109342763976,0.0003589414445272552,0.0004561131861550657,0.0004561131861550657,0.0003944130207444445,0.000428258576566344,0.000428258576566344,0.0008818496931373867,0.0007282451502186259,0.0008818496931373867,0.0005660606412215407,0.00042372304803741577,0.000570090083417791,0.0006612383281668962,0.0004711822202724269,0.00030489246868233244,0.08125559708109666,0.10908553694685212,0.07002378510852786,0.011184889789597814,0.08421333012226845,0.08421333012226845,0.09777486347196565,0.09777486347196565,0.014126260851881478,0.022079199093092892,0.1326168674060923,0.1326168674060923,0.1758592217705441,0.15136478375614082,0.15136478375614082,0.15134329107004812,0.026465770508490707,0.15134329107004812,0.010513000755324572,0.09668127952888837,0.09931172495552491,0.14609256853123515,0.06509504449315799,0.01278336562053341
327,24,0.0004956428341556545,0.00016689310226934974,0.0012041119125849838,0.08307992598460266,0.009636917359047524,0.16120428662299877,97,False,39,0,24,0,0,0,0,6809,7705,6962,6841,7612,7349,7711,7590,7044,7186,7546,7666,7836,7741,7644,7840,7049,7646,6705,7291,7196,7747,6087,7174,0.0009665051012901642,0.0012041119125849838,0.00018897700306630177,0.00016689310226934974,0.00045240316781838087,0.00045240316781838087,0.0001993401442746697,0.0001993401442746697,0.00025794219953733326,0.00034165037969377483,0.000447792717245779,0.000447792717245779,0.00039193654278776575,0.00042265986890441205,0.00042265986890441205,0.0008703158613242818,0.0006940160222374676,0.0008703158613242818,0.0005370495007958061,0.000411827349909049,0.0005544936263901233,0.000651630851283803,0.00045392045933006565,0.0002894504494246746,0.0744842973243386,0.09999507553461444,0.0641884696828172,0.010252815640464662,0.0771955526120794,0.0771955526120794,0.08962695818263518,0.08962695818263518,0.01294907244755802,0.02023926583533515,0.12156546178891793,0.12156546178891793,0.16120428662299877,0.1387510517764624,0.1387510517764624,0.13873135014754412,0.024260289632783146,0.13873135014754412,0.009636917359047524,0.08862450623481434,0.09103574787589783,0.13391818782029888,0.05967045745206149,0.011718085152155626
328,24,0.0005556145044838022,0.00019336138996051472,0.0012016042999953222,0.09632026737459287,0.00883384091246023,0.21050373763524877,98,False,40,0,24,0,0,0,0,6809,7705,7873,7612,7349,7711,7590,7044,7186,7546,7666,7836,7741,7644,7840,7049,7887,7646,6705,7291,7196,7747,6087,7174,0.0009335490643213285,0.0012016042999953222,0.0012016042999953222,0.0004373090237619049,0.0004373090237619049,0.00019336138996051472,0.00019336138996051472,0.0002448894564937116,0.00032502472145871177,0.0004382653156279536,0.0004382653156279536,0.0003878801953473928,0.00041566321349506937,0.00041566321349506937,0.0008779777360119095,0.0006609872950747217,0.0008779777360119095,0.0008559040448608622,0.0005094001943769951,0.000399363376333581,0.0005380751290426204,0.0006399769495906801,0.00043662717327358,0.0002747085497317191,0.06827727254731038,0.17499548590672992,0.17499548590672992,0.07076258989440612,0.07076258989440612,0.08215804500074891,0.08215804500074891,0.011869983076928185,0.018552660349057223,0.11143500663984143,0.11143500663984143,0.1477705960710822,0.12718846412842386,0.12718846412842386,0.21050373763524877,0.022238598830051217,0.21050373763524877,0.12717040430191542,0.00883384091246023,0.08123913071524648,0.08344943555290633,0.12275833883527397,0.05469791933105636,0.010741578056142656
329,24,0.0005428697603133876,0.00018716998770462636,0.0011937707135932498,0.09205515250078418,0.008097687503088544,0.19990620394342246,99,False,40,0,24,0,0,0,0,6809,7705,7873,7612,7349,7711,7590,7044,7186,7546,7666,7836,7741,7644,7840,7049,7913,7646,6705,7291,7196,7747,6087,7174,0.0009001504570552325,0.0011937707135932498,0.0011937707135932498,0.00042195750718313987,0.00042195750718313987,0.00018716998770462636,0.00018716998770462636,0.00023242696566744538,0.000309062076840488,0.0004277252434097333,0.0004277252434097333,0.0003824241797995491,0.0004074606406024964,0.0004074606406024964,0.000880972329836013,0.0006291740516757284,0.000860647633788165,0.000860647633788165,0.00048306570614796646,0.0003864763373489058,0.0005210344741050136,0.0006265698780278663,0.0004194081735831491,0.0002606461648711244,0.0625874998350345,0.16041252874783576,0.16041252874783576,0.0648657074032056,0.0648657074032056,0.0753115412506865,0.0753115412506865,0.010880817820517502,0.01700660531996912,0.10214875608652131,0.10214875608652131,0.13545637973182534,0.11658942545105519,0.11658942545105519,0.19296175949897804,0.020385382260880283,0.19990620394342246,0.19990620394342246,0.008097687503088544,0.07446920315564261,0.07649531592349747,0.1125284772656678,0.05013975938680166,0.009846446551464102
330,24,0.0005275220306928788,0.00018082973146556357,0.001181153814779951,0.09694364420311047,0.007422880211164498,0.1832473536148039,100,False,39,0,24,0,0,0,0,6809,7705,7873,7612,7924,7711,7590,7044,7186,7546,7666,7836,7741,7644,7840,7913,7646,6705,7291,7940,7196,7747,6087,7174,0.0008665646036567274,0.001181153814779951,0.001181153814779951,0.0004064729827537085,0.00041695588575717415,0.00018082973146556357,0.00018082973146556357,0.0002205375842411653,0.0002937561558325465,0.00041635430361382724,0.00041635430361382724,0.00037574667660561224,0.0003982359303290314,0.0003982359303290314,0.0008796444763554567,0.0008610235532674628,0.0008610235532674628,0.0004579981884261393,0.00037329663059325026,0.000516538273488334,0.000516538273488334,0.0006116884857156104,0.00040235421265961567,0.0002472416401437456,0.057371874848781625,0.14704481801884944,0.14704481801884944,0.0594602317862718,0.14279356511960514,0.06903557947979595,0.06903557947979595,0.009974083002141042,0.015589388209971694,0.09363635974597787,0.09363635974597787,0.12416834808750656,0.10687363999680059,0.10687363999680059,0.1768816128740632,0.1832473536148039,0.1832473536148039,0.007422880211164498,0.06826343622600572,0.15345403959653936,0.15345403959653936,0.10315110416019548,0.045961446104568184,0.009025909338842094
331,24,0.0005156957725321913,0.00017439741293340876,0.0011643027134729963,0.09233722940840683,0.006804306860234123,0.16797674081357025,101,False,40,0,24,0,0,0,0,6809,7705,7873,7612,7924,7949,7590,7044,7186,7546,7666,7836,7741,7644,7840,7913,7646,6705,7291,7940,7196,7747,6087,7174,0.0008330140801855892,0.0011643027134729963,0.0011643027134729963,0.00039096431061122553,0.000410518211030963,0.0001788951071010529,0.00017439741293340876,0.00020920324460329957,0.0002790974315458722,0.0004043205016498786,0.0004043205016498786,0.0003680203600556021,0.0003881623107313896,0.0003881623107313896,0.000874371633886237,0.0008573896910317759,0.0008573896910317759,0.00043414942275695736,0.0003599401930216446,0.000510083874334729,0.000510083874334729,0.0005955941312733668,0.00038554222948712836,0.00023447258983870436,0.05259088527804982,0.1347910831839453,0.1347910831839453,0.054505212470749145,0.13089410135963805,0.14661594785647963,0.06328261452314629,0.009142909418629289,0.014290272525807385,0.08583332976714637,0.08583332976714637,0.113820985746881,0.09796750333040054,0.09796750333040054,0.16214147846789126,0.16797674081357025,0.16797674081357025,0.006804306860234123,0.06257481654050524,0.1406662029634944,0.1406662029634944,0.09455517881351251,0.04213132559585417,0.008273750227271918
332,24,0.0005028560476156175,0.00016792309609843064,0.0011437596869218812,0.08464246029103957,0.006237281288547946,0.15397867907910606,102,False,40,0,24,0,0,0,0,6809,7705,7873,7612,7924,7949,7590,7044,7186,7546,7666,7836,7741,7644,7840,7913,7646,6705,7291,7940,7196,7747,6087,7174,0.0007996909230716648,0.0011437596869218812,0.0011437596869218812,0.0003755258195621539,0.00040283506234999836,0.00017632169262032102,0.00016792309609843064,0.00019840522839359575,0.0002650737215417942,0.000391777316676042,0.000391777316676042,0.0003594097571095589,0.00037740089152703727,0.00037740089152703727,0.0008655495015887032,0.000850127225925518,0.000850127225925518,0.00041147120719556464,0.0003465090976723048,0.0005019091752866544,0.0005019091752866544,0.0005785286655466581,0.0003690366082161386,0.00022231616913366735,0.048208311504879,0.12355849291861652,0.12355849291861652,0.049963111431520046,0.11998625957966821,0.134397952201773,0.0580090633128841,0.00838100030041018,0.013099416481990103,0.07868055228655084,0.07868055228655084,0.10433590360130758,0.08980354471953382,0.08980354471953382,0.148629688595567,0.15397867907910606,0.15397867907910606,0.006237281288547946,0.05736024849546314,0.1289440193832032,0.1289440193832032,0.08667558057905313,0.03862038179619965,0.007584271041665924
333,24,0.000509378459755233,0.00016145047941954933,0.0011200497120427923,0.09877569470860896,0.005717507847835617,0.22448045582251389,103,False,33,0,24,0,0,0,0,6809,7705,7873,7612,7924,7949,7590,7044,7186,7546,8003,7644,7840,7913,8007,6705,7291,7940,7196,7747,6087,7174,7992,8014,0.0007865336493287575,0.0011200497120427923,0.0011200497120427923,0.0003602383771913936,0.00039408984274326165,0.0001731915904457449,0.00016145047941954933,0.00018812440032200638,0.0002516706971864277,0.00037886346631762086,0.0003590976092012522,0.0003660997170784722,0.000853579843722406,0.0008612817706774311,0.0008612817706774311,0.0003899156789930158,0.00033309232351630896,0.0004922466375563176,0.0004922466375563176,0.0005607133034978889,0.0003619914304114668,0.00021074930445671294,0.0007865336493287575,0.0003619914304114668,0.1275242855461391,0.11326195184206514,0.11326195184206514,0.04579951881222671,0.10998740461469586,0.12319812285162525,0.05317497470347709,0.007682583608709332,0.012007798441824261,0.07212383959600493,0.17897457830119862,0.082319915992906,0.13624388121260309,0.22448045582251389,0.22448045582251389,0.005717507847835617,0.05258022778750787,0.11819868443460294,0.11819868443460294,0.0794526155307987,0.11873534997984969,0.00695224845486043,0.1275242855461391,0.11873534997984969
334,24,0.0005045155182930259,0.00015501731612757995,0.0010936725538263179,0.11171076026181899,0.005241048860515982,0.2082235577782195,104,False,33,0,24,0,0,0,0,6809,7705,7873,7612,7924,7949,7590,7044,7186,7546,8003,7644,7840,7913,8007,8028,6705,7291,8034,7196,7747,6087,7174,8036,0.0007710849564334379,0.0010936725538263179,0.0010936725538263179,0.000345170508194645,0.0003844562553784593,0.0001695842353374335,0.00015501731612757995,0.00017834140645532062,0.00023887232773080584,0.00036570305927762707,0.00035715438580959726,0.0003543933273251262,0.0008604946478095717,0.0008676092738496528,0.0008676092738496528,0.0008604946478095717,0.00036943558095943176,0.0003197666388341336,0.0004937324987924225,0.0004937324987924225,0.0005423482175515682,0.00036313869386845666,0.00019974888732461377,0.00036313869386845666,0.11689726175062749,0.10382345585522637,0.10382345585522637,0.041982892244541145,0.1008217875634712,0.1129316126139898,0.048743726811520664,0.007042368307983554,0.011007148571672239,0.06611351962967119,0.16406003010943207,0.07545992299349716,0.2082235577782195,0.20577375117063773,0.20577375117063773,0.2082235577782195,0.005241048860515982,0.04819854213854888,0.19168212739838603,0.19168212739838603,0.07283156423656548,0.1921740708148622,0.006372894416955394,0.1921740708148622
335,24,0.0004954818013038067,0.0001486558687356583,0.0010650971052243892,0.10240153024000075,0.004804294788806317,0.19087159463003453,105,False,33,0,24,0,0,0,0,6809,7705,7873,7612,7924,7949,7590,7044,7186,7546,8003,7644,7840,7913,8007,8028,6705,7291,8034,7196,7747,6087,7174,8036,0.0007536929515249455,0.0010650971052243892,0.0010650971052243892,0.00033037952294599505,0.00037409654007177493,0.00016557520783877215,0.0001486558687356583,0.0001690368412433,0.00022666126556518677,0.0003524060430635036,0.00035374085080190447,0.0003424027241826426,0.0008628783473824748,0.0008694159078378578,0.0008694159078378578,0.0008628783473824748,0.0003499844788949173,0.000306597549892281,0.000492811653056708,0.000492811653056708,0.0005236127000778696,0.0003625113616305855,0.0001892919361885799,0.0003625113616305855,0.10715582327140853,0.09517150120062418,0.09517150120062418,0.03848431789082938,0.09241997193318192,0.10352064489615731,0.04468174957722727,0.006455504282318257,0.010089886190699551,0.060604059660531916,0.15038836093364605,0.06917159607737239,0.19087159463003453,0.18862593857308457,0.18862593857308457,0.19087159463003453,0.004804294788806317,0.04418199696033647,0.17570861678185384,0.17570861678185384,0.06676226721685169,0.1761595649136237,0.005841819882209111,0.1761595649136237
336,24,0.00048249851444475696,0.00014239337875877377,0.0010614439663564818,0.11835661462181842,0.004403936889739123,0.2582989617441983,106,False,32,0,24,0,0,0,0,8064,8065,7612,7924,7949,7590,7044,7186,7546,8003,8075,7840,8076,7913,8007,8028,6705,7291,8034,7196,7747,8087,6087,7174,0.0007536333818065673,0.0010614439663564818,0.0003159126274637486,0.00036316035521649864,0.00016123538725338775,0.00014239337875877377,0.00016019138714727706,0.0002150191787539094,0.0003390688672093094,0.00034902086151115697,0.00033875240082101966,0.0008832805232740768,0.0008832805232740768,0.0008670518583003029,0.0008670518583003029,0.0008610735120131181,0.0003315169366639233,0.00029364027674504573,0.0004896966829381829,0.0004896966829381829,0.0005046657606263955,0.0003695567124400058,0.0003602654965029693,0.00017935573035945374,0.18155950466545784,0.17057387610057217,0.03527729139992693,0.08471830760541676,0.0948939244881442,0.040958270445791665,0.005917545592125069,0.009249062341474589,0.055553721355487584,0.13785599752250888,0.14674062973759136,0.2582989617441983,0.2582989617441983,0.17290711035866085,0.17290711035866085,0.17496562841086497,0.004403936889739123,0.04050016388030843,0.16106623205003268,0.16106623205003268,0.06119874494878071,0.24481293450415506,0.16147960117082172,0.005355001558691685
337,24,0.0004457998373502057,0.0001362525369270424,0.0010532189456890864,0.10919684323035928,0.004036942148927529,0.2367740482655151,107,False,34,0,24,0,0,0,0,8064,8065,7612,7924,8092,7949,7590,7044,7186,7546,8003,8075,7840,7913,8007,8028,6705,7291,8034,7196,7747,8087,6087,7174,0.0007500980531734648,0.0010532189456890864,0.00030180799361255423,0.00035178419369545015,0.00016066987958887084,0.00016066987958887084,0.0001362525369270424,0.00015178593034542942,0.0002039270365609969,0.00032577529518969055,0.0003431571768376444,0.000333891091793725,0.0008982378628039929,0.0008608955922769176,0.0008608955922769176,0.0008554527846989381,0.00031398865474135804,0.00028094072669416446,0.00048460982759396037,0.00048460982759396037,0.0004856470422721548,0.0003743978293299248,0.0003565644234654258,0.00016991791965439567,0.16642954594333634,0.1563593864255245,0.032337517116599684,0.0776584486382987,0.17031943078079886,0.17031943078079886,0.03754508124197569,0.005424416792781313,0.008478307146351706,0.050924244575863614,0.12636799772896645,0.1345122439261254,0.2367740482655151,0.15849818449543912,0.15849818449543912,0.1603851593766262,0.004036942148927529,0.03712515022361606,0.1476440460458633,0.1476440460458633,0.05609884953638232,0.2244118566288088,0.1480229677399199,0.0049087514288007105
338,24,0.00045206178496153855,0.00013025194281999358,0.0010409051670344214,0.10615118131641066,0.004499688809733985,0.21704287757672217,108,False,35,0,24,0,0,0,0,8064,8065,7612,7924,8092,7590,7044,7186,7546,8003,8075,7840,7913,8007,8028,8128,7291,8034,7196,7747,8132,8087,6087,7174,0.0007434221574698912,0.0010409051670344214,0.00028809577469893406,0.00034009122898124417,0.00015941350360868228,0.00013025194281999358,0.00014380165562419584,0.00019336535325134346,0.00031259731017983143,0.00033630812158076467,0.0003279742813890976,0.0009079579031322215,0.0008513402271913082,0.0008513402271913082,0.000846405061447759,0.00030502537774233947,0.00026853644332628583,0.00047777625449067817,0.00047777625449067817,0.0004787135439554848,0.0004787135439554848,0.00037714113848708795,0.00035157375401924986,0.00016095661300863866,0.15256041711472498,0.14332943755673078,0.02964272402354971,0.0711869112517738,0.15612614488239895,0.03441632447181105,0.004972382060049537,0.0077717815508223966,0.04668055752787498,0.11583733125155257,0.12330289026561495,0.21704287757672217,0.14529000245415252,0.14529000245415252,0.14701972942857403,0.08703386363651691,0.03403138770498139,0.13534037554204134,0.13534037554204134,0.1347572787416838,0.1347572787416838,0.20571086857640805,0.1356877204282599,0.004499688809733985
339,24,0.00044352932329448544,0.00012440654588809073,0.001024987734049779,0.09730524954004309,0.004124714742256152,0.1989559711119953,109,False,36,0,24,0,0,0,0,8064,8065,7612,7924,8092,7590,7044,7186,7546,8003,8075,7840,7913,8007,8028,8128,7291,8034,7196,7747,8132,8087,6087,7174,0.0007339490046170681,0.001024987734049779,0.00027479905672604736,0.0003281914979156342,0.00015753941786954644,0.00012440654588809073,0.0001362201232267868,0.0001833143950164774,0.00029959607061068555,0.0003286250355201808,0.0003211524285005512,0.0009127249376258423,0.0008387820871913926,0.0008387820871913926,0.0008343238386041131,0.0002956620159170995,0.00025645751519628475,0.0004694185575140351,0.0004694185575140351,0.00047026264097724447,0.00047026264097724447,0.00037791980800623554,0.00034545731348204655,0.00015245044892983796,0.13984704902183123,0.13138531776033655,0.027172497021587232,0.06525466864745931,0.1431156328088657,0.03154829743249346,0.004558016888378743,0.007124133088253863,0.04279051106721873,0.10618422031392319,0.11302764941014704,0.1989559711119953,0.13318250224963982,0.13318250224963982,0.1347680853095262,0.07978104166680716,0.03119543872956627,0.12406201091353788,0.12406201091353788,0.12352750551321015,0.12352750551321015,0.1885682961950407,0.12438041039257158,0.004124714742256152
340,24,0.00043440928878620016,0.00011872806231684997,0.0010059427328518123,0.09266870096726172,0.003780988513734806,0.19656688005377598,110,False,36,0,24,0,0,0,0,8064,8065,7612,7924,8092,7590,7044,7186,7546,8003,8075,7840,7913,8007,8028,8128,7291,8034,7196,8179,8132,8087,6087,7174,0.0007220209226220083,0.0010059427328518123,0.0002619347396270433,0.00031618233823057487,0.0001551210488139876,0.00011872806231684997,0.00012902333011838532,0.00017375435444131043,0.0002868228809584445,0.0003202504190041862,0.00031356871334068916,0.0009128806053716172,0.0008236114029477094,0.0008236114029477094,0.0008195976995275364,0.00028600448343896054,0.00024472743324839883,0.00045975241296583374,0.00045975241296583374,0.0004723866839768348,0.00046051016668228844,0.0003768861122879094,0.0003383739218441406,0.00014437865033873815,0.12819312827001195,0.12043654128030849,0.024908122269788294,0.059816779593504364,0.13118933007479355,0.02891927264645234,0.004178182147680514,0.006530455330899374,0.0392246351449505,0.09733553528776293,0.1036086786259681,0.18237630685266237,0.12208396039550316,0.12208396039550316,0.12353741153373234,0.07313262152790656,0.028595818835435747,0.11372351000407639,0.11372351000407639,0.19656688005377598,0.11323354672044264,0.17285427151212063,0.11401537619319062,0.003780988513734806
341,24,0.00042432016025156213,0.00011322536419080183,0.0009842286628285108,0.08494630921998991,0.0034659061375902386,0.1801863067159613,111,False,36,0,24,0,0,0,0,8064,8065,7612,7924,8092,7590,7044,7186,7546,8003,8075,7840,7913,8007,8028,8128,7291,8034,7196,8179,8132,8087,6087,7174,0.0007079719733652896,0.0009842286628285108,0.0002495143459481636,0.0003041490107375138,0.00015223043251241827,0.00011322536419080183,0.00012219375784341775,0.0001646654965087627,0.000274320151362701,0.00031131667945533397,0.0003053574278979568,0.0009088061338412286,0.0008062050202634094,0.0008062050202634094,0.0008026028171531671,0.0002761476915947728,0.00023336389009796817,0.00044898328914113754,0.00044898328914113754,0.0004721511972266328,0.0004496615798465817,0.0003742045967163034,0.00033047495206347264,0.00013672106603739928,0.11751036758084428,0.11040016284028278,0.022832445413972603,0.05483204796071233,0.12025688590189408,0.026509333259247977,0.0038300003020404713,0.005986250719991092,0.035955915549537955,0.08922424068044935,0.0949746220738041,0.16717828128160717,0.11191029702921122,0.11191029702921122,0.11324262723925464,0.06703823640058101,0.026212833932482766,0.10424655083707002,0.10424655083707002,0.1801863067159613,0.10379741782707241,0.15844974888611058,0.10451409484375807,0.0034659061375902386
342,24,0.00039552899985352503,0.0001079048389941497,0.0009602800524833372,0.09274701832677108,0.003177080626124385,0.17039340356765376,112,False,36,0,24,0,0,0,0,8064,8065,7924,8092,7590,7044,7186,7546,8003,8218,8075,7840,7913,8007,8223,8128,7291,8034,7196,8179,8132,8087,6087,7174,0.0006921223423014981,0.0009602800524833372,0.0002921654475848398,0.00014893692343117846,0.0001079048389941497,0.00011571440889250167,0.00015602827973939796,0.00026212232653690304,0.0003019453827974696,0.0003042933127321902,0.0003042933127321902,0.0009009066453743088,0.0007869209254202339,0.0007869209254202339,0.0002730405060291869,0.0002730405060291869,0.00022237951746894964,0.0004373040851967666,0.0004373040851967666,0.00046975560102506216,0.00043790963984058817,0.0003700461558084308,0.0003219025746756129,0.00012945820077361797,0.10771783694910725,0.10120014927025922,0.05026271063065297,0.1102354787434029,0.024300222154310644,0.0035108336102037652,0.0054873964933251675,0.03295958925374312,0.0817888872904119,0.17039340356765376,0.17039340356765376,0.15324675784147324,0.10258443894344361,0.10258443894344361,0.14478505003386594,0.14478505003386594,0.024028431104775868,0.09555933826731418,0.09555933826731418,0.16517078115629785,0.09514763300814971,0.14524560314560137,0.09580458694011156,0.003177080626124385
343,24,0.00038583049013340086,0.0001027707187056129,0.000934502983849234,0.0884903223550957,0.002912323907280686,0.15619395327034927,113,False,37,0,24,0,0,0,0,8064,8065,7924,8092,7590,7044,7186,8239,8003,8218,8075,7840,7913,8007,8223,8128,7291,8034,7196,8179,8132,8087,6087,7174,0.0006747742212543,0.000934502983849234,0.00028029507862922234,0.00014530623329204925,0.0001027707187056129,0.00010956883326418953,0.00014782345568752628,0.00025671087052887755,0.00029224691822068955,0.00030192011284167444,0.00030192011284167444,0.0008895977249944923,0.0007660943644323142,0.0007660943644323142,0.0002689748342869896,0.0002689748342869896,0.0002117825605267063,0.0004248935672172816,0.0004248935672172816,0.0004654106426702399,0.00042543287458529026,0.0003645830621836413,0.00031278859162735885,0.00012257123562567002,0.09874135053668164,0.09276680349773761,0.04607415141143189,0.10104918884811932,0.022275203641451424,0.0032182641426867845,0.005030113452214736,0.11354629014926454,0.07497314668287756,0.15619395327034927,0.15619395327034927,0.14047619468801711,0.09403573569815664,0.09403573569815664,0.13271962919771044,0.13271962919771044,0.022026061846044543,0.08759606007837133,0.08759606007837133,0.15140654939327303,0.0872186635908039,0.1331418028834679,0.08782087136176892,0.002912323907280686
344,24,0.0003754484092266688,9.782537866561218e-05,0.0009072722394469371,0.0811161288255044,0.0026696302483406285,0.14317779049782015,114,False,39,0,24,0,0,0,0,8064,8065,7924,8092,7590,7044,7186,8239,8003,8218,8075,7840,7913,8007,8223,8128,7291,8034,7196,8179,8132,8087,6087,7174,0.0006562089851941649,0.0009072722394469371,0.00026859169753569483,0.00014139975811930532,9.782537866561218e-05,0.00010374114669795833,0.00014003214966610476,0.00025068529643951134,0.00028232049219507546,0.0002983763678947696,0.0002983763678947696,0.0008752942820614514,0.000744035322935977,0.000744035322935977,0.0002640757653311695,0.0002640757653311695,0.00020157748968282457,0.00041191547045347213,0.00041191547045347213,0.0004593316121651341,0.0004123947101467508,0.0003579849271119495,0.00030325376286768717,0.00011604204021311316,0.09051290465862483,0.0850362365395928,0.04223463879381256,0.09262842311077604,0.020418936671330472,0.0029500754641295524,0.0046109373311968415,0.1040840993034925,0.06872538445930443,0.14317779049782015,0.14317779049782015,0.12876984513068235,0.08619942438997691,0.08619942438997691,0.12165966009790123,0.12165966009790123,0.020190556692207498,0.08029638840517371,0.08029638840517371,0.1387893369438336,0.07995044162490357,0.12204665264317892,0.08050246541495483,0.0026696302483406285
345,24,0.00036544902040899486,9.306960706795537e-05,0.0008789297931528759,0.0823792688681307,0.002447161060978909,0.21457964128966847,115,False,38,0,24,0,0,0,0,8064,8065,7924,8092,7590,7044,7186,8239,8003,8289,7840,7913,8007,8223,8128,7291,8034,7196,8179,8132,8087,6087,7174,8302,0.000636685460963181,0.0008789297931528759,0.0002571003376029545,0.00013727415017487303,9.306960706795537e-05,9.821604186841013e-05,0.00013263592525129844,0.00024415322098983173,0.0002722543768626576,0.00030137824841163614,0.0008584016181440922,0.0007210271376438542,0.0007210271376438542,0.000258464012059595,0.000258464012059595,0.00019176555178774382,0.00039851814384533294,0.00039851814384533294,0.000451732741663097,0.0003989431382100093,0.000350415534001486,0.0003009744892605735,0.00010985317804506276,0.0003009744892605735,0.08297016260373942,0.07794988349462673,0.038715085560994844,0.0849093878515447,0.018717358615386266,0.0027042358421187564,0.0042266925535971046,0.09541042436153478,0.06299826908769572,0.21457964128966847,0.11803902470312548,0.07901613902414549,0.07901613902414549,0.11152135508974279,0.11152135508974279,0.018508010301190207,0.07360502270474256,0.07360502270474256,0.1272235588651808,0.07328790482282826,0.11187609825624734,0.1571272599637086,0.002447161060978909,0.1571272599637086
346,24,0.000373442236429162,8.850284640245195e-05,0.0008497843850246372,0.08641980781545594,0.002243230972564,0.19669800451552943,116,False,39,0,24,0,0,0,0,8064,8065,7924,8092,7590,7044,7186,8239,8003,8289,7840,7913,8007,8316,8318,8128,7291,8034,7196,8179,8132,8087,6087,7174,0.0006164390937741325,0.0008497843850246372,0.00024585813449089867,0.00013298109263706879,8.850284640245195e-05,9.297879366462256e-05,0.00012561683482384024,0.0002372143542434004,0.00026212634786445816,0.00030275161824473414,0.0008393085325321603,0.0006973260243671898,0.0007153100021108297,0.0007153100021108297,0.0002587597897903795,0.0002587597897903795,0.00018234526356341463,0.0003848346238745269,0.0003848346238745269,0.00044282273637221255,0.00038521080877518943,0.00034203046126746124,0.0002975196085555192,0.00010398790614502501,0.07605598238676113,0.0714540598700745,0.03548882843091194,0.07783360553058263,0.017157578730770742,0.0024788828552755266,0.003874468174130679,0.08745955566474022,0.05774841333038774,0.19669800451552943,0.10820243931119836,0.07243146077213336,0.1557647941054667,0.1557647941054667,0.18556124216559755,0.18556124216559755,0.016965676109424354,0.06747127081268067,0.06747127081268067,0.11662159562641573,0.06718057942092591,0.10255309006822672,0.14403332163339955,0.002243230972564
347,24,0.00036350410797547335,8.412340848994195e-05,0.0008201119455910146,0.08269037938639016,0.0020562950581836667,0.1803065041392353,117,False,38,0,24,0,0,0,0,8064,8065,7924,8092,7590,7044,7186,8239,8003,8289,7840,7913,8007,8316,8318,8128,8344,8034,7196,8179,8132,8087,6087,7174,0.0005956818321829705,0.0008201119455910146,0.0002348951590579719,0.00012856723772953002,8.412340848994195e-05,8.801525953128415e-05,0.00011895745813772174,0.00022996000414735458,0.0002520042565722978,0.0003026118091057124,0.0008183822481503813,0.000673161327732185,0.0007068291823461131,0.0007068291823461131,0.000257834769805427,0.000257834769805427,0.00017778257414712817,0.0003709830377602619,0.0003709830377602619,0.00043280134528318336,0.0003713154484871936,0.0003329753976931699,0.00029302772960969944,9.843016993901551e-05,0.06971798385453104,0.06549955488090162,0.032531426061669276,0.07134747173636741,0.01572778050320651,0.002272309284002566,0.0035515958262864553,0.0801712593593452,0.05293604555285543,0.1803065041392353,0.09918556936859849,0.0663955057077889,0.1427843945966778,0.1427843945966778,0.1700978053184644,0.1700978053184644,0.09888520310030567,0.06184866491162395,0.06184866491162395,0.10690312932421442,0.061582197802515413,0.09400699922920781,0.13203054483061624,0.0020562950581836667
348,24,0.00035304275215864675,7.992866494142992e-05,0.0007959649173546035,0.0757995144375243,0.001884937136668361,0.16528096212763235,118,False,38,0,24,0,0,0,0,8064,8065,7924,8092,7590,7044,7186,8239,8003,8289,7840,7913,8007,8316,8318,8128,8344,8034,7196,8179,8132,8087,6087,7174,0.0005746025711402195,0.000790156663903073,0.00022423520848725622,0.00012407427287365472,7.992866494142992e-05,8.331187571796155e-05,0.00011264093066612117,0.00022247288279939322,0.00024194669110820746,0.0003010865565525257,0.0007959649173546035,0.000648736320942108,0.0006959141627069102,0.0006959141627069102,0.0002558027225541266,0.0002558027225541266,0.00017289816290678672,0.00035706724971364855,0.00035706724971364855,0.000421856856946616,0.00035736051875891016,0.0003233850488803431,0.000287635043619567,9.316459425937315e-05,0.06390815186665345,0.06004125864082648,0.029820473889863502,0.06540184909167011,0.0144171321279393,0.002082950177002352,0.0032556295074292504,0.07349032107939976,0.04852470842345081,0.16528096212763235,0.0909201052545486,0.06086254689880649,0.13088569504695463,0.13088569504695463,0.15592298820859238,0.15592298820859238,0.09064476950861353,0.05669460950232195,0.05669460950232195,0.09799453521386321,0.056450347985639124,0.08617308262677383,0.12102799942806489,0.001884937136668361
349,24,0.00031996557514857337,7.591521496706945e-05,0.0007601325232512452,0.08318003088323356,0.0017278590419459974,0.22626273919120968,119,False,38,0,24,0,0,0,0,8064,8065,7924,8092,7590,7044,7186,8239,8003,8289,8387,7913,8007,8318,8390,8128,8344,8034,7196,8179,8132,8087,6087,7174,0.0005533680134260072,0.0007601325232512452,0.00021389654790444982,0.00011953908380108102,7.591521496706945e-05,7.885565016793684e-05,0.00010665096325837322,0.0002148271514674164,0.0002320036891492321,0.0002983108919731042,0.0006403282304505189,0.0006403282304505189,0.0006828880120832293,0.0002593002907416233,0.0002593002907416233,0.0002527810883764169,0.00016776029421817658,0.0003431776774808988,0.0003431776774808988,0.00041016439502855286,0.0003434360413731084,0.0003133825352303388,0.00028147283934536985,8.817647119857051e-05,0.05858247254443233,0.055037820420757604,0.02733543439904154,0.0599516950006976,0.013215704450611026,0.0019093709955854893,0.0029843270484768126,0.06736612765611645,0.04448098272149657,0.1515075486169963,0.13912400132390595,0.13912400132390595,0.11997855379304175,0.22626273919120968,0.22626273919120968,0.14292940585787633,0.08309103871622907,0.051970058710461786,0.051970058710461786,0.08982832394604127,0.05174615232016919,0.07899199240787601,0.11094233280905948,0.0017278590419459974
350,24,0.00031090729037543146,7.207903248228265e-05,0.0007302251571475225,0.0762483616429641,0.0015838707884504976,0.20740751092527554,120,False,38,0,24,0,0,0,0,8064,8065,7924,8092,7590,7044,7186,8239,8003,8289,8387,7913,8007,8318,8390,8128,8344,8034,7196,8179,8132,8087,6087,7174,0.0005321238306546563,0.0007302251571475225,0.00020389259788812877,0.00011499398804454196,7.207903248228265e-05,7.463415267697274e-05,0.00010097185444855112,0.00020708864864588935,0.00022221747317414708,0.0002944227886254658,0.0006297941069669649,0.0006297941069669649,0.0006680616301736621,0.0002613356967875674,0.0002613356967875674,0.00024888769313317807,0.0001624310768437493,0.0003293922191288538,0.0003293922191288538,0.00039788488723811017,0.0003296195319557915,0.0003030791880279931,0.00027466564663922155,8.34517454437182e-05,0.0537005998323963,0.05045133538569447,0.025057481532454746,0.054955720417306134,0.01211439574639344,0.0017502567459533652,0.0027356331277704113,0.06175228368477341,0.04077423416137186,0.13888191956557994,0.1275303345469138,0.1275303345469138,0.10998034097695493,0.20740751092527554,0.20740751092527554,0.13101862203638664,0.07616678548987664,0.04763922048458997,0.04763922048458997,0.08234263028387116,0.04743397296015509,0.07240932637388633,0.10169713840830452,0.0015838707884504976
351,24,0.0002955028833924187,6.841559442652532e-05,0.0007005939048373172,0.07193907845745745,0.0014518815560796228,0.19012355168150258,121,False,40,0,24,0,0,0,0,8064,8065,7924,8092,7590,7044,8430,7186,8239,8003,8289,8387,7913,8007,8318,8390,8344,8034,7196,8179,8132,8087,6087,7174,0.0005109960250058601,0.0007005939048373172,0.0001942325657623415,0.00011046701656516626,6.841559442652532e-05,7.063550286366731e-05,9.805371562807202e-05,9.805371562807202e-05,0.00019931525308840913,0.00021262318545468587,0.0002895595664738909,0.0006174250583331919,0.0006174250583331919,0.0006517294705171634,0.00026199974418672164,0.00026199974418672164,0.0001569664308363981,0.00031577724159308456,0.00031577724159308456,0.00038516458661829833,0.00031597699324887533,0.00029257465895338804,0.0002673299296521325,7.897699763178943e-05,0.04922554984636327,0.0462470574368866,0.02296935807141685,0.05037607704919729,0.01110486276752732,0.001604402017123918,0.08584099703378956,0.08584099703378956,0.05660626004437563,0.03737638131459087,0.12730842626844827,0.1169028066680043,0.1169028066680043,0.10081531256220869,0.19012355168150258,0.19012355168150258,0.06981955336572025,0.04366928544420747,0.04366928544420747,0.0754807444268819,0.04348114188014217,0.06637521584272914,0.09322237687427914,0.0014518815560796228
352,24,0.00030381576336245764,6.491999214052033e-05,0.0006713739696036123,0.07496231525592735,0.001330891426406321,0.17427992237471068,122,False,40,0,24,0,0,0,0,8064,8448,8065,7924,8092,7590,7044,7186,8239,8003,8289,8387,7913,8007,8318,8390,8344,8034,7196,8179,8132,8469,6087,7174,0.0005027318520343534,0.0005027318520343534,0.0006713739696036123,0.00018492202045647358,0.00010598222530473945,6.491999214052033e-05,6.684835641540811e-05,9.501201136379046e-05,0.00019155734130006546,0.00020324960574080996,0.00028385502255296217,0.0006034998263258353,0.0006034998263258353,0.0006341665518495924,0.0002613969597087249,0.0002613969597087249,0.00015141620207710473,0.00030238859273584083,0.00030238859273584083,0.00037213503379835257,0.00030256393029637487,0.000289228921966602,0.0002595732480366562,7.473942618641071e-05,0.128456754025833,0.128456754025833,0.04239313598381271,0.02105524489879878,0.04617807062843085,0.010179457536900043,0.001470701849030258,0.07868758061430708,0.051889071707344324,0.03426168287170829,0.11669939074607757,0.10716090611233728,0.10716090611233728,0.09241403651535796,0.17427992237471068,0.17427992237471068,0.06400125725191023,0.04003017832385685,0.04003017832385685,0.0691906823913084,0.03985771339013032,0.1441772811891684,0.0854538454680892,0.001330891426406321
353,24,0.0002970288603546561,6.158702755235912e-05,0.0006426786041675362,0.07509665160415989,0.0012199838075391274,0.16804620013907812,123,False,44,0,24,0,0,0,0,8064,8448,8065,7924,8092,7590,7044,7186,8239,8003,8289,8387,8485,8007,8318,8390,8344,8034,7196,8179,8132,8469,6087,7174,0.0004929861894287424,0.0004929861894287424,0.0006426786041675362,0.00017596341212038617,0.0001015600220769216,6.158702755235912e-05,6.326189000610426e-05,9.188038535464496e-05,0.00018385830607007642,0.00019411983929607294,0.000277437228280536,0.0005882812637381102,0.0006315035191775716,0.0006315035191775716,0.0002596407981075412,0.0002596407981075412,0.0001458243875648073,0.0002892726074945299,0.0002892726074945299,0.00035891336080129193,0.000289426358447041,0.00028487370024489006,0.00025149380634613134,7.072682802806548e-05,0.11775202452368025,0.11775202452368025,0.03886037465182832,0.019300641157232214,0.04232989807606161,0.009331169408825038,0.0013481433616110699,0.07213028222978149,0.04756498239839896,0.03140654263239927,0.10697444151723777,0.09823083060297584,0.16804620013907812,0.16804620013907812,0.15975659551015145,0.15975659551015145,0.05866781914758438,0.03669433013020211,0.03669433013020211,0.0634247921920327,0.03653623727428613,0.13216250775673768,0.07833269167908177,0.0012199838075391274
354,24,0.0002737139317496343,5.841129581121205e-05,0.0006261665905708798,0.07546642490479172,0.0011183184902442001,0.22977687921763884,124,False,45,0,24,0,0,0,0,8064,8448,8065,7924,8092,7590,7044,7186,8239,8003,8289,8387,8007,8511,8318,8390,8344,8034,7196,8179,8132,8469,6087,7174,0.00048198214731423215,0.00048198214731423215,0.0006146012655320084,0.00016735653868549895,9.721749738894473e-05,5.841129581121205e-05,5.986578522274647e-05,8.868893845183052e-05,0.0001762551090734995,0.0001852519667905207,0.00027042692024004924,0.0005720139308304316,0.0006261665905708798,0.0002634736008641794,0.0002568494751564504,0.0002634736008641794,0.00014022944007786877,0.000276467086175428,0.000276467086175428,0.00034560285001641086,0.0002766017825054097,0.0002796414114170724,0.00024318031702315646,6.69275784895534e-05,0.10793935581337356,0.10793935581337356,0.03562201009750929,0.01769225439412953,0.03880240656972314,0.008553571958089617,0.001235798081476814,0.0661194253772997,0.04360123386519904,0.028789330746365995,0.09805990472413462,0.09004492805272785,0.15404235012748826,0.22977687921763884,0.1464435458843055,0.22977687921763884,0.05377883421861901,0.0336364692860186,0.0336364692860186,0.05813939284269664,0.03349155083476228,0.1211489654436762,0.07180496737249162,0.0011183184902442001
355,24,0.00026040547459099434,5.538725588678033e-05,0.0006184442315329762,0.06939985305512429,0.0010251252827238502,0.21062880594950226,125,False,46,0,24,0,0,0,0,8064,8448,8065,7924,8092,7590,7044,7186,8239,8003,8289,8387,8007,8511,8318,8536,8344,8034,7196,8179,8132,8469,6087,7174,0.0004699303691831131,0.0004699303691831131,0.0005872176967805088,0.00015909896224419146,9.296875050897664e-05,5.538725588678033e-05,5.6650211786409924e-05,8.546433717274741e-05,0.0001687788462696818,0.00017665965065306289,0.0002629364041711729,0.0005549226349117535,0.0006184442315329762,0.00026580326310626535,0.00025314245927744527,0.00013813761512963376,0.00013813761512963376,0.00026400222915222215,0.00026400222915222215,0.0003322936750048822,0.0002641201315251141,0.00027365973214431077,0.0002347121095611735,6.33306107164731e-05,0.09894440949559243,0.09894440949559243,0.03265350925605018,0.0162178998612854,0.03556887268891288,0.007840774294915483,0.0011328149080204128,0.06060947326252472,0.03996779770976579,0.026390219850835495,0.08988824599712339,0.08254118404833385,0.14120548761686424,0.21062880594950226,0.13423991706061336,0.13263059803373412,0.13263059803373412,0.03083343017885038,0.03083343017885038,0.053294443439138584,0.030700588265198756,0.11105321832336985,0.06582122009145065,0.0010251252827238502
356,24,0.00025221631307177503,5.250929052855759e-05,0.0006086248548652874,0.0705609764116417,0.000939698175830196,0.20491138153092295,126,False,50,0,24,0,0,0,0,8064,8448,8065,7924,8092,7590,8550,7186,8239,8003,8289,8387,8007,8511,8318,8536,8560,8034,7196,8179,8132,8469,6087,7174,0.00045702704733213874,0.00045702704733213874,0.0005605879058546441,0.00015118637854841675,8.882520438292697e-05,5.250929052855759e-05,5.4988299511465044e-05,8.222997449236152e-05,0.0001614553097454794,0.0001683526949244952,0.00025506889114171793,0.0005372117441291557,0.0006086248548652874,0.0002667192042490288,0.0002486376115929038,0.00013561821452101388,0.00013911579652190278,0.0002519015172870094,0.0002519015172870094,0.00031906376224813616,0.00025200463875674054,0.00026704978706929727,0.0002261594266133794,5.992539478739436e-05,0.09069904203762638,0.09069904203762638,0.029932383484712662,0.014866408206178284,0.032604799964836804,0.007187376437005859,0.08437174699901873,0.05555868382398099,0.03663714790061864,0.02419103486326587,0.08239755883069644,0.07566275204430603,0.12943836364879222,0.19307640545371038,0.12305325730556224,0.1215780481975896,0.20491138153092295,0.028263977663946182,0.028263977663946182,0.048853239819210366,0.028142205909765527,0.10179878346308903,0.0603361184171631,0.000939698175830196
357,24,0.000248805148621029,4.977175685549092e-05,0.0005969905280413416,0.06930439072427555,0.000861389994511013,0.1878354330700127,127,False,50,0,24,0,0,0,0,8064,8065,8570,7924,8092,7590,8550,7186,8239,8003,8289,8387,8007,8511,8318,8536,8560,8034,7196,8179,8132,8469,6087,7174,0.000443452701562859,0.0005485493845058513,0.0005485493845058513,0.0001436129431606604,8.479590489198978e-05,4.977175685549092e-05,5.326059608195496e-05,7.90061667085003e-05,0.00015430553381297614,0.00016033755753508487,0.0002469181883068108,0.0005190651198054943,0.0005969905280413416,0.00026632574130275544,0.0002434489358653738,0.0001327332197224258,0.00013937181074058237,0.00024018253143935753,0.00024018253143935753,0.0003059797243640044,0.00024027266027506832,0.00025992487294995616,0.0002175838562815445,5.670191674940387e-05,0.08314078853449085,0.11077135152765329,0.11077135152765329,0.013627540855663426,0.0298877333011004,0.006588428400588704,0.07734076808243383,0.05092879350531591,0.03358405224223375,0.022175115291327045,0.07553109559480506,0.06935752270728053,0.11865183334472619,0.1769867049992345,0.11279881919676539,0.1114465441811238,0.1878354330700127,0.025908646191950664,0.025908646191950664,0.044782136500942836,0.02579702208395173,0.0933155515078316,0.05530810854906617,0.000861389994511013
358,24,0.00025461906871513984,4.7169028726634395e-05,0.000583812104039874,0.077340475718224,0.006039392700539645,0.18487373890034886,128,False,48,0,24,0,0,0,0,8064,8065,8594,8570,7924,8092,7590,8550,7186,8239,8601,8289,8387,8007,8511,8536,8560,8034,7196,8179,8132,8469,6087,8615,0.0004293715858082767,0.0005352575273986696,0.0005490617726490729,0.0005490617726490729,0.00013637155787342615,8.088780147084877e-05,4.7169028726634395e-05,5.148568423143142e-05,7.5810373077738e-05,0.0001473463166253122,0.00015655381558191874,0.00023856867280287056,0.0005006465283163803,0.000583812104039874,0.00026473710062615056,0.00012954146759456043,0.00013896206986834897,0.0002288577076063421,0.0002288577076063421,0.0002930978254847178,0.00022893642895685133,0.0002523896385862464,0.00020903885803724104,5.5034303545028694e-05,0.07621238948994995,0.1015404055670155,0.18487373890034886,0.18487373890034886,0.012491912451024807,0.027397088859342035,0.006039392700539645,0.07089570407556434,0.04668472737987291,0.030785381222047603,0.10366052235038313,0.0692368376285713,0.06357772914834048,0.108764180565999,0.16223781291596495,0.10215933216603015,0.1721824803141783,0.02374959234262144,0.02374959234262144,0.04105029179253093,0.02364727024362242,0.08553925554884563,0.050699099503310655,0.08412294082830177
359,24,0.00024848472751651214,4.469553192886339e-05,0.0005693456262159769,0.07691515571513378,0.005536109975494674,0.16946759399198644,129,False,50,0,24,0,0,0,0,8064,8065,8594,8570,7924,8092,7590,8624,7186,8239,8601,8289,8387,8007,8511,8536,8560,8034,7196,8179,8132,8469,6087,8615,0.0004149315976107163,0.0005209391032661855,0.0005469936332412851,0.0005469936332412851,0.00012945412098572804,7.710600732157747e-05,4.469553192886339e-05,7.45312562969786e-05,7.45312562969786e-05,0.00014059071138880323,0.00015245642374848078,0.00023009548500380484,0.00048210041161636714,0.0005693456262159769,0.000262073058605152,0.00012609802234446978,0.0001379474063352393,0.00021793502667707005,0.00021793502667707005,0.00028046494833078414,0.00021800374289431064,0.0002445396429346658,0.0002005703473824865,5.3301440052012004e-05,0.06986135703245412,0.09307870510309754,0.16946759399198644,0.16946759399198644,0.01145091974677274,0.025113998121063533,0.005536109975494674,0.12612766676488352,0.12612766676488352,0.02821993278687697,0.09502214548785119,0.06346710115952368,0.05827958505264544,0.09970049885216574,0.14871799517296785,0.09364605448552764,0.15783394028799677,0.021770459647402988,0.021770459647402988,0.037629434143153354,0.021676664389987218,0.0784109842531085,0.04647417454470143,0.07711269575927662
360,24,0.0002237684520665431,4.234577310995324e-05,0.0005565801514518103,0.07832635184719773,0.005074767477536784,0.23867862782598756,130,False,51,0,24,0,0,0,0,8064,8642,8570,7924,8092,8645,7590,8624,7186,8239,8601,8289,8387,8007,8511,8536,8560,8034,7196,8179,8132,8469,6087,8615,0.00040026457848799823,0.0005565801514518103,0.0005425868827616989,0.00012285174491758722,7.53484116904874e-05,7.53484116904874e-05,4.234577310995324e-05,7.303877427857154e-05,7.303877427857154e-05,0.00013404848350129835,0.0001481074839126499,0.00022156488570654464,0.0004635529137333447,0.0005538298406972963,0.0002584552507657457,0.00012245376990772523,0.0001363909045472439,0.00020741863961284846,0.00020741863961284846,0.0002681195400374466,0.00020747858913470793,0.00023646121882216775,0.00019221731125676446,5.1521875681236104e-05,0.06403957727974961,0.23867862782598756,0.15534529449265422,0.010496676434541677,0.10635449827764158,0.10635449827764158,0.005074767477536784,0.11561702786780989,0.11561702786780989,0.025868271721303886,0.08710363336386359,0.05817817606289671,0.05342295296492498,0.0913921239478186,0.13632482890855385,0.08584221661173366,0.14468111193066371,0.01995625467678607,0.01995625467678607,0.03449364796455724,0.019870275690821615,0.07187673556534944,0.04260132666597631,0.0706866377793369
361,24,0.00022586282488747727,4.011436328507424e-05,0.0005629032399206273,0.08294664341340931,0.004651870187742053,0.2187887421738219,131,False,51,0,24,0,0,0,0,8064,8642,8570,7924,8645,7590,8624,7186,8239,8601,8289,8387,8007,8511,8536,8560,8034,7196,8682,8179,8683,8469,6087,8615,0.0003854869076164044,0.0005629032399206273,0.0005360908998012623,0.00011655494448088008,7.34317495564337e-05,4.011436328507424e-05,7.13657721080213e-05,7.13657721080213e-05,0.00012772653171351975,0.0001435638350396651,0.00021303473018394312,0.00044511307791982187,0.0005374846460985689,0.00025400414531255756,0.00011865519708049326,0.00013435608325096767,0.00019730943018981346,0.00020239802329712506,0.00020239802329712506,0.00026269712397102664,0.00026269712397102664,0.00022823157664472092,0.00018401243225546032,4.97121681968942e-05,0.058702945839770475,0.2187887421738219,0.14239985328493301,0.00962195339832987,0.09749162342117144,0.004651870187742053,0.1059822755454924,0.1059822755454924,0.023712582411195227,0.07984499725020829,0.053329994724321976,0.0489710402178479,0.0837761136188337,0.12496442649950769,0.07868869856075586,0.1326243526031084,0.018293233453720564,0.10162656678705391,0.10162656678705391,0.11495251063417748,0.11495251063417748,0.06588700760157032,0.039051216110478286,0.06479608463105882
362,24,0.0002171625859609733,3.7996036652365076e-05,0.0005661354149915182,0.08416281078165506,0.004264214338763548,0.20490565655284937,132,False,52,0,24,0,0,0,0,8064,8642,8570,7924,8645,7590,8624,7186,8239,8601,8289,8387,8007,8511,8536,8703,8560,8034,7196,8179,8683,8469,6087,8615,0.0003707003057990626,0.0005661354149915182,0.000527755614066028,0.0001105537989263634,7.138641059035501e-05,3.7996036652365076e-05,6.954316694844458e-05,6.954316694844458e-05,0.00012162927276669816,0.0001388769398942834,0.00020455502002110948,0.0004268741451014126,0.0005205103161239035,0.0002488366461598843,0.00011474432010599709,0.0001353072501307561,0.0001353072501307561,0.00018760551836168396,0.0001969885221926538,0.00025663209950203277,0.00025663209950203277,0.00021991909038996825,0.00017598270492551974,4.7886952832085824e-05,0.05381103368645627,0.20055634699267008,0.1305331988445219,0.008820123948469047,0.08936732146940715,0.004264214338763548,0.0971504192500347,0.0971504192500347,0.021736533876928955,0.0731912474793576,0.04888582849729514,0.044890120199693906,0.07679477081726423,0.11455072429121538,0.0721313070140262,0.20490565655284937,0.20490565655284937,0.016768797332577183,0.09315768622146609,0.10537313474799602,0.10537313474799602,0.06039642363477279,0.035796948101271764,0.059396410911803914
363,24,0.0002112897152764475,3.598566536876987e-05,0.0005664858432601799,0.08409368766096158,0.003908863143866586,0.27116351850677856,133,False,52,0,24,0,0,0,0,8064,8642,8570,7924,8645,7590,8624,7186,8239,8601,8289,8387,8007,8511,8536,8728,8560,8034,7196,8179,8683,8469,6087,8615,0.000355992780609428,0.0005664858432601799,0.0005178259339479887,0.00010483809066719916,6.924030204385786e-05,3.598566536876987e-05,6.759967830116082e-05,6.759967830116082e-05,0.00011575898997517654,0.0001340929192934229,0.0001961685009731253,0.0004089148984835113,0.0005030873426180353,0.00024306427036107335,0.00011075873077065974,0.0001390520166070579,0.0001390520166070579,0.00017830270789981933,0.00019126935809032734,0.0002500353277279586,0.0002500353277279586,0.00021158371654501361,0.00016815003178030313,4.60590386744942e-05,0.049326780879251575,0.18384331807661422,0.11965543227414509,0.00808511361942996,0.08192004468028989,0.003908863143866586,0.08905455097919847,0.08905455097919847,0.01992515605385154,0.06709197685607779,0.044812009455853875,0.04114927684971941,0.07039520658249221,0.10500483060028076,0.06612036476285735,0.27116351850677856,0.27116351850677856,0.015371397554862417,0.08539454570301057,0.09659204018566302,0.09659204018566302,0.055363388331875055,0.032813869092832446,0.054446710002486916
364,24,0.00020523194367110835,3.4078270860597536e-05,0.0005641892169948817,0.08055810257810365,0.00358312454854437,0.24856655863121366,134,False,55,0,24,0,0,0,0,8064,8642,8570,7924,8645,7590,8624,8743,8239,8601,8289,8387,8007,8511,8536,8728,8560,8034,7196,8179,8683,8469,6087,8615,0.000341439656419746,0.0005641892169948817,0.0005065374175180436,9.939742335011841e-05,6.701877035564227e-05,3.4078270860597536e-05,6.556166752759767e-05,6.725249725207585e-05,0.00011011614695864691,0.0001292526992851404,0.00018791128160595882,0.00039130101154685113,0.0004853767622598825,0.00023679183341197398,0.0001067317319078759,0.00014191714773763317,0.00014191714773763317,0.00016939488231643932,0.00018531285604290627,0.00024300970436327748,0.00024300970436327748,0.00020327750444475932,0.00016053179028971466,4.423952355592696e-05,0.045216215805980606,0.1685230415702297,0.10968414625129966,0.0074113541511441295,0.07509337429026573,0.00358312454854437,0.08163333839759859,0.16496667173093194,0.018264726382697244,0.061500978784737974,0.041077675334532715,0.03772017044557613,0.06452893936728452,0.09625442805025736,0.06061033436595257,0.24856655863121366,0.24856655863121366,0.014090447758623881,0.07827833356109302,0.08854270350352443,0.08854270350352443,0.050749772637552135,0.030079380001763075,0.04990948416894634
365,24,0.00020420680442787215,3.226903217397571e-05,0.0005739252431318643,0.09281690736510391,0.0032845308361656726,0.2378127881060439,135,False,56,0,24,0,0,0,0,8761,8642,8570,7924,8763,8645,7590,8624,8743,8239,8601,8289,8387,8007,8511,8536,8728,8560,8034,7196,8683,8469,6087,8783,0.0005739252431318643,0.0005739252431318643,0.0004941130597831273,9.665128143743886e-05,9.665128143743886e-05,6.474459855194115e-05,3.226903217397571e-05,6.345306676281173e-05,6.662664275205536e-05,0.0001046996682394588,0.0001243922414291736,0.00017981345315453676,0.0003740863671949766,0.0004675208474136148,0.00023011657121110415,0.00010269253819139343,0.00014392747357436285,0.00014392747357436285,0.0001608743532333663,0.00017918434501841684,0.00023564960520378584,0.00019504516406384717,0.00015314136503254727,4.353239057146688e-05,0.2378127881060439,0.2378127881060439,0.10054380073035801,0.0901270746385488,0.0901270746385488,0.06883559309941026,0.0032845308361656726,0.07483056019779871,0.1512194490866876,0.016742665850805805,0.05637589721934314,0.037654535723321655,0.034576822908444785,0.05915152775334414,0.08823322571273591,0.055559473168789855,0.22785267874527917,0.22785267874527917,0.012916243778738557,0.0717551390976686,0.08116414487823073,0.046520624917756125,0.02757276500161615,0.12908369382153415
366,24,0.0001980688027682113,3.0553291808116926e-05,0.0005803046325602097,0.09090782431440354,0.0030108199331518666,0.21799505576387357,136,False,57,0,24,0,0,0,0,8761,8642,8570,7924,8763,8645,7590,8624,8743,8239,8793,8601,8289,8387,8007,8511,8536,8560,8034,7196,8683,8805,6087,8807,0.0005803046325602097,0.0005803046325602097,0.0004807610529306418,9.376557970321293e-05,9.376557970321293e-05,6.24380622411235e-05,3.0553291808116926e-05,6.129537899036728e-05,6.575294302304179e-05,0.00010207347052789991,0.00010207347052789991,0.00011954283106200707,0.00017189969585960137,0.0003573143246122929,0.000449644059254793,0.00022312762769911764,9.866652198217978e-05,0.0001451218608220997,0.00015273216537110726,0.00017294223962040505,0.00022804064901734921,0.0001917454348573569,0.00014598864153099738,4.3797120171827636e-05,0.21799505576387357,0.21799505576387357,0.09216515066949484,0.0826164850853364,0.0826164850853364,0.0630992936744594,0.0030108199331518666,0.06859468018131548,0.13861782832946362,0.09868077702990533,0.09868077702990533,0.051677905784397876,0.03451665774637818,0.03169542099940772,0.054222233773898794,0.08088045690334125,0.0509295170713907,0.2088649555165059,0.011839890130510344,0.06577554417286288,0.07440046613837817,0.12597723950794312,0.025275034584814803,0.20166005266973963
367,24,0.00019896293394725602,2.8926559418624404e-05,0.0005835069946124609,0.09368253232291872,0.0027599182720558775,0.21039967596867498,137,False,55,0,24,0,0,0,0,8761,8642,8570,7924,8645,7590,8624,8816,8239,8793,8601,8289,8387,8007,8823,8511,8536,8560,8034,7196,8683,8805,6087,8807,0.0005835069946124609,0.0005835069946124609,0.00046667337212072076,9.07748753829849e-05,6.0117029276471296e-05,2.8926559418624404e-05,5.910773305682409e-05,6.632969366549586e-05,9.926341284069437e-05,9.926341284069437e-05,0.00011473140284992658,0.00016418986107508628,0.0003410189176026918,0.0004318541782092652,0.00022147403376000669,0.00022147403376000669,9.467548761449044e-05,0.0001455500160212426,0.0001449583622404773,0.0001666382592727937,0.00022025971264586029,0.00018789783198963161,0.00013908046010779743,4.383777975743586e-05,0.19982880111688409,0.19982880111688409,0.08448472144703693,0.0757317779948917,0.05784101920158779,0.0027599182720558775,0.06287845683287252,0.21039967596867498,0.09045737894407987,0.09045737894407987,0.04737141363569805,0.03164026960084666,0.02905413591612374,0.04970371429274056,0.15747375216139614,0.15747375216139614,0.046685390648774805,0.1914595425567971,0.010853232619634482,0.060294248825124304,0.06820042729351332,0.11547913621561452,0.023168781702746902,0.18485504828059465
368,24,0.0001942853631143604,2.738451372844222e-05,0.0005837492069381397,0.0894103540267494,0.002529925082717888,0.19286636963795206,138,False,57,0,24,0,0,0,0,8761,8642,8570,7924,8645,7590,8624,8816,8239,8793,8601,8289,8387,8007,8511,8536,8560,8034,7196,8852,8683,8805,6087,8807,0.0005837492069381397,0.0005837492069381397,0.0004520250437261505,8.77102614646701e-05,5.7797090434183344e-05,2.738451372844222e-05,5.690697956252619e-05,6.655399015898177e-05,9.630863077695702e-05,9.630863077695702e-05,0.00010998088694431425,0.00015669952174073552,0.0003252259739841757,0.00041424354237134544,0.00021895298567599562,9.073796077663036e-05,0.00014526949801695545,0.00013754221645241493,0.00016031774750112257,0.00021785227686313486,0.00021785227686313486,0.00018358681526817953,0.00013242102949538538,4.367242828597783e-05,0.18317640102381041,0.18317640102381041,0.07744432799311719,0.06942079649531739,0.053020934268122134,0.002529925082717888,0.057638585430133144,0.19286636963795206,0.08291926403207321,0.08291926403207321,0.04342379583272321,0.029003580467442773,0.026632957923113428,0.04556173810167884,0.14435093948127978,0.04279494142804357,0.17550458067706398,0.009948796567998274,0.055269728089697275,0.14585039168572056,0.14585039168572056,0.1058558748643133,0.02123804989418466,0.16945046092387842
369,24,0.00018932173694458164,2.5923002939993256e-05,0.0005812740009040141,0.08195949119118695,0.0023190979924913972,0.1767941721681227,139,False,58,0,24,0,0,0,0,8761,8642,8570,7924,8645,7590,8624,8816,8239,8793,8601,8289,8387,8007,8511,8536,8560,8034,7196,8852,8683,8805,6087,8807,0.0005812740009040141,0.0005812740009040141,0.0004369739628863437,8.459943552315069e-05,5.549171061381311e-05,2.5923002939993256e-05,5.470781571784202e-05,6.64519005725851e-05,9.324472184497102e-05,9.324472184497102e-05,0.00010531056259390367,0.00014944048647274767,0.0003099541502005761,0.00039689033856551005,0.00021566647191665294,8.68694825163441e-05,0.00014434302744420233,0.0001304724283456959,0.0001540200599978436,0.00021467242525723368,0.00021467242525723368,0.00017889187163141977,0.000126012300958102,4.332038176079556e-05,0.16791170093849286,0.16791170093849286,0.07099063399369075,0.06363573012070761,0.048602523079111955,0.0023190979924913972,0.052835369977622046,0.1767941721681227,0.07600932536273378,0.07600932536273378,0.039805146179996274,0.026586615428489207,0.024413544762853973,0.041764926593205604,0.13232169452450646,0.03922869630903994,0.16087919895397532,0.009119730187331752,0.050663917415555836,0.13369619237857716,0.13369619237857716,0.09703455195895386,0.019468212403002602,0.15532958918022188
370,24,0.00018439668439314058,2.4538043903049793e-05,0.0005763398568865108,0.0786017558141436,0.002125839826450447,0.1620613244874458,140,False,60,0,24,0,0,0,0,8761,8642,8570,7924,8645,7590,8624,8816,8239,8793,8601,8289,8892,8007,8511,8536,8560,8034,7196,8852,8683,8805,6087,8807,0.0005763398568865108,0.0005763398568865108,0.0004216611405507067,8.1466829334001e-05,5.3212392046505704e-05,2.4538043903049793e-05,5.252292929608138e-05,6.605195100103059e-05,9.010372873550166e-05,9.010372873550166e-05,0.00010073640912243137,0.00014242127462398823,0.00030282947079391265,0.00037985990293949696,0.00021171475507219794,8.308289987115623e-05,0.0001428361427245595,0.00012373729638597431,0.00014777899579702038,0.00021082006990146625,0.00021082006990146625,0.000173886825232134,0.00011985430442856948,4.280155126560045e-05,0.15391905919361845,0.15391905919361845,0.06507474782754985,0.058332752610648644,0.04455231282251929,0.002125839826450447,0.04843242247948688,0.1620613244874458,0.06967521491583929,0.06967521491583929,0.03648805066499659,0.02437106414278177,0.10571241603261615,0.0382845160437718,0.12129488664746424,0.03595963828328661,0.14747259904114404,0.008359752671720773,0.04644192429759285,0.12255484301369572,0.12255484301369572,0.0889483392957077,0.017845861369419052,0.14238545674853673
371,24,0.0002012782400007126,2.3225820258463798e-05,0.0005838922788323281,0.0961025896596857,0.0019486865075795765,0.22442580426081693,141,False,61,0,24,0,0,0,0,8761,8905,8642,8570,7924,8645,7590,8624,8816,8913,8601,8289,8892,8007,8918,8536,8560,8034,7196,8683,8924,8805,6087,8807,0.0005692123418592439,0.0005838922788323281,0.0005838922788323281,0.00040621127510016017,7.833378189027105e-05,5.0968842755843346e-05,2.3225820258463798e-05,5.036315368190868e-05,6.538403985428018e-05,8.91557167356516e-05,9.627144676062041e-05,0.0001356475512883227,0.00029507322726001476,0.00036320599842091275,0.00021253806046883924,7.938864720476597e-05,0.00014081522151608081,0.00011732486252752829,0.00014162325096454944,0.00021171459793329633,0.00021171459793329633,0.00016863942796474271,0.00011394544866560751,4.213589130804625e-05,0.1410924709274836,0.22442580426081693,0.22442580426081693,0.059651852175254025,0.05347168989309459,0.04083962008730935,0.0019486865075795765,0.04439638727286297,0.14855621411349199,0.14720228033951938,0.03344737977624687,0.022340142130883287,0.09690304802989813,0.03509413970679082,0.19452031276017556,0.032963001759679394,0.13518321578771536,0.007663106615744041,0.04257176393946011,0.19567527276255442,0.19567527276255442,0.08153597768773205,0.0163587062553008,0.130520002019492
372,24,0.0001974099532344049,2.1982679747590322e-05,0.0005881729054527399,0.08809404052137855,0.0017862959652812783,0.20572365390574884,142,False,61,0,24,0,0,0,0,8761,8905,8642,8570,7924,8645,7590,8624,8816,8913,8601,8289,8892,8007,8918,8536,8560,8034,7196,8683,8924,8805,6087,8807,0.0005601569146543607,0.0005881729054527399,0.0005881729054527399,0.0003907335588916409,7.521874138233849e-05,4.8769145043545866e-05,2.1982679747590322e-05,4.823762767342205e-05,6.447851898609515e-05,8.788763995369546e-05,9.192606196118981e-05,0.00012912252244887164,0.00028680708840930574,0.00034697204511958415,0.00021231037214085012,7.579501405067965e-05,0.00013834586351247003,0.00011122303546217016,0.00013557687867001564,0.00021155621823363557,0.00021155621823363557,0.0001632111793531171,0.00010828278776238982,4.1342955029634644e-05,0.12933476501685995,0.20572365390574884,0.20572365390574884,0.05468086449398286,0.0490157157353367,0.0374363184133669,0.0017862959652812783,0.04069668833345772,0.1361765296040343,0.13493542364455943,0.030660098128226298,0.020478463619976347,0.08882779402740662,0.032169628064558246,0.17831028669682758,0.030216084946372776,0.12391794780540574,0.007024514397765371,0.039024116944505104,0.17936900003234155,0.17936900003234155,0.07474131288042105,0.014995480734025731,0.11964333518453432
373,24,0.00019311165010138282,2.0805130850640105e-05,0.0005893893951896083,0.08075287047793034,0.001637437968174505,0.18858001608026975,143,False,62,0,24,0,0,0,0,8761,8905,8642,8570,7924,8645,7590,8624,8816,8913,8601,8289,8892,8007,8918,8536,8560,8034,7196,8683,8924,8805,6087,8807,0.0005494331461086155,0.0005893893951896083,0.0005893893951896083,0.0003753226448019629,7.213748439816044e-05,4.661992007055949e-05,2.0805130850640105e-05,4.615395513531161e-05,6.336544054632231e-05,8.634043575052975e-05,8.770831356778741e-05,0.00012284729136797376,0.0002781426955932591,0.00033119228695426136,0.00021112218854645124,7.230839666049235e-05,0.00013549161422723215,0.00010541969441597961,0.0001296597433344903,0.00021043464778944295,0.00021043464778944295,0.00015765732895215267,0.0001028622565113208,4.044154868158202e-05,0.11855686793212161,0.18858001608026975,0.18858001608026975,0.05012412578615095,0.04493107275739198,0.03431662521225299,0.001637437968174505,0.03730529763900291,0.12482848547036478,0.12369080500751281,0.028105089950874105,0.018771924984978317,0.08142547785845607,0.029488825725845057,0.1634510961387586,0.027698077867508376,0.11359145215495527,0.00643913819795159,0.035772107199129675,0.16442158336297974,0.16442158336297974,0.06851287014038596,0.013745857339523587,0.1096730572524898
374,24,0.00018844350535972333,1.968983889389995e-05,0.0005877792120353087,0.07402346460476948,0.001500984804159963,0.17286501474024726,144,False,66,0,24,0,0,0,0,8761,8905,8642,8570,7924,8645,7590,8624,8816,8913,8601,8289,8892,8007,8918,8536,8560,8034,7196,8683,8924,8805,6087,8807,0.0005372902483771415,0.0005877792120353087,0.0005877792120353087,0.000360059711500903,6.910334300655653e-05,4.452648568651523e-05,1.968983889389995e-05,4.411836082284841e-05,6.207396076166165e-05,8.455374432745418e-05,8.362421760134952e-05,0.00011682117794950448,0.0002691813707587268,0.00031589288359388715,0.00020906870797425466,6.893353156675283e-05,0.00013231299890672715,9.990277589948987e-05,0.00012388795976930766,0.00020844450757980199,0.00020844450757980199,0.00015202701959361492,9.767887720053324e-05,3.94494752120102e-05,0.10867712893777814,0.17286501474024726,0.17286501474024726,0.0459471153039717,0.04118681669427598,0.03145690644456524,0.001500984804159963,0.03419652283575266,0.1144261116811677,0.11338323792355341,0.025762999121634596,0.01720759790289679,0.07464002137025139,0.027031423582024636,0.1498301714605287,0.025389904711882676,0.10412549780870899,0.00590254334812229,0.032791098265868866,0.1507197847493981,0.1507197847493981,0.06280346429535379,0.01260036922789662,0.10053363581478231
375,24,0.00017073921570309034,1.863362174539769e-05,0.0005835989644562936,0.07799208239093466,0.0013759027371466326,0.17548916616355045,145,False,68,0,24,0,0,0,0,8761,8642,8570,7924,8645,7590,8624,8816,8913,8601,8289,9012,8892,8007,8918,8536,8560,8034,7196,8683,8924,9021,6087,9023,0.0005239637756575154,0.0005835989644562936,0.0003450135784449814,6.612743247887972e-05,4.2493005546612975e-05,1.863362174539769e-05,4.213583971481641e-05,6.063188684946706e-05,8.256530939832081e-05,7.967800951902114e-05,0.00011104200322560484,0.00026671986627839207,0.00026671986627839207,0.00030109292140954364,0.00020624684122923288,6.567371033941406e-05,0.00012886682988054994,9.466034557454397e-05,0.00011827431088033905,0.00020568231018406688,0.00020568231018406688,0.00015013823825765126,9.272694040394126e-05,3.9373258937123266e-05,0.09962070152629662,0.15845959684522665,0.04211818902864072,0.03775458196975298,0.028835497574184802,0.0013759027371466326,0.03134681259943994,0.10489060237440373,0.10393463476325729,0.023616082528165046,0.015773631410988722,0.15175335292273046,0.15175335292273046,0.024778804950189248,0.13734432383881798,0.023274079319225784,0.09544837299131656,0.005410664735778766,0.030058506743713125,0.13815980268694825,0.13815980268694825,0.1409031756040743,0.011550338458905235,0.17548916616355045
376,24,0.00017323395802077096,1.763344520083081e-05,0.0005771151688512854,0.08251684945197689,0.0012612441757177465,0.20997981912970257,146,False,70,0,24,0,0,0,0,8761,8642,8570,7924,8645,7590,8816,8913,8601,8289,9012,8892,8007,8918,8536,8560,8034,7196,9043,8683,8924,9021,6087,9023,0.0005096733429649023,0.0005771151688512854,0.00033024183231531714,6.32188741866849e-05,4.0522628267168294e-05,1.763344520083081e-05,5.90653504410398e-05,8.041054907621695e-05,7.587238363802464e-05,0.00010550634137536948,0.00026326163620508627,0.00026326163620508627,0.00028680534070988923,0.0002027527551957935,6.253097537877684e-05,0.00012520574839782283,8.968065717367112e-05,0.00011282863966868255,0.0002074598318658487,0.0002074598318658487,0.00020224397721826243,0.00014774190086196872,8.800016225498729e-05,3.9121983179939006e-05,0.09131897639910523,0.14525463044145775,0.038608339942920664,0.034608366805606895,0.026432539443002733,0.0012612441757177465,0.09614971884320342,0.09527341519965252,0.021648075650817958,0.014459162126739662,0.1391072401791696,0.1391072401791696,0.022713904537673475,0.12589896351891647,0.021334572709290303,0.08749434190870685,0.004959776007797202,0.02755363118173703,0.20997981912970257,0.20997981912970257,0.12664648579636922,0.12916124430373477,0.010587810253996466,0.1608650689832546
377,24,0.00016897799564728603,1.6686418146122907e-05,0.0005685964958656915,0.08258488977542326,0.0011561404944079342,0.19874071655900677,147,False,69,0,24,0,0,0,0,8761,8642,8570,7924,8645,7590,8816,8913,8601,8289,9012,8892,8007,9061,8536,9063,8034,7196,9043,8683,8924,9021,6087,9023,0.0004946212062947406,0.0005685964958656915,0.0003157919358109197,6.0385009701670645e-05,3.861761593264365e-05,1.6686418146122907e-05,5.739858973788459e-05,7.812227264525683e-05,7.220871004269512e-05,0.00010020974181068336,0.00025892946899745,0.00025892946899745,0.00027303777924638303,0.00020380385914180868,5.950629708167571e-05,0.0001245082894732121,8.495220019687822e-05,0.00010755821297494999,0.00020813688744129687,0.00020813688744129687,0.00019822286204281272,0.0001449064541607184,8.349182058155265e-05,3.871341176907098e-05,0.0837090616991798,0.1331500779046696,0.03539097828101061,0.03172433623847298,0.024229827822752504,0.0011561404944079342,0.08813724227293647,0.0873339639330148,0.019844069346583126,0.013254231949511357,0.1275149701642388,0.1275149701642388,0.020821079159534017,0.19874071655900677,0.019556691650182777,0.16353648008298127,0.0045464613404807685,0.02525749524992561,0.192481500868894,0.192481500868894,0.11609261198000512,0.11839780727842353,0.009705492732830093,0.14745964656798335
378,24,0.00018030932662174934,1.5789787569549077e-05,0.0005583074696068902,0.10268599364838815,0.001059795453207273,0.2655123235124229,148,False,71,0,24,0,0,0,0,8761,9072,8642,8570,7924,8645,7590,8816,8913,8601,8289,9012,8892,9085,9061,9086,9063,8034,7196,9043,8683,8924,9021,9023,0.000491344703535192,0.000491344703535192,0.0005583074696068902,0.00030170229742060224,5.7631603344924996e-05,3.677946170062384e-05,1.5789787569549077e-05,5.5653822697086587e-05,7.573051913127609e-05,6.868722974575569e-05,9.514692389553648e-05,0.00025384304607228093,0.00025384304607228093,0.00020908299251094455,0.00020908299251094455,5.805943528418068e-05,0.00012330020797848238,8.046373791676729e-05,0.00010246805575334391,0.0002077952173972455,0.0002077952173972455,0.00019370823596879207,0.0001416975963707022,3.816553550614491e-05,0.16006663989091482,0.16006663989091482,0.12205423807928045,0.032441730090926386,0.029080641551933566,0.022210675504189793,0.001059795453207273,0.0807924720835251,0.08005613360526356,0.018190396901034533,0.01214971262038541,0.11688872265055222,0.11688872265055222,0.2655123235124229,0.2655123235124229,0.10126030067933423,0.14990844007606616,0.004167589562107371,0.023152703979098473,0.17644137579648617,0.17644137579648617,0.10641822764833803,0.10853132333855489,0.13517134268731806
379,24,0.0001775718860866091,1.4940933484736667e-05,0.0005465035283434693,0.11148993862213356,0.0009714791654400003,0.32671962988638764,149,False,72,0,24,0,0,0,0,8761,9072,8642,8570,7924,9101,7590,9103,8913,8601,9106,9012,8892,9085,9109,9086,9063,8034,7196,9043,8683,8924,9021,9023,0.0004861046111103424,0.0004861046111103424,0.0005465035283434693,0.00028800328715034864,5.496303141545457e-05,3.591187556612141e-05,1.4940933484736667e-05,5.52400120957983e-05,7.326249492925671e-05,6.530722918841222e-05,9.264108410817428e-05,0.000248116962256676,0.000248116962256676,0.00021854822705394552,0.00021854822705394552,5.6501881400380734e-05,0.00012163865250441609,7.620433704584999e-05,9.756125568313468e-05,0.00020652416551076262,0.00020652416551076262,0.00018878418615541948,0.00013817741120318125,3.749613394101159e-05,0.1467277532333386,0.1467277532333386,0.11188305157267374,0.029738252583349185,0.0266572547559391,0.10369311921217399,0.0009714791654400003,0.157393099409898,0.07338478913815827,0.016674530492614987,0.09447056990201996,0.1071479957630062,0.1071479957630062,0.32671962988638764,0.32671962988638764,0.0928219422893897,0.1374160700697273,0.003820290431931757,0.021223311980840265,0.16173792781344565,0.16173792781344565,0.09755004201097651,0.09948704639367531,0.12390706413004156
380,24,0.00017447344948656477,1.4137363815783784e-05,0.0005334273163959517,0.10567133262584466,0.0008905225683200003,0.299492994062522,150,False,73,0,24,0,0,0,0,8761,9072,8642,8570,7924,9101,7590,9103,8913,8601,9130,9012,8892,9085,9109,9086,9063,8034,7196,9043,8683,8924,9021,9023,0.0004791269775868083,0.0004791269775868083,0.0005334273163959517,0.0002747181883231271,5.238245710456249e-05,3.497229426358579e-05,1.4137363815783784e-05,5.4609979087621096e-05,7.074258977534137e-05,6.206719536685463e-05,9.230521407080212e-05,0.00024185927804914233,0.00024185927804914233,0.00022654937256617292,0.00022654937256617292,5.4856304432306415e-05,0.00011958034072396962,7.216339025939174e-05,9.283923868356084e-05,0.0002044172953133264,0.0002044172953133264,0.00018352886894145465,0.00013440376984303877,3.672242955930201e-05,0.1345004404638937,0.1345004404638937,0.10255946394161759,0.027260064868070085,0.024435816859610843,0.09505202594449282,0.0008905225683200003,0.14427700779240651,0.06726939004331174,0.01528498628489707,0.1699313557435183,0.098218996116089,0.098218996116089,0.299492994062522,0.299492994062522,0.08508678043194055,0.12596473089725002,0.0035019328959374437,0.019454702649103574,0.14825976716232517,0.14825976716232517,0.08942087184339513,0.09119645919420237,0.11358147545253809
381,24,0.00017102435327257795,1.3376709287051046e-05,0.0005193060561233622,0.10033761046257983,0.0008163123542933335,0.2745352445573118,151,False,74,0,24,0,0,0,0,8761,9072,8642,8570,7924,9101,7590,9103,8913,9153,9130,9012,8892,9085,9109,9086,9063,8034,7196,9043,8683,8924,9021,9023,0.00047063491812798206,0.00047063491812798206,0.0005193060561233622,0.0002618640796495257,4.989199070359433e-05,3.397496630805855e-05,1.3376709287051046e-05,5.378916209532355e-05,6.819245274645244e-05,6.048565401776503e-05,9.15734688934872e-05,0.00023517053200159063,0.00023517053200159063,0.00023305934371865362,0.00023305934371865362,5.3143390475698856e-05,0.00011718040675215346,6.833063262234632e-05,8.83020164421702e-05,0.00020156952856695994,0.00020156952856695994,0.00017801406202694198,0.00013042995955056747,3.58608260170003e-05,0.12329207042523589,0.12329207042523589,0.0940128419464828,0.02498839279573091,0.022399498787976604,0.08713102378245174,0.0008163123542933335,0.13225392380970596,0.061663607539702424,0.09734457076115566,0.15577040943155845,0.09003407977308159,0.09003407977308159,0.2745352445573118,0.2745352445573118,0.0779962153959455,0.11546766998914584,0.003210105154609323,0.017833477428344943,0.13590478656546473,0.13590478656546473,0.0819691325231122,0.08359675426135217,0.10411635249815991
382,24,0.00016775356066631796,1.2656718352699679e-05,0.0005043498418629525,0.10239280959069817,0.000748286324768889,0.2516573075108692,152,False,73,0,24,0,0,0,0,8761,9072,8642,8570,7924,9101,7590,9175,8913,9153,9130,9180,8892,9085,9109,9086,9063,8034,7196,9043,8683,8924,9021,9023,0.0004608443326692539,0.0004608443326692539,0.0005043498418629525,0.00024945264494355933,4.749283516660883e-05,3.293293323111106e-05,1.2656718352699679e-05,5.4164339583306616e-05,6.563111249353202e-05,5.879848862330677e-05,9.048790280395256e-05,0.0002340269325960674,0.0002340269325960674,0.00023808621311530593,0.00023808621311530593,5.138181662061356e-05,0.00011449152110605119,6.469615283902166e-05,8.394840743848953e-05,0.00019807480160815154,0.00019807480160815154,0.00017230496146278983,0.00012630449900988332,3.4926720476195574e-05,0.1130177312231329,0.1130177312231329,0.08617843845094256,0.02290602672942,0.020532873888978554,0.0798701051339141,0.000748286324768889,0.20456609682556381,0.05652497357806055,0.08923252319772601,0.14278954197892857,0.1658645731253248,0.1658645731253248,0.2516573075108692,0.2516573075108692,0.07149653077961671,0.10584536415671703,0.0029425963917252126,0.016347354309316196,0.12457938768500933,0.12457938768500933,0.07513837147951952,0.07663035807290615,0.09543998978997992
383,24,0.00016461813522943445,1.1975252194619178e-05,0.0004887507005506699,0.10080451990258443,0.0006859291310381483,0.3140191985516301,153,False,74,0,24,0,0,0,0,8761,9072,8642,9195,7924,9101,7590,9175,8913,9153,9130,9180,8892,9205,9109,9086,9063,8034,7196,9043,8683,8924,9021,9023,0.0004499606734424159,0.0004499606734424159,0.0004887507005506699,0.0002436157802701941,4.518541742263297e-05,3.185800345814181e-05,1.1975252194619178e-05,5.425877027994162e-05,6.307512839849477e-05,5.702866089035705e-05,8.909069613563003e-05,0.0002319073846919882,0.0002319073846919882,0.0002479005364885422,0.000241667941225383,4.9588276293383395e-05,0.00011156325234744507,6.12504001280221e-05,7.977623318079849e-05,0.00019402421160734327,0.00019402421160734327,0.00016646017378531034,0.00012207110348885265,3.3934379484512964e-05,0.10359958695453848,0.10359958695453848,0.078996901913364,0.10433052450196834,0.018821801064897007,0.07321426303942126,0.0006859291310381483,0.18751892209010015,0.05181455911322217,0.0817964795979155,0.1308904134806845,0.15204252536488105,0.15204252536488105,0.3140191985516301,0.23068586521829673,0.06553848654798197,0.09702491714365727,0.0026973800257481116,0.014985074783539845,0.11419777204459187,0.11419777204459187,0.06887684052289289,0.07024449490016396,0.08748665730748159
384,24,0.0001621313683863754,1.133027981187535e-05,0.00047268227330681114,0.10629303213292463,0.0006287683701183026,0.28785093200566086,154,False,75,0,24,0,0,0,0,9217,9072,8642,9195,9220,9101,7590,9175,8913,9153,9130,9180,8892,9205,9109,9086,9063,8034,7196,9043,8683,8924,9021,9239,0.0004494771736177727,0.0004494771736177727,0.00047268227330681114,0.00023728429156107104,4.4077685905320854e-05,3.076076005753877e-05,1.133027981187535e-05,5.409445844976847e-05,6.0538761680280055e-05,5.519702167031094e-05,8.742320826933194e-05,0.00022891906602357163,0.00022891906602357163,0.0002560637659134494,0.0002438668761160394,4.777754359291657e-05,0.00010844163703177553,5.798418742166427e-05,7.578249150407602e-05,0.00018950460932863302,0.00018950460932863302,0.00016053185904586284,0.00011776876668693769,3.3745275308024475e-05,0.1782996213749936,0.1782996213749936,0.072413826753917,0.0956363141268043,0.1005866509761556,0.06711307445280282,0.0006287683701183026,0.17189234524925848,0.04749667918712032,0.07498010629808921,0.11998287902396079,0.13937231491780763,0.13937231491780763,0.28785093200566086,0.211462043116772,0.060076946002316806,0.08893950738168582,0.002472598356935769,0.01373631855157819,0.10468129104087588,0.10468129104087588,0.0631371038126518,0.06439078699181697,0.16352943586519147
385,24,0.00015032428947723173,1.0719873220096004e-05,0.00044696036356055004,0.10873891612567312,0.0005763710059417773,0.2638633543385224,155,False,76,0,24,0,0,0,0,9217,9072,9243,9195,9220,9245,7590,9175,8913,9153,9130,9180,8892,9205,9109,9086,9063,8034,7196,9043,8683,8924,9021,9239,0.00044696036356055004,0.00044696036356055004,0.00023650122681284785,0.00023650122681284785,4.288712593548034e-05,3.0415280679128742e-05,1.0719873220096004e-05,5.369511161889246e-05,5.8034157596194775e-05,5.3322309770013137e-05,8.552524096566882e-05,0.0002251687486440402,0.0002251687486440402,0.00026256426138092083,0.00024476434317213125,4.596256596421657e-05,0.00010516892451962755,5.488869149737915e-05,7.196350882706229e-05,0.00018459758626738324,0.00018459758626738324,0.00015456598632918313,0.000113431930359337,3.341778504858728e-05,0.16344131959374414,0.16344131959374414,0.1709999546162373,0.1709999546162373,0.09220443006147597,0.1448536515817359,0.0005763710059417773,0.1575679831451536,0.043538622588193625,0.06873176410658177,0.10998430577196405,0.12775795534132367,0.12775795534132367,0.2638633543385224,0.19384020619037431,0.05507053383545707,0.08152788176654534,0.002266548493857788,0.012591625338946673,0.09595785012080289,0.09595785012080289,0.05787567849493082,0.05902488807583222,0.1499019828764255
386,24,0.00015007226960601789,1.0403769305921057e-05,0.000442611790280644,0.11711309463237096,0.002077669452702972,0.3252080748103122,156,False,78,0,24,0,0,0,0,9217,9072,9266,9220,9245,9270,9175,8913,9153,9130,9180,8892,9205,9277,9109,9086,9063,8034,7196,9043,8683,8924,9021,9239,0.000442611790280644,0.000442611790280644,0.00024074941561348081,4.1630867880250704e-05,2.996296189181809e-05,1.0403769305921057e-05,5.3085299026168e-05,5.557153175827379e-05,5.142119881977967e-05,8.343449075949683e-05,0.0002207605470179121,0.0002207605470179121,0.0002743238755084154,0.0002743238755084154,0.0002444555599251861,4.415457628721589e-05,0.000101783464794938,5.1955450567526106e-05,6.83150732564154e-05,0.00017937880054074549,0.00017937880054074549,0.00014860266919775714,0.00010909071707891351,3.296739768585347e-05,0.1498212096275988,0.1498212096275988,0.24008329173155085,0.08452072755635297,0.13278251394992457,0.0838616734221133,0.14443731788305747,0.03991040403917749,0.06300411709769996,0.10081894695763371,0.11711145906288002,0.11711145906288002,0.3252080748103122,0.3252080748103122,0.17768685567450979,0.050481322682502314,0.07473389161933322,0.002077669452702972,0.011542323227367783,0.08796136261073598,0.08796136261073598,0.05305270528701991,0.0541061474028462,0.1374101509700567
387,24,0.00014844582810547255,1.0075448789642243e-05,0.0004366366223662206,0.11429811452411782,0.0019045303316443912,0.29810740190945284,157,False,76,0,24,0,0,0,0,9217,9072,9266,9220,9245,9270,9175,8913,9153,9130,9180,8892,9205,9277,9109,9086,9063,8034,9306,9043,8683,8924,9310,9239,0.0004366366223662206,0.0004366366223662206,0.0002435802895490008,4.0324530563423174e-05,2.9417738958643255e-05,1.0075448789642243e-05,5.228974662922147e-05,5.315935520140496e-05,4.9508379931041076e-05,8.118616629435524e-05,0.0002157941864834844,0.0002157941864834844,0.0002842466232341322,0.0002842466232341322,0.00024304503367059003,4.236321707194824e-05,9.831971007715238e-05,4.917635978253434e-05,6.650457622897105e-05,0.00017391758620649602,0.00017391758620649602,0.0001426765540547749,0.00010747324591403697,3.240948523393477e-05,0.1373361088252989,0.1373361088252989,0.2200763507539216,0.07747733359332355,0.12171730445409752,0.07687320063693719,0.13240087472613601,0.0365845370359127,0.05775377400622496,0.09241736804449757,0.10735217080764002,0.10735217080764002,0.29810740190945284,0.29810740190945284,0.16287961770163398,0.046274545792293786,0.06850606731772212,0.0019045303316443912,0.09391379629175381,0.08063124905984131,0.08063124905984131,0.04863164651310158,0.1329306351192757,0.12595930505588532
388,24,0.00014685458902591848,9.738408541717799e-06,0.00042923845026675896,0.11171771609155244,0.0017458194706740252,0.2850699881910948,158,False,76,0,24,0,0,0,0,9217,9072,9314,9220,9245,9270,9175,8913,9153,9130,9322,8892,9205,9277,9109,9086,9063,8034,9306,9043,8683,8924,9310,9239,0.00042923845026675896,0.00042923845026675896,0.0002513875525596819,3.898220477946256e-05,2.8793060928979496e-05,9.738408541717799e-06,5.133276546962397e-05,5.080453420721684e-05,4.759666974837928e-05,7.881274571853844e-05,0.0002157889978284615,0.00021036373532294975,0.0002923010816277194,0.0002923010816277194,0.00024064253347198258,4.059667090295165e-05,9.480830424384433e-05,4.654366503938895e-05,6.458742703438588e-05,0.00016827679359555475,0.00016827679359555475,0.0001368172395064844,0.00010552197995742552,3.175899038050244e-05,0.1258914330898573,0.1258914330898573,0.2850699881910948,0.07102088912721326,0.11157419574958939,0.07046710058385909,0.121367468498958,0.033535825616253304,0.05294095950570621,0.08471592070745611,0.18173948990700334,0.09840615657367001,0.2732651184169984,0.2732651184169984,0.14930631622649781,0.04241833364293597,0.0627972283745786,0.0017458194706740252,0.08608764660077432,0.07391197830485453,0.07391197830485453,0.04457900930367645,0.12185308219266938,0.1154626963012282
389,24,0.00014400079139945018,9.395768868504294e-06,0.00042061515520420273,0.11674767574890592,0.001600334514784523,0.3446474891751702,159,False,77,0,24,0,0,0,0,9217,9072,9314,9338,9220,9245,9270,9175,8913,9153,9345,9322,8892,9205,9350,9086,9063,8034,9306,9043,8683,8924,9310,9239,0.00042061515520420273,0.00042061515520420273,0.0002642113053125848,0.0002642113053125848,3.7616475164673715e-05,2.810169706655353e-05,9.395768868504294e-06,5.023780469044098e-05,4.851258202209053e-05,4.5697135278676715e-05,7.831275123451603e-05,0.00021478754949014675,0.00020455673818561975,0.00029849952825318623,0.00024348116036721135,3.886179254900244e-05,9.127623754580487e-05,4.404995543228846e-05,6.258819740453035e-05,0.0001625128127945935,0.0001625128127945935,0.00013104970933128763,0.00010328517607482356,3.103018800468514e-05,0.1154004803323692,0.1154004803323692,0.3446474891751702,0.3446474891751702,0.06510248169994548,0.10227634610379027,0.06459484220187083,0.1112535127907115,0.030741173481565527,0.04852921288023069,0.16098959398183477,0.16659453241475305,0.09020564352586417,0.25049302521558187,0.22019745654095632,0.03888347250602464,0.05756412601003038,0.001600334514784523,0.0789136760507098,0.06775264677944999,0.06775264677944999,0.04086409186170341,0.11169865867661359,0.10584080494279251
390,24,0.00014241000379162702,9.050286809203538e-06,0.0004109557560266341,0.10701870276983043,0.001466973305219146,0.3159268650772393,160,False,77,0,24,0,0,0,0,9217,9072,9314,9338,9220,9245,9270,9175,8913,9153,9345,9322,8892,9205,9350,9086,9063,8034,9306,9043,8683,8924,9310,9239,0.0004109557560266341,0.0004109557560266341,0.0002752629534389046,0.0002752629534389046,3.6238471061368705e-05,2.7355599962275612e-05,9.050286809203538e-06,4.902711704088657e-05,4.62877805317736e-05,4.381922850733397e-05,7.749759301118078e-05,0.0002128857712461114,0.00019845368785415888,0.00030289131286483095,0.0002449758637298808,3.7164239246176024e-05,8.77470475494551e-05,4.168815463398761e-05,6.052910362533353e-05,0.0001566757378553419,0.0001566757378553419,0.00012539476559316574,0.00010080866089648596,3.0236512193677834e-05,0.10578377363800509,0.10578377363800509,0.3159268650772393,0.3159268650772393,0.059677274891616686,0.09375331726180774,0.05921193868504825,0.10198238672481887,0.028179409024768398,0.04448511180687813,0.14757379448334854,0.15271165471352363,0.08268850656537549,0.2296186064476167,0.20184766849587663,0.03564318313052259,0.05276711550919451,0.001466973305219146,0.07233753637981731,0.062106592881162485,0.062106592881162485,0.03745875087322812,0.10239043712022912,0.09702073786422646
391,24,0.00014076642615698726,8.704374528852388e-06,0.00040043812291668326,0.10504492198345568,0.001344725529784217,0.3729329596541361,161,False,81,0,24,0,0,0,0,9217,9072,9386,9338,9220,9245,9270,9175,9392,9153,9345,9322,8892,9205,9350,9086,9063,8034,9306,9043,8683,8924,9310,9239,0.00040043812291668326,0.00040043812291668326,0.00029181586885254775,0.00028447917556544334,3.485793837170881e-05,2.6565816991688186e-05,8.704374528852388e-06,4.7721522881416414e-05,4.527152546852943e-05,4.1970925258175e-05,7.640328167389349e-05,0.00021018195004276656,0.0001921277749034891,0.00030555596489362566,0.00024521617575562867,3.5508596580129684e-05,8.424105051516919e-05,3.9451511454137585e-05,5.843002904038498e-05,0.00015080963507841497,0.00015080963507841497,0.00011986945177810016,9.813533750985198e-05,2.9390439711959574e-05,0.09696845916817133,0.09696845916817133,0.3729329596541361,0.2895996263208027,0.05470416865064863,0.08594054082332377,0.05427761046129423,0.09348385449775062,0.10916445827270438,0.04077801915630495,0.1352759782764028,0.13998568348739665,0.07579779768492753,0.21048372257698197,0.18502702945455357,0.032672917869645705,0.0483698558834283,0.001344725529784217,0.06630940834816587,0.056931043474398944,0.056931043474398944,0.03433718830045911,0.09385790069354336,0.08893567637554092
392,24,0.00013886646800052358,8.360121159676143e-06,0.0003892274381072522,0.10352497478113065,0.0012326650689688655,0.3487996574607358,162,False,84,0,24,0,0,0,0,9217,9072,9411,9338,9220,9245,9270,9175,9392,9153,9345,9322,8892,9205,9350,9086,9063,8034,9306,9043,8683,8924,9430,9239,0.0003892274381072522,0.0003892274381072522,0.00029937057038241277,0.00029937057038241277,3.3483325712234484e-05,2.5742441941802952e-05,8.360121159676143e-06,4.6340258123186433e-05,4.4154677124733824e-05,4.0158864009071724e-05,7.506541196895042e-05,0.00020677411836292827,0.0001856448595083272,0.0003065964319746742,0.0002443030142130368,3.38984981508738e-05,8.077559041268464e-05,3.73335897841517e-05,5.6308594117514764e-05,0.00014495288442763064,0.00014495288442763064,0.00011448745861814333,9.77627701370006e-05,2.850342085898316e-05,0.08888775423749039,0.08888775423749039,0.3487996574607358,0.3487996574607358,0.05014548792976124,0.07877882908804679,0.04975447625618638,0.08569353328960473,0.10006742008331235,0.03737985089327953,0.12400298008670257,0.12832020986344692,0.0694813145445169,0.19294341236223347,0.16960811033334078,0.029950174713841895,0.044339034559809275,0.0012326650689688655,0.060783624319152046,0.05218678985153236,0.05218678985153236,0.03147575594208751,0.16936974230241475,0.0815243700109125
393,24,0.00013691969624274658,8.22613422985928e-06,0.0003774752835626864,0.09837011577159198,0.0011299429798881267,0.31973301933900783,163,False,87,0,24,0,0,0,0,9217,9072,9411,9338,9220,9245,9438,9175,9392,9153,9345,9322,8892,9205,9350,9086,9063,8034,9306,9043,8683,8924,9430,9239,0.0003774752835626864,0.0003774752835626864,0.00031225582902207646,0.00031225582902207646,3.21218793984629e-05,2.4894599144759904e-05,8.22613422985928e-06,4.490089184835337e-05,4.295578995223516e-05,3.838848144202059e-05,7.351846900537997e-05,0.0002027579628645066,0.00017906361558924123,0.0003061327385518628,0.0002423443712081291,3.233673781693424e-05,7.736529543264977e-05,3.5328258106128116e-05,5.418026130155723e-05,0.00013913856851465362,0.00013913856851465362,0.00010925950754864311,9.697250510458865e-05,2.7585849081772988e-05,0.08148044138436619,0.08148044138436619,0.31973301933900783,0.31973301933900783,0.0459666972689478,0.07221392666404289,0.12894160323483753,0.078552405515471,0.09172846840970299,0.03426486331883957,0.1136693984128107,0.117626859041493,0.0636912049991405,0.1768647946653807,0.1554741011388957,0.027454326821021734,0.040644115013158504,0.0011299429798881267,0.05571832229255604,0.047837890697238,0.047837890697238,0.028852776280246885,0.15525559711054684,0.07473067251000312
394,24,0.00013461862369495812,8.067762802080082e-06,0.00036531924131639034,0.09860472254267495,0.0010357810648974493,0.2930886010607572,164,False,88,0,24,0,0,0,0,9217,9072,9411,9220,9461,9438,9175,9392,9153,9345,9322,8892,9205,9469,9350,9086,9472,8034,9306,9043,8683,8924,9430,9239,0.00036531924131639034,0.00036531924131639034,0.0003230548462388542,3.077974288324594e-05,2.465019648560083e-05,8.067762802080082e-06,4.341930026857598e-05,4.169196211230848e-05,3.66641423954795e-05,7.179530289198855e-05,0.00019822521283799165,0.0001724358039573968,0.0003121440313705567,0.0003121440313705567,0.0002394516038096456,3.0825373803810995e-05,7.593136374165037e-05,3.3429678715585715e-05,5.205846392524441e-05,0.00013339488849559744,0.00013339488849559744,0.00010419370857758804,9.580911944154405e-05,2.664706142531489e-05,0.07469040460233567,0.07469040460233567,0.2930886010607572,0.04213613916320215,0.14952943277537267,0.11819646963193439,0.07200637172251509,0.08408442937556107,0.031409458042269606,0.10419694854507647,0.10782462078803524,0.05838360458254545,0.2454593951099323,0.2454593951099323,0.14251792604398772,0.025166466252603256,0.12059043876206196,0.0010357810648974493,0.05107512876817637,0.043851399805801494,0.043851399805801494,0.026448378256892977,0.14231763068466793,0.06850311646750286
395,24,0.00013227619704042422,7.888662640159149e-06,0.00035288290166351306,0.09385988455300759,0.023069260731552983,0.26866455097236075,165,False,91,0,24,0,0,0,0,9217,9072,9411,9220,9461,9438,9175,9392,9153,9345,9322,8892,9205,9469,9350,9086,9472,9497,9306,9043,8683,8924,9430,9239,0.00035288290166351306,0.00035288290166351306,0.00033174231303266684,2.946205723048489e-05,2.4315436666279843e-05,7.888662640159149e-06,4.190968495320683e-05,4.03787729715875e-05,3.4989262614326864e-05,6.992675188074813e-05,0.00019326245680094034,0.0001658066376291515,0.000316290319084646,0.000316290319084646,0.00023573634174394432,2.936582434204003e-05,7.429552764098088e-05,3.2448090976753615e-05,4.995475036401531e-05,0.00012774559056052102,0.00012774559056052102,9.929589079200081e-05,9.431728129462876e-05,2.5695362778905387e-05,0.0684662042188077,0.0684662042188077,0.26866455097236075,0.0386247942329353,0.13706864671075827,0.10834676382927319,0.06600584074563882,0.07707739359426431,0.028792003205413804,0.09551386949965343,0.09883923572236564,0.05351830420066666,0.22500444551743795,0.22500444551743795,0.13064143220698873,0.023069260731552983,0.11054123553189013,0.08428279930948934,0.046818868037495,0.04019711648865137,0.04019711648865137,0.024244346735485228,0.13045782812761228,0.06279452342854429
396,24,0.00012963349164239673,7.692287398297816e-06,0.00034027618600983756,0.08603822750692362,0.0211468223372569,0.2462758383913307,166,False,91,0,24,0,0,0,0,9217,9072,9411,9220,9461,9438,9175,9392,9153,9345,9322,8892,9205,9469,9350,9086,9472,9497,9306,9043,8683,8924,9430,9239,0.00034027618600983756,0.00034027618600983756,0.0003383408763006044,2.8173060025977278e-05,2.3901656340345117e-05,7.692287398297816e-06,4.038462471593924e-05,3.903026913789452e-05,3.33664232773862e-05,6.794139288849753e-05,0.0001879503302511795,0.00015921520869807636,0.000318660746418614,0.000318660746418614,0.0002313079932070553,2.795895479004739e-05,7.249060609395201e-05,3.142780604696983e-05,4.787893634999457e-05,0.0001222103904486684,0.0001222103904486684,9.456990484300462e-05,9.254075548216827e-05,2.47380678158914e-05,0.06276068720057372,0.06276068720057372,0.2462758383913307,0.03540606138019069,0.12564625948486174,0.09931786684350043,0.060505354016835586,0.07065427746140895,0.026392669604962653,0.08755438037468231,0.09060263274550183,0.04905844551727777,0.20625407505765145,0.20625407505765145,0.11975464618973966,0.0211468223372569,0.10132946590423261,0.07725923270036522,0.042917295701037084,0.03684735678126375,0.03684735678126375,0.022223984507528126,0.11958634245031124,0.057561646476165594
397,24,0.0001267278294194907,7.481855581100703e-06,0.00034291355170572145,0.07886837521467997,0.01938458714248549,0.2257528518587198,167,False,91,0,24,0,0,0,0,9217,9072,9411,9220,9461,9438,9175,9392,9153,9345,9322,8892,9205,9469,9350,9086,9472,9497,9306,9043,8683,8924,9430,9239,0.00032759590362139074,0.00032759590362139074,0.00034291355170572145,2.6916180815643584e-05,2.3419869605367354e-05,7.481855581100703e-06,3.885515205727916e-05,3.7658988383263374e-05,3.1797476743268256e-05,6.586539844632373e-05,0.00018236301672104726,0.00015269495186478728,0.00031936726103983984,0.00031936726103983984,0.00022627180647800154,2.660515641195486e-05,7.05472755036357e-05,3.0379779138662332e-05,4.583925988197806e-05,0.0001168053865998131,0.0001168053865998131,9.001789759287058e-05,9.052163115474427e-05,2.378155546003987e-05,0.05753062993385924,0.05753062993385924,0.2257528518587198,0.032455556265174795,0.11517573786112326,0.09104137793987539,0.055463241182099283,0.06476642100629154,0.024193280471215765,0.08025818201012545,0.08305241335004335,0.044970241724171287,0.18906623546951382,0.18906623546951382,0.10977509234059468,0.01938458714248549,0.09288534374554656,0.07082096330866812,0.03934085439261732,0.033776743716158436,0.033776743716158436,0.020371985798567447,0.1096208139127853,0.05276484260315179
398,24,0.00012359649642281295,7.2603300815835345e-06,0.0003455559348810317,0.07229601061345665,0.0177692048806117,0.20694011420382646,168,False,93,0,24,0,0,0,0,9217,9072,9411,9220,9461,9438,9175,9392,9153,9345,9322,8892,9205,9469,9350,9086,9472,9497,9306,9043,8683,8924,9430,9239,0.00031492647391236816,0.00031492647391236816,0.0003455559348810317,2.5694131728653313e-05,2.288059350223785e-05,7.2603300815835345e-06,3.733084652865896e-05,3.6276012140277976e-05,3.028364331096629e-05,6.372248027162368e-05,0.00017656800649764538,0.00014627412482065872,0.00031853814284451204,0.00031853814284451204,0.00022072743064400184,2.530441713443324e-05,6.849385277917302e-05,2.931379132156213e-05,4.3842534476870116e-05,0.00011154345519236125,0.00011154345519236125,8.564055972297603e-05,8.829974880765198e-05,2.2831331599022382e-05,0.0527364107727043,0.0527364107727043,0.20694011420382646,0.02975092657641023,0.10557775970602964,0.08345459644488577,0.05084130441692434,0.05936921925576724,0.022177173765281118,0.07357000017594834,0.0761313789042064,0.04122272158049035,0.17331071584705432,0.17331071584705432,0.10062716797887845,0.0177692048806117,0.08514489843341769,0.0649192163662791,0.03606244985989921,0.030962015073145232,0.030962015073145232,0.01867432031535349,0.10048574608671985,0.048367772386222474
399,24,0.00012043965651058727,7.030408078667726e-06,0.0003463886335616267,0.0732157875067797,0.01628843780722739,0.18969510468684092,169,False,93,0,24,0,0,0,0,9217,9072,9411,9220,9461,9438,9175,9392,9153,9345,9322,8892,9205,9469,9350,9086,9592,9497,9306,9043,8683,8924,9598,9239,0.0003023407576558794,0.0003023407576558794,0.0003463886335616267,2.450899240193931e-05,2.2293721658282386e-05,7.030408078667726e-06,3.581993875307121e-05,3.489103862226128e-05,2.882559905955442e-05,6.153390140882186e-05,0.00017062606161463142,0.00013997629011599084,0.00031631220544716245,0.00031631220544716245,0.00021476791149039064,2.4056384711672798e-05,6.806750024914487e-05,2.8238489829871068e-05,4.1894297610942315e-05,0.00010643462247301819,0.00010643462247301819,8.143734753426032e-05,8.812797182430753e-05,2.189209657653754e-05,0.04834170987497894,0.04834170987497894,0.18969510468684092,0.02727168269504271,0.0967796130638605,0.07650004674114529,0.04660452904884731,0.05442178431778664,0.02032907595150769,0.06743916682795263,0.06978709732885587,0.03778749478211615,0.15886815619313313,0.15886815619313313,0.09224157064730525,0.01628843780722739,0.16138282356396622,0.05950928166908918,0.03305724570490761,0.028381847150383128,0.028381847150383128,0.0171181269557407,0.17544526724615989,0.0443371246873706
400,24,0.00011724653704066477,6.969749303175946e-06,0.0003455502248449727,0.07753113854788139,0.014931067989958439,0.24415816164231324,170,False,93,0,24,0,0,0,0,9217,9072,9411,9220,9461,9605,9175,9607,9153,9345,9322,8892,9205,9469,9350,9086,9592,9497,9306,9043,8683,8924,9622,9239,0.0002899009512378219,0.0002899009512378219,0.0003455502248449727,2.3362288687053847e-05,2.1668439392944853e-05,6.969749303175946e-06,3.43294200723607e-05,3.437675362757618e-05,2.7423555027133697e-05,5.931854095996354e-05,0.00016459134112526325,0.00013382078692057695,0.0003128337677340188,0.0003128337677340188,0.00020847905670585737,2.2860422793858606e-05,6.736640432128976e-05,2.7161444560824737e-05,3.999895211156711e-05,0.00010148641150835532,0.00010148641150835532,7.740668045862969e-05,8.98227523876051e-05,2.0967814714908748e-05,0.04431323405206403,0.04431323405206403,0.17388717929627084,0.024999042470455816,0.08871464530853879,0.15345837617938318,0.0427208182947767,0.13321996895797109,0.01863498628888205,0.06181923625895658,0.06397150588478454,0.03463853688360647,0.1456291431770387,0.1456291431770387,0.08455477309336314,0.014931067989958439,0.14793425493363568,0.054550174863331746,0.03030247522949864,0.026016693221184533,0.026016693221184533,0.01569161637609564,0.24415816164231324,0.04064236429675638
401,24,0.00011417458563660762,6.882667226092918e-06,0.00034319093583799076,0.07801465478000238,0.013686812324128569,0.22381164817212046,171,False,91,0,24,0,0,0,0,9217,9072,9411,9220,9461,9605,9175,9607,9153,9345,9634,8892,9205,9469,9350,9086,9592,9497,9306,9643,8683,8924,9622,9239,0.0002776595076075524,0.0002776595076075524,0.00034319093583799076,2.2255064903961674e-05,2.1013173602870154e-05,6.882667226092918e-06,3.286515387669993e-05,3.375535057271334e-05,2.6077328126616896e-05,5.709299761779056e-05,0.00016259964822031071,0.00012782318424034238,0.0003082484287390839,0.0003082484287390839,0.00020193910646186715,2.1715660430861716e-05,6.642185705853885e-05,2.6089215578005006e-05,3.815989900104366e-05,9.919815379865539e-05,9.670416184431281e-05,7.354611597235481e-05,9.098272446973257e-05,2.006178374454904e-05,0.04062046454772535,0.04062046454772535,0.1593965810215816,0.022915788931251162,0.08132175819949389,0.14067017816443458,0.039160750103545305,0.12211830487814015,0.017082070764808544,0.05666763323737686,0.14197388039438583,0.03175199214330593,0.1334933812456188,0.1334933812456188,0.07750854200224953,0.013686812324128569,0.1356064003558327,0.050004326958054096,0.027777268960373754,0.10718196878608582,0.023848635452752488,0.014383981678087668,0.22381164817212046,0.03725550060536001
402,24,0.00011167143467830977,6.772371861438714e-06,0.0003394671568686532,0.08540232243722441,0.012546244630451188,0.20516067749111042,172,False,93,0,24,0,0,0,0,9217,9648,9411,9220,9461,9605,9175,9607,9656,9345,9634,9659,9205,9469,9350,9086,9592,9497,9306,9643,8683,8924,9622,9239,0.0002725114056640488,0.0002725114056640488,0.0003394671568686532,2.118794962210251e-05,2.0335571068501062e-05,6.772371861438714e-06,3.1431985604195044e-05,3.304227549851458e-05,2.5425643505677938e-05,5.487172037491529e-05,0.000160052407796437,0.00012514196852505651,0.0003026996308080099,0.0003026996308080099,0.00019521864985750726,2.062103555635743e-05,6.526480829980181e-05,2.5027427380461763e-05,3.6379660884905936e-05,9.669722675326196e-05,9.209132160218585e-05,6.985250368713781e-05,9.163397204125445e-05,1.9176702546951096e-05,0.12056875916874825,0.12056875916874825,0.14611353260311646,0.0210061398536469,0.07454494501620272,0.12894766331739838,0.03589735426158319,0.11194177947162848,0.09899189820107451,0.05194533046759545,0.13014272369485366,0.11243932613136377,0.12236893280848389,0.12236893280848389,0.07104949683539541,0.012546244630451188,0.12430586699284665,0.04583729971154959,0.025462496547009272,0.098250138053912,0.021861249165023112,0.01318531653824703,0.20516067749111042,0.03415087555491334
403,24,0.00010893439546594601,6.641999875082912e-06,0.00033453682567539765,0.07828546223412237,0.011500724244580254,0.1880639543668512,173,False,94,0,24,0,0,0,0,9217,9648,9411,9220,9461,9605,9175,9607,9656,9345,9634,9659,9205,9469,9350,9086,9592,9497,9306,9643,8683,8924,9622,9239,0.0002666389056214197,0.0002666389056214197,0.00033453682567539765,2.0161215108665454e-05,1.9642499357493085e-05,6.641999875082912e-06,3.0033849183637764e-05,3.225220216116865e-05,2.4727836513831262e-05,5.2667156816613374e-05,0.00015702385989585217,0.00012216672471784186,0.00029632596231282974,0.00029632596231282974,0.00018838073365463252,1.9575332994117877e-05,6.392525847520573e-05,2.398084654913843e-05,3.4659995438911436e-05,9.40238340178775e-05,8.764971232137216e-05,6.632212041286058e-05,9.180901608499275e-05,1.831473605951264e-05,0.11052136257135256,0.11052136257135256,0.13393740488619008,0.019255628199176325,0.0683328662648525,0.11820202470761518,0.032905908073117926,0.10261329784899277,0.09074257335098497,0.047616552928629166,0.11929749672028252,0.10306938228708346,0.11217152174111023,0.11217152174111023,0.06512870543244578,0.011500724244580254,0.11394704474344276,0.04201752473558712,0.023340621834758497,0.09006262654941934,0.020039478401271186,0.012086540160059776,0.1880639543668512,0.03130496925867056
404,24,0.00010619909058012691,6.662055183795491e-06,0.00032855566796157447,0.08217834038127884,0.0105423305575319,0.19168518931531392,174,False,88,0,24,0,0,0,0,9217,9648,9411,9220,9461,9701,9175,9607,9656,9345,9634,9659,9205,9469,9350,9086,9592,9497,9306,9715,9716,8924,9622,9239,0.00026015978217473827,0.00026015978217473827,0.00032855566796157447,1.9174830697952228e-05,1.8940065148327767e-05,6.662055183795491e-06,2.8673868342158707e-05,3.139887279593499e-05,2.3993677556626638e-05,5.04899112534935e-05,0.00015358536822909918,0.00011894962959453742,0.0002892591297885957,0.0002892591297885957,0.00018148111638470325,1.8577217512520272e-05,6.243179820553918e-05,2.2953460125952665e-05,3.3001998901975104e-05,9.356735820043773e-05,8.553012440406993e-05,6.295078795565709e-05,9.154496499035148e-05,1.747757655167093e-05,0.10131124902373985,0.10131124902373985,0.12277595447900756,0.01765099251591163,0.06263846074278145,0.19168518931531392,0.030163749067024764,0.09406218969491004,0.08318069223840288,0.0436485068512434,0.10935603866025898,0.09448026709649317,0.10282389492935104,0.10282389492935104,0.0597013133130753,0.0105423305575319,0.1044514576814892,0.03851606434095486,0.02139557001519529,0.16589074100363438,0.10170285520116526,0.011079328480054794,0.17239195816961358,0.028696221820448013
405,24,0.0001033666457211438,6.821129214677876e-06,0.00032167424258797584,0.08574681201617228,0.009663803011070908,0.2590447568723711,175,False,84,0,24,0,0,0,0,9217,9648,9411,9220,9461,9725,9175,9607,9728,9729,9634,9659,9205,9469,9350,9086,9592,9497,9306,9715,9716,8924,9622,9239,0.00025318411818809933,0.00025318411818809933,0.00032167424258797584,1.822851041304292e-05,1.8233645491104652e-05,6.821129214677876e-06,2.7354451725943475e-05,3.0494994673250625e-05,2.383120994038467e-05,4.959582069596617e-05,0.00014980445616633164,0.00011553896012573193,0.00028162251783541965,0.00028162251783541965,0.00017456862772273986,1.76252624291212e-05,6.081127745528733e-05,2.1948552717363893e-05,3.1406199745194056e-05,9.272061182732122e-05,8.324593567361698e-05,5.973397534998215e-05,9.088186053357207e-05,1.6666500771804994e-05,0.0928686449384282,0.0928686449384282,0.11254462493909026,0.016180076472918994,0.05741858901421633,0.2590447568723711,0.027650103311439366,0.08622367388700086,0.15958230121853598,0.12334446461363979,0.10024303543857073,0.08660691150511873,0.09425523701857179,0.09425523701857179,0.054726203870319026,0.009663803011070908,0.0957471695413651,0.03530639231254195,0.01961260584726235,0.15206651258666484,0.09322761726773482,0.010156051106716893,0.1580259616554791,0.026304870002077343
406,24,0.00010039727685900338,6.9380863480822636e-06,0.0003140357160137582,0.08207346657038013,0.009309713514490486,0.2374576937996735,176,False,85,0,24,0,0,0,0,9217,9648,9411,9220,9461,9725,9175,9607,9728,9729,9634,9659,9205,9469,9350,9759,9592,9497,9306,9715,9716,8924,9622,9239,0.0002458135269357184,0.0002458135269357184,0.0003140357160137582,1.732175521945747e-05,1.752792821237959e-05,6.9380863480822636e-06,2.6077381201456975e-05,2.955218305811637e-05,2.357385664158173e-05,4.856479498253505e-05,0.00014574413644658768,0.00011197886957798978,0.0002735302511217257,0.0002735302511217257,0.0001676855996065677,1.714912934435228e-05,5.9088585891058794e-05,2.0968780848202016e-05,2.9872642876359085e-05,9.152644490377608e-05,8.083064119879546e-05,5.6666887134928244e-05,8.986124630243124e-05,1.5882422692776673e-05,0.08512959119355917,0.08512959119355917,0.10316590619416607,0.01483173676684241,0.05263370659636497,0.2374576937996735,0.025345928035486083,0.07903836772975079,0.1462837761169913,0.11306575922916981,0.09188944915202317,0.07938966887969216,0.0864006339336908,0.0864006339336908,0.05016568688112577,0.09219181942681501,0.08776823874625134,0.03236419295316345,0.01797822202665715,0.13939430320444277,0.08545864916209024,0.009309713514490486,0.1448571315175225,0.02411279750190423
407,24,9.730536648456987e-05,7.014508028090761e-06,0.00030577427773296757,0.07523401102284845,0.008533904054949611,0.2176695526497007,177,False,86,0,24,0,0,0,0,9217,9648,9411,9220,9461,9725,9175,9607,9728,9729,9634,9659,9205,9469,9350,9759,9592,9497,9306,9715,9716,8924,9622,9239,0.0002381407392420383,0.0002381407392420383,0.00030577427773296757,1.6453890316625775e-05,1.682695832422467e-05,7.014508028090761e-06,2.484389303201747e-05,2.8580941759468597e-05,2.323258397818004e-05,4.741848878576221e-05,0.0001414624898722096,0.00010830930744553024,0.00026508667424760874,0.00026508667424760874,0.00016086834168261007,1.664673490499077e-05,5.728652622249487e-05,2.0016243531217432e-05,2.8400964869406973e-05,9.002754707312229e-05,7.83148230016223e-05,5.374453918186261e-05,8.852496714784415e-05,1.512594176013414e-05,0.0780354585940959,0.0780354585940959,0.09456874734465223,0.013595758702938877,0.04824756438000122,0.2176695526497007,0.023233767365862242,0.07245183708560489,0.13409346144057535,0.10364361262673899,0.08423199505602123,0.07277386313971781,0.07920058110588322,0.07920058110588322,0.04598521297436529,0.08450916780791376,0.08045421885073038,0.029667176873733162,0.016480036857769054,0.1277781112707392,0.07833709506524938,0.008533904054949611,0.13278570389106228,0.022103397710078874
408,24,9.465793994608395e-05,7.052573977981332e-06,0.0002970141038395569,0.07938117677094442,0.007822745383703809,0.20505356190014043,178,False,90,0,24,0,0,0,0,9217,9648,9411,9220,9461,9725,9175,9607,9728,9729,9634,9659,9205,9805,9806,9759,9592,9497,9306,9715,9716,8924,9814,9239,0.00023024948503999842,0.00023024948503999842,0.0002970141038395569,1.5624097882113013e-05,1.6134187894332998e-05,7.052573977981332e-06,2.3654751874548113e-05,2.7590673280290788e-05,2.2818207796786167e-05,4.617721358765193e-05,0.00013701244964458385,0.00010456605281562458,0.00025638617032026884,0.0002629983474364191,0.00015812309339812295,1.6124323877854786e-05,5.5425763279325695e-05,1.909254837334354e-05,2.699046079149077e-05,8.826554688754062e-05,7.572610733700516e-05,5.096182346918658e-05,8.91557041824404e-05,1.4397386679549404e-05,0.07153250371125457,0.07153250371125457,0.08668801839926454,0.012462778811027303,0.044226934015001114,0.19953042326222564,0.02129762008537372,0.06641418399513781,0.1229190063205274,0.09500664490784407,0.07721266213468612,0.06670937454474132,0.07260053268039296,0.1559338660137263,0.12548644522650151,0.07746673715725427,0.07374970061316952,0.027194912134255397,0.015106700452954966,0.11712993533151093,0.07180900380981194,0.007822745383703809,0.20505356190014043,0.020261447900905633
409,24,9.189784333113362e-05,7.054911856384167e-06,0.00028786877720990206,0.07623830092892125,0.007170849935061825,0.18796576507512872,179,False,91,0,24,0,0,0,0,9217,9648,9411,9220,9820,9725,9175,9607,9728,9729,9634,9659,9205,9805,9806,9759,9592,9497,9306,9715,9716,8924,9814,9239,0.00022221460574499348,0.00022221460574499348,0.00028786877720990206,1.4831445680080117e-05,1.5851046705215075e-05,7.054911856384167e-06,2.2510317727174546e-05,2.658971153080818e-05,2.2341187599156273e-05,4.485977735445607e-05,0.00013244175106719535,0.00010078083435524758,0.00024751324644089074,0.0002598925077752683,0.00015492886406713035,1.5587529997168523e-05,5.3524833088678986e-05,1.8198872821811253e-05,2.5640143247138325e-05,8.628031916545782e-05,7.308919864150542e-05,4.831356308567718e-05,8.932333416407259e-05,1.3696854876801148e-05,0.06557146173531668,0.06557146173531668,0.0794640168659925,0.011424213910108361,0.12387468951375102,0.1829028879903735,0.019522818411592577,0.06087966866220965,0.11267575579381678,0.08708942449885705,0.07077827362346228,0.06115025999934621,0.06655048829036021,0.1429393771792491,0.11502924145762639,0.07101117572748308,0.06760389222873872,0.02492866945640078,0.013847808748542051,0.10736910738721835,0.06582492015899427,0.007170849935061825,0.18796576507512872,0.018572993909163497
410,24,8.95124398744434e-05,7.024459550739978e-06,0.00027844107819440596,0.08030177585151115,0.006573279107140006,0.17230195131886797,180,False,92,0,24,0,0,0,0,9841,9648,9411,9220,9820,9725,9175,9607,9728,9729,9634,9659,9205,9805,9806,9855,9592,9497,9306,9715,9716,8924,9814,9239,0.0002196240224707677,0.0002196240224707677,0.00027844107819440596,1.4074911932924168e-05,1.5523831568728353e-05,7.024459550739978e-06,2.1410606091849838e-05,2.55853710576038e-05,2.1811471379155095e-05,4.348339378326501e-05,0.0001277930104052548,9.698151385243128e-05,0.00023854282281493287,0.0002558902954098833,0.00015135519404449143,1.542930074038285e-05,5.160019801491144e-05,1.733602037268334e-05,2.434879427796487e-05,8.410947774741207e-05,7.042597170707589e-05,4.5794558630153436e-05,8.906398263745575e-05,1.302424783140029e-05,0.14344050659070695,0.14344050659070695,0.07284201546049313,0.010472196084265997,0.11355179872093843,0.16766098065784235,0.017895916877293194,0.055806362940358845,0.10328610947766538,0.07983197245728563,0.06488008415484042,0.05605440499940069,0.06100461426616353,0.13102776241431166,0.10544347133615752,0.14842691108352618,0.06197023454301049,0.022851280335034047,0.012693824686163546,0.09842168177161681,0.06033951014574475,0.006573279107140006,0.17230195131886797,0.017025244416733205
411,24,8.975657645548396e-05,6.964343342500416e-06,0.0002757559912288439,0.07785793549432844,0.0060255058482116715,0.15794345537562895,181,False,93,0,24,0,0,0,0,9841,9411,9866,9220,9820,9725,9175,9607,9728,9729,9634,9659,9205,9805,9806,9855,9592,9497,9306,9715,9716,8924,9814,9239,0.00021627227870399274,0.0002757559912288439,0.0002757559912288439,1.3353406836245782e-05,1.5159476164971846e-05,6.964343342500416e-06,2.0355341707668123e-05,2.4584007709119286e-05,2.123838505041117e-05,4.206364808118337e-05,0.0001231039012258504,9.319231391493827e-05,0.00022954067107487037,0.0002511105220724928,0.00014746748822672262,1.5215065220653955e-05,4.966633592761325e-05,1.6504471731137944e-05,2.311501075466772e-05,8.178802876253598e-05,6.775560626951039e-05,4.339962706475798e-05,8.841662010238901e-05,1.237930252969364e-05,0.13148713104148135,0.15010518083878538,0.15010518083878538,0.00959951307724383,0.10408914882752689,0.1536892322696888,0.016404590470852094,0.05115583269532894,0.09467893368785993,0.07317930808584515,0.05947341047527038,0.05138320458278396,0.0559208964106499,0.12010878221311902,0.09665651539147772,0.13605800182656566,0.05680604833109295,0.02094700697378121,0.011636005962316584,0.0902198749573154,0.05531121763359935,0.0060255058482116715,0.15794345537562895,0.015606474048672105
412,24,8.74026406802455e-05,6.8777735189557576e-06,0.0002720549801123483,0.07484199642535662,0.005523380360860699,0.1447815007609932,182,False,93,0,24,0,0,0,0,9841,9411,9866,9891,9820,9725,9175,9607,9728,9729,9634,9659,9205,9805,9806,9855,9592,9497,9306,9715,9716,8924,9814,9239,0.00021225983888429253,0.0002720549801123483,0.0002720549801123483,1.2992440728720916e-05,1.4764488470414468e-05,6.8777735189557576e-06,1.934400626877969e-05,2.35910865625335e-05,2.063056001796075e-05,4.061450741407726e-05,0.00011840740117034371,8.943407386543915e-05,0.00022056395608717212,0.00024566754869137074,0.00014332645795505933,1.4951914515291358e-05,4.773585324335303e-05,1.5704431036082343e-05,2.193724388126503e-05,7.934815921282126e-05,6.509475076104827e-05,4.112363397377368e-05,8.742167053246751e-05,1.1761619309973155e-05,0.12052987012135791,0.1375964157688866,0.1375964157688866,0.09213288698747352,0.09541505309189964,0.14088179624721472,0.015037541264947751,0.046892846637384855,0.08678902254720493,0.06708103241202472,0.05451729293566451,0.04710127086755196,0.05126082170976241,0.11009971702869244,0.08860180577552124,0.12471983500768519,0.052072210970168537,0.019201423059299443,0.010666338798790202,0.08270155204420578,0.05070194949746607,0.005523380360860699,0.1447815007609932,0.014305934544616096
413,24,8.429669437481116e-05,6.767957719351915e-06,0.00026746490458198237,0.07677451113814555,0.005063098664122307,0.21604970903091042,183,False,93,0,24,0,0,0,0,9841,9411,9866,9891,9820,9725,9175,9607,9728,9729,9634,9659,9205,9924,9806,9855,9592,9497,9306,9715,9716,8924,9934,9239,0.00020768347119676624,0.00026746490458198237,0.00026746490458198237,1.2611610898938581e-05,1.4344898358285465e-05,6.767957719351915e-06,1.8375880573249496e-05,2.261125375483996e-05,1.999589253672255e-05,3.914836554282791e-05,0.0001137320865720987,8.572452098425892e-05,0.0002171205842456009,0.0002171205842456009,0.00013898779243233384,1.4646727025003849e-05,4.58196134580532e-05,1.493586734953987e-05,2.0813833404291825e-05,7.681913670379397e-05,6.245770436026418e-05,3.896152008077687e-05,8.834086800396724e-05,1.1170686384936745e-05,0.11048571427791141,0.12613004778814604,0.12613004778814604,0.08445514640518405,0.08746379866757467,0.12914164655994684,0.013784412826202104,0.04298510941760278,0.07955660400160451,0.06149094637768932,0.049974185191025804,0.04317616496192263,0.13032241990061555,0.13032241990061555,0.08121832196089446,0.11432651542371142,0.04773286005598782,0.01760130447102449,0.00977747723222435,0.07580975604052195,0.046476787039343895,0.005063098664122307,0.21604970903091042,0.013113773332564754
414,24,7.921732427268463e-05,6.638031363874317e-06,0.0002621091175975941,0.08239002035810239,0.004641173775445448,0.2813788999450012,184,False,91,0,24,0,0,0,0,9841,9411,9866,9891,9820,9725,9175,9607,9944,9729,9634,9659,9205,9950,9806,9855,9592,9497,9306,9715,9716,8924,9958,9239,0.00020263489686840882,0.0002621091175975941,0.0002621091175975941,1.2215646070902141e-05,1.3906227626222118e-05,6.638031363874317e-06,1.7450081561948517e-05,2.1648409580788624e-05,1.984034522538236e-05,3.7676112615778766e-05,0.00010910245646249673,8.207854699324063e-05,0.00021302290089698353,0.00013797081300408849,0.00013797081300408849,1.4306061860792515e-05,4.392687439834007e-05,1.4198551670772588e-05,1.9743037085508184e-05,7.422729803065901e-05,5.9856608621128644e-05,3.690832278474626e-05,9.106961029386893e-05,1.0605901329223156e-05,0.10127857142141879,0.1156192104724672,0.1156192104724672,0.07741721753808538,0.08017514877861011,0.11837984267995126,0.012635711757351929,0.03940301696613588,0.15626022033480413,0.05636670084621521,0.045809669758440315,0.03957815121509574,0.11946221824223091,0.1577834617974866,0.1577834617974866,0.1047993058050688,0.043755121717988836,0.016134529098439113,0.00896268746287232,0.06949227637047846,0.042603721452731905,0.004641173775445448,0.2813788999450012,0.012020958888184358
415,24,7.724345365038312e-05,6.4910038791842165e-06,0.00025610548881744357,0.07552418532826054,0.004254409294158327,0.2579306582829178,185,False,93,0,24,0,0,0,0,9841,9411,9866,9891,9820,9725,9175,9607,9944,9729,9634,9659,9205,9950,9806,9855,9592,9497,9306,9715,9716,8924,9958,9239,0.00019719984264560987,0.00025610548881744357,0.00025610548881744357,1.1808811953900781e-05,1.3453478271910752e-05,6.4910038791842165e-06,1.656559470465462e-05,2.0705780839683652e-05,1.960783589407074e-05,3.620722251193802e-05,0.00010453927121345586,7.850848203637412e-05,0.00020836776152748307,0.00013641211841465052,0.00013641211841465052,1.3936082046925543e-05,4.20654288458339e-05,1.349208977228671e-05,1.8723055958372095e-05,7.159610670079692e-05,5.7301641849734683e-05,3.4959193390812e-05,9.321239928751634e-05,1.0066589814463066e-05,0.09283869046963389,0.10598427626642827,0.10598427626642827,0.07096578274324493,0.0734938863803926,0.10851485578995532,0.0115827357775726,0.036119432218957886,0.14323853530690378,0.05166947577569727,0.04199219727857029,0.03627997194717109,0.10950703338871166,0.14463483998102936,0.14463483998102936,0.09606603032131306,0.0401088615748231,0.014789985006902519,0.008215796840966294,0.06370125333960525,0.03905341133167091,0.004254409294158327,0.2579306582829178,0.011019212314168993
416,24,7.523636677827859e-05,6.329719050815488e-06,0.000249564969590747,0.07617494766201659,0.0038998751863117995,0.23643643675934128,186,False,94,0,24,0,0,0,0,9841,9411,9866,9891,9820,9725,9175,9607,9944,9729,9634,9995,9205,9950,9806,9855,9592,9497,9306,9715,9716,8924,9958,10007,0.00019145743611079707,0.000249564969590747,0.000249564969590747,1.1394917960264953e-05,1.2991135208414162e-05,6.329719050815488e-06,1.5721302178018638e-05,1.9785990935195412e-05,1.9307502945393903e-05,3.474985146828118e-05,0.00010005989430505942,7.695923216019873e-05,0.00020324683088008676,0.0001343752390556373,0.0001343752390556373,1.3542503343490203e-05,4.0241744420304055e-05,1.2815951174755723e-05,1.7752055848188974e-05,6.894626206018829e-05,5.480121101683436e-05,3.310941063368397e-05,9.478106600620591e-05,9.798367679740383e-06,0.08510213293049773,0.09715225324422591,0.09715225324422591,0.06505196751464118,0.06736939584869321,0.09947195114079237,0.010617507796108216,0.03310947953404473,0.1313019906979951,0.047363686127722494,0.038492847505356094,0.11658997428490683,0.10038144727298569,0.1325819366492769,0.1325819366492769,0.08806052779453696,0.03676645644358784,0.013557486256327309,0.007531147104219102,0.05839281556130481,0.035798960387365,0.0038998751863117995,0.23643643675934128,0.09343427795465492
417,24,7.325782006733893e-05,6.156827647136684e-06,0.00024259062487426162,0.07329925757907077,0.003574885587452483,0.2167334003627295,187,False,96,0,24,0,0,0,0,9841,9411,9866,9891,9820,9725,9175,9607,9944,9729,9634,9995,9205,9950,10022,9855,9592,9497,9306,9715,9716,8924,9958,10007,0.0001854798850293106,0.00024259062487426162,0.00024259062487426162,1.0977332685196603e-05,1.2523180049716471e-05,6.156827647136684e-06,1.4916007260149155e-05,1.889112666439799e-05,1.8948313561358965e-05,3.331094293912608e-05,9.567862847913447e-05,7.521692422300908e-05,0.00019774566807504793,0.0001319226598584302,0.00013532493382479877,1.3130564511582197e-05,3.8461099650448195e-05,1.2169494584654025e-05,1.682818559504122e-05,6.629584529460454e-05,5.236213735719271e-05,3.135439102128855e-05,9.579765462083744e-05,9.514628935149231e-06,0.07801028851962291,0.08905623214054041,0.08905623214054041,0.05963097022175441,0.061755279527968776,0.09118262187905966,0.009732715479765864,0.030350356239541,0.12036015813982885,0.04341671228374562,0.035285110213243084,0.10687414309449793,0.09201632666690354,0.12153344192850381,0.20486677526183716,0.08072215047832555,0.033702585073288854,0.0124276957349667,0.006903551512200843,0.05352674759786274,0.032815713688417916,0.003574885587452483,0.2167334003627295,0.08564808812510034
418,24,7.128638922208128e-05,5.974770421797866e-06,0.00023527705726138275,0.07413543055859265,0.006328255552850773,0.19867228366583536,188,False,98,0,24,0,0,0,0,9841,9411,9866,9891,9820,9725,9175,9607,9944,9729,9634,10043,9205,9950,10022,9855,9592,9497,9306,9715,9716,10053,9958,10007,0.00017933238584238746,0.00023527705726138275,0.00023527705726138275,1.055900572713106e-05,1.2053113059944935e-05,5.974770421797866e-06,1.4148455341819994e-05,1.802280098327691e-05,1.8538902584798552e-05,3.18963347076979e-05,9.140703986494042e-05,7.520504564284378e-05,0.00019194315035468183,0.00012911466712743058,0.0001355722778996013,1.2705015061754845e-05,3.672771402717231e-05,1.15519901154202e-05,1.594959237846761e-05,6.36604900620888e-05,4.998983293231585e-05,3.0455391161570934e-05,9.629227207035422e-05,9.218979439687888e-06,0.07150943114298766,0.08163487946216204,0.08163487946216204,0.05466172270327488,0.05660900623397137,0.08358407005580469,0.008921655856452042,0.027821159886245915,0.11033014496150978,0.03979865292676682,0.03234468436213949,0.1813012978366231,0.08434829944466157,0.11140565510112849,0.18779454399001738,0.07399530460513175,0.030894036317181447,0.011392054423719473,0.006328255552850773,0.04906618529804084,0.030081070881049755,0.08661031178849812,0.19867228366583536,0.07851074744800865
419,24,6.801996582901772e-05,5.785769668097539e-06,0.00022771015181803446,0.07980812173216488,0.005800900923446541,0.18211626002701575,189,False,97,0,24,0,0,0,0,9841,9411,9866,9891,9820,9725,9175,9607,9944,9729,9634,10043,9205,9950,10022,9855,9592,9497,9306,10076,10077,10053,9958,10007,0.000173073211783968,0.00022771015181803446,0.00022771015181803446,1.0142493825157272e-05,1.1583980815940873e-05,5.785769668097539e-06,1.3417351926667824e-05,1.7182211315927754e-05,1.808745252865159e-05,3.0510865194709497e-05,8.725426557771686e-05,7.484684208146698e-05,0.00018591117661989075,0.00012600848490532056,0.00013517215922103105,1.2270116868598523e-05,3.5044870540567826e-05,1.0962638602999106e-05,1.5114434504207704e-05,4.891834776063947e-05,3.0278241199062232e-05,3.0278241199062232e-05,9.630104271720035e-05,8.91467740347233e-06,0.06555031188107202,0.0748319728403152,0.0748319728403152,0.050106579144668636,0.051891589047807093,0.07661873088448763,0.008178184535081038,0.025502729895725423,0.1011359662147173,0.03648209851620292,0.029649293998627865,0.16619285635023784,0.07731927449093977,0.10212185050936777,0.17214499865751592,0.06782902922137077,0.028319533290749658,0.010442716555076184,0.005800900923446541,0.11090764830762895,0.16272611913945662,0.16272611913945662,0.18211626002701575,0.07196818516067459
420,24,6.604434413209358e-05,5.591827633521363e-06,0.00021996707630256442,0.07315744492115114,0.005317492513159329,0.16693990502476444,190,False,100,0,24,0,0,0,0,9841,9411,9866,9891,9820,9725,9175,9607,9944,9729,9634,10043,9205,9950,10022,9855,9592,9497,9306,10076,10077,10053,9958,10007,0.0001667539371690233,0.00021996707630256442,0.00021996707630256442,9.729989658909328e-06,1.1118407562028955e-05,5.591827633521363e-06,1.2721377963714211e-05,1.637019319360677e-05,1.7601609502015932e-05,2.9158476690164004e-05,8.322730183878402e-05,7.417578524209255e-05,0.00017971459606078402,0.00012265766498290379,0.00013418375987932658,1.1829656444308904e-05,3.341502976729556e-05,1.0400588311818724e-05,1.4320891976690416e-05,4.7734833390033986e-05,2.997765189854606e-05,2.997765189854606e-05,9.586423832151223e-05,8.604637179490322e-06,0.06008778589098268,0.06859597510362227,0.06859597510362227,0.04593103088261292,0.04756728996048983,0.07023383664411366,0.007496669157157618,0.023377502404414968,0.09270796903015752,0.033441923639852676,0.02717851949874221,0.15234345165438468,0.07087600161669479,0.09361169630025379,0.15779958210272294,0.062176610119589866,0.025959572183187184,0.009572490175486502,0.005317492513159329,0.1016653442819932,0.14916560921116856,0.14916560921116856,0.16693990502476444,0.06597083639728504
421,24,6.406042811077844e-05,5.394730277361725e-06,0.00021211647855442196,0.07400543562216633,0.004874368137062718,0.22006847511023786,191,False,100,0,24,0,0,0,0,9841,9411,9866,9891,9820,9725,9175,9607,9944,9729,9634,10043,9205,9950,10022,9855,9592,9497,9306,10076,10125,10053,9958,10007,0.0001604197606478514,0.00021211647855442196,0.00021211647855442196,9.323351987585475e-06,1.0658628625796534e-05,5.394730277361725e-06,1.2059202826227528e-05,1.558726917725347e-05,1.708842966449121e-05,2.7842313882488847e-05,7.933127089417005e-05,7.322614060060256e-05,0.00017341131267900776,0.00011911169313471227,0.00013266844770103123,1.1386965099532786e-05,3.183993501916669e-05,9.86494930934255e-06,1.3567175146664574e-05,4.645952695098435e-05,3.0330073861535553e-05,3.0330073861535553e-05,9.502462624740192e-05,8.291439955094502e-06,0.05508047040006746,0.06287964384498708,0.06287964384498708,0.04210344497572851,0.04360334913044901,0.06438101692377085,0.006871946727394483,0.021429377204047053,0.08498230494431105,0.03065509666986495,0.024913642873847022,0.13964816401651928,0.06496966814863689,0.08581072160856597,0.144649616927496,0.056995225942957375,0.02379627450125492,0.008774782660862627,0.004874368137062718,0.09319323225849376,0.22006847511023786,0.22006847511023786,0.15302824627270073,0.06047326669751129
422,24,6.806605854295794e-05,5.196055047297592e-06,0.00020421883058215572,0.06885884766553577,0.004468170792307492,0.20172943551771802,192,False,99,0,24,0,0,0,0,9841,9411,9866,9891,9820,9725,9175,9607,9944,9729,9634,10043,9205,10140,9950,10022,9855,9592,9497,9306,10076,10125,9958,10007,0.00015410989627723324,0.00020421883058215572,0.00020421883058215572,8.92413609464219e-06,1.0206524608338236e-05,5.196055047297592e-06,1.1429495222142254e-05,1.4833693141856064e-05,1.6554350961478173e-05,2.656481658661787e-05,7.556966596383634e-05,7.203206232775609e-05,0.00017136079272713357,0.00017136079272713357,0.0001154157749347861,0.00013068800901399686,1.0944944650766597e-05,3.0320708405002886e-05,9.354805767613433e-06,1.2851531691622995e-05,4.511111750105659e-05,3.0515164328304617e-05,9.382605641225935e-05,7.977349475804412e-06,0.05049043120006184,0.057639673524571486,0.057639673524571486,0.03859482456108446,0.039969736702911596,0.05901593218012328,0.006299284500111609,0.019643595770376464,0.0779004461989518,0.028100505280709537,0.022837505967693104,0.12801081701514266,0.14288886246958382,0.14288886246958382,0.07865982814118547,0.132595482183538,0.05224562378104426,0.021813251626150342,0.008043550772457407,0.004468170792307492,0.08542712957028593,0.20172943551771802,0.14027589241664232,0.055433827806052015
423,24,6.60360732805578e-05,4.997181546563155e-06,0.00019632687660566103,0.06659283258229666,0.0040958232262818675,0.18491864922457485,193,False,99,0,24,0,0,0,0,9841,9411,9866,9891,9820,9725,9175,9607,9944,9729,9634,10043,9205,10140,9950,10022,9855,9592,10170,9306,10076,10125,9958,10007,0.00014785800688943347,0.00019632687660566103,0.00019632687660566103,8.533623752876967e-06,9.76365535998822e-06,4.997181546563155e-06,1.0830932293542941e-05,1.4109490090902755e-05,1.6005185246280186e-05,2.5327805994279134e-05,7.194457417930469e-05,7.062686922823134e-05,0.0001687195365261934,0.0001687195365261934,0.0001116107668281312,0.00012830321488792377,1.0506096740297536e-05,2.8857937913596325e-05,9.09796301074809e-06,1.2172252157526396e-05,4.3706667925008086e-05,3.054408702621808e-05,9.231229016337302e-05,7.664331235453077e-06,0.04628289526672335,0.05283636739752386,0.05283636739752386,0.03537858918099409,0.036638925311002296,0.05409793783177967,0.005774344125102308,0.018006629456178425,0.07140874234903914,0.025758796507317074,0.020934380470385344,0.11734324893054744,0.13098145726378516,0.13098145726378516,0.07210484246275334,0.12154585866824316,0.04789182179929057,0.01999548065730448,0.09070658820808597,0.0040958232262818675,0.07830820210609543,0.18491864922457485,0.12858623471525546,0.05081434215554768
424,24,6.394132207090658e-05,4.79930415126801e-06,0.00018848614963593756,0.06104342986710528,0.0037545046240917116,0.1695087617891936,194,False,100,0,24,0,0,0,0,9841,9411,9866,9891,9820,9725,9175,9607,9944,9729,9634,10043,9205,10140,9950,10022,9855,9592,10170,9306,10076,10125,9958,10007,0.00014169265930821472,0.00018848614963593756,0.00018848614963593756,8.152852132892607e-06,9.33129300425066e-06,4.79930415126801e-06,1.0262207136476638e-05,1.3414491730987054e-05,1.5446126375149194e-05,2.413256410024751e-05,6.845687800375375e-05,6.90424874559178e-05,0.0001655658779276152,0.0001655658779276152,0.00010773322139605311,0.0001255726992826989,1.0072554205124295e-05,2.745175581123914e-05,8.827759378478273e-06,1.1527674263770295e-05,4.2261591294919956e-05,3.0429420028082996e-05,9.052606166741487e-05,7.3540738477124895e-06,0.042425987327829734,0.04843333678106354,0.04843333678106354,0.03243037341591125,0.03358568153508543,0.04958977634579803,0.0052931487813437815,0.016506077001496887,0.06545801381995255,0.023612230131707317,0.019189848764519898,0.10756464485300182,0.12006633582513639,0.12006633582513639,0.06609610559085723,0.11141703711255622,0.04390083664934969,0.01832919060252911,0.08314770585741213,0.0037545046240917116,0.07178251859725414,0.1695087617891936,0.11787071515565083,0.04657981364258537
425,24,6.191901915817437e-05,4.603445810865619e-06,0.00018073552787784193,0.0663731440448465,0.0034416292387507356,0.23871636497342746,195,False,98,0,24,0,0,0,0,9841,9411,9866,9891,9820,9725,9175,10207,9944,9729,9634,10211,9205,10140,9950,10022,9855,9592,10170,9306,10076,10221,9958,10007,0.0001356377854057704,0.00018073552787784193,0.00018073552787784193,7.782641249521122e-06,8.910453481522445e-06,4.603445810865619e-06,9.722034947815362e-06,1.3077147384275688e-05,1.4881770404050903e-05,2.2979906211796655e-05,6.510643601082499e-05,6.904493627451037e-05,0.0001619752110455831,0.0001619752110455831,0.00010381551949303723,0.00012255211881746487,9.646113259340107e-06,2.6101908776399527e-05,8.547464868212675e-06,1.0916186149278753e-05,4.07896699777411e-05,3.0963077940914026e-05,8.850835391846943e-05,7.048011567523508e-06,0.03889048838384392,0.04439722538264158,0.04439722538264158,0.029727842297918642,0.03078687474049498,0.04545729498364819,0.004852053049565133,0.09846390391803882,0.0600031793349565,0.021644544287398374,0.017590694700809907,0.18193425778191835,0.11006080783970836,0.11006080783970836,0.06058809679161912,0.1021322840198432,0.040242433595237215,0.016801758052318348,0.07621873036929445,0.0034416292387507356,0.06580064204748295,0.23871636497342746,0.10804815555934659,0.042698162505703255
426,24,6.003238706665404e-05,4.41047241998716e-06,0.00017310780819625616,0.0677864931522204,0.0031548268021881743,0.21882333455897518,196,False,100,0,24,0,0,0,0,9841,9411,9866,10227,9820,9725,9175,10207,9944,9729,9634,10211,9205,10237,9950,10022,9855,9592,10170,9306,10076,10221,9958,10007,0.00012971313680642835,0.00017310780819625616,0.00017310780819625616,7.6150741878533465e-06,8.50192625442304e-06,4.41047241998716e-06,9.209157983174454e-06,1.2716364240767918e-05,1.4316144573701833e-05,2.1870246638042684e-05,6.18922441571592e-05,6.87282570454846e-05,0.00015801895066334235,0.00016209424570827024,9.988606580865494e-05,0.00011929355926182409,9.228265538181147e-06,2.4807820278331264e-05,8.260023880065394e-06,1.0336228715934772e-05,3.930310720155434e-05,3.1315168303012424e-05,8.6297866387333e-05,6.747347153658121e-06,0.03564961435185693,0.04069745660075478,0.04069745660075478,0.11058385543975877,0.028221301845453732,0.041669187068344174,0.004447715295434705,0.09025857859153558,0.055002914390376786,0.01984083226344851,0.016124803475742414,0.16677306963342514,0.10088907385306599,0.18422240718639932,0.05553908872565086,0.09362126035152293,0.03688889746230078,0.015401611547958485,0.06986716950518658,0.0031548268021881743,0.060317255210192704,0.21882333455897518,0.0990441425960677,0.03913998229689465
427,24,5.8286295165069175e-05,4.221107285322642e-06,0.00016990186959566164,0.06908206316731315,0.002891924568672493,0.20058805667906057,197,False,100,0,24,0,0,0,0,9841,9411,10250,10227,9820,9725,9175,10207,9944,9729,9634,10211,9205,10237,9950,10022,10264,9592,10170,9306,10076,10221,9958,10007,0.00012393472424760774,0.00016563027905115002,0.00016990186959566164,7.4301637078465825e-06,8.106301952731424e-06,4.221107285322642e-06,8.722349489046399e-06,1.2337148212216926e-05,1.375274230978772e-05,2.080365779295508e-05,5.881257884523715e-05,6.812312783343272e-05,0.00015376380533402417,0.00016145423143189692,9.59695281836121e-05,0.00011584515235812084,9.047702241445153e-06,2.3568645755551427e-05,7.968061189564653e-06,9.786297206123833e-06,3.781260226199918e-05,3.1495284304987365e-05,8.393064891640454e-05,6.453074454933962e-06,0.03267881315586885,0.03730600188402521,0.12063933521735856,0.1013685341531122,0.02586952669166592,0.03819675481264882,0.00407707235414848,0.08273703037557427,0.05041933819117872,0.018187429574827798,0.01478106985276388,0.1528753138306397,0.09248165103197716,0.16887053992086604,0.050910831331846616,0.08581948865556269,0.11714815600710905,0.014118143918961944,0.06404490537975437,0.002891924568672493,0.05529081727600998,0.20058805667906057,0.09079046404639539,0.035878317105486765
428,24,5.648046775906892e-05,4.035945326913357e-06,0.00016624384583650213,0.06332522457003704,0.002650930854616452,0.18387238528913885,198,False,100,0,24,0,0,0,0,9841,9411,10250,10227,9820,9725,9175,10207,9944,9729,9634,10211,9205,10237,9950,10022,10264,9592,10170,9306,10076,10221,9958,10007,0.00011831523525279623,0.0001583252796936813,0.00016624384583650213,7.2310547579264645e-06,7.723997842785452e-06,4.035945326913357e-06,8.26041675331719e-06,1.1944051409489566e-05,1.3194561967296588e-05,1.977992304070207e-05,5.586512315936582e-05,6.72609922529516e-05,0.00014927131606717143,0.00016012672573378887,9.208710453120598e-05,0.00011225086733356412,8.844250657410627e-06,2.2383321172394258e-05,7.673893760926987e-06,9.26494213381543e-06,3.6327441978711476e-05,3.151505925893546e-05,8.143987603235785e-05,6.166000263643662e-06,0.029955578726213107,0.034197168393689775,0.11058605728257868,0.09292115630701951,0.02371373280069376,0.03501369191159475,0.0037373163246361063,0.07584227784427641,0.04621772667524716,0.016671810443592148,0.013549314031700222,0.14013570434475306,0.0847748467793124,0.15479799492746052,0.04666826205419273,0.07866786460093246,0.1073858096731833,0.012941631925715116,0.058707829931441496,0.002650930854616452,0.05068324916967581,0.18387238528913885,0.0832245920425291,0.0328884573466962
429,24,5.464020623449469e-05,3.855466750089539e-06,0.00016220718555070903,0.06152034474475618,0.0034258732975830973,0.16854968651504393,199,False,100,0,24,0,0,0,0,9841,9411,10250,10227,9820,9725,9175,10207,9944,9729,9634,10211,9205,10237,9950,10022,10264,9592,10170,10315,10076,10221,9958,10007,0.00011286442591384438,0.000151210736070131,0.00016220718555070903,7.02065054413186e-06,7.355281088245189e-06,3.855466750089539e-06,7.822203401135226e-06,1.1541170308028681e-05,1.2644147499609897e-05,1.879858367343418e-05,5.3047077686778406e-05,6.617322175449258e-05,0.0001445976147900596,0.00015818539856287889,8.825680439483696e-05,0.00010855044371692165,8.62176671458365e-06,2.125060553396811e-05,7.379546747777995e-06,8.996967063037305e-06,3.485560234163438e-05,3.138754759498997e-05,7.885573681373014e-05,5.886765112824031e-06,0.027459280499028682,0.03134740436088229,0.10137055250903046,0.08517772661476788,0.021737588400635943,0.03209588425229519,0.0034258732975830973,0.06952208802392004,0.04236624945230989,0.015282492906626135,0.012420204529058537,0.1284577289826903,0.0777102762143697,0.1418981620168388,0.042779240216343335,0.07211220921752141,0.09843699220041802,0.011863162598572188,0.05381551077048804,0.08576335328339843,0.04645964507220282,0.16854968651504393,0.07628920937231834,0.03014775256780485
430,24,5.276914415332421e-05,3.6800500039174236e-06,0.00015786054655777716,0.05639364934935983,0.003140383856117839,0.15450387930545692,200,False,100,0,24,0,0,0,0,9841,9411,10250,10227,9820,9725,9175,10207,9944,9729,9634,10211,9205,10237,9950,10022,10264,9592,10170,10315,10076,10221,9958,10007,0.00010758948428381656,0.00014430066686993396,0.00015786054655777716,6.801600679813789e-06,7.00028983053227e-06,3.6800500039174236e-06,7.406591047614612e-06,1.1132154644256865e-05,1.210362962898619e-05,1.785898044696103e-05,5.035525732260014e-05,6.489044450127976e-05,0.00013979335990116186,0.00015570400830440282,8.449373496691493e-05,0.00010477943524683531,8.38383909733731e-06,2.016911792724925e-05,7.0867723053342226e-06,8.717684397934643e-06,3.340385548581919e-05,3.112667610105635e-05,7.620541732629659e-05,5.615862801948711e-06,0.025171007124109624,0.0287351206641421,0.09292300646661125,0.07807958273020389,0.019926122700582947,0.02942122723127059,0.003140383856117839,0.06372858068859337,0.0388357286646174,0.014008951831073957,0.011385187484970326,0.11775291823413278,0.07123441986317222,0.13007331518210222,0.03921430353164806,0.06610285844939463,0.09023390951704985,0.010874565715357838,0.049330884872947366,0.07861640717644856,0.04258800798285258,0.15450387930545692,0.06993177525795848,0.027635439853821112
431,24,5.1306822586723786e-05,3.509983906296214e-06,0.00015722005996420435,0.06416413205680761,0.0028786852014413525,0.19127350838128837,201,False,99,0,24,0,0,0,0,9841,9411,10346,10250,10227,10348,9725,9175,10207,9944,9729,9634,10355,9205,9950,10022,10264,9592,10170,10315,10076,10221,9958,10007,0.00010249536420993357,0.00013760565555505242,0.00015722005996420435,0.00015722005996420435,6.5762977549838975e-06,6.83078854000319e-06,3.509983906296214e-06,7.012500404971151e-06,1.0720224346462481e-05,1.157476643457112e-05,1.6960290115170328e-05,4.7786175413781075e-05,6.50781923560864e-05,0.0001349038104544946,8.081038379613144e-05,0.00010096933829526858,8.133767552927356e-06,1.9137369633091408e-05,6.797070093287575e-06,8.430178698484232e-06,3.1977878185744145e-05,3.0746772842572375e-05,7.351315504204112e-05,5.35365852160732e-06,0.023073423197100488,0.02634052727546359,0.168512755927727,0.168512755927727,0.07157295083602024,0.1015989458088677,0.026969458295331372,0.0028786852014413525,0.05841786563121058,0.03559941794256595,0.012841539178484459,0.010436421861222797,0.19127350838128837,0.06529821820790786,0.03594644490401072,0.06059428691194508,0.0827144170572957,0.009968351905744684,0.04521997780020175,0.07206503991174451,0.039039007317614866,0.14162855603000218,0.06410412731979527,0.02533248653266935
432,24,4.971679004626216e-05,3.345478866760492e-06,0.0001559117432733506,0.06228934327429586,0.009137655913599293,0.17533404934951433,202,False,100,0,24,0,0,0,0,9841,9411,10346,10250,10227,10348,9725,10375,10207,9944,9729,9634,10355,9205,9950,10022,10264,9592,10170,10315,10076,10221,9958,10007,9.758508944840977e-05,0.0001311332860997146,0.0001559117432733506,0.0001559117432733506,6.346880507746716e-06,6.648170313055052e-06,3.345478866760492e-06,6.8101083768778015e-06,1.0308192208450441e-05,1.1058982559389848e-05,1.610155740449622e-05,4.533611653247229e-05,6.49493830057848e-05,0.00012996900526638337,7.721689243277438e-05,9.714778199897837e-05,7.874552595467446e-06,1.815379182404262e-05,6.5117085766818256e-06,8.137209419011822e-06,3.058235896358846e-05,3.026217535048055e-05,7.080034729816161e-05,5.100405514862218e-06,0.021150637930675446,0.02414548333584162,0.15447002626708306,0.15447002626708306,0.06560853826635188,0.09313236699146206,0.02472200343738709,0.08597212810132125,0.053549710161943036,0.03263279978068545,0.011771410913610754,0.00956672003945423,0.17533404934951433,0.059856700023915535,0.03295090782867649,0.05554476300261632,0.07582154896918772,0.009137655913599293,0.0414516463168516,0.06605961991909913,0.03578575670781362,0.12982617636083532,0.05876211670981233,0.023221445988280236
433,24,4.8138834183335776e-05,3.186677177559126e-06,0.0001540073692413484,0.06057078689032677,0.008376184587466019,0.16072287857038814,203,False,100,0,24,0,0,0,0,9841,9411,10346,10250,10227,10348,9725,10375,10207,9944,9729,10403,10355,9205,9950,10022,10264,9592,10170,10315,10076,10221,9958,10007,9.28600286537112e-05,0.00012488854162899526,0.0001540073692413484,0.0001540073692413484,6.115242002608534e-06,6.455108329921878e-06,3.186677177559126e-06,6.5990957700102124e-06,9.898490400785534e-06,1.0557406473140292e-05,1.528172285933096e-05,4.411019628954295e-05,6.453207948011717e-05,0.00012502401811178692,7.372131693370384e-05,9.333876096408018e-05,7.608894321608046e-06,1.7216759328705767e-05,6.231746430817937e-06,7.841220926615028e-06,2.9221101666016806e-05,2.96869153816035e-05,6.80856985224778e-05,4.856260264222726e-06,0.019388084769785825,0.022133359724521486,0.14159752407815945,0.14159752407815945,0.06014116007748922,0.08537133640884022,0.0226618364842715,0.07880778409287781,0.04908723431511445,0.02991339979896166,0.010790460004143191,0.09210282670283305,0.16072287857038814,0.05486864168858924,0.030204998842953447,0.05091603275239829,0.06950308655508874,0.008376184587466019,0.03799734245711397,0.06055465159250753,0.03280361031549582,0.1190073283307657,0.0538652736506613,0.021286325489256883
434,24,4.653860090484593e-05,3.033662373540221e-06,0.00015157875358849275,0.058995443538355084,0.007678169205177184,0.14732930535618913,204,False,100,0,24,0,0,0,0,9841,9411,10346,10250,10227,10348,9725,10375,10207,9944,9729,10403,10355,9205,9950,10022,10432,9592,10170,10315,10076,10221,9958,10007,8.832014237238712e-05,0.00011887416624335903,0.00015157875358849275,0.00015157875358849275,5.88304144946034e-06,6.254042970390955e-06,3.033662373540221e-06,6.381802341377558e-06,9.49319926976574e-06,1.0070905418251377e-05,1.4499646971232203e-05,4.281689330362805e-05,6.385559389806097e-05,0.00012009926489419713,7.032987250565648e-05,8.956289483456183e-05,7.528475583805982e-06,1.6324610906992062e-05,5.958053525739656e-06,7.5443573009355545e-06,2.7897123991739623e-05,2.9034474643776865e-05,6.538539350919e-05,4.621296231268191e-06,0.01777241103897034,0.020288913080811363,0.1297977304049795,0.1297977304049795,0.055129396737698455,0.07825705837477019,0.020773350110582206,0.07224046875180465,0.044996631455521574,0.027420616482381522,0.009891255003797925,0.08442759114426363,0.14732930535618913,0.0502962548812068,0.02768791560604066,0.04667303002303176,0.14704449600883135,0.007678169205177184,0.03483089725235447,0.05550843062646523,0.030069976122537836,0.10909005096986855,0.049376500846439526,0.019512465031818808
435,24,4.504005997656681e-05,2.88646768344679e-06,0.00014869617687602576,0.057551378799047724,0.0070383217714124185,0.13505186324317336,205,False,100,0,24,0,0,0,0,9841,10441,10346,10250,10227,10348,9725,10375,10207,9944,9729,10403,10355,9205,9950,10022,10432,9592,10170,10315,10076,10221,9958,10007,8.39642035382936e-05,0.00011600759797993486,0.00014869617687602576,0.00014869617687602576,5.651718519171668e-06,6.0471784822545825e-06,2.88646768344679e-06,6.160321826468048e-06,9.09407719124835e-06,9.600117818243154e-06,1.3754130981662595e-05,4.147225773572978e-05,6.294960465574646e-05,0.00011522084305097315,6.70471606467632e-05,8.583770210810191e-05,7.421068831409503e-06,1.547566644352424e-05,5.6913311076378585e-06,7.248480430933876e-06,2.661274996112367e-05,2.8317604104379127e-05,6.2713286385195e-05,4.395516203310642e-06,0.01629137678572281,0.10193150365741042,0.1189812528712312,0.1189812528712312,0.050535280342890246,0.07173563684353934,0.019042237601367022,0.06622042968915426,0.04124691216756144,0.025135565108849726,0.00906698375348143,0.07739195854890832,0.13505186324317336,0.0461049003077729,0.02538058930553727,0.04278361085444578,0.1347907880080954,0.0070383217714124185,0.031928322481324926,0.050882728074259795,0.027564144778993015,0.09999921338904617,0.045261792442569566,0.01788642627916724
436,24,4.35131878595912e-05,2.745083610900153e-06,0.00014542716176653534,0.05275543056579374,0.00645179495712805,0.12379754130624225,206,False,100,0,24,0,0,0,0,9841,10441,10346,10250,10227,10348,9725,10375,10207,9944,9729,10403,10355,9205,9950,10022,10432,9592,10170,10315,10076,10221,9958,10007,7.978999319772105e-05,0.00011291670153909637,0.00014542716176653534,0.00014542716176653534,5.422509218310403e-06,5.836485756209551e-06,2.745083610900153e-06,5.936509396846956e-06,8.702590522349211e-06,9.145483045542394e-06,1.3043934721790138e-05,4.009076763097959e-05,6.184343511299045e-05,0.00011041088739190137,6.387637799070502e-05,8.217787830095219e-05,7.290130447405766e-06,1.4668241429765292e-05,5.432130910938221e-06,6.955190190265049e-06,2.5369695724278586e-05,2.7548198624824864e-05,6.0081097013118346e-05,4.178863320227294e-06,0.014933762053579241,0.09343721168595955,0.10906614846529526,0.10906614846529526,0.046324006980982727,0.06575766710657772,0.01745538446791977,0.060702060548391404,0.03780966948693132,0.02304093468311225,0.008311401774024644,0.07094262866983263,0.12379754130624225,0.04226282528212516,0.0232655401967425,0.03921830994990863,0.12355822234075411,0.00645179495712805,0.029267628941214513,0.04664250073473814,0.02526713271407693,0.09166594560662565,0.041489976405688765,0.0163958907559033
437,24,4.199813359090395e-05,2.6094646939005213e-06,0.00014183556867798316,0.05183136690753315,0.005914145377367379,0.16736045013940687,207,False,100,0,24,0,0,0,0,9841,10441,10346,10250,10227,10348,9725,10375,10207,9944,9729,10403,10355,9205,9950,10022,10432,9592,10170,10315,10076,10509,9958,10007,7.579447331989283e-05,0.00010964697729877267,0.00014183556867798316,0.00014183556867798316,5.196462571518715e-06,5.623709736195741e-06,2.6094646939005213e-06,5.7119927682571665e-06,8.319942929081097e-06,8.707268535886136e-06,1.23677918250888e-05,3.868535185698577e-05,6.056548460746165e-05,0.00010568793001689686,6.0819506703033124e-05,7.859557089977223e-05,7.139006543868408e-06,1.3900659069972421e-05,5.180873028710152e-06,6.665845712874037e-06,2.4169148420168678e-05,2.742676900783432e-05,5.7498608413038257e-05,3.971230866518945e-06,0.013689281882447637,0.08565077737879624,0.09997730275985399,0.09997730275985399,0.042463673065900834,0.06027786151436291,0.01600076909559312,0.05564355550269212,0.03465886369635371,0.021120856792852895,0.00761878495952259,0.06503074294734658,0.11348107953072206,0.0387409231752814,0.02132674518034729,0.03595011745408291,0.11326170381235794,0.005914145377367379,0.02682865986277997,0.04275562567350996,0.023161538321237185,0.16736045013940687,0.03803247837188137,0.015029566526244693
438,24,4.047294513823601e-05,2.479535498198231e-06,0.00013798096846291962,0.04751208633190538,0.00542129992925343,0.15341374596112295,208,False,100,0,24,0,0,0,0,9841,10441,10346,10250,10227,10348,9725,10375,10207,9944,9729,10403,10355,9205,9950,10022,10432,9592,10170,10315,10076,10509,9958,10007,7.19739385955598e-05,0.00010623998031151851,0.00013798096846291962,0.00013798096846291962,4.9744575232482575e-06,5.410380204574486e-06,2.479535498198231e-06,5.488185830765124e-06,7.947103564386019e-06,8.285594303143211e-06,1.1724422620240402e-05,3.726744275975538e-05,5.914279796047837e-05,0.00010106725491324692,5.787748675897376e-05,7.510064550588791e-05,6.970882535170606e-06,1.317126031234302e-05,4.9378624433074924e-06,6.381587001375147e-06,2.301183804046889e-05,2.7189758437888458e-05,5.497386035101328e-05,3.7724709202817357e-06,0.012548508392243666,0.07851321259722989,0.09164586086319948,0.09164586086319948,0.03892503364374243,0.055254706388166,0.01466737167096036,0.05100659254413444,0.0317706250549909,0.019360785393448487,0.006983886212895707,0.05961151436840103,0.10402432290316188,0.035512512910674615,0.01954951641531835,0.03295427433290933,0.10382322849466144,0.00542129992925343,0.024592938207548307,0.03919265686738413,0.021231410127800752,0.15341374596112295,0.034863105174224585,0.013777102649057635
439,24,3.905832265514869e-05,2.4159362015624557e-06,0.00013391824973470808,0.05396941247091327,0.004969524935148978,0.14062926713102936,209,False,100,0,24,0,0,0,0,9841,10441,10346,10250,10540,10348,10542,10375,10207,9944,9729,10403,10355,10549,9950,10022,10432,9592,10170,10315,10076,10509,9958,10007,6.832414911443115e-05,0.00010273325935539275,0.00013391824973470808,0.00013391824973470808,4.879907892062274e-06,5.197824885912401e-06,2.4159362015624557e-06,5.266303874116709e-06,7.584833732110679e-06,7.88045495611745e-06,1.1112544983976753e-05,3.584705032020844e-05,5.76007570497523e-05,9.905154633494641e-05,5.5050370776948854e-05,7.170093920385791e-05,6.7887470617012995e-06,1.247841207507189e-05,4.703304176719501e-06,6.103356282033251e-06,2.1898102430978327e-05,2.6849706040125643e-05,5.251333555274977e-05,3.5824019533763147e-06,0.011502799359556693,0.07197044488079406,0.08400870579126618,0.08400870579126618,0.11901461417343057,0.0506501475224855,0.09677842403171368,0.04675604316545657,0.02912307296707499,0.017747386610661112,0.006401895695154398,0.05464388817103427,0.09535562932789839,0.1158864701681184,0.017920390047375154,0.030208084805166884,0.09517129278677298,0.004969524935148978,0.022543526690252613,0.03592660212843545,0.01946212595048402,0.14062926713102936,0.031957846409705865,0.012629010761636165
440,24,3.767956279648541e-05,2.348174545674357e-06,0.0001296974198386195,0.05641640587611494,0.004555397857219896,0.13342356415678142,210,False,100,0,24,0,0,0,0,9841,10441,10346,10250,10540,10348,10542,10375,10207,10569,9729,10571,10355,10549,9950,10022,10432,9592,10170,10315,10076,10509,9958,10007,6.484044575744278e-05,9.916040059680174e-05,0.0001296974198386195,0.0001296974198386195,4.772670022274083e-06,4.987184003366275e-06,2.348174545674357e-06,5.047379663582891e-06,7.233711802227144e-06,7.68495066011774e-06,1.0530883406599723e-05,3.532087118783518e-05,5.5962877029275976e-05,9.679000850224451e-05,5.233746231857958e-05,6.840249850635593e-05,6.595368208866073e-06,1.1820513907669178e-05,4.477317063688396e-06,5.831918672801118e-06,2.0827945691888167e-05,2.641913433762732e-05,5.0122136076822755e-05,3.4008154766699945e-06,0.0105442327462603,0.06597290780739455,0.07700798030866066,0.07700798030866066,0.10909672965897801,0.0464293018956117,0.0887135553624042,0.042859706235001856,0.026696150219818738,0.09960177105977269,0.005868404387224865,0.13342356415678142,0.08740932688390685,0.1062292643207752,0.01642702421009389,0.02769074440473631,0.08724035172120856,0.004555397857219896,0.020664899466064895,0.0329327186177325,0.01784028212127702,0.1289101615367769,0.029294692542230376,0.011576593198166485
441,24,3.62985159700349e-05,2.2771637319929558e-06,0.00012536356141201917,0.05518726094199425,0.004175781369118238,0.12230493381038296,211,False,100,0,24,0,0,0,0,9841,10441,10346,10250,10540,10348,10542,10375,10207,10569,9729,10571,10355,10549,9950,10022,10432,9592,10602,10315,10076,10509,9958,10007,6.15178500554899e-05,9.55511507737545e-05,0.00012536356141201917,0.00012536356141201917,4.654839968334504e-06,4.77942559308765e-06,2.2771637319929558e-06,4.8322797817396585e-06,6.894156245146926e-06,7.47531395761436e-06,9.978176497371444e-06,3.4684379858680225e-05,5.4250689941190724e-05,9.432462078125348e-05,4.973743871678124e-05,6.5209800279197e-05,6.393279988087877e-06,1.1196003300876498e-05,4.369809825616139e-06,5.567881857019935e-06,1.980109032605338e-05,2.59102789062001e-05,4.780414824966548e-05,3.227481821645123e-06,0.009665546684071942,0.06047516549011167,0.07059064861627226,0.07059064861627226,0.10000533552072985,0.04256019340431073,0.08132075908220385,0.0392880640487517,0.024471471034833842,0.0913016234714583,0.005379370688289459,0.12230493381038296,0.08012521631024794,0.09737682562737726,0.015058105525919397,0.025383182371008284,0.07997032241110784,0.004175781369118238,0.10227615784389282,0.03018832539958812,0.016353591944503934,0.11816764807537881,0.02685346816371118,0.010611877098319277
442,24,3.515349237293741e-05,2.2037324215184226e-06,0.0001240763785849717,0.06100498919682806,0.0038277995883583844,0.15678144828439394,212,False,100,0,24,0,0,0,0,9841,10441,10346,10611,10540,10348,10542,10375,10207,10569,9729,10571,10620,10549,9950,10022,10432,9592,10602,10315,10076,10509,10630,10007,5.835115016252545e-05,9.193159837814415e-05,0.00012095691034826467,0.0001240763785849717,4.528373072465403e-06,4.575361032532608e-06,2.2037324215184226e-06,4.621720789327805e-06,6.56644673236013e-06,7.254510927535943e-06,9.453183133026034e-06,3.3953454040866304e-05,5.383724948097884e-05,9.169439163728037e-05,4.7248459577784797e-05,6.212595487193444e-05,6.184777160943419e-06,1.0603359833862353e-05,4.25379160960878e-06,5.311714557771344e-06,1.881702354016879e-05,2.5334879592295184e-05,4.673724031875867e-05,3.062155145572281e-06,0.00886008446039928,0.055435568365935696,0.06470809456491623,0.1480414278982496,0.09167155756066903,0.03901351062061816,0.07454402915868685,0.036014058711355726,0.022432181781931022,0.08369315484883677,0.004931089797598671,0.11211285599285105,0.15678144828439394,0.08926209015842915,0.013803263398759447,0.02326791717342426,0.07330612887684886,0.0038277995883583844,0.09375314469023509,0.02767263161628911,0.014990792615795272,0.10832034406909724,0.10794901248340193,0.00972755400679267
443,24,3.4020314112918696e-05,2.1286248329985478e-06,0.00012234037072665277,0.05939346231931461,0.0035088162893285187,0.18610345132678013,213,False,100,0,24,0,0,0,0,9841,10441,10346,10611,10540,10348,10542,10375,10207,10569,9729,10643,10620,10549,9950,10022,10432,9592,10602,10315,10076,10509,10630,10007,5.53349744758031e-05,8.832439478979812e-05,0.00011651302528320713,0.00012234037072665277,4.395071056153348e-06,4.375660367705852e-06,2.1286248329985478e-06,4.416284874361427e-06,6.25074331063422e-06,7.025242607171378e-06,8.954687430455813e-06,3.399794140218445e-05,5.321409814096381e-05,8.893513752589901e-05,4.4868262136357994e-05,5.915289130704928e-05,5.971916659546658e-06,1.0041108325016677e-05,4.130980278818627e-06,5.063763689431014e-06,1.7875038134570745e-05,2.4704026751888373e-05,4.5568716861020795e-05,2.904577742359637e-06,0.00812174408869934,0.05081593766877439,0.05931575335117321,0.13570464224006212,0.08403226109727993,0.03576238473556665,0.06833202672879628,0.03301288715207608,0.020562833300103438,0.07671872527810036,0.004520165647798781,0.18610345132678013,0.14371632759402778,0.08182358264522671,0.012652991448862826,0.021328924075638904,0.06719728480377811,0.0035088162893285187,0.08594038263271549,0.02536657898159835,0.013741559897812332,0.0992936487300058,0.09895326144311843,0.008916924506226614
444,24,3.277657666588966e-05,2.052502728868539e-06,0.00011495311876202733,0.06194304261986555,0.0032164149318844753,0.17059483038288178,214,False,100,0,24,0,0,0,0,9841,10441,10346,10658,10540,10348,10542,10375,10207,10665,9729,10643,10620,10549,9950,10022,10432,9592,10602,10315,10076,10509,10630,10007,5.2463854315554276e-05,8.474900055334835e-05,0.00011495311876202733,0.00011495311876202733,4.2565754704528825e-06,4.180867133012225e-06,2.052502728868539e-06,4.216434754595182e-06,5.947103701052189e-06,6.965054997886338e-06,8.481502704223496e-06,3.3881549998757444e-05,5.240603136708131e-05,8.607938363667207e-05,4.25942446390899e-05,5.6291524847544474e-05,5.756524058815201e-06,9.507821132496886e-06,4.002945413337424e-06,4.824270126673148e-06,1.6974268429219167e-05,2.402805525716167e-05,4.43176034559431e-05,2.754483735511795e-06,0.0074449320813077275,0.046581276196376524,0.13770610723857546,0.13770610723857546,0.0770295726725066,0.032782186007602764,0.06263769116806325,0.030261813222736404,0.01884926385842815,0.15365883150492532,0.004143485177148883,0.17059483038288178,0.1317399669611921,0.07500495075812448,0.011598575494790923,0.019551513736002328,0.06159751107012993,0.0032164149318844753,0.0787786840799892,0.023252697399798485,0.01259642990632797,0.09101917800250532,0.09070715632285856,0.008173847464041062
445,24,3.203164404023643e-05,1.9759488031150395e-06,0.0001159318189124506,0.06719778906821007,0.0029483803542274356,0.20956393163536083,215,False,100,0,24,0,0,0,0,9841,10441,10658,10683,10540,10348,10542,10375,10207,10665,9729,10643,10620,10549,10694,10022,10432,9592,10602,10315,10076,10509,10630,10007,4.973227695502537e-05,8.12219449103064e-05,0.0001159318189124506,0.0001159318189124506,4.114366255899043e-06,3.9914124470955465e-06,1.9759488031150395e-06,4.022527676362791e-06,5.655498805278259e-06,6.878417757978838e-06,8.03247455094107e-06,3.36192026504492e-05,5.143739928700721e-05,8.315636171341179e-05,4.146605846420722e-05,5.354190759833363e-05,5.5402037693694024e-06,9.002119732577358e-06,3.8711058430763755e-06,4.5933830798246764e-06,1.6113721671117566e-05,2.3316478880293078e-05,4.3001406065435004e-05,2.611602223668264e-06,0.006824521074532084,0.04269950318001181,0.20956393163536083,0.20956393163536083,0.07061044161646438,0.030050337173635866,0.057417883570724644,0.027739995454175038,0.017278491870225805,0.14085392887951487,0.003798194745719809,0.15637859451764163,0.12076163638109276,0.06875453819494744,0.09396536087022503,0.0179222209246688,0.0564643851476191,0.0029483803542274356,0.0722137937399901,0.021314972616481943,0.011546727414133972,0.08343424650229654,0.083148226629287,0.007492693508704307
446,24,3.142074488842445e-05,1.8994710600172213e-06,0.00011929590015130663,0.0754868622014148,0.0027026819913751493,0.2754336039990808,216,False,100,0,24,0,0,0,0,9841,10441,10658,10707,10540,10348,10542,10375,10207,10665,9729,10643,10620,10549,10694,10719,10432,9592,10602,10723,10076,10509,10630,10727,4.7134730172814864e-05,7.775708926526245e-05,0.00011629662038882935,0.00011929590015130663,3.96976428976961e-06,3.8076282407776132e-06,1.8994710600172213e-06,3.83482841489282e-06,5.375826522221637e-06,6.768538840309228e-06,7.606483185686422e-06,3.322632028753803e-05,5.033166514239495e-05,8.019208288802817e-05,4.027128444778448e-05,5.221615634854582e-05,5.324351829499248e-06,8.52267568767842e-06,3.7367311565844206e-06,4.483905277163922e-06,1.5292305355919358e-05,2.2577957930220706e-05,4.163605344035717e-05,2.539506998584145e-06,0.006255810984987743,0.03914121124834416,0.19210027066574742,0.2754336039990808,0.06472623814842568,0.02754614240916621,0.052633059939830924,0.025428329166327118,0.015838617547706987,0.12911610147288863,0.003481678516909825,0.14334704497450482,0.11069816668266835,0.06302499334536849,0.0861349141310396,0.09976203584761308,0.051759019718650844,0.0027026819913751493,0.06619597759499092,0.10287205823177512,0.010584500129622807,0.07648139262710515,0.07621920774351308,0.09020163571631229
447,24,3.1018085625887105e-05,1.823507843515299e-06,0.00012504345067213254,0.08308517924018578,0.0024774584920938866,0.3358141369991574,217,False,97,0,24,0,0,0,0,9841,10441,10658,10731,10540,10348,10542,10375,10207,10665,9729,10643,10620,10549,10742,10743,10432,9592,10602,10723,10076,10509,10750,10727,4.4665739385119726e-05,7.436588746968961e-05,0.00011609331495316679,0.00012504345067213254,3.8239369396606325e-06,3.629759531094576e-06,1.823507843515299e-06,3.6535212297309137e-06,5.107923990942818e-06,6.638553829937998e-06,7.202445140421349e-06,3.271838759030972e-05,4.911107579707282e-05,7.720946638814516e-05,4.0031707558765935e-05,5.2104012974924135e-05,5.110170371665074e-06,8.068211101550055e-06,3.6009462364058145e-06,4.365586420420242e-06,1.4508850876865218e-05,2.1820293548936397e-05,4.1273568371285207e-05,2.4637367995325897e-06,0.005734493402905431,0.03587944364431548,0.17609191477693512,0.3358141369991574,0.0593323849693902,0.02525063054173569,0.04824697161151168,0.023309301735799856,0.014518732752064736,0.1183564263501479,0.0031915386405006727,0.13140145789329608,0.10147331945911266,0.05777291056658777,0.162290337953453,0.17478186619364533,0.04744576807542994,0.0024774584920938866,0.060679646128741674,0.09429938671246052,0.00970245845215424,0.07010794324151305,0.15320094043155366,0.08268483273995293
448,24,3.0755452950248224e-05,1.748433241613887e-06,0.0001333034011612565,0.08310585874794808,0.0022710036177527293,0.39116295891589425,218,False,99,0,24,0,0,0,0,9841,10753,10658,10755,10540,10348,10542,10375,10207,10665,9729,10643,10620,10549,10742,10743,10432,9592,10602,10723,10076,10509,10750,10727,4.2319898307341726e-05,7.289020798082487e-05,0.00011537189640069424,0.0001333034011612565,3.6779057861904016e-06,3.4579757005856264e-06,1.748433241613887e-06,3.47872076598133e-06,4.851578382066743e-06,6.4914721969896665e-06,6.819314420731189e-06,3.211060183856426e-05,4.779643022617398e-05,7.422850789836423e-05,3.9629452627218654e-05,5.176123555472264e-05,4.898683017865226e-06,7.637498646308877e-06,3.4647380059235117e-06,4.240196152035876e-06,1.3762133889946242e-05,2.1050442758136523e-05,4.0754945615194854e-05,2.3852002312263553e-06,0.005256618952663311,0.11622282334062253,0.16141758854552385,0.39116295891589425,0.05438801955527435,0.02314641132992438,0.044226390643885706,0.0213668599244832,0.013308838356059342,0.1084933908209689,0.0029255770871256166,0.12045133640218807,0.0930172095041866,0.05295850135270546,0.14876614312399858,0.1602167106775082,0.043491954069144106,0.0022710036177527293,0.05562300895134653,0.08644110448642214,0.008893920247808053,0.06426561463805362,0.14043419539559085,0.07579443001162352
449,24,3.0422241616267356e-05,1.6745626476093197e-06,0.00014070057258831314,0.08312481496339685,0.002081753316273335,0.35856604567290307,219,False,100,0,24,0,0,0,0,9841,10753,10658,10755,10540,10781,10542,10375,10207,10785,9729,10643,10620,10549,10742,10743,10432,9592,10602,10723,10076,10509,10750,10727,4.009189399344796e-05,7.123269447558722e-05,0.00011418467658121135,0.00014070057258831314,3.532555816148764e-06,3.3772909903399304e-06,1.6745626476093197e-06,3.3104819196792476e-06,4.606536361661543e-06,6.493391376183213e-06,6.456083205018046e-06,3.1417599278928064e-05,4.640693137038027e-05,7.126647412815234e-05,3.908291184254829e-05,5.1211364948477974e-05,4.690750616167357e-06,7.22936123472642e-06,3.3289637036235805e-06,4.1093525593188905e-06,1.3050891757183395e-05,2.0274549101368916e-05,4.0099193401494354e-05,2.304714892846904e-06,0.004818567373274702,0.10653758806223732,0.14796612283339686,0.35856604567290307,0.04985568459233482,0.10455087705243069,0.04054085809022856,0.0195862882641096,0.012199768493054396,0.18278560825255483,0.002681778996531815,0.11041372503533906,0.08526577537883771,0.04854529290664667,0.13636896453033204,0.14686531812104917,0.039867624563382095,0.002081753316273335,0.05098775820540098,0.07923767911255362,0.008152760227157382,0.05891014675154915,0.1287313457792916,0.06947822751065488
450,24,3.013269403051776e-05,1.6021583096514335e-06,0.00014715849032815264,0.07966996927200266,0.0019082738732505572,0.3286855418668278,220,False,100,0,24,0,0,0,0,9841,10753,10802,10755,10540,10781,10542,10375,10207,10785,9729,10643,10620,10549,10742,10743,10432,9592,10602,10723,10076,10509,10750,10727,3.797652700801302e-05,6.9424285314602e-05,0.00011548824270710927,0.00014715849032815264,3.3886455154965223e-06,3.2897194140080904e-06,1.6021583096514335e-06,3.1488087054619383e-06,4.372512349753942e-06,6.4651504776536055e-06,6.111782159432182e-06,3.065325125028008e-05,4.496010709495102e-05,6.833811267767776e-05,3.8410302406915935e-05,5.047821268574219e-05,4.487086866999746e-06,6.842671401200327e-06,3.1943601229894525e-06,3.974519337341251e-06,1.2373838401593164e-05,1.949798449094339e-05,3.9324878537910584e-05,2.223009168546755e-06,0.004417020092168477,0.09765945572371754,0.21896894593061378,0.3286855418668278,0.045701044209640246,0.09583830396472813,0.03716245324937618,0.0179540975754338,0.011183121118633196,0.1675534742315086,0.002458297413487497,0.10121258128239413,0.07816029409726791,0.04449985183109278,0.12500488415280436,0.13462654161096174,0.03654532251643359,0.0019082738732505572,0.0467387783549509,0.07263453918650749,0.007473363541560933,0.05400096785558672,0.1180037336310173,0.06368837521810031
451,24,2.8499300565027934e-05,1.5314347423412383e-06,0.0001191529208386748,0.08272912962677204,0.0017492510504796774,0.2840548671030626,221,False,96,0,24,0,0,0,0,9841,10753,10802,10826,10540,10781,10542,10375,10207,10833,9729,10643,10620,10549,10742,10743,10432,9592,10602,10723,10076,10509,10750,10847,3.5968727400149336e-05,6.749374138631828e-05,0.0001191529208386748,0.0001191529208386748,3.246817406451073e-06,3.1966082317782944e-06,1.5314347423412383e-06,2.9936621783410596e-06,4.149195691380792e-06,6.574931646859608e-06,5.785480432204984e-06,2.9830521243530252e-05,4.347178693380351e-05,6.54558685498093e-05,3.762930375303211e-05,4.95852868054384e-05,4.2882735030176016e-06,6.476350446073158e-06,3.0615533666650306e-06,3.837007094401894e-06,1.1729676878843051e-05,1.8725398601806148e-05,3.844981084365543e-05,2.1959347474202626e-06,0.00404893508448777,0.08952116774674107,0.2840548671030626,0.2840548671030626,0.04189262385883689,0.08785177863433412,0.034065582145261494,0.016457922777480982,0.010251194358747096,0.23692401804554955,0.0022534392956968722,0.09277819950886128,0.07164693625582891,0.04079153084516838,0.114587810473404,0.12340766314338159,0.03349987897339746,0.0017492510504796774,0.04284388015870499,0.0665816609209652,0.006850583246430854,0.049500887200954496,0.10817008916176585,0.1417143439499253
452,24,2.8113186974634834e-05,1.4625639091873781e-06,0.00012204792870434897,0.07930725771342992,0.0016034801296063708,0.26038362817780736,222,False,94,0,24,0,0,0,0,9841,10753,10802,10826,10540,10781,10542,10855,10207,10833,9729,10643,10620,10549,10742,10743,10432,9592,10602,10723,10076,10509,10750,10847,3.406356707047467e-05,6.54674801955655e-05,0.00012204792870434897,0.00012204792870434897,3.1076086732543637e-06,3.099191890431109e-06,1.4625639091873781e-06,2.918338934621496e-06,3.9362568521110194e-06,6.6463596850639076e-06,5.476285382539559e-06,2.8961373765820424e-05,4.195612259208609e-05,6.263010061518948e-05,3.6756781650783906e-05,4.855533956825162e-05,4.094774781930729e-06,6.1293673902708225e-06,2.9310687606354805e-06,3.6979778184051674e-06,1.1117109942565452e-05,1.7960772830483024e-05,3.749081094782431e-05,2.1613767250425536e-06,0.0037115238274471225,0.08206107043451265,0.26038362817780736,0.26038362817780736,0.038401571870600476,0.08053079708147294,0.03122678363315637,0.09841976254602425,0.009396928162184837,0.21718034987508708,0.002065652687722133,0.08504668288312284,0.06567635823450983,0.03739223660807101,0.10503882626728699,0.11312369121476645,0.030708222392281,0.0016034801296063708,0.03927355681214624,0.061033189177551427,0.006279701309228283,0.04537581326754162,0.09915591506495203,0.12990481528743153
453,24,2.7656991287727627e-05,1.395680113450074e-06,0.00012418716164347437,0.07269831957064408,0.0014698567854725066,0.2386849924963234,223,False,96,0,24,0,0,0,0,9841,10753,10802,10826,10540,10781,10542,10855,10207,10833,9729,10643,10620,10549,10742,10743,10432,9592,10602,10723,10076,10509,10750,10847,3.225626905161953e-05,6.336950019425766e-05,0.00012418716164347437,0.00012418716164347437,2.971461607031454e-06,2.9985892293654377e-06,1.395680113450074e-06,2.8377903038782315e-06,3.733352742930542e-06,6.681512210207355e-06,5.183342091713807e-06,2.805672611450539e-05,4.042564164874437e-05,5.98692930016862e-05,3.580858914802079e-05,4.741002583773507e-05,3.9069511295193024e-06,5.8007377804980025e-06,2.803340657656892e-06,3.558451660088619e-06,1.053484885333949e-05,1.7207476441777303e-05,3.6463550431552456e-05,2.1203373689363342e-06,0.0034022301751598623,0.07522264789830325,0.2386849924963234,0.2386849924963234,0.035201440881383765,0.07381989732468353,0.02862455166372667,0.09021811566718889,0.0086138508153361,0.19908198738549648,0.0018935149637452884,0.07795945930952926,0.06020332838163401,0.03427621689073176,0.09628559074501307,0.10369671694686924,0.028149203859590917,0.0014698567854725066,0.03600076041113405,0.05594709007942214,0.0057563928667925925,0.041594495495246485,0.09089292214287269,0.1190794140134789
454,24,2.7410112858317076e-05,1.3308845579373426e-06,0.00012883739450174,0.07705679293975708,0.0013473687200164642,0.30212790978829646,224,False,97,0,24,0,0,0,0,9841,10753,10802,10898,10540,10781,10542,10903,10207,10833,9729,10643,10620,10549,10742,10743,10432,9592,10602,10723,10076,10509,10750,10847,3.0542214159176944e-05,6.122137707365621e-05,0.00012883739450174,0.00012883739450174,2.838733672088946e-06,2.895803940289737e-06,1.3308845579373426e-06,2.8241361229145213e-06,3.5401312717386464e-06,6.682887637013143e-06,4.905832697453948e-06,2.7126434762224435e-05,3.889132541383821e-05,5.718025776686848e-05,3.479943357792908e-05,4.6169658902717325e-05,3.725071832306113e-06,5.4895223793450114e-06,2.678721929500244e-06,3.419315323643426e-06,9.981620655831113e-06,1.6468323053288804e-05,3.538245309533479e-05,2.0737797710333514e-06,0.0031187109938965404,0.06895409390677798,0.30212790978829646,0.30212790978829646,0.032267987474601786,0.06766823921429323,0.02623917235841611,0.16603327269492316,0.007896029914058092,0.18249182177003845,0.0017357220500998478,0.07146283770040182,0.055186384349831176,0.03141986548317078,0.08826179151626197,0.09505532386796348,0.025803436871291673,0.0013473687200164642,0.03300069704353954,0.051284832572803626,0.005276693461226543,0.03812828753730928,0.08331851196429996,0.10915612951235565
455,24,2.7100046579406203e-05,1.268249552452708e-06,0.00013263743266089126,0.0775798379725551,0.0012350879933484256,0.2769505839726051,225,False,99,0,24,0,0,0,0,9841,10753,10802,10898,10540,10781,10542,10903,10207,10833,10930,10643,10620,10549,10742,10743,10432,9592,10602,10723,10076,10509,10750,10943,2.8916945413005168e-05,5.904231572418036e-05,0.00013263743266089126,0.00013263743266089126,2.7097070552068577e-06,2.7917275257042453e-06,1.268249552452708e-06,2.7986905718443692e-06,3.3562352108156946e-06,6.653275082642279e-06,4.762717524910234e-06,2.617930886680601e-05,3.736270336411907e-05,5.456832634752611e-05,3.374279889938959e-05,4.485304975468375e-05,3.549326728161408e-06,5.194825769532534e-06,2.557493005730911e-06,3.2813314812407907e-06,9.456174124726608e-06,1.5745626057996043e-05,3.4260646545561596e-05,2.074777977730071e-06,0.0028588184110718284,0.06320791941454648,0.2769505839726051,0.2769505839726051,0.02957898851838497,0.06202921927976879,0.024052574661881435,0.15219716663701288,0.007238027421219918,0.16728416995586856,0.0849244118792582,0.06550760122536833,0.050587518987345245,0.028801543359573214,0.08090664222324014,0.08713404687896652,0.0236531504653507,0.0012350879933484256,0.030250638956577914,0.04701109652506999,0.004836969006124331,0.034950930242533505,0.07637530263394163,0.18339311871965935
456,24,2.6760577502042997e-05,1.2078223615698963e-06,0.00013558999465258654,0.07805929591928662,0.0011321639939027234,0.25387136864155463,226,False,100,0,24,0,0,0,0,9841,10753,10802,10898,10540,10949,10542,10903,10207,10833,10930,10643,10620,10549,10742,10743,10432,9592,10602,10723,10076,10509,10966,10943,2.7376170577932984e-05,5.684924371598743e-05,0.00013558999465258654,0.00013558999465258654,2.584597607320208e-06,2.756445317817691e-06,1.2078223615698963e-06,2.7627467892194705e-06,3.1813054617529286e-06,6.595639364804503e-06,4.61378959404197e-06,2.522314433861843e-05,3.584795794683205e-05,5.203752819257983e-05,3.2650913184590575e-05,4.3477415993750464e-05,3.379836880566531e-06,4.9157948970599225e-06,2.4398703639627075e-06,3.1451487419709914e-06,8.957284558022054e-06,1.5041251961963467e-05,3.396385695227681e-05,2.066105941218018e-06,0.002620583543482509,0.057940592796667606,0.25387136864155463,0.25387136864155463,0.027114072808519556,0.14019345100645472,0.02204819344005798,0.1395140694172618,0.006634858469451591,0.15334382245954617,0.07784737755598668,0.06004863445658764,0.04637189240506647,0.026401414746275446,0.07416442203797012,0.0798728763057193,0.021682054593238142,0.0011321639939027234,0.027729752376863086,0.04309350514798082,0.00443388825561397,0.03203835272232238,0.1533440274144465,0.1681103588263544
457,24,2.664889703135918e-05,1.1496286959183895e-06,0.0001412668258891605,0.07849879903712385,0.0010378169944108297,0.31604875458809173,227,False,100,0,24,0,0,0,0,9841,10753,10971,10898,10540,10949,10542,10903,10207,10833,10930,10643,10620,10549,10742,10743,10432,9592,10602,10723,10076,10509,10966,10943,2.5915763127694796e-05,5.4656934302585466e-05,0.0001412668258891605,0.0001412668258891605,2.463563124929326e-06,2.711910892826557e-06,1.1496286959183895e-06,2.717593375325939e-06,3.014983791675085e-06,6.513022548312144e-06,4.4606677534271855e-06,2.4264772843092725e-05,3.435403477256254e-05,4.95907557049434e-05,3.153475194058142e-05,4.205834732231442e-05,3.2166642502701452e-06,4.651617574150287e-06,2.3260144141581883e-06,3.0113118061090065e-06,8.483757575981048e-06,1.435667092387853e-05,3.3538428440605235e-05,2.048681792957521e-06,0.0024022015815256333,0.05311221006361197,0.31604875458809173,0.31604875458809173,0.024854566741142926,0.1285106634225835,0.020210843986719816,0.1278878969658233,0.006081953596997291,0.14056517058791732,0.0713600960929878,0.05504458158520533,0.042507568037977596,0.02420129685075249,0.06798405353480594,0.0732168032802427,0.019875216710468296,0.0010378169944108297,0.02541893967879116,0.03950237971898242,0.004064397567646138,0.029368489995462183,0.1405653584632426,0.15410116225749151
458,24,2.6487416528742672e-05,1.0936758578255803e-06,0.0001460016384307859,0.07542945467291907,0.0009513322448765939,0.2897113583724174,228,False,100,0,24,0,0,0,0,9841,10753,10971,10898,10540,10949,10542,10903,10207,10833,10930,11003,10620,10549,10742,10743,10432,9592,10602,10723,10076,10509,10966,10943,2.4531761895845756e-05,5.2478148993773694e-05,0.0001460016384307859,0.0001460016384307859,2.3467109480645408e-06,2.659379546124738e-06,1.0936758578255803e-06,2.664487142434428e-06,2.8569151072662533e-06,6.408462285576881e-06,4.304798600501393e-06,2.3911287033674456e-05,3.28867542979653e-05,4.722991517308483e-05,3.0404069001130736e-05,4.0609815759569924e-05,3.059820398350838e-06,4.401520959530778e-06,2.2160367489525363e-06,2.8802715220605176e-06,8.034432065627763e-06,1.3693004032967383e-05,3.3000003223537955e-05,2.023449234385983e-06,0.002202018116398497,0.04868619255831097,0.2897113583724174,0.2897113583724174,0.022783352846047683,0.11780144147070153,0.0185266069878265,0.11723057221867136,0.00557512413058085,0.12885140637225753,0.06541342141857215,0.1337908664531049,0.03896527070147946,0.022184522113189782,0.06231871574023878,0.06711540300688915,0.018218948651262605,0.0009513322448765939,0.023300694705558563,0.03621051474240055,0.0037256977703422935,0.026921115829173666,0.12885157859130572,0.14125939873603388
459,24,2.6260527184640542e-05,1.0399555575224944e-06,0.0001497861025909841,0.0760881112279536,0.0008720545578035444,0.26556874517471596,229,False,100,0,24,0,0,0,0,9841,10753,10971,10898,10540,10949,10542,10903,11024,10833,10930,11003,10620,10549,10742,10743,10432,9592,10602,10723,11036,10509,10966,10943,2.3220369641997364e-05,5.032379161723094e-05,0.0001497861025909841,0.0001497861025909841,2.2341048740209734e-06,2.6000549979109064e-06,1.0399555575224944e-06,2.6046321514643476e-06,2.7765561567916535e-06,6.284926314967198e-06,4.147462134528895e-06,2.348281514873801e-05,3.1450922025899815e-05,4.49560637912647e-05,2.9267447842672356e-05,3.9144220089811844e-05,2.9092742687528713e-06,4.164770030685964e-06,2.110006754449184e-06,2.752394636262203e-06,7.804396758618969e-06,1.3051067059666916e-05,3.236386350044391e-05,1.991351895703241e-06,0.0020185166066986225,0.04462900984511839,0.26556874517471596,0.26556874517471596,0.02088474010887704,0.10798465468147639,0.01698272307217429,0.10746135786711541,0.08844386378636579,0.1181137891745694,0.05996230296702447,0.12264162758201282,0.03571816480968951,0.020335811937090633,0.05712548942855221,0.06152245275631505,0.016700702930324055,0.0008720545578035444,0.021358970146762017,0.033192971847200506,0.08674855628948044,0.02467768951007586,0.11811394704203024,0.12948778217469772
460,24,2.5958877087741453e-05,9.884464196507513e-07,0.0001526330350095751,0.06974743529229079,0.000799383344653249,0.24343801641015628,230,False,100,0,24,0,0,0,0,9841,10753,10971,10898,10540,10949,10542,10903,11024,10833,10930,11003,10620,10549,10742,10743,10432,9592,10602,10723,11036,10509,10966,10943,2.1977950730514267e-05,4.8203067454876184e-05,0.0001526330350095751,0.0001526330350095751,2.12577140260965e-06,2.535073787667732e-06,9.884464196507513e-07,2.539164351320664e-06,2.692387328627984e-06,6.145261886305793e-06,3.989779852914144e-06,2.2990114961177742e-05,3.005043502987268e-05,4.276953317311617e-05,2.8132367285790148e-05,3.767245550762524e-05,2.76495910747556e-06,3.940666060219842e-06,2.0079575926566237e-06,2.6279730866781817e-06,7.5642207477381785e-06,1.2431410566898467e-05,3.164467102556512e-05,1.9533127273435537e-06,0.0018503068894737372,0.04090992569135852,0.24343801641015628,0.24343801641015628,0.019144345099803953,0.09898593345802002,0.015567496149493097,0.09850624471152246,0.08107354180416863,0.10827097341002194,0.0549654443864391,0.1124214919501784,0.03274165107554871,0.01864116094233308,0.05236503197617286,0.056395581693288795,0.015308977686130383,0.000799383344653249,0.019579055967865182,0.030426890859933796,0.07951950993202374,0.022621215384236202,0.10827111812186105,0.11869713366013958
461,24,2.576620675774543e-05,9.391162019065954e-07,0.00015855938137273524,0.07087959346237767,0.0007327680659321448,0.30648484837597656,231,False,100,0,24,0,0,0,0,9841,10753,10971,11067,10540,10949,10542,10903,11024,10833,10930,11003,10620,10549,10742,10743,10432,9592,10602,10723,11036,11085,10966,10943,2.080102809139287e-05,4.612364248778131e-05,0.00015457295817546704,0.00015855938137273524,2.021705340438137e-06,2.4654945479857708e-06,9.391162019065954e-07,2.4691410701121627e-06,2.60538596076909e-06,5.992158525083426e-06,3.832724518922406e-06,2.2443414060972607e-05,2.8688383253046748e-05,4.0670039977860054e-05,2.7005276590094103e-05,3.62040008488263e-05,2.6267785808580133e-06,3.7285451063078943e-06,1.909891578764466e-06,2.5072327396079483e-06,7.316606331160002e-06,1.2139563411802977e-05,3.0856275363571e-05,1.910218050424226e-06,0.001696114648684259,0.03750076521707864,0.22315151504264324,0.30648484837597656,0.017548983008153624,0.09073710566985169,0.014270204803702004,0.09029739098556225,0.07431741332048791,0.09924839229252011,0.05038499068756917,0.10305303428766353,0.030013180152586316,0.01708773086380532,0.048001279311491785,0.05169594988551473,0.014033229545619518,0.0007327680659321448,0.01794746797054308,0.027891316621605978,0.07289288410435509,0.10406944743554986,0.09924852494503929,0.10880570585512794
462,24,2.550175130585311e-05,8.919237486552802e-07,0.00016343539085218663,0.06844518289606842,0.0006717040604377994,0.28094444434464516,232,False,97,0,24,0,0,0,0,9841,10753,10971,11067,11092,10949,10542,10903,11024,10833,10930,11003,10620,10549,10742,10743,10432,9592,10602,10723,11036,11085,10966,10943,1.9686279609001796e-05,4.4091799014378006e-05,0.00015565059770072403,0.00016343539085218663,1.971439784237437e-06,2.39229139895326e-06,8.919237486552802e-07,2.395534597779963e-06,2.5164294884968577e-06,5.828122375334733e-06,3.677130968732028e-06,2.1852297108276112e-05,2.736714455356812e-05,3.8656784410542194e-05,2.5891675904214884e-05,3.474701713500669e-05,2.494612157713485e-06,3.5277765253704103e-06,1.8157849847140392e-06,2.3903415086824485e-06,7.063974163760329e-06,1.1823195803578853e-05,3.001158176888353e-05,1.8629057776834252e-06,0.001554771761293904,0.03437570144898875,0.2045555554557563,0.28094444434464516,0.0994199010908075,0.08317568019736404,0.01308102107006017,0.08277260840343206,0.06812429554378058,0.0909776929348101,0.046186241463605074,0.09446528143035823,0.027512081806537456,0.015663753291821545,0.0440011727022008,0.04738795406172183,0.012863793750151224,0.0006717040604377994,0.01645184563966449,0.025567040236472147,0.06681847709565883,0.09539699348258736,0.09097781453295267,0.09973856370053394
463,24,2.5173460413659425e-05,8.468207025186566e-07,0.00016726052913425556,0.0662136398769516,0.0006157287220679827,0.2575324073159247,233,False,100,0,24,0,0,0,0,9841,10753,10971,11067,11092,10949,10542,10903,11024,11121,10930,11003,10620,10549,10742,10743,10432,9592,10602,10723,11036,11085,10966,10943,1.8630534063334626e-05,4.211258493339621e-05,0.00015592150027141528,0.00016726052913425556,1.917563467971232e-06,2.3163507329094957e-06,8.468207025186566e-07,2.3192291301726145e-06,2.4262978623077318e-06,5.80131416018239e-06,3.5237074515492673e-06,2.1225632188868767e-05,2.6088472882876643e-05,3.672853744294118e-05,2.4796198877905786e-05,3.330845237456368e-05,2.3683198201723527e-06,3.3377615135131377e-06,1.7255923057930286e-06,2.2774168255672846e-06,6.808471262661545e-06,1.1487135805841172e-05,2.9122469456831485e-05,1.8121572602771483e-06,0.0014252074478527453,0.03151105966157302,0.18750925916777658,0.2575324073159247,0.09113490933324021,0.07624437351425037,0.011990935980888488,0.07587489103647939,0.06244727091513219,0.16672955185690927,0.04233738800830465,0.08659317464449505,0.025219408322659332,0.014358440517503082,0.04033440831035073,0.04343895788991168,0.011791810937638621,0.0006157287220679827,0.015080858503025783,0.023436453550099465,0.06125027067102059,0.08744724402570507,0.08339632998853995,0.09142701672548945
464,24,2.4962503068435114e-05,8.037529965018056e-07,0.00017444211694102446,0.06416805877609452,0.0005644179952289842,0.3194047067062643,234,False,100,0,24,0,0,0,0,9841,10753,10971,11139,11092,10949,10542,10903,11024,11121,10930,11003,10620,10549,10742,10743,10432,9592,10602,10723,11036,11085,10966,10943,1.7630766730069018e-05,4.018995482371e-05,0.0001554489024782124,0.00017444211694102446,1.8608363003522488e-06,2.2384707146098515e-06,8.037529965018056e-07,2.241020401160157e-06,2.3356776067383173e-06,5.750165448887047e-06,3.3730471067859883e-06,2.057152973312376e-05,2.4853579307259322e-05,3.4883717643326076e-05,2.3722694974713202e-05,3.1894148635757094e-05,2.2477461665894435e-06,3.1579316819267734e-06,1.6392500299383198e-06,2.168532455345362e-06,6.551983330248032e-06,1.1135804562779336e-05,2.8199751369826497e-05,1.758692203558149e-06,0.001306440160531683,0.0288851380231086,0.17188348757046185,0.3194047067062643,0.08354033355547019,0.06989067572139616,0.010991691315814447,0.0695519834501061,0.05724333167220451,0.15283542253550017,0.03880927234094593,0.0793770767574538,0.02311779096243772,0.013161903807711157,0.0369732076178215,0.03981904473241904,0.010809160026168736,0.0005644179952289842,0.0138241202944403,0.021483415754257842,0.05614608144843554,0.08015997369022965,0.07644663582282829,0.08380809866503199
465,24,2.4714755252087342e-05,7.626621483581786e-07,0.00018045840632986793,0.06923738721141998,0.0005173831622932354,0.2927876478140756,235,False,100,0,24,0,0,0,0,9841,10753,10971,11139,11092,10949,10542,11167,11024,11121,10930,11003,11172,10549,10742,10743,10432,9592,10602,11179,11036,11085,10966,10943,1.6684094729737585e-05,3.832690162925632e-05,0.00015430093396908,0.00018045840632986793,1.8019501292405109e-06,2.159362892524455e-06,7.626621483581786e-07,2.217365326321251e-06,2.245167036581052e-06,5.677330513823362e-06,3.225639276823521e-06,1.989732784874857e-05,2.4273477857523224e-05,3.3120458511831016e-05,2.267430964364332e-05,3.0508948332601927e-05,2.1327239672388376e-06,2.9877476702825784e-06,1.5566799506167191e-06,2.116947947374672e-06,6.296150080612591e-06,1.0773206938236119e-05,2.7253167206026495e-05,1.70316611374595e-06,0.0011975701471540429,0.026478043187849548,0.15755986360625668,0.2927876478140756,0.07657863909251433,0.06406645274461314,0.010075717039496576,0.14708931816259727,0.052473054032854134,0.14009913732420848,0.03557516631253377,0.07276232036099932,0.10452464171556791,0.012065078490401894,0.033892106983003045,0.03650079100471745,0.009908396690654674,0.0005173831622932354,0.012672110269903608,0.10302646444140304,0.051467241327732574,0.0734799758827105,0.07007608283759259,0.07682409044294598
466,24,2.4405221473942082e-05,7.234863777368711e-07,0.00018529560434355546,0.07388427161046833,0.00047426789876879914,0.26838867716290266,236,False,100,0,24,0,0,0,0,9841,10753,10971,11139,11188,10949,10542,11167,11192,11121,10930,11003,11172,10549,10742,10743,10432,9592,10602,11179,11036,11085,10966,11207,1.578777220241737e-05,3.652557829044731e-05,0.00015254819935030568,0.00018529560434355546,1.7864421220224988e-06,2.0796553946010897e-06,7.234863777368711e-07,2.1857582074593502e-06,2.210866772528282e-06,5.5854573454084705e-06,3.0818804333131186e-06,1.9209598483957002e-05,2.3643904182012683e-05,3.1436667202613215e-05,2.1653561023776556e-05,2.915679744635077e-05,2.0230772301345613e-06,2.8266978011810354e-06,1.477792064019836e-06,2.061176214785061e-06,6.042382487758985e-06,1.0402933712316994e-05,2.6291402333453794e-05,1.6886243524540483e-06,0.001097772634891206,0.024271539588862086,0.14442987497240195,0.26838867716290266,0.15353041916813814,0.05872758168256205,0.00923607395287186,0.13483187498238083,0.13143363286344964,0.12842420921385778,0.032610569119822616,0.06669879366424937,0.09581425490593724,0.011059655282868402,0.031067764734419457,0.033459058420991,0.00908269696643345,0.00047426789876879914,0.011616101080744973,0.09444092573795278,0.047178304550421525,0.06735664455915129,0.0642364092677932,0.15375541623936717
467,24,2.4032854340830197e-05,7.038576126315151e-07,0.0001889666484056914,0.07119947119848484,0.0004347455738713992,0.2460229540659941,237,False,100,0,24,0,0,0,0,9841,10753,10971,11139,11188,10949,11214,11167,11192,11121,10930,11003,11172,10549,10742,10743,10432,9592,10602,11179,11036,11085,10966,11207,1.4939185372288236e-05,3.47874090754416e-05,0.00015026175250106914,0.0001889666484056914,1.7641573920722053e-06,1.999897260258163e-06,7.038576126315151e-07,2.1472170920685535e-06,2.1698166585346883e-06,5.47713104256069e-06,2.9420845604735393e-06,1.8514169496333197e-05,2.2974539808280087e-05,2.9830075481190197e-05,2.0662412276684285e-05,2.7840844053759866e-05,1.9186238304713696e-06,2.674296777880657e-06,1.4024870902206266e-06,2.0020535846369858e-06,5.791881084415023e-06,1.0028172637940013e-05,2.5322126155065736e-05,1.6676649299569601e-06,0.0010062915819836053,0.022248911289790244,0.13239405205803512,0.2460229540659941,0.1407362175707933,0.05383361654234854,0.09179973445679922,0.12359588540051576,0.12048083012482882,0.11772219177936963,0.02989302169317073,0.06114056085889525,0.0878297336637758,0.010138017342629368,0.028478784339884503,0.03067080355257508,0.008325805552563995,0.0004347455738713992,0.010648092657349558,0.08657084859312338,0.04324677917121973,0.06174359084588868,0.058883375162143765,0.14094246488608655
468,24,2.3602478510802348e-05,6.831626357960709e-07,0.00019150696668445306,0.06526618193194443,0.00039851677604878255,0.22552104122716124,238,False,100,0,24,0,0,0,0,9841,10753,10971,11139,11188,10949,11214,11167,11192,11121,10930,11003,11172,10549,10742,10743,10432,9592,10602,11179,11036,11085,10966,11207,1.4135847555972873e-05,3.311319067524031e-05,0.00014751145410685275,0.00019150696668445306,1.7359187195920978e-06,1.920563535485475e-06,6.831626357960709e-07,2.102727611065945e-06,2.1230057843743e-06,5.354830173877344e-06,2.8064928919024855e-06,1.781615839085622e-05,2.2274255288583263e-05,2.8298283720958564e-05,1.9702338978903732e-05,2.6563531061334386e-05,1.8191777530995077e-06,2.5300844268344433e-06,1.3306586561845253e-06,1.9403449061680347e-06,5.545654625935217e-06,9.6517260304772e-06,2.435204444474471e-05,1.64106560056394e-06,0.0009224339501516381,0.020394835348974388,0.12136121438653219,0.22552104122716124,0.12900819943989386,0.049347481830486165,0.08414975658539928,0.11329622828380612,0.11044076094775976,0.10791200913108882,0.02740193655207317,0.05604551412065398,0.08051058919179449,0.009293182564076921,0.02610555231156079,0.028114903256527154,0.007631988423183662,0.00039851677604878255,0.009760751602570427,0.0793566112103631,0.03964288090695142,0.05659829160873129,0.053976427231965114,0.12919725947891267
469,24,2.3341969218394336e-05,6.616568836427167e-07,0.00019794681193977518,0.06677177788206018,0.000365307044711384,0.2900609544582311,239,False,100,0,24,0,0,0,0,11256,10753,10971,11259,11188,10949,11214,11167,11192,11121,10930,11003,11172,10549,10742,10743,10432,9592,10602,11179,11036,11085,10966,11207,1.3720344415922236e-05,3.15031833538509e-05,0.00014436468738382452,0.00019794681193977518,1.702530170406563e-06,1.8420608271140788e-06,6.616568836427167e-07,2.053228111377093e-06,2.071371588196788e-06,5.220894715736184e-06,2.6752829395945444e-06,1.7120014164597354e-05,2.1551090193356114e-05,2.6838798691202428e-05,1.8774391272022744e-05,2.5326682466831357e-05,1.7245509932981598e-06,2.3936244859743344e-06,1.262195176335257e-06,1.8767421737893142e-06,5.304538593714805e-06,9.276032928956957e-06,2.3386961089459562e-05,1.609586682484933e-06,0.08417889778763901,0.018695265736559854,0.11124777985432117,0.2900609544582311,0.11825751615323603,0.04523519167794565,0.07713727686994934,0.10385487592682227,0.10123736420211311,0.09891934170349809,0.025118441839400405,0.05137505461059948,0.07380137342581161,0.008518750683737177,0.023930089618930724,0.025771994651816555,0.0069959893879183565,0.000365307044711384,0.008947355635689559,0.07274356027616617,0.0363393074980388,0.05188176730800368,0.04947839162930135,0.11843082118900328
470,24,2.3046761189089962e-05,6.395706828572116e-07,0.00020309761737544166,0.06815190750299961,0.006412990272258493,0.2658892082533785,240,False,100,0,24,0,0,0,0,11256,10753,10971,11259,11188,10949,11214,11167,11192,11121,10930,11003,11292,10549,10742,10743,10432,11297,10602,11179,11036,11085,10966,11207,1.3288540607237077e-05,2.9957192604588943e-05,0.00014088539703089223,0.00020309761737544166,1.6647633461055604e-06,1.7647330741393294e-06,6.395706828572116e-07,1.999599017084785e-06,2.015790187429729e-06,5.077504029182397e-06,2.5485767867194985e-06,1.64295643268715e-05,2.134900276567711e-05,2.5449065833219623e-05,1.7879250672117852e-05,2.4131582800186078e-05,1.6345551570163594e-06,2.3229047866664913e-06,1.1969814639204166e-06,1.8118651135639333e-06,5.069213147570602e-06,8.903194210936918e-06,2.2431845516768686e-05,1.5739580019651613e-06,0.07716398963866909,0.017137326925179865,0.10197713153312774,0.2658892082533785,0.10840272314046635,0.04146559237145018,0.07070917046412023,0.09520030293292041,0.09280091718527035,0.09067606322820658,0.023025238352783705,0.04709380005971619,0.150984592306994,0.007808854793425745,0.021935915484019828,0.023624328430831842,0.006412990272258493,0.08366819812431878,0.008201742666048763,0.066681596919819,0.03331103187320223,0.047558286699003374,0.04535519232685957,0.10856158608991967
471,24,2.271819904891373e-05,6.171096374608052e-07,0.00020697640046616958,0.06941702632219408,0.005878574416236951,0.24373177423226358,241,False,100,0,24,0,0,0,0,11256,10753,10971,11259,11188,10949,11214,11167,11192,11121,11314,11003,11316,10549,10742,10743,10432,11297,10602,11179,11036,11085,10966,11207,1.2845063340734758e-05,2.847464186965649e-05,0.00013713341121449242,0.00020697640046616958,1.6233472529013223e-06,1.6888673478654708e-06,6.171096374608052e-07,1.942655813882639e-06,1.957070211799738e-06,4.926663312775062e-06,2.4890265409307955e-06,1.5748064735219713e-05,2.16109926242421e-05,2.4126496664021958e-05,1.7017281593568877e-05,2.2979049649834707e-05,1.5490027977939784e-06,2.2494770178635194e-06,1.1349001038387377e-06,1.7462632688032736e-06,4.840220248417646e-06,8.534999355376696e-06,2.1490902841591526e-05,1.5348692646876593e-06,0.07073365716878,0.01570921634808154,0.09347903723870042,0.24373177423226358,0.09936916287876082,0.038010126340496,0.0648167395921102,0.08726694435517704,0.08506750741983116,0.08311972462585603,0.10443980182338507,0.0431693167214065,0.22173587628141117,0.007158116893973599,0.020107922527018176,0.021655634394929187,0.005878574416236951,0.07669584828062555,0.007518264110544699,0.06112479717650074,0.030535112550435378,0.04359509614075309,0.04157559296628794,0.09951478724909303
472,24,2.2350989139093865e-05,5.944554852063867e-07,0.00020962425964756473,0.06710449635090013,0.005388693214883872,0.2234207930462416,242,False,100,0,24,0,0,0,0,11256,10753,10971,11259,11188,10949,11214,11167,11192,11121,11314,11003,11316,10549,11342,10743,10432,11297,10602,11179,11036,11085,10966,11207,1.2394043317514384e-05,2.705463694405915e-05,0.00013316400472795345,0.00020962425964756473,1.5789613129174115e-06,1.6146995386024784e-06,5.944554852063867e-07,1.8831450579187204e-06,1.895949537383168e-06,4.770197027960801e-06,2.424411818570102e-06,1.5078250391321575e-05,2.175303143027322e-05,2.286849189023796e-05,1.660607977129731e-05,2.1869499370142632e-05,1.4677085238175209e-06,2.1741203286320993e-06,1.0758326149795384e-06,1.6804191853372911e-06,4.617979763580856e-06,8.172953823760898e-06,2.056764442447686e-05,1.4929634047442603e-06,0.06483918573804832,0.014400114985741412,0.08568911746880872,0.2234207930462416,0.09108839930553075,0.03484261581212133,0.05941534462610102,0.07999469899224562,0.07797854846817856,0.0761930809070347,0.09573648500476964,0.039571873661289295,0.20325788659129357,0.006561607152809132,0.10176559564976667,0.019850998195351754,0.005388693214883872,0.07030452759057342,0.00689174210133264,0.05603106407845901,0.027990519837899096,0.039962171462357,0.038110960219097274,0.09122188831166861
473,24,2.1963657757192913e-05,5.717672928879462e-07,0.00021110162275223598,0.07540134387721399,0.004939635446976882,0.20480239362572145,243,False,100,0,24,0,0,0,0,11256,10753,10971,11259,11356,10949,11214,11167,11360,11121,11314,11003,11316,10549,11342,10743,10432,11297,10602,11179,11036,11373,11374,11207,1.1939131894312457e-05,2.5696022716399077e-05,0.00012902766236668766,0.00021110162275223598,1.5717471378679349e-06,1.5424198250929314e-06,5.717672928879462e-07,1.8217428437371456e-06,1.8803697055352564e-06,4.609747907678883e-06,2.3557248467475073e-06,1.4422385774774186e-05,2.1782972721726737e-05,2.1672460759673713e-05,1.6162877713320087e-05,2.0803006202963565e-05,1.3904899050427997e-06,2.097529781802595e-06,1.0196604275577977e-06,1.614752360589627e-06,4.402804439764418e-06,8.019939709120304e-06,2.0172114634946927e-05,1.4488324521644127e-06,0.05943592025987763,0.013200105403596294,0.07854835767974133,0.20480239362572145,0.16683103269673655,0.03193906449444455,0.05446406590725927,0.07332847407622516,0.1548136694291637,0.06984365749811514,0.0877584445877055,0.03627421752284852,0.18631972937535243,0.006014806556741704,0.09328512934561944,0.018196748345739106,0.004939635446976882,0.06444581695802563,0.00631743025955492,0.05136180873858742,0.02565797651807417,0.11996532384049392,0.11826838020083918,0.08362006428569622
474,24,2.1524350006635954e-05,5.491828816808332e-07,0.0002114836561882365,0.06911789855411284,0.004527999159728809,0.18773552749024466,244,False,100,0,24,0,0,0,0,11256,10753,10971,11259,11356,10949,11214,11167,11360,11121,11314,11003,11316,10549,11342,10743,10432,11297,10602,11179,11036,11373,11374,11207,1.148352506415704e-05,2.439743290609109e-05,0.0001247700041788401,0.0002114836561882365,1.5579337252798e-06,1.472177854419094e-06,5.491828816808332e-07,1.759055216631284e-06,1.8575808369319331e-06,4.4467803046531895e-06,2.2838746428539612e-06,1.3782313658801022e-05,2.1709714154954335e-05,2.0535837125369355e-05,1.569418139271567e-05,1.9779355141436548e-05,1.3171682070496629e-06,2.020319360896408e-06,9.662656984567657e-07,1.5496236801217026e-06,4.194913685621589e-06,7.84578737249074e-06,1.9724701405558054e-05,1.4030154760161641e-06,0.054482926904887825,0.01210009661996327,0.07200266120642955,0.18773552749024466,0.15292844663867516,0.02927747578657417,0.049925393748320994,0.0672177679032064,0.1419125303100667,0.06402335270660554,0.08044524087206337,0.03325136606261114,0.17079308526073972,0.005513572677013229,0.08551136856681782,0.016680352650260848,0.004527999159728809,0.059075332211523494,0.005790977737925343,0.0470816580103718,0.023519811808234654,0.10996821352045276,0.10841268185076924,0.07665172559522154
475,24,2.1059908331018704e-05,5.268203935604212e-07,0.00021085601240242028,0.06683029589682565,0.004150665896418075,0.17209090019939094,245,False,100,0,24,0,0,0,0,11256,10753,10971,11259,11356,10949,11214,11167,11360,11121,11314,11003,11316,10549,11342,11415,10432,11297,10602,11179,11036,11373,11374,11207,1.1029992064175003e-05,2.3157333445580313e-05,0.00012043183791289856,0.00021085601240242028,1.5382401108050055e-06,1.4040875855987437e-06,5.268203935604212e-07,1.6956200743490014e-06,1.82844907743311e-06,4.282586795747165e-06,2.209684987759244e-06,1.3159501655169549e-05,2.1542810465175354e-05,1.9456092647505978e-05,1.5205931425473505e-05,1.9282890010217915e-05,1.2475689752909994e-06,1.9430261051127113e-06,9.155319852481819e-07,1.4853401192109349e-06,3.994446149475779e-06,7.653954740293676e-06,1.9234042623230414e-05,1.3559981927169736e-06,0.049942682996147174,0.01109175523496633,0.06600243943922708,0.17209090019939094,0.14018440941878557,0.02683768613769299,0.04576494426929424,0.06161628724460586,0.13008648611756113,0.05868807331438841,0.07374147079939142,0.03048041889072688,0.15656032815567808,0.005054108287262126,0.07838542118624967,0.09862365659607245,0.004150665896418075,0.0541523878605632,0.005308396259764898,0.04315818650950748,0.021559827490881766,0.10080419572708169,0.09937829169653847,0.07026408179561974
476,24,2.0785203046414197e-05,5.04779927722254e-07,0.00021470914293152883,0.07167777123875683,0.0038047770717165685,0.24108332518277503,246,False,100,0,24,0,0,0,0,11256,10753,10971,11427,11356,10949,11214,11167,11360,11433,11434,11003,11316,10549,11342,11415,10432,11297,10602,11179,11036,11373,11374,11207,1.0580906822775879e-05,2.1974060132391152e-05,0.00011604930817167716,0.00021470914293152883,1.513383748590294e-06,1.3382317702224537e-06,5.04779927722254e-07,1.6319101658534112e-06,1.7938224939508102e-06,4.224507646174286e-06,2.1889277521505264e-06,1.255508598217302e-05,2.1292139614752744e-05,1.8430747512506885e-05,1.4703494658183629e-05,1.8751736751170685e-05,1.181522490658511e-06,1.8661150060614855e-06,8.673447973693507e-07,1.422159534525232e-06,3.8014711102960926e-06,7.447671451920914e-06,1.8708188769780275e-05,1.3082138715048262e-06,0.04578079274646824,0.010167442298719135,0.06050223615262482,0.24108332518277503,0.12850237530055345,0.024601212292885238,0.04195119891351972,0.056481596640888705,0.11924594560776436,0.13713073387152272,0.1509296815661088,0.027940383983166305,0.1435136341427049,0.004632932596656949,0.0718533027540622,0.09040501854639973,0.0038047770717165685,0.04963968887218293,0.0048660299047844895,0.03956167096704852,0.01976317519997495,0.09240384608315821,0.0910967673884936,0.06440874164598476
477,24,2.04782968458943e-05,4.831451915553602e-07,0.00021729467609022735,0.06917684585774933,0.0034877123157401875,0.22099304808421044,247,False,100,0,24,0,0,0,0,11256,11449,10971,11427,11356,10949,11214,11167,11360,11433,11434,11003,11316,10549,11342,11415,10432,11297,10602,11179,11036,11373,11374,11207,1.0138280817569558e-05,2.138346383807273e-05,0.00011165411611731133,0.00021729467609022735,1.4840651490718468e-06,1.2746660590999358e-06,4.831451915553602e-07,1.5683368566075777e-06,1.7545162273051512e-06,4.152690626059031e-06,2.1600482151878242e-06,1.1969912146378613e-05,2.0967623768633677e-05,1.745737900629134e-05,1.4191670665860541e-05,1.8193285461575534e-05,1.1188641148040308e-06,1.7899843674095088e-06,8.215920409078946e-07,1.3602954118608818e-06,3.6159987235441923e-06,7.229916622927848e-06,1.815455156740644e-05,1.2600452157950419e-06,0.04196572668426255,0.09265348877382588,0.05546038313990609,0.22099304808421044,0.11779384402550731,0.022551111268478134,0.03845526567072641,0.051774796920814645,0.10930878347378399,0.1257031727155625,0.1383522081022664,0.025612018651235777,0.13155416463081282,0.0042468548802688695,0.06586552752455702,0.08287126700086642,0.0034877123157401875,0.04550304813283435,0.0044605274127191155,0.03626486505312781,0.01811624393331037,0.08470352557622836,0.08350537010611912,0.059041346508819356
478,24,2.0356597365486554e-05,4.6198512408800695e-07,0.00022431701791674198,0.07382877536960354,0.0031970696227618385,0.28591029407719293,248,False,100,0,24,0,0,0,0,11256,11449,10971,11475,11476,10949,11214,11479,11360,11433,11434,11003,11316,10549,11342,11415,10432,11297,10602,11179,11036,11373,11374,11207,9.703796229396696e-06,2.0759706196398748e-05,0.00010727378779160184,0.00022431701791674198,1.488376063527869e-06,1.2134227357043398e-06,4.6198512408800695e-07,1.544074768127494e-06,1.7113014962939572e-06,4.069049523104544e-06,2.124053765526859e-06,1.1404572382933642e-05,2.0579003619037816e-05,1.6533628239896526e-05,1.3674709575930784e-05,1.761425764917749e-05,1.059434541415949e-06,1.71497138901831e-06,7.781643715830465e-07,1.2999214704296295e-06,3.437989179746829e-06,7.003407235289642e-06,1.757987856009307e-05,1.2118269466122571e-06,0.03846858279390734,0.08493236470934039,0.050838684544913915,0.28591029407719293,0.19131102369004838,0.020671851996104957,0.03525066019816587,0.13079356384408009,0.10019971818430198,0.11522790832259895,0.12682285742707752,0.023477683763632795,0.12059131757824508,0.0038929503069131304,0.06037673356417726,0.07596532808412755,0.0031970696227618385,0.041711127455098154,0.004088816794992523,0.033242792965367154,0.01660655693886784,0.07764489844487599,0.07654658926394253,0.054121234299751075
479,24,2.019060257632759e-05,4.4135546103535037e-07,0.00022988659217922,0.07114859964435881,0.0029306471541983518,0.26208443623742683,249,False,100,0,24,0,0,0,0,11256,11449,10971,11475,11476,10949,11214,11479,11360,11433,11434,11003,11316,11509,11342,11415,10432,11297,10602,11179,11036,11373,11374,11207,9.278838546464287e-06,2.011060477098219e-05,0.00010293197305006489,0.00022988659217922,1.4854457274856128e-06,1.1545140858981909e-06,4.4135546103535037e-07,1.5151336126170784e-06,1.6648979549728482e-06,3.975411909624521e-06,2.0819251192691084e-06,1.0859439817216877e-05,2.0135662435217404e-05,1.606100325821756e-05,1.3156338145705695e-05,1.702070319221805e-05,1.0030799676412144e-06,1.641357789890677e-06,7.369554688155752e-07,1.2411760527665991e-06,3.2673608441204355e-06,6.770595088557001e-06,1.6990248493994372e-05,1.163848859866604e-06,0.035262867561081726,0.07785466765022869,0.04660212749950442,0.26208443623742683,0.17536843838254434,0.01894919766309621,0.03231310518165204,0.11989410019040674,0.09184974166894348,0.10562558262904903,0.11625428597482106,0.021521210116663393,0.11054204111339132,0.08690187111467038,0.05534533910049582,0.06963488407711692,0.0029306471541983518,0.03823520016717331,0.0037480820620764787,0.030472560218253224,0.015222677193962185,0.07117449024113631,0.07016770682528065,0.049611131441438486
480,24,1.9964081468605148e-05,4.213002198066348e-07,0.0002340274610782093,0.06521954967399557,0.002686426558015156,0.24024406655097458,250,False,100,0,24,0,0,0,0,11256,11449,10971,11475,11476,10949,11214,11479,11360,11433,11434,11003,11316,11509,11342,11415,10432,11297,10602,11179,11036,11373,11374,11207,8.864527997857772e-06,1.944321637297005e-05,9.864876065752446e-05,0.0002340274610782093,1.475915869273535e-06,1.0979354195823211e-06,4.213002198066348e-07,1.4822030407176573e-06,1.615968892086366e-06,3.873497150800322e-06,2.034600352398234e-06,1.0334699398649821e-05,1.9646494879698074e-05,1.5567403217270782e-05,1.263979151773176e-05,1.6418013194620917e-05,9.496521980484082e-07,1.5693753292890307e-06,6.978622422417796e-07,1.1841662525756186e-06,3.1039974515546287e-06,6.533670450637364e-06,1.6391082891665617e-05,1.116359171313067e-06,0.03232429526432491,0.0713667786793763,0.042718616874545715,0.24024406655097458,0.16075440185066564,0.017370097857838194,0.02962034641651437,0.1099029251745395,0.08419559652986486,0.09682345074329494,0.10656642881025263,0.019727775940274778,0.10133020435394204,0.07966004852178117,0.05073322750878783,0.06383197707069051,0.002686426558015156,0.03504893348657553,0.003435741890236772,0.027933180200065456,0.013954120761132003,0.06524328272104161,0.06432039792317393,0.04547687048798528
481,24,1.9683048377812282e-05,4.018530902890487e-07,0.00023678995714539308,0.06325680942338482,0.0024625576781805592,0.22022372767172668,251,False,100,0,24,0,0,0,0,11256,11449,10971,11475,11476,10949,11214,11551,11360,11433,11434,11003,11316,11509,11342,11415,10432,11297,10602,11179,11036,11373,11374,11207,8.461749381163569e-06,1.876384701162827e-05,9.444099821186112e-05,0.00023678995714539308,1.4604568343925948e-06,1.0436677640398665e-06,4.018530902890487e-07,1.4832267109609978e-06,1.5651187775785018e-06,3.76490162207069e-06,1.9829632648999734e-06,9.830375721018915e-06,1.9119814943142108e-05,1.5058397736800113e-05,1.212784854042146e-05,1.581094475105848e-05,8.990086919297925e-07,1.499211123118397e-06,6.607849806428087e-07,1.1289717513843135e-06,2.9477544338084313e-06,6.2945707773380805e-06,1.578716980186417e-05,1.0695680006899971e-06,0.029630603992297836,0.0654195471227616,0.039158732135000235,0.22022372767172668,0.1473582016964435,0.015922589703018342,0.02715198421513817,0.18407768140999456,0.07717929681904279,0.08875482984802036,0.09768589307606491,0.018083794611918544,0.09288602065778019,0.07302171114496607,0.04650545854972218,0.05851264564813296,0.0024625576781805592,0.0321281890293609,0.003149430066050374,0.025605415183393335,0.012791277364371002,0.059806342494288144,0.05896036476290943,0.04168713128065317
482,24,1.9368678735027043e-05,3.8303872314307524e-07,0.00023824533705261354,0.0649298530825472,0.0022573445383321793,0.21841168488840657,252,False,100,0,24,0,0,0,0,11256,11449,10971,11475,11572,10949,11214,11551,11360,11433,11434,11003,11316,11509,11342,11583,10432,11297,10602,11179,11036,11373,11374,11207,8.071179998862311e-06,1.8078076520160144e-05,9.032260824174332e-05,0.00023824533705261354,1.4768783469678876e-06,9.916802512847826e-07,3.8303872314307524e-07,1.4773104398191913e-06,1.5128926962580032e-06,3.6510899744634853e-06,1.927835486269556e-06,9.346357887485689e-06,1.8563297148291434e-05,1.4538976964692307e-05,1.162286895883027e-05,1.559575515863839e-05,8.510125633231247e-07,1.4310126836881174e-06,6.256274520196006e-07,1.0756483494057596e-06,2.7984644557534484e-06,6.054993106008761e-06,1.5182696301526003e-05,1.023650879400749e-06,0.02716138699293968,0.0599679181958648,0.035895504457083546,0.20187175036574945,0.21841168488840657,0.014595707227766814,0.024889318863876655,0.16873787462582834,0.07074768875078921,0.08135859402735199,0.08954540198639284,0.016576811727591997,0.0851455189362985,0.06693656854955223,0.04263000367057866,0.1369699251774552,0.0022573445383321793,0.02945083994358082,0.002886977560546176,0.023471630584777223,0.011725337584006752,0.05482248061976413,0.05404700103266698,0.03821320367393207
483,24,1.902175046565183e-05,3.648739119446344e-07,0.00023848065527027715,0.06299125421455716,0.0020692324934711644,0.200210711147706,253,False,100,0,24,0,0,0,0,11256,11449,10971,11475,11572,10949,11214,11551,11360,11433,11434,11003,11316,11509,11342,11583,10432,11297,10602,11179,11036,11373,11614,11207,7.693315537101751e-06,1.7390793835157475e-05,8.630489407994806e-05,0.00023848065527027715,1.485201680360655e-06,9.419322230313503e-07,3.648739119446344e-07,1.4651092855934568e-06,1.4597772551568846e-06,3.5333913429504972e-06,1.8699717281032612e-06,8.88242160667584e-06,1.798394532038258e-05,1.4013567830150514e-05,1.1126831147040757e-05,1.532993538454721e-05,8.055325418809196e-07,1.3648926360117486e-06,5.92296962435779e-07,1.0242311871248645e-06,2.6559422356130514e-06,5.816408957024896e-06,1.4957337022957242e-05,9.787521941733867e-07,0.024897938076861373,0.05497059167954273,0.03290421241899325,0.18504910450193698,0.200210711147706,0.01337939829211958,0.022815208958553598,0.15467638507367598,0.06485204802155678,0.07457871119173932,0.08208328515419343,0.015195410750292664,0.07805005902494029,0.06135852117042287,0.039077503364697105,0.1255557647460006,0.0020692324934711644,0.026996603281615753,0.002646396097167328,0.02151566136937912,0.010748226118672856,0.05025394056811711,0.13287641761327806,0.03502877003443773
484,24,1.863015100789117e-05,3.473686690039892e-07,0.00023759404521363708,0.057741983030010734,0.0018967964523485673,0.1835264852187305,254,False,100,0,24,0,0,0,0,11256,11449,10971,11475,11572,10949,11214,11551,11360,11433,11434,11003,11316,11509,11342,11583,10432,11297,10602,11179,11036,11373,11614,11207,7.328493812937146e-06,1.6706239564423484e-05,8.239683097792003e-05,0.00023759404521363708,1.4859771306698776e-06,8.94375077277271e-07,3.473686690039892e-07,1.4472974525409616e-06,1.4062026029444296e-06,3.4129994853916607e-06,1.8100576157598859e-06,8.438248722293666e-06,1.7388083600830428e-05,1.3486059236584385e-05,1.0641369368382853e-05,1.502054847550322e-05,7.62442901609862e-07,1.300933083648151e-06,5.607043802653295e-07,9.747376624238352e-07,2.5199887209550133e-06,5.580080788769069e-06,1.4685551142974833e-05,9.349885026416248e-07,0.02282310990378959,0.05038970903958083,0.030162194717410478,0.16962834579344224,0.1835264852187305,0.012264448434442948,0.0209139415453408,0.1417866863175363,0.05944771068642705,0.06836381859242771,0.07524301139134397,0.013929126521101608,0.0715458874395286,0.056245311072887626,0.03582104475097234,0.11509278435050055,0.0018967964523485673,0.024746886341481106,0.0024258630890700507,0.019722689588597526,0.00985254060878345,0.04606611218744069,0.12180338281217155,0.03210970586490125
485,24,1.8226546312810384e-05,3.3052719727279763e-07,0.00023569052566208747,0.0598745955552876,0.0017387300813195199,0.18883505232129216,255,False,100,0,24,0,0,0,0,11256,11449,10971,11475,11572,10949,11214,11551,11360,11433,11434,11003,11316,11509,11654,11655,10432,11297,10602,11179,11036,11373,11614,11207,6.9769163863843116e-06,1.6028053087537157e-05,7.86053394397363e-05,0.00023569052566208747,1.4798214073971698e-06,8.489538801819708e-07,3.3052719727279763e-07,1.4245498036248833e-06,1.3525452526283576e-06,3.2909759521518878e-06,1.748709576824953e-06,8.013444385473548e-06,1.6781364900166087e-05,1.2959833481566748e-05,1.043003674867557e-05,1.5052787737650967e-05,7.216233635312654e-07,1.2391896124912994e-06,5.30764131608185e-07,9.271700540483447e-07,2.3903946881370303e-06,5.347079242237054e-06,1.4374053839919368e-05,8.924516761164906e-07,0.02092118407847379,0.04619056661961576,0.027648678490959602,0.15549265031065537,0.16823261145050294,0.011242411064906034,0.019171113083229066,0.12997112912440828,0.05449373479589146,0.0626668337097254,0.06897276044206531,0.012768365977676473,0.06558373015290121,0.051558201816813656,0.11616929102172466,0.18883505232129216,0.0017387300813195199,0.022684645813024346,0.0022237078316475465,0.018079132122881064,0.009031495558051496,0.042227269505153965,0.11165310091115725,0.029433897042826146
486,24,1.778677059170296e-05,3.143487625894797e-07,0.00023287839245793174,0.0548850459256803,0.0015938359078762265,0.17309879796118446,256,False,100,0,24,0,0,0,0,11256,11449,10971,11475,11572,10949,11214,11551,11360,11433,11434,11003,11316,11509,11654,11655,10432,11297,10602,11179,11036,11373,11614,11207,6.638668085533937e-06,1.5359321981954834e-05,7.49355389583578e-05,0.00023287839245793174,1.4673918343285632e-06,8.056087661194748e-07,3.143487625894797e-07,1.397526979613193e-06,1.299131449731312e-06,3.168255506952172e-06,1.686476320825091e-06,7.6075520789044845e-06,1.6168792574406094e-05,1.2437801669910854e-05,1.019270628814105e-05,1.5012736631811067e-05,6.829589774608761e-07,1.179694932598707e-06,5.023941718646536e-07,8.81517866345272e-07,2.2669438283213122e-06,5.1183005782222445e-06,1.402922165852736e-05,8.512118404195083e-07,0.019177752071934305,0.04234135273464778,0.0253446219500463,0.1425349294514341,0.15421322716296101,0.010305543476163864,0.01757352032629331,0.11914020169737426,0.04995259022956717,0.057444597567248276,0.06322503040522653,0.011704335479536766,0.060118419306826106,0.04726168499874585,0.10648851676991426,0.17309879796118446,0.0015938359078762265,0.020794258661938982,0.0020383988456769177,0.01657253777930764,0.008278870928213871,0.038708330379724466,0.10234867583522747,0.0269810722892573
487,24,1.732196595192541e-05,2.9882847175729594e-07,0.0002292662103291704,0.053783514320762504,0.0014610162488865408,0.15867389813108576,257,False,100,0,24,0,0,0,0,11256,11449,10971,11475,11572,10949,11214,11551,11360,11433,11434,11003,11316,11509,11654,11655,10432,11297,10602,11179,11036,11709,11614,11207,6.313734529953767e-06,1.4702632048144883e-05,7.139098127773132e-05,0.0002292662103291704,1.4493642175398926e-06,7.642761476469105e-07,2.9882847175729594e-07,1.366863862007513e-06,1.2462408752926945e-06,3.0456531393867526e-06,1.623841505959849e-06,7.220066696545954e-06,1.5554751714609864e-05,1.19224413199072e-05,9.933803976482607e-06,1.490694311279693e-05,6.463399873600265e-07,1.1224621667597303e-06,4.755159377790278e-07,8.377599128604762e-07,2.1494153783259986e-06,5.020712167396107e-06,1.3657023972787034e-05,8.113200980076212e-07,0.01757960606593978,0.03881290667342713,0.023232570120875772,0.13065701866381457,0.14136212489938094,0.009446748186483542,0.0161090602991022,0.1092118515559264,0.04578987437710324,0.05265754776997759,0.057956277871457657,0.010728974189575368,0.05510855103125726,0.04332321124885036,0.09761447370575474,0.15867389813108576,0.0014610162488865408,0.019061403773444067,0.001868532275203841,0.015191492964365337,0.007588965017529381,0.11881596951474743,0.09381961951562517,0.024732649598485857
488,24,1.6832561819650715e-05,2.8395796272535156e-07,0.00022496038644243316,0.05277377701625451,0.0013392648948126623,0.1454510732868286,258,False,100,0,24,0,0,0,0,11256,11449,10971,11475,11572,10949,11214,11551,11360,11433,11434,11003,11316,11509,11654,11655,10432,11297,10602,11179,11036,11709,11614,11735,6.002017762632915e-06,1.4060116619316594e-05,6.797386302256253e-05,0.00022496038644243316,1.4264144502884117e-06,7.248897557766211e-07,2.8395796272535156e-07,1.33316103319244e-06,1.1941105153530927e-06,2.923872123076924e-06,1.5612272500012643e-06,6.850445874008116e-06,1.4943047026681974e-05,1.1415834745598519e-05,9.657444023405225e-06,1.4742211553970655e-05,6.116616840583213e-07,1.067487800621796e-06,4.5005428366440286e-07,7.958661578966265e-07,2.0375863496619487e-06,4.9101068684794754e-06,1.3262978612648732e-05,7.927417535620587e-07,0.01611463889377813,0.035578497783974865,0.021296522610802792,0.11976893377516336,0.12958194782443253,0.008659519170943247,0.014766638607510348,0.10011086392626586,0.04197405151234464,0.04826941878914612,0.05312658804883618,0.009834893007110754,0.05051617177865249,0.039712943644779494,0.08947993423027517,0.1454510732868286,0.0013392648948126623,0.017472953458990394,0.0017128212522701876,0.01392553521733489,0.0069565512660685995,0.10891463872185181,0.08600131788932307,0.10600492879861204
489,24,1.6330187323798642e-05,2.6972601355594315e-07,0.00022006328455731954,0.058792628931566636,0.006376838660562882,0.1333301505129262,259,False,100,0,24,0,0,0,0,11736,11449,10971,11475,11572,10949,11214,11551,11360,11433,11434,11003,11316,11509,11654,11655,11752,11297,11754,11179,11036,11709,11614,11735,5.850439021627597e-06,1.3433504187568059e-05,6.468521807152675e-05,0.00022006328455731954,1.3992037240560878e-06,6.873815294653374e-07,2.6972601355594315e-07,1.2969788454926156e-06,1.142938565573384e-06,2.8035126771411446e-06,1.498998200903e-06,6.4981197535879015e-06,1.4336944824548117e-05,1.09197071279879e-05,9.367405190937072e-06,1.4525404134816828e-05,5.937520757944769e-07,1.0147543133141886e-06,4.3692229376249115e-07,7.557993357670324e-07,1.9312334042552566e-06,4.788639467284049e-06,1.2852127572646015e-05,7.725008822366433e-07,0.09810508565262996,0.032613622968643625,0.01952181239323589,0.10978818929389975,0.11878345217239647,0.007937892573364642,0.013536085390217818,0.09176829193241037,0.03847621388631592,0.04424696722338394,0.04869937237809983,0.009015318589851523,0.046306490797098115,0.0364035316743812,0.0820232730444189,0.1333301505129262,0.08456099282024494,0.016016874004074526,0.08490341948124767,0.01276507394922365,0.006376838660562882,0.09983841882836415,0.07883454139854615,0.09717118473206103
490,24,1.5826267593842142e-05,2.5611907699971464e-07,0.00021467182466401613,0.05736546540949163,0.005845435438849309,0.12578094989733996,260,False,100,0,24,0,0,0,0,11736,11449,10971,11475,11572,10949,11214,11551,11360,11433,11434,11003,11772,11509,11654,11655,11752,11297,11754,11179,11036,11709,11614,11735,5.688460545234205e-06,1.2824163663875288e-05,6.152509043327451e-05,0.00021467182466401613,1.368367078989372e-06,6.516823717083327e-07,2.5611907699971464e-07,1.2588337009258064e-06,1.0928882712874113e-06,2.685080880713248e-06,1.4374659361726707e-06,6.162499355458417e-06,1.4093550371291978e-05,1.0435463466805547e-05,9.06712002567288e-06,1.426327936038267e-05,5.751271826596984e-07,9.64232510060521e-07,4.2325745100968303e-07,7.175163674631953e-07,1.8301344206787489e-06,4.658319594348049e-06,1.242902897525202e-05,7.50916547931327e-07,0.08992966184824412,0.02989582105458999,0.017894994693799567,0.1006391735194081,0.10888483115803009,0.007276401525584255,0.012408078274366333,0.08412093427137617,0.03526986272912292,0.04055971995476861,0.044641091346591506,0.00826404204069723,0.12578094989733996,0.033369904034849435,0.07518800029071733,0.12221930463684902,0.07751424341855787,0.014682134503734982,0.07782813452447704,0.011701317786788346,0.005845435438849309,0.09151855059266714,0.07226499628200063,0.08907358600438928
491,24,1.5339926860860936e-05,2.4312174743428995e-07,0.00020887650591937091,0.06300167662536733,0.0053583158189452,0.19863253740589498,261,False,100,0,24,0,0,0,0,11736,11449,10971,11475,11788,10949,11214,11551,11360,11433,11434,11003,11796,11509,11654,11799,11752,11297,11754,11179,11036,11709,11614,11735,5.518315958020666e-06,1.2233146820653057e-05,5.8492688647409186e-05,0.00020887650591937091,1.3689217112565076e-06,6.177227881020879e-07,2.4312174743428995e-07,1.219196156086979e-06,1.0440916298296035e-06,2.568997570013497e-06,1.3768935076849985e-06,5.8429837133058165e-06,1.4166145410361814e-05,9.964223835470332e-06,8.759674376220006e-06,1.432245359125081e-05,5.559880567863163e-07,9.158835796085007e-07,4.09208232972627e-07,6.809695939604276e-07,1.7340697902773e-06,4.52099857711291e-06,1.1997761822846286e-05,7.282816246274725e-07,0.08243552336089044,0.027404502633374156,0.016403745135982938,0.09225257572612408,0.18314442856152757,0.006670034731785567,0.01137407175150247,0.07711085641542816,0.03233070750169601,0.03717974329187123,0.04092100040104221,0.007575371870639127,0.19863253740589498,0.03058907869861198,0.06892233359982422,0.19536769591711162,0.07105472313367804,0.0134586232950904,0.07134245664743728,0.010726207971222649,0.0053583158189452,0.08389200470994487,0.06624291325850057,0.08165078717069017
492,24,1.4841604929773846e-05,2.3071716670980896e-07,0.00020276078884056808,0.061223759128808945,0.004911789500699766,0.18207982595540373,262,False,100,0,24,0,0,0,0,11736,11449,10971,11475,11788,10949,11214,11551,11360,11433,11434,11003,11796,11509,11654,11799,11824,11297,11754,11179,11036,11709,11614,11735,5.342035486438634e-06,1.1661227649495352e-05,5.5586522899958595e-05,0.00020276078884056808,1.363105019659227e-06,5.854334222531739e-07,2.3071716670980896e-07,1.178490494104492e-06,9.96652903831099e-07,2.455607015175459e-06,1.3174999899788515e-06,5.5389659193212054e-06,1.4167277993907498e-05,9.506856549881479e-06,8.447814865621459e-06,1.4310506330542652e-05,5.503509262267244e-07,8.696608997232197e-07,3.9490731493873097e-07,6.461078445601287e-07,1.6428234784143569e-06,4.378362811245056e-06,1.1561940487403193e-05,7.04862004613894e-07,0.07556589641414957,0.025120794080592975,0.015036766374651026,0.08456486108228041,0.16788239284806694,0.006114198504136769,0.010426232438877265,0.07068495171414248,0.029636481876554675,0.03408143135088196,0.037510917034288695,0.006944090881419199,0.18207982595540373,0.02803998880706098,0.06317880579983887,0.17908705459068563,0.14846682953920487,0.012337071353832866,0.0653972519268175,0.009832357306954094,0.004911789500699766,0.07690100431744946,0.060722670486958855,0.074846554906466
493,24,2.2883847131331067e-05,2.1888737513167294e-07,0.00020146593352476312,0.05988395680757608,0.004502473708974785,0.16690650712578675,263,False,100,0,24,0,0,0,0,11736,11449,10971,11475,11835,10949,11214,11551,11360,11433,11434,11003,11796,11509,11654,11799,11824,11297,11754,11179,11036,11709,11614,11735,5.161445365488418e-06,1.1108938509973989e-05,5.280452613601502e-05,0.00020146593352476312,0.00020146593352476312,5.547455009897398e-07,2.1888737513167294e-07,1.1370954418791463e-06,9.506519118438116e-07,2.345185230392143e-06,1.259464925257013e-06,5.249838210268484e-06,1.4102873822255129e-05,9.064009011874587e-06,8.133962295872117e-06,1.4233514755792254e-05,5.42715383060539e-07,8.255116137275588e-07,3.804720893039403e-07,6.128773576214745e-07,1.5561838822138926e-06,4.231932367620248e-06,1.1124736318230638e-05,6.808965976074691e-07,0.0692687383796371,0.023027394573876894,0.013783702510096772,0.16085112265875706,0.16085112265875706,0.005604681962125372,0.009557379735637493,0.06479453907129727,0.027166775053508452,0.031241312071641793,0.034385007281431304,0.006365416641300932,0.16690650712578675,0.02570332307313923,0.05791390531651896,0.16416313337479516,0.13609459374427113,0.011308982074346793,0.05994748093291604,0.009012994198041252,0.004502473708974785,0.07049258729099533,0.05566244794637895,0.06860934199759383
494,24,2.2469654804989532e-05,2.0761361343249213e-07,0.00019936114024532932,0.054893627073611395,0.004127267566560219,0.15299763153197118,264,False,100,0,24,0,0,0,0,11736,11449,10971,11475,11835,10949,11214,11551,11360,11433,11434,11003,11796,11509,11654,11799,11824,11297,11754,11179,11036,11709,11614,11735,4.978171997243478e-06,1.0576603054496275e-05,5.014416048882134e-05,0.00019936114024532932,0.00019936114024532932,5.255912009921492e-07,2.0761361343249213e-07,1.0953457512234574e-06,9.061470766682513e-07,2.2379478170142944e-06,1.2029325876479132e-06,4.974996213632625e-06,1.3979225218242674e-05,8.636136105849493e-06,7.820229269145674e-06,1.4097883783921311e-05,5.333343672404804e-07,7.833780003230968e-07,3.6600540890684623e-07,5.81222569856407e-07,1.4739445126320197e-06,4.083063682566059e-06,1.0688904168705923e-05,6.565979405278808e-07,0.06349634351466733,0.02110844502605382,0.012635060634255374,0.14744686243719396,0.14744686243719396,0.005137625131948258,0.008760931424334368,0.059394994148689165,0.024902877132382747,0.028637869399004975,0.031519590007978694,0.0058349652545258545,0.15299763153197118,0.02356137948371096,0.05308774654014237,0.15048287226022888,0.1247533775989152,0.01036656690148456,0.0549518575218397,0.008261911348204481,0.004127267566560219,0.06461820501674571,0.05102391061751404,0.06289189683112767
495,24,2.1999045902867313e-05,1.9687658116922677e-07,0.00019653905672655875,0.05031915815081045,0.0037833286026802007,0.14024782890430693,265,False,100,0,24,0,0,0,0,11736,11449,10971,11475,11835,10949,11214,11551,11360,11433,11434,11003,11796,11509,11654,11799,11824,11297,11754,11179,11036,11709,11614,11735,4.793649661198762e-06,1.0064365995093779e-05,4.7602510339062563e-05,0.00019653905672655875,0.00019653905672655875,4.979039472110221e-07,1.9687658116922677e-07,1.0535344037113924e-06,8.631782226587421e-07,2.1340572762077302e-06,1.1480160133161458e-06,4.713842460788933e-06,1.3802783328040275e-05,8.223526117273427e-06,7.508440602759703e-06,1.3910142942879258e-05,5.224532465480705e-07,7.431986578399942e-07,3.5159648352557897e-07,5.510867891162133e-07,1.3959045254642254e-06,3.93295532446542e-06,1.0256812035708449e-05,6.32153261659173e-07,0.058204981555111716,0.019349407940549332,0.011582138914734093,0.1351596239007611,0.1351596239007611,0.004709489704285903,0.008030853805639837,0.05444541130296507,0.02282763737135085,0.026251380282421227,0.028892957507313802,0.0053487181499820334,0.14024782890430693,0.021597931193401712,0.048663767661797176,0.1379426329052098,0.11435726279900559,0.009502686326360846,0.050372536061686395,0.007573418735854107,0.0037833286026802007,0.05923335459868357,0.04677191806605453,0.0576509054285337
496,24,2.189528773871052e-05,1.8665665654865974e-07,0.00019807104716646013,0.053070339416020684,0.0034680512191235173,0.20722965524236436,266,False,100,0,24,0,0,0,0,11736,11449,10971,11907,11908,10949,11214,11551,11360,11433,11434,11003,11796,11509,11654,11799,11824,11297,11754,11179,11036,11709,11614,11735,4.609130757502313e-06,9.572219835875712e-06,4.517636328212638e-05,0.00019807104716646013,0.00019807104716646013,4.7161865228913376e-07,1.8665665654865974e-07,1.0119152387322458e-06,8.21769121559363e-07,2.03362975688625e-06,1.0948007623288818e-06,4.465789262836406e-06,1.3579985911860849e-05,7.826324209131302e-06,7.200155382806216e-06,1.3676779068647508e-05,5.103060104193582e-07,7.04909522764257e-07,3.373218715815875e-07,5.2241276433523e-07,1.3218691229687078e-06,3.7826559778462745e-06,9.830472360244612e-06,6.077258668409962e-07,0.05335456642551907,0.017736957278836885,0.010616960671839584,0.20722965524236436,0.20722965524236436,0.004317032228928744,0.007361615988503184,0.049908293694384646,0.02092533425707161,0.02406376525888612,0.026485211048370986,0.00490299163748353,0.128560509828948,0.01979810359395157,0.044608453689980745,0.1264474134964423,0.10482749089908845,0.008710795799164108,0.04617482472321253,0.006942300507866265,0.0034680512191235173,0.05429724171545994,0.042874258227216654,0.05284666330948922
497,24,2.1922942644238126e-05,1.769340822500852e-07,0.00020368540867257777,0.05212003335357451,0.003179046950863224,0.273293850638834,267,False,100,0,24,0,0,0,0,11736,11449,10971,11907,11932,10949,11214,11551,11360,11433,11434,11003,11796,11509,11654,11799,11824,11297,11754,11179,11036,11709,11614,11735,4.425697736765393e-06,9.10002873428862e-06,4.2862280223893586e-05,0.00019856444874546595,0.00020368540867257777,4.4667190514937235e-07,1.769340822500852e-07,9.707058409575166e-07,7.819297925410927e-07,1.9367412270743117e-06,1.0433483934270909e-06,4.230261034269717e-06,1.3317119336026276e-05,7.444553541094576e-06,6.896689739745862e-06,1.3404103140371031e-05,4.971125277006836e-07,6.684447409676392e-07,3.232465206329256e-07,4.951431650533902e-07,1.2516498451496867e-06,3.6330739284722533e-06,9.411573849821479e-06,5.83456738018762e-07,0.04890835255672581,0.016258877505600476,0.009732213949186285,0.18996051730550065,0.273293850638834,0.003957279543184682,0.006748147989461252,0.04574926921985259,0.01918155640231564,0.022058451487312277,0.0242781101276734,0.004494409001026569,0.117847134009869,0.018148261627788938,0.04089108254914901,0.11591012903840545,0.09609186665749775,0.007984896149233766,0.04232692266294481,0.006363775465544076,0.003179046950863224,0.04977247157250494,0.0393014033749486,0.048442774700365114
498,24,2.2090663986403095e-05,1.676891213895956e-07,0.0002133708389442335,0.06166558612966552,0.002914126371624622,0.3338526964189311,268,False,100,0,24,0,0,0,0,11736,11449,10971,11907,11956,10949,11214,11551,11360,11433,11434,11963,11796,11509,11654,11799,11824,11969,11970,11179,11036,11709,11614,11735,4.24427602861116e-06,8.647549679168909e-06,4.065665575449107e-05,0.00019809856393298363,0.0002133708389442335,4.2300211595258475e-07,1.676891213895956e-07,9.300905563561278e-07,7.43658566469154e-07,1.8434330737263867e-06,9.936996446257188e-07,4.110028486311313e-06,1.3020212131610857e-05,7.078134149846594e-06,6.599139636269429e-06,1.3098148411525954e-05,4.830767186660801e-07,6.5008144144168e-07,3.174048596568802e-07,4.692209817399459e-07,1.1850647673795905e-06,3.4849874645448086e-06,9.001512951441808e-06,5.594662552315334e-07,0.04483265651033199,0.014903971046800435,0.008921196120087427,0.1741304741967089,0.3338526964189311,0.003627506247919292,0.006185802323672814,0.0419368301181982,0.017583093368789337,0.02022024719670292,0.022254934283700616,0.08745320825094104,0.10802653950904657,0.01663590649213986,0.03748349233671993,0.10625095161853833,0.08808421110270627,0.09065282147013096,0.12213301244103275,0.005833460843415403,0.002914126371624622,0.045624765608129524,0.03602628642703622,0.04440587680866802
499,24,2.240516172585951e-05,1.5890218736336905e-07,0.00022734046837026412,0.059999009507748946,0.0026712825073225703,0.3893649717173535,269,False,100,0,24,0,0,0,0,11736,11449,10971,11907,11980,10949,11214,11551,11360,11433,11434,11963,11796,11509,11654,11799,11824,11969,11970,11179,11036,11709,11614,11735,4.06564742233559e-06,8.214451187123322e-06,3.8555769870018294e-05,0.00019675942801167308,0.00022734046837026412,4.0054962376303473e-07,1.5890218736336905e-07,8.902235346784661e-07,7.069439273799275e-07,1.7537171483344238e-06,9.458773214460586e-07,3.984330924829937e-06,1.2694956738126919e-05,6.7268997307530305e-06,6.308403133731399e-06,1.2764596323992742e-05,4.683854922992306e-07,6.307649428219421e-07,3.1070102498375434e-07,4.445898570028942e-07,1.1219386189266703e-06,3.3390557270405165e-06,8.601424330185836e-06,5.358559715536021e-07,0.04109660180113766,0.013661973459567066,0.00817776311008014,0.15961960134698316,0.3893649717173535,0.003325214060592684,0.005670318796700079,0.03844209427501502,0.016117835588056892,0.018535226596977677,0.020400356426725563,0.08016544089669594,0.09902432788329268,0.015249580951128203,0.0343598679753266,0.09739670565032679,0.08074386017748074,0.08309841968095337,0.11195526140428001,0.005347339106464119,0.0026712825073225703,0.04182270180745206,0.03302409589144986,0.04070538707461235
500,24,2.2639035212189224e-05,1.5055395092302447e-07,0.00023983506149556912,0.05847131427099209,0.002448675631712356,0.35691789074090735,270,False,100,0,24,0,0,0,0,11736,12001,10971,11907,11980,10949,11214,11551,11360,11433,11434,11963,11796,11509,11654,11799,11824,11969,11970,11179,11036,11709,11614,11735,3.890463475846622e-06,8.001499551389314e-06,3.6555832028825284e-05,0.00019463665588508914,0.00023983506149556912,3.792567724804697e-07,1.5055395092302447e-07,8.512317209484398e-07,6.717661459876953e-07,1.667580284266929e-06,8.99888901081405e-07,3.854601349390918e-06,1.2346655695715328e-05,6.390612473530343e-06,6.0252017502410445e-06,1.2408726396751228e-05,4.532083075853958e-07,6.107287853062975e-07,3.032730028048624e-07,4.211943567031654e-07,1.0621028350749258e-06,3.1958296452143593e-06,8.212209895318015e-06,5.127103864980886e-07,0.03767188498437619,0.09585680900460315,0.0074962828509067955,0.14631796790140122,0.35691789074090735,0.0030481128888766268,0.005197792230308406,0.03523858641876377,0.014774682622385484,0.01699062438056287,0.018700326724498433,0.07348498748863795,0.09077230055968495,0.013978782538534185,0.031496545644049384,0.08928031351279955,0.07401520516269068,0.07617355137420725,0.10262565628725667,0.004901727514258776,0.002448675631712356,0.03833747665683106,0.030272087900495705,0.03731327148506132
