generation,parent_idx,lineage_id,m_active,A_delta_fro,condition_number_after,shrink_applied,psd_fallback,active_js,v_norms
1,1,1,2,0.016430956495028674,1.025476686428457,True,False,"[7, 9]","[0.038946773346234066, 0.038946773346234066]"
1,2,2,1,0.016228764844354225,1.0254766864284572,True,False,[5],[0.020848720414027366]
1,3,3,1,0.01638889484332473,1.0254766864284572,True,False,[5],[0.035593858205670396]
1,4,4,2,0.01630545535526836,1.0254766864284575,True,False,"[7, 12]","[0.037265241364284, 0.037265241364284]"
1,6,6,2,0.015465724063406688,1.0254766864284581,True,False,"[7, 15]","[0.03355025860890663, 0.03355025860890663]"
1,7,7,1,0.01588295233005634,1.0254766864284577,True,False,[7],[0.0307476964079758]
1,8,8,1,0.016528130353095583,1.0254766864284575,True,False,[7],[0.025796683195764496]
1,9,9,1,0.016397304157575284,1.025476686428457,True,False,[7],[0.022171319754493535]
1,10,10,1,0.016367002968985186,1.025476686428457,True,False,[7],[0.021890599885726256]
1,11,11,1,0.01638567145334005,1.025476686428457,True,False,[7],[0.03331505567332446]
1,13,13,1,0.01486368825179037,1.0254766864284577,True,False,[8],[0.04086031670262298]
1,14,14,1,0.016367354810936516,1.0254766864284572,True,False,[11],[0.030713054391441473]
1,15,15,1,0.01644257917250458,1.0254766864284575,True,False,[7],[0.04543327860903432]
1,16,16,1,0.015537581097939287,1.0254766864284577,True,False,[5],[0.023985273390230908]
1,17,17,2,0.015561997760804514,1.025476686428458,True,False,"[8, 16]","[0.03258603151262531, 0.03258603151262531]"
1,18,18,1,0.015963451451537044,1.025476686428457,True,False,[11],[0.02972927674104691]
1,19,19,2,0.016386016402027227,1.025476686428457,True,False,"[7, 8]","[0.03117865704076439, 0.03117865704076439]"
1,20,20,2,0.016383967660299852,1.0254766864284575,True,False,"[7, 8]","[0.04618544769073163, 0.04618544769073163]"
1,21,21,1,0.016386238125855292,1.0254766864284572,True,False,[7],[0.02559479814562701]
1,22,22,1,0.01588180745155487,1.025476686428457,True,False,[7],[0.04270258811239322]
1,23,23,1,0.014142698180937555,1.0254766864284566,True,False,[7],[0.03335225379139912]
2,0,7,1,0.014052849406918103,1.0388034178601924,True,False,[7],[0.028785404611484735]
2,1,16,1,0.0165165337146802,1.0413445824226388,True,False,[7],[0.05452028021536629]
2,3,13,1,0.014011702845002014,1.0458986929152172,True,False,[8],[0.04042228446887532]
2,4,12,1,0.01598947862421149,1.0254766864284572,True,False,[5],[0.034613821705742]
2,5,17,1,0.016196717970672524,1.025554744272511,True,False,[15],[0.03386473648255171]
2,6,4,1,0.015858007897235064,1.0279190719198898,True,False,[8],[0.029211675025696906]
2,7,36,1,0.030337209274537855,1.0906248591177672,True,False,[6],[0.028149839291854672]
2,8,8,2,0.01563889062276876,1.036178117429001,True,False,"[7, 17]","[0.04963122518328504, 0.03968140135851777]"
2,9,2,1,0.01593540883843964,1.0380373660828948,True,False,[7],[0.02639995539413447]
2,11,14,1,0.015358134338992623,1.0255195695095354,True,False,[5],[0.02138831352357914]
2,13,21,3,0.016012503157535343,1.0332008931453538,True,False,"[7, 9, 16]","[0.024045611303393288, 0.024045611303393288, 0.024045611303393288]"
2,15,15,1,0.016285051804880154,1.0477678660671503,True,False,[7],[0.059708860263387134]
2,16,23,1,0.015917643878000164,1.0264875199456507,True,False,[7],[0.026387295653898052]
2,17,11,1,0.01371415146954966,1.0410671785813659,True,False,[7],[0.03899667137806445]
2,18,6,1,0.01634139750793305,1.0471357910215071,True,False,[5],[0.015732483066151052]
2,19,24,2,0.041057735070647375,1.1262317754530426,True,False,"[7, 16]","[0.05151832589947182, 0.036397013620323736]"
2,21,5,1,0.01469448564745629,1.0254766864284572,True,False,[16],[0.034659545768683464]
2,23,1,1,0.016366812447567495,1.030567612979815,True,False,[5],[0.020934357206425374]
3,0,7,1,0.016019032660907467,1.0527899602220285,True,False,[8],[0.03879952922414279]
3,1,16,1,0.014180763555472391,1.0495419376094577,True,False,[5],[0.03862094388767364]
3,3,13,1,0.014816361087018781,1.0692506325767959,True,False,[8],[0.06267880175531546]
3,4,12,1,0.016484569604535898,1.0484120737820346,True,False,[5],[0.04693568666286267]
3,5,17,3,0.015211130460656646,1.0408138123941182,True,False,"[7, 8, 16]","[0.021195761108487726, 0.021195761108487726, 0.021195761108487726]"
3,6,4,1,0.01622371987640755,1.0359942674991063,True,False,[7],[0.040353466528920495]
3,9,8,2,0.014938050019681579,1.0474820613424383,True,False,"[7, 8]","[0.05172358312051504, 0.044907646541545596]"
3,10,2,1,0.016349317109780204,1.06082618634407,True,False,[7],[0.03670010591547225]
3,13,20,1,0.016484677161793013,1.0381390287469727,True,False,[5],[0.0207812475794204]
3,14,21,2,0.016630335818884626,1.0411311649293107,True,False,"[7, 16]","[0.03628771078245439, 0.03628771078245439]"
3,15,60,1,0.02213439500960573,1.0970918432380883,True,False,[7],[0.06384291425619826]
3,16,10,1,0.01571768426746164,1.0342853180343625,True,False,[8],[0.026592580636583145]
3,17,15,1,0.01669818681248397,1.0536869371148945,True,False,[5],[0.02879827125737724]
3,18,23,3,0.016110236377330635,1.0472960096067594,True,False,"[6, 7, 16]","[0.03615284325701053, 0.03615284325701053, 0.03615284325701053]"
3,19,11,1,0.014555306515127077,1.0556927304442472,True,False,[7],[0.06526522326206566]
3,20,6,1,0.013402490508589581,1.050026125180955,True,False,[15],[0.030048272211782676]
3,21,58,1,0.020221382775563092,1.0460779578090813,True,False,[7],[0.04196418905231907]
3,22,24,1,0.01595707618119254,1.144641765021465,True,False,[15],[0.0277010276116507]
3,23,3,2,0.014867997115506753,1.0401653018196735,True,False,"[11, 12]","[0.03125540215689831, 0.03125540215689831]"
4,0,7,3,0.012309710752501025,1.058831170447931,True,False,"[7, 8, 15]","[0.04529140600751249, 0.03792321370034066, 0.03504225189544188]"
4,2,19,1,0.016060211750454294,1.0384843268895425,True,False,[5],[0.04090444286756652]
4,3,13,1,0.015787681171843468,1.092935127972858,True,False,[8],[0.07164075686411643]
4,4,12,1,0.0160626619360045,1.0721001663657181,True,False,[5],[0.05818101183721245]
4,5,17,2,0.011234867518332817,1.0490577765524278,True,False,"[8, 15]","[0.029273785640833574, 0.03814933898841515]"
4,6,4,1,0.01590480964574017,1.056581647164092,True,False,[7],[0.05025428010833766]
4,7,36,1,0.015952026264148073,1.1153704569630534,True,False,[6],[0.05322403869349694]
4,8,62,1,0.03331820096283341,1.1067744616796358,True,False,[7],[0.04955922755608476]
4,10,83,1,0.03574744873676931,1.12295041018871,True,False,[5],[0.02977738300277293]
4,12,14,1,0.015965614453860886,1.030951820752088,True,False,[5],[0.024262127103286048]
4,14,21,1,0.01670535092057027,1.0473165340681967,True,False,[5],[0.04676108498743912]
4,16,15,1,0.01576752472650419,1.0537078172968626,True,False,[7],[0.036512388758315584]
4,17,74,1,0.01779791949038184,1.065873906207803,True,False,[7],[0.053464237524111634]
4,18,60,1,0.016201223941819776,1.0949728473500626,True,False,[7],[0.04534300239517964]
4,19,10,1,0.015076063860098314,1.056497916532629,True,False,[16],[0.040797363563960944]
4,20,6,1,0.016450731439455905,1.055824666157571,True,False,[7],[0.055024005224909044]
4,21,23,1,0.012806132993563547,1.057992828695274,True,False,[16],[0.052422198401953155]
4,22,24,1,0.015481622620629874,1.1481367846463963,True,False,[5],[0.025265453728086293]
4,23,3,2,0.015541168315826795,1.0622360202968586,True,False,"[11, 12]","[0.04113897202731184, 0.04113897202731184]"
5,0,7,1,0.015275142779709093,1.0777603842550023,True,False,[8],[0.05302708228589022]
5,1,16,1,0.016261700857022863,1.0559010477918587,True,False,[12],[0.03018412183549963]
5,2,19,1,0.015292053238073363,1.0613976110337582,True,False,[5],[0.04678475578217845]
5,3,111,1,0.04299019520547156,1.1837956089298067,True,False,[8],[0.07474246475623246]
5,4,13,1,0.016321842251763537,1.1058345212698515,True,False,[16],[0.01828318819476744]
5,5,12,1,0.01581168574460718,1.0822165878843035,True,False,[7],[0.03130185000384334]
5,7,17,1,0.015338850619751172,1.0490580834795007,True,False,[8],[0.03734331185310294]
5,10,62,1,0.01586412579622672,1.1217078205969266,True,False,[7],[0.054615437266948855]
5,11,109,1,0.04197024014015778,1.1508382986670933,True,False,[7],[0.06427258535749046]
5,13,8,1,0.01590341261570342,1.0569122015248258,True,False,[5],[0.033491343563977975]
5,14,83,1,0.015598243499448156,1.1249386112217632,True,False,[7],[0.032864942977812305]
5,15,22,1,0.016169523458974565,1.0298037889140939,True,False,[16],[0.02976364297398114]
5,16,20,1,0.01575937275885845,1.039064657146653,True,False,[5],[0.033139692244816256]
5,17,105,1,0.05370494777459059,1.2207137907033407,True,False,[7],[0.07794869054413706]
5,18,2,1,0.015530737251453423,1.0792482214906354,True,False,[5],[0.0373171821695493]
5,19,15,1,0.014725357629297274,1.0682564538652517,True,False,[7],[0.061106740334758956]
5,20,74,1,0.01630507617242635,1.0725010689651437,True,False,[5],[0.02099056120775789]
5,21,21,2,0.013883411167787277,1.0481685629944753,True,False,"[7, 12]","[0.05287402612426546, 0.03795541648344494]"
5,23,6,1,0.01560131165771862,1.0637349046528588,True,False,[7],[0.05196715976688405]
6,0,7,1,0.01472624777780269,1.09378802142586,True,False,[7],[0.05210848285753011]
6,1,16,1,0.016163050611069464,1.0636003205362738,True,False,[5],[0.05544289336001727]
6,2,19,1,0.01651448387081432,1.0614308869886178,True,False,[7],[0.023869103958894945]
6,3,111,1,0.01604995061426665,1.1806174345774512,True,False,[8],[0.08314349765659296]
6,4,13,1,0.015509221414484011,1.1074058752549485,True,False,[8],[0.02145949276864929]
6,6,107,1,0.023071172125770888,1.1054045957451515,True,False,[7],[0.06683879657771767]
6,7,17,1,0.015753416265656954,1.0562611652776608,True,False,[16],[0.0287139334398286]
6,8,128,1,0.016788574553546553,1.0713808604764659,True,False,[5],[0.03149700995872501]
6,9,36,1,0.015504991871861802,1.1147311155351503,True,False,[8],[0.05439898125956836]
6,10,126,1,0.022513097312349555,1.1191087604739791,True,False,[8],[0.01771296312936621]
6,11,4,1,0.016664347466001563,1.0578773258738268,True,False,[7],[0.06186663612311844]
6,12,62,2,0.015623405247656517,1.1264466480132964,True,False,"[7, 8]","[0.026325730443473878, 0.026325730443473878]"
6,13,109,2,0.012966880055154105,1.1524544570663486,True,False,"[7, 8]","[0.04246213089013244, 0.057422314592298886]"
6,14,14,1,0.016365085857602647,1.0332358022595969,True,False,[5],[0.05136832215957527]
6,16,83,1,0.015206708117418088,1.1433505642170367,True,False,[5],[0.06378611548309293]
6,17,22,1,0.014503995677960537,1.0357742935631957,True,False,[5],[0.04461788830011285]
6,18,20,1,0.01622152730106913,1.0419201568940017,True,False,[7],[0.05094290346697289]
6,19,105,1,0.01613522688846846,1.211387016516671,True,False,[16],[0.0443296885512449]
6,20,132,1,0.03146892083895586,1.1297322997235675,True,False,[5],[0.034987285465534104]
6,21,15,1,0.01589819453535251,1.0826745735747199,True,False,[5],[0.027271865711732606]
6,22,74,1,0.016327345514407916,1.078826530897861,True,False,[5],[0.04135524259201272]
6,23,6,1,0.016476219675389682,1.072916335969186,True,False,[15],[0.04484255059813264]
7,1,16,2,0.010620599000856833,1.0759712725303923,True,False,"[7, 12]","[0.04437586667928894, 0.04181972869798073]"
7,2,19,1,0.01620977299891359,1.0672778826408669,True,False,[7],[0.03836068603885901]
7,3,111,1,0.01574251561107776,1.1843182990523549,True,False,[8],[0.09198467556363434]
7,4,13,1,0.016176266534076583,1.107504897250194,True,False,[8],[0.04185548257858066]
7,5,12,1,0.015828742551183307,1.094325212262737,True,False,[7],[0.0518832368543642]
7,6,107,1,0.01604840063667241,1.106604811194445,True,False,[5],[0.03494044721530839]
7,7,17,1,0.01584508597378283,1.0689833729127793,True,False,[7],[0.047099677662639]
7,8,128,1,0.014523806104966978,1.0922230816752896,True,False,[7],[0.04894707957859745]
7,9,36,1,0.015721506940080506,1.1146876212691863,True,False,[7],[0.05499209586301665]
7,11,4,1,0.01629970000222444,1.0739904382798253,True,False,[8],[0.023165424133218225]
7,12,62,1,0.015351679999813857,1.1125136347957825,True,False,[6],[0.025841739908852298]
7,14,14,2,0.015272151815832724,1.0467312233267205,True,False,"[7, 11]","[0.061783306042857776, 0.06512472520235552]"
7,15,8,2,0.015761769372614882,1.0588677595338698,True,False,"[8, 17]","[0.04561093280356165, 0.04561093280356165]"
7,16,83,1,0.01505401325182869,1.1680497112718407,True,False,[5],[0.07746904807969325]
7,17,22,1,0.014145553390136865,1.0475181876685045,True,False,[7],[0.11133058698008871]
7,18,20,1,0.016232026741290106,1.0535558492825452,True,False,[7],[0.05157375328001103]
7,19,105,1,0.015869667466544463,1.2258404856966938,True,False,[5],[0.029736332299898756]
7,20,132,1,0.016068188131351104,1.1370032301832858,True,False,[7],[0.06561725522452228]
7,22,74,1,0.015639665003920944,1.0954722415094729,True,False,[5],[0.04503208317253889]
7,23,6,1,0.016222900766991705,1.0772090642345002,True,False,[5],[0.04267706303847308]
8,0,7,3,0.013009832425869412,1.0980488850149754,True,False,"[7, 8, 15]","[0.07343109001871094, 0.08637343714831212, 0.07360153800593473]"
8,1,16,1,0.016121102139025394,1.0892491247256102,True,False,[12],[0.062999907665893]
8,3,111,1,0.015980640126626124,1.1952557072933951,True,False,[16],[0.035008148573062996]
8,4,13,2,0.015229349928189364,1.110113087767111,True,False,"[8, 16]","[0.07531242025979118, 0.04883349849448981]"
8,5,12,2,0.012938567420454619,1.115874307921656,True,False,"[7, 8]","[0.060746624436127473, 0.04496473617972749]"
8,6,107,1,0.014787703020538768,1.1200984679173804,True,False,[16],[0.03618298662738474]
8,7,17,1,0.015947467200739397,1.0861992731232577,True,False,[7],[0.06493597694502994]
8,8,128,1,0.015644319226374548,1.109136550464354,True,False,[5],[0.05988739591692215]
8,9,36,1,0.01573848438063685,1.1020837963402401,True,False,[5],[0.03702341104022676]
8,10,126,2,0.014718919203392234,1.1271504017918041,True,False,"[7, 8]","[0.08096391037961452, 0.040290715816574216]"
8,11,4,1,0.01530865368119625,1.0725632644700753,True,False,[5],[0.05228395154029767]
8,12,62,2,0.013582260912021466,1.1102003052961245,True,False,"[6, 7]","[0.054975902109737386, 0.038843362346958225]"
8,14,14,1,0.015547880367743317,1.060222956643867,True,False,[5],[0.08488207709993303]
8,16,83,1,0.016106144637622825,1.1669884849895953,True,False,[7],[0.04229006153021351]
8,17,22,1,0.014461349653605075,1.0480081338051284,True,False,[11],[0.028062717405178392]
8,19,105,1,0.01568923320423137,1.2256378691810845,True,False,[15],[0.0313459586038034]
8,21,15,1,0.01615721463433318,1.1049403787174805,True,False,[5],[0.027142293129896036]
8,22,74,1,0.015469585682442444,1.0997754671248867,True,False,[7],[0.061835528391339316]
9,1,16,1,0.01632197927029206,1.0945381899576887,True,False,[5],[0.05013208659038385]
9,3,111,1,0.01581789678430393,1.211042613241145,True,False,[5],[0.051065123331816654]
9,4,13,2,0.015110283276174112,1.120206815316076,True,False,"[8, 16]","[0.07064018417539213, 0.04832444557875566]"
9,5,12,1,0.014510619492812828,1.125441217809255,True,False,[8],[0.05717059644550058]
9,6,107,1,0.014819808403978275,1.1278195844433516,True,False,[16],[0.05854492863370565]
9,7,17,3,0.01050824869925053,1.0991273484576736,True,False,"[7, 15, 16]","[0.07102613925229066, 0.029489573621064552, 0.03144385677704193]"
9,8,128,1,0.015191933152815213,1.111974727395601,True,False,[15],[0.03999513348624687]
9,10,210,1,0.11437174569048515,1.3694404938938514,True,False,[8],[0.057607530066964056]
9,11,126,1,0.01505895798346301,1.123315440402242,True,False,[7],[0.06528082665342404]
9,13,215,1,0.022568599600474398,1.1356718774504537,True,False,[15],[0.025516985112127594]
9,14,62,1,0.015441777210630926,1.1149045500004813,True,False,[17],[0.04441655308548857]
9,15,109,1,0.014877431127949195,1.1517123236708537,True,False,[16],[0.057759283396566066]
9,16,14,1,0.016124401739816746,1.060432367775165,True,False,[7],[0.05000938632678713]
9,17,8,2,0.015559787462882802,1.0607822294070846,True,False,"[16, 17]","[0.06384383227948041, 0.04859496164227613]"
9,19,22,1,0.013915097346553097,1.0601742007706032,True,False,[7],[0.05865792696049391]
9,20,20,1,0.016004905816998073,1.0619801204128898,True,False,[5],[0.04421206013305638]
9,21,105,1,0.015393295021633576,1.2343513334258407,True,False,[5],[0.035762762331637866]
9,22,132,2,0.015323219835115736,1.1385043632820344,True,False,"[8, 11]","[0.044717807326530495, 0.044717807326530495]"
9,23,74,1,0.014804296366928413,1.101684772556965,True,False,[7],[0.04631835231015875]
10,2,16,1,0.015568757739750744,1.0960234708169976,True,False,[5],[0.046168298074471356]
10,3,19,1,0.015634822947092578,1.0893702706875874,True,False,[5],[0.07110733805016499]
10,4,111,1,0.013922756962427618,1.2113646876497692,True,False,[16],[0.057947034601482275]
10,5,13,1,0.01580614164624576,1.1230322241164643,True,False,[8],[0.07319501573582679]
10,6,12,1,0.016389785253941646,1.127153096948379,True,False,[15],[0.0621283912331627]
10,7,107,1,0.015510109089999849,1.13839483075303,True,False,[5],[0.04151902932152918]
10,8,17,1,0.015550015883323368,1.1043715533894745,True,False,[16],[0.016281797819858126]
10,10,36,1,0.015573985671357324,1.097346872395698,True,False,[15],[0.041515009620014295]
10,11,210,1,0.01541635467715508,1.3830511008068151,True,False,[16],[0.017776417782155544]
10,12,126,3,0.013998937271177493,1.1310398863451723,True,False,"[7, 8, 16]","[0.0571693244120385, 0.0532510477657789, 0.03757602661120696]"
10,15,62,1,0.015204464288294724,1.1147449150290176,True,False,[7],[0.07296827048785347]
10,16,109,1,0.014162850641842728,1.169546720865446,True,False,[7],[0.06570036812892185]
10,18,8,1,0.015737817745434937,1.0569018656213225,True,False,[5],[0.0623927291713997]
10,19,83,1,0.01306167420645355,1.1898143069797478,True,False,[7],[0.06644522005594658]
10,21,20,1,0.0141033396053886,1.0711841091106982,True,False,[5],[0.05384333132431076]
10,22,132,1,0.01591416170235262,1.152602360398641,True,False,[7],[0.0824505868338223]
10,23,74,1,0.016169523035639028,1.102897565153558,True,False,[15],[0.04653377700887135]
11,0,234,1,0.098306680705761,1.587738772102261,True,False,[7],[0.09299115922970067]
11,5,13,1,0.014891039890776182,1.1209251144452719,True,False,[7],[0.06550202056082176]
11,6,12,1,0.015593311043619235,1.1298318449724698,True,False,[6],[0.04073234900819063]
11,7,107,1,0.013878171986296024,1.1460259949091507,True,False,[7],[0.09457764968343782]
11,8,17,1,0.015140381851557944,1.1050854366894272,True,False,[8],[0.018826176742703035]
11,9,128,1,0.015473277760564596,1.1102033135025007,True,False,[8],[0.07787254753672825]
11,10,36,1,0.015975436775977465,1.1055811624294103,True,False,[8],[0.08572137278083788]
11,12,126,1,0.014541738254959724,1.1395072953474217,True,False,[7],[0.07730053669423999]
11,13,4,1,0.015108998820472693,1.076294351929504,True,False,[12],[0.03047557476536633]
11,15,257,3,0.029553968601242295,1.1348884669103991,True,False,"[7, 11, 16]","[0.06967780827093581, 0.024753560875005073, 0.05610460503034971]"
11,16,62,1,0.014846747740468385,1.12310871225806,True,False,[5],[0.08958019623140401]
11,17,109,1,0.0132024429136686,1.1945566627912843,True,False,[7],[0.10258446225932003]
11,18,14,1,0.015159907860447623,1.0732465874775003,True,False,[5],[0.07260247848357117]
11,19,8,2,0.012329983320660943,1.0610632444271337,True,False,"[7, 17]","[0.06702361208480362, 0.020485757360647214]"
11,20,241,1,0.046640846917814664,1.2250600956155844,True,False,[8],[0.0641236822529594]
11,21,83,1,0.013057408366804498,1.2128731389893408,True,False,[5],[0.07749586311296879]
11,22,22,2,0.011111688739370707,1.0711537224571375,True,False,"[7, 16]","[0.07215096023605148, 0.023780213018349882]"
12,0,234,1,0.016224559866791183,1.582109891304578,True,False,[5],[0.037126214069240764]
12,1,7,1,0.014881922811953233,1.1074755557449647,True,False,[5],[0.03936606097145019]
12,2,16,1,0.015412484594671032,1.0963916101295357,True,False,[7],[0.057246374896584996]
12,3,19,2,0.011462378275694272,1.0903591580920708,True,False,"[8, 15]","[0.08385816140432119, 0.040959877740829514]"
12,4,111,1,0.015121338610453307,1.2193673027174612,True,False,[8],[0.08551372733481312]
12,6,12,1,0.01572643210067888,1.1384671926082688,True,False,[8],[0.055758109774123155]
12,8,17,2,0.015111001399029145,1.0881288455791402,True,False,"[15, 16]","[0.06202032466748295, 0.03752211113477439]"
12,9,128,1,0.01531881123880037,1.109918415968344,True,False,[8],[0.09088552823016618]
12,10,36,1,0.01588006287027844,1.1200606721777782,True,False,[5],[0.04476349427424007]
12,12,126,2,0.012676613971479544,1.1600532205540723,True,False,"[7, 8]","[0.0882086093010859, 0.06777567917754507]"
12,14,275,1,0.02308207034735,1.4409911570998828,True,False,[5],[0.07536347446483994]
12,15,257,1,0.013342451002299907,1.1373951200178345,True,False,[11],[0.048454347076675126]
12,16,62,1,0.01418400440454869,1.1403144971482668,True,False,[5],[0.0949906032392792]
12,17,215,2,0.00955700776649905,1.1301352604739408,True,False,"[7, 8]","[0.09965469216767393, 0.03974139654451041]"
12,18,109,1,0.016334443935406073,1.1780343324008187,True,False,[7],[0.04013999847498312]
12,20,8,1,0.01588756250113486,1.0727030141419578,True,False,[7],[0.07499198657915584]
12,22,266,1,0.05144921906496568,1.2325820594352657,True,False,[12],[0.035588876777531614]
12,23,83,1,0.01575021428305766,1.2041333077415821,True,False,[16],[0.053746165715193174]
13,0,234,1,0.015302135100742653,1.5978780676209294,True,False,[5],[0.042748816806229654]
13,1,7,1,0.015860552982763162,1.113545650916613,True,False,[8],[0.028496313764312817]
13,2,16,1,0.016028596509238213,1.1039464455526775,True,False,[12],[0.02627699090620593]
13,3,19,3,0.015531794668775684,1.098170473212038,True,False,"[7, 12, 15]","[0.04455365235945043, 0.04455365235945043, 0.07144318146168223]"
13,6,293,1,0.03847255345529242,1.1563007156746226,True,False,[5],[0.05354578516395103]
13,7,107,1,0.013579344059744088,1.160155469039456,True,False,[7],[0.10412214416712219]
13,8,17,2,0.01270388511570185,1.0935877466686705,True,False,"[7, 8]","[0.05969660888028526, 0.0340475210776923]"
13,10,301,2,0.03315577638922918,1.180941057248215,True,False,"[8, 11]","[0.09578498246463343, 0.026619032557374554]"
13,11,12,1,0.015515038947797951,1.1383977624007735,True,False,[15],[0.030338291016571584]
13,14,4,1,0.016240013870550272,1.0738357992638468,True,False,[12],[0.03219230470375423]
13,15,275,1,0.01455915511223482,1.4464062576068517,True,False,[7],[0.07535652514553927]
13,16,36,3,0.012612084073396243,1.1352272769418106,True,False,"[7, 8, 15]","[0.0803822051957305, 0.044574802353004636, 0.03970154741347202]"
13,17,62,1,0.014988245563108063,1.1615566809433457,True,False,[16],[0.0639513905478824]
13,18,215,1,0.014843847805898805,1.13470940410852,True,False,[5],[0.0873834844466414]
13,19,257,2,0.01487765438920942,1.1332855409023312,True,False,"[11, 16]","[0.03686974220311938, 0.0713522586963829]"
13,21,299,2,0.04788068791644534,1.4986507687179593,True,False,"[8, 16]","[0.05147067151382873, 0.06875115574019819]"
13,22,8,1,0.016145860298491892,1.0763562208441462,True,False,[7],[0.07065372584857141]
13,23,14,1,0.014904503759543308,1.0967989109847733,True,False,[7],[0.06907497539350793]
14,0,234,1,0.01518011566045075,1.616328897741938,True,False,[5],[0.05186619989889406]
14,1,7,1,0.013582178650006462,1.1316346521068399,True,False,[7],[0.0727908525383919]
14,2,16,1,0.013352344117213259,1.10724155700079,True,False,[7],[0.054556129068213464]
14,3,19,1,0.01606936371986077,1.1073786878356358,True,False,[7],[0.06470906635519817]
14,4,332,1,0.03269252045608834,1.2340219700647221,True,False,[7],[0.05368195194104118]
14,5,293,1,0.016047995390912253,1.1512906991209035,True,False,[5],[0.027289486682355386]
14,6,107,1,0.014783118971130488,1.1693826189758447,True,False,[8],[0.06560758023417247]
14,7,17,1,0.016015085641594394,1.096688953577238,True,False,[5],[0.06701443519433074]
14,8,111,3,0.011141588447112577,1.2273230835686977,True,False,"[7, 8, 15]","[0.07860029423079012, 0.05122846731369213, 0.06974353240926512]"
14,9,13,1,0.015768719162355064,1.1242330457548726,True,False,[7],[0.07052053548683891]
14,10,301,1,0.01521265801839252,1.1746036187305333,True,False,[7],[0.07454153962457484]
14,12,210,1,0.014730440469042384,1.3865103807521908,True,False,[7],[0.09570726077953023]
14,13,126,1,0.014569929031141213,1.1724957294154938,True,False,[5],[0.05512727940647402]
14,15,36,1,0.015880700219440987,1.1418633717149622,True,False,[6],[0.020642270034255974]
14,17,275,1,0.015297170754523935,1.4499264985826246,True,False,[5],[0.0587787633879864]
14,18,257,1,0.01570429303390517,1.1276805665121836,True,False,[7],[0.057431902050372026]
14,19,62,1,0.016132159770591153,1.1475387405267177,True,False,[5],[0.043582174337127265]
14,20,215,1,0.014104030882243311,1.1441388871155291,True,False,[15],[0.03713729398796148]
14,21,299,1,0.017859702804449373,1.503831081729186,True,False,[5],[0.08266562256040907]
14,22,109,1,0.01466290912646476,1.1688972800694142,True,False,[8],[0.05505719876118688]
14,23,14,1,0.01594348784473508,1.096266793535059,True,False,[5],[0.03489677710021773]
15,0,234,2,0.011502404595874496,1.6336943125893426,True,False,"[7, 11]","[0.09299636184763785, 0.041831022587469215]"
15,1,7,1,0.016201234349040014,1.1335835585137848,True,False,[8],[0.03235123393199672]
15,2,16,1,0.014808452937229691,1.1172519667535674,True,False,[12],[0.05096183868738772]
15,4,332,1,0.015206960567025533,1.239058116551064,True,False,[7],[0.08154159147754769]
15,5,293,1,0.01581440615890917,1.1512084070512056,True,False,[5],[0.04319488296348315]
15,6,107,1,0.015398554004089996,1.1733562445121453,True,False,[5],[0.07603934071533293]
15,7,17,1,0.01558345455501436,1.1032627449904355,True,False,[15],[0.03854094250137503]
15,8,111,1,0.014693587241830527,1.2388787300552564,True,False,[8],[0.06232179056155302]
15,9,13,1,0.015343472659998771,1.1230897298265423,True,False,[8],[0.0739204888347422]
15,10,301,1,0.01470751163671003,1.1691966695150797,True,False,[11],[0.03713426953946501]
15,11,12,2,0.012620588521325735,1.148067340610045,True,False,"[7, 8]","[0.07934080016206983, 0.04437047280847482]"
15,12,210,1,0.015617995741967837,1.3870182047478268,True,False,[7],[0.10633652034722119]
15,13,126,1,0.014973449057519109,1.1506177409669855,True,False,[16],[0.041830281312419455]
15,16,4,1,0.014553614779020445,1.0799649299366136,True,False,[5],[0.09502649229768273]
15,17,275,1,0.013112623563912643,1.4456978831580944,True,False,[8],[0.06114048515704123]
15,18,257,1,0.015182149721526643,1.1352098743387256,True,False,[11],[0.04057666147003502]
15,19,62,3,0.010389600130568045,1.1561432183189226,True,False,"[7, 8, 16]","[0.0759104800901339, 0.04810335995184294, 0.07798311730207111]"
15,21,299,2,0.018980136906459867,1.5221782228749214,True,False,"[8, 16]","[0.07142982856074843, 0.08292120265164189]"
15,22,109,1,0.015766112531554143,1.1698144590025108,True,False,[8],[0.07734587455746769]
15,23,14,1,0.01577831383338832,1.097527269080867,True,False,[5],[0.049804711418543146]
16,0,234,1,0.015220428494874252,1.6626953183623019,True,False,[5],[0.0671329658412515]
16,1,7,1,0.015230127385319848,1.142006399346668,True,False,[5],[0.05401113677249013]
16,2,16,1,0.015266963188218659,1.1295242708318385,True,False,[12],[0.06398481096192837]
16,3,19,1,0.01576396503028907,1.1246075199962768,True,False,[7],[0.07137875577406685]
16,5,293,1,0.01593755375214127,1.1538422534300905,True,False,[12],[0.025972191158634594]
16,6,107,1,0.014594604898750984,1.1749388608530749,True,False,[5],[0.11730647269734634]
16,7,17,1,0.015912843403133474,1.1044649899164334,True,False,[16],[0.04258118232943267]
16,8,111,1,0.013969854236228254,1.2568915119081037,True,False,[7],[0.07110240645416324]
16,9,13,1,0.014479774730722591,1.1235526269945786,True,False,[16],[0.038376774188993296]
16,10,301,1,0.015177841127596533,1.1695185427567323,True,False,[7],[0.09236109170136848]
16,11,12,1,0.015382286823376924,1.1512918511566463,True,False,[7],[0.0861882537858814]
16,12,210,2,0.0111563493075333,1.3941407187329329,True,False,"[7, 16]","[0.09248825816051831, 0.06914494779071437]"
16,13,126,1,0.015468730278366625,1.1435650319238868,True,False,[16],[0.05503838376171184]
16,14,128,1,0.01570356324470255,1.1125406469365338,True,False,[8],[0.03993388980704033]
16,15,36,1,0.015466925357990238,1.1471813198522047,True,False,[8],[0.05556563197338051]
16,16,4,1,0.014860667794136192,1.0896282839765736,True,False,[7],[0.08874063765480589]
16,17,275,1,0.013336611153012877,1.4741660499219804,True,False,[7],[0.11249191444707901]
16,18,257,1,0.014969595644828132,1.1516873015328986,True,False,[16],[0.05413302871392201]
16,20,62,1,0.015488746647645902,1.173285058882474,True,False,[5],[0.052950890659809395]
16,22,299,2,0.016176445567299694,1.5392588480371405,True,False,"[7, 16]","[0.10046139373454759, 0.06415435814886648]"
16,23,109,1,0.015758231600805205,1.168233135772546,True,False,[5],[0.0643950101822581]
17,0,234,1,0.01568112361210726,1.6550217367559346,True,False,[6],[0.04584613022841729]
17,1,7,1,0.015003947278313747,1.1590904022146458,True,False,[7],[0.09006332627061968]
17,2,16,3,0.014108725014326003,1.130937203038116,True,False,"[7, 12, 16]","[0.0828446626887197, 0.10137142596247485, 0.05754104914875122]"
17,4,332,1,0.015661751305608734,1.249067351400761,True,False,[5],[0.07758954264062341]
17,5,293,2,0.01281286293783746,1.1546214191341413,True,False,"[7, 12]","[0.08506581299270774, 0.050690484560574095]"
17,6,403,1,0.04676369131457053,1.3359011487019086,True,False,[8],[0.0775372225407729]
17,7,17,1,0.015815128770257043,1.1189677188670284,True,False,[5],[0.08060133187728463]
17,8,111,2,0.012239228992530675,1.2802480364678022,True,False,"[7, 8]","[0.08743195792566676, 0.07490727834122034]"
17,9,13,1,0.016085174955092346,1.1191469877050109,True,False,[16],[0.065166562527447]
17,11,12,2,0.010915490958849063,1.154066755474588,True,False,"[7, 15]","[0.09492339798749111, 0.04719075316310101]"
17,12,107,1,0.015709959641724152,1.1757253913030545,True,False,[8],[0.06809924147473233]
17,14,126,1,0.01569154460234206,1.1412915105256285,True,False,[8],[0.06347633278338276]
17,15,128,1,0.014623864314365242,1.1073098297800674,True,False,[5],[0.027473359089524158]
17,16,36,1,0.014862274306494967,1.1596178304368328,True,False,[8],[0.04354781982430964]
17,17,210,1,0.015254534945843643,1.427399551987493,True,False,[16],[0.07700746106838754]
17,18,4,1,0.015444652154584033,1.0887457915746268,True,False,[5],[0.08887839511281105]
17,19,275,1,0.015078693607483498,1.45851013667244,True,False,[16],[0.1100975953150219]
17,20,257,1,0.015218692520780588,1.1635282868111494,True,False,[16],[0.04039420339092408]
17,21,374,1,0.024392568251780943,1.1703084972398539,True,False,[7],[0.054457891489893114]
17,22,62,1,0.013578089584425178,1.1886816536282878,True,False,[7],[0.09989595791242797]
17,23,215,1,0.013949960913232305,1.1536466848248412,True,False,[7],[0.07263798735364037]
18,0,234,1,0.014892279273437822,1.6897507476484284,True,False,[5],[0.08551084554639603]
18,1,7,1,0.014564499471559474,1.1669121999872967,True,False,[5],[0.08021482747216348]
18,2,16,1,0.014765122040474244,1.1389444682750247,True,False,[12],[0.08777147412884778]
18,3,19,1,0.015114479801807792,1.1420632840274796,True,False,[5],[0.08443425979201638]
18,4,332,1,0.014987426135440043,1.2689802690578575,True,False,[5],[0.06533439479266628]
18,5,293,1,0.01571708444441722,1.1733484989471077,True,False,[5],[0.055396287700588125]
18,7,17,1,0.015857320001720146,1.1266212567155813,True,False,[16],[0.044015451796244276]
18,8,111,1,0.015036717859012122,1.2899594425170653,True,False,[5],[0.06206960569044639]
18,9,13,1,0.01538668730217455,1.1319519674788026,True,False,[16],[0.05592785872033606]
18,10,301,1,0.015835328230969788,1.1781352208475093,True,False,[5],[0.06320165004339709]
18,12,107,1,0.01584364858153774,1.1762089779561433,True,False,[5],[0.05349186689349783]
18,14,126,2,0.011184973844743503,1.1433604428417938,True,False,"[7, 8]","[0.08016727676482424, 0.08786528698517845]"
18,15,128,1,0.015293012518649703,1.1188175372420384,True,False,[5],[0.05076818441186747]
18,17,210,2,0.011063767601170147,1.4396570274340927,True,False,"[8, 16]","[0.07230802388539262, 0.07757008441046116]"
18,18,4,2,0.013335942336945381,1.100212869864505,True,False,"[7, 8]","[0.06763944445226532, 0.0376063617710068]"
18,19,275,1,0.014846535524430705,1.4589030153156528,True,False,[5],[0.054170478004696064]
18,20,257,1,0.01523546278971769,1.1658282275178042,True,False,[5],[0.052965024202433805]
18,23,215,1,0.014069033479874267,1.1759876738541277,True,False,[7],[0.07874365525410656]
19,0,234,1,0.013244496886728425,1.725658211391238,True,False,[7],[0.1024903377556744]
19,1,7,1,0.01606060881958263,1.1667632967805426,True,False,[8],[0.0383906090007049]
19,2,16,1,0.015450176819627558,1.140081615869246,True,False,[7],[0.09256693498075814]
19,4,332,1,0.014781059006928277,1.292055559388718,True,False,[5],[0.06449984586105773]
19,5,293,1,0.0142552519990461,1.1926554145726647,True,False,[7],[0.0797644610694984]
19,6,403,1,0.014332222301462822,1.3576093032396583,True,False,[8],[0.08540358998902009]
19,7,17,1,0.01581707557248963,1.1409616337439945,True,False,[16],[0.04217700179546139]
19,9,111,1,0.015038850187316714,1.2955951103828773,True,False,[8],[0.0951598512971102]
19,10,13,1,0.01623221812802088,1.127817023495464,True,False,[8],[0.09627415405089312]
19,11,301,1,0.015223692392113873,1.1912295028783637,True,False,[7],[0.09900606691774905]
19,13,107,1,0.015315308436273206,1.1630000917388552,True,False,[16],[0.06551130491083314]
19,14,405,1,0.06299511980423754,1.271007423662756,True,False,[7],[0.09177769996687522]
19,16,128,1,0.014672523545105079,1.1278277602400364,True,False,[8],[0.049609748320345544]
19,17,36,1,0.014724823378678567,1.1664337236358817,True,False,[5],[0.089606185476621]
19,18,210,1,0.0170294551044399,1.4275749981169634,True,False,[8],[0.05655148665398421]
19,20,275,1,0.01498832211377378,1.486210314692102,True,False,[7],[0.08877326828317476]
19,21,257,1,0.014921638694501848,1.1678064397620036,True,False,[5],[0.09144086465750069]
19,22,374,1,0.015321054702027829,1.169983269049108,True,False,[12],[0.07742991313387299]
20,1,7,1,0.014456076042728335,1.1910183291806753,True,False,[7],[0.0877714130835825]
20,2,16,1,0.01474959611095973,1.1405873290218254,True,False,[5],[0.07128190475002212]
20,3,19,1,0.01567573984661555,1.1620463729420158,True,False,[5],[0.10576079107244048]
20,4,332,1,0.014651768844899877,1.30924453858719,True,False,[7],[0.08694459143027652]
20,7,17,1,0.01480726841533451,1.1526100664527152,True,False,[15],[0.0640724086382104]
20,8,453,1,0.035996993667547404,1.187841545188818,True,False,[5],[0.07115433663427216]
20,10,13,1,0.01618421258422343,1.133219650165084,True,False,[8],[0.0958996641847245]
20,13,107,1,0.014676465642637119,1.1658357546037732,True,False,[5],[0.0542301228026741]
20,14,405,1,0.015518444716691183,1.2728437581067302,True,False,[5],[0.07338611403665428]
20,15,126,1,0.012694740704425372,1.142094396866694,True,False,[11],[0.07894878323872054]
20,17,36,1,0.014178399897470344,1.1668551544057668,True,False,[8],[0.09422433750473197]
20,19,4,2,0.01475013815459163,1.1047091686470873,True,False,"[7, 12]","[0.09189245650636015, 0.0327608750136373]"
20,20,275,1,0.01282195767792523,1.5186875591079247,True,False,[7],[0.08153021397381242]
20,21,257,2,0.013751126261283662,1.1604399284377853,True,False,"[11, 16]","[0.032740900536310874, 0.09644616518325949]"
20,22,374,1,0.013342364115984395,1.1830537654304716,True,False,[7],[0.1039184064251037]
20,23,215,1,0.013751602693367995,1.2014923480620976,True,False,[7],[0.08721052144416375]
21,0,234,1,0.015075841778785752,1.7593254534106761,True,False,[5],[0.09332997404487958]
21,1,7,1,0.014319850882708731,1.203135094724248,True,False,[5],[0.10818107525133545]
21,2,16,1,0.014872914028015249,1.1683843237165177,True,False,[7],[0.08630791167543077]
21,3,19,1,0.015300644498423758,1.1608480907234964,True,False,[8],[0.08636085519443686]
21,4,332,1,0.012743523454012454,1.3386783790200956,True,False,[7],[0.09235537495425493]
21,5,293,2,0.013550852925004974,1.2126165671923792,True,False,"[7, 12]","[0.08951573554656489, 0.06467037485717572]"
21,7,17,2,0.01120690384720957,1.1616374881247953,True,False,"[7, 15]","[0.11326001894537736, 0.07675472687664989]"
21,8,453,1,0.012899012383084243,1.2142283059231054,True,False,[7],[0.09522292939819728]
21,9,111,1,0.015034292379022802,1.2983301799465228,True,False,[7],[0.06786462288420346]
21,11,301,1,0.01565294242763514,1.1925227125679745,True,False,[11],[0.04537710450280421]
21,13,107,1,0.014902184291916665,1.162903667317841,True,False,[7],[0.058573902022713446]
21,14,405,1,0.015042226429763366,1.2934432253047612,True,False,[7],[0.08470712737676177]
21,16,128,1,0.014520079686782707,1.1514816234111074,True,False,[8],[0.059935912218822156]
21,18,210,2,0.010376347787082676,1.4298833650422873,True,False,"[7, 8]","[0.05872767602963933, 0.05210093194683133]"
21,19,4,2,0.014755529583391784,1.1068817183546669,True,False,"[8, 12]","[0.06475721179938977, 0.05444430046377039]"
21,20,275,2,0.011727177086447814,1.5387788634688133,True,False,"[7, 8]","[0.10251561214040819, 0.08634291965959996]"
21,21,257,2,0.010332755714057998,1.1658628179971422,True,False,"[7, 11]","[0.0600980503407807, 0.03547450489295558]"
21,22,374,2,0.009689459179650271,1.1833940134680916,True,False,"[8, 12]","[0.08291939730705628, 0.08356703489130768]"
21,23,215,2,0.010391409507845936,1.2182260248515202,True,False,"[7, 15]","[0.0917746595824871, 0.047932975467663085]"
22,0,234,1,0.01471034809017143,1.7986606831961736,True,False,[5],[0.08177325423076215]
22,1,7,1,0.014479816893048792,1.2214755252963292,True,False,[5],[0.11680949047459199]
22,2,16,1,0.014058764190950266,1.1834449388172235,True,False,[5],[0.0635034794183208]
22,3,19,1,0.01600144447819452,1.1740292725789434,True,False,[15],[0.07366038072659581]
22,4,519,1,0.021859813315333144,1.1815131791712388,True,False,[7],[0.11641184825504763]
22,6,293,1,0.014830694657450346,1.2271853057013695,True,False,[5],[0.11812460537644624]
22,7,403,2,0.01085770386866734,1.3639846916453928,True,False,"[7, 8]","[0.1229654663215742, 0.05909092041373969]"
22,8,17,3,0.010160285323461945,1.1599786493884932,True,False,"[8, 15, 16]","[0.055041599488917785, 0.06952469310382221, 0.04635202593260256]"
22,9,453,1,0.014274494745298632,1.2155395250262293,True,False,[8],[0.09552377009569006]
22,10,111,1,0.01602365032897036,1.3056531301919632,True,False,[8],[0.10571396001994597]
22,11,13,2,0.010366089960767037,1.1377981848927021,True,False,"[8, 16]","[0.04170863131081306, 0.023500193245394187]"
22,12,301,1,0.01564984089200977,1.1944816454908096,True,False,[8],[0.08215807069985688]
22,13,12,1,0.01584182582319563,1.1549638851806663,True,False,[7],[0.07308172790536736]
22,18,405,1,0.01486545013246695,1.3154926342128113,True,False,[5],[0.10761525685787986]
22,19,4,1,0.015111727422775433,1.11796160882154,True,False,[8],[0.08329900199281769]
22,20,275,1,0.014148396357176338,1.5478132531802946,True,False,[8],[0.10442193671920488]
22,21,36,3,0.011163302683737804,1.1735079638438124,True,False,"[6, 7, 8]","[0.035926519273622684, 0.06364941290228497, 0.08675232177991477]"
22,22,210,1,0.01605839151454014,1.4301953769446503,True,False,[16],[0.0852686731514166]
22,23,257,2,0.010937204152818465,1.1653132835350966,True,False,"[11, 16]","[0.03615242744568988, 0.06314093073376434]"
23,0,234,1,0.014190696637832718,1.8147678879809674,True,False,[8],[0.09472001776366723]
23,2,16,1,0.013843126224526516,1.2027679938533333,True,False,[5],[0.0761638299289236]
23,4,519,1,0.01446820781980673,1.1878005744856024,True,False,[16],[0.08067951005477189]
23,6,293,1,0.015147760444838444,1.2097395767486843,True,False,[8],[0.09304013277536266]
23,7,403,1,0.015089907797821467,1.3601177974902643,True,False,[5],[0.07514927378988816]
23,8,17,2,0.010699256986406164,1.163178391679556,True,False,"[8, 16]","[0.058031005730796066, 0.042425574190680666]"
23,9,453,1,0.014704524231880015,1.20302617803909,True,False,[5],[0.054089435191301334]
23,10,111,2,0.011117250732338683,1.310400272477526,True,False,"[8, 15]","[0.103229044534391, 0.05285064348763342]"
23,11,13,2,0.014666614349139276,1.1514152392360992,True,False,"[8, 12]","[0.07855952077330164, 0.055468312740876505]"
23,12,301,1,0.015071288997455416,1.2091877761896546,True,False,[5],[0.05356027782256468]
23,13,12,1,0.015172387618572867,1.1656019381984455,True,False,[5],[0.07018098516573497]
23,14,521,1,0.04410833316801111,1.2729732253408397,True,False,[5],[0.07605909622891666]
23,15,126,1,0.0144085738066216,1.1508273152883375,True,False,[7],[0.08483617894770058]
23,16,128,2,0.013644896580787066,1.1653763221189744,True,False,"[8, 12]","[0.06992620161104054, 0.026845796680033455]"
23,17,107,2,0.01289003313495234,1.1728920564848428,True,False,"[8, 16]","[0.12182687304185745, 0.09345240219439195]"
23,18,405,1,0.0137309015078817,1.3262680068793857,True,False,[7],[0.07211176182080718]
23,20,275,1,0.01489801141913511,1.5445421215127753,True,False,[16],[0.04815579861704467]
23,22,210,1,0.01526002884604481,1.4412484523784097,True,False,[16],[0.09444561233214718]
23,23,257,1,0.015060757139461563,1.1635736521683044,True,False,[16],[0.07194342714805117]
24,1,7,1,0.015979137462743567,1.221528071917459,True,False,[8],[0.05147034759320691]
24,2,16,1,0.013301920148324828,1.232175007516369,True,False,[7],[0.07519707821286674]
24,3,19,1,0.01451896185532723,1.1734362518160875,True,False,[8],[0.08840606036859185]
24,4,519,1,0.015159949906634726,1.1805527086038619,True,False,[5],[0.1022261203520375]
24,5,332,1,0.01364035818967107,1.327544268129809,True,False,[16],[0.04319531048531538]
24,6,293,2,0.011036059670306847,1.204610671522289,True,False,"[7, 8]","[0.059859543003392635, 0.09746133981201634]"
24,7,403,1,0.014883583501737149,1.366844141165254,True,False,[8],[0.07811131848284193]
24,8,17,1,0.015377142957138717,1.1633138731872243,True,False,[8],[0.06142898584395902]
24,9,453,1,0.014227777552403738,1.2081884141989812,True,False,[8],[0.11494324690358576]
24,11,13,1,0.015510635547960987,1.1474770504138105,True,False,[12],[0.06779177982441024]
24,15,126,2,0.011470586948439342,1.1512771163246691,True,False,"[8, 11]","[0.0809717922708113, 0.11579343641426987]"
24,16,128,1,0.015008598936333922,1.1653433234179245,True,False,[7],[0.09926693075048566]
24,17,107,1,0.01501690636107277,1.180610631766828,True,False,[5],[0.10572354897171042]
24,18,405,1,0.013999412303487424,1.3561595547535665,True,False,[5],[0.0840982680036392]
24,19,4,1,0.015244763377458337,1.1226786417176104,True,False,[12],[0.07210736817990675]
24,22,210,1,0.01495891900139634,1.4646067627782906,True,False,[16],[0.13148322305294]
24,23,257,3,0.010446663265448979,1.1568457400745427,True,False,"[7, 11, 16]","[0.1014918862156624, 0.04782491327145914, 0.08357695523417974]"
25,0,234,1,0.013481079612321312,1.8159740787864729,True,False,[11],[0.07317378642923157]
25,1,7,1,0.015493920137289455,1.2221876176399986,True,False,[8],[0.049578957282324435]
25,2,16,1,0.013453049216203668,1.258547078238604,True,False,[7],[0.07218989093610255]
25,3,19,2,0.013859622122567344,1.1950398699395115,True,False,"[7, 15]","[0.07407058122124731, 0.08755278845824374]"
25,4,519,1,0.014796886464396574,1.1750907200288445,True,False,[5],[0.105806055024654]
25,5,332,1,0.01478876460460267,1.3521469368832402,True,False,[5],[0.06325865587521534]
25,6,293,3,0.009915148753028865,1.207478424020736,True,False,"[7, 8, 16]","[0.07276838382413343, 0.12151049951003291, 0.07534136541447767]"
25,7,403,1,0.012943989204073861,1.3822444564002245,True,False,[7],[0.14245435375676438]
25,8,17,1,0.013125234858434063,1.1746201809311378,True,False,[15],[0.07658543379519088]
25,10,596,1,0.021890783618110757,1.5903476463973747,True,False,[5],[0.08552406007800516]
25,11,13,1,0.016021624239956653,1.1441581766868778,True,False,[12],[0.07883552070996595]
25,12,301,2,0.011970601962154782,1.2106213117223967,True,False,"[8, 12]","[0.08264867797946789, 0.027526732557043253]"
25,14,521,2,0.013891635080051307,1.2910187783562102,True,False,"[7, 15]","[0.09446727260645886, 0.02687609756186502]"
25,15,126,1,0.015621719761458111,1.14615248587767,True,False,[5],[0.07130082248825473]
25,16,111,1,0.013729419350382105,1.3367686327764559,True,False,[5],[0.09623756420241528]
25,17,128,1,0.015350469640574056,1.1726281339350195,True,False,[5],[0.11063946583561651]
25,18,107,1,0.015739152896298524,1.176282167394842,True,False,[8],[0.08108912982835943]
25,20,4,1,0.01379653604195141,1.1376871268617068,True,False,[7],[0.08833571761886655]
25,21,275,1,0.014666047902373639,1.5594695247937538,True,False,[8],[0.0926036715084743]
25,22,36,1,0.015145960985881548,1.1750087762390475,True,False,[15],[0.048808459419973214]
25,23,210,2,0.013391024480478877,1.4836934665002897,True,False,"[7, 16]","[0.12729002547234225, 0.10545958932976594]"
26,0,234,1,0.011681618790083826,1.84523427130472,True,False,[7],[0.08876843537984254]
26,1,7,1,0.014221397850312064,1.2477851061436422,True,False,[7],[0.10685536017156366]
26,2,16,1,0.013596321691221958,1.2825399210531627,True,False,[5],[0.08588286734582914]
26,3,19,1,0.01556847117546233,1.2183197694582284,True,False,[5],[0.11749636971458562]
26,4,519,1,0.014882891349237084,1.181227108960241,True,False,[5],[0.11875385820571945]
26,5,332,2,0.01304544734432783,1.362711951610638,True,False,"[7, 8]","[0.11706270141559164, 0.10588077693650003]"
26,6,293,2,0.011144781838646669,1.201245105743249,True,False,"[8, 12]","[0.11749788496194945, 0.029296467682218084]"
26,8,17,1,0.014941535582223296,1.180839655823995,True,False,[16],[0.048720725582367376]
26,9,453,2,0.013826504521212963,1.2248958927991593,True,False,"[8, 11]","[0.13680087747558559, 0.043101411602648236]"
26,11,13,1,0.015248927885251408,1.1441788269381186,True,False,[12],[0.08786937878733819]
26,13,12,1,0.014835251030181011,1.163303475876771,True,False,[16],[0.09491695258218746]
26,14,521,1,0.015560042467464357,1.292205012995077,True,False,[16],[0.03864205644257074]
26,15,126,2,0.010511400350142613,1.1419646549025326,True,False,"[8, 16]","[0.09164902854943005, 0.08135976997969727]"
26,17,128,1,0.013112707456243357,1.1732318208073238,True,False,[12],[0.03282342567510856]
26,19,405,1,0.013083530331790645,1.3765961957374568,True,False,[7],[0.08385543726045967]
26,20,4,1,0.015714509019490803,1.1483158068209065,True,False,[5],[0.06682550876873403]
26,21,275,1,0.012682067580974166,1.593923402083805,True,False,[5],[0.1097130913030826]
26,22,36,1,0.01566850623623577,1.170527822460829,True,False,[6],[0.025599797301176046]
26,23,210,2,0.014008179606080091,1.486787722043904,True,False,"[8, 16]","[0.04582867046393174, 0.12225832023230826]"
27,0,234,1,0.011587266454959123,1.880919833756451,True,False,[7],[0.09476389644756011]
27,1,7,2,0.010236700326832644,1.263818407215055,True,False,"[7, 8]","[0.10469596483111877, 0.053048096079279745]"
27,2,16,1,0.012647006837589566,1.3085406147488488,True,False,[7],[0.08470862562202644]
27,3,19,2,0.010165211395368542,1.2266525150190841,True,False,"[8, 15]","[0.08540479991436703, 0.08220080958566547]"
27,4,519,2,0.009900703260618314,1.1885154279689107,True,False,"[7, 16]","[0.11863571191546457, 0.08409768774855357]"
27,5,642,2,0.021020926049269473,1.198363359904111,True,False,"[7, 8]","[0.13426075715876448, 0.12182352885201421]"
27,6,332,1,0.013359978619075306,1.384569723580054,True,False,[7],[0.0827120600789894]
27,8,403,1,0.012065834994952302,1.4048070446958902,True,False,[7],[0.10135970778935124]
27,9,17,1,0.015488954140713123,1.1919874102106591,True,False,[8],[0.13752736089248588]
27,10,453,1,0.015155283474794216,1.2136129641836346,True,False,[5],[0.09695897136639961]
27,11,596,1,0.01597739365956471,1.6122171262767528,True,False,[5],[0.05279343667461018]
27,12,13,1,0.015180145392758578,1.1374786410068,True,False,[16],[0.07463857250441155]
27,13,301,1,0.014476965478316346,1.2313578084932677,True,False,[5],[0.07005837835575396]
27,14,12,1,0.015059362399546581,1.1809533418272462,True,False,[5],[0.08160117418161902]
27,16,126,1,0.013767339675534618,1.1594347848330415,True,False,[5],[0.11158367979021983]
27,17,111,1,0.014557012680712385,1.3300488416728982,True,False,[8],[0.11614081119339716]
27,18,128,2,0.012998309301116067,1.1780132643470513,True,False,"[8, 12]","[0.08966172842121542, 0.032607094162597404]"
27,19,634,1,0.020805624247630522,1.601291471160449,True,False,[16],[0.11766726235247195]
27,20,107,1,0.01482483702477967,1.1815505180637387,True,False,[11],[0.048756760252422794]
27,22,4,1,0.013654708762402995,1.1662564163479474,True,False,[7],[0.1143689660600448]
27,23,210,1,0.01607517956747133,1.4822655692954732,True,False,[8],[0.05602687280779617]
28,1,7,2,0.011286095634040684,1.281777821458766,True,False,"[7, 8]","[0.10765147826520298, 0.07706488474596764]"
28,2,16,1,0.011758570396402433,1.3349894769186508,True,False,[7],[0.08949859248941182]
28,3,19,1,0.01548855237648498,1.2401972066562776,True,False,[15],[0.1030753489562399]
28,4,519,2,0.009592496298587463,1.1952293188189198,True,False,"[7, 16]","[0.11061690397897632, 0.09323387079167289]"
28,5,642,1,0.01453659292897393,1.2093290511246595,True,False,[15],[0.06312444799172459]
28,6,332,1,0.013793473630270493,1.4086045877158802,True,False,[7],[0.1063424205139037]
28,7,293,2,0.011399189295338799,1.2152545851922572,True,False,"[7, 12]","[0.1383527486597211, 0.022475707530968683]"
28,9,17,1,0.014988652445756201,1.205105711318777,True,False,[16],[0.060140618046762566]
28,10,453,1,0.014882322588491455,1.2175393800356376,True,False,[8],[0.10966701514420414]
28,11,596,1,0.018090222360981838,1.604975211346224,True,False,[7],[0.11407593929514118]
28,12,13,1,0.015228907052742985,1.1460197081298207,True,False,[16],[0.0768885186560033]
28,13,301,1,0.015360018610799643,1.2225132116608808,True,False,[11],[0.04340265889610777]
28,14,12,1,0.015189730347715945,1.2024465481472906,True,False,[7],[0.08854597801910075]
28,15,521,1,0.013204697606311922,1.2900147414943757,True,False,[6],[0.03880102455531176]
28,16,126,1,0.012286167754403813,1.1855759807384316,True,False,[5],[0.13705689423615453]
28,17,111,2,0.014183923588755672,1.3282714885389006,True,False,"[8, 16]","[0.13255841856892311, 0.11370840306932083]"
28,18,128,1,0.014535644170571717,1.1814297413449675,True,False,[7],[0.08740280851966845]
28,19,634,1,0.020792711478094653,1.6267770885710635,True,False,[5],[0.07874261634944796]
28,20,107,2,0.012443598146118368,1.184255694752709,True,False,"[8, 11]","[0.14006916667032637, 0.09238805309514601]"
28,22,4,1,0.0144282942035215,1.1841350672506608,True,False,[7],[0.12472321836119932]
28,23,663,3,0.02830669461649805,1.3773472087237755,True,False,"[7, 8, 16]","[0.114546581316047, 0.06214365588666723, 0.1069993170015918]"
29,0,234,1,0.01398886684857437,1.9233207479740368,True,False,[5],[0.09132061443144587]
29,2,16,1,0.013232367473589057,1.3636850979833435,True,False,[5],[0.08672240509447333]
29,4,519,2,0.010801868039893098,1.2032655621084325,True,False,"[7, 16]","[0.1258036176158352, 0.10869591706705403]"
29,8,403,1,0.013123826409813816,1.423406155471082,True,False,[7],[0.11181547549726047]
29,9,17,1,0.014180001408227167,1.2321414480763013,True,False,[15],[0.020091643970813294]
29,11,596,2,0.017536079989594368,1.5863282991198921,True,False,"[7, 15]","[0.17561772580278054, 0.1212591288836714]"
29,13,301,1,0.014340692286685218,1.2378844433551566,True,False,[7],[0.08602044478034669]
29,15,521,2,0.014639148391705688,1.280909134210074,True,False,"[15, 16]","[0.03158079405187972, 0.09684506906131483]"
29,16,126,3,0.011165853979799294,1.1916492473703748,True,False,"[7, 8, 16]","[0.11159829530336811, 0.08289660633990507, 0.0382890800384991]"
29,17,111,2,0.009466466642634905,1.3364582894926471,True,False,"[7, 8]","[0.12013443887790869, 0.11406165286296364]"
29,18,128,2,0.010635480180584031,1.1896351764935298,True,False,"[7, 8]","[0.09444743254041027, 0.0805211017849407]"
29,19,634,2,0.014759998646326362,1.6489781965762802,True,False,"[7, 16]","[0.09348132404152389, 0.12012893932611672]"
29,20,107,1,0.013298419356455397,1.1872363598663498,True,False,[7],[0.11789588466910528]
29,21,405,1,0.0143747185135885,1.4020991986574212,True,False,[7],[0.0691958291680601]
29,22,4,1,0.015342920126959413,1.1990928423745202,True,False,[5],[0.05835525032742589]
29,23,663,3,0.010990436653605062,1.3827642671777889,True,False,"[7, 8, 16]","[0.13795538721166725, 0.09072531497025393, 0.12259708552507902]"
30,0,697,1,0.021367292820391803,1.31185230972693,True,False,[5],[0.0915137432180784]
30,1,7,1,0.014608598101381137,1.2905197636305898,True,False,[8],[0.06633686016570275]
30,2,16,1,0.014671819283069636,1.3681861625375928,True,False,[12],[0.11968834496971203]
30,3,19,2,0.010722604618172291,1.2498850442514156,True,False,"[8, 15]","[0.09900275867464071, 0.10234541442948758]"
30,4,234,1,0.015031740308951377,1.9444978905321924,True,False,[5],[0.11906728131011106]
30,5,332,1,0.014824791266775855,1.4231576307599785,True,False,[5],[0.07355603557379961]
30,6,293,1,0.014042616004272347,1.2358860989800038,True,False,[5],[0.11398638357314858]
30,7,403,1,0.012196558563581327,1.4264333716784692,True,False,[11],[0.02794883501227248]
30,8,17,2,0.01037583577660753,1.2405170672384582,True,False,"[8, 16]","[0.07082956362292414, 0.055841089667569524]"
30,9,453,2,0.014199415088117808,1.2446921983085646,True,False,"[8, 11]","[0.1526755798418723, 0.0721945983795798]"
30,10,519,1,0.01423051181174903,1.2122690607659108,True,False,[7],[0.1125847020723917]
30,11,642,1,0.014359586358916172,1.236225241607264,True,False,[5],[0.056318021302407144]
30,12,13,1,0.015224785624288214,1.1472348268753905,True,False,[5],[0.05732464470744441]
30,13,301,2,0.010137308360883848,1.243609480091515,True,False,"[7, 11]","[0.07878857716359515, 0.06051585320556349]"
30,14,12,1,0.014697600275344799,1.2276840774509685,True,False,[5],[0.08466151069024307]
30,15,521,1,0.014936988342202676,1.287618231980351,True,False,[7],[0.09214671184483665]
30,16,126,1,0.01366143232438204,1.2184629038108306,True,False,[7],[0.10402226159799813]
30,17,699,1,0.05066002809375063,1.4068675319274115,True,False,[7],[0.1226070858165333]
30,18,596,1,0.016423232473508118,1.5933160095797094,True,False,[7],[0.10424605193340993]
30,20,634,2,0.015507875064609905,1.6617019604114462,True,False,"[7, 8]","[0.13594223773451639, 0.16067943543645508]"
30,22,405,1,0.01354530112998205,1.4176265904270058,True,False,[7],[0.13159596180457309]
30,23,663,1,0.014006007815582328,1.3853500234492724,True,False,[16],[0.13774510422115108]
31,0,697,1,0.011698921789539164,1.3401797476239545,True,False,[7],[0.10006547133024024]
31,1,7,1,0.01333293735595364,1.3194779193075825,True,False,[7],[0.11376988384732332]
31,3,19,1,0.014523919569040134,1.2715339092289988,True,False,[7],[0.0806361361035845]
31,4,234,1,0.012373877347857326,1.969103521892918,True,False,[7],[0.1232683399109339]
31,5,332,1,0.015059218575625024,1.4260294368801585,True,False,[17],[0.05121011083808038]
31,6,293,1,0.014555028488515028,1.2567456644747856,True,False,[5],[0.12594558938510458]
31,7,403,1,0.014140213884244926,1.4271617221563064,True,False,[8],[0.06466786905924023]
31,8,17,1,0.012789023538786873,1.2550197703645525,True,False,[15],[0.08017922435885216]
31,10,519,2,0.010733890507236518,1.217422437866992,True,False,"[7, 8]","[0.10164617880454654, 0.11906865189006162]"
31,11,642,1,0.014531129159107868,1.2632322325751684,True,False,[5],[0.08059519819087052]
31,12,13,2,0.010776227090970317,1.1474370493251853,True,False,"[7, 8]","[0.10635508986476745, 0.07931768078830456]"
31,15,521,1,0.014545246712128673,1.3074999891217107,True,False,[5],[0.08741764938938136]
31,16,126,3,0.012599419552104585,1.226903849293019,True,False,"[7, 8, 16]","[0.12494866946376249, 0.123366683564396, 0.09191234391315868]"
31,18,596,1,0.016483092727680244,1.5920485445329686,True,False,[8],[0.11426880298280515]
31,19,128,1,0.013660994360085481,1.1895229525119673,True,False,[7],[0.0964826799928335]
31,20,634,1,0.020701450608390286,1.6779909179990886,True,False,[5],[0.1108499150856377]
31,21,107,1,0.012440181680415574,1.212335812433488,True,False,[5],[0.12847554414245207]
31,22,405,1,0.015061302639474666,1.4288466625023373,True,False,[5],[0.06776150040747195]
31,23,663,2,0.011416234243217515,1.3876140829924373,True,False,"[15, 16]","[0.052525807352649834, 0.11445926905424345]"
32,0,697,1,0.015625809959627836,1.3419093790210213,True,False,[15],[0.08716480725591128]
32,1,7,1,0.01472383774360476,1.3303762545869202,True,False,[8],[0.0641264657086081]
32,3,19,1,0.014153034837390846,1.2717875113902724,True,False,[8],[0.10179682588176747]
32,4,234,1,0.013074792094583482,1.9889264932188964,True,False,[7],[0.12702168786286222]
32,5,332,1,0.015232236191213193,1.4386449961529701,True,False,[7],[0.15285390005833047]
32,9,453,1,0.015366578674425615,1.2413032369735189,True,False,[7],[0.10830785545434185]
32,10,519,1,0.014809433956257419,1.2218204308204694,True,False,[5],[0.1130314570244584]
32,11,642,1,0.014509707159210612,1.2917741021461089,True,False,[5],[0.07695702518160405]
32,13,301,1,0.015195592350170121,1.238919476297455,True,False,[8],[0.07389366523188545]
32,15,521,2,0.009867454993378747,1.3089403557135104,True,False,"[7, 16]","[0.08592868666141612, 0.07701549870909913]"
32,16,126,1,0.01427351923762533,1.2264593236601524,True,False,[8],[0.11235173050901189]
32,18,596,1,0.01746808550014005,1.5891066525819444,True,False,[16],[0.06678575652587297]
32,19,128,3,0.012142782800354218,1.20068443442002,True,False,"[7, 8, 12]","[0.10402543452513954, 0.09561378250358447, 0.08487345477136718]"
32,20,634,1,0.02003986522035612,1.6790947134174414,True,False,[16],[0.07227607979908131]
32,21,107,1,0.015297232579914407,1.2003126178594175,True,False,[8],[0.1035679830493721]
32,22,405,1,0.013801876160984976,1.4471453335276623,True,False,[7],[0.12523003852078024]
32,23,663,2,0.011924958769331251,1.40581826234158,True,False,"[8, 16]","[0.08771983384179538, 0.10594294534450299]"
33,1,7,1,0.013576987397898947,1.3327883894092036,True,False,[8],[0.055221601235312306]
33,2,16,1,0.01410636264921418,1.3934506815021128,True,False,[5],[0.09775882121355471]
33,3,19,1,0.015042504643962836,1.2913319988893026,True,False,[7],[0.08252261599561644]
33,4,234,1,0.013015726729859978,2.0125504414929916,True,False,[7],[0.13658297110501239]
33,5,332,1,0.014649700416684326,1.4536668031063393,True,False,[7],[0.1312158215753457]
33,7,403,1,0.014189722091571946,1.4395123184940048,True,False,[8],[0.0736637719648898]
33,8,17,1,0.015119438097572914,1.2591353309176871,True,False,[5],[0.09195549695473208]
33,10,519,1,0.014845931468185835,1.2268267978438736,True,False,[5],[0.130976685539536]
33,11,642,1,0.013375818120260823,1.2919142867724474,True,False,[8],[0.12317894839985928]
33,12,13,1,0.014795900201081161,1.1634774879436545,True,False,[8],[0.07564184236398365]
33,13,301,1,0.014251049102312273,1.2569274216185373,True,False,[7],[0.08502433374542946]
33,15,521,1,0.01432547817506527,1.3251946694514896,True,False,[5],[0.09378012282200787]
33,18,596,1,0.01634838982198981,1.5892883775069477,True,False,[8],[0.10604337752212548]
33,19,128,1,0.014533448723359918,1.2173254987226945,True,False,[5],[0.09556527121681586]
33,20,12,1,0.01563773931112922,1.237169085249696,True,False,[5],[0.10444408522027428]
33,21,107,1,0.01455657868233246,1.215155374475562,True,False,[7],[0.07703406555039757]
33,23,663,1,0.014003271153306563,1.4141758849602408,True,False,[7],[0.13079703413012023]
34,0,697,2,0.009081004537178798,1.3597760612218377,True,False,"[7, 8]","[0.09428839050532802, 0.0980896398355221]"
34,1,7,1,0.013883223653556065,1.361407850884422,True,False,[7],[0.12181852506403901]
34,2,16,1,0.011354406734317722,1.4212690483444608,True,False,[7],[0.08655071508212045]
34,3,19,1,0.014808192127114069,1.3118161945696272,True,False,[7],[0.08618922281030887]
34,4,234,1,0.012572054260233305,2.042034791375191,True,False,[7],[0.14471026924006788]
34,5,332,1,0.014704118084803328,1.4754860609156613,True,False,[7],[0.12084847969622918]
34,6,293,1,0.013226403999898967,1.2424067897187754,True,False,[12],[0.04086640173514541]
34,7,403,1,0.014396528593330989,1.461808847283632,True,False,[8],[0.09310808721446534]
34,8,17,2,0.009398200718123638,1.2719758671557222,True,False,"[7, 15]","[0.10392068608792987, 0.09438990058413485]"
34,9,453,1,0.014981630634847644,1.2407978399129156,True,False,[7],[0.13226296228501244]
34,10,519,2,0.009991891973689439,1.2418311436702225,True,False,"[7, 16]","[0.10530611403513834, 0.045366235161344276]"
34,11,642,1,0.012396889914745428,1.2966770453008931,True,False,[8],[0.13050643018174246]
34,12,13,2,0.012575352461636815,1.172204641658519,True,False,"[8, 12]","[0.08087117036728451, 0.04356234199492289]"
34,14,521,2,0.010911356833304383,1.3383756532360143,True,False,"[7, 16]","[0.09301688543448064, 0.04785786326124491]"
34,15,126,1,0.01399896482856129,1.234673789540959,True,False,[7],[0.11097348324744225]
34,16,699,1,0.014272154733474944,1.4137522067085242,True,False,[7],[0.12927169386120307]
34,17,596,1,0.014750140879762043,1.5873676370736018,True,False,[8],[0.11034193333994008]
34,18,128,1,0.013407075995705283,1.2295062448529541,True,False,[7],[0.10351278872999721]
34,19,301,1,0.011969461995356617,1.2841886280599442,True,False,[7],[0.08496256275529783]
34,20,774,1,0.07124966384594039,1.4745783402727366,True,False,[7],[0.12443972659244734]
34,21,107,3,0.011269367925959629,1.2196564507080405,True,False,"[7, 8, 11]","[0.10213651853667442, 0.13339720873482333, 0.07398870705509772]"
34,23,663,1,0.013627068976938515,1.4170893244394498,True,False,[15],[0.0631875380495339]
35,0,697,1,0.014669284825412096,1.3798877100110114,True,False,[5],[0.09877767576632356]
35,1,7,2,0.010380749413657261,1.378844965527425,True,False,"[7, 8]","[0.11617541517169482, 0.07848066685586552]"
35,2,16,1,0.013763300821339215,1.4510460741988012,True,False,[5],[0.11044519592361167]
35,4,234,1,0.01245999227485914,2.0731782737989977,True,False,[7],[0.1387833390372793]
35,7,403,1,0.014264288815333216,1.487530419132982,True,False,[8],[0.1042657575153944]
35,8,17,1,0.013144014148678997,1.298749978534347,True,False,[15],[0.0922008571714837]
35,10,519,1,0.014713676633397456,1.2467071290342702,True,False,[5],[0.14194372250169746]
35,12,13,2,0.010976495381243435,1.1798461188642504,True,False,"[7, 8]","[0.10987717396471328, 0.09289939085623523]"
35,13,809,1,0.01423353190174556,1.4090901777844538,True,False,[7],[0.08362072555138375]
35,14,521,1,0.014195919498415489,1.3700140596823738,True,False,[5],[0.08207517542105246]
35,15,126,3,0.008154608924253876,1.241286701966384,True,False,"[7, 8, 16]","[0.10127571406811665, 0.09513445682270864, 0.08912776230073145]"
35,16,699,1,0.013453326023921163,1.4143480432690632,True,False,[8],[0.10613398396562607]
35,17,596,2,0.011168666116726553,1.5997072930917393,True,False,"[7, 16]","[0.13743499434583095, 0.09326424622127008]"
35,19,301,1,0.012155075978935464,1.3120709081491728,True,False,[7],[0.09430178156035751]
35,20,774,1,0.014666199630743166,1.491272771951462,True,False,[5],[0.11518441779183305]
35,21,107,2,0.011308345796205047,1.2128674311089753,True,False,"[11, 16]","[0.09327491082719883, 0.12597309922263386]"
35,23,663,1,0.014514028423573074,1.4199672910659449,True,False,[5],[0.06364914245874094]
36,1,858,1,0.014151624118880025,1.2831424768941404,True,False,[5],[0.12351663778617007]
36,2,849,2,0.03995922868407814,1.3310219985695728,True,False,"[7, 11]","[0.12129203301069233, 0.05649422223551692]"
36,3,19,1,0.014392050987717946,1.3118824081023668,True,False,[8],[0.10376924825648977]
36,6,16,1,0.014072109734991236,1.4503938520885322,True,False,[12],[0.07015876154636237]
36,7,403,1,0.014100228505851853,1.5174824341466342,True,False,[8],[0.10530650497109234]
36,8,17,1,0.013125605267052235,1.3282121342377189,True,False,[15],[0.08979996993389865]
36,9,453,1,0.013812726221044958,1.2670561356779673,True,False,[8],[0.14271913942872308]
36,10,519,1,0.013895885974915454,1.246201655831954,True,False,[8],[0.09427888802440115]
36,12,332,1,0.011305484328041595,1.5098843754617701,True,False,[7],[0.1251778416598099]
36,13,293,2,0.011205068680490095,1.2377889137749793,True,False,"[7, 16]","[0.1059238945819849, 0.11285731981122091]"
36,14,521,2,0.011670490268679183,1.3883809865283445,True,False,"[7, 16]","[0.09843442928676599, 0.06580421046277475]"
36,15,126,3,0.009190521370766104,1.2402249766631512,True,False,"[7, 11, 16]","[0.1241712325141478, 0.13117509749638243, 0.10782829149329225]"
36,16,699,1,0.013417589030863314,1.4182067026612057,True,False,[8],[0.10152296053325333]
36,17,596,1,0.016810040917004717,1.6308295554794048,True,False,[5],[0.12500544132512723]
36,18,13,1,0.013937768011062513,1.2086701019041481,True,False,[8],[0.11791771995129982]
36,19,809,2,0.013178499949488923,1.4197090335905354,True,False,"[7, 8]","[0.10660266523763659, 0.1103360859702989]"
36,20,107,1,0.01299939099153254,1.2107461684755005,True,False,[11],[0.11638265916385385]
36,21,405,1,0.01470346791199367,1.4712027775028362,True,False,[7],[0.10663284221970286]
36,22,128,2,0.011066762093615458,1.2301959488987944,True,False,"[8, 12]","[0.10760960509001805, 0.09269821796048962]"
36,23,663,2,0.011952357715553598,1.441823518804007,True,False,"[7, 16]","[0.12832456801390976, 0.10066575932893153]"
37,0,697,1,0.011436819140340908,1.4117293146367695,True,False,[7],[0.09556947159652872]
37,2,849,1,0.013163288472816108,1.3246790380717557,True,False,[12],[0.13347381239663136]
37,3,19,1,0.015399269990796974,1.3366457715223914,True,False,[5],[0.1285976771745292]
37,4,234,1,0.011759554801620989,2.1120656067400443,True,False,[7],[0.13052089616686988]
37,5,7,2,0.010506487501072559,1.3850199857338485,True,False,"[8, 15]","[0.11133199484745347, 0.08777895280806797]"
37,6,16,1,0.015378401538240057,1.462193892437569,True,False,[5],[0.1203291972475381]
37,7,403,1,0.013973937165839423,1.5493747949822665,True,False,[8],[0.10489976132117569]
37,9,453,1,0.01489524224843563,1.2665597819257401,True,False,[7],[0.13113702745027975]
37,10,519,1,0.012777001506352238,1.2618249165578521,True,False,[7],[0.12360489173752733]
37,11,642,2,0.009449301728091547,1.3035913019729835,True,False,"[7, 16]","[0.1499631032233005, 0.06667714145418284]"
37,12,332,1,0.012871928716615522,1.5386400384342136,True,False,[5],[0.06083581919342365]
37,13,293,1,0.013991275805114651,1.2381634016017713,True,False,[12],[0.04475994634420246]
37,14,521,1,0.014336597082326584,1.418726886197558,True,False,[5],[0.08853565251485476]
37,15,126,1,0.014129921560849613,1.2502984350523227,True,False,[7],[0.12066798374893627]
37,16,699,1,0.014042083699992061,1.4220410141297606,True,False,[15],[0.04463002952648265]
37,17,596,1,0.016571439024701633,1.6297484502043036,True,False,[16],[0.09921062218538038]
37,18,13,1,0.014667893390466853,1.2138443265833274,True,False,[12],[0.049961041518659044]
37,19,809,1,0.01340896696456677,1.4422956659632957,True,False,[7],[0.09736665432532797]
37,20,107,1,0.015039735705493391,1.2180922615517635,True,False,[5],[0.10740983666105232]
37,21,405,1,0.014642701887016902,1.4924800107416614,True,False,[7],[0.09603516663636923]
37,22,128,1,0.015186383380368504,1.2360565616235513,True,False,[8],[0.12496405164198936]
37,23,663,1,0.014487475922386075,1.4573593185844014,True,False,[16],[0.1005546612700484]
38,0,697,2,0.011487608904137792,1.4314295953615195,True,False,"[7, 15]","[0.0942613616543963, 0.10240361599274565]"
38,1,858,1,0.01343145667517338,1.296162186486579,True,False,[7],[0.12042925680845289]
38,3,19,1,0.015142767263415695,1.364868539376554,True,False,[5],[0.12535506471066354]
38,4,234,1,0.012664624716300447,2.1478941180577085,True,False,[7],[0.13851690047336082]
38,5,7,2,0.013661031088852589,1.39554689438857,True,False,"[7, 8]","[0.1238690968691621, 0.11590365729653827]"
38,6,16,1,0.015342797683817848,1.4782515830528349,True,False,[5],[0.107350010669767]
38,7,403,1,0.014704243761008892,1.5488992810834252,True,False,[5],[0.08692466536274535]
38,9,453,1,0.014533998932613687,1.265304455784165,True,False,[7],[0.10435253727924423]
38,10,519,2,0.010484912734688967,1.2676086266642062,True,False,"[7, 11]","[0.13463098909747925, 0.06985582283909329]"
38,12,332,2,0.011486533148071852,1.5651724827287887,True,False,"[7, 16]","[0.13524007287021172, 0.10823812161829616]"
38,15,126,2,0.012266557414993624,1.2603158634696041,True,False,"[7, 12]","[0.1504472501915205, 0.07510963430545567]"
38,16,699,2,0.011783312627425185,1.429895252160597,True,False,"[8, 15]","[0.1026988400957627, 0.06862371400925163]"
38,17,596,2,0.013961334526883858,1.6261943398112142,True,False,"[8, 16]","[0.1408234118125005, 0.13609122647078545]"
38,18,13,2,0.01224977561174967,1.2345414004226478,True,False,"[8, 12]","[0.12253309939571971, 0.0767605489313974]"
38,19,809,1,0.014730701155435283,1.4578009131325618,True,False,[8],[0.10301764276499326]
38,20,107,1,0.013404363654641696,1.242541084638473,True,False,[7],[0.12183742325995017]
38,22,128,2,0.01031357743074624,1.2488454414604446,True,False,"[7, 8]","[0.13846143772753972, 0.10438513376111948]"
38,23,663,3,0.00797152958153004,1.4617739892394508,True,False,"[7, 11, 15]","[0.10371421147223898, 0.06471725268865718, 0.08344436648921418]"
39,0,920,1,0.04564927259668229,1.3857785649929806,True,False,[15],[0.10223663326855403]
39,1,19,2,0.01181144490376226,1.3729815139717065,True,False,"[8, 15]","[0.09218952357268301, 0.041694047337157314]"
39,3,858,2,0.010445135255184205,1.297417390384096,True,False,"[8, 12]","[0.11069600533057232, 0.06228096757611566]"
39,4,849,1,0.014282308578158468,1.3263827057376216,True,False,[12],[0.05589211276076467]
39,7,453,2,0.009407326380737062,1.2751115020378232,True,False,"[7, 8]","[0.14166003310683536, 0.11830797426787304]"
39,8,234,1,0.014393153381084715,2.1475885902532013,True,False,[8],[0.10485812444799884]
39,11,521,3,0.008499510367348086,1.4265122934402523,True,False,"[7, 8, 16]","[0.14267564839347116, 0.14088047637947895, 0.08589748738068674]"
39,12,126,2,0.012263737741260602,1.276411255028872,True,False,"[7, 8]","[0.1487772710880361, 0.1271576206698168]"
39,13,519,2,0.009839857425281096,1.268127659138477,True,False,"[8, 16]","[0.08436003097163987, 0.1051445777825821]"
39,14,642,1,0.01376840976366728,1.327492503014949,True,False,[5],[0.08781208931007937]
39,15,332,1,0.01321041154078167,1.59484170332009,True,False,[5],[0.10706069493304737]
39,17,107,1,0.013523536228383927,1.2634466091985568,True,False,[7],[0.14965414857117174]
39,18,405,1,0.014086418037355442,1.5023838640810274,True,False,[7],[0.11006877588625262]
39,19,699,1,0.0129730234800026,1.450396684011189,True,False,[8],[0.09643135433838654]
39,21,13,2,0.010870517018779273,1.2321354433935843,True,False,"[7, 16]","[0.10713682130967565, 0.12747754242259546]"
39,22,809,1,0.014626558080996076,1.4613748882758397,True,False,[8],[0.09397469326819864]
39,23,663,1,0.013070305020212086,1.4876013922885893,True,False,[7],[0.11436265083693654]
40,0,920,1,0.013458135176085148,1.4035838053308116,True,False,[15],[0.08584223602937442]
40,1,19,1,0.012884594820104376,1.3832623637436297,True,False,[8],[0.09299202583352242]
40,4,403,1,0.013665821161294849,1.5772680158105958,True,False,[8],[0.0888594623673334]
40,5,17,2,0.009365162926926313,1.3412533112686764,True,False,"[8, 16]","[0.11131857246683934, 0.05965979079314592]"
40,6,956,1,0.019653593176766942,1.6455014338950336,True,False,[8],[0.11745878232493547]
40,7,453,1,0.012746869395424734,1.283964935786329,True,False,[7],[0.16015218867560005]
40,8,697,2,0.00914830698051172,1.4384623310187552,True,False,"[7, 8]","[0.11113577235111108, 0.1006956700044547]"
40,9,858,1,0.013675773213178194,1.296980751141562,True,False,[8],[0.13622230335842442]
40,10,521,2,0.010107284752792706,1.4288939705573152,True,False,"[7, 15]","[0.13202803455982898, 0.06746710810675999]"
40,11,126,2,0.010877866338213225,1.2811334781712929,True,False,"[7, 16]","[0.1539103850826677, 0.13070743196123072]"
40,13,7,3,0.00859320514351312,1.3963986271407665,True,False,"[7, 8, 15]","[0.10231548547265738, 0.08581418176526172, 0.04761580922605913]"
40,14,16,2,0.013055773623094985,1.4902652980046147,True,False,"[7, 12]","[0.11111922701270163, 0.05589258307835628]"
40,15,519,1,0.012850606016035826,1.2667315943977495,True,False,[16],[0.1113001198418732]
40,16,642,1,0.0124686600922917,1.333343265041053,True,False,[7],[0.11982292432641363]
40,17,332,1,0.01224813982596394,1.6218914794037587,True,False,[7],[0.1522069087811143]
40,18,293,1,0.014576732131279796,1.2549928138541717,True,False,[5],[0.08093184743632002]
40,19,107,1,0.011759859112749557,1.2898955237191625,True,False,[7],[0.09463900138804489]
40,20,405,1,0.01249466591458974,1.5344628702737169,True,False,[7],[0.12004687608837812]
40,21,699,1,0.014757857003207473,1.4538034158213404,True,False,[8],[0.12549668494582436]
40,22,809,1,0.012754296403080905,1.475617307215609,True,False,[7],[0.13448830827366992]
41,1,19,1,0.011898564383206417,1.396190809912683,True,False,[8],[0.10131668050903579]
41,2,941,1,0.02831553003779194,1.5850126521765444,True,False,[5],[0.09907038081623559]
41,3,849,2,0.008945150556003006,1.3330314507158116,True,False,"[7, 8]","[0.0884091538890419, 0.1104361494636573]"
41,4,403,1,0.01256961736122894,1.6096310554039606,True,False,[8],[0.0961786418396821]
41,6,956,1,0.017939780763854447,1.6520033639792613,True,False,[8],[0.11023757787045192]
41,7,453,1,0.014145843063545053,1.2878942981397534,True,False,[5],[0.0888225466426958]
41,8,697,2,0.008799892389111235,1.4539146438400872,True,False,"[7, 15]","[0.10192019182447122, 0.08046126636515338]"
41,9,858,1,0.01370947344013278,1.2992480555850936,True,False,[8],[0.1430212783549887]
41,10,521,1,0.014934746432958267,1.4302266123821943,True,False,[16],[0.03774913616819311]
41,11,126,1,0.012187872056414861,1.2808461382119856,True,False,[16],[0.13882211460679364]
41,12,234,1,0.015180591593319854,2.1076448260531886,True,False,[6],[0.08518090557987448]
41,14,16,1,0.012977279683930611,1.524305610280133,True,False,[5],[0.08600015809723245]
41,15,519,1,0.011788110699552008,1.2674863894629942,True,False,[16],[0.09590408895626427]
41,16,642,1,0.012872976797130668,1.3415354824235304,True,False,[7],[0.12321336584676364]
41,17,332,1,0.013709296134787404,1.643287556371619,True,False,[5],[0.11420547531886444]
41,18,293,1,0.014250462852608708,1.244616375687501,True,False,[7],[0.11525027263464634]
41,21,699,1,0.014402143885378539,1.4583236912922748,True,False,[8],[0.10473263170260438]
41,22,809,1,0.014305372087027543,1.4954880938539419,True,False,[5],[0.08188939882346932]
41,23,663,2,0.008609854455505458,1.4959351576633169,True,False,"[8, 15]","[0.0924769266483799, 0.1046787112887297]"
42,1,19,1,0.014825308745689863,1.4049013993093773,True,False,[5],[0.1345697085863828]
42,3,849,3,0.011199552140526356,1.33629770402588,True,False,"[7, 8, 12]","[0.11679778303035365, 0.12815985519311876, 0.07564551969476024]"
42,4,403,1,0.014236130228402128,1.6134842080666127,True,False,[5],[0.12805607814814227]
42,5,17,2,0.009632665025542534,1.3571516732891666,True,False,"[8, 16]","[0.10309229781715122, 0.061364701923798746]"
42,6,956,1,0.019263638989656516,1.6870366051604768,True,False,[5],[0.1160343336102447]
42,7,453,1,0.013207071814615853,1.293181111991399,True,False,[12],[0.05168898213273883]
42,8,697,1,0.010405780428506308,1.4888746391185184,True,False,[7],[0.10441505084907132]
42,9,858,1,0.013791881177395066,1.3141858172074614,True,False,[7],[0.10811191190257308]
42,11,126,2,0.011566019759737521,1.2868191021650657,True,False,"[7, 16]","[0.15937075290222794, 0.16968109220070382]"
42,13,7,1,0.014061943639116392,1.3944805294731293,True,False,[8],[0.09758186511438388]
42,14,16,1,0.013982155956174861,1.5487947357895708,True,False,[7],[0.115105380985409]
42,15,519,2,0.010031429984727551,1.2799139848134657,True,False,"[7, 16]","[0.16345203821613502, 0.10294084881385596]"
42,16,642,1,0.01193656468232516,1.3609023625928158,True,False,[5],[0.14232523519019777]
42,17,332,1,0.013000638898993916,1.6655307931549987,True,False,[7],[0.1650039877419042]
42,18,293,1,0.013896857804927588,1.2449775224095583,True,False,[7],[0.11045422962918389]
42,19,107,2,0.010618612995528593,1.2972815673315623,True,False,"[7, 16]","[0.11046170063066439, 0.13391698773313915]"
42,22,809,2,0.009201620391462398,1.5065696034691471,True,False,"[7, 8]","[0.125112392292765, 0.08382840395855505]"
43,0,920,1,0.014212489729773117,1.4036028771172018,True,False,[8],[0.11280055742030551]
43,1,19,1,0.01419539752321727,1.4198525785372496,True,False,[5],[0.14842380336405092]
43,2,941,1,0.012838162212446607,1.59452777362578,True,False,[5],[0.09355047671128287]
43,3,849,1,0.01423137922993438,1.3378844779211332,True,False,[5],[0.13757516704014983]
43,4,1010,1,0.012199677983372027,1.613490138227564,True,False,[7],[0.13005890762786873]
43,5,403,1,0.013209226161402335,1.633286375780313,True,False,[8],[0.11134007475861481]
43,6,17,2,0.010164222484742962,1.3579211430365128,True,False,"[15, 16]","[0.05027162757750286, 0.08961539978607017]"
43,8,453,2,0.010331594569652755,1.294007074862426,True,False,"[7, 8]","[0.11384684126146785, 0.1163732924229474]"
43,9,697,1,0.014725858214746841,1.4925874016566196,True,False,[5],[0.059911954849164194]
43,10,858,1,0.012179970170966805,1.34054865531691,True,False,[7],[0.1489992413410046]
43,11,521,1,0.013299503716817266,1.427889660712341,True,False,[16],[0.1592057945091374]
43,12,126,1,0.012763792175855819,1.3099383469457373,True,False,[7],[0.1483844945956822]
43,13,234,1,0.011383091766061256,2.1521738017874767,True,False,[7],[0.10623320628262664]
43,14,7,1,0.01525446053983861,1.3943459997480003,True,False,[8],[0.07822102500168675]
43,15,16,1,0.013022379475659698,1.562349991484957,True,False,[12],[0.08067528922306692]
43,16,519,2,0.01199591342284151,1.2807362966449396,True,False,"[8, 11]","[0.11599374344859742, 0.03546248736467579]"
43,17,642,1,0.013290424833468043,1.3511039303259962,True,False,[11],[0.08227980911089562]
43,18,332,1,0.012033654926617095,1.6984812328199688,True,False,[5],[0.07495855449778964]
43,20,107,1,0.013637321886930119,1.292611372867043,True,False,[8],[0.1668090333543249]
43,21,405,1,0.011612911581903895,1.5708629596464092,True,False,[5],[0.12595620173185648]
43,23,809,2,0.01044198348640257,1.5134501203383615,True,False,"[7, 15]","[0.10410373053232673, 0.09704542365189299]"
44,2,941,1,0.01423487392390483,1.6081190543076629,True,False,[8],[0.032491977053430945]
44,3,849,1,0.01402359366827632,1.3566702342663384,True,False,[5],[0.13224807546295367]
44,4,1010,2,0.011526162573937824,1.6166484407040218,True,False,"[8, 11]","[0.09939215807188327, 0.028543639122117177]"
44,5,403,2,0.011176056461748055,1.6399310987492304,True,False,"[7, 8]","[0.1176623591465336, 0.10974804391030883]"
44,6,17,2,0.010072185160802992,1.371787733414618,True,False,"[8, 16]","[0.10475715244091297, 0.09359181738307386]"
44,7,956,1,0.019226946096754825,1.6897470469482438,True,False,[8],[0.14745653288050742]
44,8,453,1,0.014957426525338461,1.2772765580672045,True,False,[11],[0.03507309738237988]
44,9,697,1,0.013082639647264565,1.5147647856020487,True,False,[7],[0.11096286255654424]
44,10,858,1,0.012547413611886608,1.3638357131314127,True,False,[7],[0.1495458124592131]
44,13,234,1,0.012452469521336763,2.186148365542163,True,False,[5],[0.06878063063244672]
44,14,7,1,0.015188557097253258,1.3988601184312313,True,False,[8],[0.08760149500611626]
44,15,16,2,0.011798587319892842,1.5841855833381238,True,False,"[7, 12]","[0.16106257859509757, 0.09014907630256516]"
44,16,519,1,0.012113194401180626,1.2813397336992745,True,False,[11],[0.05129635090685542]
44,18,332,1,0.01314388939964003,1.725561006753186,True,False,[5],[0.08886219788901702]
44,19,293,1,0.013875387140145065,1.2586478311853835,True,False,[12],[0.09437004666960232]
44,20,107,1,0.0143672670750619,1.2914403828337355,True,False,[8],[0.17566602909684778]
44,21,405,1,0.011469699560534043,1.604561479477765,True,False,[5],[0.11690677392573835]
45,1,19,1,0.012805545305027873,1.4373185796547214,True,False,[7],[0.1146837848625463]
45,3,849,3,0.011394656929977605,1.3735841885388143,True,False,"[7, 11, 12]","[0.12209857152286138, 0.045275916036168144, 0.09392943210861933]"
45,4,1010,2,0.0119063563394332,1.6204946566861966,True,False,"[8, 11]","[0.10151341422705372, 0.04127332183073775]"
45,6,17,1,0.013592501928539714,1.403652088282918,True,False,[16],[0.10068858684411891]
45,7,956,1,0.0179521869443062,1.7238310739458536,True,False,[5],[0.12724436208602252]
45,8,453,1,0.011091989594191302,1.28900576573192,True,False,[7],[0.14163179952194196]
45,9,697,2,0.01086618008894232,1.5289329490485093,True,False,"[7, 15]","[0.10708181663504049, 0.04621822165510519]"
45,10,858,1,0.014569762583957644,1.3709216643031406,True,False,[5],[0.13961588206137507]
45,11,521,2,0.010345477329162056,1.4211948574764832,True,False,"[7, 11]","[0.142281061585217, 0.06564018555548852]"
45,12,126,1,0.01188877357654298,1.338151627839217,True,False,[7],[0.13920671135707188]
45,14,7,1,0.015152187979179835,1.4042691084057441,True,False,[8],[0.09057218565638063]
45,15,16,1,0.013164690697783706,1.612164484741024,True,False,[7],[0.15086529036961363]
45,17,332,1,0.013434437572723456,1.7479628110743488,True,False,[5],[0.11481339246947582]
45,19,107,1,0.014381267196264352,1.3090099864302902,True,False,[5],[0.11861335099813028]
45,20,405,1,0.011520189879192328,1.642762110660681,True,False,[7],[0.10841811942309942]
45,21,519,1,0.011424179761949947,1.3097109105302562,True,False,[5],[0.1327569071300819]
45,22,642,1,0.014645568893012693,1.3523880904221264,True,False,[11],[0.06434199476365061]
45,23,809,1,0.015009865964141552,1.5266791022683022,True,False,[5],[0.07570943432418031]
46,0,920,1,0.012212287844931894,1.4073378503301954,True,False,[7],[0.09600829817573531]
46,1,19,2,0.012037299378990469,1.4483810801960961,True,False,"[8, 15]","[0.10487972799657508, 0.055521524237721664]"
46,2,941,1,0.014673054801100217,1.5968053429058777,True,False,[11],[0.06779585074268284]
46,3,849,1,0.014247994070676805,1.3991883091195068,True,False,[5],[0.1411929721635223]
46,4,1010,1,0.01434418616724625,1.6015481213353853,True,False,[11],[0.060580702453424305]
46,5,403,1,0.012063392933490897,1.6588291484075322,True,False,[8],[0.1091622019068197]
46,7,956,1,0.019352394264982323,1.7245696800447574,True,False,[8],[0.14492928898047852]
46,9,697,1,0.01421942114885492,1.5407641221497637,True,False,[5],[0.05553042773285415]
46,10,858,1,0.014241266334139305,1.384232206007295,True,False,[5],[0.13692043986111802]
46,11,1082,1,0.05275650771250548,1.6802384923670506,True,False,[7],[0.1593306326279577]
46,13,126,1,0.013903959760546414,1.3556538918510568,True,False,[5],[0.07777600525877859]
46,14,234,1,0.012147888752460069,2.2322682916964656,True,False,[7],[0.11824943998857115]
46,15,7,1,0.012359606144853163,1.4047982438981983,True,False,[8],[0.08950833178230162]
46,16,16,1,0.011621835244245161,1.6513911018848608,True,False,[5],[0.1416801906803979]
46,18,332,1,0.01221587699676972,1.7827801981886555,True,False,[5],[0.08064304509820852]
46,19,293,1,0.013091495974203556,1.2649001069903238,True,False,[7],[0.11044624515965212]
46,21,405,1,0.012167360535801567,1.6797394288198126,True,False,[7],[0.09755654077582532]
46,22,519,1,0.01389601549288761,1.3021842754003043,True,False,[16],[0.13554731951110954]
46,23,809,2,0.009393351705933995,1.5395108554034573,True,False,"[7, 8]","[0.109562520049497, 0.09640339917972772]"
47,0,920,2,0.010734557966614369,1.4147555056711487,True,False,"[8, 15]","[0.11233251209370557, 0.10413961002289297]"
47,1,19,2,0.009633708106771829,1.462155143676567,True,False,"[7, 15]","[0.11059340349675546, 0.0551428066036334]"
47,2,941,1,0.014094474803782064,1.5965302750361685,True,False,[11],[0.07478373433961318]
47,5,403,1,0.01419883407960238,1.656388905975189,True,False,[5],[0.0695301480778742]
47,6,17,1,0.013588627801314352,1.4344628041046583,True,False,[16],[0.10205871811083214]
47,7,956,1,0.017929752442103788,1.759459453593296,True,False,[5],[0.131238032786815]
47,8,453,1,0.01079487827906522,1.315049707683628,True,False,[7],[0.13696651400765433]
47,9,697,1,0.014069700824809534,1.5619540593061518,True,False,[5],[0.06314321715805458]
47,10,858,1,0.01441338531582274,1.3997831491681967,True,False,[5],[0.14266120427564769]
47,11,1082,1,0.013110307854938592,1.7076796839063844,True,False,[7],[0.16239373374280158]
47,13,126,2,0.009502936051468715,1.3487532332465335,True,False,"[8, 16]","[0.08861447906116678, 0.12856770470148488]"
47,14,234,1,0.012908427257401565,2.2780362576522912,True,False,[5],[0.12072413900472521]
47,15,7,1,0.014229655189541562,1.4210701762704556,True,False,[7],[0.15900033060979726]
47,18,332,1,0.012178341651963754,1.8162061543881376,True,False,[5],[0.08451386927447528]
47,19,293,1,0.01325480705677777,1.281054462979105,True,False,[8],[0.111232093489849]
47,20,107,2,0.010472419680959029,1.3225641652957856,True,False,"[7, 8]","[0.11363807767206287, 0.1792441034064734]"
47,21,405,1,0.011358736201558426,1.7185342858431527,True,False,[5],[0.12375221924773727]
47,22,1110,2,0.010758442246561455,1.4113113594235207,True,False,"[8, 15]","[0.08084202118453165, 0.05116353324354654]"
47,23,809,1,0.01338126766252719,1.544708852429763,True,False,[15],[0.09851181425934004]
48,0,920,1,0.014743394541619652,1.4177505096210448,True,False,[5],[0.10251442321733431]
48,3,849,2,0.012776280582497102,1.3984432019260062,True,False,"[11, 12]","[0.06683565065893396, 0.09634622116123248]"
48,4,1010,2,0.011108389119228944,1.6176228041210805,True,False,"[8, 11]","[0.09585441819170346, 0.0426581525808707]"
48,5,403,1,0.012451783352508277,1.683301245814185,True,False,[8],[0.1158058751103109]
48,6,17,2,0.01072762689921188,1.4565388705934388,True,False,"[8, 16]","[0.1107423250325741, 0.11075466142017844]"
48,8,453,2,0.009206283139939903,1.329679072168808,True,False,"[7, 8]","[0.1367355989150673, 0.11594651307950919]"
48,9,697,1,0.015233116513041172,1.5598026720470106,True,False,[15],[0.04807344800324388]
48,12,521,1,0.01264463901380928,1.4408056893863401,True,False,[5],[0.06808740432789825]
48,13,126,3,0.008905894913119525,1.3611236921639729,True,False,"[7, 8, 16]","[0.13088368036316403, 0.10967062479324562, 0.11869537825551132]"
48,16,16,1,0.01298138692384583,1.6725209050895447,True,False,[7],[0.12279317774780703]
48,17,1067,1,0.015121953265692586,1.4494211562097463,True,False,[5],[0.10819063854871208]
48,18,332,1,0.013581936663927261,1.843290697050956,True,False,[5],[0.11136671831011001]
48,19,293,1,0.014813000915744083,1.2908466549007975,True,False,[5],[0.1290442291974036]
48,20,107,2,0.010210000309980921,1.3336827221505116,True,False,"[7, 11]","[0.12026167727951903, 0.1389756033592907]"
48,22,1110,1,0.013735446194259628,1.4234825053259754,True,False,[16],[0.14095311709236397]
48,23,809,1,0.01315852516133671,1.559033242526838,True,False,[7],[0.1089905979252996]
49,1,19,1,0.014824933815135295,1.4784121920932833,True,False,[5],[0.15992543518354718]
49,2,941,1,0.013788093551556775,1.595885228921161,True,False,[11],[0.0937489192134199]
49,4,1010,3,0.01064170383807276,1.6262024345313155,True,False,"[7, 11, 15]","[0.14220434765518863, 0.06562833475544078, 0.054555015214234504]"
49,5,403,2,0.012148819146660165,1.6943150254893558,True,False,"[7, 8]","[0.15082567117262619, 0.1284029148394493]"
49,6,17,3,0.008635446638519468,1.4693922120425775,True,False,"[8, 15, 16]","[0.09860410026328542, 0.05422805291293493, 0.10106350216436608]"
49,7,956,2,0.017378873894501774,1.7520621227958002,True,False,"[8, 9]","[0.18117723264245675, 0.0868990473483999]"
49,9,697,1,0.014105561646656065,1.5645698569508184,True,False,[8],[0.1399266490910554]
49,10,858,2,0.013559116802138801,1.4002011280759104,True,False,"[8, 12]","[0.12293400229767751, 0.04545354643784574]"
49,11,1082,1,0.013738730778312315,1.7114076982900097,True,False,[11],[0.10052966163458896]
49,17,1067,1,0.013406385761286787,1.4642696030895497,True,False,[7],[0.16458913835350136]
49,18,332,1,0.012650429384471957,1.8755511762682988,True,False,[5],[0.0998192100106207]
49,20,107,1,0.01308471833814105,1.3581167845396098,True,False,[7],[0.10879300959281474]
49,22,1110,1,0.01346017516892069,1.4435481679268736,True,False,[15],[0.06404786291266042]
50,0,920,1,0.012007222388407828,1.4263254559038951,True,False,[7],[0.09256800173288492]
50,1,1197,1,0.06898190043246605,1.8886486435485121,True,False,[5],[0.15976556948725346]
50,2,941,1,0.013929056924232946,1.5965935870636907,True,False,[11],[0.1227574675013474]
50,3,849,1,0.013268817784770227,1.4097966570929665,True,False,[7],[0.110771814235596]
50,4,1010,1,0.013852617988920096,1.630308957045793,True,False,[5],[0.1525132947018344]
50,6,697,1,0.014639989962506763,1.555899113185995,True,False,[15],[0.06030483245077114]
50,8,1082,1,0.012310298101268671,1.7115848641021485,True,False,[8],[0.10490854593168791]
50,9,403,2,0.012742049677500854,1.730062604537304,True,False,"[8, 11]","[0.14504990194825967, 0.09856511898539945]"
50,11,1184,1,0.050121948574066814,1.4957921266043346,True,False,[7],[0.1679681914232518]
50,12,956,1,0.016427659516815792,1.765327094624259,True,False,[7],[0.14434707642243677]
50,14,234,1,0.01431720100579118,2.271523961856112,True,False,[6],[0.04313166494333005]
50,15,7,1,0.013026373190545842,1.4209207278839746,True,False,[8],[0.08895305550122566]
50,17,521,1,0.0141075896182997,1.4537089539448624,True,False,[5],[0.12860463950345485]
50,19,1067,1,0.012405245923638857,1.483406116404242,True,False,[7],[0.12237514218192308]
50,20,332,1,0.011414618678406778,1.916528388103946,True,False,[7],[0.11537630065341949]
50,22,405,1,0.014728194441718766,1.7291069744641716,True,False,[5],[0.09355817068352819]
50,23,126,3,0.01143733004883632,1.3759979906440118,True,False,"[7, 8, 16]","[0.13445013598319044, 0.12166688145891043, 0.11939216012854972]"
51,1,1197,1,0.015151258531944267,1.8783590971690909,True,False,[15],[0.05410784542671599]
51,2,941,1,0.013404755805966282,1.603938721398156,True,False,[11],[0.1258228894615375]
51,3,849,2,0.009348693819908927,1.4258709575977608,True,False,"[7, 8]","[0.1076660188043305, 0.13356834844221288]"
51,4,1010,1,0.013858881556011804,1.6252868345412972,True,False,[11],[0.06710580896053901]
51,6,697,1,0.013156505876510047,1.556123592947367,True,False,[8],[0.10074694248609406]
51,8,1082,1,0.010034388046905334,1.747256916163822,True,False,[7],[0.15197071143932364]
51,9,403,1,0.01354857890285936,1.7358316719234754,True,False,[7],[0.11371974102021405]
51,10,1188,1,0.05788129181316111,1.6270891838932449,True,False,[11],[0.07004324521224974]
51,11,1184,1,0.013470855180931975,1.5168645115176786,True,False,[7],[0.16784160511942603]
51,12,956,2,0.014526078513362068,1.7692071225698274,True,False,"[8, 16]","[0.12216495481453107, 0.12076624540630697]"
51,13,453,1,0.011770767573504341,1.3579754399969504,True,False,[7],[0.13265980561546917]
51,15,7,1,0.012131387471973657,1.4208716981281186,True,False,[8],[0.07653438486441735]
51,16,16,1,0.010996561472350296,1.713193337688415,True,False,[5],[0.13544617449585325]
51,17,521,1,0.014016418293062048,1.4663543341178458,True,False,[7],[0.16759457484632856]
51,19,1067,2,0.011376183423874506,1.500150842936333,True,False,"[7, 16]","[0.12674333940958368, 0.1474414774469971]"
51,20,332,1,0.013471982608256751,1.9319179859963673,True,False,[5],[0.11156427885839375]
51,21,293,1,0.013473304154518957,1.2878610108779138,True,False,[12],[0.03822732459309553]
51,22,405,1,0.014366844974827847,1.7494783402992315,True,False,[5],[0.07538545885855025]
51,23,126,2,0.012615881649246314,1.391283307588135,True,False,"[7, 8]","[0.1539319377594801, 0.15799816476092254]"
52,1,1197,1,0.013103186474244046,1.8718396618569708,True,False,[15],[0.0656412856613322]
52,2,941,1,0.012519726727959707,1.6156273935930203,True,False,[11],[0.13173838868030976]
52,3,849,1,0.013688864249146762,1.4382816244912628,True,False,[12],[0.08667622356885646]
52,6,697,1,0.011796743941587657,1.590033076760124,True,False,[7],[0.1001739111261315]
52,7,858,1,0.013300189051025648,1.4002732468411765,True,False,[12],[0.0625027788477984]
52,9,403,1,0.013135062935353945,1.7634063722229005,True,False,[11],[0.10875007422568161]
52,10,1188,1,0.012147744984160604,1.6562250943920622,True,False,[7],[0.14259477252888555]
52,12,956,2,0.0188530051619659,1.7713973351568966,True,False,"[8, 17]","[0.1694404693658785, 0.08959881314178622]"
52,13,453,1,0.011112993972877521,1.3886859546982182,True,False,[7],[0.12577367719609556]
52,15,7,1,0.012913217702274894,1.4236822325893441,True,False,[8],[0.07408418525229639]
52,16,16,2,0.009903148036891015,1.7333872446520742,True,False,"[7, 12]","[0.1284296518575001, 0.04090647799843929]"
52,17,521,1,0.01415722351137059,1.4810797689747977,True,False,[5],[0.1361669986584328]
52,18,17,1,0.013757386773259212,1.4689714205981304,True,False,[5],[0.09637617537732662]
52,19,1067,1,0.013088129986088909,1.5245728430736807,True,False,[7],[0.12996770556318596]
52,22,405,1,0.014523145078012261,1.7721122532077074,True,False,[5],[0.08461113218498201]
52,23,126,1,0.013353599752104458,1.3966958887835912,True,False,[16],[0.10880801900524292]
53,0,920,1,0.011764442594220149,1.434237609498334,True,False,[7],[0.11302090859723117]
53,1,1197,1,0.013810177936829858,1.9013454473056852,True,False,[5],[0.14975932568170913]
53,3,849,1,0.012360090937139918,1.4548964733112342,True,False,[7],[0.1228040672883887]
53,4,1010,1,0.011788726612324966,1.6469349386013916,True,False,[7],[0.15824771505372923]
53,7,858,2,0.009326628518819966,1.4010740714900065,True,False,"[8, 12]","[0.16911987950129295, 0.07138909214801559]"
53,8,1082,1,0.012313145166963139,1.7495571630521032,True,False,[8],[0.1189012196572384]
53,10,1188,1,0.01435967558632997,1.686904863656272,True,False,[5],[0.13825752894971768]
53,11,1184,1,0.01414519876582604,1.5177646275314327,True,False,[5],[0.08740729145491821]
53,12,956,2,0.01551802042878893,1.7674657765001653,True,False,"[6, 16]","[0.154267340238962, 0.17596590703672382]"
53,13,453,1,0.011817994258807803,1.4183789233736694,True,False,[7],[0.13961643803564683]
53,14,234,1,0.010887869875456493,2.3242814934808753,True,False,[7],[0.10161200475209199]
53,15,7,1,0.013032831628534702,1.4400339655898575,True,False,[8],[0.08339949094914605]
53,16,16,1,0.010681625115465561,1.7751373010831508,True,False,[5],[0.12448699356793846]
53,17,521,1,0.014740932491142616,1.4811971341787906,True,False,[16],[0.1578856195125827]
53,18,17,2,0.010684599099977385,1.4782234352158072,True,False,"[8, 16]","[0.10438100184249148, 0.0684789266174083]"
53,19,1067,1,0.012999625633050555,1.5457114152641145,True,False,[7],[0.12192910216903091]
53,20,332,1,0.013225770019177751,1.9427652595851412,True,False,[5],[0.11097591095582023]
53,21,293,2,0.009301078997620492,1.2951503995857538,True,False,"[7, 12]","[0.09325818474880851, 0.053597906202746806]"
53,22,405,1,0.011212491891181139,1.808181071589739,True,False,[7],[0.11445851120118673]
53,23,126,1,0.013722577345348394,1.4191680156355735,True,False,[5],[0.08117291357730932]
54,0,920,2,0.009318316013118073,1.4502148782937108,True,False,"[7, 15]","[0.11535676389822849, 0.10137893410867915]"
54,2,941,1,0.011469613577416026,1.633813129126315,True,False,[7],[0.12376853755900763]
54,3,849,1,0.013844121625236037,1.480732020056632,True,False,[5],[0.1372002421701548]
54,4,1010,1,0.011942114427690385,1.668599753729453,True,False,[7],[0.16329685709716452]
54,6,697,2,0.010719246645924914,1.5999628090217697,True,False,"[7, 15]","[0.11039210296111716, 0.06241194616682156]"
54,7,858,3,0.007650978944175571,1.4137606234561941,True,False,"[7, 8, 15]","[0.14469362992674034, 0.1464462120375243, 0.08726305035799127]"
54,8,1082,1,0.013259735705010545,1.7521604382370022,True,False,[11],[0.07555228018038927]
54,10,1188,1,0.01421394352146959,1.6862924600623244,True,False,[15],[0.08081047572014256]
54,11,1184,1,0.012918615332857066,1.54439318608842,True,False,[7],[0.16108694625460776]
54,12,956,1,0.01833212279047285,1.7897649311737036,True,False,[5],[0.07810285911769833]
54,14,234,1,0.013403912540252947,2.3701327200736766,True,False,[5],[0.1172418399272478]
54,16,16,1,0.011522645977570441,1.8131193780448522,True,False,[5],[0.1251032308624636]
54,17,521,1,0.01387183987595032,1.5076234189220798,True,False,[5],[0.12492163867776597]
54,18,17,1,0.013132589492700958,1.4781890858869402,True,False,[7],[0.1002085245773358]
54,20,332,1,0.013477212880744808,1.9595857453834529,True,False,[5],[0.14118498801165344]
54,21,293,1,0.012966425579666818,1.311412125661385,True,False,[7],[0.09433236451856968]
54,22,405,1,0.011134862910812207,1.8455584884792275,True,False,[7],[0.1054306496389593]
55,0,920,1,0.014371533070417976,1.4574693640626126,True,False,[5],[0.100128846278643]
55,1,1197,1,0.013088059598316666,1.9362570010882898,True,False,[5],[0.12526614098727626]
55,4,1010,2,0.010642667263909193,1.6837157770934568,True,False,"[7, 11]","[0.1555789977413592, 0.0665702531618006]"
55,8,1082,1,0.01314659700689673,1.7594290057720445,True,False,[5],[0.11294484562500849]
55,9,403,2,0.009046636114584188,1.7869934627368573,True,False,"[7, 8]","[0.10591877613303056, 0.13122681313875198]"
55,10,1188,2,0.011859817496232486,1.7088886759949966,True,False,"[6, 7]","[0.025653141170224703, 0.14458977526805672]"
55,11,1184,1,0.013800221439209752,1.5586214567161014,True,False,[5],[0.13266042606588796]
55,12,956,1,0.01816408072216113,1.7966416596310704,True,False,[8],[0.15367470445655068]
55,13,453,1,0.012940276255410646,1.4219898848822377,True,False,[8],[0.1253471274166459]
55,16,16,1,0.012556612100574984,1.8469240152453912,True,False,[5],[0.13489822350178018]
55,17,521,1,0.014548928214113249,1.507533513970518,True,False,[16],[0.16271116534243685]
55,18,17,1,0.013773449723981554,1.4976480386673565,True,False,[16],[0.0797461109133062]
55,20,332,1,0.011528948276317844,2.0030462586843143,True,False,[7],[0.11023601628568308]
55,23,126,1,0.013815179806975409,1.4466620022611836,True,False,[5],[0.08436543788965656]
56,0,920,1,0.012993412028961896,1.4758602402821754,True,False,[15],[0.1083877873980153]
56,1,1197,1,0.01056160919086802,1.9852223113976881,True,False,[7],[0.10654851315275904]
56,2,941,1,0.013451958949128462,1.6375157288286784,True,False,[8],[0.05018018248970734]
56,3,849,2,0.009972021749188039,1.4866945152291138,True,False,"[7, 11]","[0.11591774557776839, 0.07950051473790558]"
56,4,1010,1,0.013994056785162707,1.6842573899636184,True,False,[5],[0.15964944303767337]
56,6,1341,2,0.026021692110828186,1.4632966857121827,True,False,"[7, 12]","[0.11448857993914771, 0.06697550029859278]"
56,7,858,1,0.012630967057061975,1.4129413880285904,True,False,[8],[0.14139840913838586]
56,8,1082,2,0.00940616842660747,1.7624710262682588,True,False,"[8, 16]","[0.11566296890995154, 0.07712624363766346]"
56,9,403,1,0.01291256489709711,1.79159875828328,True,False,[7],[0.10724238082149748]
56,10,1188,2,0.01140527347049589,1.70642489036412,True,False,"[11, 15]","[0.08254308818638822, 0.09816094162802347]"
56,11,1184,1,0.012501879584902502,1.5883976203370078,True,False,[7],[0.1490316622925794]
56,14,697,1,0.010825517657746312,1.6378416025303602,True,False,[7],[0.09775806666190097]
56,17,521,1,0.014184330010274646,1.5052632646936,True,False,[15],[0.03867664340407413]
56,18,17,1,0.01433440192771742,1.4964961755976602,True,False,[8],[0.10701117191749276]
56,19,234,1,0.012655235908372297,2.3757031202906083,True,False,[8],[0.12450158262286304]
56,20,7,1,0.014391432283067296,1.446258281182942,True,False,[5],[0.12073174932740337]
56,21,293,1,0.013123993063307643,1.3274994349371456,True,False,[5],[0.11855395653452061]
56,22,405,1,0.010868560792991562,1.8850733264445685,True,False,[7],[0.09982988565534308]
56,23,126,1,0.011758714761358655,1.4733750086973845,True,False,[7],[0.13635833082071108]
57,1,1197,1,0.012904756294076164,1.9842572963086087,True,False,[15],[0.0752387027868862]
57,2,941,2,0.008331187075804772,1.648892421743811,True,False,"[7, 8]","[0.11375205122803209, 0.061633140933095444]"
57,3,849,2,0.01185020345050891,1.4901355944711099,True,False,"[7, 11]","[0.1284241915461479, 0.10784282199268619]"
57,4,1010,2,0.010293739013307058,1.700361482538627,True,False,"[7, 11]","[0.1358683682889529, 0.06848408871552325]"
57,6,1341,1,0.013237441919927205,1.486765440852631,True,False,[5],[0.12246115994017523]
57,7,858,1,0.012372743951718225,1.4116209673836717,True,False,[8],[0.1519093216729903]
57,8,1082,1,0.013554462534544755,1.7652241644254023,True,False,[5],[0.12467750591805583]
57,9,403,2,0.008620661276357112,1.808955562546186,True,False,"[7, 8]","[0.10409071312987762, 0.1297827997095331]"
57,10,1188,1,0.013734200714424445,1.6974743478552154,True,False,[11],[0.08399479868829107]
57,12,956,1,0.017008202639618226,1.8014885656042434,True,False,[7],[0.18132331576844443]
57,13,453,1,0.011879284175956274,1.4512698123885166,True,False,[7],[0.1331590897482867]
57,14,697,1,0.015159195602682033,1.638805251132618,True,False,[15],[0.03625164218118701]
57,16,16,1,0.013024408241751209,1.877267830768813,True,False,[7],[0.1246779402368923]
57,19,234,1,0.014351460841452938,2.364193773319015,True,False,[6],[0.045058765450668045]
57,21,293,2,0.011804585152950313,1.3243210974759618,True,False,"[12, 17]","[0.06437122608818653, 0.03431243056730112]"
57,22,405,1,0.011469655686518847,1.9205755929530843,True,False,[7],[0.1010952522779949]
57,23,126,1,0.013502493789793613,1.4836891510973476,True,False,[8],[0.14814602114775452]
58,0,920,1,0.011977623472511736,1.4921586112677954,True,False,[7],[0.11084560953957906]
58,1,1197,1,0.01011429716105156,2.033057111496151,True,False,[7],[0.10138988345749496]
58,2,941,2,0.007815176209583984,1.6635325416652424,True,False,"[7, 11]","[0.11889972403723248, 0.1244544292119489]"
58,3,849,1,0.012795085001658548,1.5053499870088891,True,False,[7],[0.11711359372941171]
58,4,1010,2,0.011034772325000669,1.721850976728684,True,False,"[7, 11]","[0.1318966515300657, 0.07663082513920477]"
58,5,19,2,0.013117444880886762,1.4956434320147916,True,False,"[7, 8]","[0.14109146499099592, 0.11914346887549858]"
58,6,1341,1,0.012709426710070993,1.4870627547030935,True,False,[12],[0.07822829473961737]
58,8,1082,2,0.011135810425879418,1.7636945237814865,True,False,"[8, 16]","[0.13619556708633565, 0.11622605528502865]"
58,10,1188,1,0.013662279604188584,1.6971698874479277,True,False,[15],[0.11950220131340657]
58,11,1184,1,0.012741939783432384,1.6198594244339677,True,False,[7],[0.15090965531040518]
58,12,956,1,0.01639351299015704,1.8011542509464804,True,False,[16],[0.17912734276340025]
58,13,453,1,0.013268460226769991,1.4625433828856569,True,False,[5],[0.08947789863955859]
58,14,697,1,0.013982992814113228,1.643230535694417,True,False,[8],[0.07895436431125727]
58,17,521,1,0.014188116208837887,1.5050471938834113,True,False,[16],[0.1608893894284054]
58,18,17,1,0.013907299895980212,1.4958193271943647,True,False,[5],[0.11637635069577802]
58,19,234,1,0.014634787034433631,2.351907030814811,True,False,[6],[0.0737110121610441]
58,21,293,2,0.009881020478641452,1.3228900439589808,True,False,"[8, 12]","[0.10072994176237268, 0.08260322660458252]"
58,23,126,1,0.012704216725591442,1.4886197988685657,True,False,[11],[0.09762360748608886]
59,1,1197,1,0.012640225664339366,2.073749211734633,True,False,[5],[0.12019322505512034]
59,2,941,1,0.01182128586928459,1.6908200986341646,True,False,[7],[0.13342531229854737]
59,3,849,3,0.008208809112868249,1.5266745622983013,True,False,"[7, 8, 12]","[0.11304282489822823, 0.14295804454220115, 0.1007177333150399]"
59,4,1010,2,0.009310453563460231,1.7297333394798782,True,False,"[8, 11]","[0.10878774302368929, 0.06893834206611477]"
59,5,19,1,0.01446818114373704,1.516405892498652,True,False,[7],[0.13387330125659147]
59,6,1341,1,0.013388022355404308,1.5144431295439773,True,False,[5],[0.12697223900528787]
59,7,858,1,0.010968639111339374,1.4440844175242795,True,False,[7],[0.13624893623805237]
59,8,1082,1,0.011553184132791095,1.7672195200659047,True,False,[8],[0.13489482496135458]
59,9,403,1,0.012703922434708689,1.8250116845448232,True,False,[5],[0.09545984146377547]
59,11,1184,1,0.01330311242650964,1.6402037402216632,True,False,[5],[0.1378671213846629]
59,13,453,1,0.013466236502559794,1.4816182643955882,True,False,[5],[0.10523333353939644]
59,14,697,1,0.01451639189058024,1.640627170234447,True,False,[15],[0.05910443804497366]
59,16,16,1,0.012320304254500534,1.907296333593944,True,False,[7],[0.11294027471419196]
59,17,521,2,0.009440969182615527,1.517154953610937,True,False,"[7, 16]","[0.15622258954165366, 0.15313182966402417]"
59,18,17,1,0.013373698060642312,1.5135494301828012,True,False,[16],[0.09209568891430003]
59,22,405,1,0.013340496310346726,1.9435495320503664,True,False,[7],[0.1132789270248718]
59,23,126,1,0.013288663774427023,1.4997305797848763,True,False,[8],[0.17094121120800648]
60,0,920,1,0.01388465624576865,1.503290579557732,True,False,[5],[0.10027105580679985]
60,1,1197,1,0.010984039332170872,2.1230437294803477,True,False,[7],[0.09967959737147694]
60,2,941,2,0.009776152927813204,1.7024003196737005,True,False,"[7, 8]","[0.13416248597553873, 0.0892306561270855]"
60,3,849,1,0.013192471240113583,1.542064372660369,True,False,[12],[0.10799218217394753]
60,4,1010,1,0.01041018085934999,1.7672651523579013,True,False,[7],[0.12371363705841056]
60,5,19,1,0.015431547160892973,1.5086354216739204,True,False,[15],[0.08999366574467293]
60,6,1341,2,0.008999994371312091,1.5310556908306578,True,False,"[7, 8]","[0.1178370178315565, 0.10090233568000069]"
60,8,1082,2,0.008523021923358496,1.772219038589655,True,False,"[8, 11]","[0.12741854014849513, 0.08453823052195188]"
60,10,1188,2,0.00982006374427483,1.6974737512525453,True,False,"[6, 11]","[0.04773127696271302, 0.07594862433932476]"
60,11,1184,1,0.012503112950597101,1.6717035412951053,True,False,[7],[0.15224732585280604]
60,13,453,1,0.013077275697867348,1.5057216840628527,True,False,[5],[0.12065005718598759]
60,14,697,1,0.010707601191712017,1.6808760043056326,True,False,[7],[0.0965171181718189]
60,15,1435,1,0.1375498142095687,3.4719753464307286,True,False,[5],[0.11250579208658142]
60,17,16,1,0.014518745003264468,1.9232726636660276,True,False,[5],[0.11043028970737585]
60,18,521,1,0.014042494658264635,1.5257027262930154,True,False,[5],[0.1129010111895483]
60,19,17,2,0.009614214485167647,1.5254058524099303,True,False,"[15, 16]","[0.03744409268624374, 0.14740881826918734]"
60,20,234,1,0.011912013301596547,2.3983857617624844,True,False,[5],[0.09976359060591064]
60,21,7,1,0.013219904929797646,1.4660206253041563,True,False,[8],[0.09362546454540348]
60,22,405,1,0.01301897317217991,1.9702888620294843,True,False,[7],[0.10253331401959301]
60,23,126,2,0.010659064658132994,1.508302502220869,True,False,"[8, 16]","[0.16523130306671968, 0.12287586693064169]"
61,0,920,1,0.013391496600710486,1.5189300950220865,True,False,[5],[0.10704454543371111]
61,2,941,1,0.011883391221292252,1.7336616552414144,True,False,[7],[0.13802301577879847]
61,3,849,1,0.012380287055314904,1.5586311719773362,True,False,[7],[0.13138121354131152]
61,4,1010,1,0.011279468865743145,1.7904589584728292,True,False,[8],[0.0982145911261687]
61,5,19,1,0.014547962702981322,1.5072550453846056,True,False,[15],[0.09694037629071837]
61,10,1188,1,0.013755165539866906,1.6777104994097107,True,False,[11],[0.08415044832034858]
61,11,1184,1,0.012625923900582366,1.7065526118008398,True,False,[7],[0.15095129085071946]
61,14,697,1,0.012761220641845875,1.6853907767008496,True,False,[8],[0.08133669154322955]
61,15,1435,1,0.01531502014820329,3.4726219229468356,True,False,[6],[0.08467548289933399]
61,16,1325,1,0.026623231053007512,1.5287044209187042,True,False,[5],[0.12710274784226425]
61,17,16,1,0.01468368785395692,1.9419136218478166,True,False,[5],[0.11302411077445729]
61,18,521,1,0.012359045075748145,1.5403452623298974,True,False,[7],[0.11369373710958007]
61,19,17,1,0.013132583364542372,1.5268297623186857,True,False,[7],[0.11393957301254898]
61,21,7,1,0.013754579445286588,1.4958904109884434,True,False,[8],[0.09430502891748187]
61,22,405,1,0.014555352288120924,1.9944997920897443,True,False,[5],[0.09869231080271071]
61,23,126,1,0.011906523184778044,1.5332999686921398,True,False,[7],[0.1504678168187849]
62,0,920,1,0.013255914943946347,1.5232129008489006,True,False,[8],[0.11589777234925827]
62,1,1197,1,0.010947275221681436,2.174827026430008,True,False,[7],[0.09032615238330031]
62,3,1477,1,0.023355308491463465,1.5483612605307022,True,False,[5],[0.10998676903813047]
62,4,849,1,0.014392735420133935,1.563564657973696,True,False,[5],[0.1684493097747355]
62,6,19,1,0.01479966962068554,1.5036086986544541,True,False,[15],[0.0698246628162714]
62,7,1341,2,0.010180686607108719,1.5405000085531804,True,False,"[7, 12]","[0.14314299022000382, 0.08269801489480305]"
62,8,858,1,0.011256787401906644,1.4731748471305222,True,False,[7],[0.14820260834292853]
62,9,1082,1,0.012660967265938503,1.7988432878764762,True,False,[11],[0.11314621809622623]
62,11,1188,1,0.014431927051794332,1.6543441976771613,True,False,[11],[0.10165074278611591]
62,12,1184,2,0.008251488620243577,1.7255058134668457,True,False,"[7, 8]","[0.18639397007877553, 0.1634864675476743]"
62,13,956,3,0.01782585863329321,1.825860421636178,True,False,"[7, 8, 17]","[0.21502250811345083, 0.20534124522218153, 0.1172095773121284]"
62,14,453,2,0.010668091975033392,1.5270589804300743,True,False,"[7, 12]","[0.12710998447053615, 0.07839989337432603]"
62,15,697,3,0.00973000946396047,1.6935941253534972,True,False,"[7, 8, 15]","[0.1420023887958466, 0.08555671083168287, 0.03458042816233571]"
62,16,1435,1,0.01498470929765749,3.489074171058949,True,False,[6],[0.04242216389206883]
62,17,1325,1,0.013142641551871247,1.531235212682592,True,False,[8],[0.13809289648688708]
62,19,521,1,0.013889680343118202,1.5653852485994992,True,False,[5],[0.14235933250788274]
62,20,17,3,0.008091464283497699,1.5310076786539355,True,False,"[8, 15, 16]","[0.1705016507168779, 0.052215064552902465, 0.08026627089729327]"
62,21,234,1,0.011461717643196598,2.445325757127106,True,False,[5],[0.1291978504274992]
62,22,7,1,0.01380673472140788,1.5245825653430691,True,False,[8],[0.0812953043146528]
62,23,126,2,0.008650174715211158,1.5396996457139487,True,False,"[7, 12]","[0.13254502709765423, 0.10085251028327201]"
63,0,920,1,0.010947317069319763,1.5448129209420165,True,False,[7],[0.10857302585009501]
63,1,1197,1,0.011691429443744388,2.2236811171026836,True,False,[5],[0.1166439579236067]
63,2,941,1,0.012365980962175081,1.760541188992653,True,False,[5],[0.12237570479948282]
63,3,1477,1,0.011965216688235145,1.577018099032952,True,False,[7],[0.13740933801637317]
63,4,849,1,0.014000526164967721,1.5768952055232393,True,False,[5],[0.1623661701780322]
63,6,19,1,0.013050789473317864,1.5251150597185217,True,False,[5],[0.13148711942978247]
63,7,1341,2,0.009097782008419429,1.5457172847445104,True,False,"[7, 8]","[0.1434614978181261, 0.16156893692716268]"
63,8,858,2,0.011224661086850997,1.4871985405570218,True,False,"[7, 12]","[0.14462726405751858, 0.027713464994652492]"
63,9,1082,1,0.012543332255766215,1.8117487553215879,True,False,[8],[0.13650946341015266]
63,10,403,1,0.013498449621992011,1.832553315711524,True,False,[5],[0.13439395233756218]
63,12,1184,1,0.012568357022598084,1.747445440565583,True,False,[5],[0.08390352316973715]
63,13,956,1,0.019162293994862814,1.812871254906752,True,False,[11],[0.13933131618053862]
63,14,453,2,0.008261349010759166,1.5366861356001227,True,False,"[7, 8]","[0.13212244460448938, 0.10740051966007919]"
63,15,697,2,0.01328852805502248,1.6958174343289887,True,False,"[8, 15]","[0.09753566110711989, 0.04587377171815337]"
63,18,16,1,0.011391883393393656,1.9730363035739804,True,False,[7],[0.122348594370308]
63,19,521,1,0.013731102560414463,1.5938204938452538,True,False,[5],[0.141233241284872]
63,21,234,1,0.012452830470228266,2.444879475206134,True,False,[8],[0.09248054989348069]
63,23,126,1,0.011468349943873022,1.5635327672162078,True,False,[7],[0.15082135576031694]
64,1,1197,1,0.01180293290565027,2.2744848091769736,True,False,[5],[0.11421487208039185]
64,2,941,2,0.010294408007429156,1.7491383552399873,True,False,"[11, 12]","[0.1385093035467177, 0.1672390758394117]"
64,3,1477,1,0.011773774880148483,1.6100580973261256,True,False,[5],[0.10668929423705978]
64,4,849,1,0.013069466140916582,1.5805809405063938,True,False,[16],[0.13373485584293668]
64,6,19,1,0.012977689022146991,1.541818330855994,True,False,[7],[0.11280077555906216]
64,8,858,1,0.012182760074448714,1.4874270221637078,True,False,[8],[0.1380155419255541]
64,10,403,2,0.008648108982243214,1.8420483777747942,True,False,"[7, 8]","[0.13526665758815531, 0.11298228934696848]"
64,11,1188,1,0.013211291192220505,1.6869212953207167,True,False,[5],[0.12633084846012793]
64,12,1184,1,0.012425382728744312,1.749117676164712,True,False,[8],[0.1536733949307292]
64,13,956,3,0.015506614731471097,1.8080631353288072,True,False,"[8, 9, 16]","[0.1746584751437478, 0.18083603699472092, 0.24296120873752938]"
64,14,453,2,0.010374295381856056,1.5455685396315682,True,False,"[7, 8]","[0.14848104528946585, 0.12102957425245868]"
64,17,1325,1,0.013816910137568666,1.5399350333829482,True,False,[7],[0.14216812902665416]
64,19,521,1,0.013359383132730865,1.625696623555754,True,False,[5],[0.13932848487398972]
64,21,234,2,0.00957434057375755,2.456708213486019,True,False,"[6, 7]","[0.056138091581434804, 0.09627337912489389]"
64,22,7,1,0.014360908286637124,1.525401856222693,True,False,[5],[0.09838126066068213]
64,23,126,1,0.013177364008487017,1.57048205394164,True,False,[8],[0.16193627035643748]
65,0,920,1,0.011424616485647814,1.566178693398514,True,False,[7],[0.10946585698301758]
65,1,1197,1,0.010781602080709798,2.3270810522113923,True,False,[7],[0.10066923339564082]
65,2,941,1,0.01083051047684738,1.7831319393260994,True,False,[7],[0.13975366203903636]
65,5,1010,1,0.013333474383525333,1.7926153464503882,True,False,[5],[0.06952764308418882]
65,6,19,1,0.013758418860752077,1.5436988138823846,True,False,[8],[0.10366433604550024]
65,8,858,1,0.01153540130238644,1.5199264132410535,True,False,[7],[0.13444632158036257]
65,10,403,1,0.011393564800960997,1.8727970670310072,True,False,[8],[0.12700497029291544]
65,11,1188,1,0.014848172712993228,1.6709494833750962,True,False,[11],[0.10166427179097537]
65,12,1184,2,0.007899403125406622,1.7687684827463788,True,False,"[7, 11]","[0.1629757721482688, 0.056066556020642706]"
65,13,956,2,0.02036883968658703,1.7863745506607134,True,False,"[9, 16]","[0.22010083964135746, 0.2646458574079254]"
65,14,453,1,0.011696865976513492,1.5403811894035302,True,False,[8],[0.11593819310525434]
65,15,697,1,0.012799631306208734,1.7287846743634492,True,False,[5],[0.10482842897503196]
65,18,16,1,0.014114230001324965,1.9664547116913633,True,False,[12],[0.0787009267317939]
65,19,1082,1,0.013388567886015067,1.8130025791397675,True,False,[15],[0.06881559843500586]
65,20,521,1,0.01282219498892675,1.6268500519006217,True,False,[15],[0.07904276691319786]
65,21,17,2,0.009729672556025495,1.5383227965695063,True,False,"[7, 16]","[0.09753444780803744, 0.12188229356039121]"
65,22,234,1,0.013938686375390533,2.4962224713630223,True,False,[5],[0.11533448526499392]
65,23,126,1,0.013340598623168415,1.5777605616865096,True,False,[8],[0.15400302632013593]
66,0,920,1,0.010741313094168276,1.5915350396277246,True,False,[7],[0.10783134502101821]
66,3,1477,2,0.008859419312441538,1.6308449177028534,True,False,"[7, 8]","[0.12985166861494926, 0.14230953210817301]"
66,4,849,2,0.010778420137907975,1.5801287381927414,True,False,"[8, 12]","[0.1193119554799798, 0.07363830598628819]"
66,5,1010,3,0.010800332049991413,1.787139011108256,True,False,"[7, 8, 12]","[0.1280293787585059, 0.12346914677848529, 0.09646046334801528]"
66,7,1341,1,0.01404753833233672,1.5405001862253682,True,False,[8],[0.1576806126132105]
66,8,858,1,0.013491532100927505,1.534742698611119,True,False,[5],[0.11224303498743493]
66,9,1545,1,0.018930083044737565,1.8417593416681874,True,False,[7],[0.10657615339137393]
66,10,403,1,0.011003996999233013,1.908874407077008,True,False,[8],[0.11778861146539979]
66,11,1188,2,0.012178128626422816,1.6775421895507125,True,False,"[7, 16]","[0.17580238733726902, 0.17603589203824294]"
66,12,1184,1,0.014293590640725946,1.7770201531139698,True,False,[15],[0.06064313342971463]
66,13,956,1,0.019457842233161573,1.8054116825471815,True,False,[7],[0.223260040898821]
66,14,453,1,0.01305535658771309,1.5347136883251236,True,False,[8],[0.1422293195630322]
66,15,697,1,0.01355425089838712,1.7574518852979095,True,False,[5],[0.11063198761271262]
66,16,1435,1,0.012134384282026846,3.55160083701258,True,False,[5],[0.11542008833241543]
66,17,1325,1,0.012686551658907835,1.5267538252445674,True,False,[12],[0.057853323303976294]
66,18,16,1,0.013296215726349038,1.9979593323899294,True,False,[5],[0.11346813120800085]
66,19,1082,1,0.01263796858438638,1.8182290149376006,True,False,[11],[0.07395358568960528]
66,20,521,2,0.012704518064085657,1.6297398965756025,True,False,"[15, 16]","[0.09535487611562143, 0.10506686523018528]"
66,21,17,2,0.010693595960028286,1.536470818279939,True,False,"[15, 16]","[0.011773225834001939, 0.11239339393839648]"
66,22,234,1,0.014044639441190514,2.540250401058558,True,False,[5],[0.10512676019578548]
66,23,126,2,0.009048391009066313,1.5954183415238399,True,False,"[7, 8]","[0.18233490416732245, 0.15299246634855487]"
67,0,920,1,0.012614766840837082,1.5962502948523167,True,False,[15],[0.1066315414584859]
67,1,1197,1,0.011646654156701738,2.373974641736479,True,False,[7],[0.09914876749440256]
67,2,941,2,0.008136192930643554,1.7981068322428881,True,False,"[7, 11]","[0.14154949972850941, 0.14636814208389037]"
67,4,849,1,0.013758324049659165,1.592365875281727,True,False,[5],[0.16638950213694306]
67,5,1010,1,0.013050392059455242,1.7892386293491365,True,False,[8],[0.13557954270505418]
67,6,19,1,0.013951608138022712,1.544170483970467,True,False,[8],[0.1054665638584103]
67,7,1341,2,0.009153008870617502,1.5412294143750656,True,False,"[8, 12]","[0.13864999138035114, 0.10154517741828406]"
67,9,1545,1,0.012033238417331778,1.868612255537562,True,False,[11],[0.12993343294300963]
67,10,403,1,0.010571821751370192,1.9481829046639771,True,False,[8],[0.11265777878946671]
67,11,1188,2,0.012329716162402488,1.685527613741344,True,False,"[7, 16]","[0.17263047546306312, 0.17262125407383652]"
67,12,1184,1,0.013116697838279883,1.7941416995231318,True,False,[15],[0.07253172522606838]
67,13,956,2,0.017280164097834408,1.781470015227996,True,False,"[9, 12]","[0.25250683147268205, 0.12083010011754798]"
67,14,453,1,0.012265108623720399,1.5632513871712956,True,False,[7],[0.15191814935327944]
67,16,1435,2,0.009478095262485546,3.5742810765231026,True,False,"[6, 7]","[0.037034751582314104, 0.11565639574392118]"
67,17,1325,1,0.012575853856863429,1.5291667591063665,True,False,[8],[0.13929071369164447]
67,18,16,1,0.013430390186323322,1.996028035252455,True,False,[12],[0.08415642518351117]
67,19,1082,1,0.013162171251021629,1.8197919260774318,True,False,[11],[0.10095347599570569]
67,20,521,1,0.011635254688614847,1.6490227319726132,True,False,[7],[0.11191101318553696]
67,22,234,1,0.013485383972121954,2.5668076613404804,True,False,[7],[0.11660168464469907]
67,23,126,1,0.011820642043027229,1.6073820609641176,True,False,[8],[0.14737292866349302]
68,0,920,1,0.013416883368611746,1.599406440462497,True,False,[8],[0.12176633434998695]
68,2,941,1,0.012246931394603172,1.7971862863949177,True,False,[11],[0.15512876458289393]
68,3,1477,1,0.011874635270176029,1.6658721182401304,True,False,[7],[0.16628993566434305]
68,4,849,2,0.009317304399137723,1.5989092409695989,True,False,"[7, 12]","[0.1449361309564281, 0.07630825148616042]"
68,7,1341,2,0.008936232949518239,1.5530692879932175,True,False,"[7, 8]","[0.14570248793302448, 0.14271428692843088]"
68,8,858,2,0.011435744330519061,1.5477886064928066,True,False,"[7, 12]","[0.1327733205164079, 0.05663008345698652]"
68,9,1545,1,0.012770418354161714,1.8669992570561378,True,False,[5],[0.12431113320490304]
68,10,403,1,0.010065555042491901,1.9900153014299813,True,False,[8],[0.10750592546157281]
68,11,1188,1,0.013750610311294717,1.6847073219508306,True,False,[15],[0.1260945578405767]
68,12,1184,1,0.01052736361443207,1.8359532163693715,True,False,[7],[0.16072957567451454]
68,13,956,1,0.01857977747604175,1.817206176852299,True,False,[5],[0.187656843787231]
68,14,453,1,0.013995503219624072,1.5600160530223408,True,False,[11],[0.06943908005073753]
68,15,697,1,0.013962114795484542,1.7846119018209807,True,False,[5],[0.11468298319926867]
68,16,1435,1,0.014141673342701645,3.566923979695079,True,False,[6],[0.04111364844702119]
68,18,16,1,0.01342228195992346,2.027995567407402,True,False,[5],[0.11286942909309894]
68,19,1082,2,0.010608409429226019,1.833425737242703,True,False,"[7, 16]","[0.12767184153573316, 0.15321991633449122]"
68,20,521,1,0.01248686731798966,1.6655196398617584,True,False,[7],[0.11219211304052375]
68,21,17,1,0.011882706094931018,1.5566199575667088,True,False,[16],[0.10343781137304889]
68,22,234,1,0.011747905661547856,2.606055585554341,True,False,[7],[0.10394794002576008]
68,23,126,3,0.009155374270666131,1.6210659189932024,True,False,"[7, 8, 16]","[0.19098486030405534, 0.1532848158311207, 0.13468844636551788]"
69,0,920,1,0.013027408277058459,1.622968403587114,True,False,[5],[0.1002561466800942]
69,1,1197,1,0.011039145303592738,2.4264425532895535,True,False,[7],[0.0880250434896571]
69,3,1477,2,0.009913267434733468,1.6687864738265148,True,False,"[8, 15]","[0.14224097627672333, 0.11488585692364149]"
69,4,849,1,0.012932573682489353,1.5994786467136315,True,False,[12],[0.07552153296420842]
69,5,1010,1,0.013302833731089187,1.7900532549645267,True,False,[5],[0.09954967505810654]
69,6,19,1,0.013007051691553589,1.5745877296018387,True,False,[5],[0.12511032117204723]
69,7,1341,2,0.009418182742588653,1.564745133679132,True,False,"[7, 12]","[0.14426586870235317, 0.1134680818672823]"
69,8,858,1,0.011919104834867309,1.5787963453787883,True,False,[7],[0.1269980777808496]
69,9,1545,1,0.012559551719537423,1.8677551863438828,True,False,[5],[0.11248581998443512]
69,10,403,1,0.010687524300490367,1.9902682550703392,True,False,[7],[0.11868934694122184]
69,11,1188,1,0.015112645159837663,1.6820924139285656,True,False,[11],[0.12196108633423117]
69,12,1184,1,0.010615467862644399,1.8786566175098154,True,False,[7],[0.1569602909522134]
69,13,956,1,0.01731168722343804,1.8161786377223512,True,False,[8],[0.22658757923247919]
69,14,453,3,0.008997676499190829,1.5671731232180512,True,False,"[7, 11, 16]","[0.12216664411260467, 0.10479205244110337, 0.09706741446751163]"
69,15,697,3,0.009903085809326067,1.7963033271326403,True,False,"[7, 8, 15]","[0.12458894988383327, 0.10411790431599947, 0.05958198390101096]"
69,16,1435,1,0.014071381849972208,3.5955502980135585,True,False,[7],[0.13532323543601052]
69,18,16,1,0.01195025202296807,2.0695743966654265,True,False,[5],[0.10042356522060271]
69,19,1082,1,0.010439764024624357,1.8514282341160162,True,False,[8],[0.11804679576565719]
69,20,521,1,0.013729944450860369,1.6700437267070565,True,False,[15],[0.10385909540114661]
69,21,17,1,0.012413834575399343,1.5566791941315132,True,False,[8],[0.09148187085809491]
69,22,234,1,0.010801485219785724,2.653686816878495,True,False,[7],[0.1041871797004707]
69,23,126,1,0.01251568448260903,1.6478461680793046,True,False,[7],[0.19461765083245006]
70,1,1197,1,0.01058747608891972,2.4791400658601304,True,False,[7],[0.0799256089411385]
70,2,941,1,0.01072082623006162,1.8280153422346495,True,False,[7],[0.13673087890629532]
70,3,1477,1,0.01162312227969746,1.7000920044894399,True,False,[7],[0.1839359543861542]
70,4,849,2,0.01092672828555259,1.5992287951629605,True,False,"[8, 12]","[0.13997215825009757, 0.09201782748957105]"
70,5,1010,1,0.012902243087930114,1.7939479917753913,True,False,[5],[0.11783971944281701]
70,6,19,1,0.012524476083469592,1.6095851629593931,True,False,[5],[0.11535075666237256]
70,7,1341,2,0.010813785389990055,1.5755011255184805,True,False,"[7, 17]","[0.1435481679849198, 0.030629701235557045]"
70,8,858,1,0.011781920578119654,1.5792981807061708,True,False,[12],[0.05134054240081174]
70,9,1545,1,0.011748533451528114,1.8845242411509953,True,False,[11],[0.1281720879380479]
70,11,1188,3,0.008066656952518328,1.6869478802123772,True,False,"[7, 11, 15]","[0.15423486664702982, 0.1011303004340798, 0.1285841162089679]"
70,12,1184,2,0.007738979417659736,1.8996294064472392,True,False,"[7, 8]","[0.16096988736571205, 0.1572957759155615]"
70,13,956,2,0.012766614664393112,1.8201601728403258,True,False,"[7, 16]","[0.24574935745779783, 0.24086850441366345]"
70,15,697,1,0.012756332418142896,1.7973232286097873,True,False,[8],[0.10634282573132836]
70,16,1435,1,0.012027571333876007,3.6659282501636765,True,False,[5],[0.1061743993022172]
70,17,1325,1,0.013284148313642597,1.5391328886965003,True,False,[7],[0.13562289740859046]
70,18,16,1,0.00993213591460156,2.1086032149762586,True,False,[7],[0.12194868688707815]
70,19,1082,3,0.007406531554381129,1.8645407406261194,True,False,"[7, 8, 11]","[0.1257309914976701, 0.11819023088190538, 0.11029824046170378]"
70,20,521,1,0.01405113529417618,1.6674284227871123,True,False,[16],[0.10124064571795467]
70,21,17,2,0.010865963689240648,1.5684872637765952,True,False,"[7, 15]","[0.10409185901944316, 0.03862536043845875]"
70,22,234,2,0.012630498443487152,2.650492877374483,True,False,"[6, 8]","[0.058798974367280654, 0.1140395714368807]"
71,1,1197,1,0.009106179263713756,2.5321492720747165,True,False,[7],[0.07742009365404015]
71,2,1680,2,0.05614745941498079,1.7122677308790704,True,False,"[8, 16]","[0.08140802609094243, 0.062493484262680095]"
71,4,1477,1,0.011256853477782765,1.726331983506519,True,False,[7],[0.14190396097925326]
71,5,849,1,0.01122198229664478,1.6036138172037628,True,False,[12],[0.09994967959599114]
71,6,1010,1,0.012755890306064645,1.8065703507295217,True,False,[8],[0.1202017124705441]
71,8,1341,2,0.00816711930854261,1.5919627795707592,True,False,"[7, 8]","[0.11823591190385407, 0.12311219570371922]"
71,10,1545,1,0.012974221503652827,1.882859616110921,True,False,[5],[0.1383399572827698]
71,11,403,1,0.012632566440383896,1.9943308933624557,True,False,[5],[0.1253730657986598]
71,13,1184,1,0.012393872561509721,1.8992620466898724,True,False,[15],[0.07375128461851758]
71,14,956,1,0.0190781442025658,1.852831744346176,True,False,[5],[0.14652794762414656]
71,17,1435,1,0.01217969089291112,3.6687251135093844,True,False,[8],[0.15555751640760102]
71,19,16,1,0.013678447069403094,2.118392689023207,True,False,[12],[0.09459778025473965]
71,20,1082,1,0.011910192595794313,1.8989960628821625,True,False,[8],[0.15779211191432727]
71,21,521,2,0.010155440265091787,1.681353377802289,True,False,"[7, 16]","[0.11457673718321243, 0.11384279380299102]"
71,22,17,3,0.007729919603814681,1.580704503830579,True,False,"[7, 15, 16]","[0.10958506311509457, 0.05501594555321224, 0.13288448812544917]"
72,0,1722,1,0.020742077112514398,1.5809624443334578,True,False,[7],[0.10677910316487424]
72,2,1197,2,0.009609617356974761,2.5502890976344754,True,False,"[7, 15]","[0.12628684553012393, 0.025341218843793378]"
72,3,1680,1,0.012120060832392785,1.7220756120016343,True,False,[7],[0.16866381443351308]
72,5,1477,1,0.012369807547115585,1.7572545954417913,True,False,[7],[0.1367152643730499]
72,6,849,2,0.009347044562135214,1.6194288421237508,True,False,"[7, 8]","[0.12195001679189733, 0.14655595350265857]"
72,7,1010,2,0.010361189003678621,1.838009965781809,True,False,"[8, 11]","[0.1537789870805165, 0.054974560131851015]"
72,9,1341,1,0.013007299075049772,1.5999484947926508,True,False,[12],[0.024656795959881468]
72,10,858,1,0.010477495112089282,1.6174957754923724,True,False,[7],[0.12544479397624292]
72,11,1545,1,0.01285353176971932,1.897486086929417,True,False,[16],[0.18801601398065737]
72,12,403,1,0.011195395646178117,2.022689293111179,True,False,[8],[0.15623356719735831]
72,13,1188,1,0.013152370571089372,1.6770956254831622,True,False,[16],[0.23621256762247822]
72,14,1184,1,0.012830379212768101,1.9061222685465418,True,False,[5],[0.1539618486310095]
72,15,956,1,0.01694547101303688,1.8607646975668208,True,False,[7],[0.16262736844837733]
72,16,453,1,0.01261954861204702,1.5605789890953676,True,False,[11],[0.07937506187285719]
72,18,697,1,0.01416858674966554,1.7952148651945454,True,False,[8],[0.10839188548029084]
72,19,1435,1,0.009952470805404961,3.7526750797538306,True,False,[7],[0.11455865012230095]
72,21,1082,1,0.012035572371222882,1.908625371145417,True,False,[5],[0.13941837700168494]
72,23,17,2,0.008915194994301023,1.5940484819415488,True,False,"[15, 16]","[0.10214584553051714, 0.13526648650837297]"
73,0,1722,2,0.008153921659266731,1.5968690774362162,True,False,"[7, 8]","[0.10498497311101822, 0.10616654385341716]"
73,1,920,1,0.012314305589069046,1.6595366112894343,True,False,[5],[0.1166425836347188]
73,2,1197,1,0.011904970117297577,2.592870895881032,True,False,[5],[0.12016065280691236]
73,3,1680,1,0.01160067576235534,1.753087677081743,True,False,[5],[0.12027096210816864]
73,4,941,2,0.010201143367412659,1.8413100128690123,True,False,"[7, 11]","[0.14716085732489428, 0.11694846420020046]"
73,5,1477,1,0.011819446169813118,1.7933664343577778,True,False,[5],[0.12255387807280783]
73,6,849,1,0.011164798240049362,1.6484236121610782,True,False,[7],[0.11270198739642587]
73,7,1010,1,0.011122431907373357,1.864291109749349,True,False,[8],[0.14983166728674818]
73,8,19,1,0.011886778105037714,1.6324977565330432,True,False,[8],[0.12072583415256115]
73,9,1341,1,0.013918670025118084,1.5994655910800566,True,False,[8],[0.12665797170752366]
73,11,1545,1,0.012596363764249531,1.9025234038458056,True,False,[11],[0.10367192657742548]
73,12,403,2,0.007233167977617993,2.0407369490752827,True,False,"[7, 8]","[0.14994061413710527, 0.1408595320034036]"
73,13,1188,1,0.013302115894869978,1.6905996220662636,True,False,[6],[0.015250808688141323]
73,14,1184,1,0.009458423910487353,1.9516633917033859,True,False,[7],[0.12181828405096044]
73,15,956,3,0.01366444120431596,1.8808113457827487,True,False,"[7, 8, 16]","[0.1783925994164789, 0.1647652549748438, 0.17881054155723486]"
73,16,453,1,0.01366431043514374,1.576908019621632,True,False,[7],[0.1339324420886276]
73,18,697,1,0.010754818796508945,1.8338232687913512,True,False,[7],[0.11918907386060516]
73,19,1435,2,0.008620884037140024,3.785404503054614,True,False,"[6, 7]","[0.0912865129480293, 0.12435001921300184]"
73,21,1082,1,0.010258259612290094,1.922214113951996,True,False,[11],[0.10375457569255842]
73,22,521,2,0.011168788736276893,1.6939075549173384,True,False,"[7, 16]","[0.11870235467837399, 0.14337896874416078]"
73,23,17,1,0.01318575695836357,1.6167968661957266,True,False,[16],[0.1240147407098031]
74,1,920,1,0.011200480993657384,1.674508096602051,True,False,[15],[0.082140132300896]
74,2,1197,1,0.012524604870432247,2.632162459646688,True,False,[5],[0.11876098212979892]
74,3,1680,1,0.011603740211794826,1.7856195922378206,True,False,[5],[0.11049574955602932]
74,4,941,1,0.010735095861172769,1.8793965173279117,True,False,[7],[0.13876707000038127]
74,5,1477,1,0.010985026966704569,1.8317478913052896,True,False,[7],[0.13505709421063453]
74,6,849,1,0.01106704969366246,1.6752696762966663,True,False,[7],[0.10594252048253734]
74,7,1010,1,0.013531027947626032,1.8816171052457962,True,False,[11],[0.06485012555628257]
74,8,19,1,0.01378682554074299,1.6246623602623569,True,False,[15],[0.08873941302853168]
74,11,1545,2,0.007868960279876944,1.9258760362314695,True,False,"[7, 11]","[0.14472262572816513, 0.11240490999522065]"
74,12,403,1,0.009847826695004459,2.0430678882997464,True,False,[7],[0.14512913495932095]
74,13,1188,1,0.013628412667016546,1.7109072253356514,True,False,[7],[0.23496710778431712]
74,14,1184,1,0.009505283018941003,2.0007079210870855,True,False,[7],[0.12902565321769874]
74,15,956,1,0.015763995427475492,1.8937632580952544,True,False,[16],[0.23882458045092506]
74,16,453,1,0.012063690504050642,1.6075710703515327,True,False,[5],[0.1251500086727052]
74,17,1711,1,0.02961614808316431,1.6692054666175804,True,False,[7],[0.13978572744335732]
74,18,697,2,0.011088754758062742,1.8556655937690405,True,False,"[7, 15]","[0.1207540695331878, 0.028902397513578468]"
74,19,1435,1,0.011552403689288384,3.7925673960200865,True,False,[8],[0.12999824683902403]
74,20,1325,1,0.013003134332911418,1.5726692949083139,True,False,[5],[0.10080795166415141]
74,22,521,1,0.013560003816687122,1.6985236865059181,True,False,[16],[0.13435343545379372]
74,23,17,1,0.012816459054711177,1.646914335310142,True,False,[16],[0.11672686427171912]
75,3,1680,1,0.01143474460230484,1.8203697179902678,True,False,[5],[0.11439686816595455]
75,6,849,2,0.00966398425440145,1.6900235229310847,True,False,"[7, 8]","[0.12382875476862935, 0.16018404635596584]"
75,7,1010,3,0.007444955798935397,1.9028411992192011,True,False,"[7, 8, 11]","[0.14036274558456543, 0.14813675615196592, 0.06349554370006685]"
75,8,19,2,0.008576261878611154,1.6351297022665097,True,False,"[8, 15]","[0.1292690672842054, 0.08761336925561065]"
75,9,1341,1,0.014719136644964392,1.6123619243138196,True,False,[17],[0.03171298491997883]
75,11,1545,1,0.012665960773742935,1.8979145567319253,True,False,[12],[0.12068231847156476]
75,13,1188,2,0.010149827254633152,1.7290351277549654,True,False,"[6, 7]","[0.040182466493406024, 0.21823045995305868]"
75,15,956,2,0.014260525844695613,1.9017734348519637,True,False,"[7, 9]","[0.17706557578929893, 0.06682936883987955]"
75,16,453,1,0.011368767693694076,1.6069370002126677,True,False,[8],[0.12120636239832307]
75,17,1711,1,0.013933253895533668,1.6921310660838218,True,False,[5],[0.11331453930771998]
75,18,697,1,0.013100999008743888,1.8518627975020845,True,False,[15],[0.04342798089538932]
75,20,1325,1,0.01434224012887137,1.5646615618317867,True,False,[8],[0.14853466968368179]
75,21,1082,1,0.012274622190926256,1.9259566844689096,True,False,[15],[0.07770925812931342]
75,22,521,2,0.011216912456516617,1.7102607011594755,True,False,"[7, 16]","[0.1244559636810401, 0.13157619933234566]"
76,1,920,1,0.01242485292589293,1.7127867825758445,True,False,[5],[0.11434560954056419]
76,3,1680,1,0.011744116308700073,1.8400024646547637,True,False,[7],[0.1572441995047331]
76,5,941,1,0.012133338283138544,1.901882450355797,True,False,[5],[0.1279779705774679]
76,6,1477,1,0.01345856822154651,1.8313845338296304,True,False,[16],[0.13189078379081767]
76,7,849,3,0.007966245330610128,1.6887778609428485,True,False,"[7, 11, 12]","[0.13895863136413175, 0.07432291670886534, 0.13380787268222377]"
76,8,1010,1,0.01348054006498328,1.906605441938665,True,False,[11],[0.08366986393463541]
76,10,1823,1,0.035255058356910486,1.7435830490989375,True,False,[5],[0.1427393523138554]
76,11,1341,1,0.011452706390181285,1.6248063004451085,True,False,[8],[0.12993175664347797]
76,13,1545,1,0.012390374428261589,1.9104518460773954,True,False,[5],[0.17860594903141924]
76,15,1188,1,0.013130655371448686,1.7103821456221784,True,False,[11],[0.13949164855407462]
76,16,1184,1,0.012336440267530566,2.032047097162896,True,False,[5],[0.13642022033022227]
76,17,956,2,0.01554794753822172,1.8975577380895428,True,False,"[8, 9]","[0.16218849598788238, 0.059891448648855566]"
76,18,453,2,0.008454083130153962,1.6243545322645543,True,False,"[7, 8]","[0.11103374876699579, 0.130168160182361]"
76,19,1711,1,0.010887147735663254,1.7123784829328403,True,False,[8],[0.12641761474642835]
76,20,1435,1,0.010439189163335557,3.878705800921016,True,False,[5],[0.08740423954365902]
76,21,1325,1,0.012393214504311127,1.5674636197323932,True,False,[8],[0.0900093922282203]
76,22,1082,2,0.008812987171379136,1.952746061258656,True,False,"[7, 11]","[0.11936361172420287, 0.07240429814379677]"
76,23,17,2,0.008781093182807152,1.6591109162587754,True,False,"[15, 16]","[0.12222127479016054, 0.11154779874581168]"
77,0,1722,1,0.01357350436928008,1.5869664290630434,True,False,[15],[0.10136983854170425]
77,1,920,2,0.00934482820475657,1.7182271876787076,True,False,"[8, 15]","[0.10585684544325719, 0.08532748785902576]"
77,2,1197,1,0.009301836590893009,2.6825532737095195,True,False,[7],[0.12264158348994786]
77,5,941,1,0.012410331801257352,1.9218078098380122,True,False,[5],[0.1233167571490808]
77,6,1477,1,0.012146572533434543,1.861665303764579,True,False,[5],[0.11841123535442198]
77,7,849,1,0.01223209968305756,1.7173057543172126,True,False,[7],[0.13427484680451426]
77,8,1010,1,0.010179449768499755,1.9324793081807443,True,False,[7],[0.12664911088401937]
77,12,1341,1,0.010399068501625735,1.649023678074038,True,False,[7],[0.14653066995493805]
77,13,858,1,0.013343569007874723,1.6369334032495941,True,False,[5],[0.16691326855543037]
77,14,1545,1,0.010264850592527606,1.9524626888904686,True,False,[7],[0.1290056378475995]
77,15,403,1,0.013494775047051134,2.0658866089222743,True,False,[8],[0.15136217996183887]
77,16,1188,1,0.013574964862182634,1.7089078551313368,True,False,[11],[0.10945353689128101]
77,18,956,2,0.017830930019074046,1.8931268244525727,True,False,"[9, 16]","[0.08307607877467652, 0.13686520693284876]"
77,19,453,1,0.012687319062827883,1.614564805600457,True,False,[16],[0.15995464198589468]
77,21,1435,1,0.01198762063756284,3.9570481195393037,True,False,[7],[0.11851213502450293]
77,23,17,1,0.011782088790688271,1.6783775327715964,True,False,[16],[0.09881094597197067]
78,0,1722,2,0.009699745764486366,1.5915090748700458,True,False,"[8, 15]","[0.11449990968776344, 0.0959345299083834]"
78,1,920,1,0.01187914476883345,1.7202093510281449,True,False,[8],[0.10984764987028262]
78,2,1197,1,0.015759969905765142,2.6661389583637383,True,False,[15],[0.04558088709191109]
78,3,1824,1,0.038968368762859106,1.609785395759604,True,False,[8],[0.13150217801728825]
78,4,1800,1,0.06684819536034922,1.8167315041323984,True,False,[15],[0.05585380079888966]
78,5,941,2,0.00950633278071833,1.9332490027539568,True,False,"[7, 8]","[0.14998936194570262, 0.14612390892130683]"
78,6,1477,1,0.012293546995227653,1.8545980345921715,True,False,[8],[0.1875868072515482]
78,7,849,1,0.011892129987959485,1.7332594831977675,True,False,[5],[0.13974955763623934]
78,10,1680,1,0.011388983604196892,1.8399575924858775,True,False,[8],[0.10816748811116478]
78,12,1823,1,0.0144172671601498,1.7363504917158108,True,False,[5],[0.08386427044670096]
78,14,858,1,0.012958566399250285,1.6499812972177204,True,False,[5],[0.149109904633966]
78,17,1188,2,0.00881321879328273,1.7295188732937803,True,False,"[7, 16]","[0.1398049602277115, 0.15124089645287841]"
78,22,17,2,0.009724927756189137,1.6762347258176604,True,False,"[7, 8]","[0.11441184758997579, 0.10332200228813793]"
78,23,453,1,0.01227307675134279,1.6414898011259287,True,False,[7],[0.20280352430518814]
79,0,1722,2,0.010598133505824838,1.5973061718862407,True,False,"[8, 15]","[0.11768206220308222, 0.10554061871438952]"
79,2,1197,1,0.011335288588552756,2.711281645311811,True,False,[5],[0.10165214641784477]
79,4,1800,1,0.014132992313885727,1.8194047117116394,True,False,[15],[0.055853171172424984]
79,5,941,1,0.012373153925850594,1.9559451542592625,True,False,[5],[0.12009018213949532]
79,6,1477,1,0.01259134679068049,1.8818790339611178,True,False,[5],[0.13131938697108855]
79,7,849,1,0.012938616094021471,1.7159263918058567,True,False,[12],[0.15169214795879804]
79,9,19,2,0.011540791416502407,1.6370338361789876,True,False,"[7, 15]","[0.11406905935395313, 0.05991695014474611]"
79,10,1680,1,0.01296759033289704,1.8307298819479871,True,False,[16],[0.054167039747760326]
79,11,1858,1,0.10399876242892142,2.4703569776652965,True,False,[5],[0.11879791839705726]
79,12,1823,2,0.008357090867078485,1.7360049581240349,True,False,"[7, 8]","[0.13959817516387643, 0.1371518968968058]"
79,14,858,1,0.01238973634648979,1.6666733496495094,True,False,[5],[0.14681809777183066]
79,15,1545,1,0.012596888095198341,1.9667933694416901,True,False,[5],[0.12384920915214538]
79,16,403,1,0.013619005928481634,2.0833600738844957,True,False,[7],[0.14206296558337267]
79,17,1188,1,0.013109029950837334,1.7672261281077593,True,False,[5],[0.12949028177963168]
79,18,1852,1,0.02711910411638734,1.8993512057001891,True,False,[7],[0.10956440662018946]
79,19,1711,1,0.013546819488172301,1.7411528801102039,True,False,[5],[0.13754133467842034]
79,20,1435,1,0.015625502102199092,3.9076806263120534,True,False,[6],[0.04777610723606975]
79,21,1325,1,0.01277935090701957,1.5974386015042883,True,False,[5],[0.1333112138308153]
79,22,17,1,0.013307376406466865,1.6759229806748717,True,False,[7],[0.11827601542611367]
79,23,453,1,0.011877830958329406,1.67198690336413,True,False,[7],[0.1861943538270628]
80,1,920,1,0.011166334300693229,1.73350618559526,True,False,[7],[0.0813282347528712]
80,4,1800,1,0.013522958212083956,1.8078975686933167,True,False,[15],[0.053834791220831374]
80,5,941,1,0.01135888560809245,1.9909197236064524,True,False,[7],[0.14798776513822595]
80,6,1477,1,0.010636037447342655,1.9189835886784643,True,False,[7],[0.128260285417916]
80,7,849,1,0.01243329820809993,1.7434582504765466,True,False,[7],[0.14427672969422836]
80,8,1197,1,0.009595061242544474,2.771546656075259,True,False,[7],[0.12179631197857496]
80,9,1680,1,0.013359844362553983,1.8488609222982415,True,False,[16],[0.06119012027187533]
80,10,1858,1,0.010980045652246058,2.4714273241188924,True,False,[8],[0.10791509665791288]
80,11,1823,3,0.006793762422276951,1.74951221569633,True,False,"[8, 15, 16]","[0.13342339334308403, 0.1286187753403828, 0.1709490360346278]"
80,12,1341,1,0.01118060740443888,1.6706173624271006,True,False,[8],[0.13228119824400442]
80,13,858,1,0.013660799388996184,1.6852178729904819,True,False,[7],[0.1965761012854276]
80,14,1545,1,0.011192081301676812,1.9678908631214305,True,False,[8],[0.1550867153445538]
80,16,19,1,0.01166053673513823,1.6591437353171452,True,False,[8],[0.12064362092412037]
80,19,1435,1,0.008643792370900273,3.9990225811171154,True,False,[7],[0.11010835978773517]
80,21,403,1,0.011091759727895261,2.116526727454477,True,False,[8],[0.09729495014540243]
80,22,1188,2,0.010056029027722256,1.7541489190481525,True,False,"[11, 16]","[0.09511854632388318, 0.14306068015244727]"
80,23,453,1,0.010560709183217101,1.7076252717731335,True,False,[7],[0.17302372852867656]
81,0,1722,1,0.011665138567393549,1.6149396739686166,True,False,[8],[0.11542823075034365]
81,1,920,2,0.008120951084444081,1.7523672986861814,True,False,"[7, 15]","[0.08614651825483119, 0.08988417393475488]"
81,3,1824,1,0.010999755567881324,1.6442424755108884,True,False,[5],[0.11954338714558456]
81,4,1800,1,0.01388111036490638,1.8023865257038052,True,False,[15],[0.05681825242028032]
81,5,941,1,0.010696937789140621,2.0317450399343016,True,False,[7],[0.14354446897630938]
81,6,1477,1,0.01194191641463769,1.9144523196392071,True,False,[8],[0.1875060783862711]
81,7,849,1,0.01250649569521985,1.7656346734828896,True,False,[7],[0.1421267163521292]
81,8,1197,1,0.009855276520065912,2.8330832531756944,True,False,[7],[0.12445700631257832]
81,10,1858,1,0.011264527356668599,2.471366174245545,True,False,[8],[0.10919914570395059]
81,11,1823,1,0.011435949233035866,1.762864452257206,True,False,[15],[0.1257760514693628]
81,14,1545,1,0.012813735716009321,1.9659411496301111,True,False,[11],[0.10879506168949155]
81,21,403,1,0.012210627549664683,2.143952685297574,True,False,[8],[0.11013410722204592]
81,22,1188,1,0.014127471718429978,1.7815256698356412,True,False,[5],[0.13094133744959666]
81,23,453,2,0.008400622196849183,1.7286015042323915,True,False,"[7, 8]","[0.15292035260619138, 0.1513263723739767]"
82,0,1722,1,0.012117391436076968,1.6532630691287473,True,False,[5],[0.09251475292434955]
82,2,920,1,0.0144448480268731,1.7543492740895226,True,False,[15],[0.05246105747389152]
82,4,1824,1,0.012538433820378813,1.642787131245081,True,False,[8],[0.143874501015177]
82,6,941,2,0.00906751981078992,2.0483007778581634,True,False,"[7, 8]","[0.14265382068038188, 0.18387224781170833]"
82,7,1477,1,0.012298378978626987,1.9364557990085542,True,False,[7],[0.13341044147254755]
82,8,849,3,0.008864780124833495,1.773004105322302,True,False,"[7, 8, 16]","[0.13650812089372738, 0.14643616210066887, 0.15401380224513264]"
82,9,1197,1,0.00971452457624384,2.894357300063735,True,False,[7],[0.11681106937899562]
82,12,1823,1,0.011882520463486328,1.7896316537836012,True,False,[15],[0.07722313924421483]
82,13,1341,1,0.011633427888496143,1.678050665834514,True,False,[8],[0.2015561660533438]
82,14,858,1,0.01082940210933557,1.716695362557355,True,False,[7],[0.11971290659708009]
82,15,1545,1,0.011308812699244003,2.0065710236338514,True,False,[7],[0.18858035113212482]
82,16,1010,1,0.012891765780303628,1.937156461783836,True,False,[11],[0.11863872024611864]
82,18,1852,1,0.01340407387118151,1.9041744641736609,True,False,[8],[0.1367087203347156]
82,23,453,1,0.010305553607713038,1.7666438878687818,True,False,[7],[0.14947780644682296]
83,0,1722,1,0.01176170203330676,1.6643161697195326,True,False,[8],[0.11038492827989212]
83,2,920,1,0.01219066684976072,1.7648084890858162,True,False,[5],[0.0953099236246557]
83,3,1899,1,0.03762401035144758,1.795944023695568,True,False,[7],[0.1471228539625381]
83,5,1800,1,0.013066988387617906,1.7978530600958877,True,False,[15],[0.09661046010195788]
83,6,941,2,0.008047781641788246,2.067226578409531,True,False,"[7, 11]","[0.12423157162123183, 0.047367324027073894]"
83,7,1477,2,0.010777369073417226,1.9377517803627713,True,False,"[7, 11]","[0.15820011340999468, 0.12723814928274]"
83,8,849,1,0.011690115447187588,1.801980077667442,True,False,[7],[0.14240022319740606]
83,9,1197,1,0.008687494817488305,2.9567114601065048,True,False,[7],[0.10854528951645258]
83,11,1858,2,0.008454092905252869,2.469962307519194,True,False,"[8, 16]","[0.13339969944644237, 0.1685549837282633]"
83,12,1823,1,0.014457957225064018,1.7896300532661595,True,False,[5],[0.1026019524609171]
83,13,1341,1,0.011693227151357032,1.6860232704402471,True,False,[8],[0.18648847472880617]
83,16,1010,1,0.013245648669998552,1.9379510787030874,True,False,[11],[0.12134697103552562]
83,20,1435,1,0.009483636397682123,4.0936384284955984,True,False,[7],[0.09825552173057968]
83,22,403,1,0.011122924075794217,2.1606955090612368,True,False,[7],[0.11708038321430722]
83,23,453,1,0.00939660133416626,1.8105624364609467,True,False,[7],[0.1332325648199831]
84,2,1899,1,0.012914133211804986,1.8073125233908187,True,False,[8],[0.0872015671572015]
84,7,1477,1,0.012652384242506502,1.9597457899637774,True,False,[7],[0.1558475345884792]
84,8,849,1,0.01310629368127128,1.8188099865262166,True,False,[5],[0.12170296530351564]
84,9,1197,1,0.008887420054984678,3.013170789070361,True,False,[7],[0.10932091381512389]
84,10,1680,1,0.013516921331676418,1.8712693037649657,True,False,[5],[0.14781665033313346]
84,11,1800,1,0.012296797834230976,1.7992799513716635,True,False,[8],[0.1392217172724985]
84,12,1341,1,0.010971455558445496,1.714083254225737,True,False,[8],[0.12099304988558261]
84,15,1545,1,0.011253595992026185,2.0453310847372097,True,False,[7],[0.18219203632390374]
84,16,1010,1,0.012889186365613132,1.9383675221323489,True,False,[11],[0.10116754577462125]
84,17,19,1,0.014465170728615646,1.6606188656985603,True,False,[15],[0.05050467809788665]
84,18,1852,2,0.00991736472999742,1.91055371181134,True,False,"[7, 15]","[0.10955471829537605, 0.057826006408186595]"
84,20,1435,1,0.010463063732615983,4.183440524079668,True,False,[5],[0.08939374559154993]
84,21,1325,1,0.012819547845796427,1.6013925098846211,True,False,[8],[0.10963697166862553]
84,22,403,1,0.010979306730969071,2.2004234759950734,True,False,[8],[0.1023415641094975]
85,1,920,1,0.011721796786450786,1.806043521389001,True,False,[5],[0.11171886412810417]
85,2,1899,2,0.009623679070682024,1.8166739597691008,True,False,"[7, 15]","[0.11582927047521217, 0.057521642986545475]"
85,4,1722,1,0.015062430720003798,1.642403371637873,True,False,[15],[0.06777427688348035]
85,5,1956,2,0.011610200709748029,1.7051638294185778,True,False,"[7, 12]","[0.14210011632915495, 0.10673778004595642]"
85,6,941,1,0.012760405967232458,2.0867792338497724,True,False,[5],[0.13285351674901824]
85,7,1477,1,0.011925808376319885,1.986013456312652,True,False,[7],[0.16008991763821673]
85,8,849,1,0.011725996621094654,1.8068886634635675,True,False,[12],[0.058431605932878064]
85,9,1197,1,0.013185767295928538,3.0138837983766176,True,False,[15],[0.06148939594664411]
85,11,1800,1,0.011423234325261997,1.8113701169422791,True,False,[7],[0.13610562547994232]
85,15,1545,1,0.012201267011159277,2.0706742359416013,True,False,[5],[0.12106023634316647]
85,16,1010,4,0.007638718231026932,1.9401614448276499,True,False,"[7, 8, 11, 12]","[0.13530404661468998, 0.14292528145925523, 0.10201934551673111, 0.07941490091645305]"
85,19,1858,1,0.012992987115903732,2.4965493508186403,True,False,[5],[0.12678238138434908]
85,20,1435,1,0.008582796809103272,4.283917055709876,True,False,[7],[0.09896270194415606]
85,22,403,1,0.010739960506041054,2.2466424493607504,True,False,[8],[0.09079270370003406]
85,23,453,1,0.012901134987218222,1.8120407564258296,True,False,[16],[0.12892002611177825]
86,1,920,1,0.011749776721852777,1.8206286628664796,True,False,[15],[0.09536022526825064]
86,2,1899,1,0.012706848376662801,1.829079329809439,True,False,[8],[0.0896292397694231]
86,4,1722,1,0.011875018783727067,1.6518752951428815,True,False,[7],[0.1398257833069897]
86,5,1956,1,0.010716981354851335,1.727746609189586,True,False,[8],[0.13732079182211177]
86,6,941,1,0.01082059501312599,2.1308574865027907,True,False,[7],[0.12731991096704723]
86,8,849,1,0.013658000804914514,1.7983822026413598,True,False,[11],[0.10264698781488243]
86,9,1197,1,0.009788742899942773,3.0659718004206398,True,False,[7],[0.10843933296310847]
86,10,1680,1,0.010596527866092628,1.9162802487032888,True,False,[7],[0.12607961866359538]
86,11,1800,1,0.011539983029423197,1.8140985019617535,True,False,[8],[0.1350777372051635]
86,15,1545,1,0.01074107112100977,2.082622728728193,True,False,[11],[0.1325117581094066]
86,16,2054,1,0.02373914258452653,1.7800540126317053,True,False,[5],[0.14083527595109274]
86,17,1010,1,0.011222089693279652,1.9592119242530734,True,False,[11],[0.08266976652244219]
86,18,19,2,0.011140712814682978,1.6640546425183416,True,False,"[7, 15]","[0.10833255254972327, 0.07166132294293966]"
86,22,1325,1,0.012582559482982637,1.6089108901072517,True,False,[7],[0.11941069184906992]
86,23,453,2,0.00903405283504151,1.8057474737658572,True,False,"[8, 12]","[0.15218855193169994, 0.13207478501140194]"
87,1,920,2,0.009167209141606817,1.845737012648261,True,False,"[7, 15]","[0.09866689081954336, 0.09795963065527738]"
87,3,1824,1,0.011133490873219748,1.6608207040735845,True,False,[8],[0.13113742895999203]
87,4,1722,1,0.012592193267485962,1.6549077530587137,True,False,[8],[0.14122149255118913]
87,5,1956,1,0.010032142218118528,1.7538974924689679,True,False,[8],[0.12447381377791138]
87,6,941,1,0.010633444385963413,2.1739945899321813,True,False,[7],[0.13327767257548787]
87,7,1477,1,0.011141521754715958,2.0113307356399592,True,False,[5],[0.14456805676942291]
87,11,1800,1,0.012508590223156675,1.8132081689788255,True,False,[15],[0.11628560245600778]
87,12,1341,1,0.010184988627514996,1.7398251161371627,True,False,[8],[0.1058452616041979]
87,13,2013,1,0.028479965180633986,1.652225449884012,True,False,[8],[0.16513392994738207]
87,14,858,1,0.011089756207845148,1.749304519957648,True,False,[7],[0.1197356974205153]
87,15,1545,1,0.011368708904274136,2.123238449287928,True,False,[7],[0.18506271732890928]
87,16,2054,1,0.013372622654378719,1.8038177364194676,True,False,[7],[0.12557239443680568]
87,17,1010,1,0.009982799363693163,1.9757079803652324,True,False,[7],[0.14072658315574404]
87,18,19,1,0.013752280271101461,1.6676300310095675,True,False,[15],[0.06755840492967027]
87,20,1858,1,0.013580338478840048,2.4913957507915563,True,False,[8],[0.13247000634115857]
87,21,1435,1,0.01101772773691274,4.370261911514155,True,False,[5],[0.12284526939005311]
87,23,453,2,0.009672629506243216,1.8229083230789944,True,False,"[7, 16]","[0.16292599441789518, 0.18578975766694059]"
88,3,1899,1,0.01062567380131733,1.8664399580713358,True,False,[5],[0.12712621989183182]
88,4,1824,1,0.011561904203598029,1.6708864766677665,True,False,[7],[0.13488680674780815]
88,5,1722,1,0.010257226113789816,1.680788524277076,True,False,[8],[0.1143325494814468]
88,8,1477,1,0.013267764357326989,2.0152918833392475,True,False,[15],[0.11898267276488389]
88,9,849,1,0.011692079918972103,1.8130023377518902,True,False,[7],[0.11998897498916927]
88,10,1197,1,0.009561976963139558,3.1403100609407115,True,False,[7],[0.11852472689039198]
88,12,1800,1,0.014007527392910677,1.8072349249361879,True,False,[15],[0.0771876321778991]
88,13,1341,1,0.011054228261668804,1.7577336345305277,True,False,[8],[0.14722037998587284]
88,15,858,1,0.011252961951706312,1.7562586769106219,True,False,[12],[0.10068729427629072]
88,16,1545,2,0.008720855814835645,2.137569721515835,True,False,"[7, 8]","[0.12529654715203864, 0.15707254001008025]"
88,17,2054,1,0.011819140769713377,1.8047096638787539,True,False,[12],[0.06308529715398675]
88,18,1010,1,0.011041032347965449,2.002016369068586,True,False,[5],[0.09131045504154789]
88,19,19,2,0.009672025703092616,1.6702925798937973,True,False,"[7, 15]","[0.1071635615496229, 0.07691483902020563]"
88,20,1852,1,0.01389643265680335,1.9152076162786071,True,False,[15],[0.10566404797492299]
88,22,1325,1,0.010820318393336815,1.6251874183040929,True,False,[8],[0.08281219914321956]
88,23,453,1,0.011369126818632221,1.8579816851383468,True,False,[7],[0.16252643577880302]
89,0,2010,1,0.035600675756389685,1.9930127906194457,True,False,[7],[0.10214628735619011]
89,4,1824,1,0.010799129060952335,1.6810108779041688,True,False,[7],[0.12336468402158841]
89,5,1722,1,0.013135679695124637,1.6682468233410432,True,False,[15],[0.0954301421626213]
89,7,941,1,0.011002818551831288,2.2102844892757623,True,False,[7],[0.16258242074762463]
89,8,1477,1,0.013095390511626519,2.0384191886036533,True,False,[5],[0.15152918685267078]
89,9,849,2,0.01211260658311754,1.8226141092439339,True,False,"[11, 12]","[0.14351424087753425, 0.06526603829321799]"
89,10,1197,1,0.013323430728754268,3.1404484072891843,True,False,[15],[0.12622730389532233]
89,12,1800,1,0.010113732116532702,1.8263351825489966,True,False,[8],[0.09717922454873915]
89,13,1341,1,0.011505151512372089,1.778818675752843,True,False,[8],[0.14001238568277666]
89,15,858,1,0.011453259919968827,1.7576472400381704,True,False,[12],[0.10383477356237106]
89,16,1545,2,0.009984769317145073,2.1516237420890167,True,False,"[7, 8]","[0.1466320439106642, 0.17903643066498878]"
89,19,19,1,0.013414628902065809,1.6907124488397915,True,False,[5],[0.13124085882018113]
89,20,1852,1,0.01051679144687784,1.9489089468800886,True,False,[7],[0.09909228451560269]
89,23,453,1,0.013010915158395881,1.8834177479535328,True,False,[5],[0.10794320765951229]
90,2,920,1,0.010986836306154086,1.8624065677934831,True,False,[5],[0.0965428940939144]
90,3,1899,1,0.011050793100103684,1.882432104122616,True,False,[8],[0.12891310245952625]
90,5,1722,2,0.008036954495600842,1.6765664440122323,True,False,"[8, 15]","[0.10566255885143257, 0.08780321216413874]"
90,7,941,1,0.011560695130497267,2.2269114993607992,True,False,[5],[0.14756078120690014]
90,9,849,1,0.011387182974488349,1.8399347694486128,True,False,[7],[0.11996317391349887]
90,11,1680,1,0.012087991677623566,1.9163918933865611,True,False,[16],[0.16037247445148253]
90,16,1545,1,0.010631381075497067,2.1644956995744655,True,False,[11],[0.09684905526275647]
90,21,1858,1,0.011653943303404806,2.490858205560747,True,False,[8],[0.11151260792848365]
90,23,453,1,0.013022103836282096,1.9046637171390322,True,False,[5],[0.12161951099136126]
91,0,2010,1,0.011070643386619866,2.0018466019644454,True,False,[8],[0.1107645305297642]
91,2,920,1,0.013297652103766534,1.8728533799272054,True,False,[15],[0.05761821709271571]
91,3,2170,1,0.021471189702512123,3.2887244288266406,True,False,[5],[0.12075598681173139]
91,4,1722,1,0.011808837997348973,1.6852431977225686,True,False,[8],[0.12613773062646277]
91,5,1956,2,0.009109575407197963,1.7881796974377628,True,False,"[7, 8]","[0.14280212607671533, 0.10666197432816595]"
91,6,941,1,0.009826691534191283,2.272723902929418,True,False,[7],[0.12894585068420608]
91,7,1477,1,0.011157302265412854,2.062943934985633,True,False,[5],[0.18468795844155125]
91,9,1899,1,0.011945318454037804,1.8833198943831895,True,False,[15],[0.06789835096768668]
91,11,1800,2,0.008736873322503643,1.8327950519228557,True,False,"[7, 15]","[0.1280032987920389, 0.11707609614832896]"
91,12,1341,1,0.014169643831649006,1.7994628691415555,True,False,[5],[0.11188054879697418]
91,15,1545,1,0.011216637740047306,2.2070170753748943,True,False,[7],[0.16968858153170888]
91,21,1010,1,0.011370009584352062,2.028433275558758,True,False,[5],[0.12178440185246897]
91,22,19,1,0.01223048758698366,1.6903869467004584,True,False,[15],[0.05799408024818866]
91,23,1852,1,0.012651931273004305,1.959298046967368,True,False,[7],[0.1567629881856709]
92,0,2010,1,0.011015081474974254,2.010251166271167,True,False,[8],[0.1056250253664924]
92,2,920,1,0.012687855802664317,1.872790798851383,True,False,[8],[0.08182432240541866]
92,3,2170,1,0.00984571243016709,3.3617730255225977,True,False,[5],[0.11595739081959429]
92,5,1956,1,0.01004009709322024,1.8194268801378048,True,False,[8],[0.10308555389003844]
92,7,1477,1,0.012892151009212528,2.0577579741370973,True,False,[15],[0.10865695113984689]
92,8,849,1,0.010847130829113438,1.875223850884219,True,False,[7],[0.13844112412285678]
92,9,1899,1,0.01201526823739551,1.924037760009685,True,False,[5],[0.10974304088056458]
92,10,1824,1,0.013478506458937183,1.7078757561132287,True,False,[5],[0.14753159325068088]
92,12,1341,1,0.012373227645446922,1.8033656647614271,True,False,[12],[0.045659966687071916]
92,14,858,1,0.011938650221108503,1.7738484186906336,True,False,[12],[0.08024239334179838]
92,16,2054,2,0.009696414826010878,1.8216360879518392,True,False,"[7, 12]","[0.13976296907436203, 0.08469930827240765]"
92,17,1197,1,0.012672145617655098,3.1764065266596404,True,False,[5],[0.12237486349530931]
92,18,1680,1,0.012061493512314858,1.936818340356072,True,False,[5],[0.09159919290009041]
92,21,1010,2,0.008165866031602891,2.04474554225658,True,False,"[7, 11]","[0.12052321362891985, 0.09547499388964775]"
93,1,2110,1,0.013587471533657724,1.6121890137384716,True,False,[15],[0.0972780833067558]
93,3,2170,1,0.0100714071372421,3.4249649492485674,True,False,[7],[0.145908930047238]
93,6,941,1,0.011754900145402862,2.309093497660134,True,False,[5],[0.12638370438469818]
93,7,1477,2,0.008027897481663519,2.0760304493737065,True,False,"[7, 15]","[0.15500593514339608, 0.11957847339400303]"
93,8,849,1,0.013492086508535877,1.8444573608407746,True,False,[12],[0.07917615042712985]
93,9,1899,1,0.013305371292172597,1.924806005004375,True,False,[8],[0.13094389392057376]
93,11,1800,1,0.012308499979461098,1.8344342375430853,True,False,[15],[0.11441563106818269]
93,13,2054,1,0.012792396713840639,1.8467535139784563,True,False,[7],[0.17360644000553602]
93,16,1858,1,0.012471827001353825,2.5383403642986857,True,False,[7],[0.12476269407687686]
93,17,1341,2,0.007459845885578908,1.8258434984214262,True,False,"[7, 8]","[0.13832930681940986, 0.15037429453520232]"
93,18,2013,1,0.013449755116365474,1.6533290456732532,True,False,[8],[0.12832859127906268]
93,21,1010,3,0.006874866195321651,2.0568867742839885,True,False,"[7, 8, 11]","[0.10959244695477272, 0.11151716215837477, 0.09191319273079084]"
93,23,1852,1,0.012340691675562392,1.971673256341946,True,False,[7],[0.1439418068013714]
94,0,2010,1,0.010633303162314959,2.0233043136616176,True,False,[8],[0.10517490363191925]
94,1,2110,1,0.010776650655646074,1.6277975803859273,True,False,[8],[0.10590885038577905]
94,3,2170,1,0.010002475755223584,3.493603647693356,True,False,[5],[0.11726010688827052]
94,4,1722,2,0.009150352807269517,1.692697441654701,True,False,"[8, 15]","[0.11399414304375019, 0.07518878830442081]"
94,5,1956,1,0.01172695786342003,1.8549432620414572,True,False,[5],[0.12649868894809788]
94,6,941,1,0.011642849433222174,2.3070478163758765,True,False,[8],[0.20340821537047984]
94,7,1477,1,0.010619159742720888,2.1087402417604104,True,False,[7],[0.15552060874741266]
94,9,1899,2,0.008950479488847448,1.9227031333828308,True,False,"[7, 8]","[0.1125752254904089, 0.12556788312924627]"
94,10,1824,1,0.010936630194597232,1.7398124952986662,True,False,[7],[0.11254506580525843]
94,11,1800,3,0.00692517356396015,1.8440651838674744,True,False,"[7, 8, 15]","[0.12072056291742912, 0.12620054337405923, 0.10755447545151504]"
94,12,2232,1,0.09734741944446995,2.5200381116506074,True,False,[17],[0.10088328396788615]
94,13,2221,1,0.0388407551748136,1.7809655955086272,True,False,[8],[0.1360497074226123]
94,15,1197,1,0.011207403185192946,3.226414674178328,True,False,[7],[0.16496077972017548]
94,16,1680,1,0.012066675531503724,1.970414061368252,True,False,[7],[0.1145837989603463]
94,18,1341,1,0.012839036713980708,1.8483385473388847,True,False,[8],[0.12195557718267927]
94,19,2013,1,0.010662551657276179,1.673331920437419,True,False,[8],[0.1155388163957118]
94,20,858,1,0.011307829441006115,1.809746147886794,True,False,[5],[0.08611005385193668]
94,21,1545,1,0.008648856324727255,2.253638305906239,True,False,[5],[0.11442280675019445]
94,23,1852,1,0.010483502655148962,1.9877776169225663,True,False,[8],[0.1384005149325515]
95,3,2170,1,0.009913231589294693,3.564753260289613,True,False,[5],[0.11135615916950406]
95,4,1722,1,0.011170123682445895,1.7086185060116876,True,False,[8],[0.10993693141319022]
95,6,941,1,0.009939326080632497,2.3496665792353655,True,False,[7],[0.12631026203579204]
95,7,1477,1,0.011178989525739256,2.139729350652091,True,False,[7],[0.16177176012175334]
95,8,849,1,0.01241840028920832,1.825909376319738,True,False,[12],[0.09803266289983997]
95,9,1899,2,0.008742113829661502,1.928643721499857,True,False,"[8, 15]","[0.12169285684291067, 0.07123462175491538]"
95,13,2221,1,0.013041037156442902,1.7900849334502595,True,False,[7],[0.1537982392306316]
95,14,2054,1,0.010264402455972729,1.8821390045644786,True,False,[7],[0.10740182345595561]
95,16,1680,1,0.011277578527081035,2.009091055138564,True,False,[7],[0.10424032589784103]
95,18,1341,1,0.012804246354882469,1.8712573423305536,True,False,[8],[0.1251104687220186]
95,20,858,1,0.009731452509310533,1.852657754922028,True,False,[7],[0.09383547904103605]
96,2,920,1,0.010514485369076761,1.9009156347583929,True,False,[7],[0.1067529664856763]
96,3,2170,1,0.012497032285510083,3.561377707858361,True,False,[8],[0.13875513075991702]
96,4,1722,1,0.010844796780138498,1.7276663850263725,True,False,[8],[0.11002486306213945]
96,6,941,1,0.011310888485316565,2.3493692342367414,True,False,[8],[0.19813062476135748]
96,7,1477,1,0.013043270877289369,2.141840686843935,True,False,[16],[0.06828589802894623]
96,8,849,1,0.012537335911363573,1.851629506907019,True,False,[5],[0.13398529081637725]
96,11,1800,1,0.011248403101559919,1.8523117137707756,True,False,[8],[0.11765403187765057]
96,12,2232,2,0.008811677395723253,2.526039584664963,True,False,"[7, 17]","[0.13204630071288084, 0.10356934006102468]"
96,15,1197,1,0.011133815049674785,3.2801325475635377,True,False,[7],[0.14868254510998]
96,18,1341,1,0.01182429255903988,1.9010491635712354,True,False,[8],[0.1063599580097656]
96,19,2013,1,0.013181874990313484,1.6778659192855852,True,False,[12],[0.08998726199769061]
96,21,1545,1,0.00809935490896737,2.3038413727830758,True,False,[5],[0.10683936957837964]
96,22,19,1,0.013062894587426578,1.6905067756245442,True,False,[15],[0.06405792393554494]
97,0,2010,1,0.011788526827797711,2.0712086776113816,True,False,[5],[0.09619601321004773]
97,3,2170,1,0.009402067451772357,3.632609264343966,True,False,[7],[0.13142394687628728]
97,4,1722,1,0.010706582357014613,1.7512129231281879,True,False,[8],[0.10730122308930516]
97,5,1956,1,0.010775535108907377,1.8643118647982915,True,False,[12],[0.11220944879817629]
97,6,941,1,0.00995251095142239,2.3949952547653806,True,False,[7],[0.13113395320825]
97,7,1477,2,0.008396514919587993,2.1413761568761958,True,False,"[7, 12]","[0.1411859369900333, 0.16659537201550131]"
97,9,1899,1,0.01167808555334059,1.936532982884666,True,False,[15],[0.08194007136790084]
97,10,1824,2,0.008251311735210163,1.763431584976774,True,False,"[7, 8]","[0.11326708878945381, 0.11315457016745352]"
97,11,1800,1,0.012338277172950524,1.8584864159732621,True,False,[15],[0.0912364214550964]
97,12,2232,1,0.013385165154394788,2.5235277341448317,True,False,[15],[0.0847485853397571]
97,13,2221,1,0.012648025521820016,1.8039178731648557,True,False,[7],[0.14452130172298291]
97,14,2054,1,0.012017666043042179,1.891718701226112,True,False,[12],[0.07874662545008439]
97,17,1858,1,0.012586626609975955,2.567944513248037,True,False,[5],[0.10972021440884522]
97,21,1545,1,0.01058884024985578,2.3003313534552734,True,False,[11],[0.09732924134951945]
97,22,19,2,0.007901918749729784,1.7078320627271792,True,False,"[7, 8]","[0.1074716618273852, 0.0925877821772208]"
97,23,1852,1,0.010115321316806028,2.000785049588277,True,False,[8],[0.13426006641130034]
98,0,2346,1,0.027108049310959597,2.008354133351001,True,False,[12],[0.01445570624331903]
98,2,2110,1,0.010715145381355892,1.6432432074856202,True,False,[7],[0.10086975656203985]
98,5,1722,1,0.011516460152362911,1.7786448652264175,True,False,[5],[0.1281975721105211]
98,7,941,1,0.01071119169575754,2.4142127971864418,True,False,[5],[0.18038754476903593]
98,8,1477,1,0.011669228676420697,2.1434820518830255,True,False,[8],[0.16012029550242024]
98,12,1800,1,0.01399125776605518,1.8476139865277743,True,False,[15],[0.08053388108764757]
98,16,1197,1,0.013410767066397985,3.281729807124285,True,False,[15],[0.07764249788814565]
98,17,1680,1,0.013218018590535011,2.0067891010987764,True,False,[16],[0.1430627514117768]
98,18,1858,1,0.013011777805510258,2.5686462477276653,True,False,[8],[0.10828996711594824]
98,21,1545,1,0.010322287507246435,2.338972899802174,True,False,[7],[0.12460095449724318]
99,0,2346,2,0.007082516307712377,2.0316163265595955,True,False,"[7, 8]","[0.11359426519091, 0.10319580743159985]"
99,1,2010,1,0.010787593067390052,2.083162626193502,True,False,[7],[0.09337462048004697]
99,2,2110,1,0.010354893750506891,1.669300869934365,True,False,[5],[0.09676668377227003]
99,4,2170,1,0.013423458814893081,3.665705721997869,True,False,[5],[0.14434399088536404]
99,7,941,1,0.011120825703704765,2.4392526540514208,True,False,[5],[0.16670812149274183]
99,8,1477,2,0.012520109275878795,2.140435256855719,True,False,"[8, 16]","[0.1919087710332107, 0.19790119889373886]"
99,9,849,2,0.00923969539946599,1.86805236099569,True,False,"[7, 12]","[0.10512909883340256, 0.07384092719148154]"
99,10,1899,1,0.010261602754626616,1.9780142419780677,True,False,[7],[0.10627535358268114]
99,11,1824,1,0.010219030556616668,1.7789346957456864,True,False,[7],[0.12272939044035848]
99,12,1800,1,0.014351102227091647,1.8364228052950204,True,False,[15],[0.07577186484475402]
99,13,2232,2,0.008048900169537191,2.532994020965343,True,False,"[8, 15]","[0.12483091001921803, 0.08252720111847926]"
99,15,2054,1,0.010691666984683202,1.893497859415545,True,False,[12],[0.10815601153266807]
99,16,1197,1,0.008759896518643007,3.3531481835621197,True,False,[7],[0.10228497744236621]
99,18,1858,1,0.011760705160401175,2.60311164214843,True,False,[5],[0.09540506097052255]
99,19,1341,1,0.01054288592823782,1.9371847760118766,True,False,[8],[0.13262721481180115]
99,20,2013,1,0.014064127855139975,1.6768753500707423,True,False,[12],[0.013178983771735823]
99,21,1545,1,0.010514140048354001,2.3412075259024214,True,False,[8],[0.13432174111998832]
100,0,2346,1,0.013525669032116206,2.0480052284976917,True,False,[12],[0.03168135477516432]
100,3,920,1,0.0122669838993774,1.9325777902168357,True,False,[5],[0.10433841424716941]
100,5,1722,1,0.013035125991371825,1.7795070488504008,True,False,[15],[0.08866037282863834]
100,6,1956,1,0.011665827657133329,1.9079908503660215,True,False,[5],[0.12428669907205085]
100,8,1477,1,0.009287080475580073,2.1838484489838064,True,False,[7],[0.11946291181542777]
100,9,849,1,0.013163717628255385,1.872868333925238,True,False,[12],[0.08105332994154031]
100,10,1899,1,0.012874480523847527,2.009789862095322,True,False,[5],[0.13463785988213162]
100,12,1800,1,0.013866251135176097,1.8278509521672979,True,False,[15],[0.06678631734421275]
100,13,2232,1,0.010047069305054099,2.5467515064497235,True,False,[8],[0.12049784259906261]
100,15,2054,2,0.008336735256038836,1.9104352296426461,True,False,"[7, 12]","[0.13442065069730322, 0.10641374921942391]"
100,17,1680,1,0.01298868527610132,2.0066247007914915,True,False,[16],[0.1426044824445289]
100,18,1858,1,0.013355924501647961,2.6025915025088637,True,False,[8],[0.11244874525941873]
100,19,1341,2,0.008261063203836398,1.9629480274230189,True,False,"[8, 12]","[0.12676987491405467, 0.09087688791706629]"
100,20,2013,1,0.011158018004097622,1.690701999349917,True,False,[7],[0.09338274235448671]
100,21,1545,2,0.01067183923506831,2.3673259077219444,True,False,"[7, 16]","[0.13443026888607998, 0.14344220903395324]"
100,23,1852,1,0.013681823155177002,2.020517694949676,True,False,[5],[0.11994390875236481]
101,0,2346,2,0.00955794164158315,2.059734270413507,True,False,"[8, 12]","[0.1122320750717438, 0.04150571141200178]"
101,1,2010,1,0.010753127918742948,2.098503822303827,True,False,[8],[0.10423590186079329]
101,2,2110,1,0.011021668080918364,1.7003884070675328,True,False,[5],[0.0925940745972064]
101,4,2170,1,0.007990794373650441,3.746424402183314,True,False,[7],[0.11361260162112721]
101,5,1722,1,0.011326501169320763,1.8094283997760257,True,False,[5],[0.1295155525761093]
101,6,1956,1,0.010829407708495088,1.925138731915914,True,False,[8],[0.1728232701994263]
101,7,941,1,0.010832570608759839,2.440819283253924,True,False,[11],[0.13465003695745398]
101,8,1477,2,0.009391001704036015,2.1698466433027774,True,False,"[12, 15]","[0.13575947421114423, 0.15304568224099205]"
101,11,1824,1,0.009829632003877459,1.7994484219923927,True,False,[7],[0.12486106713952354]
101,12,1800,1,0.01394617628291185,1.816150762273584,True,False,[15],[0.07512176062192487]
101,13,2232,3,0.009951127760925348,2.5698042482960695,True,False,"[7, 15, 17]","[0.14708471490051322, 0.0838310153070038, 0.12691599961145464]"
101,15,2054,1,0.010896869381240064,1.9147665277769343,True,False,[12],[0.10145946882986977]
101,16,1197,1,0.011228043528951213,3.4118895264615574,True,False,[5],[0.13119430225013518]
101,17,1680,1,0.012945515767859213,2.0297705960647328,True,False,[5],[0.1145103643360367]
101,18,1858,1,0.011272403006091569,2.6425652027155095,True,False,[5],[0.09022518828594081]
101,21,1545,1,0.012022011229389338,2.318858366181611,True,False,[12],[0.10205901796621482]
102,0,2346,1,0.011092012092537294,2.0960721152716566,True,False,[8],[0.1066258932976753]
102,1,2010,1,0.011413393764104846,2.109212930075336,True,False,[8],[0.11157378417465115]
102,4,2170,1,0.007194723034346966,3.8340659988859143,True,False,[7],[0.10700460875812882]
102,5,1722,1,0.01126147815131577,1.8451932249763954,True,False,[5],[0.12493143542093027]
102,9,1477,1,0.010609357620968827,2.207035160884292,True,False,[7],[0.10252451325119674]
102,10,849,2,0.009984002052495864,1.8716690785894892,True,False,"[11, 12]","[0.09508641545835665, 0.050212168908044724]"
102,13,1800,1,0.010306665009818673,1.831430527133862,True,False,[8],[0.11263402481642476]
102,14,2232,1,0.013279828768527426,2.5695467809030528,True,False,[15],[0.06222051213528208]
102,15,2221,1,0.013186393095205626,1.8109790962053127,True,False,[8],[0.1409349624111458]
102,16,2054,1,0.010448404364081112,1.9515847659830496,True,False,[7],[0.10127586873533934]
102,17,1197,1,0.011030358948888538,3.463894721646297,True,False,[5],[0.11049540960849875]
102,18,1680,1,0.013397970423112101,2.0482161220144657,True,False,[16],[0.12669542653311316]
102,20,2013,1,0.012592198785399163,1.6928751498519194,True,False,[8],[0.12132382170458911]
102,21,1545,1,0.01019340066350662,2.320782812543233,True,False,[8],[0.14261087961274133]
102,22,19,1,0.01113728188949715,1.730199057710689,True,False,[8],[0.09687006720608887]
103,0,2346,1,0.010327550890556028,2.135620690020864,True,False,[8],[0.0966153831388399]
103,1,2010,1,0.011186457639295582,2.1203995646505946,True,False,[8],[0.106825898103121]
103,7,1722,1,0.010663622887863253,1.8916182422223617,True,False,[5],[0.1535303366135914]
103,9,1956,1,0.01166981084159294,1.9372738735777448,True,False,[8],[0.1094469270323373]
103,10,941,1,0.011458841403937166,2.459494963407182,True,False,[11],[0.11267769740675633]
103,11,1477,1,0.01041803625483035,2.256015155873493,True,False,[5],[0.12612367208358205]
103,12,849,1,0.011951070940129652,1.8843181203153525,True,False,[12],[0.05726003224365782]
103,14,1824,1,0.012553982627133486,1.8026787522482701,True,False,[8],[0.15312156249958558]
103,16,2232,1,0.009912577269803413,2.612339763170536,True,False,[7],[0.09131176910202538]
103,19,1197,1,0.0075451109179078615,3.5459540017297053,True,False,[7],[0.0994772689168231]
104,0,2346,1,0.014533907441695195,2.1166176902264664,True,False,[12],[0.03385313207086466]
104,1,2010,2,0.008475861845077896,2.1283535680934285,True,False,"[8, 15]","[0.10140853226368636, 0.10163692463703826]"
104,3,2110,1,0.012332311184616562,1.7353165922145741,True,False,[5],[0.10132040927764316]
104,5,2456,1,0.05675030096824818,2.4416187035087207,True,False,[11],[0.041333560743616764]
104,9,1956,1,0.012546505605237762,1.936843967191504,True,False,[7],[0.10356899347469632]
104,11,1477,1,0.010550480779775658,2.3039521059007604,True,False,[5],[0.12259055912463535]
104,12,849,2,0.006748530481619494,1.9053938345526134,True,False,"[7, 12]","[0.1313409694707221, 0.06268968018663293]"
104,14,1824,1,0.010865052218305723,1.8170945536394243,True,False,[7],[0.10245682519653965]
104,15,1800,2,0.008316249944117778,1.8452602476747828,True,False,"[7, 15]","[0.12550575667588248, 0.05857805607140877]"
104,16,2232,1,0.010850182779770175,2.650884981827325,True,False,[8],[0.17027154183609977]
104,19,1197,1,0.011452925045728915,3.6011845195820604,True,False,[5],[0.13279719495417583]
104,20,1680,1,0.009808695530011428,2.0870073553362727,True,False,[7],[0.09074269963468544]
104,21,1858,1,0.009003473570158496,2.70420630686943,True,False,[5],[0.09935068212780361]
105,0,2346,1,0.014305626940229587,2.104804674429909,True,False,[12],[0.04885352644610391]
105,1,2010,1,0.010766509101011035,2.1684967641740407,True,False,[5],[0.09976469066383017]
105,5,2500,1,0.024047161237654966,1.9446554603372983,True,False,[16],[0.07048869271776961]
105,11,1477,1,0.011628396766194097,2.344633202481308,True,False,[5],[0.14321004032178702]
105,12,2456,1,0.011066960626864285,2.440090452463734,True,False,[11],[0.06280802774966485]
105,13,1899,1,0.010150071060790635,2.020494340896224,True,False,[8],[0.1118621289824274]
105,14,1824,1,0.010704665336672756,1.8360916234633446,True,False,[7],[0.09816774546663402]
105,16,2232,1,0.012279754241657167,2.654846590457356,True,False,[15],[0.07393301852602217]
105,20,1680,1,0.010582753505045941,2.1222795592001487,True,False,[7],[0.09013083626791435]
106,0,2346,1,0.013963342356644813,2.101024288031282,True,False,[12],[0.06289748863197467]
106,3,2110,1,0.01207855832973788,1.7442946141486977,True,False,[7],[0.1219921325345157]
106,6,2170,1,0.012506771068223703,3.8164065526659483,True,False,[15],[0.07237881663514628]
106,10,941,2,0.00782608945535791,2.469945809698496,True,False,"[8, 11]","[0.12534944652079077, 0.11695629965489202]"
106,11,1477,1,0.008658075371974694,2.39048972366926,True,False,[7],[0.12145863625036872]
106,12,2456,1,0.010503975972507774,2.4367311743821234,True,False,[11],[0.08730059031649287]
106,13,1899,1,0.012388929283762394,2.0337380785172012,True,False,[15],[0.0776878270308781]
106,15,1800,1,0.012219716539782908,1.8591164469037784,True,False,[8],[0.1264219414647905]
106,20,1680,1,0.012666246582312113,2.128804087492014,True,False,[16],[0.10129632271095348]
106,21,1858,1,0.009240426891961279,2.7683189930490246,True,False,[5],[0.0910503322047274]
107,0,2346,1,0.009090285887513623,2.143507695820172,True,False,[8],[0.09026440435892229]
107,5,2500,1,0.010713859560730265,1.9814388334580313,True,False,[7],[0.12946051943469708]
107,6,2170,1,0.008733282242890043,3.907169811308796,True,False,[7],[0.12401424843890137]
107,9,1956,1,0.012053233583178896,1.939620544693784,True,False,[7],[0.10873575307077331]
107,11,1477,1,0.010283047020052949,2.4367645861999767,True,False,[7],[0.1297534557331652]
107,12,2456,1,0.01132008598020535,2.482788982339791,True,False,[5],[0.09509488863696922]
107,13,1899,1,0.012496663385406082,2.042866678468385,True,False,[15],[0.08211947317091534]
107,16,2232,1,0.011617166223279006,2.6549380469261017,True,False,[15],[0.07363283523073134]
107,18,849,1,0.010998863311153859,1.9189881805850117,True,False,[12],[0.08407807708430932]
107,19,1197,1,0.007953731535752783,3.6894566230233568,True,False,[7],[0.09133542426904379]
107,22,2013,1,0.010571822105498788,1.7165922668694817,True,False,[8],[0.09119447615150257]
108,0,2346,1,0.014173127349244337,2.145935079721443,True,False,[12],[0.06934736837276056]
108,1,2010,1,0.009727549631942129,2.190319596124301,True,False,[8],[0.09287782250893938]
108,4,920,1,0.013600892184317308,1.951044296177294,True,False,[5],[0.1325299281107442]
108,5,2500,1,0.010407113204837946,1.9854182373849072,True,False,[15],[0.08389561518167944]
108,7,1722,1,0.010680727783269431,1.9136594173294583,True,False,[8],[0.1451112759058142]
108,10,941,1,0.009667261412161928,2.5270124750534317,True,False,[7],[0.11648738686644676]
108,11,1477,2,0.006621308992500805,2.4662807332033183,True,False,"[7, 15]","[0.11457498457236324, 0.10184414116526364]"
108,12,2456,1,0.008908161943018862,2.536507230861737,True,False,[7],[0.1323534024189213]
108,13,1899,1,0.012085318204555032,2.0492635617581128,True,False,[15],[0.08120320201434185]
108,14,1824,1,0.010976658889898405,1.8560299461044334,True,False,[7],[0.10007849725785088]
108,15,1800,1,0.012005345346566656,1.8708676837019027,True,False,[15],[0.05875218052417547]
108,16,2232,2,0.008707383974747197,2.6971768409419163,True,False,"[7, 8]","[0.09290020919999728, 0.15816746968433576]"
108,18,849,1,0.010336161299327448,1.9632256597011009,True,False,[5],[0.1081831299877799]
108,19,1197,1,0.007789897279708155,3.7804693064672703,True,False,[7],[0.08313651842482016]
108,23,1852,1,0.009972455685234522,2.0390164897095953,True,False,[8],[0.1294747220882751]
109,0,2346,1,0.009136893712333451,2.1881464942594433,True,False,[8],[0.08467178870718599]
109,3,2110,1,0.011729527507144188,1.7588516026048575,True,False,[7],[0.11510016192528746]
109,4,920,1,0.010733616714671967,1.9739666427333917,True,False,[7],[0.10593516514897716]
109,6,2170,1,0.009021571736298003,3.999662923446357,True,False,[7],[0.11704390649818569]
109,7,1722,2,0.008708484699834162,1.928530229196897,True,False,"[8, 15]","[0.13876066338357312, 0.11395301398944604]"
109,9,1956,1,0.01158077363320807,1.980492633377351,True,False,[5],[0.10448428524760091]
109,11,1477,1,0.01105873827667639,2.5130756158764256,True,False,[5],[0.14111429829063585]
109,12,2456,1,0.01188837570883081,2.5815380739398575,True,False,[5],[0.10595981443901432]
109,15,1800,1,0.011684069582042177,1.886639050952479,True,False,[15],[0.05313861101275863]
109,16,941,1,0.010846920259898094,2.534431561373239,True,False,[11],[0.10869352838383996]
109,18,849,2,0.012224582526278446,1.9704309732414023,True,False,"[11, 12]","[0.07045507813771344, 0.09958496591704921]"
109,23,1852,1,0.009492043205320275,2.060462709927381,True,False,[8],[0.12319564316964254]
110,0,2346,2,0.008226604605994788,2.208846417372013,True,False,"[8, 12]","[0.08547400506980515, 0.06951001284139767]"
110,3,2110,1,0.010754222577556745,1.7629289898026415,True,False,[8],[0.12834782798621]
110,6,2170,2,0.007852348692109943,4.028870066195377,True,False,"[7, 15]","[0.11953740429212426, 0.0878031737373457]"
110,10,2594,1,0.012350443140674657,1.8208898246669991,True,False,[8],[0.12142229658974159]
110,12,2456,1,0.011881386859481586,2.579618841525702,True,False,[16],[0.18007281681404988]
110,13,1899,2,0.008656868128886825,2.059006344959313,True,False,"[7, 15]","[0.13937908150851766, 0.07814962426487837]"
110,15,1800,1,0.012209196592948066,1.9257913922392078,True,False,[5],[0.11673230237406207]
110,16,941,2,0.009534238650792075,2.524302585714841,True,False,"[8, 12]","[0.1640701319525148, 0.1160895680337014]"
110,18,849,2,0.008330141651713996,1.990789804978499,True,False,"[7, 12]","[0.11317869649263881, 0.08369282553953766]"
110,19,1197,1,0.01112946219481411,3.846895736995416,True,False,[5],[0.1248895975909107]
110,21,1858,1,0.011265734858844495,2.7657840743676396,True,False,[8],[0.14073597065927745]
110,23,1852,2,0.008658699357104786,2.0787417047018146,True,False,"[8, 15]","[0.11861070712002313, 0.12234632078798624]"
111,0,2346,1,0.009068530181312498,2.2496251439579136,True,False,[8],[0.08886214664994771]
111,3,2110,1,0.01174426923933811,1.8044089855646503,True,False,[5],[0.09408355708121202]
111,6,2170,1,0.01117038840632807,4.109934232612352,True,False,[5],[0.11551102073443144]
111,11,1477,1,0.009768928937502325,2.5566198368520308,True,False,[7],[0.1185494342415247]
111,12,2456,2,0.006679505980297095,2.60731978168693,True,False,"[7, 11]","[0.12078333692875495, 0.11507430477952386]"
111,13,1899,1,0.009791623362223941,2.073086516316189,True,False,[8],[0.10719507885609049]
111,15,1800,1,0.011203245854229195,1.942031848207473,True,False,[15],[0.053989706707423445]
111,16,941,2,0.00696770522600577,2.5524182130536737,True,False,"[7, 11]","[0.10056332785066695, 0.11372157659040291]"
111,20,1197,1,0.010145133480540055,3.93369954135373,True,False,[5],[0.08087975373000937]
111,23,1852,1,0.011887960568324788,2.081317455686156,True,False,[15],[0.11564796270063712]
112,0,2346,1,0.0091901199934394,2.289216145302439,True,False,[8],[0.08450455908302387]
112,2,2450,1,0.029342921893056807,1.8212253575592798,True,False,[8],[0.07664609070363304]
112,12,2456,2,0.007067449837948707,2.6392659220841765,True,False,"[7, 16]","[0.11739976241906157, 0.17919429761176334]"
112,13,1899,1,0.012734013821644003,2.0958228402274433,True,False,[5],[0.15141687620955468]
112,15,1800,1,0.012062373241524833,1.9561389191862981,True,False,[8],[0.12149831964831415]
112,16,941,1,0.010433599553023701,2.569592065631829,True,False,[8],[0.15803312612770742]
112,18,849,2,0.007652708727235952,2.007343480584977,True,False,"[7, 12]","[0.11453013697058427, 0.06956709680700067]"
112,20,2686,1,0.031346139865869906,2.844401725852734,True,False,[7],[0.09358975865260372]
112,21,1197,1,0.011574651694837965,3.9325174945865573,True,False,[15],[0.07517392164159835]
112,22,1680,1,0.013656912881024247,2.150822166687431,True,False,[5],[0.1183148374843008]
113,0,2346,1,0.011361556198245982,2.329267691224042,True,False,[5],[0.10241833114360771]
113,1,2010,1,0.01125370135295153,2.1964556863241937,True,False,[7],[0.10046084963485057]
113,6,2170,1,0.008867811487900756,4.204068032118112,True,False,[7],[0.10743380891119439]
113,7,1722,1,0.009744048034881585,1.9552938583065649,True,False,[8],[0.12546461506018716]
113,10,2594,1,0.009946389615778524,1.832960516985123,True,False,[8],[0.11396934039758286]
113,11,1477,1,0.010918992644526363,2.606846156178306,True,False,[5],[0.13088724277659144]
113,12,2456,2,0.007792571322250719,2.6358037350974124,True,False,"[11, 16]","[0.12101122307255661, 0.1699018480461027]"
113,14,1824,1,0.010113670398116312,1.8833757384637657,True,False,[7],[0.08950451530953774]
113,15,1800,1,0.011892654010802547,1.975975979348909,True,False,[8],[0.11213677199187862]
113,16,941,1,0.011379781385987081,2.6138172956120687,True,False,[5],[0.15066347540403396]
113,19,2648,1,0.06702032955549031,2.230004708726178,True,False,[7],[0.08449017903646439]
113,21,1197,1,0.009164914690013725,4.008396856765109,True,False,[7],[0.11549919080105722]
114,0,2346,1,0.013501376510175286,2.334213835073017,True,False,[12],[0.06831868316455694]
114,3,2110,1,0.010769786190676235,1.810107219836234,True,False,[8],[0.1279028177911977]
114,4,920,1,0.013075202854398392,1.9936928231132094,True,False,[5],[0.1250645647554416]
114,11,1477,1,0.010037955832330539,2.654759005284349,True,False,[7],[0.11936122490672368]
114,12,2456,2,0.00835089639206234,2.6641945965945504,True,False,"[7, 16]","[0.12637117607486323, 0.184620563665818]"
114,15,1800,1,0.010975633780064378,1.9789069854753705,True,False,[7],[0.11752630353136317]
114,16,941,1,0.011307686528483442,2.6160561272790894,True,False,[11],[0.1262432570423614]
114,18,849,1,0.01091295977559354,2.0096947442466337,True,False,[12],[0.07138413016567026]
114,21,1197,1,0.009180111150654908,4.083557083070662,True,False,[7],[0.10458331511868489]
115,0,2346,1,0.009133579492504507,2.3738654504223744,True,False,[8],[0.08251698902399142]
115,3,2110,1,0.011500502896552632,1.8544412044551652,True,False,[5],[0.0912893931578533]
115,6,2170,1,0.007671688967887554,4.30722800250711,True,False,[7],[0.09363322633202062]
115,12,2456,1,0.011074141177012269,2.7039877694080334,True,False,[5],[0.11537968017091635]
115,16,941,1,0.010542474704057033,2.6367085094499285,True,False,[8],[0.16798040285760243]
115,18,849,1,0.00870308536996318,2.052765716861805,True,False,[7],[0.10427070829222392]
115,20,2686,1,0.013062221646911216,2.839898168581043,True,False,[8],[0.11435626573153763]
115,21,1197,1,0.008152736048603492,4.166795360583569,True,False,[7],[0.09105454690186512]
116,0,2346,1,0.010096946483324381,2.4094934482880186,True,False,[8],[0.08904980545985454]
116,13,2456,1,0.010105142381129237,2.702035442558311,True,False,[11],[0.13207785668351246]
116,15,1824,1,0.011605570650943869,1.8840008241863107,True,False,[8],[0.10820528306508288]
116,19,849,1,0.010829537205744064,2.0957720052120306,True,False,[5],[0.11610022573073575]
116,21,2686,1,0.010638906325063651,2.838703419143975,True,False,[8],[0.12440057862204446]
116,23,1680,1,0.010798948148341935,2.1529541668269574,True,False,[8],[0.11712341984067236]
117,1,2010,1,0.009883717295258474,2.2111801138006237,True,False,[8],[0.09435133918014883]
117,6,2500,1,0.012337948099626102,2.011239862731362,True,False,[5],[0.1086777774502575]
117,8,1722,1,0.01282426723066313,1.965482558680715,True,False,[8],[0.17907635400818636]
117,13,2456,1,0.011015369896527367,2.7536146953760645,True,False,[5],[0.16650294880357258]
117,14,1899,1,0.0136276390141133,2.0988241207137497,True,False,[15],[0.06772867864062938]
117,16,1800,1,0.01010241897084763,2.0102702427460337,True,False,[8],[0.15000761919719174]
117,17,941,1,0.01074970825644077,2.6594935829185733,True,False,[11],[0.0914192942695045]
117,19,849,2,0.007848644532605831,2.118986749818888,True,False,"[7, 12]","[0.09203483100775134, 0.09601679076360255]"
117,21,2792,1,0.016208765343604607,1.9818968819630558,True,False,[15],[0.07530323130030935]
117,22,1197,1,0.00773481921041919,4.256399104437393,True,False,[7],[0.10237073317025974]
118,3,2110,1,0.011141500026533033,1.8997593524918603,True,False,[5],[0.08601095666023284]
118,4,920,1,0.0128938893490828,2.0142140189092235,True,False,[5],[0.11853163018134306]
118,6,2500,1,0.012268318016449831,2.0401063003774134,True,False,[5],[0.10128618119272761]
118,7,2170,1,0.012150639263291388,4.367121864021188,True,False,[5],[0.1496970353175756]
118,8,1722,1,0.011608657275599664,2.0027893638928496,True,False,[5],[0.12327728995874102]
118,12,1477,1,0.013252034562955702,2.668701058865434,True,False,[15],[0.11669609150334269]
118,13,2456,1,0.01086696906276187,2.807809282841861,True,False,[5],[0.15419501504783156]
118,16,1800,1,0.010916206995958666,2.0104838026048792,True,False,[15],[0.0674728877910716]
118,19,849,1,0.011529194230805393,2.118089389806125,True,False,[12],[0.09876336782145212]
118,21,2792,1,0.01130555622065614,1.9824469102774156,True,False,[15],[0.06979263408857636]
119,5,2765,1,0.05543223572568889,2.0718479701660364,True,False,[15],[0.08260907902838387]
119,12,1477,2,0.0074211017872569274,2.700116793421919,True,False,"[7, 15]","[0.1293015332232359, 0.13459539752606908]"
119,13,2456,1,0.01029584046198989,2.8129877391373608,True,False,[11],[0.13628238646230806]
119,15,1824,1,0.011011568344771213,1.8858597065684197,True,False,[8],[0.1022384478887604]
119,16,1800,1,0.011674808921984059,2.006488823658778,True,False,[15],[0.06736573617771376]
119,17,941,1,0.011162224523247595,2.6820466107012377,True,False,[11],[0.11856683862760596]
119,19,849,1,0.010023296649851103,2.1662245758690957,True,False,[5],[0.10776993415531215]
119,22,1197,1,0.01265977499811561,4.328823450858332,True,False,[5],[0.1089764494192633]
120,0,2346,2,0.00884015078777305,2.421652141972893,True,False,"[8, 12]","[0.10000745065776949, 0.07712019684048499]"
120,1,2010,1,0.010062642630263945,2.229363756031565,True,False,[8],[0.09143031792795363]
120,5,2765,1,0.009385960327765935,2.0821492719032064,True,False,[15],[0.0739461414445838]
120,7,2170,1,0.008117286509399994,4.458075678256201,True,False,[7],[0.13098209487188892]
120,8,2858,1,0.05074102545289597,1.882895484157133,True,False,[7],[0.11588163758277559]
120,9,1722,1,0.011695905667029305,2.0158808380486737,True,False,[15],[0.08144774012116163]
120,16,1899,1,0.011388667683954709,2.095945133798704,True,False,[15],[0.06543242152452154]
120,19,941,1,0.010148922789209912,2.7406303820360285,True,False,[5],[0.11020299296862587]
121,1,2010,1,0.012169177445706171,2.2288802984461915,True,False,[15],[0.1033738789191323]
121,6,2765,1,0.010876965836972632,2.097123520387864,True,False,[15],[0.08274987937683251]
121,12,1956,1,0.009762036889330373,2.0126562788388402,True,False,[8],[0.09148017874582677]
121,16,2456,2,0.009476452424689304,2.862753147125558,True,False,"[7, 16]","[0.09322697391136198, 0.08089888908682881]"
121,19,1800,3,0.006740766265516275,2.0254704115584357,True,False,"[7, 8, 15]","[0.09175212189689909, 0.11802632370355814, 0.07420076066035884]"
121,20,941,1,0.010155165101671415,2.7882351509823504,True,False,[5],[0.08490163727874571]
122,0,2346,1,0.012645256958379448,2.425488680510607,True,False,[12],[0.07286751984875553]
122,6,2765,1,0.010268203292982146,2.1177027183140185,True,False,[15],[0.07352408089702607]
122,9,2858,1,0.011748186219620378,1.8975757907235102,True,False,[7],[0.10506488690744253]
122,16,2456,1,0.010657150542692288,2.8633753115971485,True,False,[11],[0.1333806809948863]
122,19,1800,1,0.009869966463226049,2.0567259975554846,True,False,[8],[0.11919745784961162]
122,20,941,1,0.010853826491553942,2.830934142440725,True,False,[7],[0.11438945482387322]
123,0,2346,1,0.011561099202185243,2.450275187707008,True,False,[8],[0.09821280994223866]
123,1,2010,1,0.009861439774123416,2.2519496455731227,True,False,[8],[0.08487244867912187]
123,5,920,1,0.011847629592583056,2.052209007036198,True,False,[5],[0.11688253795561034]
123,16,2456,1,0.008070241883501235,2.9286455551151063,True,False,[7],[0.09092793408651362]
123,17,1899,1,0.009717315504008422,2.1304367837345657,True,False,[7],[0.13036952787746048]
123,21,941,1,0.009913190375227908,2.8830844559629485,True,False,[7],[0.0983805919555656]
124,0,2346,1,0.012410876222790175,2.4530690132689585,True,False,[12],[0.07131347358093391]
124,8,2170,1,0.006501574564325095,4.558663894441925,True,False,[7],[0.10633241535942209]
124,9,2858,1,0.012032027127543423,1.9294131019142873,True,False,[5],[0.10137728017538003]
124,10,1722,1,0.009060182361745805,2.052618011593755,True,False,[8],[0.10907697722912431]
124,16,2456,1,0.010807244747781114,2.974767651872676,True,False,[5],[0.1598153870214339]
124,18,1824,1,0.009206803411549648,1.9241794363966764,True,False,[7],[0.09664837011817451]
124,20,1800,1,0.01166492414642806,2.057426167026686,True,False,[15],[0.1001970551420907]
124,21,941,1,0.010028910459078636,2.9388592575420236,True,False,[7],[0.09904295353832272]
125,1,2010,1,0.010813227561846698,2.275022630159264,True,False,[8],[0.08525887446725824]
125,9,2858,1,0.011921682583308842,1.9626291407139782,True,False,[5],[0.0988856563734755]
125,10,1722,1,0.010596757979814853,2.0706397125382647,True,False,[7],[0.1139012435925647]
125,12,1956,1,0.009589399033439321,2.0486149835185747,True,False,[8],[0.08636598427980886]
125,16,2456,2,0.00805989464557536,3.0240329796433127,True,False,"[7, 8]","[0.1060433993738755, 0.1654397803329687]"
125,20,1800,1,0.011308085926997509,2.059658616159635,True,False,[15],[0.08721241961179413]
125,21,941,1,0.00972320957024472,3.0032744093963366,True,False,[5],[0.09499209656907472]
126,0,2346,2,0.009156649947743805,2.463778094960796,True,False,"[8, 12]","[0.10256326170825415, 0.07733443751114633]"
126,16,2456,1,0.010412492616067385,3.024668481955965,True,False,[11],[0.13966391001677816]
126,17,1899,1,0.009840132052043982,2.1646351490886055,True,False,[7],[0.12365245989619976]
126,19,2945,1,0.051011562245987074,2.259272304278328,True,False,[8],[0.10933408347066043]
126,20,1800,2,0.007833667067557368,2.0660984873695987,True,False,"[8, 15]","[0.10807365217509408, 0.08175363821943997]"
126,21,941,1,0.009641545456378029,3.010560690829875,True,False,[8],[0.12309912005303977]
127,0,3028,1,0.11598609172696871,3.0208431690161093,True,False,[8],[0.09223088935068871]
127,1,2450,1,0.011920795442744657,1.8148069636719113,True,False,[8],[0.08358298639666625]
127,5,2765,1,0.008914718066139799,2.138321046454937,True,False,[15],[0.07410132604783973]
127,9,2346,1,0.013413586752390004,2.4664439143089636,True,False,[12],[0.07234028026327141]
127,15,2456,1,0.009723595287093476,3.0395269431963015,True,False,[11],[0.12839051278420877]
127,16,1899,1,0.010303912339304187,2.1987834306342084,True,False,[8],[0.16101645566508271]
128,9,2346,1,0.012615993261265394,2.4681080421199844,True,False,[12],[0.07276007781256413]
128,10,2010,1,0.008697050124374595,2.3166212212528037,True,False,[8],[0.1014583412491547]
128,15,2456,2,0.0076480550650224206,3.0491108282577484,True,False,"[11, 16]","[0.1330089451266482, 0.235687782655295]"
128,20,941,1,0.011147345766728883,3.0508068345974992,True,False,[7],[0.1392736520009719]
128,22,3032,1,0.007614572434893135,4.665889485875559,True,False,[7],[0.09396956867343594]
129,7,2170,1,0.011968789488537154,4.630304601773787,True,False,[5],[0.13365863829205865]
129,9,2346,2,0.007809432697987721,2.4901576472864217,True,False,"[8, 12]","[0.09488295936002025, 0.07731627462852006]"
129,15,2456,1,0.012119170144726348,3.0485973750040345,True,False,[16],[0.23584064458701356]
129,18,1722,1,0.011890221593912334,2.101024110834288,True,False,[8],[0.11204974312560487]
129,20,941,1,0.010495507050780303,3.1001311957250595,True,False,[7],[0.12598994077611317]
130,7,2170,1,0.011868270672722121,4.707912197097444,True,False,[5],[0.12070850184187197]
130,9,2346,1,0.012131247740025723,2.48450068781101,True,False,[7],[0.11495573005709252]
130,16,2456,2,0.007847096376189069,3.0580729001233755,True,False,"[11, 16]","[0.12159122934979806, 0.09393333405421923]"
130,21,941,2,0.006475459128620352,3.1301066669964133,True,False,"[7, 11]","[0.08988011309843807, 0.10052258387268756]"
131,5,2765,1,0.008801765700637093,2.1620990019302053,True,False,[15],[0.06805104149946914]
131,9,2346,1,0.01204619485471059,2.4917402747542923,True,False,[12],[0.07256410960639958]
131,16,2456,1,0.009060701291726229,3.1259112852481477,True,False,[7],[0.12823203171042552]
132,0,3028,1,0.012788591782649884,3.037089728635278,True,False,[12],[0.06964426949205398]
132,10,2346,1,0.012176672670868104,2.4964295452452445,True,False,[12],[0.048847923851431]
132,17,2456,1,0.010292454784426688,3.1908181248496548,True,False,[5],[0.12286043957787861]
132,18,1899,1,0.012614625976347514,2.2001401308958695,True,False,[15],[0.0710626363519299]
132,20,1722,1,0.012978472783450282,2.1004116338972696,True,False,[15],[0.08060845244384543]
133,3,2865,1,0.06758550685481327,2.30676931133598,True,False,[8],[0.11953305755220543]
133,17,2456,1,0.009643738592041597,3.255725840922847,True,False,[5],[0.12868607425846806]
133,18,1899,1,0.00921775710831537,2.2221493140860287,True,False,[7],[0.09177990366975079]
133,21,941,1,0.00812809883968759,3.1871290726789416,True,False,[7],[0.08859838442304377]
134,5,2765,1,0.008860485523671437,2.1879977426294324,True,False,[15],[0.06402509314231665]
134,10,2346,1,0.011234702791274863,2.4963018057091633,True,False,[12],[0.04478787864351813]
134,17,2456,1,0.009161952088811197,3.321268514288935,True,False,[5],[0.11672577378535894]
134,20,1722,1,0.01284945707997506,2.1012111248307805,True,False,[15],[0.07969911126461822]
135,0,3028,1,0.013107568293295221,3.0523980580303576,True,False,[12],[0.06279870625399976]
135,5,2765,1,0.011554507567956578,2.2149714955159916,True,False,[5],[0.10851598596692959]
135,10,2346,1,0.008368171200927414,2.550473982506488,True,False,[8],[0.09962963758407939]
135,18,2456,1,0.008761706789524553,3.4030274423431925,True,False,[5],[0.0998678172663058]
135,22,941,1,0.008635638571523052,3.246065277171508,True,False,[7],[0.10704985597935106]
136,7,2170,1,0.007602171406897621,4.807936246471676,True,False,[7],[0.11814862397018068]
136,8,2858,1,0.012151686898451086,1.9972706280796322,True,False,[5],[0.11261383058699412]
136,10,2346,1,0.0115486767457725,2.550195953825524,True,False,[12],[0.04391631790894436]
136,13,3234,1,0.06404672994539302,2.5197715524930246,True,False,[5],[0.1479824298919135]
136,18,2456,1,0.00932021754392145,3.4831022662503175,True,False,[5],[0.10256653521640978]
137,4,3285,1,0.08753342113296679,2.528972103005678,True,False,[15],[0.06939138966913037]
137,6,2765,1,0.010207852772697774,2.246623126199852,True,False,[15],[0.068358796029752]
137,10,3164,1,0.01743011446512745,2.0773941924026733,True,False,[8],[0.09149080857134258]
137,11,2346,2,0.007541755631901938,2.5763498721149087,True,False,"[8, 12]","[0.11637714076472214, 0.11790370496355838]"
137,19,2456,1,0.010129536083572342,3.553582625784315,True,False,[5],[0.11583771410983905]
137,23,1722,2,0.008017293056695858,2.1295601146330783,True,False,"[8, 15]","[0.10515995678611775, 0.10577885237023817]"
138,4,3285,1,0.011201005373149286,2.5519386905975745,True,False,[15],[0.06435920237991151]
138,11,2346,2,0.008085247189231277,2.600624080750453,True,False,"[8, 12]","[0.11307926706354274, 0.1095183807030213]"
138,19,2456,1,0.010545701352558022,3.551634093942756,True,False,[11],[0.1244836996886655]
138,22,3244,1,0.04679564534418485,2.085378245281742,True,False,[15],[0.05807799875881925]
139,4,3285,1,0.010760022008331626,2.584387324448822,True,False,[15],[0.05856227820464146]
139,11,2346,1,0.011720799845881254,2.6005372343823066,True,False,[12],[0.10865255312039755]
139,20,2456,2,0.006620437561114619,3.583293193959331,True,False,"[7, 11]","[0.11193173654231432, 0.1259145273100383]"
140,11,2346,2,0.00794251733734549,2.596464151171702,True,False,"[12, 17]","[0.09392226833343674, 0.02852852310874293]"
141,0,3028,1,0.01232687542466643,3.052941219988319,True,False,[8],[0.08772323659868486]
141,11,2346,1,0.012120189011406126,2.5968704664364353,True,False,[15],[0.12150372430012682]
141,20,2456,1,0.012422668757517349,3.5867543691411172,True,False,[16],[0.11604410124802428]
142,0,3028,1,0.012176075190314701,3.0539965319606472,True,False,[8],[0.07969560126330304]
142,20,2456,1,0.00899013152784906,3.5872193072792826,True,False,[11],[0.12875325129847398]
143,11,2346,1,0.01011669406344165,2.5952043364840485,True,False,[12],[0.08887789219973964]
144,7,2765,1,0.010235252485591522,2.28942141629337,True,False,[15],[0.10074609740342072]
145,11,2346,1,0.01084622069678755,2.594865858726618,True,False,[12],[0.09864064397428686]
146,0,3028,1,0.012206819735418983,3.0565123233388185,True,False,[8],[0.07402232405730205]
147,8,2765,1,0.010873868348996962,2.310365298301336,True,False,[15],[0.13851689385195073]
147,20,2170,1,0.008736470913837845,4.904061855324268,True,False,[7],[0.10144637452206798]
147,22,3508,1,0.07544720586127766,2.9373354012203614,True,False,[8],[0.08405771433651696]
148,5,3285,1,0.009590222151697879,2.598431418702061,True,False,[15],[0.06025232534336067]
148,22,3508,2,0.007453934148682567,2.94668821212866,True,False,"[8, 15]","[0.07748021007076616, 0.049560287832922705]"
149,12,2346,1,0.009647534053518083,2.593664085194559,True,False,[12],[0.060323993093614664]
149,22,3508,1,0.009934685043586869,2.9636055852748737,True,False,[15],[0.045142620146390464]
150,13,2346,1,0.010991326541196571,2.594501543691619,True,False,[12],[0.12185638808170557]
151,13,2346,2,0.006959700754202349,2.6207406086589824,True,False,"[8, 12]","[0.10015617622722803, 0.10894208844200878]"
152,14,2346,1,0.009196674962953651,2.682763609914319,True,False,[5],[0.13764384829573031]
153,14,2346,1,0.011946439104947255,2.6850146049856694,True,False,[12],[0.07823436464215115]
153,15,2010,1,0.009352307660863684,2.3574392867049023,True,False,[8],[0.09258171568705673]
153,22,3508,1,0.009786004063049596,2.980471765231466,True,False,[15],[0.04044478185161374]
154,7,2765,1,0.009763408015200892,2.357092119032128,True,False,[15],[0.08955505722518842]
154,11,2346,1,0.009556271683915969,2.6917892359098756,True,False,[12],[0.08938400162267882]
154,21,3508,1,0.009381308905057093,2.994186501768649,True,False,[15],[0.06333894203130913]
157,14,2346,1,0.010418283074135365,2.696808878841282,True,False,[12],[0.06792691898702188]
158,15,2346,1,0.009087526422574141,2.6976179510959297,True,False,[12],[0.09119052079095023]
165,21,3899,1,0.08930094159801485,2.734044219234675,True,False,[15],[0.056636591060487865]
170,21,3899,1,0.008414832765246657,2.7770429945412185,True,False,[15],[0.051635800388311885]
171,20,3899,1,0.009862525889613139,2.787508524029278,True,False,[15],[0.07172602626974416]
194,23,4655,1,0.10026676013673223,3.11019306670372,True,False,[15],[0.09344472844682165]
264,9,6322,1,0.03569817780678645,7.8314687624655885,True,False,[5],[0.09170220183559867]
270,21,6356,1,0.031812920397115106,7.644122943690589,True,False,[8],[0.12255584742158132]
271,23,6356,1,0.03258405972732895,7.79858766605076,True,False,[7],[0.1373317886815711]
274,12,6290,1,0.030514873386310617,6.233137109532974,True,False,[8],[0.08512610416407866]
276,7,6252,1,0.02510025331951156,6.376699045119187,True,False,[7],[0.11360150779961209]
277,6,6448,1,0.05339480068603522,7.7838701854868,True,False,[5],[0.09294633017544526]
277,18,6486,1,0.06175600894818965,6.419864183430567,True,False,[5],[0.097434716699814]
277,21,6330,1,0.022360584012909697,6.28933124186617,True,False,[5],[0.08755017679980338]
278,6,6448,1,0.02889826221162637,7.921714026808351,True,False,[5],[0.09002484821837993]
280,0,6496,1,0.12220851956723157,6.343464911303747,True,False,[8],[0.07297501076055496]
280,6,6448,1,0.04009703306287956,7.894131810305588,True,False,[15],[0.07748401244927167]
280,19,6534,1,0.12232267781262804,7.7781628990747675,True,False,[7],[0.10177511243646616]
283,1,6445,1,0.026557722148143715,6.313060209347443,True,False,[7],[0.10007147638673747]
284,1,6496,1,0.02625520328645716,6.474401063058954,True,False,[7],[0.09138622529944708]
284,8,6448,1,0.02319130056717247,8.082983779833633,True,False,[7],[0.10068443976915153]
285,7,6279,1,0.02558900890046019,6.415584057961945,True,False,[7],[0.11140945613628274]
286,8,6448,1,0.031726575081972755,8.228328932638831,True,False,[5],[0.10644968796977118]
287,2,6445,1,0.024785567586038244,6.469675999923544,True,False,[5],[0.09244246546926703]
288,15,6485,1,0.04270007894542186,7.81125124572975,True,False,[7],[0.11167068489267884]
290,1,6496,1,0.026204214855978594,6.6131222360780555,True,False,[7],[0.08785539770284101]
292,4,6985,1,0.42424271726759305,8.200007556509822,True,False,[15],[0.05619567125217734]
293,7,6448,2,0.02497626010928199,8.227240648201787,True,False,"[12, 15]","[0.17737830657586603, 0.10191097589438099]"
308,6,6448,1,0.02820718526159343,8.37522073825099,True,False,[5],[0.08675593568888249]
308,14,6985,1,0.05325943613062902,8.188169570169109,True,False,[15],[0.06484319700913675]
