generation,mu,mean_sigma,min_sigma,max_sigma,mean_psucc,min_psucc,max_psucc,gens_silent,sigma_floor_active,archive_size,archive_eps_culled_gen,archive_eps_culled_total,n_pitot3_sentinels,n_spark_sentinels,n_both_sentinels,n_sentinels,lineage_0,lineage_1,lineage_2,lineage_3,lineage_4,lineage_5,lineage_6,lineage_7,lineage_8,lineage_9,lineage_10,lineage_11,lineage_12,lineage_13,lineage_14,lineage_15,lineage_16,lineage_17,lineage_18,lineage_19,lineage_20,lineage_21,lineage_22,lineage_23,sigma_0,sigma_1,sigma_2,sigma_3,sigma_4,sigma_5,sigma_6,sigma_7,sigma_8,sigma_9,sigma_10,sigma_11,sigma_12,sigma_13,sigma_14,sigma_15,sigma_16,sigma_17,sigma_18,sigma_19,sigma_20,sigma_21,sigma_22,sigma_23,psucc_0,psucc_1,psucc_2,psucc_3,psucc_4,psucc_5,psucc_6,psucc_7,psucc_8,psucc_9,psucc_10,psucc_11,psucc_12,psucc_13,psucc_14,psucc_15,psucc_16,psucc_17,psucc_18,psucc_19,psucc_20,psucc_21,psucc_22,psucc_23
1,24,0.10033161882986252,0.09953810705865762,0.10210518621451076,0.19255050505050506,0.16666666666666666,0.25,0,False,5,0,0,0,0,0,0,0,7,16,17,19,13,12,4,8,28,20,21,47,2,22,14,10,15,23,11,6,5,18,3,0.1,0.1,0.1,0.1,0.1,0.1,0.1,0.10210518621451076,0.1,0.10210518621451076,0.1,0.1,0.10210518621451076,0.1,0.1,0.1,0.1,0.1,0.10210518621451076,0.09953810705865762,0.1,0.1,0.1,0.1,0.18181818181818182,0.18181818181818182,0.18181818181818182,0.18181818181818182,0.18181818181818182,0.18181818181818182,0.18181818181818182,0.25,0.18181818181818182,0.25,0.18181818181818182,0.18181818181818182,0.25,0.18181818181818182,0.18181818181818182,0.18181818181818182,0.18181818181818182,0.18181818181818182,0.25,0.16666666666666666,0.18181818181818182,0.18181818181818182,0.18181818181818182,0.18181818181818182
2,24,0.10104170337756546,0.09865876712893568,0.10626479815687233,0.21012205387205388,0.15277777777777776,0.3125,0,False,5,0,0,0,0,0,0,0,7,16,17,19,13,55,4,12,50,28,52,8,2,22,14,20,21,47,10,15,23,11,6,0.1,0.1,0.10210518621451076,0.09953810705865762,0.10210518621451076,0.1,0.10626479815687233,0.10626479815687233,0.1,0.10210518621451076,0.10210518621451076,0.10210518621451076,0.1,0.09953810705865762,0.1,0.1,0.1,0.1,0.10210518621451076,0.1,0.1,0.10210518621451076,0.09865876712893568,0.1,0.18181818181818182,0.18181818181818182,0.25,0.16666666666666666,0.25,0.18181818181818182,0.3125,0.3125,0.18181818181818182,0.25,0.25,0.25,0.18181818181818182,0.16666666666666666,0.18181818181818182,0.18181818181818182,0.18181818181818182,0.18181818181818182,0.25,0.18181818181818182,0.18181818181818182,0.25,0.15277777777777776,0.18181818181818182
3,24,0.10149529933758948,0.09865876712893568,0.10626479815687233,0.21880260942760943,0.15277777777777776,0.3125,0,False,6,0,0,0,0,0,0,0,7,76,16,17,19,13,55,4,12,50,28,52,8,2,22,14,20,21,47,10,15,23,6,0.1,0.1,0.10626479815687233,0.10210518621451076,0.09953810705865762,0.10626479815687233,0.1,0.10626479815687233,0.10626479815687233,0.1,0.10210518621451076,0.10210518621451076,0.10210518621451076,0.1,0.09865876712893568,0.1,0.1,0.1,0.1,0.10210518621451076,0.1,0.1,0.10210518621451076,0.1,0.18181818181818182,0.18181818181818182,0.3125,0.25,0.16666666666666666,0.3125,0.18181818181818182,0.3125,0.3125,0.18181818181818182,0.25,0.25,0.25,0.18181818181818182,0.15277777777777776,0.18181818181818182,0.18181818181818182,0.18181818181818182,0.18181818181818182,0.25,0.18181818181818182,0.18181818181818182,0.25,0.18181818181818182
4,24,0.10154452435141555,0.09865876712893568,0.10626479815687233,0.22038089225589227,0.15277777777777776,0.3125,0,False,6,0,0,0,0,0,0,0,7,76,16,17,19,13,55,4,12,50,28,111,52,8,2,22,14,20,21,47,10,15,6,0.1,0.1,0.10626479815687233,0.10210518621451076,0.09953810705865762,0.10626479815687233,0.1,0.10626479815687233,0.10626479815687233,0.09953810705865762,0.10210518621451076,0.10210518621451076,0.10210518621451076,0.10210518621451076,0.1,0.09865876712893568,0.10210518621451076,0.1,0.1,0.1,0.10210518621451076,0.09953810705865762,0.1,0.1,0.18181818181818182,0.18181818181818182,0.3125,0.25,0.16666666666666666,0.3125,0.18181818181818182,0.3125,0.3125,0.16666666666666666,0.25,0.25,0.25,0.25,0.18181818181818182,0.15277777777777776,0.25,0.18181818181818182,0.18181818181818182,0.18181818181818182,0.25,0.16666666666666666,0.18181818181818182,0.18181818181818182
5,24,0.10219796648792744,0.09865876712893568,0.10626479815687233,0.23329650673400673,0.15277777777777776,0.3125,0,False,6,0,0,0,0,0,0,0,7,76,16,17,19,13,55,121,4,12,50,28,141,111,52,8,2,22,131,20,21,15,14,0.1,0.10210518621451076,0.10626479815687233,0.1035931400515108,0.09953810705865762,0.10626479815687233,0.1,0.10626479815687233,0.10210518621451076,0.10626479815687233,0.09953810705865762,0.10210518621451076,0.10626479815687233,0.10120316818419796,0.10210518621451076,0.10210518621451076,0.1,0.09865876712893568,0.10210518621451076,0.10626479815687233,0.1,0.1,0.1,0.1,0.18181818181818182,0.25,0.3125,0.22916666666666666,0.16666666666666666,0.3125,0.18181818181818182,0.3125,0.25,0.3125,0.16666666666666666,0.25,0.3125,0.2361111111111111,0.25,0.25,0.18181818181818182,0.15277777777777776,0.25,0.3125,0.18181818181818182,0.18181818181818182,0.18181818181818182,0.18181818181818182
6,24,0.10235168553941988,0.09740752514513804,0.10971734353948906,0.230812903338945,0.14004629629629628,0.3125,0,False,6,0,0,0,0,0,0,0,7,76,16,17,19,13,55,121,4,12,50,28,141,111,52,8,2,22,131,20,21,15,14,0.1,0.10210518621451076,0.10626479815687233,0.1035931400515108,0.09953810705865762,0.10626479815687233,0.1,0.10626479815687233,0.10210518621451076,0.10626479815687233,0.09953810705865762,0.1035931400515108,0.10971734353948906,0.10120316818419796,0.10210518621451076,0.10210518621451076,0.1,0.09740752514513804,0.10210518621451076,0.10626479815687233,0.1,0.1,0.1,0.1,0.18181818181818182,0.25,0.3125,0.22916666666666666,0.16666666666666666,0.3125,0.18181818181818182,0.3125,0.25,0.3125,0.16666666666666666,0.22916666666666666,0.2864583333333333,0.2361111111111111,0.25,0.25,0.18181818181818182,0.14004629629629628,0.25,0.3125,0.18181818181818182,0.18181818181818182,0.18181818181818182,0.18181818181818182
7,24,0.10256613035396284,0.09582981353248936,0.10971734353948906,0.233641025416199,0.12837577160493824,0.3125,0,False,6,0,0,0,0,0,0,0,7,76,16,17,19,13,55,121,4,12,50,168,28,141,111,52,8,2,22,131,20,15,14,0.10210518621451076,0.1035931400515108,0.10626479815687233,0.1035931400515108,0.09953810705865762,0.10626479815687233,0.1,0.10626479815687233,0.1035931400515108,0.10626479815687233,0.09953810705865762,0.1035931400515108,0.10210518621451076,0.10971734353948906,0.10120316818419796,0.10210518621451076,0.10210518621451076,0.1,0.09582981353248936,0.10210518621451076,0.10626479815687233,0.1,0.1,0.09953810705865762,0.25,0.22916666666666666,0.3125,0.22916666666666666,0.16666666666666666,0.3125,0.18181818181818182,0.3125,0.22916666666666666,0.3125,0.16666666666666666,0.22916666666666666,0.25,0.2864583333333333,0.2361111111111111,0.25,0.25,0.18181818181818182,0.12837577160493824,0.25,0.3125,0.18181818181818182,0.18181818181818182,0.16666666666666666
8,24,0.1030982510995993,0.09639345958059353,0.10971734353948906,0.24589786512891257,0.16666666666666666,0.3125,0,False,7,0,0,0,0,0,0,208,0,7,76,16,17,19,13,55,214,121,4,12,210,50,168,28,141,111,52,8,2,22,131,0.10626479815687233,0.10210518621451076,0.1035931400515108,0.10626479815687233,0.10449126110942733,0.09953810705865762,0.10626479815687233,0.09953810705865762,0.10626479815687233,0.10210518621451076,0.10449126110942733,0.10626479815687233,0.09953810705865762,0.09639345958059353,0.1035931400515108,0.1035931400515108,0.10971734353948906,0.10120316818419796,0.10210518621451076,0.10626479815687233,0.1,0.09639345958059353,0.10210518621451076,0.10626479815687233,0.3125,0.25,0.22916666666666666,0.3125,0.21006944444444442,0.16666666666666666,0.3125,0.16666666666666666,0.3125,0.25,0.21006944444444442,0.3125,0.16666666666666666,0.2010111239711934,0.22916666666666666,0.22916666666666666,0.2864583333333333,0.2361111111111111,0.25,0.3125,0.18181818181818182,0.2010111239711934,0.25,0.3125
9,24,0.10390898884370668,0.09865876712893568,0.10971734353948906,0.2511449908112114,0.15277777777777776,0.3125,0,False,7,0,0,0,0,0,0,208,0,7,76,16,17,19,13,55,214,121,4,12,210,50,168,28,141,111,52,8,229,131,220,0.10626479815687233,0.10210518621451076,0.1035931400515108,0.10971734353948906,0.10753858838607169,0.09953810705865762,0.10626479815687233,0.09865876712893568,0.10626479815687233,0.10210518621451076,0.10449126110942733,0.10626479815687233,0.09953810705865762,0.09895324708291547,0.10449126110942733,0.10449126110942733,0.10971734353948906,0.10120316818419796,0.1035931400515108,0.10626479815687233,0.1,0.09895324708291547,0.10626479815687233,0.10753858838607169,0.3125,0.25,0.22916666666666666,0.2864583333333333,0.2758969907407407,0.16666666666666666,0.3125,0.15277777777777776,0.3125,0.25,0.21006944444444442,0.3125,0.16666666666666666,0.2675935303069273,0.21006944444444442,0.21006944444444442,0.2864583333333333,0.2361111111111111,0.22916666666666666,0.3125,0.18181818181818182,0.2675935303069273,0.3125,0.2758969907407407
10,24,0.10402321537086302,0.09865876712893568,0.11245878019124139,0.25015034382047063,0.15277777777777776,0.3125,0,False,7,0,0,0,0,0,0,208,0,7,76,16,17,19,13,55,214,121,4,12,210,50,168,28,141,111,52,8,229,131,220,0.10626479815687233,0.10210518621451076,0.1035931400515108,0.10971734353948906,0.10753858838607169,0.09953810705865762,0.10626479815687233,0.09865876712893568,0.10626479815687233,0.10210518621451076,0.10449126110942733,0.10626479815687233,0.09953810705865762,0.09895324708291547,0.10449126110942733,0.10449126110942733,0.11245878019124139,0.10120316818419796,0.1035931400515108,0.10626479815687233,0.1,0.09895324708291547,0.10626479815687233,0.10753858838607169,0.3125,0.25,0.22916666666666666,0.2864583333333333,0.2758969907407407,0.16666666666666666,0.3125,0.15277777777777776,0.3125,0.25,0.21006944444444442,0.3125,0.16666666666666666,0.2675935303069273,0.21006944444444442,0.21006944444444442,0.2625868055555555,0.2361111111111111,0.22916666666666666,0.3125,0.18181818181818182,0.2675935303069273,0.3125,0.2758969907407407
11,24,0.10506006099931858,0.09865876712893568,0.11450057213536757,0.250063330814224,0.15277777777777776,0.36979166666666663,0,False,7,0,0,0,0,0,0,208,0,7,76,16,17,19,13,55,214,121,4,12,210,50,168,28,141,111,264,8,229,131,52,0.11254694432213024,0.10210518621451076,0.1035931400515108,0.11245878019124139,0.10990000344505797,0.09953810705865762,0.10626479815687233,0.09865876712893568,0.10626479815687233,0.10210518621451076,0.10449126110942733,0.10971734353948906,0.09865876712893568,0.10089121901984408,0.10449126110942733,0.10449126110942733,0.11450057213536757,0.10120316818419796,0.1035931400515108,0.11254694432213024,0.1,0.10089121901984408,0.10626479815687233,0.10626479815687233,0.36979166666666663,0.25,0.22916666666666666,0.2625868055555555,0.25290557484567894,0.16666666666666666,0.3125,0.15277777777777776,0.3125,0.25,0.21006944444444442,0.2864583333333333,0.15277777777777776,0.24529406944801666,0.21006944444444442,0.21006944444444442,0.24070457175925922,0.2361111111111111,0.22916666666666666,0.36979166666666663,0.18181818181818182,0.24529406944801666,0.3125,0.3125
12,24,0.10545567367865046,0.09865876712893568,0.11450057213536757,0.24824426016398557,0.15277777777777776,0.36979166666666663,0,False,7,0,0,0,0,0,0,208,0,7,76,16,17,19,13,55,214,121,4,12,210,293,50,168,28,141,111,264,8,131,52,0.11254694432213024,0.10210518621451076,0.10449126110942733,0.11245878019124139,0.10990000344505797,0.10120316818419796,0.10626479815687233,0.09865876712893568,0.10971734353948906,0.1035931400515108,0.10449126110942733,0.10971734353948906,0.09865876712893568,0.10222664860231445,0.10120316818419796,0.10449126110942733,0.1048349052634947,0.11450057213536757,0.10120316818419796,0.1035931400515108,0.11254694432213024,0.1,0.10626479815687233,0.10626479815687233,0.36979166666666663,0.25,0.21006944444444442,0.2625868055555555,0.25290557484567894,0.2361111111111111,0.3125,0.15277777777777776,0.2864583333333333,0.22916666666666666,0.21006944444444442,0.2864583333333333,0.15277777777777776,0.22485289699401526,0.2361111111111111,0.21006944444444442,0.19256365740740738,0.24070457175925922,0.2361111111111111,0.22916666666666666,0.36979166666666663,0.18181818181818182,0.3125,0.3125
13,24,0.1056503207816869,0.09740752514513804,0.11450057213536757,0.2487402136221786,0.14004629629629628,0.36979166666666663,0,False,7,0,0,0,0,0,0,208,0,7,76,16,17,19,13,55,214,121,4,12,210,333,28,141,111,264,293,50,168,131,52,0.11254694432213024,0.10210518621451076,0.10449126110942733,0.11245878019124139,0.10990000344505797,0.1022793177746068,0.10626479815687233,0.09740752514513804,0.10971734353948906,0.1035931400515108,0.10449126110942733,0.11245878019124139,0.09865876712893568,0.10222664860231445,0.10210518621451076,0.11450057213536757,0.10120316818419796,0.1035931400515108,0.11254694432213024,0.10120316818419796,0.10449126110942733,0.1048349052634947,0.10626479815687233,0.10626479815687233,0.36979166666666663,0.25,0.21006944444444442,0.2625868055555555,0.25290557484567894,0.21643518518518517,0.3125,0.14004629629629628,0.2864583333333333,0.22916666666666666,0.21006944444444442,0.2625868055555555,0.15277777777777776,0.22485289699401526,0.25,0.24070457175925922,0.2361111111111111,0.22916666666666666,0.36979166666666663,0.2361111111111111,0.21006944444444442,0.19256365740740738,0.3125,0.3125
14,24,0.10615842380136613,0.09582981353248936,0.11808335442858496,0.24397846674074855,0.12837577160493824,0.36979166666666663,0,False,7,0,0,0,0,0,0,208,0,7,76,16,17,19,13,55,214,121,4,12,210,333,28,141,111,264,293,50,168,131,52,0.11254694432213024,0.10210518621451076,0.10449126110942733,0.11245878019124139,0.10990000344505797,0.1022793177746068,0.10626479815687233,0.09582981353248936,0.11245878019124139,0.1035931400515108,0.10449126110942733,0.11450057213536757,0.09865876712893568,0.10222664860231445,0.10210518621451076,0.11450057213536757,0.10120316818419796,0.1035931400515108,0.11808335442858496,0.10120316818419796,0.10449126110942733,0.1048349052634947,0.10971734353948906,0.10626479815687233,0.36979166666666663,0.25,0.21006944444444442,0.2625868055555555,0.25290557484567894,0.21643518518518517,0.3125,0.12837577160493824,0.2625868055555555,0.22916666666666666,0.21006944444444442,0.24070457175925922,0.15277777777777776,0.22485289699401526,0.25,0.24070457175925922,0.2361111111111111,0.22916666666666666,0.3389756944444444,0.2361111111111111,0.21006944444444442,0.19256365740740738,0.2864583333333333,0.3125
15,24,0.10799082582424602,0.09582981353248936,0.11885530094128567,0.2593752337696409,0.12837577160493824,0.36979166666666663,0,False,7,0,0,0,0,0,0,208,0,7,76,16,17,19,13,55,383,121,4,371,12,210,214,333,28,382,141,111,264,293,52,0.11254694432213024,0.10210518621451076,0.10449126110942733,0.11245878019124139,0.11159232948155068,0.1022793177746068,0.10626479815687233,0.09582981353248936,0.11245878019124139,0.11254694432213024,0.10449126110942733,0.11885530094128567,0.11885530094128567,0.09865876712893568,0.10222664860231445,0.1035931400515108,0.1035931400515108,0.11586709851082319,0.11535908238757993,0.1022793177746068,0.1035931400515108,0.11808335442858496,0.10120316818419796,0.11254694432213024,0.36979166666666663,0.25,0.21006944444444442,0.2625868055555555,0.23183011027520567,0.21643518518518517,0.3125,0.12837577160493824,0.2625868055555555,0.36979166666666663,0.21006944444444442,0.30397919077932095,0.30397919077932095,0.15277777777777776,0.22485289699401526,0.22916666666666666,0.22916666666666666,0.2206458574459876,0.34592013888888884,0.21643518518518517,0.22916666666666666,0.3389756944444444,0.2361111111111111,0.36979166666666663
16,24,0.10893479492144824,0.09396998189034132,0.11959996028591417,0.2620561130040909,0.11767779063786005,0.36979166666666663,0,False,7,0,0,0,0,0,0,208,0,7,76,16,17,19,13,55,401,383,121,4,371,12,210,214,333,28,382,141,111,264,52,0.11254694432213024,0.10210518621451076,0.10449126110942733,0.11245878019124139,0.11159232948155068,0.1022793177746068,0.10626479815687233,0.09396998189034132,0.11450057213536757,0.11959996028591417,0.11254694432213024,0.1048349052634947,0.11885530094128567,0.11885530094128567,0.09865876712893568,0.10222664860231445,0.1035931400515108,0.1035931400515108,0.11959996028591417,0.11535908238757993,0.1022793177746068,0.1035931400515108,0.11808335442858496,0.11254694432213024,0.36979166666666663,0.25,0.21006944444444442,0.2625868055555555,0.23183011027520567,0.21643518518518517,0.3125,0.11767779063786005,0.24070457175925922,0.2855920359921553,0.36979166666666663,0.19256365740740738,0.30397919077932095,0.30397919077932095,0.15277777777777776,0.22485289699401526,0.22916666666666666,0.22916666666666666,0.2855920359921553,0.34592013888888884,0.21643518518518517,0.22916666666666666,0.3389756944444444,0.36979166666666663
17,24,0.11022023642370364,0.09396998189034132,0.1259950672077194,0.26404000065078737,0.11767779063786005,0.3940610532407407,0,False,7,0,0,0,0,0,0,208,0,7,76,16,17,19,13,55,401,383,121,4,371,12,210,214,333,28,382,422,430,141,264,0.11254694432213024,0.10210518621451076,0.10449126110942733,0.11450057213536757,0.11159232948155068,0.1022793177746068,0.10626479815687233,0.09396998189034132,0.11586709851082319,0.1225585858736085,0.11808335442858496,0.1048349052634947,0.11885530094128567,0.11885530094128567,0.09991965677806096,0.10222664860231445,0.1035931400515108,0.1035931400515108,0.11959996028591417,0.11535908238757993,0.09991965677806096,0.1259950672077194,0.1022793177746068,0.1259950672077194,0.36979166666666663,0.25,0.21006944444444442,0.24070457175925922,0.23183011027520567,0.21643518518518517,0.3125,0.11767779063786005,0.2206458574459876,0.2617926996594757,0.3389756944444444,0.19256365740740738,0.30397919077932095,0.30397919077932095,0.22337962962962962,0.22485289699401526,0.22916666666666666,0.22916666666666666,0.2855920359921553,0.34592013888888884,0.22337962962962962,0.3940610532407407,0.21643518518518517,0.3940610532407407
18,24,0.11145262266742927,0.09396998189034132,0.1259950672077194,0.26978028802339216,0.11767779063786005,0.4004267939814814,0,False,6,0,0,0,0,0,0,208,451,444,16,17,19,0,7,76,401,383,449,13,55,214,121,4,371,12,210,333,28,422,430,0.11808335442858496,0.12332791642236789,0.12558169736564695,0.11159232948155068,0.1022793177746068,0.10626479815687233,0.10210518621451076,0.10449126110942733,0.11450057213536757,0.1225585858736085,0.11808335442858496,0.10718608167904842,0.09396998189034132,0.11659303599074845,0.1035931400515108,0.10466522051521766,0.12558169736564695,0.11885530094128567,0.10062269764031694,0.10222664860231445,0.10718608167904842,0.11959996028591417,0.09991965677806096,0.1259950672077194,0.3389756944444444,0.4004267939814814,0.36198092488104416,0.23183011027520567,0.21643518518518517,0.3125,0.25,0.21006944444444442,0.24070457175925922,0.2617926996594757,0.3389756944444444,0.2934027777777778,0.11767779063786005,0.20225870265882195,0.22916666666666666,0.1765166859567901,0.36198092488104416,0.30397919077932095,0.20476466049382713,0.22485289699401526,0.2934027777777778,0.2855920359921553,0.22337962962962962,0.3940610532407407
19,24,0.11175645711063605,0.09396998189034132,0.1259950672077194,0.26622813420101177,0.11767779063786005,0.4004267939814814,0,False,6,0,0,0,0,0,0,208,451,444,16,17,19,0,7,76,401,383,449,13,55,214,121,4,371,12,210,333,28,422,430,0.11808335442858496,0.12332791642236789,0.12558169736564695,0.11159232948155068,0.1022793177746068,0.10626479815687233,0.10210518621451076,0.10449126110942733,0.11450057213536757,0.1225585858736085,0.11808335442858496,0.10718608167904842,0.09396998189034132,0.11672084635472603,0.1035931400515108,0.10466522051521766,0.12558169736564695,0.12242438313298172,0.10062269764031694,0.10222664860231445,0.11007817489808147,0.11959996028591417,0.10062269764031694,0.1259950672077194,0.3389756944444444,0.4004267939814814,0.36198092488104416,0.23183011027520567,0.21643518518518517,0.3125,0.25,0.21006944444444442,0.24070457175925922,0.2617926996594757,0.3389756944444444,0.2934027777777778,0.11767779063786005,0.1854038107705868,0.22916666666666666,0.1765166859567901,0.36198092488104416,0.27864759154771085,0.20476466049382713,0.22485289699401526,0.2689525462962963,0.2855920359921553,0.20476466049382713,0.3940610532407407
20,24,0.11279492321415246,0.09396998189034132,0.1259950672077194,0.2686397702884233,0.11767779063786005,0.4004267939814814,0,False,7,0,0,0,0,0,0,501,451,444,16,17,495,19,208,0,7,76,401,383,449,13,55,214,121,4,371,12,210,333,430,0.12571936118332555,0.12332791642236789,0.12558169736564695,0.11159232948155068,0.1022793177746068,0.10671004582080644,0.10626479815687233,0.1228273602306248,0.1035931400515108,0.10449126110942733,0.11586709851082319,0.1225585858736085,0.11808335442858496,0.11007817489808147,0.09396998189034132,0.11672084635472603,0.1035931400515108,0.10671004582080644,0.12558169736564695,0.12242438313298172,0.10080373050769287,0.10222664860231445,0.11007817489808147,0.1259950672077194,0.3451260329928091,0.4004267939814814,0.36198092488104416,0.23183011027520567,0.21643518518518517,0.24514029546039093,0.3125,0.3107277199074074,0.22916666666666666,0.21006944444444442,0.2206458574459876,0.2617926996594757,0.3389756944444444,0.2689525462962963,0.11767779063786005,0.1854038107705868,0.22916666666666666,0.24514029546039093,0.36198092488104416,0.27864759154771085,0.1877009387860082,0.22485289699401526,0.2689525462962963,0.3940610532407407
21,24,0.11312880176140337,0.09187054913701001,0.1259950672077194,0.2698722276201651,0.10787130808470503,0.4004267939814814,0,False,7,0,0,0,0,0,0,501,451,444,16,17,495,19,208,0,7,76,401,383,449,13,507,214,55,121,4,371,12,210,430,0.12571936118332555,0.12332791642236789,0.12558169736564695,0.11554887716634459,0.1022793177746068,0.10671004582080644,0.10626479815687233,0.1228273602306248,0.1035931400515108,0.10449126110942733,0.11586709851082319,0.1225585858736085,0.11808335442858496,0.11007817489808147,0.09187054913701001,0.11554887716634459,0.1035931400515108,0.11629846186098394,0.10811783848274054,0.12558169736564695,0.12242438313298172,0.100503590273797,0.10222664860231445,0.1259950672077194,0.3451260329928091,0.4004267939814814,0.36198092488104416,0.2958442677522719,0.21643518518518517,0.24514029546039093,0.3125,0.3107277199074074,0.22916666666666666,0.21006944444444442,0.2206458574459876,0.2617926996594757,0.3389756944444444,0.2689525462962963,0.10787130808470503,0.2958442677522719,0.22916666666666666,0.1699534932063712,0.22471193750535834,0.36198092488104416,0.27864759154771085,0.17205919388717417,0.22485289699401526,0.3940610532407407
22,24,0.11332320626092146,0.09187054913701001,0.13147137429721062,0.27457794246529194,0.10787130808470503,0.4004267939814814,0,False,8,0,0,0,0,0,0,501,451,444,16,17,495,19,537,208,0,7,76,401,383,449,13,507,214,540,55,536,371,12,210,0.12571936118332555,0.12332791642236789,0.13147137429721062,0.11874779232316598,0.1022793177746068,0.10671004582080644,0.10626479815687233,0.10753858838607169,0.1228273602306248,0.10718608167904842,0.10753858838607169,0.11586709851082319,0.1225585858736085,0.1259950672077194,0.11007817489808147,0.09187054913701001,0.11554887716634459,0.1035931400515108,0.1259950672077194,0.11629846186098394,0.10718608167904842,0.12242438313298172,0.100503590273797,0.10222664860231445,0.3451260329928091,0.4004267939814814,0.3318158478076238,0.2711905787729159,0.21643518518518517,0.24514029546039093,0.3125,0.2758969907407407,0.3107277199074074,0.2934027777777778,0.2758969907407407,0.2206458574459876,0.2617926996594757,0.3940610532407407,0.2689525462962963,0.10787130808470503,0.2958442677522719,0.22916666666666666,0.3940610532407407,0.1699534932063712,0.2934027777777778,0.27864759154771085,0.17205919388717417,0.22485289699401526
23,24,0.11350140742843318,0.08957165418484625,0.13147137429721062,0.2713796049798077,0.0988820324109796,0.4004267939814814,0,False,8,0,0,0,0,0,0,501,451,444,16,17,495,19,537,208,0,7,76,401,383,449,13,507,214,540,55,536,371,12,210,0.12571936118332555,0.12332791642236789,0.13147137429721062,0.11874779232316598,0.1022793177746068,0.10671004582080644,0.10971734353948906,0.10990000344505797,0.1228273602306248,0.10718608167904842,0.10753858838607169,0.11586709851082319,0.1225585858736085,0.1259950672077194,0.11007817489808147,0.08957165418484625,0.11554887716634459,0.1035931400515108,0.1259950672077194,0.11629846186098394,0.10718608167904842,0.12242438313298172,0.100503590273797,0.1029884111331563,0.3451260329928091,0.4004267939814814,0.3318158478076238,0.2711905787729159,0.21643518518518517,0.24514029546039093,0.2864583333333333,0.25290557484567894,0.3107277199074074,0.2934027777777778,0.2758969907407407,0.2206458574459876,0.2617926996594757,0.3940610532407407,0.2689525462962963,0.0988820324109796,0.2958442677522719,0.22916666666666666,0.3940610532407407,0.1699534932063712,0.2934027777777778,0.27864759154771085,0.17205919388717417,0.20611515557784732
24,24,0.11434006834784764,0.08957165418484625,0.13147137429721062,0.2763404016806403,0.0988820324109796,0.4004267939814814,0,False,8,0,0,0,0,0,0,501,451,444,16,17,495,19,537,208,0,7,76,595,401,383,449,13,507,214,540,55,536,371,210,0.12571936118332555,0.12332791642236789,0.13147137429721062,0.11874779232316598,0.1022793177746068,0.10671004582080644,0.10971734353948906,0.10990000344505797,0.1228273602306248,0.10718608167904842,0.10753858838607169,0.11586709851082319,0.11835279543657883,0.1225585858736085,0.1259950672077194,0.11007817489808147,0.08957165418484625,0.11554887716634459,0.1035931400515108,0.1259950672077194,0.11835279543657883,0.10718608167904842,0.12242438313298172,0.10321273446072678,0.3451260329928091,0.4004267939814814,0.3318158478076238,0.2711905787729159,0.21643518518518517,0.24514029546039093,0.2864583333333333,0.25290557484567894,0.3107277199074074,0.2934027777777778,0.2758969907407407,0.2206458574459876,0.2391240354391736,0.2617926996594757,0.3940610532407407,0.2689525462962963,0.0988820324109796,0.2958442677522719,0.22916666666666666,0.3940610532407407,0.2391240354391736,0.2934027777777778,0.27864759154771085,0.1889388926130267
25,24,0.11437031574284452,0.08957165418484625,0.13147137429721062,0.27557427023117503,0.0988820324109796,0.4004267939814814,0,False,8,0,0,0,0,0,0,501,451,444,16,17,495,19,537,208,0,7,76,595,401,383,449,13,507,214,540,55,536,371,210,0.12571936118332555,0.12332791642236789,0.13147137429721062,0.11874779232316598,0.1022793177746068,0.10671004582080644,0.10971734353948906,0.10990000344505797,0.1228273602306248,0.10718608167904842,0.10753858838607169,0.11659303599074845,0.11835279543657883,0.1225585858736085,0.1259950672077194,0.11007817489808147,0.08957165418484625,0.11554887716634459,0.1035931400515108,0.1259950672077194,0.11835279543657883,0.10718608167904842,0.12242438313298172,0.10321273446072678,0.3451260329928091,0.4004267939814814,0.3318158478076238,0.2711905787729159,0.21643518518518517,0.24514029546039093,0.2864583333333333,0.25290557484567894,0.3107277199074074,0.2934027777777778,0.2758969907407407,0.20225870265882195,0.2391240354391736,0.2617926996594757,0.3940610532407407,0.2689525462962963,0.0988820324109796,0.2958442677522719,0.22916666666666666,0.3940610532407407,0.2391240354391736,0.2934027777777778,0.27864759154771085,0.1889388926130267
26,24,0.11435899802671294,0.08957165418484625,0.13147137429721062,0.274918232409602,0.0988820324109796,0.4004267939814814,0,False,8,0,0,0,0,0,0,501,451,444,16,17,495,19,537,208,0,7,76,595,401,383,449,13,507,214,540,55,536,371,210,0.12571936118332555,0.12332791642236789,0.13147137429721062,0.11874779232316598,0.1022793177746068,0.10671004582080644,0.10971734353948906,0.10990000344505797,0.1228273602306248,0.10718608167904842,0.10753858838607169,0.11659303599074845,0.11835279543657883,0.1225585858736085,0.1259950672077194,0.11007817489808147,0.08957165418484625,0.11554887716634459,0.1035931400515108,0.1259950672077194,0.11835279543657883,0.10718608167904842,0.12242438313298172,0.10294110927356888,0.3451260329928091,0.4004267939814814,0.3318158478076238,0.2711905787729159,0.21643518518518517,0.24514029546039093,0.2864583333333333,0.25290557484567894,0.3107277199074074,0.2934027777777778,0.2758969907407407,0.20225870265882195,0.2391240354391736,0.2617926996594757,0.3940610532407407,0.2689525462962963,0.0988820324109796,0.2958442677522719,0.22916666666666666,0.3940610532407407,0.2391240354391736,0.2934027777777778,0.27864759154771085,0.1731939848952745
27,24,0.11459452803794062,0.08957165418484625,0.13147137429721062,0.2722963147582978,0.0988820324109796,0.4004267939814814,0,False,8,0,0,0,0,0,0,501,451,444,16,17,495,19,537,208,0,7,76,595,401,383,449,13,507,214,540,55,536,371,210,0.12571936118332555,0.12332791642236789,0.13147137429721062,0.12119547870422002,0.1022793177746068,0.10671004582080644,0.10971734353948906,0.10990000344505797,0.1267550864159823,0.10718608167904842,0.10753858838607169,0.11659303599074845,0.11835279543657883,0.1225585858736085,0.1259950672077194,0.11007817489808147,0.08957165418484625,0.11554887716634459,0.1035931400515108,0.1259950672077194,0.11835279543657883,0.10718608167904842,0.12242438313298172,0.10221841697662168,0.3451260329928091,0.4004267939814814,0.3318158478076238,0.24859136387517292,0.21643518518518517,0.24514029546039093,0.2864583333333333,0.25290557484567894,0.2848337432484568,0.2934027777777778,0.2758969907407407,0.20225870265882195,0.2391240354391736,0.2617926996594757,0.3940610532407407,0.2689525462962963,0.0988820324109796,0.2958442677522719,0.22916666666666666,0.3940610532407407,0.2391240354391736,0.2934027777777778,0.27864759154771085,0.15876115282066827
28,24,0.11503946265779179,0.08957165418484625,0.13147137429721062,0.26698841318213773,0.0988820324109796,0.4004267939814814,0,False,8,0,0,0,0,0,0,501,451,444,16,17,495,19,537,208,0,7,76,595,401,383,449,13,507,214,540,55,536,371,210,0.12571936118332555,0.12332791642236789,0.13147137429721062,0.12119547870422002,0.1022793177746068,0.10811783848274054,0.10971734353948906,0.11159232948155068,0.1267550864159823,0.10718608167904842,0.10753858838607169,0.11672084635472603,0.11835279543657883,0.1225585858736085,0.1259950672077194,0.11007817489808147,0.08957165418484625,0.11874779232316598,0.1035931400515108,0.1259950672077194,0.11971228887474802,0.11007817489808147,0.12242438313298172,0.10221841697662168,0.3451260329928091,0.4004267939814814,0.3318158478076238,0.24859136387517292,0.21643518518518517,0.22471193750535834,0.2864583333333333,0.23183011027520567,0.2848337432484568,0.2934027777777778,0.2758969907407407,0.1854038107705868,0.2391240354391736,0.2617926996594757,0.3940610532407407,0.2689525462962963,0.0988820324109796,0.2711905787729159,0.22916666666666666,0.3940610532407407,0.21919703248590913,0.2689525462962963,0.27864759154771085,0.15876115282066827
29,24,0.11535808276197616,0.08957165418484625,0.13147137429721062,0.2613736760525553,0.0988820324109796,0.4004267939814814,0,False,8,0,0,0,0,0,0,501,451,444,16,17,495,19,537,208,0,7,76,595,401,383,449,13,507,214,540,55,536,371,210,0.12571936118332555,0.12332791642236789,0.13147137429721062,0.12119547870422002,0.1022793177746068,0.10891920000450366,0.10971734353948906,0.11264380324157071,0.1267550864159823,0.10718608167904842,0.10990000344505797,0.11629846186098394,0.11835279543657883,0.12475599730959193,0.1259950672077194,0.11007817489808147,0.08957165418484625,0.11874779232316598,0.1035931400515108,0.1259950672077194,0.11971228887474802,0.11007817489808147,0.12520909873433725,0.1010913065926803,0.3451260329928091,0.4004267939814814,0.3318158478076238,0.24859136387517292,0.21643518518518517,0.20598594271324513,0.2864583333333333,0.21251093441893854,0.2848337432484568,0.2934027777777778,0.25290557484567894,0.1699534932063712,0.2391240354391736,0.2399766413545194,0.3940610532407407,0.2689525462962963,0.0988820324109796,0.2711905787729159,0.22916666666666666,0.3940610532407407,0.21919703248590913,0.2689525462962963,0.25542695891873496,0.14553105675227923
30,24,0.11594785540453022,0.08957165418484625,0.13147137429721062,0.2572364697642148,0.0988820324109796,0.3940610532407407,0,False,8,0,0,0,0,0,0,501,451,444,16,17,495,19,537,208,0,7,76,595,401,383,449,13,507,214,540,55,536,371,210,0.1309956112128226,0.1305097345743451,0.13147137429721062,0.12119547870422002,0.1022793177746068,0.10915249095807623,0.10971734353948906,0.11264380324157071,0.1267550864159823,0.10718608167904842,0.10990000344505797,0.11629846186098394,0.11835279543657883,0.1262191815958423,0.1259950672077194,0.11007817489808147,0.08957165418484625,0.11874779232316598,0.1035931400515108,0.1259950672077194,0.11971228887474802,0.11007817489808147,0.12520909873433725,0.1010913065926803,0.3163655302434083,0.3670578944830246,0.3318158478076238,0.24859136387517292,0.21643518518518517,0.18882044748714136,0.2864583333333333,0.21251093441893854,0.2848337432484568,0.2934027777777778,0.25290557484567894,0.1699534932063712,0.2391240354391736,0.21997858790830946,0.3940610532407407,0.2689525462962963,0.0988820324109796,0.2711905787729159,0.22916666666666666,0.3940610532407407,0.21919703248590913,0.2689525462962963,0.25542695891873496,0.14553105675227923
31,24,0.11650521678137275,0.08957165418484625,0.13682496211753273,0.2573147289823477,0.0988820324109796,0.3940610532407407,0,False,8,0,0,0,0,0,0,501,451,444,16,17,495,19,537,208,0,7,76,595,401,383,449,13,507,214,756,55,540,536,210,0.1309956112128226,0.13682496211753273,0.13147137429721062,0.12119547870422002,0.1022793177746068,0.10915249095807623,0.10971734353948906,0.11309156942304299,0.12986312838445596,0.10718608167904842,0.10990000344505797,0.11629846186098394,0.12279965843150215,0.1269862419682493,0.1259950672077194,0.11007817489808147,0.08957165418484625,0.11874779232316598,0.1035931400515108,0.12279965843150215,0.12041344316133987,0.1259950672077194,0.11007817489808147,0.1010913065926803,0.3163655302434083,0.33646973660943924,0.3318158478076238,0.24859136387517292,0.21643518518518517,0.18882044748714136,0.2864583333333333,0.194801689884027,0.26109759797775206,0.2934027777777778,0.25290557484567894,0.1699534932063712,0.3025303658192425,0.20164703891595032,0.3940610532407407,0.2689525462962963,0.0988820324109796,0.2711905787729159,0.22916666666666666,0.3025303658192425,0.20093061311208335,0.3940610532407407,0.2689525462962963,0.14553105675227923
32,24,0.11656815500803708,0.08957165418484625,0.13682496211753273,0.25442226905134036,0.0988820324109796,0.3940610532407407,0,False,8,0,0,0,0,0,0,501,451,444,16,17,495,19,537,208,0,7,76,595,401,383,449,13,507,214,756,55,540,536,210,0.1309956112128226,0.13682496211753273,0.13147137429721062,0.12291312592868867,0.1022793177746068,0.10915249095807623,0.10971734353948906,0.11309156942304299,0.12986312838445596,0.10718608167904842,0.10990000344505797,0.11537722675621914,0.12279965843150215,0.1269862419682493,0.1259950672077194,0.11227675551386578,0.08957165418484625,0.11874779232316598,0.1035931400515108,0.12279965843150215,0.12041344316133987,0.1259950672077194,0.11007817489808147,0.09960683129713616,0.3163655302434083,0.33646973660943924,0.3318158478076238,0.22787541688557517,0.21643518518518517,0.18882044748714136,0.2864583333333333,0.194801689884027,0.26109759797775206,0.2934027777777778,0.25290557484567894,0.15579070210584026,0.3025303658192425,0.20164703891595032,0.3940610532407407,0.24653983410493824,0.0988820324109796,0.2711905787729159,0.22916666666666666,0.3025303658192425,0.20093061311208335,0.3940610532407407,0.2689525462962963,0.1334034686895893
33,24,0.11715527757868331,0.08957165418484625,0.14222205239260713,0.24899154723820785,0.0988820324109796,0.3940610532407407,0,False,8,0,0,0,0,0,0,501,451,444,16,17,495,19,537,208,0,7,76,595,401,383,449,13,507,214,756,55,540,536,210,0.1353981783388702,0.14222205239260713,0.13147137429721062,0.12291312592868867,0.1022793177746068,0.10886162249047339,0.11245878019124139,0.11309156942304299,0.12986312838445596,0.10718608167904842,0.10990000344505797,0.11537722675621914,0.12643586621344274,0.1269862419682493,0.1259950672077194,0.11227675551386578,0.08957165418484625,0.11874779232316598,0.1035931400515108,0.12279965843150215,0.12041344316133987,0.1259950672077194,0.11007817489808147,0.09781133962543358,0.29000173605645757,0.30843059189198596,0.3318158478076238,0.22787541688557517,0.21643518518518517,0.17308541019654625,0.2625868055555555,0.194801689884027,0.26109759797775206,0.2934027777777778,0.25290557484567894,0.15579070210584026,0.2773195020009723,0.20164703891595032,0.3940610532407407,0.24653983410493824,0.0988820324109796,0.2711905787729159,0.22916666666666666,0.3025303658192425,0.20093061311208335,0.3940610532407407,0.2689525462962963,0.12228651296545685
34,24,0.11782759520887405,0.08711067874782154,0.14667557191813257,0.24148668996575506,0.09064186304339797,0.3940610532407407,0,False,8,0,0,0,0,0,0,501,451,444,16,17,495,19,537,208,0,7,76,595,401,383,449,13,507,214,756,55,540,536,210,0.138919091624813,0.14667557191813257,0.13147137429721062,0.12291312592868867,0.1022793177746068,0.10809407826617351,0.11245878019124139,0.11297932012702314,0.12986312838445596,0.10718608167904842,0.10990000344505797,0.11537722675621914,0.1292637351577922,0.1269862419682493,0.13309468384265893,0.11227675551386578,0.08711067874782154,0.11874779232316598,0.1035931400515108,0.12643586621344274,0.12041344316133987,0.1259950672077194,0.11007817489808147,0.0957496055346583,0.2658349247184194,0.28272804256765377,0.3318158478076238,0.22787541688557517,0.21643518518518517,0.15866162601350073,0.2625868055555555,0.17856821572702472,0.26109759797775206,0.2934027777777778,0.25290557484567894,0.15579070210584026,0.25420954350089126,0.20164703891595032,0.3612226321373456,0.24653983410493824,0.09064186304339797,0.2711905787729159,0.22916666666666666,0.2773195020009723,0.20093061311208335,0.3940610532407407,0.2689525462962963,0.11209597021833545
35,24,0.11811974972724164,0.08711067874782154,0.14667557191813257,0.24075286745527721,0.09064186304339797,0.3940610532407407,0,False,7,0,0,0,0,0,0,501,451,444,16,847,19,537,208,0,7,76,595,17,495,449,13,507,401,383,756,55,214,540,210,0.138919091624813,0.14667557191813257,0.13147137429721062,0.12291312592868867,0.11525278381291396,0.11245878019124139,0.11525278381291396,0.12986312838445596,0.10718608167904842,0.10990000344505797,0.11401012484700133,0.13130218604824617,0.1022793177746068,0.10689919991922216,0.11227675551386578,0.08711067874782154,0.11874779232316598,0.1269862419682493,0.13309468384265893,0.12643586621344274,0.12050060836715377,0.1035931400515108,0.1259950672077194,0.0957496055346583,0.2658349247184194,0.28272804256765377,0.3318158478076238,0.22787541688557517,0.24702086441643933,0.2625868055555555,0.24702086441643933,0.26109759797775206,0.2934027777777778,0.25290557484567894,0.14280814359702024,0.23302541487581696,0.21643518518518517,0.145439823845709,0.24653983410493824,0.09064186304339797,0.2711905787729159,0.20164703891595032,0.3612226321373456,0.2773195020009723,0.18418639535274306,0.22916666666666666,0.3940610532407407,0.11209597021833545
36,24,0.11874405811633298,0.08670183092270342,0.1501834623254781,0.24113881411190752,0.14280814359702024,0.3612226321373456,0,False,8,0,0,0,0,0,0,501,451,444,875,16,847,19,537,208,0,7,76,595,17,495,449,13,507,401,383,879,55,214,756,0.138919091624813,0.1501834623254781,0.1364792717098395,0.13600307971368175,0.12291312592868867,0.11525278381291396,0.11245878019124139,0.11525278381291396,0.12986312838445596,0.10718608167904842,0.11159232948155068,0.11401012484700133,0.13600307971368175,0.1022793177746068,0.10689919991922216,0.11227675551386578,0.08670183092270342,0.11874779232316598,0.1269862419682493,0.13309468384265893,0.08670183092270342,0.12002361211455356,0.1035931400515108,0.12643586621344274,0.2658349247184194,0.2591673723536826,0.3041645271569885,0.29693996363616554,0.22787541688557517,0.24702086441643933,0.2625868055555555,0.24702086441643933,0.26109759797775206,0.2934027777777778,0.23183011027520567,0.14280814359702024,0.29693996363616554,0.21643518518518517,0.145439823845709,0.24653983410493824,0.1664217077897815,0.2711905787729159,0.20164703891595032,0.3612226321373456,0.1664217077897815,0.1688375290733478,0.22916666666666666,0.2773195020009723
37,24,0.119094524045762,0.08670183092270342,0.1527637995299488,0.2348529632988797,0.13331983852523324,0.3612226321373456,0,False,8,0,0,0,0,0,0,501,451,444,875,16,847,19,537,208,0,7,76,595,17,495,449,13,507,401,383,879,55,214,756,0.138919091624813,0.1527637995299488,0.1364792717098395,0.13600307971368175,0.12291312592868867,0.11525278381291396,0.11450057213536757,0.11525278381291396,0.12986312838445596,0.10718608167904842,0.11159232948155068,0.11401012484700133,0.13981116058679732,0.1022793177746068,0.10532674709548796,0.11380258997578568,0.08670183092270342,0.11874779232316598,0.12710366787921756,0.13309468384265893,0.08670183092270342,0.11903565579206746,0.10449126110942733,0.12643586621344274,0.2658349247184194,0.23757009132420903,0.3041645271569885,0.29693996363616554,0.22787541688557517,0.24702086441643933,0.24070457175925922,0.24702086441643933,0.26109759797775206,0.2934027777777778,0.23183011027520567,0.14280814359702024,0.27219496666648507,0.21643518518518517,0.13331983852523324,0.2259948479295267,0.1664217077897815,0.2711905787729159,0.18484311900628778,0.3612226321373456,0.1664217077897815,0.15476773498390214,0.21006944444444442,0.2773195020009723
38,24,0.1192433733253239,0.08670183092270342,0.1527637995299488,0.23184870624629225,0.1222098519814638,0.33112074612590014,0,False,8,0,0,0,0,0,0,501,451,444,875,16,847,19,537,208,0,7,76,595,17,495,449,13,507,401,383,879,55,214,756,0.138919091624813,0.1527637995299488,0.1364792717098395,0.13600307971368175,0.12393391417254451,0.11525278381291396,0.11450057213536757,0.11525278381291396,0.12986312838445596,0.10718608167904842,0.11159232948155068,0.11225030081958347,0.13981116058679732,0.1022793177746068,0.10342572673930263,0.11380258997578568,0.08670183092270342,0.11874779232316598,0.12710366787921756,0.1393071226918917,0.08670183092270342,0.11903565579206746,0.10449126110942733,0.12643586621344274,0.2658349247184194,0.23757009132420903,0.3041645271569885,0.29693996363616554,0.20888579881177724,0.24702086441643933,0.24070457175925922,0.24702086441643933,0.26109759797775206,0.2934027777777778,0.23183011027520567,0.1309074649639352,0.27219496666648507,0.21643518518518517,0.1222098519814638,0.2259948479295267,0.1664217077897815,0.2711905787729159,0.18484311900628778,0.33112074612590014,0.1664217077897815,0.15476773498390214,0.21006944444444442,0.2773195020009723
39,24,0.11939202415564705,0.08670183092270342,0.1527637995299488,0.22951633013292794,0.11202569764967514,0.33112074612590014,0,False,8,0,0,0,0,0,0,501,451,444,875,16,847,19,537,208,0,7,76,595,17,495,449,13,507,401,383,879,55,214,756,0.138919091624813,0.1527637995299488,0.1364792717098395,0.13600307971368175,0.12393391417254451,0.11525278381291396,0.11450057213536757,0.11525278381291396,0.12986312838445596,0.10718608167904842,0.11159232948155068,0.11225030081958347,0.1427331634804953,0.1022793177746068,0.10124347482901107,0.11380258997578568,0.08670183092270342,0.11874779232316598,0.12710366787921756,0.1393071226918917,0.08670183092270342,0.11903565579206746,0.10449126110942733,0.1292637351577922,0.2658349247184194,0.23757009132420903,0.3041645271569885,0.29693996363616554,0.20888579881177724,0.24702086441643933,0.24070457175925922,0.24702086441643933,0.26109759797775206,0.2934027777777778,0.23183011027520567,0.1309074649639352,0.2495120527776113,0.21643518518518517,0.11202569764967514,0.2259948479295267,0.1664217077897815,0.2711905787729159,0.18484311900628778,0.33112074612590014,0.1664217077897815,0.15476773498390214,0.21006944444444442,0.25420954350089126
40,24,0.11942537428968085,0.08670183092270342,0.1527637995299488,0.22603389943094818,0.10269022284553554,0.33112074612590014,0,False,8,0,0,0,0,0,0,501,451,444,875,16,847,19,537,208,0,7,76,595,17,495,449,13,507,401,383,879,55,214,756,0.138919091624813,0.1527637995299488,0.1364792717098395,0.13600307971368175,0.12430028392488245,0.11525278381291396,0.11450057213536757,0.11525278381291396,0.12986312838445596,0.10718608167904842,0.11159232948155068,0.11225030081958347,0.1427331634804953,0.1022793177746068,0.09882496651118483,0.11468729006608666,0.08670183092270342,0.12119547870422002,0.12662382319016197,0.1393071226918917,0.08670183092270342,0.11903565579206746,0.10449126110942733,0.1292637351577922,0.2658349247184194,0.23757009132420903,0.3041645271569885,0.29693996363616554,0.1914786489107958,0.24702086441643933,0.24070457175925922,0.24702086441643933,0.26109759797775206,0.2934027777777778,0.23183011027520567,0.1309074649639352,0.2495120527776113,0.21643518518518517,0.10269022284553554,0.20716194393539947,0.1664217077897815,0.24859136387517292,0.1694395257557638,0.33112074612590014,0.1664217077897815,0.15476773498390214,0.21006944444444442,0.25420954350089126
41,24,0.11818120541996253,0.08670183092270342,0.1527637995299488,0.22312464614511182,0.10269022284553554,0.33112074612590014,0,False,9,0,0,0,0,0,0,1000,501,451,444,875,16,847,19,537,208,0,7,76,595,17,495,449,13,507,401,383,879,55,214,0.08814612039535638,0.138919091624813,0.1527637995299488,0.14058487837526126,0.13981116058679732,0.12430028392488245,0.11525278381291396,0.11586709851082319,0.11683480276951148,0.12986312838445596,0.10718608167904842,0.11264380324157071,0.1101498666055162,0.1427331634804953,0.1022793177746068,0.09882496651118483,0.11468729006608666,0.08814612039535638,0.12119547870422002,0.12662382319016197,0.1393071226918917,0.08670183092270342,0.11903565579206746,0.10449126110942733,0.23588656547396636,0.2658349247184194,0.23757009132420903,0.2788174832272394,0.27219496666648507,0.1914786489107958,0.24702086441643933,0.2206458574459876,0.22643579238173606,0.26109759797775206,0.2934027777777778,0.21251093441893854,0.11999850955027394,0.2495120527776113,0.21643518518518517,0.10269022284553554,0.20716194393539947,0.23588656547396636,0.24859136387517292,0.1694395257557638,0.33112074612590014,0.1664217077897815,0.15476773498390214,0.21006944444444442
42,24,0.1182196560561422,0.08670183092270342,0.1527637995299488,0.22233841075489744,0.10269022284553554,0.33112074612590014,0,False,9,0,0,0,0,0,0,1000,501,451,444,875,16,847,19,537,208,0,7,76,595,17,495,449,13,507,401,383,879,55,214,0.08814612039535638,0.138919091624813,0.1527637995299488,0.14058487837526126,0.13981116058679732,0.12430028392488245,0.11525278381291396,0.11586709851082319,0.11775761803782311,0.12986312838445596,0.10718608167904842,0.11264380324157071,0.1101498666055162,0.1427331634804953,0.1022793177746068,0.09882496651118483,0.11468729006608666,0.08814612039535638,0.12119547870422002,0.12662382319016197,0.1393071226918917,0.08670183092270342,0.11903565579206746,0.10449126110942733,0.23588656547396636,0.2658349247184194,0.23757009132420903,0.2788174832272394,0.27219496666648507,0.1914786489107958,0.24702086441643933,0.2206458574459876,0.20756614301659138,0.26109759797775206,0.2934027777777778,0.21251093441893854,0.11999850955027394,0.2495120527776113,0.21643518518518517,0.10269022284553554,0.20716194393539947,0.23588656547396636,0.24859136387517292,0.1694395257557638,0.33112074612590014,0.1664217077897815,0.15476773498390214,0.21006944444444442
43,24,0.11858797060509761,0.08670183092270342,0.15445132556881971,0.22525206233811468,0.10269022284553554,0.33112074612590014,0,False,9,0,0,0,0,0,0,1000,1043,451,444,875,16,847,19,537,501,0,7,76,595,17,495,449,208,13,507,401,383,879,214,0.08814612039535638,0.11600819119883717,0.15445132556881971,0.14058487837526126,0.1427331634804953,0.12430028392488245,0.11525278381291396,0.11586709851082319,0.11806208274783145,0.138919091624813,0.11007817489808147,0.11600819119883717,0.1101498666055162,0.1427331634804953,0.1022793177746068,0.09882496651118483,0.11468729006608666,0.12986312838445596,0.08814612039535638,0.12291312592868867,0.12560271491497677,0.1393071226918917,0.08670183092270342,0.10449126110942733,0.23588656547396636,0.27813502321736033,0.21777258371385827,0.2788174832272394,0.2495120527776113,0.1914786489107958,0.24702086441643933,0.2206458574459876,0.1902689644318754,0.2658349247184194,0.2689525462962963,0.27813502321736033,0.11999850955027394,0.2495120527776113,0.21643518518518517,0.10269022284553554,0.20716194393539947,0.26109759797775206,0.23588656547396636,0.22787541688557517,0.15531956527611682,0.33112074612590014,0.1664217077897815,0.21006944444444442
44,24,0.11889476686089269,0.08670183092270342,0.1552939750509461,0.22112504663823496,0.10269022284553554,0.33112074612590014,0,False,9,0,0,0,0,0,0,1000,1043,451,444,875,16,847,19,537,501,0,7,76,595,17,495,449,208,13,507,401,383,879,214,0.08907782453395797,0.11600819119883717,0.1552939750509461,0.14378952222412603,0.1427331634804953,0.12430028392488245,0.11525278381291396,0.11586709851082319,0.11779525415231529,0.1415700328898188,0.11007817489808147,0.11600819119883717,0.1101498666055162,0.1427331634804953,0.1022793177746068,0.09882496651118483,0.11468729006608666,0.12986312838445596,0.08814612039535638,0.12291312592868867,0.12560271491497677,0.1393071226918917,0.08670183092270342,0.10449126110942733,0.21622935168446916,0.27813502321736033,0.19962486840437008,0.25558269295830277,0.2495120527776113,0.1914786489107958,0.24702086441643933,0.2206458574459876,0.17441321739588578,0.24368201432521777,0.2689525462962963,0.27813502321736033,0.11999850955027394,0.2495120527776113,0.21643518518518517,0.10269022284553554,0.20716194393539947,0.26109759797775206,0.23588656547396636,0.22787541688557517,0.15531956527611682,0.33112074612590014,0.1664217077897815,0.21006944444444442
45,24,0.11907151279141576,0.08907782453395797,0.1552939750509461,0.22702996648385732,0.09413270427507424,0.33112074612590014,0,False,7,0,0,0,0,0,0,1098,444,875,16,847,19,537,1000,1043,451,7,76,595,17,495,449,501,0,507,401,383,208,13,214,0.09137513390990491,0.14378952222412603,0.1427331634804953,0.12406138436889952,0.11683480276951148,0.11586709851082319,0.11779525415231529,0.08907782453395797,0.11600819119883717,0.1552939750509461,0.11600819119883717,0.10775897285935693,0.1427331634804953,0.1022793177746068,0.096212326687533,0.11468729006608666,0.1415700328898188,0.11007817489808147,0.12291312592868867,0.12560271491497677,0.1393071226918917,0.12986312838445596,0.09137513390990491,0.10449126110942733,0.2995626850178025,0.25558269295830277,0.2495120527776113,0.17552209483489614,0.22643579238173606,0.2206458574459876,0.17441321739588578,0.21622935168446916,0.27813502321736033,0.19962486840437008,0.27813502321736033,0.10999863375441778,0.2495120527776113,0.21643518518518517,0.09413270427507424,0.20716194393539947,0.24368201432521777,0.2689525462962963,0.22787541688557517,0.15531956527611682,0.33112074612590014,0.26109759797775206,0.2995626850178025,0.21006944444444442
46,24,0.11918112019683556,0.08907782453395797,0.1552939750509461,0.22273599361695182,0.08628831225215138,0.33112074612590014,0,False,7,0,0,0,0,0,0,1098,444,875,16,847,19,537,1000,1043,451,7,76,595,17,495,449,501,0,507,401,383,208,13,214,0.09137513390990491,0.14611322613760783,0.1427331634804953,0.12406138436889952,0.11683480276951148,0.11586709851082319,0.11779525415231529,0.08907782453395797,0.11600819119883717,0.1552939750509461,0.11600819119883717,0.10512511868353969,0.144793388542973,0.1022793177746068,0.09344451177155104,0.11468729006608666,0.1415700328898188,0.11007817489808147,0.12393391417254451,0.12560271491497677,0.1393071226918917,0.12986312838445596,0.0940026635119635,0.10449126110942733,0.2995626850178025,0.23428413521177752,0.2495120527776113,0.17552209483489614,0.22643579238173606,0.2206458574459876,0.17441321739588578,0.21622935168446916,0.27813502321736033,0.19962486840437008,0.27813502321736033,0.10083208094154962,0.22871938171281034,0.21643518518518517,0.08628831225215138,0.20716194393539947,0.24368201432521777,0.2689525462962963,0.20888579881177724,0.15531956527611682,0.33112074612590014,0.26109759797775206,0.2745991279329856,0.21006944444444442
47,24,0.11994729749798172,0.08952510643383335,0.1552939750509461,0.2295308738353873,0.09242940752975382,0.33112074612590014,0,False,6,0,0,0,0,0,0,1098,444,875,16,847,1143,1000,1043,1142,76,595,17,495,19,537,1130,451,7,401,383,449,501,0,214,0.09137513390990491,0.14611322613760783,0.14852759748683977,0.12406138436889952,0.11683480276951148,0.1179358863904942,0.08952510643383335,0.11600819119883717,0.09289259447601239,0.10229266921165169,0.144793388542973,0.1022793177746068,0.09289259447601239,0.11659303599074845,0.11779525415231529,0.14852759748683977,0.1552939750509461,0.11600819119883717,0.12560271491497677,0.1393071226918917,0.1179358863904942,0.1415700328898188,0.11007817489808147,0.10449126110942733,0.2995626850178025,0.23428413521177752,0.3120527150461437,0.17552209483489614,0.22643579238173606,0.27323178194078285,0.19821023904409674,0.27813502321736033,0.16243095289780543,0.09242940752975382,0.22871938171281034,0.21643518518518517,0.16243095289780543,0.20225870265882195,0.17441321739588578,0.3120527150461437,0.19962486840437008,0.27813502321736033,0.15531956527611682,0.33112074612590014,0.27323178194078285,0.24368201432521777,0.2689525462962963,0.21006944444444442
48,24,0.1195248638312479,0.08952167448095624,0.1552939750509461,0.23084050513480495,0.08472695690227433,0.33112074612590014,0,False,6,0,0,0,0,0,0,1098,444,875,16,847,1143,1000,1043,1142,76,595,17,495,19,537,1130,451,7,1164,383,449,501,0,401,0.09137513390990491,0.14611322613760783,0.14852759748683977,0.12406138436889952,0.11683480276951148,0.1179358863904942,0.08952167448095624,0.11600819119883717,0.09196279368617302,0.09930254970519915,0.144793388542973,0.1022793177746068,0.09433450616656684,0.11659303599074845,0.11779525415231529,0.14852759748683977,0.1552939750509461,0.11600819119883717,0.09433450616656684,0.1393071226918917,0.12043567389035728,0.1415700328898188,0.11007817489808147,0.12560271491497677,0.2995626850178025,0.23428413521177752,0.3120527150461437,0.17552209483489614,0.22643579238173606,0.27323178194078285,0.18169271912375534,0.27813502321736033,0.14889504015632163,0.08472695690227433,0.22871938171281034,0.21643518518518517,0.23222837348965497,0.20225870265882195,0.17441321739588578,0.3120527150461437,0.19962486840437008,0.27813502321736033,0.23222837348965497,0.33112074612590014,0.25046246677905093,0.24368201432521777,0.2689525462962963,0.15531956527611682
49,24,0.11988876345749189,0.08952167448095624,0.1552939750509461,0.22578545911786949,0.08472695690227433,0.33112074612590014,0,False,6,0,0,0,0,0,0,1098,444,875,16,847,1143,1000,1043,1142,76,595,17,495,19,537,1130,451,7,1164,383,449,501,0,401,0.09137513390990491,0.14611322613760783,0.14852759748683977,0.12406138436889952,0.11683480276951148,0.12043567389035728,0.08952167448095624,0.11600819119883717,0.09196279368617302,0.09930254970519915,0.14603040722972221,0.1022793177746068,0.09433450616656684,0.11672084635472603,0.11779525415231529,0.14852759748683977,0.1552939750509461,0.11600819119883717,0.09523399166831704,0.1393071226918917,0.12220658225208877,0.1415700328898188,0.11227675551386578,0.12560271491497677,0.2995626850178025,0.23428413521177752,0.3120527150461437,0.17552209483489614,0.22643579238173606,0.25046246677905093,0.18169271912375534,0.27813502321736033,0.14889504015632163,0.08472695690227433,0.2096594332367428,0.21643518518518517,0.23222837348965497,0.1854038107705868,0.17441321739588578,0.3120527150461437,0.19962486840437008,0.27813502321736033,0.2128760090321837,0.33112074612590014,0.22959059454746333,0.24368201432521777,0.24653983410493824,0.15531956527611682
50,24,0.12007791879926151,0.08952167448095624,0.1552939750509461,0.22255779416694196,0.08472695690227433,0.33112074612590014,0,False,6,0,0,0,0,0,0,1098,444,875,16,847,1143,1000,1043,1142,76,595,17,495,19,537,1130,451,7,1164,383,449,501,0,401,0.09137513390990491,0.14611322613760783,0.14852759748683977,0.12327077534968199,0.11683480276951148,0.12043567389035728,0.08952167448095624,0.11862992893016343,0.09196279368617302,0.09930254970519915,0.14603040722972221,0.1022793177746068,0.09523399166831704,0.11672084635472603,0.11779525415231529,0.14852759748683977,0.1552939750509461,0.11600819119883717,0.09523399166831704,0.1393071226918917,0.12220658225208877,0.14337914687843098,0.11227675551386578,0.12560271491497677,0.2995626850178025,0.23428413521177752,0.3120527150461437,0.16089525359865478,0.22643579238173606,0.25046246677905093,0.18169271912375534,0.25495710461591364,0.14889504015632163,0.08472695690227433,0.2096594332367428,0.21643518518518517,0.2128760090321837,0.1854038107705868,0.17441321739588578,0.3120527150461437,0.19962486840437008,0.27813502321736033,0.2128760090321837,0.33112074612590014,0.22959059454746333,0.22337517979811627,0.24653983410493824,0.15531956527611682
51,24,0.12010870257950423,0.08952167448095624,0.1552939750509461,0.22109615162700855,0.08472695690227433,0.33112074612590014,0,False,6,0,0,0,0,0,0,1098,444,875,16,847,1143,1000,1043,1142,76,595,17,495,19,537,1130,451,7,1164,383,449,501,0,401,0.09137513390990491,0.14611322613760783,0.14852759748683977,0.12327077534968199,0.11683480276951148,0.12043567389035728,0.08952167448095624,0.11862992893016343,0.09196279368617302,0.09930254970519915,0.14603040722972221,0.1022793177746068,0.09523399166831704,0.11672084635472603,0.1170082304162206,0.14852759748683977,0.1552939750509461,0.11600819119883717,0.09523399166831704,0.1393071226918917,0.12220658225208877,0.14337914687843098,0.11380258997578568,0.12560271491497677,0.2995626850178025,0.23428413521177752,0.3120527150461437,0.16089525359865478,0.22643579238173606,0.25046246677905093,0.18169271912375534,0.25495710461591364,0.14889504015632163,0.08472695690227433,0.2096594332367428,0.21643518518518517,0.2128760090321837,0.1854038107705868,0.1598787826128953,0.3120527150461437,0.19962486840437008,0.27813502321736033,0.2128760090321837,0.33112074612590014,0.22959059454746333,0.22337517979811627,0.2259948479295267,0.15531956527611682
52,24,0.1203375406437903,0.08952167448095624,0.1552939750509461,0.21435856211190638,0.08472695690227433,0.33112074612590014,0,False,6,0,0,0,0,0,0,1098,444,875,16,847,1143,1000,1043,1142,76,595,17,495,19,537,1130,451,7,1164,383,449,501,0,401,0.09137513390990491,0.14759138421220896,0.14852759748683977,0.12327077534968199,0.11683480276951148,0.12220658225208877,0.08952167448095624,0.11862992893016343,0.09196279368617302,0.09930254970519915,0.14649383818198916,0.10279881408516497,0.09523399166831704,0.11672084635472603,0.11575427032338395,0.14852759748683977,0.1552939750509461,0.11862992893016343,0.09562233008935628,0.1393071226918917,0.12220658225208877,0.14438779143107805,0.11380258997578568,0.12409807414650866,0.2995626850178025,0.2147604572774627,0.3120527150461437,0.16089525359865478,0.22643579238173606,0.22959059454746333,0.18169271912375534,0.25495710461591364,0.14889504015632163,0.08472695690227433,0.19218781380034755,0.1983989197530864,0.2128760090321837,0.1854038107705868,0.14655555072848733,0.3120527150461437,0.19962486840437008,0.25495710461591364,0.19513634161283505,0.33112074612590014,0.22959059454746333,0.20476058148160659,0.2259948479295267,0.14237626816977375
53,24,0.12119247769886854,0.08952167448095624,0.1552939750509461,0.21674025189956767,0.08472695690227433,0.33112074612590014,0,False,6,0,0,0,0,0,0,1098,444,875,16,847,1143,1000,1043,1142,76,1289,17,495,19,537,1130,451,7,595,1164,383,449,501,401,0.0940026635119635,0.14759138421220896,0.15333405097346836,0.12327077534968199,0.11683480276951148,0.12220658225208877,0.08952167448095624,0.11862992893016343,0.09196279368617302,0.09930254970519915,0.12363427475484606,0.10280030593763319,0.09523399166831704,0.11672084635472603,0.1140872097266621,0.14852759748683977,0.1552939750509461,0.12363427475484606,0.14649383818198916,0.09553637446305763,0.1393071226918917,0.12220658225208877,0.14438779143107805,0.12409807414650866,0.2745991279329856,0.2147604572774627,0.2860483221256317,0.16089525359865478,0.22643579238173606,0.22959059454746333,0.18169271912375534,0.25495710461591364,0.14889504015632163,0.08472695690227433,0.3170440125645875,0.1818656764403292,0.2128760090321837,0.1854038107705868,0.13434258816778005,0.3120527150461437,0.19962486840437008,0.3170440125645875,0.19218781380034755,0.17887497981176545,0.33112074612590014,0.22959059454746333,0.20476058148160659,0.14237626816977375
54,24,0.11916002855683155,0.0891050488747474,0.1552939750509461,0.22017637848782937,0.08472695690227433,0.33112074612590014,0,False,4,0,0,0,0,0,0,1098,1319,847,1143,1000,1043,1142,444,1304,875,16,17,495,19,537,1130,451,7,76,1289,1164,383,449,501,0.0940026635119635,0.12531845267440422,0.11683480276951148,0.12220658225208877,0.0891050488747474,0.11862992893016343,0.09303687165838197,0.14759138421220896,0.09303687165838197,0.15333405097346836,0.12327077534968199,0.10280030593763319,0.09562233008935628,0.11672084635472603,0.11206017029301525,0.14852759748683977,0.1552939750509461,0.12363427475484606,0.09930254970519915,0.12781372548187458,0.09553637446305763,0.1393071226918917,0.12220658225208877,0.1446473979374807,0.2745991279329856,0.2138449124889593,0.22643579238173606,0.22959059454746333,0.16655165919677573,0.25495710461591364,0.21982045347662815,0.2147604572774627,0.21982045347662815,0.2860483221256317,0.16089525359865478,0.1818656764403292,0.19513634161283505,0.1854038107705868,0.12314737248713171,0.3120527150461437,0.19962486840437008,0.3170440125645875,0.08472695690227433,0.29062367818420515,0.17887497981176545,0.33112074612590014,0.22959059454746333,0.1876971996914727
55,24,0.11958195743314366,0.0891050488747474,0.1552939750509461,0.2165587781598417,0.08472695690227433,0.3170440125645875,0,False,4,0,0,0,0,0,0,1098,1319,847,1143,1000,1043,1142,444,1304,875,16,17,495,19,537,1130,451,7,76,1289,1164,383,449,501,0.0940026635119635,0.12531845267440422,0.11683480276951148,0.12220658225208877,0.0891050488747474,0.11862992893016343,0.09303687165838197,0.14759138421220896,0.09359813042466227,0.15333405097346836,0.12327077534968199,0.10280030593763319,0.09562233008935628,0.11672084635472603,0.11206017029301525,0.15333405097346836,0.1552939750509461,0.12363427475484606,0.09930254970519915,0.12781372548187458,0.0950167375376232,0.1445853403959078,0.12220658225208877,0.1446473979374807,0.2745991279329856,0.2138449124889593,0.22643579238173606,0.22959059454746333,0.16655165919677573,0.25495710461591364,0.21982045347662815,0.2147604572774627,0.2015020823535758,0.2860483221256317,0.16089525359865478,0.1818656764403292,0.19513634161283505,0.1854038107705868,0.12314737248713171,0.2860483221256317,0.19962486840437008,0.3170440125645875,0.08472695690227433,0.29062367818420515,0.16396873149411834,0.3035273506154085,0.22959059454746333,0.1876971996914727
56,24,0.11978494935726695,0.0891050488747474,0.1552939750509461,0.2133566635983212,0.08472695690227433,0.3035273506154085,0,False,4,0,0,0,0,0,0,1098,1319,847,1143,1000,1043,1142,444,1304,875,16,17,495,19,537,1130,451,7,76,1289,1164,383,449,501,0.0940026635119635,0.12531845267440422,0.11775761803782311,0.12220658225208877,0.0891050488747474,0.11862992893016343,0.09303687165838197,0.14827146188955673,0.09359813042466227,0.15333405097346836,0.12327077534968199,0.10280030593763319,0.09562233008935628,0.11672084635472603,0.11206017029301525,0.15333405097346836,0.1552939750509461,0.12781372548187458,0.09930254970519915,0.12781372548187458,0.09410620004389396,0.1445853403959078,0.12220658225208877,0.1446473979374807,0.2745991279329856,0.2138449124889593,0.20756614301659138,0.22959059454746333,0.16655165919677573,0.25495710461591364,0.21982045347662815,0.1968637525043408,0.2015020823535758,0.2860483221256317,0.16089525359865478,0.1818656764403292,0.19513634161283505,0.1854038107705868,0.12314737248713171,0.2860483221256317,0.19962486840437008,0.29062367818420515,0.08472695690227433,0.29062367818420515,0.15030467053627514,0.3035273506154085,0.22959059454746333,0.1876971996914727
57,24,0.11983202100880463,0.0891050488747474,0.1553495633729565,0.21186633212973846,0.08472695690227433,0.3035273506154085,0,False,4,0,0,0,0,0,0,1098,1319,847,1143,1000,1043,1142,444,1304,875,16,17,495,19,537,1130,451,7,76,1289,1164,383,449,501,0.0940026635119635,0.12531845267440422,0.11775761803782311,0.12220658225208877,0.0891050488747474,0.11862992893016343,0.09303687165838197,0.14827146188955673,0.09359813042466227,0.15333405097346836,0.12327077534968199,0.10280030593763319,0.09562233008935628,0.11672084635472603,0.11206017029301525,0.15333405097346836,0.1553495633729565,0.12781372548187458,0.09930254970519915,0.12781372548187458,0.09410620004389396,0.1445853403959078,0.12328071356698296,0.1446473979374807,0.2745991279329856,0.2138449124889593,0.20756614301659138,0.22959059454746333,0.16655165919677573,0.25495710461591364,0.21982045347662815,0.1968637525043408,0.2015020823535758,0.2860483221256317,0.16089525359865478,0.1818656764403292,0.19513634161283505,0.1854038107705868,0.12314737248713171,0.2860483221256317,0.1829894627040059,0.29062367818420515,0.08472695690227433,0.29062367818420515,0.15030467053627514,0.3035273506154085,0.21045804500184137,0.1876971996914727
58,24,0.1197517612259339,0.08831503179290431,0.1553495633729565,0.20869000830920814,0.08472695690227433,0.3035273506154085,0,False,4,0,0,0,0,0,0,1098,1319,847,1143,1000,1043,1142,444,1304,875,16,17,495,19,537,1130,451,7,76,1289,1164,383,449,501,0.0940026635119635,0.12531845267440422,0.11775761803782311,0.12220658225208877,0.08831503179290431,0.12052592167858403,0.09359813042466227,0.14827146188955673,0.09359813042466227,0.15333405097346836,0.12327077534968199,0.10280030593763319,0.09562233008935628,0.11672084635472603,0.10972454327022817,0.15333405097346836,0.1553495633729565,0.12781372548187458,0.09930254970519915,0.12781372548187458,0.09284835784492586,0.1445853403959078,0.12328071356698296,0.1446473979374807,0.2745991279329856,0.2138449124889593,0.20756614301659138,0.22959059454746333,0.15267235426371106,0.23371067923125416,0.2015020823535758,0.1968637525043408,0.2015020823535758,0.2860483221256317,0.16089525359865478,0.1818656764403292,0.19513634161283505,0.1854038107705868,0.1128850914465374,0.2860483221256317,0.1829894627040059,0.29062367818420515,0.08472695690227433,0.29062367818420515,0.13777928132491887,0.3035273506154085,0.21045804500184137,0.1876971996914727
59,24,0.1198726126414637,0.08831503179290431,0.1571472622221782,0.2043929929163227,0.08472695690227433,0.3035273506154085,0,False,4,0,0,0,0,0,0,1098,1319,847,1143,1000,1043,1142,444,1304,875,16,17,495,19,537,1130,451,7,76,1289,1164,383,449,501,0.0940026635119635,0.1258636199503746,0.11775761803782311,0.12220658225208877,0.08831503179290431,0.12052592167858403,0.09368087825437672,0.1482098713431561,0.09368087825437672,0.15333405097346836,0.12327077534968199,0.10280030593763319,0.09562233008935628,0.11672084635472603,0.10972454327022817,0.1571472622221782,0.1553495633729565,0.12781372548187458,0.09930254970519915,0.12781372548187458,0.0912865081799325,0.1445853403959078,0.12328071356698296,0.1446473979374807,0.2745991279329856,0.19602450311487934,0.20756614301659138,0.22959059454746333,0.15267235426371106,0.23371067923125416,0.18471024215744447,0.18045843979564571,0.18471024215744447,0.2860483221256317,0.16089525359865478,0.1818656764403292,0.19513634161283505,0.1854038107705868,0.1128850914465374,0.2622109619484957,0.1829894627040059,0.29062367818420515,0.08472695690227433,0.29062367818420515,0.1262976745478423,0.3035273506154085,0.21045804500184137,0.1876971996914727
60,24,0.11994557110115849,0.08831503179290431,0.1571472622221782,0.20339772969154946,0.07766637716041813,0.3035273506154085,0,False,4,0,0,0,0,0,0,1098,1319,847,1143,1000,1463,1043,1142,444,1304,875,16,17,495,19,537,1130,451,7,76,1289,1164,383,449,0.0940026635119635,0.1258636199503746,0.11775761803782311,0.12328071356698296,0.08831503179290431,0.14793589606999444,0.12052592167858403,0.09332373867824882,0.1482098713431561,0.09368087825437672,0.15333405097346836,0.12327077534968199,0.10280030593763319,0.09562233008935628,0.11672084635472603,0.10972454327022817,0.1571472622221782,0.15468275270423568,0.12781372548187458,0.09619208569231352,0.131160257896595,0.0894627636082135,0.1445853403959078,0.12328071356698296,0.2745991279329856,0.19602450311487934,0.20756614301659138,0.21045804500184137,0.15267235426371106,0.25538909971718327,0.23371067923125416,0.16931772197765743,0.18045843979564571,0.18471024215744447,0.2860483221256317,0.16089525359865478,0.1818656764403292,0.19513634161283505,0.1854038107705868,0.1128850914465374,0.2622109619484957,0.1677403408120054,0.29062367818420515,0.07766637716041813,0.26640503833552137,0.1157728683355221,0.3035273506154085,0.21045804500184137
61,24,0.11981276477343729,0.08719239977467581,0.1599835718850695,0.19909971476007227,0.07766637716041813,0.3035273506154085,0,False,4,0,0,0,0,0,0,1098,1319,847,1143,1000,1463,1043,1142,444,1304,875,16,17,495,19,537,1130,451,7,76,1289,1164,383,449,0.0940026635119635,0.1258636199503746,0.11775761803782311,0.12328071356698296,0.08719239977467581,0.14793589606999444,0.12052592167858403,0.09256800776941465,0.1482098713431561,0.09332373867824882,0.15333405097346836,0.12327077534968199,0.10280030593763319,0.09562233008935628,0.11629846186098394,0.10972454327022817,0.1599835718850695,0.15336236718366011,0.12781372548187458,0.09619208569231352,0.131160257896595,0.08741737459752168,0.1445853403959078,0.12328071356698296,0.2745991279329856,0.19602450311487934,0.20756614301659138,0.21045804500184137,0.13994965807506846,0.25538909971718327,0.23371067923125416,0.15520791181285265,0.18045843979564571,0.16931772197765743,0.2860483221256317,0.16089525359865478,0.1818656764403292,0.19513634161283505,0.1699534932063712,0.1128850914465374,0.24036004845278772,0.1537619790776716,0.29062367818420515,0.07766637716041813,0.26640503833552137,0.10612512930756192,0.3035273506154085,0.21045804500184137
62,24,0.11952587574759467,0.08518823726021808,0.1599835718850695,0.1944592342050242,0.07119417906371661,0.3035273506154085,0,False,4,0,0,0,0,0,0,1098,1319,847,1143,1000,1463,1043,1142,444,1304,875,16,17,495,19,537,1130,451,7,76,1289,1164,383,449,0.09603193027648395,0.1258636199503746,0.11775761803782311,0.12328071356698296,0.08719239977467581,0.1503184561720592,0.12052592167858403,0.09256800776941465,0.1482098713431561,0.09332373867824882,0.15333405097346836,0.12198442523228889,0.10280030593763319,0.09553637446305763,0.11629846186098394,0.1071292227927584,0.1599835718850695,0.15145909218312667,0.12781372548187458,0.09299496076450411,0.131160257896595,0.08518823726021808,0.1445853403959078,0.12328071356698296,0.2517158672719034,0.19602450311487934,0.20756614301659138,0.21045804500184137,0.13994965807506846,0.2341066747407513,0.23371067923125416,0.15520791181285265,0.18045843979564571,0.16931772197765743,0.2860483221256317,0.14748731579876687,0.1818656764403292,0.17887497981176545,0.1699534932063712,0.10347800049265928,0.24036004845278772,0.14094848082119898,0.29062367818420515,0.07119417906371661,0.26640503833552137,0.09728136853193176,0.3035273506154085,0.21045804500184137
63,24,0.11948549718500771,0.08518823726021808,0.1599835718850695,0.18985745477528812,0.06526133080840689,0.3035273506154085,0,False,4,0,0,0,0,0,0,1098,1319,847,1143,1000,1463,1043,1142,444,1304,875,16,17,495,19,537,1130,451,7,76,1289,1164,383,449,0.09603193027648395,0.12578176672152433,0.11806208274783145,0.12328071356698296,0.08719239977467581,0.1503184561720592,0.1217256719115551,0.09256800776941465,0.14746912555509295,0.09332373867824882,0.15333405097346836,0.12198442523228889,0.10280030593763319,0.09553637446305763,0.11537722675621914,0.1071292227927584,0.1599835718850695,0.15145909218312667,0.12781372548187458,0.08974126645978033,0.13368448587793066,0.08518823726021808,0.1445853403959078,0.12328071356698296,0.2517158672719034,0.17968912785530605,0.1902689644318754,0.21045804500184137,0.13994965807506846,0.2341066747407513,0.2142347892953163,0.15520791181285265,0.1654202364793419,0.16931772197765743,0.2860483221256317,0.14748731579876687,0.1818656764403292,0.17887497981176545,0.15579070210584026,0.10347800049265928,0.24036004845278772,0.14094848082119898,0.29062367818420515,0.06526133080840689,0.24420461847422792,0.09728136853193176,0.3035273506154085,0.21045804500184137
64,24,0.1194850473074458,0.08518823726021808,0.1599835718850695,0.1852903182411998,0.05982288657437298,0.3035273506154085,0,False,4,0,0,0,0,0,0,1098,1319,847,1143,1000,1463,1043,1142,444,1304,875,16,17,495,19,537,1130,451,7,76,1289,1164,383,449,0.09603193027648395,0.12578176672152433,0.11779525415231529,0.12328071356698296,0.08719239977467581,0.1503184561720592,0.12226856086774425,0.09256800776941465,0.14611533315067252,0.09332373867824882,0.1571472622221782,0.12198442523228889,0.10280030593763319,0.09553637446305763,0.11537722675621914,0.10432005874716807,0.1599835718850695,0.15145909218312667,0.131160257896595,0.0864576218242017,0.13368448587793066,0.08518823726021808,0.1445853403959078,0.12328071356698296,0.2517158672719034,0.17968912785530605,0.17441321739588578,0.21045804500184137,0.13994965807506846,0.2341066747407513,0.1963818901873733,0.15520791181285265,0.15163521677273006,0.16931772197765743,0.2622109619484957,0.14748731579876687,0.1818656764403292,0.17887497981176545,0.15579070210584026,0.09485483378493767,0.24036004845278772,0.14094848082119898,0.26640503833552137,0.05982288657437298,0.24420461847422792,0.09728136853193176,0.3035273506154085,0.21045804500184137
65,24,0.117203188695714,0.08281056079949053,0.16187730112799256,0.18155851452862456,0.05483764602650856,0.26640503833552137,0,False,4,0,0,0,0,0,0,1098,1319,847,1143,1000,1463,1043,1142,444,1304,875,16,17,495,19,537,1130,451,7,76,1289,1164,1569,449,0.09747821698636824,0.12512615060872478,0.11779525415231529,0.12328071356698296,0.08719239977467581,0.1503184561720592,0.12226856086774425,0.09256800776941465,0.14611533315067252,0.0949553286685722,0.1571472622221782,0.12198442523228889,0.10280030593763319,0.09553637446305763,0.11401012484700133,0.10432005874716807,0.16187730112799256,0.14904356410483113,0.131160257896595,0.08316734348788363,0.13368448587793066,0.08281056079949053,0.0949553286685722,0.12328071356698296,0.2307395449992448,0.16471503386736389,0.17441321739588578,0.21045804500184137,0.13994965807506846,0.2341066747407513,0.1963818901873733,0.15520791181285265,0.15163521677273006,0.238541245146186,0.2622109619484957,0.14748731579876687,0.1818656764403292,0.17887497981176545,0.14280814359702024,0.09485483378493767,0.2203300444150554,0.12920277408609906,0.26640503833552137,0.05483764602650856,0.24420461847422792,0.08917458782093744,0.238541245146186,0.21045804500184137
66,24,0.11755608017575954,0.08281056079949053,0.16187730112799256,0.19096521775955907,0.05483764602650856,0.3019961413840038,0,False,5,0,0,0,0,0,0,1098,1319,1587,847,1143,1000,1463,1043,1142,444,1304,875,16,17,495,19,537,1130,451,7,76,1289,1164,1593,0.09747821698636824,0.12512615060872478,0.12688981685109874,0.11779525415231529,0.12688981685109874,0.08719239977467581,0.1503184561720592,0.12226856086774425,0.09145624163197233,0.14611533315067252,0.09850699882055709,0.1571472622221782,0.12198442523228889,0.10280030593763319,0.09553637446305763,0.11225030081958347,0.10133949756091976,0.16187730112799256,0.14904356410483113,0.131160257896595,0.08316734348788363,0.13368448587793066,0.08281056079949053,0.09850699882055709,0.2307395449992448,0.16471503386736389,0.2762532079183546,0.17441321739588578,0.2762532079183546,0.13994965807506846,0.2341066747407513,0.1963818901873733,0.1422739191617816,0.15163521677273006,0.3019961413840038,0.2622109619484957,0.14748731579876687,0.1818656764403292,0.17887497981176545,0.1309074649639352,0.08695026430285953,0.2203300444150554,0.12920277408609906,0.26640503833552137,0.05483764602650856,0.24420461847422792,0.08917458782093744,0.3019961413840038
67,24,0.11736564202888533,0.08031666912980621,0.16187730112799256,0.18742249059932847,0.05483764602650856,0.3019961413840038,0,False,5,0,0,0,0,0,0,1098,1319,1587,847,1143,1000,1463,1043,1142,444,1304,875,16,17,495,19,537,1130,451,7,76,1289,1164,1593,0.09747821698636824,0.12512615060872478,0.12688981685109874,0.11779525415231529,0.12688981685109874,0.08719239977467581,0.15183160952766672,0.12226856086774425,0.09145624163197233,0.14611533315067252,0.10140870405778205,0.1571472622221782,0.12198442523228889,0.10280030593763319,0.0950167375376232,0.11225030081958347,0.09822637968161264,0.16187730112799256,0.14618483646144342,0.131160257896595,0.08316734348788363,0.13368448587793066,0.08031666912980621,0.09850699882055709,0.2307395449992448,0.16471503386736389,0.2762532079183546,0.17441321739588578,0.2762532079183546,0.13994965807506846,0.21459778517902203,0.1963818901873733,0.1422739191617816,0.15163521677273006,0.27682979626867016,0.2622109619484957,0.14748731579876687,0.1818656764403292,0.16396873149411834,0.1309074649639352,0.0797044089442879,0.2203300444150554,0.11843587624559081,0.26640503833552137,0.05483764602650856,0.24420461847422792,0.08174337216919265,0.3019961413840038
68,24,0.11779669243392116,0.07773591231629164,0.16187730112799256,0.18559098495285475,0.05026784219096618,0.27682979626867016,0,False,5,0,0,0,0,0,0,1098,1319,1587,847,1143,1000,1463,1043,1641,1142,444,1304,875,16,17,495,19,537,1130,451,76,1289,1164,1593,0.09747821698636824,0.12395298476499601,0.12688981685109874,0.11779525415231529,0.12688981685109874,0.08719239977467581,0.15183160952766672,0.12226856086774425,0.14793538215283217,0.09145624163197233,0.14793538215283217,0.10140870405778205,0.1571472622221782,0.12198442523228889,0.10280030593763319,0.09410620004389396,0.11225030081958347,0.09501586431683762,0.16187730112799256,0.14618483646144342,0.07989065022886987,0.13368448587793066,0.07773591231629164,0.10140870405778205,0.2307395449992448,0.15098878104508356,0.2762532079183546,0.17441321739588578,0.2762532079183546,0.13994965807506846,0.21459778517902203,0.1963818901873733,0.22233228204166922,0.1422739191617816,0.22233228204166922,0.27682979626867016,0.2622109619484957,0.14748731579876687,0.1818656764403292,0.15030467053627514,0.1309074649639352,0.07306237486559725,0.2203300444150554,0.11843587624559081,0.05026784219096618,0.24420461847422792,0.0749314244884266,0.27682979626867016
69,24,0.11747341672951601,0.07773591231629164,0.16187730112799256,0.18228799378724336,0.05026784219096618,0.27682979626867016,0,False,5,0,0,0,0,0,0,1098,1319,1587,847,1143,1000,1463,1043,1641,1142,444,1304,875,16,17,495,19,537,1130,451,76,1289,1164,1593,0.09747821698636824,0.12231964044645527,0.12688981685109874,0.11779525415231529,0.12688981685109874,0.08577782091437729,0.15252427583038902,0.12220127753890193,0.14793538215283217,0.09145624163197233,0.14793538215283217,0.10140870405778205,0.1571472622221782,0.12198442523228889,0.10280030593763319,0.09410620004389396,0.1101498666055162,0.09501586431683762,0.16187730112799256,0.1429491939747462,0.07989065022886987,0.13368448587793066,0.07773591231629164,0.10140870405778205,0.2307395449992448,0.13840638262465993,0.2762532079183546,0.17441321739588578,0.2762532079183546,0.12828718656881274,0.19671463641410353,0.18001673267175883,0.22233228204166922,0.1422739191617816,0.22233228204166922,0.27682979626867016,0.2622109619484957,0.14748731579876687,0.1818656764403292,0.15030467053627514,0.11999850955027394,0.07306237486559725,0.2203300444150554,0.10856621989179156,0.05026784219096618,0.24420461847422792,0.0749314244884266,0.27682979626867016
70,24,0.1168647918759566,0.07509466547558756,0.16187730112799256,0.17865648598934256,0.046078855341718995,0.27682979626867016,0,False,5,0,0,0,0,0,0,1098,1319,1587,847,1143,1000,1463,1043,1641,1142,444,1304,875,16,17,495,19,537,1130,451,76,1289,1164,1593,0.09747821698636824,0.12231964044645527,0.12688981685109874,0.11779525415231529,0.12688981685109874,0.08577782091437729,0.15252427583038902,0.1215754793338896,0.14893256819917858,0.09003107960674443,0.14793538215283217,0.10140870405778205,0.1571472622221782,0.12025902085223342,0.10280030593763319,0.09410620004389396,0.10775897285935693,0.09501586431683762,0.16187730112799256,0.13939927795952015,0.076644888909482,0.13368448587793066,0.07509466547558756,0.10140870405778205,0.2307395449992448,0.13840638262465993,0.2762532079183546,0.17441321739588578,0.2762532079183546,0.12828718656881274,0.19671463641410353,0.16501533828244558,0.2038045918715301,0.13041775923163312,0.22233228204166922,0.27682979626867016,0.2622109619484957,0.1351967061488696,0.1818656764403292,0.15030467053627514,0.10999863375441778,0.07306237486559725,0.2203300444150554,0.09951903490080893,0.046078855341718995,0.24420461847422792,0.06868713911439105,0.27682979626867016
71,24,0.11688800467026632,0.07509466547558756,0.16187730112799256,0.17724243197718872,0.046078855341718995,0.27682979626867016,0,False,5,0,0,0,0,0,0,1098,1319,1587,847,1143,1000,1463,1043,1641,1142,444,1304,875,16,17,495,19,537,1130,451,76,1289,1164,1593,0.09747821698636824,0.12231964044645527,0.12688981685109874,0.11779525415231529,0.12688981685109874,0.08577782091437729,0.15252427583038902,0.1215754793338896,0.14893256819917858,0.08833429574008358,0.14793538215283217,0.1036625949878765,0.1571472622221782,0.12025902085223342,0.10280030593763319,0.09410620004389396,0.10775897285935693,0.09501586431683762,0.16187730112799256,0.13939927795952015,0.076644888909482,0.13368448587793066,0.07509466547558756,0.10140870405778205,0.2307395449992448,0.13840638262465993,0.2762532079183546,0.17441321739588578,0.2762532079183546,0.12828718656881274,0.19671463641410353,0.16501533828244558,0.2038045918715301,0.11954961262899702,0.22233228204166922,0.2537606465796143,0.2622109619484957,0.1351967061488696,0.1818656764403292,0.15030467053627514,0.10999863375441778,0.07306237486559725,0.2203300444150554,0.09951903490080893,0.046078855341718995,0.24420461847422792,0.06868713911439105,0.27682979626867016
72,24,0.11651859304398719,0.07241639523532166,0.16187730112799256,0.1729973326764543,0.046078855341718995,0.27682979626867016,0,False,5,0,0,0,0,0,0,1098,1319,1587,847,1143,1000,1463,1043,1641,1142,444,1304,875,16,17,495,19,537,1130,451,76,1289,1164,1593,0.0983666495562332,0.12231964044645527,0.12688981685109874,0.11779525415231529,0.12688981685109874,0.08577782091437729,0.15252427583038902,0.12044573473430949,0.1491604007546701,0.08640606221021317,0.14793538215283217,0.1036625949878765,0.1599835718850695,0.12025902085223342,0.10280030593763319,0.09410620004389396,0.10775897285935693,0.09173945467521813,0.16187730112799256,0.13559348215190908,0.076644888909482,0.13368448587793066,0.07241639523532166,0.10140870405778205,0.21151124958264106,0.13840638262465993,0.2762532079183546,0.17441321739588578,0.2762532079183546,0.12828718656881274,0.19671463641410353,0.15126406009224178,0.18682087588223592,0.10958714490991393,0.22233228204166922,0.2537606465796143,0.24036004845278772,0.1351967061488696,0.1818656764403292,0.15030467053627514,0.10999863375441778,0.06697384362679747,0.2203300444150554,0.09122578199240819,0.046078855341718995,0.24420461847422792,0.06296321085485845,0.27682979626867016
73,24,0.11624593617538403,0.07533890557394432,0.16187730112799256,0.1765017296310336,0.06139268999123101,0.27682979626867016,0,False,5,0,0,0,0,0,0,1098,1319,1587,847,1143,1000,1463,1043,1641,1142,444,1304,875,16,1772,495,19,537,1130,451,76,1289,17,1593,0.0983666495562332,0.12231964044645527,0.12688981685109874,0.11779525415231529,0.12688981685109874,0.08577782091437729,0.15252427583038902,0.12044573473430949,0.14867962600221107,0.08640606221021317,0.14793538215283217,0.1036625949878765,0.1599835718850695,0.12025902085223342,0.07533890557394432,0.09284835784492586,0.10512511868353969,0.08842510007587741,0.16187730112799256,0.13559348215190908,0.07533890557394432,0.13368448587793066,0.10232683981465825,0.10140870405778205,0.21151124958264106,0.13840638262465993,0.2762532079183546,0.17441321739588578,0.2762532079183546,0.12828718656881274,0.19671463641410353,0.15126406009224178,0.17125246955871626,0.10958714490991393,0.22233228204166922,0.2537606465796143,0.24036004845278772,0.1351967061488696,0.12557228406324242,0.13777928132491887,0.10083208094154962,0.06139268999123101,0.2203300444150554,0.09122578199240819,0.12557228406324242,0.24420461847422792,0.1667102034036351,0.27682979626867016
74,24,0.1159712329720567,0.07381876641226373,0.16187730112799256,0.1732369469195344,0.06139268999123101,0.27682979626867016,0,False,5,0,0,0,0,0,0,1098,1319,1587,847,1143,1000,1463,1043,1641,1142,444,1304,875,16,1772,495,19,537,1130,451,76,1289,17,1593,0.0983666495562332,0.12231964044645527,0.12688981685109874,0.11779525415231529,0.12688981685109874,0.08577782091437729,0.15252427583038902,0.12044573473430949,0.14867962600221107,0.08428440297466654,0.14893256819917858,0.10528408498129631,0.1599835718850695,0.12025902085223342,0.07381876641226373,0.0912865081799325,0.10512511868353969,0.08842510007587741,0.16187730112799256,0.1315855772945074,0.07533890557394432,0.13368448587793066,0.10232683981465825,0.10140870405778205,0.21151124958264106,0.13840638262465993,0.2762532079183546,0.17441321739588578,0.2762532079183546,0.12828718656881274,0.19671463641410353,0.15126406009224178,0.17125246955871626,0.10045488283408777,0.2038045918715301,0.2326139260313131,0.24036004845278772,0.1351967061488696,0.11510792705797221,0.1262976745478423,0.10083208094154962,0.06139268999123101,0.2203300444150554,0.08362363349304083,0.12557228406324242,0.24420461847422792,0.1667102034036351,0.27682979626867016
75,24,0.115608348028388,0.0721176136274005,0.16287709624421254,0.16823563415060142,0.056276632491961756,0.2762532079183546,0,False,5,0,0,0,0,0,0,1098,1319,1587,847,1143,1000,1463,1043,1641,1142,444,1304,875,16,1772,495,19,537,1130,451,76,1289,17,1593,0.09873001445550587,0.12231964044645527,0.12688981685109874,0.1170082304162206,0.12688981685109874,0.08577782091437729,0.1524545511084047,0.12044573473430949,0.14867962600221107,0.082004813176151,0.14893256819917858,0.10528408498129631,0.1599835718850695,0.12025902085223342,0.0721176136274005,0.0912865081799325,0.10512511868353969,0.08509735457332171,0.16287709624421254,0.1274245242448848,0.07533890557394432,0.13368448587793066,0.10232683981465825,0.1036625949878765,0.19388531211742097,0.13840638262465993,0.2762532079183546,0.1598787826128953,0.2762532079183546,0.12828718656881274,0.18032175004626155,0.15126406009224178,0.17125246955871626,0.09208364259791378,0.2038045918715301,0.2326139260313131,0.24036004845278772,0.1351967061488696,0.1055155998031412,0.1262976745478423,0.10083208094154962,0.056276632491961756,0.20196920738046745,0.07665499736862076,0.12557228406324242,0.24420461847422792,0.1667102034036351,0.2537606465796143
76,24,0.11522403801485465,0.0721176136274005,0.16287709624421254,0.16542713749532179,0.05158691311763161,0.2762532079183546,0,False,5,0,0,0,0,0,0,1098,1319,1587,847,1143,1000,1463,1043,1641,1142,444,1304,875,16,1772,495,19,537,1130,451,76,1289,17,1593,0.09873001445550587,0.12231964044645527,0.12688981685109874,0.1170082304162206,0.12688981685109874,0.08577782091437729,0.15168678305668587,0.12044573473430949,0.14867962600221107,0.07960001915148342,0.14893256819917858,0.10528408498129631,0.1599835718850695,0.12025902085223342,0.0721176136274005,0.0912865081799325,0.10229266921165169,0.08177757496505643,0.16287709624421254,0.1274245242448848,0.07381876641226373,0.13368448587793066,0.10232683981465825,0.10528408498129631,0.19388531211742097,0.13840638262465993,0.2762532079183546,0.1598787826128953,0.2762532079183546,0.12828718656881274,0.16529493754240643,0.15126406009224178,0.17125246955871626,0.0844100057147543,0.2038045918715301,0.2326139260313131,0.24036004845278772,0.1351967061488696,0.1055155998031412,0.1262976745478423,0.09242940752975382,0.05158691311763161,0.20196920738046745,0.07665499736862076,0.11510792705797221,0.24420461847422792,0.1667102034036351,0.2326139260313131
77,24,0.11475033587149903,0.0721176136274005,0.16287709624421254,0.16187369655383535,0.05158691311763161,0.2762532079183546,0,False,5,0,0,0,0,0,0,1098,1319,1587,847,1143,1000,1463,1043,1641,1142,444,1304,875,16,1772,495,19,537,1130,451,76,1289,17,1593,0.09873001445550587,0.12231964044645527,0.12968910000055692,0.1170082304162206,0.12688981685109874,0.08577782091437729,0.15028899728698647,0.1188677706799032,0.14867962600221107,0.07960001915148342,0.14893256819917858,0.10528408498129631,0.1599835718850695,0.11815058607284755,0.0721176136274005,0.0894627636082135,0.09930254970519915,0.08177757496505643,0.16287709624421254,0.12315443833655493,0.07381876641226373,0.13368448587793066,0.10232683981465825,0.10528408498129631,0.19388531211742097,0.13840638262465993,0.2532321072584917,0.1598787826128953,0.2762532079183546,0.12828718656881274,0.15152035941387254,0.13865872175122163,0.17125246955871626,0.0844100057147543,0.2038045918715301,0.2326139260313131,0.24036004845278772,0.12393031396979713,0.1055155998031412,0.1157728683355221,0.08472695690227433,0.05158691311763161,0.20196920738046745,0.0702670809212357,0.11510792705797221,0.24420461847422792,0.1667102034036351,0.2326139260313131
78,24,0.11447095244413497,0.0721176136274005,0.16287709624421254,0.15662082613467862,0.04728800369116231,0.2532321072584917,0,False,5,0,0,0,0,0,0,1098,1319,1587,847,1143,1000,1463,1043,1641,1142,444,1304,875,16,1772,495,19,537,1130,451,76,1289,17,1593,0.09873001445550587,0.12231964044645527,0.12968910000055692,0.1170082304162206,0.12968910000055692,0.08577782091437729,0.14833070345327518,0.11689702626241912,0.14867962600221107,0.07960001915148342,0.14893256819917858,0.1062994541137173,0.1599835718850695,0.11815058607284755,0.0721176136274005,0.0894627636082135,0.09930254970519915,0.07848414407072095,0.16287709624421254,0.11881467156395874,0.0721176136274005,0.1354126509098832,0.10232683981465825,0.1062994541137173,0.19388531211742097,0.13840638262465993,0.2532321072584917,0.1598787826128953,0.2532321072584917,0.12828718656881274,0.1388936627960498,0.12710382827195316,0.17125246955871626,0.0844100057147543,0.2038045918715301,0.21322943219537033,0.24036004845278772,0.12393031396979713,0.1055155998031412,0.1157728683355221,0.08472695690227433,0.04728800369116231,0.20196920738046745,0.06441149084446605,0.1055155998031412,0.22385423360137557,0.1667102034036351,0.21322943219537033
79,24,0.11417281980799891,0.07026662192263466,0.16287709624421254,0.15344039760952097,0.04728800369116231,0.2532321072584917,0,False,5,0,0,0,0,0,0,1098,1319,1587,847,1143,1000,1463,1043,1641,1142,444,1304,875,16,1772,495,19,537,1130,451,76,1289,17,1593,0.09873001445550587,0.12231964044645527,0.12968910000055692,0.1170082304162206,0.12968910000055692,0.08577782091437729,0.14833070345327518,0.11689702626241912,0.14867962600221107,0.07960001915148342,0.1491604007546701,0.10674348063652421,0.1599835718850695,0.11815058607284755,0.07026662192263466,0.08741737459752168,0.09930254970519915,0.07848414407072095,0.16287709624421254,0.11443998341104532,0.0721176136274005,0.1354126509098832,0.10232683981465825,0.10674348063652421,0.19388531211742097,0.13840638262465993,0.2532321072584917,0.1598787826128953,0.2532321072584917,0.12828718656881274,0.1388936627960498,0.12710382827195316,0.17125246955871626,0.0844100057147543,0.18682087588223592,0.19546031284575613,0.24036004845278772,0.12393031396979713,0.09672263315287942,0.10612512930756192,0.08472695690227433,0.04728800369116231,0.20196920738046745,0.05904386660742721,0.1055155998031412,0.22385423360137557,0.1667102034036351,0.19546031284575613
80,24,0.11385653647309228,0.07026662192263466,0.16287709624421254,0.1504008902238382,0.04728800369116231,0.2532321072584917,0,False,5,0,0,0,0,0,0,1098,1319,1587,847,1143,1000,1463,1043,1641,1142,444,1304,875,16,1772,495,19,537,1130,451,76,1289,17,1593,0.09873001445550587,0.12028316473245862,0.12968910000055692,0.1170082304162206,0.1316981984679415,0.08577782091437729,0.14833070345327518,0.11458749906009484,0.14867962600221107,0.07709985464068482,0.1491604007546701,0.10674348063652421,0.1599835718850695,0.11815058607284755,0.07026662192263466,0.08741737459752168,0.09930254970519915,0.07848414407072095,0.16287709624421254,0.11443998341104532,0.07026662192263466,0.1354126509098832,0.10142410044140027,0.10674348063652421,0.19388531211742097,0.12687251740593827,0.2532321072584917,0.1598787826128953,0.23212943165361738,0.12828718656881274,0.1388936627960498,0.11651184258262372,0.17125246955871626,0.0773758385718581,0.18682087588223592,0.19546031284575613,0.24036004845278772,0.12393031396979713,0.09672263315287942,0.10612512930756192,0.08472695690227433,0.04728800369116231,0.20196920738046745,0.05904386660742721,0.09672263315287942,0.22385423360137557,0.15281768645333216,0.19546031284575613
81,24,0.11324555749818359,0.06829473168968789,0.16287709624421254,0.14627223559733996,0.043347336716898784,0.2532321072584917,0,False,5,0,0,0,0,0,0,1098,1319,1587,847,1143,1000,1463,1043,1641,1142,444,1304,875,16,1772,495,19,537,1130,451,76,1289,17,1593,0.09873001445550587,0.12028316473245862,0.12968910000055692,0.1170082304162206,0.1316981984679415,0.08577782091437729,0.14588108366247,0.11199086030958101,0.14867962600221107,0.07453123050143702,0.14867962600221107,0.10665720596794107,0.1599835718850695,0.11815058607284755,0.07026662192263466,0.08518823726021808,0.09930254970519915,0.07523270791127037,0.16287709624421254,0.11443998341104532,0.06829473168968789,0.1363835513433844,0.10142410044140027,0.10674348063652421,0.19388531211742097,0.12687251740593827,0.2532321072584917,0.1598787826128953,0.23212943165361738,0.12828718656881274,0.127319190896379,0.10680252236740508,0.17125246955871626,0.07092785202420326,0.17125246955871626,0.17917195344194312,0.24036004845278772,0.12393031396979713,0.09672263315287942,0.09728136853193176,0.08472695690227433,0.043347336716898784,0.20196920738046745,0.05904386660742721,0.08866241372347279,0.20519971413459426,0.15281768645333216,0.19546031284575613
82,24,0.11271938780166908,0.06829473168968789,0.16304242271333555,0.14236065812909918,0.043347336716898784,0.2532321072584917,0,False,5,0,0,0,0,0,0,1098,1319,1587,847,1143,1000,1463,1043,1641,1142,444,1304,875,16,1772,495,19,537,1130,451,76,1289,17,1593,0.09860670706028392,0.12028316473245862,0.12968910000055692,0.1170082304162206,0.1316981984679415,0.08577782091437729,0.143007546425465,0.11199086030958101,0.14867962600221107,0.07191817750903785,0.14755556587000856,0.1060859050129116,0.1599835718850695,0.11815058607284755,0.07026662192263466,0.08281056079949053,0.09619208569231352,0.07523270791127037,0.16304242271333555,0.11443998341104532,0.06829473168968789,0.1363835513433844,0.10142410044140027,0.10674348063652421,0.17772820277430254,0.12687251740593827,0.2532321072584917,0.1598787826128953,0.23212943165361738,0.12828718656881274,0.11670925832168075,0.10680252236740508,0.17125246955871626,0.06501719768885299,0.15698143042882323,0.16424095732178118,0.24036004845278772,0.12393031396979713,0.09672263315287942,0.08917458782093744,0.07766637716041813,0.043347336716898784,0.18513844009876182,0.05904386660742721,0.08866241372347279,0.20519971413459426,0.15281768645333216,0.19546031284575613
83,24,0.11210143721447952,0.06622849169672763,0.16244033727316298,0.1389338115199988,0.043347336716898784,0.2532321072584917,0,False,5,0,0,0,0,0,0,1098,1319,1587,847,1143,1000,1463,1043,1641,1142,444,1304,875,16,1772,495,19,537,1130,451,76,1289,17,1593,0.09860670706028392,0.12028316473245862,0.12968910000055692,0.1170082304162206,0.1316981984679415,0.08577782091437729,0.143007546425465,0.10915580916346196,0.14867962600221107,0.06928194436810853,0.14755556587000856,0.10507730428269844,0.16187730112799256,0.11815058607284755,0.07026662192263466,0.08281056079949053,0.09299496076450411,0.07523270791127037,0.16244033727316298,0.11006077545377642,0.06622849169672763,0.1363835513433844,0.10142410044140027,0.10674348063652421,0.17772820277430254,0.12687251740593827,0.2532321072584917,0.1598787826128953,0.23212943165361738,0.12828718656881274,0.11670925832168075,0.09790231217012131,0.17125246955871626,0.05959909788144857,0.15698143042882323,0.1505542108782994,0.2203300444150554,0.12393031396979713,0.09672263315287942,0.08917458782093744,0.07119417906371661,0.043347336716898784,0.16971023675719832,0.05412354439014161,0.08127387924651672,0.20519971413459426,0.15281768645333216,0.19546031284575613
84,24,0.11169262642546925,0.06622849169672763,0.16187730112799256,0.13673526627712876,0.043347336716898784,0.2532321072584917,0,False,5,0,0,0,0,0,0,1098,1319,1587,847,1143,1000,1463,1043,1641,1142,444,1304,875,16,1772,495,19,537,1130,451,76,1289,17,1593,0.09860670706028392,0.12028316473245862,0.12968910000055692,0.1170082304162206,0.1316981984679415,0.08577782091437729,0.143007546425465,0.1061276335952065,0.14867962600221107,0.06928194436810853,0.14755556587000856,0.10507730428269844,0.16187730112799256,0.11815058607284755,0.07026662192263466,0.08031666912980621,0.08974126645978033,0.07523270791127037,0.1611426187731565,0.11006077545377642,0.06622849169672763,0.1366455724498082,0.10142410044140027,0.10674348063652421,0.17772820277430254,0.12687251740593827,0.2532321072584917,0.1598787826128953,0.23212943165361738,0.12828718656881274,0.11670925832168075,0.08974378615594453,0.17125246955871626,0.05959909788144857,0.15698143042882323,0.1505542108782994,0.2203300444150554,0.12393031396979713,0.09672263315287942,0.08174337216919265,0.06526133080840689,0.043347336716898784,0.15556771702743177,0.05412354439014161,0.08127387924651672,0.1880997379567114,0.15281768645333216,0.19546031284575613
85,24,0.11100260378829681,0.06409199124296046,0.16187730112799256,0.13442886880289012,0.043347336716898784,0.2532321072584917,0,False,5,0,0,0,0,0,0,1098,1319,1587,847,1143,1000,1463,1043,1641,1142,444,1304,875,16,1772,495,19,537,1130,451,76,1289,17,1593,0.09860670706028392,0.11789909905662853,0.12968910000055692,0.1170082304162206,0.1316981984679415,0.0841109878549417,0.143007546425465,0.10294794524160142,0.14867962600221107,0.0666411356650689,0.14755556587000856,0.10507730428269844,0.16187730112799256,0.11815058607284755,0.06829473168968789,0.07773591231629164,0.08974126645978033,0.07523270791127037,0.1611426187731565,0.11006077545377642,0.06409199124296046,0.1366455724498082,0.10142410044140027,0.10674348063652421,0.17772820277430254,0.11629980762211008,0.2532321072584917,0.1598787826128953,0.23212943165361738,0.11759658768807835,0.11670925832168075,0.08226513730961581,0.17125246955871626,0.054632506391327856,0.15698143042882323,0.1505542108782994,0.2203300444150554,0.12393031396979713,0.08866241372347279,0.0749314244884266,0.06526133080840689,0.043347336716898784,0.15556771702743177,0.05412354439014161,0.07450105597597366,0.1880997379567114,0.15281768645333216,0.19546031284575613
86,24,0.11063488279291699,0.06190686343071516,0.16287709624421254,0.13238802750308518,0.039735058657157214,0.2532321072584917,0,False,5,0,0,0,0,0,0,1098,1319,1587,847,1143,1000,1463,1043,1641,1142,444,1304,875,16,1772,495,19,537,1130,451,76,1289,17,1593,0.09860670706028392,0.11789909905662853,0.12968910000055692,0.1170082304162206,0.1316981984679415,0.0841109878549417,0.143007546425465,0.10294794524160142,0.14867962600221107,0.0666411356650689,0.14755556587000856,0.10507730428269844,0.16287709624421254,0.11815058607284755,0.06829473168968789,0.07773591231629164,0.08974126645978033,0.07203641783397935,0.1611426187731565,0.10570336900656044,0.06190686343071516,0.1366455724498082,0.10142410044140027,0.10665720596794107,0.17772820277430254,0.11629980762211008,0.2532321072584917,0.1598787826128953,0.23212943165361738,0.11759658768807835,0.11670925832168075,0.08226513730961581,0.17125246955871626,0.054632506391327856,0.15698143042882323,0.1505542108782994,0.20196920738046745,0.12393031396979713,0.08866241372347279,0.0749314244884266,0.06526133080840689,0.039735058657157214,0.15556771702743177,0.04961324902429647,0.06829263464464252,0.1880997379567114,0.15281768645333216,0.17917195344194312
87,24,0.10997478809727361,0.06190686343071516,0.16287709624421254,0.12873257036298766,0.039735058657157214,0.2532321072584917,0,False,5,0,0,0,0,0,0,1098,1319,1587,847,1143,1000,1463,1043,1641,1142,444,1304,875,16,1772,495,19,537,1130,451,76,1289,17,1593,0.09860670706028392,0.11522057387768217,0.12968910000055692,0.1170082304162206,0.1329502646613141,0.0841109878549417,0.143007546425465,0.09965455688442923,0.14755556587000856,0.0666411356650689,0.14585582048947962,0.10507730428269844,0.16287709624421254,0.11815058607284755,0.06622849169672763,0.07773591231629164,0.08974126645978033,0.07203641783397935,0.1592232990291003,0.10139030890361339,0.06190686343071516,0.1366455724498082,0.10142410044140027,0.10665720596794107,0.17772820277430254,0.10660815698693424,0.2532321072584917,0.1598787826128953,0.21278531234914927,0.11759658768807835,0.11670925832168075,0.07540970920048115,0.15698143042882323,0.054632506391327856,0.14389964455975462,0.1505542108782994,0.20196920738046745,0.12393031396979713,0.08127387924651672,0.0749314244884266,0.06526133080840689,0.039735058657157214,0.1426037406084791,0.045478811605605095,0.06829263464464252,0.1880997379567114,0.15281768645333216,0.17917195344194312
88,24,0.10911510758389292,0.05969234325056577,0.16287709624421254,0.12585243873445595,0.03642380376906078,0.23212943165361738,0,False,5,0,0,0,0,0,0,1098,1319,1587,847,1143,1000,1463,1043,1641,1142,444,1304,875,16,1772,495,19,537,1130,451,76,1289,17,1593,0.09860670706028392,0.11522057387768217,0.1316981984679415,0.1170082304162206,0.1329502646613141,0.0841109878549417,0.13977461664636562,0.09628147376874703,0.14755556587000856,0.0640118770024561,0.14585582048947962,0.10507730428269844,0.16287709624421254,0.11815058607284755,0.06409199124296046,0.07509466547558756,0.0864576218242017,0.06890617071305179,0.1592232990291003,0.10139030890361339,0.05969234325056577,0.1366455724498082,0.10142410044140027,0.10665720596794107,0.17772820277430254,0.10660815698693424,0.23212943165361738,0.1598787826128953,0.21278531234914927,0.11759658768807835,0.10698348679487402,0.06912556676710772,0.15698143042882323,0.050079797525383864,0.14389964455975462,0.1505542108782994,0.20196920738046745,0.12393031396979713,0.07450105597597366,0.06868713911439105,0.05982288657437298,0.03642380376906078,0.1426037406084791,0.045478811605605095,0.06260158175758898,0.1880997379567114,0.15281768645333216,0.17917195344194312
89,24,0.10825606923855886,0.05894739318093086,0.16304242271333555,0.12646213512793417,0.033388486788305714,0.23212943165361738,0,False,6,0,0,0,0,0,0,1098,2156,1319,1587,847,1143,1000,1463,1043,1641,1142,444,1304,875,16,1772,495,19,537,1130,451,1289,17,1593,0.09860670706028392,0.05894739318093086,0.11522057387768217,0.1316981984679415,0.1170082304162206,0.1329502646613141,0.0841109878549417,0.13977461664636562,0.0928589730643994,0.14755556587000856,0.0640118770024561,0.14585582048947962,0.10368006652392361,0.16304242271333555,0.11571339157123035,0.06190686343071516,0.07509466547558756,0.08316734348788363,0.06585084211598556,0.1592232990291003,0.09714067992647732,0.1366455724498082,0.10142410044140027,0.10665720596794107,0.17772820277430254,0.14071811661112324,0.10660815698693424,0.23212943165361738,0.1598787826128953,0.21278531234914927,0.11759658768807835,0.10698348679487402,0.06336510286984874,0.15698143042882323,0.050079797525383864,0.14389964455975462,0.1380080266384411,0.18513844009876182,0.11360278780564737,0.06829263464464252,0.06868713911439105,0.05483764602650856,0.033388486788305714,0.1426037406084791,0.041688910638471334,0.1880997379567114,0.15281768645333216,0.17917195344194312
90,24,0.10738763784850332,0.05800353469502032,0.16304242271333555,0.12358132339903066,0.030606112889280238,0.23212943165361738,0,False,6,0,0,0,0,0,0,1098,2156,1319,1587,847,1143,1000,1463,1043,1641,1142,444,1304,875,16,1772,495,19,537,1130,451,1289,17,1593,0.09860670706028392,0.05800353469502032,0.11522057387768217,0.1316981984679415,0.1170082304162206,0.1329502646613141,0.08222994978136473,0.13977461664636562,0.0928589730643994,0.14755556587000856,0.061407996883550406,0.14364834608397134,0.10368006652392361,0.16304242271333555,0.11571339157123035,0.05969234325056577,0.07509466547558756,0.07989065022886987,0.06287750878499644,0.1592232990291003,0.09297042537422706,0.1366455724498082,0.10142410044140027,0.1060859050129116,0.17772820277430254,0.12899160689352962,0.10660815698693424,0.23212943165361738,0.1598787826128953,0.21278531234914927,0.10779687204740515,0.10698348679487402,0.06336510286984874,0.15698143042882323,0.04590648106493521,0.1319080075131084,0.1380080266384411,0.18513844009876182,0.11360278780564737,0.06260158175758898,0.06868713911439105,0.05026784219096618,0.030606112889280238,0.1426037406084791,0.038214834751932054,0.1880997379567114,0.15281768645333216,0.16424095732178118
91,24,0.10683747992092586,0.05800353469502032,0.16244033727316298,0.12089673362358644,0.030606112889280238,0.21278531234914927,0,False,6,0,0,0,0,0,0,1098,2156,1319,1587,847,1143,1000,1463,1043,1641,1142,444,1304,875,16,1772,495,19,537,1130,451,1289,17,1593,0.09860670706028392,0.05800353469502032,0.11522057387768217,0.1329502646613141,0.1170082304162206,0.1329502646613141,0.08222994978136473,0.13977461664636562,0.0928589730643994,0.14755556587000856,0.058841217005300046,0.14364834608397134,0.10368006652392361,0.16244033727316298,0.11571339157123035,0.05969234325056577,0.07241639523532166,0.076644888909482,0.06287750878499644,0.1592232990291003,0.08889265982252315,0.1366455724498082,0.10013890641594993,0.1060859050129116,0.17772820277430254,0.12899160689352962,0.10660815698693424,0.21278531234914927,0.1598787826128953,0.21278531234914927,0.10779687204740515,0.10698348679487402,0.06336510286984874,0.15698143042882323,0.042080940976190605,0.1319080075131084,0.1380080266384411,0.16971023675719832,0.11360278780564737,0.06260158175758898,0.06296321085485845,0.046078855341718995,0.030606112889280238,0.1426037406084791,0.03503026518927105,0.1880997379567114,0.1400828792488878,0.16424095732178118
92,24,0.10623261247961363,0.05688763405021781,0.16244033727316298,0.11957712450874529,0.030606112889280238,0.21278531234914927,0,False,6,0,0,0,0,0,0,1098,2156,1319,1587,847,1143,1000,1463,1043,1641,1142,444,1304,875,16,1772,495,19,537,1130,451,1289,17,1593,0.09860670706028392,0.05688763405021781,0.11522057387768217,0.1329502646613141,0.1170082304162206,0.1329502646613141,0.08222994978136473,0.13624312463645127,0.0928589730643994,0.14755556587000856,0.058841217005300046,0.14364834608397134,0.10368006652392361,0.16244033727316298,0.11571339157123035,0.05969234325056577,0.06972177649104906,0.07344477128660902,0.06287750878499644,0.1592232990291003,0.08491797025289181,0.1366455724498082,0.10013890641594993,0.1060859050129116,0.17772820277430254,0.11824230631906882,0.10660815698693424,0.21278531234914927,0.1598787826128953,0.21278531234914927,0.10779687204740515,0.09806819622863451,0.06336510286984874,0.15698143042882323,0.042080940976190605,0.1319080075131084,0.1380080266384411,0.16971023675719832,0.11360278780564737,0.06260158175758898,0.05771627661695358,0.042238950729909075,0.030606112889280238,0.1426037406084791,0.03211107642349846,0.1880997379567114,0.1400828792488878,0.16424095732178118
93,24,0.10540395179270745,0.05562547213799658,0.16244033727316298,0.11717868578692665,0.028055603481840215,0.21278531234914927,0,False,6,0,0,0,0,0,0,1098,2156,1319,1587,847,1143,1000,1463,1043,1641,1142,444,1304,875,16,1772,495,19,537,1130,451,1289,17,1593,0.09860670706028392,0.05562547213799658,0.11229764877551157,0.1329502646613141,0.1170082304162206,0.1329502646613141,0.08222994978136473,0.13624312463645127,0.08941374914758465,0.14755556587000856,0.058841217005300046,0.14364834608397134,0.10194254238914592,0.16244033727316298,0.11299912950937202,0.057465366361952874,0.06702884483633195,0.07344477128660902,0.05999165797042084,0.1592232990291003,0.08491797025289181,0.1366455724498082,0.10013890641594993,0.1060859050129116,0.17772820277430254,0.10838878079247975,0.09772414390468971,0.21278531234914927,0.1598787826128953,0.21278531234914927,0.10779687204740515,0.09806819622863451,0.05808467763069468,0.15698143042882323,0.042080940976190605,0.1319080075131084,0.12650735775190436,0.16971023675719832,0.10413588882184341,0.0573847832777899,0.05290658689887411,0.042238950729909075,0.028055603481840215,0.1426037406084791,0.03211107642349846,0.1880997379567114,0.1400828792488878,0.16424095732178118
94,24,0.10498255978642701,0.05424140612280009,0.16244033727316298,0.11567273093500248,0.028055603481840215,0.21278531234914927,0,False,6,0,0,0,0,0,0,1098,2156,1319,1587,847,1143,1000,1463,1043,1641,1142,444,1304,875,16,1772,495,19,537,1130,451,1289,17,1593,0.09860670706028392,0.05424140612280009,0.11229764877551157,0.1329502646613141,0.1170082304162206,0.1329502646613141,0.08222994978136473,0.13624312463645127,0.08941374914758465,0.14755556587000856,0.05632134444594679,0.14364834608397134,0.10194254238914592,0.16244033727316298,0.11299912950937202,0.057465366361952874,0.06435317254485906,0.07030261348957549,0.05999165797042084,0.1592232990291003,0.08491797025289181,0.13625393296213342,0.10013890641594993,0.1060859050129116,0.17772820277430254,0.09935638239310643,0.09772414390468971,0.21278531234914927,0.1598787826128953,0.21278531234914927,0.10779687204740515,0.09806819622863451,0.05808467763069468,0.15698143042882323,0.03857419589484139,0.1319080075131084,0.12650735775190436,0.16971023675719832,0.10413588882184341,0.0573847832777899,0.048497704657301265,0.038719038169083314,0.028055603481840215,0.1426037406084791,0.03211107642349846,0.1724247597936521,0.1400828792488878,0.16424095732178118
95,24,0.10443039600676252,0.052758136060085545,0.16244033727316298,0.11184070260037011,0.028055603481840215,0.19505320298672016,0,False,6,0,0,0,0,0,0,1098,2156,1319,1587,847,1143,1000,1463,1043,1641,1142,444,1304,875,16,1772,495,19,537,1130,451,1289,17,1593,0.09860670706028392,0.052758136060085545,0.11229764877551157,0.13348900870005506,0.11575427032338395,0.13348900870005506,0.08222994978136473,0.13624312463645127,0.08941374914758465,0.14755556587000856,0.05385646079879359,0.14364834608397134,0.0999117766323597,0.16244033727316298,0.11299912950937202,0.05524069662610535,0.06435317254485906,0.07030261348957549,0.05999165797042084,0.1592232990291003,0.08105470148901377,0.13625393296213342,0.10013890641594993,0.10507730428269844,0.17772820277430254,0.09107668386034756,0.09772414390468971,0.19505320298672016,0.14655555072848733,0.19505320298672016,0.10779687204740515,0.09806819622863451,0.05808467763069468,0.15698143042882323,0.03535967957027127,0.1319080075131084,0.11596507793924565,0.16971023675719832,0.10413588882184341,0.05260271800464074,0.048497704657301265,0.038719038169083314,0.028055603481840215,0.1426037406084791,0.02943515338820692,0.1724247597936521,0.1400828792488878,0.1505542108782994
96,24,0.1026594511845227,0.051196560267856996,0.16244033727316298,0.11340845786584469,0.025717636525020196,0.19505320298672016,0,False,7,0,0,0,0,0,0,2306,1098,2156,1319,1587,847,1143,1000,1463,1043,1641,1142,444,1304,875,16,1772,495,19,537,1130,451,17,1593,0.11199252642979104,0.09860670706028392,0.051196560267856996,0.11199252642979104,0.13348900870005506,0.11575427032338395,0.13348900870005506,0.08222994978136473,0.13624312463645127,0.08941374914758465,0.14755556587000856,0.05145310461689779,0.14364834608397134,0.09763274768384272,0.16244033727316298,0.11005632175948518,0.05303107250654152,0.06435317254485906,0.07030261348957549,0.05719738210195811,0.1592232990291003,0.07730922329387582,0.10013890641594993,0.10507730428269844,0.1729137985792989,0.17772820277430254,0.0834869602053186,0.1729137985792989,0.19505320298672016,0.14655555072848733,0.19505320298672016,0.10779687204740515,0.09806819622863451,0.05808467763069468,0.15698143042882323,0.032413039606082,0.1319080075131084,0.10630132144430851,0.16971023675719832,0.0954578980866898,0.04821915817092068,0.048497704657301265,0.038719038169083314,0.025717636525020196,0.1426037406084791,0.026982223939189677,0.1400828792488878,0.1505542108782994
97,24,0.10187875731237139,0.049116444615314614,0.16244033727316298,0.11037811897893313,0.02357450014793518,0.19505320298672016,0,False,7,0,0,0,0,0,0,2306,1098,2156,1319,1587,847,1143,1000,1463,1043,1641,1142,444,1304,875,16,1772,495,19,537,1130,451,17,1593,0.11119756224808985,0.09803887461464394,0.051196560267856996,0.11199252642979104,0.13348900870005506,0.11575427032338395,0.13348900870005506,0.08222994978136473,0.13624312463645127,0.08941374914758465,0.14755556587000856,0.049116444615314614,0.1409998987227193,0.09514781444014432,0.16244033727316298,0.11005632175948518,0.05084736433197402,0.06435317254485906,0.07030261348957549,0.054497558027157604,0.1592232990291003,0.07368617760426156,0.10013890641594993,0.10368006652392361,0.1585043153643573,0.16291751920977732,0.0834869602053186,0.1729137985792989,0.19505320298672016,0.14655555072848733,0.19505320298672016,0.10779687204740515,0.09806819622863451,0.05808467763069468,0.15698143042882323,0.029711952972241832,0.1209156735536827,0.09744287799061613,0.16971023675719832,0.0954578980866898,0.04420089499001062,0.048497704657301265,0.038719038169083314,0.02357450014793518,0.1426037406084791,0.024733705277590536,0.1400828792488878,0.1380080266384411
98,24,0.10086191456492272,0.04685044195257206,0.16244033727316298,0.11537160923839845,0.02160995846894058,0.19505320298672016,0,False,7,0,0,0,0,0,0,2306,1098,2156,1319,1587,847,1143,1000,1463,1043,1641,1142,444,1304,875,16,1772,495,19,537,1130,2370,17,1593,0.10996353253512282,0.09803887461464394,0.04957570380592151,0.11199252642979104,0.13348900870005506,0.11575427032338395,0.13348900870005506,0.0801706219635106,0.13624312463645127,0.08596910575822256,0.14755556587000856,0.04685044195257206,0.1409998987227193,0.09514781444014432,0.16244033727316298,0.11005632175948518,0.05084736433197402,0.06170805827399445,0.06896239096737765,0.05189401061656493,0.1567566039757327,0.06896239096737765,0.10013890641594993,0.10368006652392361,0.14529562241732752,0.16291751920977732,0.07652971352154204,0.1729137985792989,0.19505320298672016,0.14655555072848733,0.19505320298672016,0.09881379937678805,0.09806819622863451,0.05324428782813679,0.15698143042882323,0.02723595689122168,0.1209156735536827,0.09744287799061613,0.16971023675719832,0.0954578980866898,0.04420089499001062,0.04445622926919282,0.11882578498832638,0.02160995846894058,0.1307200955577725,0.11882578498832638,0.1400828792488878,0.1380080266384411
99,24,0.09569666372069847,0.0446580006077335,0.1611426187731565,0.11528274920892405,0.02160995846894058,0.19505320298672016,0,False,7,0,0,0,0,0,0,2306,1098,2156,1319,1587,847,1143,1000,1463,1043,1641,1142,444,1304,875,16,1772,495,19,537,2392,2370,17,1593,0.10996353253512282,0.09803887461464394,0.04957570380592151,0.11199252642979104,0.13336590877052143,0.11575427032338395,0.13348900870005506,0.0779664492067535,0.13246965371951736,0.08254517930664454,0.14755556587000856,0.0446580006077335,0.1409998987227193,0.09514781444014432,0.1611426187731565,0.11005632175948518,0.04995467226797173,0.06170805827399445,0.06744334851218464,0.05189401061656493,0.04995467226797173,0.06896239096737765,0.10013890641594993,0.10194254238914592,0.14529562241732752,0.16291751920977732,0.07652971352154204,0.1729137985792989,0.17879876940449346,0.14655555072848733,0.19505320298672016,0.09057931609538905,0.08989584654291496,0.048807263842458724,0.15698143042882323,0.024966293816953204,0.1209156735536827,0.09744287799061613,0.15556771702743177,0.0954578980866898,0.12385082040750975,0.04445622926919282,0.10892363623929918,0.02160995846894058,0.12385082040750975,0.11882578498832638,0.1400828792488878,0.12650735775190436
100,24,0.09268242930178618,0.04363823683209851,0.1611426187731565,0.11596897771034025,0.019809128596528863,0.19505320298672016,0,False,5,0,0,0,0,0,0,2306,1098,2156,1319,2411,1000,1463,1043,1641,1142,444,1587,847,1143,2392,2370,1304,875,16,1772,495,19,537,17,0.10996353253512282,0.09803887461464394,0.04957570380592151,0.11119756224808985,0.04363823683209851,0.07564819920867026,0.13246965371951736,0.08254517930664454,0.14755556587000856,0.04363823683209851,0.1409998987227193,0.13336590877052143,0.11575427032338395,0.13348900870005506,0.04995467226797173,0.06896239096737765,0.09514781444014432,0.1611426187731565,0.10692992841965897,0.04995467226797173,0.05910472269506075,0.0657750845453151,0.049387660960765946,0.10013890641594993,0.14529562241732752,0.16291751920977732,0.07652971352154204,0.1585043153643573,0.10621910266554044,0.08303103975410663,0.08989584654291496,0.048807263842458724,0.15698143042882323,0.10621910266554044,0.1209156735536827,0.17879876940449346,0.14655555072848733,0.19505320298672016,0.12385082040750975,0.11882578498832638,0.09744287799061613,0.15556771702743177,0.08750307324613231,0.12385082040750975,0.040751543496760086,0.09984666655269091,0.019809128596528863,0.1400828792488878
101,24,0.08969204834545363,0.04252658398349561,0.1611426187731565,0.117659921842582,0.019809128596528863,0.19505320298672016,0,False,5,0,0,0,0,0,0,2306,1098,2156,1319,2411,1000,1463,1043,1641,1142,444,1587,847,1143,2392,2370,1304,2433,16,1772,495,19,537,875,0.10996353253512282,0.0970707908140445,0.04791270557882659,0.11119756224808985,0.04252658398349561,0.07564819920867026,0.13246965371951736,0.08254517930664454,0.14755556587000856,0.04362334089941059,0.13797481948865825,0.13336590877052143,0.11575427032338395,0.13348900870005506,0.04892312465083584,0.06744334851218464,0.09249634189205791,0.04362334089941059,0.1036611236476785,0.04995467226797173,0.05910472269506075,0.0657750845453151,0.049387660960765946,0.1611426187731565,0.14529562241732752,0.1493410592756292,0.07015223739474687,0.1585043153643573,0.0973675107767454,0.08303103975410663,0.08989584654291496,0.048807263842458724,0.15698143042882323,0.18070084411007875,0.11083936742420913,0.17879876940449346,0.14655555072848733,0.19505320298672016,0.11352991870688393,0.10892363623929918,0.08932263815806478,0.18070084411007875,0.08021115047562129,0.12385082040750975,0.040751543496760086,0.09984666655269091,0.019809128596528863,0.15556771702743177
102,24,0.08736305728926037,0.041340628149368036,0.14755556587000856,0.12077967818671898,0.019809128596528863,0.22862895575066086,0,False,5,0,0,0,0,0,0,2306,1098,2156,1319,2411,2451,1142,444,1587,847,1143,1000,1463,1043,1641,2370,1304,2433,16,1772,495,19,537,2392,0.10996353253512282,0.09574747753687837,0.04791270557882659,0.11279948251062859,0.041340628149368036,0.11279948251062859,0.04362334089941059,0.13797481948865825,0.13336590877052143,0.11575427032338395,0.13336590877052143,0.07564819920867026,0.13246965371951736,0.08254517930664454,0.14755556587000856,0.06744334851218464,0.09249634189205791,0.04362334089941059,0.1036611236476785,0.04892312465083584,0.05655250402213057,0.06398520395561315,0.049387660960765946,0.04777457122278273,0.14529562241732752,0.1368959710026601,0.07015223739474687,0.22862895575066086,0.08925355154534995,0.22862895575066086,0.18070084411007875,0.11083936742420913,0.17879876940449346,0.14655555072848733,0.17879876940449346,0.08303103975410663,0.08989584654291496,0.048807263842458724,0.15698143042882323,0.10892363623929918,0.08932263815806478,0.18070084411007875,0.08021115047562129,0.11352991870688393,0.037355581538696746,0.09152611100663333,0.019809128596528863,0.10406909214797694
103,24,0.08685069932180667,0.041340628149368036,0.14755556587000856,0.12511005261092467,0.018158367880151457,0.22862895575066086,0,False,5,0,0,0,0,0,0,2306,1098,2156,1319,2411,2451,1142,444,1587,847,2491,1143,1000,1463,1043,1641,2370,1304,2433,16,1772,495,19,537,0.10834162838504316,0.09574747753687837,0.04622285107885199,0.11279948251062859,0.041340628149368036,0.11279948251062859,0.04362334089941059,0.13797481948865825,0.13336590877052143,0.11575427032338395,0.04900667327484962,0.13336590877052143,0.07324386274518072,0.13246965371951736,0.07915918055445184,0.14755556587000856,0.06744334851218464,0.09249634189205791,0.043408260677918656,0.1036611236476785,0.04900667327484962,0.05655250402213057,0.06209913741617451,0.04697865969246314,0.13318765388255022,0.1368959710026601,0.06430621761185129,0.22862895575066086,0.08925355154534995,0.22862895575066086,0.18070084411007875,0.11083936742420913,0.17879876940449346,0.14655555072848733,0.18740242548131028,0.17879876940449346,0.0761117864412644,0.08989584654291496,0.04473999185558716,0.15698143042882323,0.10892363623929918,0.08932263815806478,0.16564244043423884,0.08021115047562129,0.18740242548131028,0.037355581538696746,0.08389893508941387,0.018158367880151457
104,24,0.08454298881002216,0.041340628149368036,0.14755556587000856,0.12797230224655784,0.016645170556805502,0.22862895575066086,0,False,5,0,0,0,0,0,0,2306,1098,2156,1319,2411,2451,1142,444,1587,847,2491,1143,1000,1463,1043,1641,2370,1304,2433,2518,1772,495,19,537,0.10834162838504316,0.09574747753687837,0.044519639440731076,0.11279948251062859,0.041340628149368036,0.11279948251062859,0.043408260677918656,0.1346341273170244,0.13263767992264522,0.11575427032338395,0.04900667327484962,0.13336590877052143,0.07324386274518072,0.13246965371951736,0.07915918055445184,0.14755556587000856,0.0657750845453151,0.09249634189205791,0.0430124421525564,0.06169105694598586,0.04885667215839565,0.05405904891181334,0.06169105694598586,0.04466650617964265,0.13318765388255022,0.1368959710026601,0.058947366144197016,0.22862895575066086,0.08925355154534995,0.22862895575066086,0.16564244043423884,0.1016027534721917,0.163898871954119,0.14655555072848733,0.18740242548131028,0.17879876940449346,0.0761117864412644,0.08989584654291496,0.04473999185558716,0.15698143042882323,0.09984666655269091,0.08932263815806478,0.1518389037313856,0.16024069049862938,0.17178555669120107,0.034242616410472014,0.16024069049862938,0.016645170556805502
105,24,0.08396777610374502,0.040096516168383486,0.14755556587000856,0.12280854203645021,0.015258073010405042,0.22862895575066086,0,False,5,0,0,0,0,0,0,2306,1098,2156,1319,2411,2451,1142,444,1587,847,2491,1143,1000,1463,1043,1641,2370,1304,2433,2518,1772,495,19,537,0.10834162838504316,0.09411357290303286,0.044519639440731076,0.11279948251062859,0.040096516168383486,0.11376028516586621,0.0430124421525564,0.1346341273170244,0.13263767992264522,0.11575427032338395,0.04885667215839565,0.13336590877052143,0.07324386274518072,0.13246965371951736,0.07582564452275545,0.14755556587000856,0.06398520395561315,0.09249634189205791,0.042455769776411495,0.0610361096886345,0.04849454222480808,0.051630495457166824,0.06169105694598586,0.04245015447352864,0.13318765388255022,0.1254879734191051,0.058947366144197016,0.22862895575066086,0.08181575558323745,0.2095765427714391,0.1518389037313856,0.1016027534721917,0.163898871954119,0.14655555072848733,0.17178555669120107,0.17879876940449346,0.0761117864412644,0.08989584654291496,0.0410116592009549,0.15698143042882323,0.09152611100663333,0.08932263815806478,0.13918566175377012,0.14688729962374358,0.15747009363360098,0.03138906504293268,0.16024069049862938,0.015258073010405042
106,24,0.0830239548505815,0.038808910933108294,0.14755556587000856,0.1179448239639807,0.01398656692620462,0.22862895575066086,0,False,5,0,0,0,0,0,0,2306,1098,2156,1319,2411,2451,1142,444,1587,847,2491,1143,1000,1463,1043,1641,2370,1304,2433,2518,1772,495,19,537,0.10638225430607946,0.09411357290303286,0.044519639440731076,0.11279948251062859,0.038808910933108294,0.11411865659807173,0.0430124421525564,0.1346341273170244,0.13263767992264522,0.1140872097266621,0.04849454222480808,0.13336590877052143,0.07324386274518072,0.12850620560681345,0.07255668076527715,0.14755556587000856,0.06209913741617451,0.0897144770709295,0.041758045535488675,0.0610361096886345,0.04849454222480808,0.04927164602215648,0.0610361096886345,0.040328106973980295,0.12208868272567103,0.1254879734191051,0.058947366144197016,0.22862895575066086,0.07499777595130099,0.19211183087381917,0.1518389037313856,0.1016027534721917,0.163898871954119,0.13434258816778005,0.15747009363360098,0.17879876940449346,0.0761117864412644,0.08240452599767205,0.037594020934208654,0.15698143042882323,0.08389893508941387,0.08187908497822605,0.1275868566076226,0.14688729962374358,0.15747009363360098,0.028773309622688287,0.14688729962374358,0.01398656692620462
107,24,0.08153694240564312,0.03749099044964411,0.14755556587000856,0.11526249334360834,0.028773309622688287,0.2095765427714391,0,False,5,0,0,0,0,0,0,2306,1098,2156,1319,2411,2451,1142,444,1587,847,2491,1143,1000,1463,1043,2591,1641,2370,1304,2433,2518,1772,495,537,0.10638225430607946,0.09411357290303286,0.04281487515742658,0.11376028516586621,0.03749099044964411,0.11411865659807173,0.042455769776411495,0.1346341273170244,0.13263767992264522,0.1140872097266621,0.04794247771750997,0.13336590877052143,0.07324386274518072,0.12850620560681345,0.06936221808724874,0.03928621172312401,0.14755556587000856,0.06014005026101806,0.08683504808948453,0.040938572767527825,0.06016267480404463,0.04849454222480808,0.04927164602215648,0.03928621172312401,0.12208868272567103,0.1254879734191051,0.054035085632180596,0.2095765427714391,0.06874796128869257,0.19211183087381917,0.13918566175377012,0.1016027534721917,0.163898871954119,0.13434258816778005,0.1443475858308009,0.17879876940449346,0.0761117864412644,0.08240452599767205,0.034461185856357934,0.09615435301568757,0.15698143042882323,0.07690735716529605,0.0750558278967072,0.11695461855698737,0.13464669132176493,0.15747009363360098,0.028773309622688287,0.09615435301568757
108,24,0.081448449887929,0.036154480708190356,0.14755556587000856,0.11832935318121877,0.04953216182949888,0.2095765427714391,0,False,5,0,0,0,0,0,0,2306,1098,2156,1319,2411,2451,1142,444,1587,2606,2491,1143,1000,1463,1043,2591,1641,2370,1304,2433,2518,847,537,1772,0.10413408632189938,0.09221243318078147,0.04111877641597702,0.11376028516586621,0.036154480708190356,0.11411865659807173,0.041758045535488675,0.1346341273170244,0.13263767992264522,0.06795882734660424,0.04794247771750997,0.13263767992264522,0.07077863937067629,0.12440004444771312,0.06795882734660424,0.03817764660946828,0.14755556587000856,0.05812882329112628,0.08683504808948453,0.040938572767527825,0.06016267480404463,0.1140872097266621,0.03817764660946828,0.04849454222480808,0.11191462583186511,0.11503064230084632,0.04953216182949888,0.2095765427714391,0.06301896451463485,0.19211183087381917,0.1275868566076226,0.1016027534721917,0.163898871954119,0.11492275370166144,0.1443475858308009,0.163898871954119,0.06976913757115903,0.07553748216453271,0.11492275370166144,0.08814149026438027,0.15698143042882323,0.07049841073485472,0.0750558278967072,0.11695461855698737,0.13464669132176493,0.13434258816778005,0.08814149026438027,0.15747009363360098
109,24,0.08293632072771234,0.03480971373648382,0.14755556587000856,0.11717796375434936,0.045404481677040635,0.19211183087381917,0,False,5,0,0,0,0,0,0,2306,1098,2616,1319,2411,2451,2156,1587,2606,2491,1143,1000,1463,1043,2591,1641,1142,444,1304,2433,2518,847,537,2370,0.10426473831191903,0.09008544842572824,0.10426473831191903,0.11411865659807173,0.03480971373648382,0.11411865659807173,0.03944009349724279,0.13136405362286296,0.06795882734660424,0.047222810321815877,0.13263767992264522,0.06827498955965057,0.12019368355529667,0.06638927338849719,0.03701719002455449,0.14755556587000856,0.040938572767527825,0.1346341273170244,0.08683504808948453,0.040015836362782706,0.05909877079456167,0.1140872097266621,0.03701719002455449,0.05812882329112628,0.18592174034587636,0.10544475544244246,0.18592174034587636,0.19211183087381917,0.05776738413841527,0.19211183087381917,0.045404481677040635,0.15024063262460907,0.11492275370166144,0.13231862034490083,0.163898871954119,0.06395504277356244,0.06924269198415497,0.10534585755985632,0.08079636607568191,0.15698143042882323,0.11695461855698737,0.1016027534721917,0.0750558278967072,0.10720840034390508,0.12342613371161786,0.13434258816778005,0.08079636607568191,0.07049841073485472
110,24,0.08145648021611836,0.034328781118440045,0.14755556587000856,0.12082652944176518,0.04162077487062058,0.19211183087381917,0,False,5,0,0,0,0,0,0,2306,1098,2616,1319,2411,2451,2156,1587,2606,2491,1143,1000,1463,1043,2591,1641,1142,2644,444,1304,2433,2518,847,537,0.10426473831191903,0.09008544842572824,0.10426473831191903,0.11411865659807173,0.034328781118440045,0.11391952746058225,0.03778623201177535,0.13136405362286296,0.06795882734660424,0.047222810321815877,0.13263767992264522,0.06827498955965057,0.11592498267459524,0.06468223163930263,0.035818241691996704,0.14755556587000856,0.040938572767527825,0.034328781118440045,0.1346341273170244,0.08683504808948453,0.03900726879322576,0.05909877079456167,0.1140872097266621,0.035818241691996704,0.18592174034587636,0.10544475544244246,0.18592174034587636,0.19211183087381917,0.13628676879354734,0.17610251163433424,0.04162077487062058,0.15024063262460907,0.11492275370166144,0.13231862034490083,0.163898871954119,0.06395504277356244,0.06347246765214205,0.09656703609653496,0.07406333556937508,0.15698143042882323,0.11695461855698737,0.13628676879354734,0.1016027534721917,0.0750558278967072,0.09827436698191298,0.12342613371161786,0.13434258816778005,0.07406333556937508
111,24,0.08089149295302983,0.033737212641909986,0.14585582048947962,0.11714133209209028,0.03815237696473553,0.19211183087381917,0,False,5,0,0,0,0,0,0,2306,1098,2616,1319,2411,2451,2156,1587,2606,2491,1143,1000,1463,1043,2591,1641,1142,2644,444,1304,2433,2518,847,537,0.10426473831191903,0.09008544842572824,0.103902501318,0.11411865659807173,0.033737212641909986,0.11391952746058225,0.036163376902997105,0.13136405362286296,0.06638927338849719,0.047222810321815877,0.13263767992264522,0.06575273667517981,0.11592498267459524,0.06286431620756079,0.034592826854344914,0.14585582048947962,0.040015836362782706,0.034328781118440045,0.1346341273170244,0.08683504808948453,0.03900726879322576,0.05909877079456167,0.1140872097266621,0.034592826854344914,0.18592174034587636,0.10544475544244246,0.17042826198372,0.19211183087381917,0.12492953806075173,0.17610251163433424,0.03815237696473553,0.15024063262460907,0.10534585755985632,0.13231862034490083,0.163898871954119,0.058625455875765564,0.06347246765214205,0.08851978308849037,0.06789139093859382,0.14389964455975462,0.10720840034390508,0.13628676879354734,0.1016027534721917,0.0750558278967072,0.09827436698191298,0.12342613371161786,0.13434258816778005,0.06789139093859382
112,24,0.08024579826871438,0.033351630588320524,0.14585582048947962,0.11731580899875088,0.053740001219451765,0.19211183087381917,0,False,5,0,0,0,0,0,0,2306,1098,2694,1319,2411,2451,2616,1587,2606,2491,1143,1000,1463,1043,2591,2156,1304,2433,2518,847,537,1641,1142,444,0.10426473831191903,0.09008544842572824,0.03546834202081441,0.11411865659807173,0.033737212641909986,0.11321195312275638,0.103902501318,0.13136405362286296,0.06638927338849719,0.047222810321815877,0.13263767992264522,0.06322920463040436,0.11162732786258969,0.06095993668920782,0.033351630588320524,0.03546834202081441,0.08388756127034463,0.03792909041361166,0.05909877079456167,0.1140872097266621,0.033351630588320524,0.14585582048947962,0.040015836362782706,0.1346341273170244,0.18592174034587636,0.10544475544244246,0.11830634555100758,0.19211183087381917,0.12492953806075173,0.16142730233147304,0.17042826198372,0.15024063262460907,0.10534585755985632,0.13231862034490083,0.163898871954119,0.053740001219451765,0.05818309534779688,0.08114313449778283,0.06223377502704434,0.11830634555100758,0.0688011755719816,0.0900848364000869,0.12342613371161786,0.13434258816778005,0.06223377502704434,0.14389964455975462,0.10720840034390508,0.1016027534721917
113,24,0.07972095674347544,0.03210405442413996,0.14364834608397134,0.11328870876864115,0.053740001219451765,0.19211183087381917,0,False,5,0,0,0,0,0,0,2306,1098,2694,1319,2411,2451,2616,1587,2606,2491,1143,1000,1463,1043,2591,2156,1304,2433,2518,847,537,1641,1142,444,0.10426473831191903,0.09008544842572824,0.03468203050860293,0.11411865659807173,0.03305053466055439,0.1120472647779787,0.103902501318,0.13136405362286296,0.06638927338849719,0.047222810321815877,0.13136405362286296,0.06322920463040436,0.11162732786258969,0.058991237042533146,0.03210405442413996,0.03468203050860293,0.08388756127034463,0.03792909041361166,0.05787151621970957,0.1140872097266621,0.03210405442413996,0.14364834608397134,0.040015836362782706,0.1346341273170244,0.18592174034587636,0.10544475544244246,0.10844748342175695,0.19211183087381917,0.11451874322235575,0.1479750271371836,0.17042826198372,0.15024063262460907,0.10534585755985632,0.13231862034490083,0.15024063262460907,0.053740001219451765,0.05818309534779688,0.0743812066229676,0.05704762710812397,0.10844748342175695,0.0688011755719816,0.0900848364000869,0.11314062256898302,0.13434258816778005,0.05704762710812397,0.1319080075131084,0.10720840034390508,0.1016027534721917
114,24,0.078955086479213,0.03085828865972115,0.14364834608397134,0.10887458204596616,0.04926166778449745,0.19211183087381917,0,False,5,0,0,0,0,0,0,2306,1098,2694,1319,2411,2451,2616,1587,2606,2491,1143,1000,1463,1043,2591,2156,1304,2433,2518,847,537,1641,1142,444,0.10426473831191903,0.09008544842572824,0.033819632642678406,0.11411865659807173,0.03228355733007765,0.11047750688724997,0.10309316668319451,0.13136405362286296,0.06638927338849719,0.047222810321815877,0.13136405362286296,0.06071937948272337,0.11162732786258969,0.05697809966606178,0.03085828865972115,0.033819632642678406,0.08089827408895398,0.03679621234902537,0.056506722333795036,0.1140872097266621,0.03085828865972115,0.14364834608397134,0.03900726879322576,0.1346341273170244,0.18592174034587636,0.10544475544244246,0.09941019313661054,0.19211183087381917,0.10497551462049277,0.13564377487575163,0.15622590681840998,0.15024063262460907,0.10534585755985632,0.13231862034490083,0.15024063262460907,0.04926166778449745,0.05818309534779688,0.06818277273772029,0.052293658182446974,0.09941019313661054,0.06306774427431645,0.08257776670007966,0.10371223735490111,0.13434258816778005,0.052293658182446974,0.1319080075131084,0.09827436698191298,0.1016027534721917
115,24,0.07804378276970701,0.03085828865972115,0.1409998987227193,0.10482844183072998,0.04926166778449745,0.19211183087381917,0,False,5,0,0,0,0,0,0,2306,1098,2694,1319,2411,2451,2616,1587,2606,2491,1143,1000,1463,1043,2591,2156,1304,2433,2518,847,537,1641,1142,444,0.10426473831191903,0.09008544842572824,0.03289530638253489,0.11411865659807173,0.031450200178992575,0.11047750688724997,0.10309316668319451,0.1296058908351316,0.06468223163930263,0.047222810321815877,0.13136405362286296,0.06071937948272337,0.10732987026637553,0.054938199699715216,0.03085828865972115,0.03289530638253489,0.07789032460493953,0.035622190766041055,0.05502860188437476,0.1140872097266621,0.03085828865972115,0.1409998987227193,0.03792909041361166,0.1346341273170244,0.18592174034587636,0.10544475544244246,0.09112601037522632,0.19211183087381917,0.09622755506878504,0.13564377487575163,0.15622590681840998,0.13772057990589165,0.09656703609653496,0.13231862034490083,0.15024063262460907,0.04926166778449745,0.05333450406881381,0.06250087500957693,0.052293658182446974,0.09112601037522632,0.05781209891812341,0.07569628614173968,0.09506955090865934,0.13434258816778005,0.052293658182446974,0.1209156735536827,0.0900848364000869,0.1016027534721917
116,24,0.0732265657759693,0.029621394907708983,0.1409998987227193,0.10662448397431167,0.04793585333390973,0.19211183087381917,0,False,5,0,0,0,0,0,0,2306,1098,2694,1319,2411,2451,2616,1587,2606,2491,1143,1000,1463,1043,2591,2156,1304,2433,2518,847,537,1641,1142,2798,0.10426473831191903,0.09008544842572824,0.03192208689601055,0.11411865659807173,0.030563375649728452,0.11047750688724997,0.10309316668319451,0.1296058908351316,0.06468223163930263,0.046357493696776636,0.13136405362286296,0.06071937948272337,0.10732987026637553,0.05288709658464471,0.03038532811562164,0.03192208689601055,0.07789032460493953,0.034419222202342094,0.05345957740289176,0.1140872097266621,0.029621394907708983,0.1409998987227193,0.03679621234902537,0.03038532811562164,0.18592174034587636,0.10544475544244246,0.08353217617729079,0.19211183087381917,0.08820859214638628,0.13564377487575163,0.15622590681840998,0.13772057990589165,0.09656703609653496,0.12129206864949242,0.15024063262460907,0.04926166778449745,0.05333450406881381,0.05729246875877885,0.13126918666724308,0.08353217617729079,0.05781209891812341,0.0693882622965947,0.08714708833293773,0.13434258816778005,0.04793585333390973,0.1209156735536827,0.08257776670007966,0.13126918666724308
117,24,0.06895332924857074,0.028399394458448093,0.13136405362286296,0.10821648009955465,0.04394119888941725,0.19211183087381917,0,False,5,0,0,0,0,0,0,2306,1098,2694,1319,2411,2451,2616,1587,2606,2491,1143,1000,1463,2826,2156,1304,2433,2518,847,537,1043,2591,1142,2798,0.10426473831191903,0.09008544842572824,0.030911841718505605,0.11411865659807173,0.0296349211831072,0.11047750688724997,0.10309316668319451,0.12742362883250552,0.06468223163930263,0.046357493696776636,0.13136405362286296,0.05823608538516046,0.10732987026637553,0.053156610266497435,0.030911841718505605,0.07789032460493953,0.03319817073282463,0.053156610266497435,0.1140872097266621,0.028399394458448093,0.050838351918440834,0.029819777128040532,0.035622190766041055,0.029819777128040532,0.18592174034587636,0.10544475544244246,0.07657116149584989,0.19211183087381917,0.08085787613418742,0.13564377487575163,0.15622590681840998,0.12624386491373402,0.09656703609653496,0.12129206864949242,0.15024063262460907,0.04515652880245599,0.05333450406881381,0.16321816430519293,0.07657116149584989,0.05781209891812341,0.0636059071052118,0.16321816430519293,0.13434258816778005,0.04394119888941725,0.05251809636221395,0.12033008777830614,0.07569628614173968,0.12033008777830614
118,24,0.06817942665734443,0.027197358967841534,0.13136405362286296,0.11522106250603088,0.040279432315299145,0.19211183087381917,0,False,5,0,0,0,0,0,0,2306,1098,2694,1319,2411,2451,2616,1587,2606,2491,1143,2848,1000,1463,2826,2156,1304,2433,2518,2846,847,537,1043,2798,0.10426473831191903,0.08777154736623739,0.029875262511613456,0.11411865659807173,0.028675570903000987,0.10855415834247235,0.10188403696260234,0.12742362883250552,0.06286431620756079,0.046357493696776636,0.13136405362286296,0.032793086863803084,0.05823608538516046,0.10305780410546878,0.052636148119407755,0.030645742943032638,0.07789032460493953,0.032793086863803084,0.053156610266497435,0.030645742943032638,0.1140872097266621,0.027197358967841534,0.050838351918440834,0.029175223712553214,0.18592174034587636,0.09665769248890559,0.07019023137119573,0.19211183087381917,0.0741197197896718,0.124340126969439,0.14320708125020915,0.12624386491373402,0.08851978308849037,0.12129206864949242,0.15024063262460907,0.1416387481797775,0.04515652880245599,0.04888996206307932,0.1496166506130935,0.15352356470452908,0.05781209891812341,0.1416387481797775,0.16321816430519293,0.15352356470452908,0.13434258816778005,0.040279432315299145,0.05251809636221395,0.11030258046344729
119,24,0.06989468816200138,0.026019500779934254,0.13136405362286296,0.12911660460297772,0.03692281295569088,0.22406326764581833,0,False,5,0,0,0,0,0,0,2306,1098,2694,2871,2411,2451,2616,1319,1587,2606,2491,1143,2848,1000,1463,2826,2862,2156,1304,2433,2518,2846,847,537,0.10426473831191903,0.08777154736623739,0.028821885320960017,0.031043889106476194,0.027694958725842295,0.1063271217902453,0.10290990781661993,0.11391952746058225,0.12742362883250552,0.06286431620756079,0.0453677005246061,0.13136405362286296,0.03227632971637814,0.055790167270600224,0.09883266785331164,0.052636148119407755,0.10290990781661993,0.031043889106476194,0.07789032460493953,0.032793086863803084,0.053156610266497435,0.03026339867698491,0.1140872097266621,0.026019500779934254,0.18592174034587636,0.09665769248890559,0.06434104542359609,0.22406326764581833,0.06794307647386581,0.11397844972198574,0.21460649114602506,0.17610251163433424,0.12624386491373402,0.08851978308849037,0.11118439626203472,0.15024063262460907,0.12983551916479605,0.04139348473558466,0.04481579855782271,0.1496166506130935,0.21460649114602506,0.22406326764581833,0.05781209891812341,0.1416387481797775,0.16321816430519293,0.14072993431248498,0.13434258816778005,0.03692281295569088
120,24,0.0691323698310714,0.02486926087266155,0.13136405362286296,0.12335370707097677,0.033845911876049975,0.21460649114602506,0,False,5,0,0,0,0,0,0,2306,1098,2694,2871,2411,2451,2616,1319,1587,2606,2491,1143,2848,1000,1463,2826,2862,2156,1304,2433,2518,2846,847,537,0.103902501318,0.08530686520863055,0.027760132264645403,0.031268302565366835,0.027694958725842295,0.1063271217902453,0.10290990781661993,0.11391952746058225,0.12742362883250552,0.06095993668920782,0.0453677005246061,0.13136405362286296,0.03227632971637814,0.05339067434449916,0.09467265590013518,0.051922595957429346,0.10290990781661993,0.031268302565366835,0.07488390100115558,0.03227632971637814,0.052636148119407755,0.0297789233899049,0.1140872097266621,0.02486926087266155,0.17042826198372,0.08860288478149678,0.05897929163829641,0.20539132867533347,0.06794307647386581,0.11397844972198574,0.21460649114602506,0.17610251163433424,0.12624386491373402,0.08114313449778283,0.11118439626203472,0.15024063262460907,0.12983551916479605,0.03794402767428593,0.04108114867800415,0.13714859639533572,0.21460649114602506,0.20539132867533347,0.05299442400827979,0.12983551916479605,0.1496166506130935,0.12900243978644457,0.13434258816778005,0.033845911876049975
121,24,0.06770500242308643,0.02374939297931893,0.13136405362286296,0.123233985441295,0.031025419219712476,0.21460649114602506,0,False,6,0,0,0,0,0,0,2306,1098,2694,2871,2916,2411,2451,2616,1319,1587,2606,2491,1143,2848,1000,1463,2826,2862,2156,1304,2433,2846,847,537,0.10309316668319451,0.08272454805038684,0.026697368629639773,0.0313300568970356,0.03247944767415589,0.02670164564245847,0.1063271217902453,0.10290990781661993,0.11391952746058225,0.12742362883250552,0.058991237042533146,0.044273521073374934,0.13136405362286296,0.03247944767415589,0.05339067434449916,0.09059293083734984,0.051922595957429346,0.10337964202146878,0.0313300568970356,0.07488390100115558,0.03166286512620596,0.029206110373198136,0.1140872097266621,0.02374939297931893,0.15622590681840998,0.08121931104970538,0.05406435066843838,0.18827538461905566,0.20234922590106305,0.06228115343437699,0.11397844972198574,0.21460649114602506,0.17610251163433424,0.12624386491373402,0.0743812066229676,0.10191902990686516,0.15024063262460907,0.20234922590106305,0.03794402767428593,0.037657719621503806,0.13714859639533572,0.1967226168838563,0.18827538461905566,0.05299442400827979,0.11901589256772971,0.11825223647090752,0.13434258816778005,0.031025419219712476
122,24,0.06400851376917192,0.02266204289875544,0.13136405362286296,0.12024620878638671,0.02843996761806977,0.21460649114602506,0,False,7,0,0,0,0,0,0,2306,1098,2930,2694,2871,2916,2411,2451,2616,1319,1587,2606,2491,1143,2848,1000,1463,2826,2156,1304,2433,2846,847,537,0.10309316668319451,0.08005466888571104,0.026301222971115784,0.026301222971115784,0.03124179888506589,0.03251587637097918,0.02670164564245847,0.1063271217902453,0.10290990781661993,0.11391952746058225,0.12742362883250552,0.05697809966606178,0.044273521073374934,0.13136405362286296,0.03247944767415589,0.05339067434449916,0.0866059289361909,0.051922595957429346,0.03124179888506589,0.07488390100115558,0.030967072465247776,0.02855819589907068,0.1140872097266621,0.02266204289875544,0.15622590681840998,0.0744510351288966,0.13289232144606852,0.13289232144606852,0.17258576923413435,0.1854867904093078,0.06228115343437699,0.11397844972198574,0.21460649114602506,0.17610251163433424,0.12624386491373402,0.06818277273772029,0.10191902990686516,0.15024063262460907,0.20234922590106305,0.03794402767428593,0.03451957631971182,0.13714859639533572,0.17258576923413435,0.05299442400827979,0.1090979015204189,0.10839788343166522,0.13434258816778005,0.02843996761806977
123,24,0.06333069151441663,0.021608822376283615,0.13136405362286296,0.11459971006257234,0.026069970316563953,0.21460649114602506,0,False,7,0,0,0,0,0,0,2306,1098,2930,2694,2871,2916,2411,2451,2616,1319,1587,2606,2491,1143,2848,1000,1463,2826,2156,1304,2433,2846,847,537,0.10309316668319451,0.07732423229678997,0.025823425321986983,0.025823425321986983,0.03101718314920759,0.03239896229135884,0.025703164901449516,0.10384395717021602,0.10290990781661993,0.11391952746058225,0.12742362883250552,0.054938199699715216,0.044273521073374934,0.13136405362286296,0.03251587637097918,0.05339067434449916,0.08272165342406562,0.051040162392629,0.03101718314920759,0.07488390100115558,0.030967072465247776,0.02784768545341822,0.1140872097266621,0.021608822376283615,0.15622590681840998,0.06824678220148855,0.1218179613255628,0.1218179613255628,0.1582036217979565,0.1700295578751988,0.057091057314845574,0.10448024557848692,0.21460649114602506,0.17610251163433424,0.12624386491373402,0.06250087500957693,0.10191902990686516,0.15024063262460907,0.1854867904093078,0.03794402767428593,0.03164294495973584,0.1257195466957244,0.1582036217979565,0.05299442400827979,0.1090979015204189,0.09936472647902644,0.13434258816778005,0.026069970316563953
124,24,0.06064694512442507,0.02059087722734224,0.1296058908351316,0.11553473063888198,0.023897472790183623,0.21460649114602506,0,False,8,0,0,0,0,0,0,2306,1098,2930,2694,2871,2916,2982,2411,2451,2616,1319,1587,2606,2491,1143,2848,1000,1463,2826,2156,2433,2846,847,537,0.10188403696260234,0.07732423229678997,0.02527578420314458,0.02527578420314458,0.030670382609449043,0.03214300516809021,0.025343247453228575,0.025343247453228575,0.10114933082021253,0.10290990781661993,0.11391952746058225,0.12742362883250552,0.05288709658464471,0.04309375063279913,0.1296058908351316,0.03251587637097918,0.05339067434449916,0.08272165342406562,0.050012370204722705,0.030670382609449043,0.03020255187433264,0.027086233871975406,0.1140872097266621,0.02059087722734224,0.14320708125020915,0.06824678220148855,0.11166646454843257,0.11166646454843257,0.1450199866481268,0.15586042805226555,0.13566680253860847,0.13566680253860847,0.09577355844694635,0.21460649114602506,0.17610251163433424,0.12624386491373402,0.05729246875877885,0.09342577741462639,0.13772057990589165,0.1854867904093078,0.03794402767428593,0.03164294495973584,0.11524291780441404,0.1450199866481268,0.10000640972705066,0.09108433260577424,0.13434258816778005,0.023897472790183623
125,24,0.05982392206814132,0.019608949599107098,0.1296058908351316,0.10930341757046591,0.021906016724334988,0.21460649114602506,0,False,8,0,0,0,0,0,0,2306,1098,2930,2694,2871,2916,2982,2411,2451,2616,1319,1587,2606,2491,1143,2848,1000,1463,2826,2156,2433,2846,847,537,0.10032259673986614,0.07455724748091502,0.024669512888752906,0.024669512888752906,0.030215677783120988,0.03176276380586975,0.024902197007125225,0.024902197007125225,0.10114933082021253,0.10290990781661993,0.11391952746058225,0.12742362883250552,0.050838351918440834,0.04309375063279913,0.1296058908351316,0.03239896229135884,0.05104503991107524,0.0789479518264134,0.04886168301969283,0.030215677783120988,0.029381990510602623,0.026284571049538675,0.1140872097266621,0.019608949599107098,0.13127315781269172,0.0625595503513645,0.10236092583606318,0.10236092583606318,0.13293498776078289,0.1428720590479101,0.12436123566039109,0.12436123566039109,0.09577355844694635,0.21460649114602506,0.17610251163433424,0.12624386491373402,0.05251809636221395,0.09342577741462639,0.13772057990589165,0.1700295578751988,0.03478202536809544,0.02900603287975785,0.10563934132071286,0.13293498776078289,0.09167254224979643,0.08349397155529305,0.13434258816778005,0.021906016724334988
126,24,0.05910132950065957,0.01866343443269036,0.12742362883250552,0.10313623517678365,0.020080515330640404,0.21460649114602506,0,False,8,0,0,0,0,0,0,2306,1098,2930,2694,2871,2916,2982,2411,2451,2616,1319,1587,2606,2491,1143,2848,1000,1463,2826,2156,2433,2846,847,537,0.10032259673986614,0.07177485199646566,0.024015108828699817,0.024015108828699817,0.02966712324962898,0.031273043738234266,0.024902197007125225,0.024391461637153434,0.09828464963392711,0.10290990781661993,0.11321195312275638,0.12742362883250552,0.050838351918440834,0.04184575266644314,0.12742362883250552,0.03214300516809021,0.05104503991107524,0.0789479518264134,0.04760923487639708,0.02966712324962898,0.02851707878636539,0.025452465189434927,0.1140872097266621,0.01866343443269036,0.13127315781269172,0.05734625448875079,0.09383084868305791,0.09383084868305791,0.12185707211405097,0.1309660541272509,0.12436123566039109,0.11399779935535849,0.08779242857636749,0.21460649114602506,0.16142730233147304,0.12624386491373402,0.05251809636221395,0.08564029596340753,0.12624386491373402,0.15586042805226555,0.03478202536809544,0.02900603287975785,0.09683606287732012,0.12185707211405097,0.08403316372898005,0.07653614059235196,0.13434258816778005,0.020080515330640404
127,24,0.05811208582615568,0.017754430310336532,0.12742362883250552,0.10042439103224819,0.018407139053087038,0.21460649114602506,0,False,8,0,0,0,0,0,0,2306,1098,2930,2694,2871,2916,2982,2411,2451,2616,1319,1587,3068,2606,2491,1143,2848,1000,1463,2826,2156,2846,847,537,0.10032259673986614,0.06899547132664363,0.02332227557023974,0.02332227557023974,0.029038286374738598,0.030688364313095056,0.024391461637153434,0.023821952315832153,0.09828464963392711,0.10290990781661993,0.1120472647779787,0.12742362883250552,0.02833074576058117,0.04880366453564019,0.040545384810691615,0.12487604576780854,0.03176276380586975,0.048759254269932335,0.0752907749812996,0.04627464841873338,0.029038286374738598,0.02459871615660274,0.1140872097266621,0.017754430310336532,0.13127315781269172,0.05256739994802156,0.08601161129280308,0.08601161129280308,0.11170231610454673,0.12005221628331332,0.11399779935535849,0.10449798274241194,0.08779242857636749,0.21460649114602506,0.1479750271371836,0.12624386491373402,0.16036373341823174,0.04814158833202945,0.07850360463312356,0.11572354283758951,0.1428720590479101,0.031883523254087484,0.026588863473111363,0.08876639097087677,0.11170231610454673,0.07015812887632263,0.13434258816778005,0.018407139053087038
128,24,0.053653614721462316,0.01688178495691453,0.12742362883250552,0.10073492826667263,0.016873210798663118,0.21460649114602506,0,False,9,0,0,0,0,0,0,2306,1098,2930,2694,2871,3078,2916,2982,2411,2451,2616,1319,1587,3068,2606,2491,1143,2848,1000,1463,2826,2156,2846,537,0.10032259673986614,0.0662350019301967,0.022599880000802187,0.022599880000802187,0.02834205133985709,0.024436318401834394,0.03002269966662051,0.024436318401834394,0.023203916454570355,0.09828464963392711,0.10290990781661993,0.11047750688724997,0.12742362883250552,0.0280309365168167,0.04880366453564019,0.03920697567659356,0.12201931636152942,0.031273043738234266,0.046538028414957786,0.0752907749812996,0.04627464841873338,0.02834205133985709,0.023731172267832577,0.01688178495691453,0.13127315781269172,0.04818678328568642,0.07884397701840282,0.07884397701840282,0.10239378976250116,0.18783131607574527,0.11004786492637054,0.18783131607574527,0.0957898175138776,0.08779242857636749,0.21460649114602506,0.13564377487575163,0.12624386491373402,0.1470000889667124,0.04814158833202945,0.07196163758036325,0.10607991426779038,0.1309660541272509,0.029226562982913526,0.026588863473111363,0.08876639097087677,0.10239378976250116,0.06431161813662907,0.016873210798663118
129,24,0.05284436401154217,0.016045135720591103,0.12742362883250552,0.09442517352373202,0.015467109898774523,0.1967226168838563,0,False,9,0,0,0,0,0,0,2306,1098,2930,2694,2871,3078,2916,2982,2411,2451,2616,1319,1587,3068,2606,2491,1143,2848,1000,1463,2826,2156,2846,537,0.10032259673986614,0.06350700779471909,0.021855938181584447,0.021855938181584447,0.027590480431532317,0.024364449678155976,0.02928928610882611,0.024364449678155976,0.02254685390704036,0.09528784995984392,0.10337964202146878,0.11047750688724997,0.12742362883250552,0.027630682949901765,0.046793015471086885,0.03920697567659356,0.12201931636152942,0.030688364313095056,0.046538028414957786,0.07175441639156074,0.04487592744114329,0.027590480431532317,0.02285676470248712,0.016045135720591103,0.13127315781269172,0.04417121801187922,0.07227364560020258,0.07227364560020258,0.0938609739489594,0.1721787064027665,0.10087720951583966,0.1721787064027665,0.08780733272105447,0.08047639286167019,0.1967226168838563,0.13564377487575163,0.12624386491373402,0.1347500815528197,0.04412978930436033,0.07196163758036325,0.10607991426779038,0.12005221628331332,0.029226562982913526,0.024373124850352083,0.0813691917233037,0.0938609739489594,0.05895231662524331,0.015467109898774523
130,24,0.04958707883084392,0.015637085420946398,0.11890632588481719,0.11742879956376069,0.024373124850352083,0.1967226168838563,0,False,10,0,0,0,0,0,0,2306,1098,2930,2694,2871,3078,2916,2982,2411,3143,2451,2616,3129,3124,3128,1143,2848,1000,1463,2826,3122,1319,2606,537,0.09845543848750317,0.06082292258967312,0.021641729562677577,0.02109762367622198,0.027485757798219615,0.02418652147548438,0.028500487458315262,0.02418652147548438,0.022423222279950354,0.015637085420946398,0.09457097009267973,0.10337964202146878,0.09457097009267973,0.027485757798219615,0.022423222279950354,0.11890632588481719,0.03002269966662051,0.046538028414957786,0.07175441639156074,0.04342941020600132,0.021641729562677577,0.11047750688724997,0.044814816995947956,0.015637085420946398,0.1203337279949674,0.04049028317755595,0.14958417513351904,0.0662508418001857,0.16937255945321278,0.15783048086920262,0.09247077538951969,0.15783048086920262,0.16382338832763327,0.09751151740721,0.15710336012319767,0.1967226168838563,0.15710336012319767,0.16937255945321278,0.16382338832763327,0.09723992141214118,0.11004786492637054,0.029226562982913526,0.024373124850352083,0.07458842574636172,0.14958417513351904,0.13564377487575163,0.040452306862330305,0.09751151740721
131,24,0.04884173248256729,0.015201620921732542,0.11890632588481719,0.10978173375385654,0.022342031112822743,0.1967226168838563,0,False,10,0,0,0,0,0,0,2306,1098,2930,2694,2871,3078,2916,2982,2411,3143,2451,2616,3129,3124,3128,1143,2848,1000,1463,2826,3122,1319,2606,537,0.09632742592311173,0.05819225131937731,0.02134815329027785,0.020331293008890965,0.027263598277712325,0.023913594558344155,0.02766770959412545,0.023913594558344155,0.02220743833257817,0.015201620921732542,0.09348476583686496,0.10337964202146878,0.09457097009267973,0.027263598277712325,0.02220743833257817,0.11890632588481719,0.02928928610882611,0.046538028414957786,0.06834173139719515,0.041949771087625536,0.02134815329027785,0.11047750688724997,0.042876061243134374,0.015201620921732542,0.11030591732872011,0.03711609291275962,0.1371188272057258,0.06072993831683689,0.15525817949877838,0.14467794079676907,0.08476487744039304,0.14467794079676907,0.1501714393003305,0.08938555762327582,0.14401141344626453,0.1967226168838563,0.15710336012319767,0.15525817949877838,0.1501714393003305,0.09723992141214118,0.10087720951583966,0.029226562982913526,0.022342031112822743,0.06837272360083158,0.1371188272057258,0.13564377487575163,0.03708128129046945,0.08938555762327582
132,24,0.04637079762248899,0.014744685883334895,0.11890632588481719,0.11202014576438553,0.029226562982913526,0.1967226168838563,0,False,11,0,0,0,0,0,0,2306,1098,2930,2694,3171,2871,3078,2916,2982,2411,3143,2451,2616,3129,3124,3128,1143,2848,1000,2826,3122,1319,2606,537,0.09632742592311173,0.05819225131937731,0.02098516272787468,0.020067039434093086,0.020067039434093086,0.026936534539685836,0.023913594558344155,0.02766770959412545,0.0235568057724323,0.021909791667307305,0.014744685883334895,0.09207279050845389,0.10337964202146878,0.09457097009267973,0.026936534539685836,0.021909791667307305,0.11890632588481719,0.028500487458315262,0.046538028414957786,0.04045005948028966,0.02098516272787468,0.10855415834247235,0.04098246506429869,0.014744685883334895,0.11030591732872011,0.03711609291275962,0.1256922582719153,0.1390024434571005,0.1390024434571005,0.14231999787388017,0.14467794079676907,0.08476487744039304,0.13262144573037166,0.13765715269196963,0.0819367611546695,0.13201046232574248,0.1967226168838563,0.15710336012319767,0.14231999787388017,0.13765715269196963,0.09723992141214118,0.09247077538951969,0.029226562982913526,0.0626749966340956,0.1256922582719153,0.124340126969439,0.033991174516263656,0.0819367611546695
133,24,0.04596236035203838,0.014271678701520593,0.11890632588481719,0.10589405351924626,0.029226562982913526,0.1967226168838563,0,False,11,0,0,0,0,0,0,2306,1098,2930,2694,3171,2871,3078,2916,2982,2411,3143,2451,2616,3129,3124,3128,1143,2848,1000,2826,3122,1319,2606,537,0.09632742592311173,0.055622766905786575,0.020562428805507616,0.019736241962986862,0.019736241962986862,0.026517124931091724,0.0235568057724323,0.026801355733781628,0.023127109484386663,0.02154049901215241,0.014271678701520593,0.09207279050845389,0.10337964202146878,0.09348476583686496,0.026517124931091724,0.021909791667307305,0.11890632588481719,0.02766770959412545,0.046538028414957786,0.04045005948028966,0.020562428805507616,0.10855415834247235,0.04098246506429869,0.014271678701520593,0.11030591732872011,0.03402308517002965,0.11521790341592235,0.1274189065023421,0.1274189065023421,0.13045999805105682,0.13262144573037166,0.07770113765369362,0.12156965858617401,0.12618572330097216,0.07510869772511371,0.13201046232574248,0.1967226168838563,0.14401141344626453,0.13045999805105682,0.13765715269196963,0.09723992141214118,0.08476487744039304,0.029226562982913526,0.0626749966340956,0.11521790341592235,0.124340126969439,0.033991174516263656,0.07510869772511371
134,24,0.04525617700736407,0.013787451920528687,0.11558620692047145,0.09878697374449989,0.029226562982913526,0.1967226168838563,0,False,11,0,0,0,0,0,0,2306,1098,2930,2694,3171,2871,3078,2916,2982,2411,3143,2451,2616,3129,3124,3128,1143,2848,1000,2826,3122,1319,2606,537,0.09632742592311173,0.055622766905786575,0.02008918663408018,0.01934802167914157,0.01934802167914157,0.026017673877942044,0.023127109484386663,0.025910814526868744,0.022635075252334772,0.021109495628980412,0.013787451920528687,0.090377836192835,0.10337964202146878,0.09207279050845389,0.026017673877942044,0.02154049901215241,0.11558620692047145,0.026801355733781628,0.046538028414957786,0.03894176638830185,0.02008918663408018,0.10855415834247235,0.03913860869698879,0.013787451920528687,0.11030591732872011,0.03402308517002965,0.10561641146459548,0.1168006642938136,0.1168006642938136,0.11958833154680208,0.12156965858617401,0.07122604284921914,0.11143885370399284,0.11567024635922447,0.06884963958135423,0.12100959046526394,0.1967226168838563,0.13201046232574248,0.11958833154680208,0.12618572330097216,0.08913659462779608,0.07770113765369362,0.029226562982913526,0.05745208024792097,0.10561641146459548,0.124340126969439,0.03115857663990835,0.06884963958135423
135,24,0.0446528227460691,0.013296324130859988,0.11558620692047145,0.10405987114590352,0.02679101606767073,0.19900357969255783,0,False,13,0,0,0,0,0,0,3262,2306,1098,2930,2694,3171,2871,3078,2916,2982,2411,3255,3143,2451,2616,3129,3124,3128,1143,2848,1000,2826,1319,537,0.03831126998649236,0.09398107101150917,0.05312069840383574,0.019574124409744872,0.018911110770048773,0.018911110770048773,0.025450014732936215,0.022635075252334772,0.025004473836106083,0.022090736270753156,0.020626275911673143,0.02165390769206892,0.013296324130859988,0.090377836192835,0.10337964202146878,0.09207279050845389,0.025450014732936215,0.02165390769206892,0.11558620692047145,0.025910814526868744,0.04438494706925826,0.03743491058955276,0.10855415834247235,0.013296324130859988,0.111895361919916,0.10111375755132676,0.03118782807252718,0.09681504384254586,0.10706727560266247,0.10706727560266247,0.10962263725123524,0.11143885370399284,0.06529053927845088,0.10215228256199343,0.10603105916262243,0.19900357969255783,0.06311216961624137,0.12100959046526394,0.1967226168838563,0.13201046232574248,0.10962263725123524,0.19900357969255783,0.08913659462779608,0.07122604284921914,0.02679101606767073,0.052664406893927554,0.124340126969439,0.06311216961624137
136,24,0.04409394169000671,0.012802101172373681,0.11558620692047145,0.09740889849123696,0.02679101606767073,0.18241994805151135,0,False,13,0,0,0,0,0,0,3262,2306,1098,2930,2694,3171,2871,3078,2916,2982,2411,3255,3143,2451,2616,3129,3124,3128,1143,2848,1000,2826,1319,537,0.03831126998649236,0.09398107101150917,0.05069090859226191,0.019025308743613755,0.0184337424870472,0.0184337424870472,0.024825348671594444,0.022090736270753156,0.024089753958959795,0.021503482300500233,0.020099777621405086,0.02165788962745282,0.012802101172373681,0.090377836192835,0.10333261418081809,0.09207279050845389,0.024825348671594444,0.02165788962745282,0.11558620692047145,0.025004473836106083,0.04438494706925826,0.03593813765954112,0.1063271217902453,0.012802101172373681,0.111895361919916,0.10111375755132676,0.02858884239981658,0.0887471235223337,0.09814500263577393,0.09814500263577393,0.10048741748029896,0.10215228256199343,0.05984966100524664,0.09363959234849398,0.09719513756573722,0.18241994805151135,0.05785282214822125,0.12100959046526394,0.18032906547686828,0.13201046232574248,0.10048741748029896,0.18241994805151135,0.08913659462779608,0.06529053927845088,0.02679101606767073,0.04827570631943359,0.11397844972198574,0.05785282214822125
137,24,0.04349337515140512,0.012308103947337846,0.11558620692047145,0.09086727929323869,0.024558431395364837,0.1672182857138854,0,False,13,0,0,0,0,0,0,3262,2306,1098,2930,2694,3171,2871,3078,2916,2982,2411,3255,3143,2451,2616,3129,3124,3128,1143,2848,1000,2826,1319,537,0.03739472362369988,0.09398107101150917,0.05069090859226191,0.018450140548896016,0.017923576134256686,0.017923576134256686,0.0241541324340614,0.021503482300500233,0.023173154946558874,0.020881990524797982,0.01953830375327808,0.021561487252142693,0.012308103947337846,0.090377836192835,0.10281243709936909,0.090377836192835,0.0241541324340614,0.021561487252142693,0.11558620692047145,0.024089753958959795,0.042302610224182635,0.03445882641772532,0.1063271217902453,0.012308103947337846,0.10257074842658967,0.10111375755132676,0.02858884239981658,0.08135152989547256,0.0899662524161261,0.0899662524161261,0.09211346602360738,0.09363959234849398,0.05486218925480942,0.08583629298611947,0.08909554276859245,0.1672182857138854,0.05303175363586948,0.12100959046526394,0.1653016433537959,0.12100959046526394,0.09211346602360738,0.1672182857138854,0.08913659462779608,0.05984966100524664,0.024558431395364837,0.044252730792814124,0.11397844972198574,0.05303175363586948
138,24,0.04286207400893304,0.011817200608127132,0.11210406325841547,0.08574592290495582,0.0225118954457511,0.1653016433537959,0,False,13,0,0,0,0,0,0,3262,2306,1098,2930,2694,3171,2871,3078,2916,2982,2411,3255,3143,2451,2616,3129,3124,3128,1143,2848,1000,2826,1319,537,0.03640489946177348,0.09398107101150917,0.05069090859226191,0.017855335902162806,0.017387651563681703,0.017387651563681703,0.02344600750384959,0.020881990524797982,0.023173154946558874,0.02023418790633842,0.01894947600910768,0.021374310848365084,0.011817200608127132,0.090377836192835,0.10281243709936909,0.090377836192835,0.02344600750384959,0.021374310848365084,0.11210406325841547,0.023173154946558874,0.04029276284193535,0.03300319848964159,0.1063271217902453,0.011817200608127132,0.0940231860577072,0.10111375755132676,0.02858884239981658,0.0745722357375165,0.08246906471478226,0.08246906471478226,0.08443734385497344,0.08583629298611947,0.05486218925480942,0.07868326857060952,0.08167091420454307,0.15328342857106161,0.048612440832880355,0.12100959046526394,0.1653016433537959,0.12100959046526394,0.08443734385497344,0.15328342857106161,0.08170854507547974,0.05486218925480942,0.0225118954457511,0.04056500322674628,0.11397844972198574,0.048612440832880355
139,24,0.04200852350171489,0.011331841305579703,0.10850084693717892,0.08087364762698533,0.020635904158605174,0.1653016433537959,0,False,13,0,0,0,0,0,0,3262,2306,1098,2930,2694,3171,2871,3078,2916,2982,2411,3255,3143,2451,2616,3129,3124,3128,1143,2848,1000,2826,1319,537,0.03535652678624391,0.09398107101150917,0.04833705951730309,0.017246926762950573,0.016832367885287254,0.016832367885287254,0.022709763535098234,0.02023418790633842,0.022260313550932578,0.01956723902683721,0.018340214132245444,0.021106219722970276,0.011331841305579703,0.090377836192835,0.10281243709936909,0.08844115334091551,0.022709763535098234,0.021374310848365084,0.10850084693717892,0.022260313550932578,0.03835641275314882,0.03157642765890609,0.1063271217902453,0.011331841305579703,0.08618792055289826,0.10111375755132676,0.02620643886649853,0.06835788275939013,0.07559664265521707,0.07559664265521707,0.07740089853372564,0.07868326857060952,0.05029034015024197,0.07212632952305872,0.07486500468749782,0.14050980952347314,0.04456140409680699,0.12100959046526394,0.1653016433537959,0.11092545792649194,0.07740089853372564,0.15328342857106161,0.0748994996525231,0.05029034015024197,0.020635904158605174,0.03718458629118408,0.11397844972198574,0.04456140409680699
140,24,0.03804576325832002,0.010854094058784682,0.10850084693717892,0.08206227159313216,0.018916245478721408,0.1653016433537959,0,False,13,0,0,0,0,0,0,3262,2306,1098,2930,2694,3171,2871,3078,2916,2982,2411,3255,3143,2451,2616,3129,3124,3128,1143,2848,1000,2826,3376,537,0.03535652678624391,0.09398107101150917,0.04833705951730309,0.016630277004583707,0.016263481517964844,0.016263481517964844,0.021953329342169908,0.01956723902683721,0.021356066142961077,0.01888755396188133,0.017716735833325403,0.020767057806333884,0.010854094058784682,0.090377836192835,0.10281243709936909,0.08844115334091551,0.022519503803601574,0.021106219722970276,0.10850084693717892,0.021356066142961077,0.03649393705411803,0.03018274651548173,0.022519503803601574,0.010854094058784682,0.08618792055289826,0.10111375755132676,0.02620643886649853,0.06266139252944095,0.06929692243394897,0.06929692243394897,0.07095082365591517,0.07212632952305872,0.04609947847105513,0.06611580206280383,0.068626254296873,0.12880065872985036,0.04084795375540641,0.12100959046526394,0.1653016433537959,0.11092545792649194,0.15428415698924852,0.14050980952347314,0.0748994996525231,0.04609947847105513,0.018916245478721408,0.03408587076691874,0.15428415698924852,0.04084795375540641
141,24,0.03744784676257146,0.010385680632430377,0.10850084693717892,0.08041172196783121,0.017339891688827956,0.22476047724014447,0,False,12,0,0,0,0,0,0,3262,2306,1098,2930,2694,3171,2871,3400,2982,2411,3255,3143,2451,2616,3129,3078,2916,1143,2848,1000,2826,3376,3128,537,0.03535652678624391,0.09398107101150917,0.04606176522340076,0.01601010981794915,0.015686119229949145,0.015686119229949145,0.021183785434963083,0.022816935067746454,0.018200811399259623,0.01708457261587074,0.020366441601786356,0.010385680632430377,0.090377836192835,0.10186521719855854,0.08844115334091551,0.01888755396188133,0.02046451467287532,0.10850084693717892,0.02046451467287532,0.03470517750180572,0.02882554859948924,0.02224328273347803,0.020767057806333884,0.010385680632430377,0.08618792055289826,0.10111375755132676,0.024022568960956985,0.057439609818654196,0.06352217889778655,0.06352217889778655,0.06503825501792224,0.22476047724014447,0.06060615189090351,0.06290739977213358,0.11806727050236282,0.037443957609122544,0.12100959046526394,0.15152650640764626,0.11092545792649194,0.06611580206280383,0.04225785526513387,0.0748994996525231,0.04225785526513387,0.017339891688827956,0.031245381536342178,0.14142714390681113,0.12880065872985036,0.037443957609122544
142,24,0.036981292566930564,0.009928011584404305,0.10850084693717892,0.08630472373082472,0.017339891688827956,0.20603043747013242,0,False,13,0,0,0,0,0,0,3262,2306,1098,2930,3412,2694,3171,2871,3400,2982,2411,3255,3143,2451,2616,3129,3078,2916,3424,1143,2848,1000,2826,3128,0.03535652678624391,0.09398107101150917,0.0438667314110143,0.015390543155697694,0.015494353930016356,0.015494353930016356,0.015104802385361289,0.020407392833019126,0.02298636503565274,0.01751199288837743,0.01644859743435645,0.01991359649016088,0.009928011584404305,0.08844115334091551,0.10186521719855854,0.08630186775039769,0.018200811399259623,0.020094294405101173,0.020094294405101173,0.10850084693717892,0.019589093384160473,0.03470517750180572,0.027507484806238436,0.020366441601786356,0.08618792055289826,0.10111375755132676,0.02202068821421057,0.05265297566709968,0.141561997322971,0.141561997322971,0.05822866398963767,0.05961840043309538,0.20603043747013242,0.055555639233328215,0.057665116457789115,0.10822833129383258,0.03432362780836233,0.11092545792649194,0.15152650640764626,0.10168166976595094,0.06060615189090351,0.12206970065970606,0.12206970065970606,0.0748994996525231,0.038736367326372714,0.017339891688827956,0.028641599741646994,0.11806727050236282
143,24,0.036297342344276166,0.00948221987692905,0.10481335723614532,0.09105122044142339,0.01589490071475896,0.27219456768095474,0,False,13,0,0,0,0,0,0,3262,2306,1098,2930,3412,2694,3171,2871,3400,2982,2411,3255,3143,2451,2616,3129,3078,2916,3424,1143,2848,1000,2826,3440,0.03535652678624391,0.09145609752967067,0.041752882141939035,0.014775130458070926,0.015249864324703696,0.015249864324703696,0.014523479184149549,0.019629633658081305,0.02362997947014569,0.016825424770324227,0.01581306073945102,0.01941723623789309,0.00948221987692905,0.08844115334091551,0.10186521719855854,0.08399657022325638,0.01751199288837743,0.019669538651551046,0.020094294405101173,0.10481335723614532,0.01873263453923726,0.032989525534292866,0.026230553272741007,0.02362997947014569,0.08618792055289826,0.09268761108871619,0.020185630863026355,0.04826522769484137,0.1297651642127234,0.1297651642127234,0.05337627532383453,0.0546502003970041,0.27219456768095474,0.05092600263055086,0.052859690086306685,0.09920930368601319,0.031463325490998804,0.11092545792649194,0.15152650640764626,0.09320819728545503,0.055555639233328215,0.11189722560473055,0.12206970065970606,0.0686578746814795,0.03550833671584165,0.01589490071475896,0.02625479976317641,0.27219456768095474
144,24,0.03568533102482448,0.0090491926332857,0.10481335723614532,0.08493513766194481,0.014570325655195712,0.24951168704087517,0,False,13,0,0,0,0,0,0,3262,2306,1098,2930,3412,2694,3171,2871,3400,2982,2411,3255,3143,2451,2616,3129,3078,2916,3424,1143,2848,1000,2826,3440,0.034263068402717145,0.09145609752967067,0.039720473989653046,0.01416690442558948,0.014959720840683316,0.014959720840683316,0.013945562226750046,0.01885525974475929,0.0241238348332076,0.016144824955766482,0.01518163205551428,0.018885480003248575,0.0090491926332857,0.08844115334091551,0.10186521719855854,0.08155905323262504,0.016825424770324227,0.019198981028123896,0.019669538651551046,0.10481335723614532,0.017897431875183688,0.0313459976237513,0.02499618232387248,0.0241238348332076,0.07900559384015673,0.09268761108871619,0.018503494957774157,0.04424312538693792,0.11895140052832978,0.11895140052832978,0.04892825238018165,0.05009601703058709,0.24951168704087517,0.04668216907800495,0.04845471591244779,0.09094186171217876,0.028841381700082235,0.11092545792649194,0.15152650640764626,0.08544084751166711,0.05092600263055086,0.10257245680433633,0.11189722560473055,0.0686578746814795,0.03254930865618818,0.014570325655195712,0.024066899782911707,0.24951168704087517
145,24,0.0350592854790577,0.008629600773904992,0.10481335723614532,0.0793287284474228,0.01335613185059607,0.22871904645413557,0,False,13,0,0,0,0,0,0,3262,2306,1098,2930,3412,2694,3171,2871,3400,2982,2411,3255,3143,2451,2616,3129,3078,2916,3424,1143,2848,1000,2826,3440,0.033136698266899266,0.09145609752967067,0.037769198225999875,0.013568422068961172,0.014630716120460564,0.014630716120460564,0.01337396923425983,0.01808834619463869,0.024472038222623123,0.015473352275393287,0.014557444775433212,0.018325801030834952,0.008629600773904992,0.08844115334091551,0.10186521719855854,0.0790201695266286,0.016144824955766482,0.018690800220236458,0.019198981028123896,0.10481335723614532,0.01708530088691724,0.02977330170969564,0.023805306332233753,0.024472038222623123,0.07242179435347701,0.09268761108871619,0.016961537044626312,0.040556198271359756,0.10903878381763563,0.10903878381763563,0.04485089801516651,0.04592134894470483,0.22871904645413557,0.04279198832150454,0.04441682291974381,0.08336337323616386,0.026437933225075382,0.11092545792649194,0.15152650640764626,0.07832077688569485,0.04668216907800495,0.09402475207064163,0.10257245680433633,0.0686578746814795,0.029836866268172495,0.01335613185059607,0.022061324801002397,0.22871904645413557
146,24,0.034397033816092305,0.008223926385256052,0.10481335723614532,0.07385073761856964,0.01335613185059607,0.20965912591629093,0,False,13,0,0,0,0,0,0,3262,2306,1098,2930,3412,2694,3171,2871,3400,2982,2411,3255,3143,2451,2616,3129,3078,2916,3424,1143,2848,1000,2826,3440,0.031988313397707684,0.09145609752967067,0.03589827176299255,0.012981809669636845,0.014269274120820038,0.014269274120820038,0.012811165200065854,0.017332347414848258,0.024681108770039848,0.014813656617777171,0.013943142337735847,0.0177450014366462,0.008223926385256052,0.08630186775039769,0.10186521719855854,0.07640778922945635,0.015473352275393287,0.01815255853683145,0.018690800220236458,0.10481335723614532,0.016297635342213797,0.02977330170969564,0.022658434553229932,0.024681108770039848,0.06638664482402058,0.09268761108871619,0.015548075624240786,0.037176515082079774,0.09995221849949933,0.09995221849949933,0.041113323180569296,0.042094569865979425,0.20965912591629093,0.03922598929471249,0.040715421009765156,0.07641642546648353,0.024234772122985766,0.10168166976595094,0.15152650640764626,0.0717940454785536,0.04279198832150454,0.08618935606475482,0.09402475207064163,0.0686578746814795,0.027350460745824787,0.01335613185059607,0.02022288106758553,0.20965912591629093
147,24,0.03371934903597073,0.007832487767357222,0.10481335723614532,0.06882924602545425,0.01335613185059607,0.19218753208993336,0,False,13,0,0,0,0,0,0,3262,2306,1098,2930,3412,2694,3171,2871,3400,2982,2411,3255,3143,2451,2616,3129,3078,2916,3424,1143,2848,1000,2826,3440,0.03082757191811975,0.09145609752967067,0.03410651764412726,0.012408806626494464,0.013881387071036238,0.013881387071036238,0.012259204635995167,0.01659015372088027,0.02475943272140318,0.014167928490742557,0.013340924367179294,0.017149207904676462,0.007832487767357222,0.08399657022325638,0.10186521719855854,0.07374683426040526,0.014813656617777171,0.017591168065470238,0.01815255853683145,0.10481335723614532,0.015535459676846573,0.02977330170969564,0.021555713148188924,0.02475943272140318,0.06085442442201886,0.09268761108871619,0.014252402655554053,0.034078472158573125,0.09162286695787437,0.09162286695787437,0.03768721291552185,0.03858668904381447,0.19218753208993336,0.03595715685348645,0.03732246925895139,0.07004839001094323,0.02221520777940362,0.09320819728545503,0.15152650640764626,0.0658112083553408,0.03922598929471249,0.07900690972602525,0.08618935606475482,0.0686578746814795,0.02507125568367272,0.01335613185059607,0.018537640978620068,0.19218753208993336
148,24,0.03365440402074163,0.007455462175365287,0.10186521719855854,0.07132073952831232,0.01335613185059607,0.17617190441577224,0,False,14,0,0,0,0,0,0,3262,2306,1098,3554,2930,3412,2694,3171,2871,3400,2982,2411,3255,3143,2451,2616,3129,3078,2916,3424,1143,2848,1000,3440,0.02966295021699757,0.09145609752967067,0.03322783403073295,0.03322783403073295,0.01185080744889381,0.0134725760271943,0.0134725760271943,0.0117197729056046,0.015864147044669628,0.02471675330168255,0.013537946997126874,0.01275259171356844,0.016543883654937797,0.007455462175365287,0.08399657022325638,0.10186521719855854,0.07374683426040526,0.014167928490742557,0.01701287918351982,0.017591168065470238,0.10107433385201554,0.014799477108080784,0.02977330170969564,0.02471675330168255,0.05578322238685062,0.09268761108871619,0.09639803576759122,0.09639803576759122,0.03123859947869203,0.08398762804471817,0.08398762804471817,0.03454661183922836,0.0353711316234966,0.17617190441577224,0.03296072711569591,0.03421226348737211,0.06421102417669797,0.020363940464453317,0.09320819728545503,0.15152650640764626,0.0658112083553408,0.03595715685348645,0.07242300058218981,0.07900690972602525,0.06293638512468955,0.02298198437669999,0.01335613185059607,0.17617190441577224
149,24,0.03278950669493977,0.0070929063216214425,0.10186521719855854,0.06856262723271274,0.012243120863046396,0.16149091238112454,0,False,15,0,0,0,0,0,0,3262,2306,1098,3554,2930,3412,2694,3171,2871,3584,3400,2982,2411,3255,3143,2451,2616,3129,3078,2916,3424,1143,2848,1000,0.028501813346919185,0.09145609752967067,0.03229242618530547,0.03229242618530547,0.011308901389106656,0.013047870897977454,0.013047870897977454,0.011194225912388238,0.015547133170773237,0.015547133170773237,0.02456371060000924,0.012925125509104404,0.01217958961815084,0.0159338526360318,0.0070929063216214425,0.08399657022325638,0.10186521719855854,0.07374683426040526,0.013537946997126874,0.016423286671533206,0.01701287918351982,0.10107433385201554,0.014090113449356343,0.028269895471667774,0.05113462052127973,0.09268761108871619,0.08836486612029194,0.08836486612029194,0.028635382855467694,0.07698865904099166,0.07698865904099166,0.03166772751929266,0.11575687065487189,0.11575687065487189,0.16149091238112454,0.030213999856054587,0.031361241530091094,0.058860105495306465,0.018666945425748874,0.09320819728545503,0.15152650640764626,0.0658112083553408,0.03296072711569591,0.06638775053367399,0.07242300058218981,0.06293638512468955,0.02106681901197499,0.012243120863046396
150,24,0.031663993373045686,0.006744774740312417,0.10186521719855854,0.07512048682599855,0.017111366640269802,0.18944379810029924,0,False,15,0,0,0,0,0,0,3262,2306,1098,3554,2930,3412,2694,3171,2871,3584,3400,2982,2411,3255,3143,2451,2616,3608,3078,2916,3424,1143,2848,3129,0.027350493821500548,0.09145609752967067,0.03131281717691238,0.03229242618530547,0.01078390939393178,0.01261180611407065,0.01261180611407065,0.010683627636237324,0.01558340099589712,0.015191610673025322,0.024311440151855275,0.012330554563305816,0.011623048477925764,0.015323332496076016,0.006744774740312417,0.08155905323262504,0.10186521719855854,0.01558340099589712,0.012925125509104404,0.015827349241659933,0.016423286671533206,0.10107433385201554,0.013407556716077712,0.07105937146552785,0.04687340214450642,0.09268761108871619,0.08100112727693427,0.08836486612029194,0.026249100950845386,0.07057293745424235,0.07057293745424235,0.02902875022601827,0.18944379810029924,0.1061104647669659,0.14803333634936416,0.027696166534716703,0.028747804735916836,0.053955096704030925,0.017111366640269802,0.08544084751166711,0.15152650640764626,0.18944379810029924,0.030213999856054587,0.06085543798920116,0.06638775053367399,0.06293638512468955,0.019311250760977075,0.060326940992395724
151,24,0.031128094621408958,0.006410936140620759,0.10186521719855854,0.07013640960304536,0.01568541942024732,0.1736568149252743,0,False,15,0,0,0,0,0,0,3262,2306,1098,3554,2930,3412,2694,3171,2871,3584,3400,2982,2411,3255,3143,2451,2616,3608,3078,2916,3424,1143,2848,3129,0.02621437492351681,0.09145609752967067,0.030300365294978523,0.03131281717691238,0.010276418202372949,0.01216842850292791,0.01216842850292791,0.010188785193035446,0.015544588288884643,0.01480416478683508,0.023971233639862574,0.01175504168865324,0.011083821871776731,0.014715973461660228,0.006410936140620759,0.0790201695266286,0.10186521719855854,0.015544588288884643,0.012330554563305816,0.015229418883621245,0.015827349241659933,0.10107433385201554,0.012751792688976925,0.07105937146552785,0.04296728529913089,0.09268761108871619,0.07425103333718974,0.08100112727693427,0.02406167587160827,0.06469185933305549,0.06469185933305549,0.026609687707183412,0.1736568149252743,0.0972679260363854,0.13569722498691714,0.025388152656823645,0.026352154341257098,0.04945883864536168,0.01568541942024732,0.07832077688569485,0.15152650640764626,0.1736568149252743,0.027696166534716703,0.05578415149010106,0.06085543798920116,0.06293638512468955,0.017701979864228983,0.060326940992395724
152,24,0.027982171848931436,0.0060911878884982685,0.10186521719855854,0.0708769383252937,0.014378301135226708,0.15918541368150144,0,False,15,0,0,0,0,0,0,3262,2306,1098,3554,2930,3412,2694,3171,2871,3584,3400,2982,2411,3255,3143,2451,3652,2616,3608,3078,2916,3424,1143,2848,0.02509797546929917,0.08878916319450349,0.029265266737464556,0.03131281717691238,0.010039212550916062,0.011721314363780575,0.011721314363780575,0.009710281235647765,0.015437459486107384,0.014390913719524312,0.023554261161008568,0.011199148027005975,0.010562521664870117,0.014114900785396912,0.0060911878884982685,0.07640778922945635,0.010039212550916062,0.10186521719855854,0.015437459486107384,0.01175504168865324,0.014633277006730656,0.015229418883621245,0.10107433385201554,0.012122636653579356,0.03938667819086998,0.08496364349798984,0.06806344722575726,0.08100112727693427,0.10538986954897425,0.059300871055300866,0.059300871055300866,0.024392213731584792,0.15918541368150144,0.08916226553335328,0.12438912290467403,0.023272473268755006,0.024156141479485672,0.0453372687582482,0.014378301135226708,0.0717940454785536,0.10538986954897425,0.15152650640764626,0.15918541368150144,0.025388152656823645,0.051135472199259305,0.05578415149010106,0.06293638512468955,0.016226814875543234
153,24,0.02741262033006688,0.005785268764178834,0.10186521719855854,0.07428067991543394,0.013180109373957815,0.15152650640764626,0,False,15,0,0,0,0,0,0,3262,2306,1098,3554,2930,3412,2694,3677,2871,3584,3400,2982,2411,3255,3143,2451,3652,2616,3171,3608,2916,3424,1143,2848,0.024005033692496618,0.08878916319450349,0.02821658396895045,0.030300365294978523,0.009781198731742054,0.011564338169970703,0.011273593178771132,0.011564338169970703,0.015269052837963424,0.013957474207679607,0.02307135169469077,0.01066322171990477,0.010059550125451167,0.013522758897371206,0.005785268764178834,0.07640778922945635,0.009781198731742054,0.10186521719855854,0.00924850362546259,0.015269052837963424,0.01404217489473797,0.014633277006730656,0.09731262018128008,0.011519761567049926,0.03610445500829748,0.08496364349798984,0.06239149329027748,0.07425103333718974,0.09660738041989306,0.1376924651340258,0.05435913180069246,0.1376924651340258,0.14591996254137632,0.08173207673890717,0.11402336266261787,0.021333100496358753,0.022143129689528532,0.04155916302839418,0.013180109373957815,0.0717940454785536,0.09660738041989306,0.15152650640764626,0.022359529253952726,0.14591996254137632,0.04687418284932103,0.051135472199259305,0.05769168636429875,0.014874580302581297
154,24,0.024271633449568498,0.005492870144044496,0.10186521719855854,0.10450162954982395,0.012081766926127996,0.21709329899626162,0,False,18,0,0,0,0,0,0,3262,2306,1098,3554,3700,3698,2930,3412,2694,3677,2871,3584,3400,2982,2411,3255,3143,3704,2451,3652,2616,3608,2916,3716,0.022938588515270003,0.08601371309036306,0.027862806291431834,0.029265266737464556,0.009751571634448099,0.027862806291431834,0.009751571634448099,0.011369532057805542,0.010827975820582793,0.011369532057805542,0.015434520592347295,0.013508946153381872,0.022532826582641996,0.010147428118898506,0.009575129076774404,0.012941755809822958,0.005492870144044496,0.015434520592347295,0.07640778922945635,0.009506402341803073,0.10186521719855854,0.01504647334849858,0.013805979735008623,0.013805979735008623,0.03309575042427269,0.07788333987315735,0.1405255355160877,0.06806344722575726,0.1718900987182353,0.1405255355160877,0.1718900987182353,0.12621809303952364,0.04982920415063476,0.12621809303952364,0.21709329899626162,0.07492107034399824,0.10452141577406637,0.01955534212166219,0.02029786888206782,0.03809589944269466,0.012081766926127996,0.21709329899626162,0.0717940454785536,0.08855676538490197,0.15152650640764626,0.13375996566292828,0.12630133427854429,0.12630133427854429
155,24,0.023859357488115757,0.005213645752927323,0.10186521719855854,0.10353416683136918,0.011074953015617329,0.19910955642199893,0,False,18,0,0,0,0,0,0,3262,2306,1098,3554,3700,3698,2930,3412,2694,3677,2871,3584,3400,2982,2411,3255,3143,3704,2451,3739,2616,3608,2916,3743,0.021901056975515608,0.08601371309036306,0.02741519159783114,0.02821658396895045,0.009679575559147618,0.02741519159783114,0.009679575559147618,0.011142140354508105,0.010386785509419849,0.011142140354508105,0.015515775291345943,0.013049912454456681,0.02194837980827383,0.009651776937471112,0.009109326171620146,0.012373706677738674,0.005213645752927323,0.015515775291345943,0.07374683426040526,0.009456260451000606,0.10186521719855854,0.0147767242168027,0.013530174306333458,0.013879116329275284,0.03033777122224996,0.07788333987315735,0.1288150742230804,0.06239149329027748,0.15756592382504903,0.1288150742230804,0.15756592382504903,0.11569991861956333,0.04567677047141519,0.11569991861956333,0.19900219074657313,0.06867764781533171,0.09581129779289417,0.01792573027819034,0.018606379808562168,0.03492124115580344,0.011074953015617329,0.19900219074657313,0.0658112083553408,0.16451036826949347,0.15152650640764626,0.12261330185768425,0.11577622308866559,0.19910955642199893
156,24,0.023421840415917803,0.004947220127536727,0.10186521719855854,0.09570288156167454,0.010152040264315884,0.18251709338683234,0,False,18,0,0,0,0,0,0,3262,2306,1098,3554,3700,3698,2930,3412,2694,3677,2871,3584,3400,2982,2411,3255,3143,3704,2451,3739,2616,3608,2916,3743,0.020894306985348988,0.08601371309036306,0.026886435157295455,0.02716229310590137,0.009569639602688447,0.026886435157295455,0.009569639602688447,0.010887174913253262,0.009951990123998868,0.010887174913253262,0.01551862244878012,0.012584450570556138,0.02132699845569994,0.009176146504108407,0.008662078422239726,0.011820075713745135,0.004947220127536727,0.01551862244878012,0.07105937146552785,0.009367062848316293,0.10186521719855854,0.014466574432616086,0.013220846074784203,0.013882080618691403,0.027809623620395796,0.07788333987315735,0.11808048470449035,0.05719220218275436,0.1444354301729616,0.11808048470449035,0.1444354301729616,0.10605825873459972,0.04187037293213059,0.10605825873459972,0.18241867485102536,0.0629545104973874,0.08782702297681966,0.016431919421674476,0.017055848157848653,0.032011137726153154,0.010152040264315884,0.18241867485102536,0.060326940992395724,0.15080117091370235,0.15152650640764626,0.11239552670287722,0.10612820449794345,0.18251709338683234
157,24,0.01985704738449166,0.0046931959243699944,0.08315993897060851,0.09127850807916897,0.009306036908956226,0.1673073356045963,0,False,18,0,0,0,0,0,0,3262,2306,1098,3554,3700,3698,2930,3412,2694,3677,2871,3584,3400,2982,2411,3255,3143,3704,2451,3739,3771,3608,2916,3743,0.019919724920372254,0.08315993897060851,0.02628871615851234,0.026782702452090145,0.009426221096273805,0.02628871615851234,0.009426221096273805,0.010609353950164376,0.009525234778636099,0.010609353950164376,0.015449541323333264,0.01211615282600521,0.02067691677102376,0.008720305302531744,0.008233213148575523,0.011282015898649012,0.0046931959243699944,0.015449541323333264,0.07105937146552785,0.00924314614074378,0.026782702452090145,0.014122459122334513,0.012883726461432404,0.013820665536241342,0.02549215498536281,0.07139306155039424,0.10824044431244949,0.13575951866752484,0.1323991443252148,0.10824044431244949,0.1323991443252148,0.0972200705067164,0.03838117518778637,0.0972200705067164,0.1672171186134399,0.057708301289271784,0.08050810439541801,0.015062592803201602,0.015634527478027932,0.02934354291564039,0.009306036908956226,0.1672171186134399,0.060326940992395724,0.13823440667089382,0.13575951866752484,0.10302923281097079,0.09728418745644817,0.1673073356045963
158,24,0.019600890517116693,0.004451160196912191,0.08025482150444405,0.09193630309779072,0.008530533833209874,0.23669839097087994,0,False,19,0,0,0,0,0,0,3262,2306,1098,3554,3700,3698,2930,3412,2694,3677,2871,3584,3815,3400,2982,2411,3255,3143,3704,2451,3771,3608,2916,3743,0.018978277792818268,0.08025482150444405,0.025633538579934497,0.0263172844894613,0.009253702560667694,0.025633538579934497,0.009253702560667694,0.010313060752299104,0.009107873841345674,0.010313060752299104,0.015315418036761362,0.011648152908574991,0.014054377701786852,0.020005597598979394,0.00828393099992496,0.00782246652555323,0.010760406124964593,0.004451160196912191,0.015315418036761362,0.07105937146552785,0.0263172844894613,0.013750408669403441,0.012524140540530386,0.014054377701786852,0.023367808736582577,0.06544363975452805,0.09922040728641203,0.1244462254452311,0.12136588229811356,0.09922040728641203,0.12136588229811356,0.08911839796449003,0.03518274392213751,0.08911839796449003,0.15328235872898657,0.05289927618183247,0.23669839097087994,0.07379909569579984,0.013807376736268135,0.01433165018819227,0.026898247672670357,0.008530533833209874,0.15328235872898657,0.060326940992395724,0.1244462254452311,0.09444346341005655,0.08917717183507748,0.23669839097087994
159,24,0.019178055683287277,0.007621106078052783,0.07732223536042829,0.09157476727789732,0.01265676200824579,0.21697352505663994,0,False,18,0,0,0,0,0,0,3262,2306,1098,3554,3700,3698,2930,3412,2694,3677,2871,3584,3815,3827,3400,2982,2411,3831,2451,3771,3608,2916,3255,3704,0.018070569955589477,0.07732223536042829,0.02493162157110804,0.02577813981063062,0.009056311132127372,0.02493162157110804,0.009056311132127372,0.010002319076333881,0.008701001788181577,0.010002319076333881,0.015123317128803094,0.011471569094345935,0.014206162337228516,0.011471569094345935,0.019319735511944967,0.007866627169869004,0.007621106078052783,0.007621106078052783,0.07105937146552785,0.02577813981063062,0.01335600243032543,0.012146977031060718,0.010255885565935338,0.015123317128803094,0.02142049134186736,0.059990003108317376,0.09095204001254435,0.1140757066581285,0.11125205877327075,0.09095204001254435,0.11125205877327075,0.08169186480078253,0.032250848595292717,0.08169186480078253,0.14050882883490434,0.1318243365000131,0.21697352505663994,0.1318243365000131,0.06764917105448319,0.01265676200824579,0.09647067933917626,0.09647067933917626,0.060326940992395724,0.1140757066581285,0.08657317479255183,0.08174574084882102,0.02465672703328116,0.14050882883490434
160,24,0.01881658911554977,0.007406712479642141,0.07732223536042829,0.08436130383842223,0.011602031840891973,0.1988923979685866,0,False,18,0,0,0,0,0,0,3262,2306,1098,3554,3700,3698,2930,3412,2694,3677,2871,3584,3815,3827,3400,2982,2411,3831,2451,3771,3608,2916,3255,3704,0.01719689442865516,0.07732223536042829,0.024192831675413893,0.025176802717367393,0.008838058265966042,0.024192831675413893,0.008838058265966042,0.009680782205636503,0.00830548247034858,0.009680782205636503,0.014880292107761008,0.011259803667293814,0.014280471284492426,0.011259803667293814,0.018625276596694364,0.007467937915944976,0.007406712479642141,0.007406712479642141,0.07105937146552785,0.025176802717367393,0.01294434293189417,0.011756674898148129,0.009768885182898921,0.014880292107761008,0.019635450396711746,0.059990003108317376,0.08337270334483232,0.10456939776995111,0.10198105387549819,0.08337270334483232,0.10198105387549819,0.07488420940071731,0.029563277879018322,0.07488420940071731,0.12879975976532898,0.120838975125012,0.1988923979685866,0.120838975125012,0.062011740133276254,0.011602031840891973,0.08843145606091157,0.08843145606091157,0.060326940992395724,0.10456939776995111,0.07935874355983917,0.07493359577808593,0.02260199978050773,0.12879975976532898
161,24,0.018100230490418593,0.0070873605964041604,0.07012786945453599,0.08428850878495948,0.010635195854150974,0.18231803147120437,0,False,17,0,0,0,0,0,0,3882,1098,3554,3700,3698,2930,3412,2694,3677,2871,3584,3815,3827,3400,2982,2411,3831,3262,2451,3771,3608,2916,3255,3704,0.07012786945453599,0.02342614950407488,0.024524107213148273,0.008602697196346168,0.02342614950407488,0.008602697196346168,0.009351732882837159,0.007921976517092274,0.009351732882837159,0.014593233511859762,0.011017993758142493,0.01428265253369412,0.011017993758142493,0.017927450550995202,0.0070873605964041604,0.007182159624092918,0.007182159624092918,0.016357279043312797,0.07012786945453599,0.024524107213148273,0.012520046680513621,0.011357223182945943,0.009299656375012908,0.014593233511859762,0.13863302924302942,0.07642497806609629,0.09585528128912185,0.09348263271920668,0.07642497806609629,0.09348263271920668,0.06864385861732421,0.02709967138910013,0.06864385861732421,0.11806644645155157,0.110769060531261,0.18231803147120437,0.110769060531261,0.056844095122169896,0.010635195854150974,0.0810621680558356,0.0810621680558356,0.017999162863652433,0.13863302924302942,0.09585528128912185,0.07274551492985257,0.06868912946324544,0.02071849979879875,0.11806644645155157
162,24,0.01766163976404089,0.006724356841392332,0.07012786945453599,0.0777458310710845,0.009748929532971726,0.16712486218193734,0,False,17,0,0,0,0,0,0,3882,1098,3554,3700,3698,2930,3412,2694,3677,2871,3584,3815,3827,3400,2982,2411,3831,3262,2451,3771,3608,2916,3255,3704,0.07012786945453599,0.022639664023853655,0.023830097923365733,0.008353695526482916,0.022639664023853655,0.008353695526482916,0.009018091641040836,0.007550966713537833,0.009018091641040836,0.014268751618445668,0.010751010716821427,0.01421867250411858,0.010751010716821427,0.017230811420728426,0.006724356841392332,0.006950054340965801,0.006950054340965801,0.015551527671373067,0.06896470218495043,0.023830097923365733,0.012087248071103528,0.010952171050819162,0.008848296842469868,0.014268751618445668,0.13863302924302942,0.07005622989392159,0.08786734118169502,0.08569241332593945,0.07005622989392159,0.08569241332593945,0.06292353706588052,0.02484136544000845,0.06292353706588052,0.10822757591392226,0.10153830548698924,0.16712486218193734,0.10153830548698924,0.0521070871953224,0.009748929532971726,0.07430698738451597,0.07430698738451597,0.01649923262501473,0.1270802768061103,0.08786734118169502,0.06668338868569819,0.06296503534130832,0.018991958148898855,0.10822757591392226
163,24,0.01725951457322124,0.006378362043102238,0.07012786945453599,0.07941477576959259,0.008936518738557414,0.15319779033344255,0,False,18,0,0,0,0,0,0,3882,1098,3554,3700,3698,2930,3412,2694,3677,3919,2871,3584,3815,3827,3400,2982,2411,3831,3262,2451,3771,3608,2916,3704,0.07012786945453599,0.021840588331989267,0.023103978593678978,0.008094220379800357,0.021840588331989267,0.008094220379800357,0.008682431385958193,0.007378282488923238,0.008682431385958193,0.007378282488923238,0.013913090109704805,0.010463409295457544,0.01409487063231658,0.010463409295457544,0.01653928394777186,0.006378362043102238,0.0067127369537129025,0.0067127369537129025,0.015551527671373067,0.06896470218495043,0.023103978593678978,0.011649613297643092,0.010544645447166056,0.013913090109704805,0.13863302924302942,0.06421821073609478,0.0805450627498871,0.07855137888211117,0.06421821073609478,0.07855137888211117,0.057679908977057145,0.10610458498667442,0.057679908977057145,0.10610458498667442,0.09920861125442874,0.09307678002974012,0.15319779033344255,0.09307678002974012,0.04776482992904553,0.008936518738557414,0.0681147384358063,0.0681147384358063,0.01649923262501473,0.1270802768061103,0.0805450627498871,0.06112643962855667,0.05771794906286595,0.09920861125442874
164,24,0.016826098221358665,0.006048793486799668,0.07012786945453599,0.07816060021717473,0.00819180884367763,0.1742745603165597,0,False,18,0,0,0,0,0,0,3882,1098,3554,3700,3698,2930,3412,2694,3677,3919,2871,3584,3959,3827,3400,2982,2411,3831,3262,2451,3771,3608,2916,3704,0.07012786945453599,0.021035291575107088,0.022354091207122218,0.007827133706800035,0.021035291575107088,0.007827133706800035,0.008346996409615174,0.007190095393640833,0.008346996409615174,0.007190095393640833,0.013532066606748938,0.010159395100975778,0.013881057431954509,0.010159395100975778,0.01585621308087237,0.006048793486799668,0.006472287738244323,0.006472287738244323,0.014779256852170696,0.067601724955057,0.022354091207122218,0.011210361600494462,0.010137374149008943,0.013881057431954509,0.13863302924302942,0.05886669317475354,0.0738329741873965,0.07200543064193524,0.05886669317475354,0.07200543064193524,0.052873249895635716,0.09726253623778489,0.052873249895635716,0.09726253623778489,0.09094122698322635,0.08532038169392844,0.1742745603165597,0.08532038169392844,0.0437844274349584,0.00819180884367763,0.06243851023282244,0.06243851023282244,0.01512429657293017,0.11649025373893444,0.0738329741873965,0.05603256965951028,0.05290811997429379,0.1742745603165597
165,24,0.016449916614283508,0.005735057277599996,0.07012786945453599,0.07253306159831975,0.0075091581067044935,0.15975168029017972,0,False,18,0,0,0,0,0,0,3882,1098,3554,3700,3698,2930,3412,2694,3677,3919,2871,3584,3959,3827,3400,2982,2411,3831,3262,2451,3771,3608,2916,3704,0.07012786945453599,0.02022934246177406,0.02158791936740482,0.007554995572095674,0.02022934246177406,0.007554995572095674,0.008013724327952429,0.006989376822619345,0.008013724327952429,0.006989376822619345,0.013131035909120447,0.00984280719503298,0.013787778638843066,0.00984280719503298,0.01518441471669984,0.005735057277599996,0.006230537756682334,0.006230537756682334,0.014039928156141872,0.067601724955057,0.02158791936740482,0.010772291609764974,0.00973271237907471,0.013787778638843066,0.13863302924302942,0.05396113541019074,0.06768022633844678,0.06600497808844064,0.05396113541019074,0.06600497808844064,0.04846714573766607,0.08915732488463614,0.04846714573766607,0.08915732488463614,0.08336279140129081,0.07821034988610107,0.15975168029017972,0.07821034988610107,0.040135725148711866,0.0075091581067044935,0.0572353010467539,0.0572353010467539,0.013863938525185988,0.11649025373893444,0.06768022633844678,0.05136318885455109,0.04849910997643597,0.15975168029017972
166,24,0.015985319058533745,0.005436554204666741,0.06896470218495043,0.0745678885450095,0.006883394931145786,0.15502615406225934,1,False,18,0,0,0,0,0,0,3882,1098,3554,3700,3698,2930,3412,2694,3677,3919,2871,3584,3959,3997,3400,2982,2411,3831,3262,2451,3771,3608,3827,3704,0.06896470218495043,0.01942756057864374,0.020812110319764522,0.007280073508772879,0.01942756057864374,0.007280073508772879,0.007684269719723683,0.006778854604492491,0.007684269719723683,0.006778854604492491,0.012714871928752557,0.009517112924137447,0.013639531449963403,0.00976255844177278,0.014526226183364521,0.005436554204666741,0.005989082776809947,0.005989082776809947,0.013332876634279596,0.06606941960364157,0.020812110319764522,0.010337810941130081,0.00976255844177278,0.013639531449963403,0.1270802768061103,0.04946437412600818,0.06204020747690955,0.060504563247737245,0.04946437412600818,0.060504563247737245,0.0444282169261939,0.08172754781091646,0.0444282169261939,0.08172754781091646,0.07641589211784991,0.07169282072892598,0.14643904026599808,0.15502615406225934,0.03679108138631921,0.006883394931145786,0.05246569262619107,0.05246569262619107,0.012708610314753822,0.10678273259402324,0.06204020747690955,0.04708292311667183,0.15502615406225934,0.14643904026599808
167,24,0.015553943117572543,0.005152684671526978,0.06896470218495043,0.06879514879405768,0.006309778686883636,0.14210730789040438,0,False,18,0,0,0,0,0,0,3882,1098,3554,3700,3698,2930,3412,2694,3677,3919,2871,3584,3959,3997,3400,2982,2411,3831,3262,2451,3771,3608,3827,3704,0.06896470218495043,0.018634072421049808,0.02003251074788478,0.007004356299188153,0.018634072421049808,0.007004356299188153,0.007360028497465281,0.006561005544864755,0.007360028497465281,0.006561005544864755,0.012287964607507688,0.009185412345432258,0.013442660045169566,0.009644816524898178,0.013883555355496372,0.005152684671526978,0.005749299210663915,0.005749299210663915,0.012657335701957033,0.06439651381237187,0.02003251074788478,0.009908967560129546,0.009644816524898178,0.013442660045169566,0.1270802768061103,0.04534234294884083,0.05687019018716708,0.055462516310425806,0.04534234294884083,0.055462516310425806,0.04072586551567774,0.07491691882667341,0.04072586551567774,0.07491691882667341,0.07004790110802908,0.06571841900151548,0.13423578691049823,0.14210730789040438,0.033725157937459276,0.006309778686883636,0.04809355157400848,0.04809355157400848,0.011649559455191003,0.0978841715445213,0.05687019018716708,0.043159346190282506,0.14210730789040438,0.13423578691049823
168,24,0.015239603159774748,0.004882852808707708,0.06896470218495043,0.07147490855046025,0.005783963796309999,0.14754390934902667,0,False,18,0,0,0,0,0,0,3882,1098,3554,3700,3698,2930,3412,2694,3677,3919,4042,3584,3959,3997,3400,2982,2411,3831,3262,2451,3771,2871,3827,3704,0.06896470218495043,0.01785236967571239,0.01925421224362939,0.006729570806035699,0.01785236967571239,0.006729570806035699,0.007042162261104969,0.006338055348007147,0.007042162261104969,0.006338055348007147,0.012159948019141066,0.008850449934769198,0.013203423203343724,0.009494078344480367,0.013257927602992103,0.004882852808707708,0.005512361209093203,0.005512361209093203,0.012012458796526819,0.06260972228555182,0.01925421224362939,0.012159948019141066,0.009494078344480367,0.013203423203343724,0.1270802768061103,0.04156381436977076,0.05213100767156982,0.050840639951223655,0.04156381436977076,0.050840639951223655,0.03733204338937126,0.06867384225778396,0.03733204338937126,0.06867384225778396,0.14754390934902667,0.06024188408472252,0.12304947133462336,0.13026503223287067,0.030914728109337666,0.005783963796309999,0.04408575560950777,0.04408575560950777,0.010678762833925087,0.08972715724914451,0.05213100767156982,0.14754390934902667,0.13026503223287067,0.12304947133462336
169,24,0.014521659394632633,0.0047457861301972186,0.06896470218495043,0.06748991921197128,0.009788865931097996,0.1352485835699411,0,False,19,0,0,0,0,0,0,3882,1098,3554,3700,3698,2930,3412,2694,3677,3919,4042,3584,3959,3997,3400,2982,4071,2411,3831,3262,2451,3771,3827,3704,0.06896470218495043,0.017085367839882286,0.018481603061161193,0.006457200724307178,0.017085367839882286,0.006457200724307178,0.0067316220714796135,0.006111984237517566,0.0067316220714796135,0.006111984237517566,0.01198814209302415,0.008514631594916005,0.012927874827402326,0.00931474834085895,0.012650530030828923,0.0047457861301972186,0.0047457861301972186,0.005279258229420341,0.005279258229420341,0.011397338133256649,0.06073359050975373,0.018481603061161193,0.00931474834085895,0.012927874827402326,0.1270802768061103,0.03810016317228986,0.04778675703227234,0.04660391995528835,0.03810016317228986,0.04660391995528835,0.03422103977359032,0.06295102206963529,0.03422103977359032,0.06295102206963529,0.1352485835699411,0.05522172707766231,0.11279534872340474,0.11940961288013144,0.02833850076689286,0.08863530014661751,0.08863530014661751,0.04041194264204879,0.04041194264204879,0.009788865931097996,0.08224989414504913,0.04778675703227234,0.11940961288013144,0.11279534872340474
170,24,0.014046143062161743,0.004602168609660713,0.067601724955057,0.06186575927764035,0.008973127103506496,0.123977868272446,1,False,19,0,0,0,0,0,0,3882,1098,3554,3700,3698,2930,3412,2694,3677,3919,4042,3584,3959,3997,3400,2982,4071,2411,3831,3262,2451,3771,3827,3704,0.067601724955057,0.01633546372779993,0.01771842341757197,0.006188506347445365,0.01633546372779993,0.006188506347445365,0.006429171236601228,0.0058845368194752785,0.006429171236601228,0.0058845368194752785,0.011778131780787677,0.008180045303331503,0.012621773845880164,0.009111061088601343,0.012062252671773403,0.004602168609660713,0.004602168609660713,0.005050812549461216,0.005050812549461216,0.010811020865509646,0.058790422630428205,0.01771842341757197,0.009111061088601343,0.012621773845880164,0.11649025373893444,0.03492514957459904,0.04380452727958297,0.042720259959014316,0.03492514957459904,0.042720259959014316,0.03136928645912446,0.05770510356383235,0.03136928645912446,0.05770510356383235,0.123977868272446,0.05061991648785712,0.10339573632978767,0.10945881180678715,0.025976959036318456,0.08124902513439938,0.08124902513439938,0.037044280755211385,0.037044280755211385,0.008973127103506496,0.07539573629962837,0.04380452727958297,0.10945881180678715,0.10339573632978767
171,24,0.013626212055105067,0.004453673778677737,0.067601724955057,0.057114759385541614,0.008225366511547622,0.11649025373893444,0,False,19,0,0,0,0,0,0,3882,1098,3554,3700,3698,2930,3412,2694,3677,3919,4042,3584,3959,3997,3400,2982,4071,2411,3831,3262,2451,3771,3827,3704,0.067601724955057,0.015604590805811426,0.016967822177877876,0.0059245446366506275,0.015604590805811426,0.0059245446366506275,0.006135406830783294,0.0056572349541717925,0.006135406830783294,0.0056572349541717925,0.011535327697287469,0.007848484038216696,0.012290519954988513,0.008887023921229404,0.011493726454371158,0.004453673778677737,0.004453673778677737,0.0048276963335361625,0.0048276963335361625,0.010252522934141145,0.05680027645599452,0.016967822177877876,0.008887023921229404,0.012290519954988513,0.11649025373893444,0.03201472044338245,0.04015415000628439,0.03916023829576312,0.03201472044338245,0.03916023829576312,0.02875517925419742,0.05289634493351299,0.02875517925419742,0.05289634493351299,0.11364637924974216,0.046401590113869025,0.09477942496897203,0.10033724415622156,0.023812212449958584,0.0744782730398661,0.0744782730398661,0.03395725735894377,0.03395725735894377,0.008225366511547622,0.06911275827465933,0.04015415000628439,0.10033724415622156,0.09477942496897203
172,24,0.01329167201131641,0.004301804478598235,0.067601724955057,0.05299965100623812,0.007539919302251986,0.11649025373893444,0,False,19,0,0,0,0,0,0,3882,1098,3554,3700,3698,2930,3412,2694,3677,3919,4042,3584,3959,3997,3400,2982,4071,2411,3831,3262,2451,3771,3827,3704,0.067601724955057,0.014894271618290243,0.016232413259894274,0.005666189050382251,0.014894271618290243,0.005666189050382251,0.005850779768973698,0.005431392613757958,0.005850779768973698,0.005431392613757958,0.011264883742865541,0.007521469891182631,0.011939111472427157,0.008646377004178238,0.010945357892019001,0.004301804478598235,0.004301804478598235,0.004610447966226608,0.004610447966226608,0.009720840869017791,0.05680027645599452,0.016232413259894274,0.008646377004178238,0.011939111472427157,0.11649025373893444,0.02934682707310058,0.03680797083909402,0.03589688510444953,0.02934682707310058,0.03589688510444953,0.026358914316347633,0.04848831618905357,0.026358914316347633,0.04848831618905357,0.10417584764559698,0.04253479093771327,0.08688113955489102,0.0919758071432031,0.021827861412462034,0.06827175028654392,0.06827175028654392,0.03112748591236512,0.03112748591236512,0.007539919302251986,0.06911275827465933,0.03680797083909402,0.0919758071432031,0.08688113955489102
173,24,0.010898293536463982,0.004147896908855553,0.06606941960364157,0.056400699316669606,0.006911592693730987,0.1676444898812695,1,False,20,0,0,0,0,0,0,3882,1098,3554,3700,3698,2930,3412,2694,3677,3919,4042,3584,3959,3997,3400,4174,2982,4071,2411,3831,3262,3771,3827,3704,0.06606941960364157,0.014205666825323987,0.01551433051587218,0.005414148732616628,0.014205666825323987,0.005414148732616628,0.005575613339205342,0.0052081318964367455,0.005575613339205342,0.0052081318964367455,0.010971638020439697,0.007200278511507416,0.011572121623593895,0.008392568202832216,0.010417360531419877,0.008609011809549292,0.004147896908855553,0.004147896908855553,0.004399487459577102,0.004399487459577102,0.009214961783233342,0.01551433051587218,0.008609011809549292,0.011572121623593895,0.10678273259402324,0.026901258150342198,0.03374063993583618,0.032905478012412066,0.026901258150342198,0.032905478012412066,0.024162338123318663,0.0444476231732991,0.024162338123318663,0.0444476231732991,0.09549452700846389,0.03899022502623716,0.07964104459198343,0.08431115654793617,0.02000887296142353,0.1676444898812695,0.06258243776266526,0.06258243776266526,0.028533528753001358,0.028533528753001358,0.006911592693730987,0.03374063993583618,0.1676444898812695,0.07964104459198343
174,24,0.010802270609407534,0.004195130811573665,0.06606941960364157,0.07400844415299056,0.006335626635920071,0.2370074490578304,0,False,14,0,0,0,0,0,0,3882,1098,3554,3700,3698,2930,3412,2694,3677,3919,4042,3584,4187,3831,3262,3771,3959,3997,3400,4174,4191,4194,3704,4182,0.06606941960364157,0.013539620578021107,0.014815280197826585,0.005168986775368867,0.013539620578021107,0.005168986775368867,0.005447067696988142,0.004988399539627852,0.005310120158240381,0.004988399539627852,0.01066007373201799,0.007063551625041889,0.007063551625041889,0.004195130811573665,0.008733871778626242,0.014815280197826585,0.011193689794518222,0.008128740173525533,0.009909783265887111,0.008755419907897938,0.008755419907897938,0.004303322871687102,0.011193689794518222,0.005447067696988142,0.10678273259402324,0.02465948663781368,0.030928919941183165,0.030163354844711058,0.02465948663781368,0.030163354844711058,0.10548214327970878,0.040743654575524174,0.02214880994637544,0.040743654575524174,0.08753664975775856,0.1190743729407174,0.1190743729407174,0.026155734690251245,0.006335626635920071,0.030928919941183165,0.07300429087598481,0.07728522683560815,0.018341466881304905,0.2370074490578304,0.2370074490578304,0.10948906802358459,0.07300429087598481,0.10548214327970878
175,24,0.01059951349115375,0.004100701091899534,0.06439651381237187,0.08424085781956119,0.0058076577495933986,0.19248484186232429,1,False,16,0,0,0,0,0,0,3882,1098,3554,3700,3698,2930,3412,2694,3677,3919,4042,4218,3584,4210,4213,3831,3262,3771,4211,4187,3704,4202,3997,4194,0.06439651381237187,0.012896702116212414,0.014501171840443871,0.004931137365876141,0.012896702116212414,0.004931137365876141,0.005307211935102292,0.00477298342358284,0.005054417562290399,0.00477298342358284,0.010600817385644709,0.009665542044028561,0.007086611114777061,0.010600817385644709,0.004100701091899534,0.004100701091899534,0.008276562960039256,0.014136590399018933,0.007086611114777061,0.006908442969231914,0.01080752460122908,0.014501171840443871,0.007857727286617704,0.004197541540886873,0.0978841715445213,0.022604529417995872,0.11168484327941791,0.027649741940985136,0.022604529417995872,0.027649741940985136,0.09669196467306639,0.03734835002756382,0.020303075784177484,0.03734835002756382,0.16357526227794533,0.10014634464119618,0.19248484186232429,0.16357526227794533,0.10730942346606365,0.10730942346606365,0.0058076577495933986,0.02835150994608457,0.19248484186232429,0.10915150852899096,0.06692059996965274,0.11168484327941791,0.07084479126597414,0.1003649790216192
176,24,0.010115009132045771,0.0039974592675323314,0.06439651381237187,0.09005348847475236,0.005323686270460615,0.17644443837379725,0,False,15,0,0,0,0,0,0,3882,1098,3554,3700,3698,2930,3412,2694,4230,3677,3919,4233,4210,4213,3831,3262,3771,4042,4218,3584,4187,3704,4225,4194,0.06439651381237187,0.01259387264215004,0.014153415944999522,0.004700921704422559,0.012277243593717456,0.004700921704422559,0.005291261829564197,0.004562528683552303,0.005291261829564197,0.0048085414788842885,0.004680195902948258,0.004680195902948258,0.010498073600771334,0.0039974592675323314,0.0039974592675323314,0.007842039235698038,0.013479257092722022,0.010498073600771334,0.009403311251373135,0.007074984609000216,0.006737987270518852,0.01041691599403971,0.01259387264215004,0.004083910307443647,0.0978841715445213,0.10405415196649623,0.10237777300613309,0.025345596779236375,0.02072081863316288,0.025345596779236375,0.1719676342836442,0.03423598752526683,0.1719676342836442,0.018611152802162693,0.11756932085860017,0.11756932085860017,0.14994399042144987,0.09836697151055834,0.09836697151055834,0.005323686270460615,0.025988884117244187,0.14994399042144987,0.0918008159210965,0.17644443837379725,0.10005554948490837,0.06134388330551501,0.10405415196649623,0.0920012307698176
177,24,0.009717482704058915,0.003887068523900979,0.06439651381237187,0.10176671932178183,0.004880045747922231,0.19110521078705017,0,False,15,0,0,0,0,0,0,3882,1098,4252,3698,2930,3412,2694,4230,3677,3919,4233,4210,4261,4213,3831,3262,3554,3700,3771,4258,4042,3584,4187,3704,0.06439651381237187,0.012265612791416981,0.011982635854022644,0.011982635854022644,0.004478562637802534,0.005252310386968038,0.004357553154125176,0.005252310386968038,0.004572458849939349,0.004693495771904336,0.0045754941736424444,0.010356707932541693,0.003987315684309593,0.003987315684309593,0.003887068523900979,0.00742932106230874,0.013778035652465158,0.004478562637802534,0.01284398656900719,0.004693495771904336,0.010356707932541693,0.007031714031074715,0.006555015740292698,0.010024754001770976,0.0978841715445213,0.09538297263595487,0.10232741708039932,0.10232741708039932,0.02323346371430001,0.1576369980933405,0.03138298856482793,0.1576369980933405,0.017060223401982468,0.19110521078705017,0.10777187745371682,0.13744865788632904,0.17350305721801182,0.17350305721801182,0.09016972388467848,0.004880045747922231,0.09384629192228866,0.02323346371430001,0.023823143774140503,0.19110521078705017,0.13744865788632904,0.1617407351759808,0.09171758702783267,0.05623189303005542
178,24,0.009417856911098678,0.0037710579931973373,0.06439651381237187,0.10288426043864847,0.004473375268928711,0.18212422099924042,0,False,14,0,0,0,0,0,0,3882,1098,4252,3698,2930,4276,4230,3677,3919,4282,4210,4261,4213,3831,3262,3554,3700,3412,2694,4233,4187,3704,3771,4295,0.06439651381237187,0.011916930828014365,0.011664664988396077,0.011664664988396077,0.0043741712953616506,0.0043741712953616506,0.005192760548887801,0.004346078691947985,0.0046839851264973715,0.004575922057131254,0.01018154954915648,0.003959665726626392,0.003959665726626392,0.0037710579931973373,0.007037449276084325,0.013380598711649153,0.00426419799848265,0.005192760548887801,0.004158461955693738,0.004575922057131254,0.006362137333728542,0.009882000574182514,0.01223123420837306,0.009882000574182514,0.0978841715445213,0.08743439158295863,0.09380013232369937,0.09380013232369937,0.10463067507144169,0.10463067507144169,0.14450058158556212,0.015638538118483928,0.175179776554796,0.18212422099924042,0.1259946030624683,0.15904446911651082,0.15904446911651082,0.08265558022762193,0.004473375268928711,0.08602576759543126,0.021297341738108343,0.14450058158556212,0.028767739517758933,0.18212422099924042,0.08407445477551327,0.1348792352775508,0.021837881792962126,0.1348792352775508
179,24,0.008952677081959947,0.003650818018318708,0.06260972228555182,0.10636668588388642,0.004100593996517985,0.16694720258263704,1,False,14,0,0,0,0,0,0,3882,1098,4252,4312,2930,4276,4230,3677,3919,4282,4210,4261,4213,3831,3262,3554,3700,3698,4297,3412,2694,4233,4187,3704,0.06260972228555182,0.011850348547499431,0.011328043221149251,0.0041625453734339905,0.0042608463112150455,0.0042608463112150455,0.005115030899833444,0.004129261888683378,0.0046536891589933045,0.004555176646001604,0.009977293030002343,0.003916315276943295,0.003916315276943295,0.003650818018318708,0.006665488134941977,0.012966192915109438,0.0041625453734339905,0.011328043221149251,0.011850348547499431,0.005115030899833444,0.0039655611023533795,0.004555176646001604,0.006161729222640344,0.009707881658291924,0.08972715724914451,0.16348152561771206,0.08598345463005774,0.102855896593266,0.09591145214882155,0.09591145214882155,0.13245886645343194,0.014335326608610267,0.1605814618418963,0.16694720258263704,0.11549505280726259,0.14579076335680158,0.14579076335680158,0.07576761520865342,0.004100593996517985,0.07885695362914533,0.102855896593266,0.08598345463005774,0.16348152561771206,0.13245886645343194,0.02637042789127902,0.16694720258263704,0.07706825021088716,0.12363929900442157
180,24,0.008714076618706842,0.003527599634128789,0.06073359050975373,0.10495946629333963,0.003758877830141486,0.16215150007755294,2,False,14,0,0,0,0,0,0,3882,4322,4252,4312,2930,4276,4230,3677,3919,4282,4210,4261,4213,3831,3262,1098,3554,3700,3698,3412,4340,4233,4187,3704,0.06073359050975373,0.01126017414618326,0.01126017414618326,0.00405268804169514,0.004140333486512138,0.004140333486512138,0.005021499690266381,0.003921829816422308,0.004604722443287733,0.004515290066524765,0.009748423379518891,0.0038590868521939784,0.0038590868521939784,0.003527599634128789,0.0063125276825599435,0.011735186117782431,0.0125394179443868,0.00405268804169514,0.0109770762996036,0.005021499690266381,0.003876531954723783,0.004515290066524765,0.005955934673422144,0.00950685382662271,0.08224989414504913,0.16215150007755294,0.16215150007755294,0.0942845718771605,0.08791883113641975,0.08791883113641975,0.1214206275823126,0.013140716057892745,0.14719967335507161,0.1530349357007506,0.10587046507332404,0.1336415330770681,0.1336415330770681,0.06945364727459898,0.003758877830141486,0.1498580651495694,0.07228554082671655,0.0942845718771605,0.0788181667442196,0.1214206275823126,0.10750622556700577,0.1530349357007506,0.07064589602664656,0.11333602408738644
181,24,0.008741502487337191,0.003402517319947186,0.06073359050975373,0.13012357307294872,0.0034456380109630287,0.23197220840442354,0,False,16,0,0,0,0,0,0,3882,4322,4252,4346,4312,2930,4276,4230,3677,3919,4365,4282,4353,4210,4261,4355,3262,1098,3554,3698,3412,4233,4187,3831,0.06073359050975373,0.01114659385075561,0.011434063540290423,0.011434063540290423,0.003936268642700516,0.004014232595205831,0.004014232595205831,0.004914461057476462,0.0037235719025909353,0.004539225385546524,0.004573326270091765,0.004573326270091765,0.004573326270091765,0.009499161625408448,0.0038875144696165734,0.0038875144696165734,0.0059776855317990405,0.011576883031733234,0.01210439012673919,0.01061565665888401,0.004914461057476462,0.004573326270091765,0.005746666704688523,0.003402517319947186,0.08224989414504913,0.1486388750710902,0.23197220840442354,0.23197220840442354,0.08642752422073045,0.08059226187505143,0.08059226187505143,0.11130224195045321,0.012045656386401682,0.13493303390881564,0.22361535772568805,0.22361535772568805,0.22361535772568805,0.09704792631721369,0.20583807198731244,0.20583807198731244,0.0034456380109630287,0.13736989305377195,0.06626174575782351,0.0722499861822013,0.11130224195045321,0.22361535772568805,0.06475873802442601,0.06366584333504906
182,24,0.008606721041801164,0.0032765542001673446,0.058790422630428205,0.12914201760082025,0.003158501510049443,0.21958563548183269,1,False,16,0,0,0,0,0,0,3882,4322,4252,4346,4312,2930,4276,4230,3677,3919,4365,4282,4353,4210,4261,4355,3262,4369,1098,3554,3412,4233,4187,3831,0.058790422630428205,0.011275971235337282,0.011542259875432373,0.011542259875432373,0.0038147891073565254,0.003883993724520173,0.003883993724520173,0.004796092255670929,0.0035342522169414074,0.00445931231780502,0.004605808567207884,0.004605808567207884,0.004605808567207884,0.009233428159806588,0.0038956796742609916,0.0038956796742609916,0.0056601081531170196,0.011275971235337282,0.011380837290451792,0.011664757024325411,0.004796092255670929,0.004605808567207884,0.005535616103553585,0.0032765542001673446,0.07539573629962837,0.21958563548183269,0.21264119103738824,0.21264119103738824,0.07922523053566959,0.07387624005213048,0.07387624005213048,0.10202705512124878,0.011041851687534875,0.12368861441641434,0.2049807445818807,0.2049807445818807,0.2049807445818807,0.08896059912411254,0.18868489932170307,0.18868489932170307,0.003158501510049443,0.21958563548183269,0.1259224019659576,0.06073993361133821,0.10202705512124878,0.2049807445818807,0.05936217652239051,0.05836035639046163
183,24,0.008429387139617956,0.003150568993630512,0.05680027645599452,0.1183801828007519,0.002895293050878656,0.20128683252501328,2,False,16,0,0,0,0,0,0,3882,4322,4252,4346,4312,2930,4276,4230,3677,3919,4365,4282,4353,4210,4261,4355,3262,4369,1098,3554,3412,4233,4187,3831,0.05680027645599452,0.011343249130077051,0.011588563870675682,0.011588563870675682,0.0036896080319935624,0.0037509178376967014,0.0037509178376967014,0.004668430527764356,0.0033536151906499215,0.0043670305688353495,0.0046143742650033215,0.0046143742650033215,0.0046143742650033215,0.008954820975817207,0.0038851509993911783,0.0038851509993911783,0.005358971742954306,0.011343249130077051,0.011152295800250258,0.011223719211781794,0.004668430527764356,0.0046143742650033215,0.005324262587700288,0.003150568993630512,0.06911275827465933,0.20128683252501328,0.19492109178427255,0.19492109178427255,0.07262312799103045,0.06771988671445293,0.06771988671445293,0.09352480052781138,0.010121697380240302,0.11338122988171313,0.18789901586672397,0.18789901586672397,0.18789901586672397,0.08154721586376983,0.17296115771156115,0.17296115771156115,0.002895293050878656,0.20128683252501328,0.11542886846879447,0.055678272477060024,0.09352480052781138,0.18789901586672397,0.054415328478857966,0.053496993357923156
184,24,0.008239369502690047,0.003025304130489627,0.05478101043486311,0.11198738978957813,0.002654018629972101,0.2555740978778303,3,False,15,0,0,0,0,0,0,3882,4322,4252,4346,4312,2930,4276,4230,3677,3919,4437,4353,4210,4261,4355,3262,4369,1098,3554,3412,4365,4282,4187,3831,0.05478101043486311,0.011352592953504673,0.011577448800038555,0.011577448800038555,0.0035619418964046873,0.0036161605803906043,0.0036161605803906043,0.004533358194163876,0.003181390553711871,0.004264329511843274,0.004719546910512353,0.004600890347136677,0.00866660608670828,0.0038576239381309203,0.0038576239381309203,0.005073482737560143,0.011352592953504673,0.010896270705175654,0.010784057022509588,0.004533358194163876,0.004600890347136677,0.004600890347136677,0.005113888100915294,0.003025304130489627,0.06335336175177106,0.1845129298145955,0.1786776674689165,0.1786776674689165,0.06657120065844457,0.06207656282158185,0.06207656282158185,0.08573106715049376,0.00927822259855361,0.10393279405823704,0.2555740978778303,0.17224076454449697,0.07475161454178901,0.15854772790226437,0.15854772790226437,0.002654018629972101,0.1845129298145955,0.10580979609639492,0.05103841643730502,0.08573106715049376,0.17224076454449697,0.17224076454449697,0.04988071777228647,0.04903891057809622
185,24,0.00803408986498305,0.0029013945638185924,0.05274836943934937,0.10265510730711329,0.002432850410807759,0.2342762563880111,4,False,15,0,0,0,0,0,0,3882,4322,4252,4346,4312,2930,4276,4230,3677,3919,4437,4353,4210,4261,4355,3262,4369,1098,3554,3412,4365,4282,4187,3831,0.05274836943934937,0.01130868846761084,0.01151384095022508,0.01151384095022508,0.003432869214862694,0.0034807384853321956,0.0034807384853321956,0.0043925945640529715,0.0030172975751810065,0.0041530384031910035,0.00479580538422341,0.004567370449071477,0.008371717639905898,0.003814859830845476,0.003814859830845476,0.004802878029268578,0.01130868846761084,0.010617478710898352,0.010348160440298954,0.0043925945640529715,0.004567370449071477,0.004567370449071477,0.004905591415247791,0.0029013945638185924,0.05807391493912347,0.16913685233004586,0.1637878618465068,0.1637878618465068,0.06102360060357419,0.05690351591978336,0.05690351591978336,0.07858681155461929,0.008505037382007476,0.09527172788671728,0.2342762563880111,0.15788736749912222,0.06852231332997326,0.14533541724374233,0.14533541724374233,0.002432850410807759,0.16913685233004586,0.09699231308836201,0.0467852150675296,0.07858681155461929,0.15788736749912222,0.15788736749912222,0.045723991291262596,0.0449523346965882
186,24,0.007869868734602943,0.0028610486845282545,0.05071609818384073,0.10835125776769654,0.002230112876573779,0.2280634202075287,5,False,16,0,0,0,0,0,0,3882,4322,4252,4346,4312,2930,4276,4230,3677,3919,4437,4353,4484,4210,4261,4355,3262,4369,1098,3554,3412,4282,4187,4478,0.05071609818384073,0.011216543033950251,0.011402927080198329,0.011402927080198329,0.003303336836737518,0.003345536861616155,0.003345536861616155,0.0042476933635406545,0.0028610486845282545,0.004034851755569527,0.00484431157784914,0.004515903022129862,0.004632367769757946,0.008072765512773184,0.003758634553306176,0.0038555694127422276,0.0045464249347332494,0.011216543033950251,0.010320300222798121,0.009918060670957525,0.0042476933635406545,0.004515903022129862,0.00470030337926428,0.0038555694127422276,0.05323442202752984,0.15504211463587536,0.15013887335929788,0.15013887335929788,0.05593830055327634,0.052161556259801414,0.052161556259801414,0.07203791059173434,0.007796284266840186,0.08733241722949084,0.2147532350223435,0.14473008687419536,0.2280634202075287,0.06281212055247548,0.13322413247343046,0.2165574658067638,0.002230112876573779,0.15504211463587536,0.0889096203309985,0.042886447145235464,0.07203791059173434,0.14473008687419536,0.04191365868365738,0.2165574658067638
187,24,0.007739746872447721,0.00271235254596115,0.05071609818384073,0.09950682803020629,0.0020442701368592973,0.20905813519023464,0,False,16,0,0,0,0,0,0,3882,4322,4252,4346,4312,2930,4276,4230,3677,3919,4437,4353,4484,4210,4261,4355,3262,4369,1098,3554,3412,4282,4187,4478,0.05071609818384073,0.011081314787627113,0.011249990841895503,0.011249990841895503,0.0031741677382931296,0.0032113187792157144,0.0032113187792157144,0.004100044499538558,0.00271235254596115,0.003911321001619928,0.004866623552158274,0.004448591109649675,0.00467108535069747,0.007772048472189182,0.0036906968107814123,0.0038752853165829712,0.004303420958000118,0.011081314787627113,0.010008755115386844,0.009495462243553021,0.004100044499538558,0.004448591109649675,0.00449880229724499,0.0038752853165829712,0.05323442202752984,0.14212193841621906,0.13762730057935638,0.13762730057935638,0.051276775507169976,0.04781475990481796,0.04781475990481796,0.06603475137575647,0.00714659391127017,0.08005471579369994,0.19685713210381486,0.13266924630134574,0.20905813519023464,0.05757777717310252,0.12212212143397791,0.1985110103228668,0.0020442701368592973,0.14212193841621906,0.08150048530341529,0.03931257654979917,0.06603475137575647,0.13266924630134574,0.0384208537933526,0.1985110103228668
188,24,0.007469827107952353,0.0026372203688098546,0.048696073002734305,0.09537435159467962,0.0018739142921210224,0.19163662392438174,1,False,16,0,0,0,0,0,0,3882,4322,4252,4346,4312,2930,4276,4230,3677,4520,4437,4353,4484,4210,4261,4355,3262,4369,1098,3554,3412,4282,4187,4478,0.048696073002734305,0.010908170374242649,0.011060278166672164,0.011060278166672164,0.0030460697641723627,0.0030787346724101133,0.0030787346724101133,0.003950879120714107,0.0026372203688098546,0.0026372203688098546,0.004864592982759892,0.00436750347673863,0.004685120020288358,0.007471571273942034,0.003612735435908696,0.0038754632272028186,0.004073193385453431,0.010908170374242649,0.00968649210184252,0.009081774761690833,0.003950879120714107,0.00436750347673863,0.004301729048483344,0.0038754632272028186,0.04879822019190235,0.1302784435482008,0.12615835886441001,0.12615835886441001,0.04700371088157248,0.04383019657941646,0.04383019657941646,0.06053185542777676,0.08988437775199766,0.08988437775199766,0.18045237109516363,0.12161347577623359,0.19163662392438174,0.052779629075343976,0.11194527798114641,0.18196842612929456,0.0018739142921210224,0.1302784435482008,0.07470877819479735,0.036036528503982576,0.06053185542777676,0.12161347577623359,0.03521911597723988,0.18196842612929456
189,24,0.006957826868887726,0.0025583073917464557,0.046698444454517825,0.10840960931326925,0.0017177547677776038,0.25900023859734994,2,False,14,0,0,0,0,0,0,3882,4322,4555,4312,2930,4276,4544,4520,4437,4353,4548,4210,4261,4355,3262,4369,1098,4252,3412,3677,4282,4484,4187,4478,0.046698444454517825,0.010702170330426303,0.0089019522263004,0.002919644882884696,0.0029483321859131977,0.0029483321859131977,0.0026242859176967954,0.0025583073917464557,0.004840271754184433,0.00427463636196586,0.00479692428988952,0.0071730643567308894,0.003526354830388619,0.003857725074711982,0.0038550987445324448,0.010702170330426303,0.00935678892428684,0.010838890222014902,0.003801277084428681,0.0026242859176967954,0.00427463636196586,0.00479692428988952,0.00410960166008192,0.003857725074711982,0.04473170184257715,0.11942190658585074,0.11636681779531738,0.04308673497477477,0.040177680197798424,0.040177680197798424,0.16572734627266453,0.08239401293933118,0.1654146735039,0.11147901946154745,0.25900023859734994,0.048381326652398644,0.10261650481605088,0.16680439061852,0.0017177547677776038,0.11942190658585074,0.06848304667856424,0.11564516229237584,0.055487534142128696,0.16572734627266453,0.11147901946154745,0.25900023859734994,0.03228418964580322,0.16680439061852
190,24,0.006839405815911582,0.002540424580721402,0.046698444454517825,0.10329236768707982,0.0015746085371294702,0.2374168853809041,0,False,14,0,0,0,0,0,0,3882,4322,4555,4312,2930,4276,4544,4567,4437,4353,4548,4210,4261,4355,3262,4369,1098,4252,3412,4520,4282,4484,4187,4478,0.046698444454517825,0.010468180121531322,0.008699873906818027,0.0027953986138039605,0.0028205659740300165,0.0028205659740300165,0.0026004181894975966,0.002540424580721402,0.004795829739002479,0.004171884821551761,0.004879112957539576,0.006878005040432064,0.0034330575523692218,0.0038237926466716783,0.0036485221536104043,0.010468180121531322,0.009022560892946233,0.010590701620123927,0.003652176082238975,0.002540424580721402,0.004171884821551761,0.004879112957539576,0.003922829132425751,0.0038237926466716783,0.04473170184257715,0.10947008103702983,0.10666958297904093,0.039496173726876874,0.03682954018131522,0.03682954018131522,0.1519167340832758,0.15886117852772025,0.15163011737857499,0.10218910117308516,0.2374168853809041,0.044349549431365425,0.0940651294147133,0.15290402473364334,0.0015746085371294702,0.10947008103702983,0.06277612612201722,0.10600806543467785,0.050863572963617966,0.15886117852772025,0.10218910117308516,0.2374168853809041,0.029593840508652953,0.15290402473364334
191,24,0.006501514837552637,0.0025668192091457555,0.0447317847686373,0.10969807623336518,0.0014433911590353476,0.2289560803170769,1,False,16,0,0,0,0,0,0,3882,4322,4555,4312,2930,4276,4544,4603,4567,4591,4437,4353,4548,4210,4261,4355,3262,4369,1098,4252,4520,4282,4187,4478,0.0447317847686373,0.010210804196470769,0.008479320667058352,0.0026737493634082185,0.0026958072364505286,0.0026958072364505286,0.0025668192091457555,0.002577279722550998,0.002577279722550998,0.002577279722550998,0.0047334846940604155,0.004061022478874911,0.004932799060760483,0.006587639364656401,0.0033342330043142398,0.003775430812372014,0.0034528765864842307,0.010210804196470769,0.008686375632217424,0.01032030102613447,0.002577279722550998,0.004061022478874911,0.0037417243858455618,0.003775430812372014,0.04100406002236239,0.10034757428394402,0.09778045106412085,0.0362048259163038,0.03376041183287228,0.03376041183287228,0.1392570062430028,0.2289560803170769,0.2289560803170769,0.2289560803170769,0.13899427426369373,0.09367334274199472,0.2176321449324954,0.0406537536454183,0.08622636863015386,0.14016202267250638,0.0014433911590353476,0.10034757428394402,0.05754478227851578,0.09717405998178802,0.2289560803170769,0.09367334274199472,0.02712768713293187,0.14016202267250638
192,24,0.006353979548272888,0.0025246861826892448,0.042803235499041165,0.11223555190869416,0.0013231085624490686,0.28282946618812077,2,False,16,0,0,0,0,0,0,3882,4322,4555,4312,2930,4276,4544,4603,4567,4591,4437,4353,4620,4210,4261,4355,3262,4369,1098,4252,4520,4548,4187,4478,0.042803235499041165,0.009934340092791705,0.008243807900861641,0.0025550374761691254,0.0025743528351757287,0.0025743528351757287,0.0025246861826892448,0.0025994706240423052,0.0025994706240423052,0.0025994706240423052,0.00465544435676427,0.003943688440738205,0.005087421633196605,0.006303003899915675,0.0032311511947736176,0.0037144004817814807,0.003267602071480624,0.009934340092791705,0.008350472220260625,0.010031951081820107,0.0025994706240423052,0.005087421633196605,0.0035665162519747714,0.0037144004817814807,0.03758705502049886,0.09198527642694868,0.08963208014211077,0.03318775708994515,0.030947044180132922,0.030947044180132922,0.12765225572275257,0.2098764069573205,0.2098764069573205,0.2098764069573205,0.12741141807505257,0.0858672308468285,0.28282946618812077,0.03726594084163344,0.07904083791097437,0.12848185411646418,0.0013231085624490686,0.09198527642694868,0.052749383755306134,0.08907622164997235,0.2098764069573205,0.28282946618812077,0.02486704653852088,0.12848185411646418
193,24,0.00615119867970275,0.002456433886742067,0.042803235499041165,0.13599609950078395,0.001212849515578313,0.3425936773391107,0,False,17,0,0,0,0,0,0,3882,4322,4555,4635,4276,4544,4603,4652,4567,4591,4437,4353,4620,4644,4210,4261,4355,3262,4369,4252,4520,4548,4187,4478,0.042803235499041165,0.00964274954370248,0.007996565101915553,0.0025024492284198875,0.002456433886742067,0.0024751863017449943,0.0026078785886589784,0.0026751355514822417,0.0026078785886589784,0.0026078785886589784,0.004563860211311205,0.0038213801669543914,0.005343586157827664,0.005343586157827664,0.006024947030383975,0.00312496061041878,0.0036424209163838555,0.003092164842184564,0.00964274954370248,0.009729564551099844,0.0026751355514822417,0.005209240301835138,0.0033973604760450266,0.0036424209163838555,0.03758705502049886,0.08431983672470295,0.0821627401302682,0.11375544399911638,0.02836812383178851,0.11701456774585652,0.19238670637754376,0.2757200397108771,0.19238670637754376,0.19238670637754376,0.11679379990213153,0.07871162827625945,0.3425936773391107,0.3425936773391107,0.03416044577149732,0.07245410141839317,0.11777503294009216,0.001212849515578313,0.08431983672470295,0.08165320317914132,0.2757200397108771,0.25926034400577735,0.022794792660310807,0.11777503294009216
194,24,0.00607332412968135,0.002342223763693312,0.042803235499041165,0.12479360181676202,0.0011117787226134533,0.31404420422751816,0,False,17,0,0,0,0,0,0,3882,4322,4555,4635,4276,4544,4603,4652,4567,4591,4437,4353,4620,4644,4210,4261,4355,3262,4369,4252,4520,4548,4187,4478,0.042803235499041165,0.009339643631710491,0.0077405264846349105,0.002443854351774859,0.002342223763693312,0.0024194373780153304,0.002603528460955546,0.0027337427410924894,0.002603528460955546,0.002603528460955546,0.00446079198616868,0.0036954511563369367,0.005563900485324754,0.005563900485324754,0.005754149346063904,0.00301668932479602,0.003561140669267422,0.0029260564541879206,0.009339643631710491,0.009416693738316618,0.0027337427410924894,0.005298879462841626,0.003234349728824169,0.003561140669267422,0.03758705502049886,0.07729318366431102,0.07531584511941251,0.10427582366585668,0.026004113512472803,0.10726335376703514,0.17635448084608177,0.2527433697349707,0.17635448084608177,0.17635448084608177,0.10706098324362057,0.07215232591990449,0.31404420422751816,0.31404420422751816,0.031313741957205876,0.06641625963352707,0.10796044686175114,0.0011117787226134533,0.07729318366431102,0.07484876958087953,0.2527433697349707,0.23765531533862924,0.020895226605284905,0.10796044686175114
195,24,0.005986476364377117,0.0022318454705020753,0.042803235499041165,0.11452464560640857,0.001019130495728999,0.28787385387522496,0,False,17,0,0,0,0,0,0,3882,4322,4555,4635,4276,4544,4603,4652,4567,4591,4437,4353,4620,4644,4210,4261,4355,3262,4369,4252,4520,4548,4187,4478,0.042803235499041165,0.009028279241632674,0.0074783304210193306,0.002380302964459081,0.0022318454705020753,0.002358493670418565,0.002587540093558419,0.0027757129353637023,0.002587540093558419,0.002587540093558419,0.00434818170319112,0.0035671124200098822,0.005747156945329238,0.005747156945329238,0.0054911428956982205,0.002907248574291084,0.003472116228407867,0.0027687928799925896,0.009028279241632674,0.009096530473323193,0.0027757129353637023,0.005357542140092949,0.003077522650869362,0.003472116228407867,0.03758705502049886,0.07085208502561843,0.0690395246927948,0.09558617169370195,0.023837104053100067,0.09832474095311554,0.1616582741089083,0.23168142225705646,0.1616582741089083,0.1616582741089083,0.09813923463998551,0.06613963209324578,0.28787385387522496,0.28787385387522496,0.028704263460772053,0.060881571330733145,0.0989637429566052,0.001019130495728999,0.07085208502561843,0.06861137211580624,0.23168142225705646,0.2178507057270768,0.019153957721511163,0.0989637429566052
196,24,0.005643887311055626,0.002125378383173226,0.042803235499041165,0.12992262560038673,0.0009342029544182489,0.26388436605228954,0,False,19,0,0,0,0,0,0,3882,4706,4555,4635,4707,4276,4544,4603,4652,4567,4591,4714,4437,4353,4620,4644,4210,4261,4355,3262,4322,4520,4548,4478,0.042803235499041165,0.007398330955348697,0.007398330955348697,0.002372414378314944,0.002372414378314944,0.002125378383173226,0.002293336206385613,0.002561085989330507,0.0028017502817335675,0.002561085989330507,0.002561085989330507,0.0043368715125000545,0.0043368715125000545,0.003437436836660267,0.005893093469030881,0.005893093469030881,0.0052363291429289565,0.0027974381400945143,0.0033767973406271866,0.0026199135922425976,0.008711564342030388,0.0028017502817335675,0.0053868894796761,0.0033767973406271866,0.03758705502049886,0.14661956430172857,0.14661956430172857,0.1709539907192268,0.1709539907192268,0.02185067871534173,0.09013101254035591,0.14818675126649927,0.21237463706896842,0.14818675126649927,0.14818675126649927,0.17329429841998673,0.17329429841998673,0.06062799608547529,0.26388436605228954,0.26388436605228954,0.026312241505707715,0.055808107053172046,0.0907167643768881,0.0009342029544182489,0.06494774460681689,0.21237463706896842,0.1996964802498204,0.0907167643768881
197,24,0.00548346665248389,0.0020228643597776557,0.04091865189448128,0.12137115725238663,0.0008563527082167282,0.24189400221459872,1,False,20,0,0,0,0,0,0,3882,4706,4555,4635,4707,4276,4544,4734,4603,4652,4567,4591,4714,4437,4353,4620,4644,4210,4261,4355,3262,4322,4548,4478,0.04091865189448128,0.00729191300487536,0.00729191300487536,0.002354281422707574,0.002354281422707574,0.0020228643597776557,0.0022822460151506125,0.0022822460151506125,0.0025253554848944063,0.00281278003239623,0.0025253554848944063,0.0025253554848944063,0.004306545748382983,0.004306545748382983,0.003307365612651108,0.006002269018161282,0.006002269018161282,0.004989995540015737,0.002687952980755249,0.0032765179769483218,0.0024789806437658596,0.00839206993289771,0.005388925835737054,0.0032765179769483218,0.03445480043545729,0.13440126727658452,0.13440126727658452,0.15670782482595788,0.15670782482595788,0.020029788822396585,0.16595342816199293,0.16595342816199293,0.13583785532762432,0.19467675064655438,0.13583785532762432,0.13583785532762432,0.15885310688498783,0.15885310688498783,0.05557566307835235,0.24189400221459872,0.24189400221459872,0.024119554713565406,0.05115743146540771,0.08315703401214741,0.0008563527082167282,0.05953543255624881,0.1830551068956687,0.08315703401214741
198,24,0.005336326255666731,0.0019243132422526502,0.03908274145211469,0.11125689414802109,0.0007849899825320008,0.2217361686967155,2,False,20,0,0,0,0,0,0,3882,4706,4555,4635,4707,4276,4544,4734,4603,4652,4567,4591,4714,4437,4353,4620,4644,4210,4261,4355,3262,4322,4548,4478,0.03908274145211469,0.0071624719827434674,0.0071624719827434674,0.002326983277318049,0.002326983277318049,0.0019243132422526502,0.002261632330785384,0.002261632330785384,0.0024815254215708547,0.0028098898685726278,0.0024815254215708547,0.0024815254215708547,0.0042591693597061695,0.0042591693597061695,0.003177716194939489,0.006075927971617704,0.006075927971617704,0.004752330688809023,0.002579390658810539,0.0031724919393245855,0.002345577751445641,0.008072046812808887,0.005365893478544729,0.0031724919393245855,0.031583567065835844,0.12320116167020248,0.12320116167020248,0.14364883942379472,0.14364883942379472,0.018360639753863536,0.15212397581516018,0.15212397581516018,0.12451803405032229,0.17845368809267484,0.12451803405032229,0.12451803405032229,0.1456153479779055,0.1456153479779055,0.05094435782182299,0.2217361686967155,0.2217361686967155,0.022109591820768288,0.04689431217662373,0.0762272811778018,0.0007849899825320008,0.05457414650989474,0.16780051465436296,0.0762272811778018
199,24,0.005041199645114011,0.001876895783986279,0.037299194904553086,0.10322215774712525,0.000719574150654334,0.20325815463865587,3,False,21,0,0,0,0,0,0,3882,4706,4555,4635,4707,4781,4276,4544,4734,4603,4652,4567,4591,4714,4437,4353,4620,4644,4210,4261,4355,3262,4322,4478,0.037299194904553086,0.007013292995561519,0.007013292995561519,0.00229160425017503,0.00229160425017503,0.001876895783986279,0.001876895783986279,0.002232540257448309,0.002232540257448309,0.0024307369521301414,0.002794276702582103,0.0024307369521301414,0.0024307369521301414,0.004196724667843107,0.004196724667843107,0.003049191101409754,0.00611586266572366,0.00611586266572366,0.004523438100351849,0.0024722591944018823,0.003065812184473297,0.0022193093896849874,0.007753445622939797,0.003065812184473297,0.028951603143682857,0.11293439819768561,0.11293439819768561,0.13167810280514516,0.13167810280514516,0.10016391977437492,0.10016391977437492,0.1394469778305635,0.1394469778305635,0.11414153121279542,0.16358254741828526,0.11414153121279542,0.11414153121279542,0.13348073564641338,0.13348073564641338,0.0466989946700044,0.20325815463865587,0.20325815463865587,0.020267125835704263,0.04298645282857175,0.06987500774631832,0.000719574150654334,0.050026300967403514,0.06987500774631832
200,24,0.0048847462823199475,0.001825983689617479,0.0355708085208661,0.09462031126819814,0.0006596096380998062,0.18631997508543455,4,False,21,0,0,0,0,0,0,3882,4706,4555,4635,4707,4781,4276,4544,4734,4603,4652,4567,4591,4714,4437,4353,4620,4644,4210,4261,4355,3262,4322,4478,0.0355708085208661,0.006847501768537247,0.006847501768537247,0.002249209056280902,0.002249209056280902,0.001825983689617479,0.001825983689617479,0.0021960110951083304,0.0021960110951083304,0.002374077938543296,0.0027672000445844724,0.002374077938543296,0.002374077938543296,0.004121164585565616,0.004121164585565616,0.002922387238566893,0.006124281116695826,0.006124281116695826,0.004303348594905558,0.0023669850574954245,0.0029574530373848115,0.002099799898148495,0.007437938907101495,0.0029574530373848115,0.02653896954837595,0.10352319834787847,0.10352319834787847,0.12070492757138306,0.12070492757138306,0.09181692645984367,0.09181692645984367,0.1278263963446832,0.1278263963446832,0.10462973694506247,0.14995066846676147,0.10462973694506247,0.10462973694506247,0.12235734100921226,0.12235734100921226,0.042807411780837364,0.18631997508543455,0.18631997508543455,0.01857819868272891,0.039404248426190766,0.06405209043412512,0.0006596096380998062,0.04585744255345322,0.06405209043412512
201,24,0.004737940760250484,0.0017723042485146261,0.03389959709956334,0.09367972977362608,0.0006046421682581556,0.254126643828315,5,False,21,0,0,0,0,0,0,3882,4706,4555,4635,4707,4781,4276,4544,4734,4603,4652,4567,4591,4714,4437,4353,4620,4840,4210,4261,4355,3262,4322,4478,0.03389959709956334,0.006668029612684261,0.006668029612684261,0.0022008235350222806,0.0022008235350222806,0.0017723042485146261,0.0017723042485146261,0.002153060346998448,0.002153060346998448,0.002312570287248056,0.002729942401680806,0.002312570287248056,0.002312570287248056,0.004034375904005975,0.004034375904005975,0.00279780536914239,0.006261098400887706,0.006261098400887706,0.004092031405515125,0.002263921078043767,0.002848274573392928,0.0019866926075419226,0.0071269441797676344,0.002848274573392928,0.024327388752677953,0.09489626515222192,0.09489626515222192,0.11064618360710113,0.11064618360710113,0.08416551592152337,0.08416551592152337,0.11717419664929293,0.11717419664929293,0.0959105921996406,0.1374547794278647,0.0959105921996406,0.0959105921996406,0.11216089592511123,0.11216089592511123,0.039240127465767584,0.254126643828315,0.254126643828315,0.017030015459168164,0.03612056105734154,0.058714416231281354,0.0006046421682581556,0.04203598900733212,0.058714416231281354
202,24,0.0045874268935299405,0.0017165202262257883,0.032286897416144586,0.09483649895080233,0.0005542553209033093,0.23294942350928874,6,False,22,0,0,0,0,0,0,3882,4850,4706,4555,4635,4707,4781,4276,4544,4734,4603,4652,4567,4591,4714,4437,4353,4620,4840,4210,4261,4355,3262,4478,0.032286897416144586,0.006644646907830953,0.006477590412392402,0.006644646907830953,0.002147420265696337,0.002147420265696337,0.0017165202262257883,0.0017165202262257883,0.0021046608046549372,0.0021046608046549372,0.0022471615248744014,0.0026837767046709276,0.0022471615248744014,0.0022471615248744014,0.003938151692647054,0.003938151692647054,0.0026758594717598894,0.006359686400773508,0.006359686400773508,0.003889404062304026,0.002163354110521336,0.002739028555121966,0.0018796489864011186,0.002739028555121966,0.022300106356621455,0.17032157638953677,0.08698824305620342,0.17032157638953677,0.10142566830650937,0.10142566830650937,0.07715172292806309,0.07715172292806309,0.10740968026185185,0.10740968026185185,0.08791804284967054,0.12600021447554263,0.08791804284967054,0.08791804284967054,0.10281415459801863,0.10281415459801863,0.03597011684362028,0.23294942350928874,0.23294942350928874,0.015610847504237484,0.03311051430256307,0.05382154821200791,0.0005542553209033093,0.05382154821200791
203,24,0.004516133055461484,0.001659229250803812,0.032286897416144586,0.08701088829641818,0.0005080673774947002,0.21353697155018134,0,False,22,0,0,0,0,0,0,3882,4850,4706,4555,4635,4707,4781,4276,4544,4734,4603,4652,4567,4591,4714,4437,4353,4620,4840,4210,4261,4355,3262,4478,0.032286897416144586,0.006592692314856806,0.00627866763687984,0.006592692314856806,0.0020899084644987577,0.0020899084644987577,0.001659229250803812,0.001659229250803812,0.0020517301575189704,0.0020517301575189704,0.0021787199213627326,0.002629940419765844,0.0021787199213627326,0.0021787199213627326,0.0038341717004781663,0.0038341717004781663,0.00255688580185457,0.0064216231991298615,0.0064216231991298615,0.0036953411430895857,0.002065512336507742,0.0026303654134913214,0.0017783478111898596,0.0026303654134913214,0.022300106356621455,0.1561281116904087,0.07973922280151981,0.1561281116904087,0.09297352928096692,0.09297352928096692,0.07072241268405784,0.07072241268405784,0.09845887357336419,0.09845887357336419,0.08059153927886466,0.11550019660258073,0.08059153927886466,0.08059153927886466,0.09424630838151707,0.09424630838151707,0.032972607106651924,0.21353697155018134,0.21353697155018134,0.014309943545551027,0.030351304777349482,0.04933641919434058,0.0005080673774947002,0.04933641919434058
204,24,0.004684638880454153,0.001682484361435894,0.032286897416144586,0.10491790510485322,0.0004657284293701418,0.2264507690495413,0,False,23,0,0,0,0,0,0,3882,4850,4706,4555,4897,4635,4707,4907,4544,4734,4603,4652,4567,4591,4714,4437,4353,4620,4840,4210,4261,4355,4916,3262,0.032286897416144586,0.006683217582257887,0.006073509493923998,0.006515191361597538,0.006683217582257887,0.00202912752378955,0.00202912752378955,0.0026358859483624924,0.0019951225201896203,0.0019951225201896203,0.002108032504016455,0.0026358859483624924,0.002108032504016455,0.002108032504016455,0.0037239895919849776,0.0037239895919849776,0.0024411515184675305,0.006449002636945336,0.006449002636945336,0.003509681979948605,0.0020213930117878535,0.0025228418566967123,0.0020213930117878535,0.001682484361435894,0.022300106356621455,0.2264507690495413,0.07309428756805982,0.14311743571620797,0.2264507690495413,0.08522573517421966,0.08522573517421966,0.18920851355236568,0.0902539674422505,0.0902539674422505,0.0738755776722926,0.18920851355236568,0.0738755776722926,0.0738755776722926,0.08639244934972398,0.08639244934972398,0.030224889847764263,0.19574222392099955,0.19574222392099955,0.01311744825008844,0.11115536271257037,0.04522505092814553,0.11115536271257037,0.0004657284293701418
205,24,0.00465682862386198,0.0019356232628097657,0.03073346217796656,0.10745576619512599,0.020441764160236332,0.2075798716287462,1,False,24,0,0,0,0,0,0,3882,4850,4706,4555,4897,4635,4707,4907,4544,4734,4603,4652,4567,4591,4714,4437,4936,4353,4620,4840,4210,4939,4355,4916,0.03073346217796656,0.006736032980032966,0.005864130514726658,0.006415180665625657,0.006736032980032966,0.001965843570169153,0.001965843570169153,0.002629147623989367,0.0019356232628097657,0.0019356232628097657,0.0020358053631404356,0.002629147623989367,0.0020358053631404356,0.0020358053631404356,0.003609025871083667,0.003609025871083667,0.00238892395599467,0.00238892395599467,0.0064442991053810595,0.0064442991053810595,0.0034181755262317507,0.0034181755262317507,0.002416928775740171,0.001972624957822367,0.020441764160236332,0.2075798716287462,0.06700309693738817,0.1311909827398573,0.2075798716287462,0.07812359057636802,0.07812359057636802,0.17344113742300185,0.08273280348872962,0.08273280348872962,0.06771927953293487,0.17344113742300185,0.06771927953293487,0.06771927953293487,0.07919307857058032,0.07919307857058032,0.11103948236045058,0.11103948236045058,0.1794303719275829,0.1794303719275829,0.09535766089591441,0.09535766089591441,0.0414562966841334,0.10189241581985617
206,24,0.004513835252304298,0.0018739465548666366,0.02923954475168475,0.10436440558307059,0.018738283813549972,0.19028154899301733,2,False,25,0,0,0,0,0,0,3882,4850,4706,4555,4897,4635,4707,4907,4952,4544,4734,4603,4652,4567,4591,4714,4437,4353,4620,4840,4210,4939,4355,4916,0.02923954475168475,0.006753475098905327,0.005652318058501705,0.006295639353273468,0.006753475098905327,0.0019007484591395973,0.0019007484591395973,0.0026108705730313875,0.001922275474135174,0.001922275474135174,0.0018739465548666366,0.0019626657181212774,0.0026108705730313875,0.0019626657181212774,0.0019626657181212774,0.0034905654154947737,0.0034905654154947737,0.0023312131979474978,0.006410244686661338,0.006410244686661338,0.003320981446884972,0.003320981446884972,0.0023130191888591726,0.0019200454873009513,0.018738283813549972,0.19028154899301733,0.061419505525939146,0.12025840084486919,0.19028154899301733,0.07161329136167068,0.07161329136167068,0.15898770930441836,0.15917173653133548,0.15917173653133548,0.07583840319800216,0.06207600623852363,0.15898770930441836,0.06207600623852363,0.06207600623852363,0.07259365535636529,0.07259365535636529,0.10178619216374636,0.16447784093361767,0.16447784093361767,0.0874111891545882,0.0874111891545882,0.038001605293788945,0.09340138116820149
207,24,0.004384056306809654,0.0018107350784839285,0.027804975078154368,0.09566737178448137,0.017176760162420805,0.1744247532435992,3,False,25,0,0,0,0,0,0,3882,4850,4706,4555,4897,4635,4707,4907,4952,4544,4734,4603,4652,4567,4591,4714,4437,4353,4620,4840,4210,4939,4355,4916,0.027804975078154368,0.00673823552223263,0.00543964243497214,0.006159435657528094,0.00673823552223263,0.001834460680738532,0.001834460680738532,0.002582245689797279,0.0019012981617378595,0.0019012981617378595,0.0018107350784839285,0.0018891652851239556,0.002582245689797279,0.0018891652851239556,0.0018891652851239556,0.0033697586441115376,0.0033697586441115376,0.0022690082024093812,0.006349721236553794,0.006349721236553794,0.0032193775287321655,0.0032193775287321655,0.0022114360301336853,0.001864428098570639,0.017176760162420805,0.1744247532435992,0.05630121339877755,0.11023686744113009,0.1744247532435992,0.06564551708153145,0.06564551708153145,0.14573873352905015,0.14590742515372418,0.14590742515372418,0.06951853626483531,0.056903005718646656,0.14573873352905015,0.056903005718646656,0.056903005718646656,0.06654418407666818,0.06654418407666818,0.09330400948343416,0.15077135418914953,0.15077135418914953,0.08012692339170585,0.08012692339170585,0.034834804852639865,0.08561793273751803
208,24,0.004225876746607117,0.0017465614250969832,0.02642922728916151,0.09464597832977256,0.015745363482219072,0.21708180639091385,4,False,25,0,0,0,0,0,0,3882,4850,4706,4555,4897,4635,4707,5000,4952,4544,4734,4603,4652,4567,4591,4714,4437,4353,4620,4840,4210,4939,4355,4916,0.02642922728916151,0.006693237072744136,0.005227469548818914,0.0060092871673841294,0.006693237072744136,0.0017675277147591133,0.0017675277147591133,0.001921895410944691,0.001921895410944691,0.0018735760470408745,0.0017465614250969832,0.0018157845590848168,0.002544474707415755,0.0018157845590848168,0.0018157845590848168,0.003247625455827123,0.003247625455827123,0.0022032224246088463,0.006265668559821222,0.006265668559821222,0.003114521188800569,0.003114521188800569,0.002112439640186339,0.001806479185809304,0.015745363482219072,0.15988935713996594,0.05160944561554608,0.10105046182103591,0.15988935713996594,0.06017505732473716,0.06017505732473716,0.21708180639091385,0.21708180639091385,0.1337484730575805,0.06372532490943236,0.0521610885754261,0.13359383906829597,0.0521610885754261,0.0521610885754261,0.06099883540361249,0.06099883540361249,0.08552867535981465,0.13820707467338705,0.13820707467338705,0.07344967977573036,0.07344967977573036,0.03193190444825321,0.07848310500939153
209,24,0.004095212438676861,0.0016819307524828058,0.02511147960051609,0.10115337682705201,0.014433249858700816,0.1989916558583377,5,False,26,0,0,0,0,0,0,3882,4850,4706,4555,5018,4635,4707,5000,4952,4734,4603,4652,5027,4591,4714,4437,4353,4620,4840,4210,4939,5036,4355,4916,0.02511147960051609,0.0066215262418426735,0.005146362518036039,0.0058477329956985145,0.005146362518036039,0.0017004294403449743,0.0017004294403449743,0.0019320069685358863,0.0019320069685358863,0.0016819307524828058,0.001787887902107508,0.002498741777248059,0.001787887902107508,0.001742937690108875,0.003125061199147224,0.003125061199147224,0.0021346899635648056,0.006161008726357658,0.006161008726357658,0.0030850120014373258,0.0030074501233579047,0.0030850120014373258,0.0020162348601134614,0.001746837011378252,0.014433249858700816,0.14656524404496876,0.13064199181425057,0.09262959000261625,0.13064199181425057,0.055160469214342395,0.055160469214342395,0.1989916558583377,0.1989916558583377,0.05841488116697966,0.13114766452747392,0.12246101914593797,0.13114766452747392,0.04781433119414059,0.055915599119978114,0.055915599119978114,0.07840128574649675,0.12668981845060479,0.12668981845060479,0.15066220646108616,0.06732887312775282,0.15066220646108616,0.029270912410898773,0.0719428462586089
210,24,0.004022204536714684,0.0016172843426185116,0.02511147960051609,0.09277404420902928,0.014433249858700816,0.18240901787014288,0,False,26,0,0,0,0,0,0,3882,4850,4706,4555,5018,4635,4707,5000,4952,4734,4603,4652,5027,4591,4714,4437,4353,4620,4840,4210,4939,5036,4355,4916,0.02511147960051609,0.006526182593282896,0.005049687986762006,0.005677116074862005,0.005049687986762006,0.0016335822689623278,0.0016335822689623278,0.001932355791496068,0.001932355791496068,0.0016172843426185116,0.0017545508777084358,0.0024461911565096957,0.0017545508777084358,0.0016709776957589363,0.0030028440501239126,0.0030028440501239126,0.0020641643757016064,0.006038585782538318,0.006038585782538318,0.0030440819457759963,0.0028990855153186515,0.0030440819457759963,0.00192297766463552,0.0016860724552143654,0.014433249858700816,0.13435147370788803,0.11975515916306302,0.08491045750239823,0.11975515916306302,0.050563763446480524,0.050563763446480524,0.18240901787014288,0.18240901787014288,0.05354697440306469,0.12021869248351776,0.1122559342171098,0.12021869248351776,0.04382980359462887,0.051255965859979935,0.051255965859979935,0.07186784526762202,0.11613233357972105,0.11613233357972105,0.13810702258932897,0.06171813370044008,0.13810702258932897,0.02683166970999054,0.06594760907039149
211,24,0.0039175868399476095,0.0015530037614871232,0.02511147960051609,0.09014906160688209,0.014433249858700816,0.1672082663809643,0,False,27,0,0,0,0,0,0,3882,5067,4706,4555,5018,4635,4707,5000,4952,4734,4603,4652,5027,4591,4714,4437,4353,4620,4840,4210,4939,5036,4355,4916,0.02511147960051609,0.005641407370066783,0.004939743634631788,0.005641407370066783,0.004939743634631788,0.0015673437294799765,0.0015673437294799765,0.0019237487090209844,0.0019237487090209844,0.0015530037614871232,0.0017165727636583403,0.0023879104264443985,0.0017165727636583403,0.0016002018050524157,0.002881643286741998,0.002881643286741998,0.0019923195827226178,0.005901119586941435,0.005901119586941435,0.0029931506404303164,0.0027902371277304604,0.0029931506404303164,0.001832781298030141,0.0016246911148161283,0.014433249858700816,0.16116791937719838,0.1097755625661411,0.16116791937719838,0.1097755625661411,0.046350116492607146,0.046350116492607146,0.1672082663809643,0.1672082663809643,0.04908472653614263,0.11020046810989127,0.10290127303235065,0.11020046810989127,0.040177319961743126,0.04698463537164827,0.04698463537164827,0.06587885816198685,0.1064546391147443,0.1064546391147443,0.1265981040402182,0.056574955892070074,0.1265981040402182,0.024595697234157995,0.060451974981192196
212,24,0.0038731029828110736,0.0014894153776933033,0.02511147960051609,0.1014275205718299,0.014433249858700816,0.23660757751588396,0,False,29,0,0,0,0,0,0,3882,5067,4706,4555,5090,4635,4707,5000,4952,5096,4734,4603,4652,5027,4714,4437,4353,4620,4840,4210,4939,5036,4355,4916,0.02511147960051609,0.0055829647522803215,0.004942978888663692,0.0055829647522803215,0.004942978888663692,0.0015020172878812388,0.0015020172878812388,0.0019070431935742987,0.0019562256722872122,0.0019562256722872122,0.0014894153776933033,0.0016747108156390852,0.002324918567632719,0.0016747108156390852,0.0027620280479504016,0.0027620280479504016,0.0019197523704773502,0.005751172193176563,0.005751172193176563,0.00293359957863819,0.0026816097166616135,0.00293359957863819,0.0017457218977843308,0.001563136390092649,0.014433249858700816,0.14773725942909852,0.18396093235229602,0.14773725942909852,0.18396093235229602,0.04248760678488988,0.04248760678488988,0.15327424418255062,0.23660757751588396,0.23660757751588396,0.04499433265813074,0.10101709576740033,0.09432616694632143,0.10101709576740033,0.04306924909067758,0.04306924909067758,0.06038895331515461,0.09758341918851561,0.09758341918851561,0.11604826203686669,0.051860376234397564,0.11604826203686669,0.02254605579797816,0.055414310399426174
213,24,0.0037563543956624975,0.001426795046481877,0.02385066708590581,0.09297522719084406,0.013230479037142414,0.2168902793895603,1,False,29,0,0,0,0,0,0,3882,5067,4706,4555,5090,4635,4707,5000,4952,5096,4734,4603,4652,5027,4714,4437,4353,4620,4840,4210,4939,5036,4355,4916,0.02385066708590581,0.005504382038943285,0.004923101422259872,0.005504382038943285,0.004923101422259872,0.0014378572313267094,0.0014378572313267094,0.0018831189181700667,0.0019773022459189703,0.0019773022459189703,0.001426795046481877,0.001629672521674838,0.002258158185481373,0.001629672521674838,0.0026444762536525974,0.0026444762536525974,0.0018469860473298433,0.005591125066422311,0.005591125066422311,0.002866749751251807,0.002573810296134669,0.002866749751251807,0.0016618436070823047,0.0015017932464132262,0.013230479037142414,0.1354258211433403,0.16863085465627134,0.1354258211433403,0.16863085465627134,0.03894697288614905,0.03894697288614905,0.1405013905006714,0.2168902793895603,0.2168902793895603,0.04124480493661985,0.09259900445345029,0.08646565303412797,0.09259900445345029,0.03948014499978778,0.03948014499978778,0.055356540538891726,0.08945146758947264,0.08945146758947264,0.10637757353379446,0.04753867821486443,0.10637757353379446,0.020667217814813316,0.05079645119947399
214,24,0.0036201636132005906,0.0013653728090356186,0.02264552794292415,0.09421473687384625,0.012127939117380545,0.23791161676824873,2,False,29,0,0,0,0,0,0,3882,5067,4706,5138,5090,4635,4707,5000,4952,4734,4603,4652,5027,4714,4437,5152,4353,4620,4840,4210,4939,5036,4355,4916,0.02264552794292415,0.005408223811570264,0.005008208984012039,0.005008208984012039,0.004882295018545057,0.0013750734867767607,0.0013750734867767607,0.0018528541693004904,0.0019875986841221193,0.0013653728090356186,0.00158211067744958,0.0021884911903636848,0.00158211067744958,0.002529383437822906,0.002529383437822906,0.0018202384542378499,0.0018202384542378499,0.005423165409925255,0.005423165409925255,0.0027938453595665563,0.002467355877981086,0.0027938453595665563,0.0015811631891448261,0.001440992404244984,0.012127939117380545,0.12414033604806195,0.23791161676824873,0.23791161676824873,0.1545782834349154,0.0357013918123033,0.0357013918123033,0.1287929412922821,0.19881608944043025,0.03780773785856819,0.0848824207489961,0.07926018194795063,0.0848824207489961,0.036190132916472134,0.036190132916472134,0.13407682882731742,0.13407682882731742,0.08199717862368325,0.08199717862368325,0.09751277573931158,0.04357712169695906,0.09751277573931158,0.01894494966357887,0.04656341359951782
215,24,0.0036472443797643922,0.0013053374938030127,0.021494643852891574,0.09409099491451038,0.011117277524265499,0.22503009314867245,3,False,30,1,1,0,0,0,0,3882,5067,4706,5138,5090,5164,4635,4707,5000,4952,4734,4603,4652,5027,4714,4437,5152,4620,4840,4210,4939,5036,4355,4916,0.021494643852891574,0.0052969752821949,0.0050640172384553445,0.0050640172384553445,0.004947186541659423,0.004947186541659423,0.0013138362784327375,0.0013138362784327375,0.0018171069304837029,0.001987859789023949,0.0013053374938030127,0.0015326207968225777,0.0021166972787091667,0.0015326207968225777,0.0024170713108962456,0.0024170713108962456,0.001787764367148648,0.005249279954837072,0.005249279954837072,0.002716042785189283,0.002362681389221537,0.002716042785189283,0.00150367416486229,0.001381014753421254,0.011117277524265499,0.11379530804405678,0.218085648704228,0.218085648704228,0.22503009314867245,0.22503009314867245,0.03272627582794469,0.03272627582794469,0.11806019618459193,0.18224808198706105,0.03465709303702084,0.07780888568657976,0.07265516678562141,0.07780888568657976,0.03317428850676612,0.03317428850676612,0.1229037597583743,0.07516408040504298,0.07516408040504298,0.08938671109436895,0.03994569488887914,0.08938671109436895,0.01736620385828063,0.04268312913289134
216,24,0.003542880050524341,0.0012468411374160363,0.020396475014335922,0.08625007867163449,0.010190837730576708,0.20627758538628307,4,False,30,0,1,0,0,0,0,3882,5067,4706,5138,5090,5164,4635,4707,5000,4952,4734,4603,4652,5027,4714,4437,5152,4620,4840,4210,4939,5036,4355,4916,0.020396475014335922,0.005173004306272593,0.005092091796636048,0.005092091796636048,0.0049842988731869965,0.0049842988731869965,0.0012542805563605893,0.0012542805563605893,0.0017767002798605505,0.001978916275604467,0.0012468411374160363,0.001481740404772855,0.002043474621862989,0.001481740404772855,0.0023077959205400913,0.0023077959205400913,0.001750383242214115,0.005071254700007349,0.005071254700007349,0.0026344039795427833,0.0022601475384055004,0.0026344039795427833,0.0014293505008153762,0.0013220958337032105,0.010190837730576708,0.10431236570705205,0.19991184464554232,0.19991184464554232,0.20627758538628307,0.20627758538628307,0.029999086175615964,0.029999086175615964,0.1082218465025426,0.16706074182147262,0.031769001950602435,0.07132481187936478,0.06660056955348628,0.07132481187936478,0.030409764464535607,0.030409764464535607,0.11266177977850976,0.06890040703795607,0.06890040703795607,0.08193781850317154,0.03661688698147254,0.08193781850317154,0.015919020203423912,0.03912620170515039
217,24,0.00345397315441215,0.0011965101514395248,0.01934939040012172,0.0951089964821455,0.009341601253028648,0.1890877866040928,5,False,32,0,1,0,0,0,0,3882,5067,4706,5138,5090,5164,4635,5216,4952,4734,5218,4603,5027,4714,5222,4437,5152,4620,4840,4210,4939,5036,4355,4916,0.01934939040012172,0.0050385341114114485,0.00509432400345386,0.00509432400345386,0.004995382642874431,0.004995382642874431,0.0011965101514395248,0.0017770903882908407,0.0019616506360076533,0.0012206932466173235,0.0012206932466173235,0.0014299498046038937,0.0014299498046038937,0.0022585384019572084,0.0022585384019572084,0.002201755322964751,0.0017088744440500844,0.00489067925315161,0.00489067925315161,0.0025498934733634553,0.002160048460552664,0.0025498934733634553,0.0013581498782476791,0.001264430260761658,0.009341601253028648,0.0956196685647977,0.1832525242584138,0.1832525242584138,0.1890877866040928,0.1890877866040928,0.027499162327647965,0.18253669262733074,0.1531390133363499,0.1124549184547189,0.1124549184547189,0.06538107755608438,0.06538107755608438,0.11120895075915765,0.11120895075915765,0.027875617425824305,0.1032732981303006,0.06315870645145973,0.06315870645145973,0.07510966696124058,0.0335654797330165,0.07510966696124058,0.014592435186471919,0.035865684896387855
218,24,0.003350836881157242,0.0011406016298999369,0.01835169375321045,0.08718324677530002,0.008563134481942927,0.17333047105375174,6,False,32,0,1,0,0,0,0,3882,5067,4706,5138,5090,5164,4635,5216,4952,4734,5218,4603,5027,4714,5222,4437,5152,4620,4840,4210,4939,5036,4355,4916,0.01835169375321045,0.004895625220517353,0.00507283127447809,0.00507283127447809,0.004982444067086451,0.004982444067086451,0.0011406016298999369,0.0017692381557923025,0.0019369679300229304,0.0011916765324198092,0.0011916765324198092,0.001377673961544333,0.001377673961544333,0.0022040820691456714,0.0022040820691456714,0.002099096711276243,0.0016639685869772932,0.004708954602788532,0.004708954602788532,0.0024633782714625044,0.0020626190186418276,0.0024633782714625044,0.0012900165753411943,0.0012081760082434938,0.008563134481942927,0.08765136285106455,0.16798148057021264,0.16798148057021264,0.17333047105375174,0.17333047105375174,0.025207565467010633,0.16732530157505318,0.14037742889165408,0.10308367525015899,0.10308367525015899,0.05993265442641068,0.05993265442641068,0.10194153819589451,0.10194153819589451,0.025552649307005612,0.09466718995277555,0.05789548091383808,0.05789548091383808,0.06885052804780387,0.03076835642193179,0.06885052804780387,0.013376398920932592,0.03287687782168887
219,24,0.0032449824900886485,0.001086607834846421,0.01740164579819111,0.0799179762106917,0.007849539941781015,0.15888626513260576,7,False,32,0,1,0,0,0,0,3882,5067,4706,5138,5090,5164,4635,5216,4952,4734,5218,4603,5027,4714,5222,4437,5152,4620,4840,4210,4939,5036,4355,4916,0.01740164579819111,0.004746165059634215,0.005029868855773312,0.005029868855773312,0.004947654236417882,0.004947654236417882,0.001086607834846421,0.0017539318785778886,0.0019057715700234866,0.0011602999910948699,0.0011602999910948699,0.0013252851965386149,0.0013252851965386149,0.0021453627262328127,0.0021453627262328127,0.001999922974248712,0.0016163418641353378,0.004527303328367486,0.004527303328367486,0.002375629978184119,0.0019680416789506893,0.002375629978184119,0.0012248839956579124,0.0011534584826435892,0.007849539941781015,0.08034708261347584,0.15398302385602824,0.15398302385602824,0.15888626513260576,0.15888626513260576,0.023106935011426414,0.15338152644379874,0.12867930981734957,0.0944933689793124,0.0944933689793124,0.05493826655754312,0.05493826655754312,0.0934464100129033,0.0934464100129033,0.023423261864755143,0.08677825745671092,0.05307085750435157,0.05307085750435157,0.06311298404382021,0.028204326720104138,0.06311298404382021,0.012261699010854875,0.030137138003214794
220,24,0.0031416559423991775,0.001034561112935501,0.016497483106773132,0.08020258930424516,0.0071954116132992635,0.16899254251182805,8,False,33,0,1,0,0,0,0,3882,5067,4706,5138,5090,5164,4635,5216,4952,4734,5218,4603,5027,5294,5222,4437,5152,4620,4840,4210,4939,5036,4355,4916,0.016497483106773132,0.0045918638225692695,0.004967754167291346,0.004967754167291346,0.004893270446967456,0.004893270446967456,0.001034561112935501,0.0017319804616650677,0.0018689439078229308,0.0011270345845356914,0.0011270345845356914,0.0012731064340333355,0.0012731064340333355,0.002136971619849444,0.002136971619849444,0.0019042986794581887,0.0015666128664122184,0.004346781425271073,0.004346781425271073,0.002287328585494465,0.0018764529090338955,0.002287328585494465,0.0011626768751827603,0.0011003743488416627,0.0071954116132992635,0.07365149239568618,0.1411511052013592,0.1411511052013592,0.14564574303822195,0.14564574303822195,0.021181357093807546,0.14059973257348218,0.1179560339992371,0.0866189215643697,0.0866189215643697,0.05036007767774786,0.05036007767774786,0.16899254251182805,0.16899254251182805,0.021471323376025548,0.079546736001985,0.04864828604565561,0.04864828604565561,0.05785356870683519,0.02585396616009546,0.05785356870683519,0.011239890759950301,0.027625709836280227
221,24,0.0029961077223556805,0.0009844762323718446,0.015637434016656952,0.07731726995103709,0.006595793978857658,0.16273401143400557,9,False,34,0,1,0,0,0,0,3882,5067,4706,5138,5090,5164,4635,5216,4952,4734,5313,5218,4603,5027,5294,4437,5152,4620,4840,4210,4939,5036,4355,4916,0.015637434016656952,0.004434255290098917,0.00488880395514564,0.00488880395514564,0.004821570096644807,0.004821570096644807,0.0009844762323718446,0.0017041916919256703,0.001827331255225386,0.0011204816612607968,0.0011204816612607968,0.0010923110538335172,0.0012214147940064252,0.0012214147940064252,0.002119473480714277,0.0018122554900496285,0.001515341422312729,0.004168291076434721,0.004168291076434721,0.002199067442117763,0.001787949071826656,0.002199067442117763,0.0011033131993028213,0.0010489950809976281,0.006595793978857658,0.06751386802937899,0.12938851310124594,0.12938851310124594,0.1335085977850368,0.1335085977850368,0.019416244002656916,0.12888308819235866,0.10812636449930067,0.16273401143400557,0.16273401143400557,0.07940067810067222,0.046163404537935535,0.046163404537935535,0.15490983063584238,0.019682046428023417,0.07291784133515292,0.04459426220851764,0.04459426220851764,0.053032437981265584,0.023699468980087506,0.053032437981265584,0.010303233196621108,0.02532356734992354
222,24,0.00284719468472394,0.0009605014669547192,0.014819731965504021,0.07611572852121094,0.00604614448061952,0.1491728438145051,10,False,30,0,1,0,0,0,0,3882,5067,4706,5138,5090,5164,4635,5216,4952,4734,5313,5218,4603,5027,5343,5152,4620,4840,4210,4939,5036,4355,4916,5334,0.014819731965504021,0.004274701450835985,0.004795283794792239,0.004795283794792239,0.004734796912174962,0.004734796912174962,0.0009605014669547192,0.001671354808485346,0.001781732864603109,0.0011093604556182855,0.0011093604556182855,0.0010565191362909964,0.0011704453602570852,0.0011704453602570852,0.0017682536116366446,0.0014630290327419737,0.00399259384027827,0.00399259384027827,0.0021113590043317513,0.0017025918083234223,0.0021113590043317513,0.0010467058594976454,0.0009993702266407865,0.0009605014669547192,0.00604614448061952,0.06188771236026407,0.11860613700947543,0.11860613700947543,0.12238288130295039,0.12238288130295039,0.10113155700243551,0.11814283084299544,0.09911583412435894,0.1491728438145051,0.1491728438145051,0.0727839549256162,0.04231645415977424,0.04231645415977424,0.10137520922568814,0.06684135455722351,0.04087807369114117,0.04087807369114117,0.04861306814949345,0.02172451323174688,0.04861306814949345,0.009444630430236016,0.023213270070763244,0.10113155700243551
223,24,0.0028733332251558354,0.0009347004970170077,0.014042626565745992,0.07441584726797032,0.0055422991072345594,0.13674177349662966,11,False,32,0,1,0,0,0,0,3882,5067,4706,5138,5090,5164,4635,5216,4952,4734,5313,5218,4603,5027,5343,5152,4620,4840,5369,4210,4939,5036,4355,4916,0.014042626565745992,0.00411439992865137,0.004689369024284716,0.004689369024284716,0.004635118745038118,0.004635118745038118,0.0009347004970170077,0.001634227043557187,0.0017328933455181593,0.001094185593345977,0.001094185593345977,0.001020007889326547,0.001120394993580933,0.001120394993580933,0.0017208722580358221,0.0014101205246876334,0.003820323844435479,0.003918849665344246,0.003918849665344246,0.0020246410443118404,0.0016204129154712597,0.0020246410443118404,0.0009927640776615466,0.0009515303818203788,0.0055422991072345594,0.05673040299690873,0.10872229225868581,0.10872229225868581,0.11218430786103785,0.11218430786103785,0.09270392725223255,0.10829759493941249,0.09085618128066236,0.13674177349662966,0.13674177349662966,0.06671862534848153,0.03879008297979305,0.03879008297979305,0.09292727512354745,0.06127124167745488,0.03747156755021274,0.12080490088354609,0.12080490088354609,0.044561979137035655,0.019914137129101304,0.044561979137035655,0.008657577894383013,0.021278830898199638
224,24,0.002900919308731489,0.0009054898826406997,0.013304392712109288,0.08887442518492415,0.005080440848298346,0.19407115914325057,12,False,32,1,2,0,0,0,0,3882,5377,5067,4706,5138,5090,5164,4635,5216,5384,4734,5313,5218,4603,5027,5343,4620,4840,5393,4210,4939,5397,4355,4916,0.013304392712109288,0.004056376839820319,0.004056376839820319,0.004573115906382628,0.004573115906382628,0.004524595839752254,0.004524595839752254,0.0009074480158605916,0.0015935237115168586,0.0017248636715037691,0.0010754671641452745,0.0010754671641452745,0.0009830868596801667,0.0010714260898302224,0.0010714260898302224,0.001670802374643789,0.0036520006766090217,0.003933549202590825,0.003933549202590825,0.0019392830588717098,0.0015414187362010295,0.0019892970009169906,0.0009413946239587793,0.0009054898826406997,0.005080440848298346,0.13533620274716635,0.13533620274716635,0.09966210123712865,0.09966210123712865,0.10283561553928469,0.10283561553928469,0.08497859998121317,0.09927279536112811,0.16661816617394049,0.12534662570524385,0.12534662570524385,0.06115873990277473,0.035557576064810296,0.035557576064810296,0.0851833355299185,0.03434893692102835,0.19407115914325057,0.19407115914325057,0.04084848087561602,0.018254625701676196,0.12418181420894936,0.007936113069851095,0.019505594990016334
225,24,0.0029793414706509175,0.0008612492238581714,0.012603337982224402,0.0987362378100255,0.004657070777606817,0.2073915191849025,13,False,34,0,2,0,0,0,0,3882,5377,5402,5067,4706,5138,5090,5164,5408,5216,5384,4734,5313,4603,5027,5343,4620,4840,5393,4210,4939,5397,4355,4916,0.012603337982224402,0.003985414347171671,0.00408819783784056,0.00408819783784056,0.004448441681542797,0.004448441681542797,0.004405158297420494,0.004405158297420494,0.0015898834584082144,0.0015898834584082144,0.001709602649721738,0.0010537004896191118,0.0010537004896191118,0.0010236702092207312,0.0010236702092207312,0.0016186745585778466,0.003488041748806344,0.003928840962375767,0.003928840962375767,0.0018555926795804114,0.0014655940856537835,0.0019483992951494474,0.0008925028520228645,0.0008612492238581714,0.004657070777606817,0.12405818585156915,0.2073915191849025,0.2073915191849025,0.0913569261340346,0.0913569261340346,0.09426598091101096,0.09426598091101096,0.1743333957477008,0.1743333957477008,0.15273331899277878,0.1149010735631402,0.1149010735631402,0.0325944447260761,0.0325944447260761,0.07808472423575862,0.03148652551094265,0.17789856254797967,0.17789856254797967,0.03744444080264801,0.01673340689320318,0.11383332969153691,0.007274770314030171,0.017880128740848305
226,24,0.0030986853428385634,0.0008187972188842355,0.012603337982224402,0.1073475112266496,0.004657070777606817,0.22333887574338054,0,False,33,0,2,0,0,0,0,3882,5377,5402,5067,4706,5428,5138,5090,5164,5408,5216,5434,5313,4603,5027,5343,4620,4840,5393,4210,4939,5444,5397,4916,0.012603337982224402,0.00390334355208979,0.004098567486986207,0.004098567486986207,0.0044284500926740685,0.0044284500926740685,0.004317112144553038,0.004278591394647301,0.004278591394647301,0.0015792256850836112,0.0015792256850836112,0.0017314303410231279,0.0010293583308175038,0.0009772315249873301,0.0009772315249873301,0.0015650582409084208,0.0033287739807459325,0.00390640289913654,0.00390640289913654,0.001773821934649627,0.0014288286606907665,0.0014288286606907665,0.0019028190138177957,0.0008187972188842355,0.004657070777606817,0.11372000369727171,0.19010889258616062,0.19010889258616062,0.16707718228953172,0.16707718228953172,0.08374384895619838,0.08641048250176005,0.08641048250176005,0.1598056127687257,0.1598056127687257,0.22333887574338054,0.10532598409954518,0.029878240998903093,0.029878240998903093,0.07157766388277872,0.028862648385030762,0.16307368233564803,0.16307368233564803,0.03432407073576068,0.09867228965210292,0.09867228965210292,0.10434721888390883,0.01639011801244428
227,24,0.003018431543632375,0.0007781129178703451,0.011937808561649927,0.09840188529109545,0.004268981546139582,0.2047273027647655,1,False,34,0,2,0,0,0,0,3882,5377,5402,5067,4706,5428,5138,5090,5164,5408,5216,5434,5313,4603,5027,5343,4620,4840,5393,4210,4939,5444,5397,4916,0.011937808561649927,0.0038119088798498927,0.004089121097125225,0.004089121097125225,0.004389832986215102,0.004389832986215102,0.004180735424242987,0.004146527440094664,0.004146527440094664,0.0015622693363858751,0.0015622693363858751,0.0017435928886101136,0.0010028852550778514,0.0009321900570958434,0.0009321900570958434,0.0015104624403530474,0.0031744447041227304,0.0038679983492845606,0.0038679983492845606,0.0016941732541853082,0.0013894900538316006,0.0013894900538316006,0.0018533740811490606,0.0007781129178703451,0.004268981546139582,0.10424333672249907,0.17426648487064722,0.17426648487064722,0.15315408376540407,0.15315408376540407,0.07676519487651517,0.0792096089599467,0.0792096089599467,0.1464884783713319,0.1464884783713319,0.2047273027647655,0.0965488187579164,0.027388387582327835,0.027388387582327835,0.06561285855921382,0.026457427686278196,0.14948420880767735,0.14948420880767735,0.031463731507780625,0.090449598847761,0.090449598847761,0.09565161731024975,0.015024274844740589
228,24,0.002981546392831482,0.000739167301847294,0.011937808561649927,0.11104988436942824,0.004268981546139582,0.22372457678495372,0,False,34,0,2,0,0,0,0,3882,5377,5402,5067,5477,5428,5138,5090,5479,5408,5481,5434,5313,4603,5027,5343,4620,4840,5393,4210,4939,5444,5397,4916,0.011937808561649927,0.0037127480358175435,0.004061633579931764,0.004061633579931764,0.004446405042266425,0.004446405042266425,0.004040760742210206,0.004113871906218704,0.004113871906218704,0.001579450832284153,0.001579450832284153,0.001746711554117448,0.0009746938611243164,0.0008886046707124837,0.0008886046707124837,0.0014553377087658049,0.0030252317335097588,0.0038154210089883403,0.0038154210089883403,0.0016168051441255648,0.0013481260528948056,0.0013481260528948056,0.0018008225981943498,0.000739167301847294,0.004268981546139582,0.09555639199562414,0.15974427779809328,0.15974427779809328,0.22372457678495372,0.22372457678495372,0.07036809530347224,0.15594214154661784,0.15594214154661784,0.21761443850705423,0.21761443850705423,0.18766669420103504,0.08850308386142337,0.02510602195046718,0.02510602195046718,0.060145120345946004,0.024252642045755012,0.13702719140703756,0.13702719140703756,0.028841753882132237,0.08291213227711425,0.08291213227711425,0.08768064920106226,0.013772251941012207
229,24,0.002911367161050503,0.0007019247713972214,0.011306193898086715,0.10179572733864257,0.003913233083961284,0.20508086205287424,1,False,34,0,2,0,0,0,0,3882,5377,5402,5067,5477,5428,5138,5090,5479,5408,5481,5434,5313,4603,5027,5343,4620,4840,5393,4210,4939,5444,5397,4916,0.011306193898086715,0.0036073787295878225,0.00401795427240604,0.00401795427240604,0.004478122864673162,0.004478122864673162,0.0038984810521661873,0.004065299174047643,0.004065299174047643,0.001587997595775663,0.001587997595775663,0.0017414940663702766,0.000945162561790586,0.0008465158300339639,0.0008465158300339639,0.0014000789432544645,0.0028812525837248497,0.003750449729324099,0.003750449729324099,0.0015418374812964767,0.0013052349171279575,0.0013052349171279575,0.001745859010760412,0.0007019247713972214,0.003913233083961284,0.08759335932932212,0.14643225464825216,0.14643225464825216,0.20508086205287424,0.20508086205287424,0.06450408736151622,0.1429469630843997,0.1429469630843997,0.1994799019647997,0.1994799019647997,0.17202780301761544,0.08112782687297142,0.023013853454594915,0.023013853454594915,0.055133026983783834,0.022231588541942092,0.12560825878978443,0.12560825878978443,0.02643827439195455,0.07600278792068806,0.07600278792068806,0.08037392843430707,0.012624564279261188
230,24,0.0028284822281277495,0.0006663444482545621,0.010706930265437278,0.10495432003087986,0.0035871303269645097,0.1879907902151347,2,False,35,0,2,0,0,0,0,3882,5377,5521,5067,5477,5428,5138,5090,5479,5408,5481,5434,5313,4603,5534,5343,5536,4840,5393,4210,4939,5444,5397,4916,0.010706930265437278,0.003587383308914349,0.003587383308914349,0.003959952063160535,0.004486576909279679,0.004486576909279679,0.003755038600688532,0.004002704140280704,0.004002704140280704,0.0015885015272752918,0.0015885015272752918,0.001728703250765285,0.0009146346386972036,0.0008059481063833754,0.0008267334382098773,0.0013450287926241578,0.0028133035550319827,0.0036748126358070276,0.0036748126358070276,0.0014693564033957608,0.001261265144387398,0.001261265144387398,0.0016891125805285321,0.0006663444482545621,0.0035871303269645097,0.16362724605187862,0.16362724605187862,0.1342295667608978,0.1879907902151347,0.1879907902151347,0.059128746748056536,0.1310347161606997,0.1310347161606997,0.18285657680106637,0.18285657680106637,0.15769215276614748,0.07436717463355713,0.021096032333378673,0.10442936566671202,0.050538608068468514,0.10371228949678025,0.11514090389063572,0.11514090389063572,0.02423508485929167,0.06966922226063071,0.06966922226063071,0.07367610106478148,0.011572517255989422
231,24,0.0027610018408188754,0.0006323813077246793,0.010138503396582734,0.10315257113941767,0.003288202799717467,0.2509518620676442,3,False,35,0,2,0,0,0,0,3882,5377,5521,5067,5477,5428,5138,5090,5479,5553,5554,5434,5313,4603,5534,5343,5536,4840,5393,4210,4939,5444,5397,4916,0.010138503396582734,0.0035526658929963223,0.0035526658929963223,0.0038894706618728295,0.004473581428466376,0.004473581428466376,0.003611432591558627,0.003927945303383852,0.003927945303383852,0.0016224142477295153,0.0016224142477295153,0.001709129898547437,0.0008834183074107899,0.0007669124456283156,0.0008052692193425936,0.001290481435010877,0.0027397123240702477,0.003590159773416675,0.003590159773416675,0.0013994187842227889,0.0012166164177425894,0.0012166164177425894,0.0016311476802104256,0.0006323813077246793,0.003288202799717467,0.14999164221422207,0.14999164221422207,0.123043769530823,0.17232489103054013,0.17232489103054013,0.05420135118571849,0.12011515648064139,0.12011515648064139,0.2509518620676442,0.2509518620676442,0.14455114003563518,0.0681699100807607,0.01933802963893045,0.09572691852781934,0.04632705739609613,0.0950695987053819,0.10554582856641608,0.10554582856641608,0.022215494454350695,0.06386345373891149,0.06386345373891149,0.06753642597604968,0.010608140817990303
232,24,0.0026890083137383635,0.0005999871590054909,0.009599450324176211,0.0945565235444662,0.0030141858997410117,0.2300392068953405,4,False,35,0,2,0,0,0,0,3882,5377,5521,5067,5477,5428,5138,5090,5479,5553,5554,5434,5313,4603,5534,5343,5536,4840,5393,4210,4939,5444,5397,4916,0.009599450324176211,0.003504872943696282,0.003504872943696282,0.0038082934087820554,0.0044410936877824604,0.0044410936877824604,0.0034685282717494717,0.0038428115594447273,0.0038428115594447273,0.0016464962057000446,0.0016464962057000446,0.0016835700319546615,0.0008517875608814794,0.0007294082043776996,0.0007824527214445198,0.0012366865478396919,0.0026615952431214523,0.003498043302878902,0.003498043302878902,0.0013320562969149066,0.001171641435995839,0.001171641435995839,0.0015724654884765714,0.0005999871590054909,0.0030141858997410117,0.13749233869637023,0.13749233869637023,0.11279012206992108,0.1579644834446618,0.1579644834446618,0.04968457192024195,0.1101055601072546,0.1101055601072546,0.2300392068953405,0.2300392068953405,0.13250521169933224,0.06248908424069731,0.01772652716901958,0.08774967531716772,0.04246646927975479,0.08714713214660007,0.09675034285254806,0.09675034285254806,0.02036420324982147,0.05854149926066886,0.05854149926066886,0.06190839047804554,0.009724129083157777
233,24,0.002713491671659521,0.0005691114894997908,0.009088360551241329,0.09675519449650827,0.0027630037414292604,0.21086927298739544,5,False,36,0,2,0,0,0,0,3882,5377,5521,5067,5598,5477,5428,5138,5090,5479,5553,5554,5434,5313,4603,5534,5343,5536,4840,5393,5611,5444,5397,4916,0.009088360551241329,0.00344563874636179,0.00344563874636179,0.003718116737518269,0.003412871649229469,0.0043911440568391675,0.0043911440568391675,0.003412871649229469,0.0037489975035700954,0.0037489975035700954,0.001661176756477591,0.001661176756477591,0.0016528064643027667,0.0008199835902011685,0.0006934249674091979,0.0007585858522101705,0.0011838533300784142,0.0025799741232102134,0.003399904199654826,0.003399904199654826,0.001299962094633194,0.0011266483768259026,0.0015135067184322095,0.0005691114894997908,0.0027630037414292604,0.12603464380500604,0.12603464380500604,0.10339094523076098,0.1288775242602218,0.14480077649093998,0.14480077649093998,0.1288775242602218,0.10093009676498338,0.10093009676498338,0.21086927298739544,0.21086927298739544,0.12146311072438788,0.05728166055397253,0.01624931657160128,0.08043720237407041,0.03892759683977522,0.07988487113438339,0.08868781428150238,0.08868781428150238,0.1020005196456697,0.053663040988946455,0.056749357938208414,0.008913784992894629
234,24,0.0027213112137577694,0.0005397021880928665,0.008603876657760981,0.10976712220159923,0.0025327534296434888,0.20147106390520333,6,False,31,2,4,0,0,0,0,3882,5377,5617,5521,5067,5598,5477,5428,5138,5623,5479,5553,5554,5434,5313,4603,5534,5343,5536,4840,5393,5611,5637,4916,0.008603876657760981,0.003463633135801226,0.003463633135801226,0.003376552148477451,0.0036205312495329227,0.0033471061848989975,0.004325777390409461,0.004325777390409461,0.0034334277633736397,0.0034334277633736397,0.0036480861542545692,0.0016670133405780941,0.0016670133405780941,0.001617594376011398,0.0007882166127546377,0.0006589441606664691,0.0007339422068193452,0.0011321544700719295,0.0024957741814257838,0.00329706440700107,0.00329706440700107,0.001265350476724679,0.001109805988367459,0.0005397021880928665,0.0025327534296434888,0.19886509015458886,0.19886509015458886,0.11553175682125552,0.09477503312819756,0.11813773057186999,0.13273404511669498,0.13273404511669498,0.20147106390520333,0.20147106390520333,0.09251925536790143,0.19329683357177915,0.19329683357177915,0.11134118483068889,0.05250818884114149,0.014895206857301172,0.0737341021762312,0.03568363043646062,0.07322779853985144,0.08129716309137718,0.08129716309137718,0.09350047634186388,0.13252445423986758,0.008170969576820076
235,24,0.002572593281562925,0.0005117061612012365,0.008144694435586533,0.1191334394448515,0.0023216906438398646,0.26801514191310305,7,False,30,1,5,0,0,0,0,3882,5377,5617,5648,5477,5428,5138,5623,5479,5553,5554,5434,5313,4603,5534,5343,5536,4840,5393,5662,5611,5637,4916,5521,0.008144694435586533,0.0034641356869650045,0.0034641356869650045,0.003525058634806308,0.004247005451514478,0.004247005451514478,0.003525058634806308,0.0034364333173267404,0.0035415379831911864,0.001664656943365367,0.001664656943365367,0.0015786505156976096,0.0007566679671865296,0.0006259404751930419,0.0007087671898445008,0.0010817299802551577,0.002409824643004491,0.0031907234456533674,0.0031907234456533674,0.0011176315292927362,0.0012287315483661494,0.0011176315292927362,0.0005117061612012365,0.003299131157462504,0.0023216906438398646,0.18229299930837312,0.18229299930837312,0.26801514191310305,0.12167287469030373,0.12167287469030373,0.26801514191310305,0.1846818085797697,0.0848093174205763,0.1771887641074642,0.1771887641074642,0.10206275276146481,0.04813250643771303,0.01365393961919274,0.06758959366154527,0.032709994566755565,0.06712548199486382,0.07452239950042908,0.07452239950042908,0.20481408305321197,0.08570876998004189,0.20481408305321197,0.0074900554454184025,0.10590411041948422
236,24,0.0019768563419039695,0.0004975797637263833,0.00415676966717698,0.1380300496934432,0.0299841616861926,0.271079576132111,0,False,28,1,6,0,0,0,0,5377,5617,5648,5477,5428,5138,5623,5479,5553,5554,5434,5676,5313,4603,5534,5343,5684,5683,5637,4916,5521,5677,5611,5686,0.0034485936965969496,0.0034485936965969496,0.0035945203847141064,0.00415676966717698,0.00415676966717698,0.0035945203847141064,0.0034233053404828166,0.003430685163532827,0.001654820869375219,0.001654820869375219,0.0015366455764109581,0.000744202746523975,0.000744202746523975,0.0006097122068457923,0.0006832787467455046,0.0010326908431618107,0.001221275952328675,0.0011485336652709436,0.0011196577879406928,0.0004975797637263833,0.003214804507573552,0.0006097122068457923,0.001221275952328675,0.0004975797637263833,0.16710191603267535,0.16710191603267535,0.2456805467536778,0.11153346846611174,0.11153346846611174,0.2456805467536778,0.1692916578647889,0.07774187430219494,0.1624230337651755,0.1624230337651755,0.09355752336467607,0.12745479756790362,0.12745479756790362,0.0958494446509267,0.06195712752308316,0.0299841616861926,0.1618997058150384,0.271079576132111,0.18774624279877763,0.09019921749163354,0.0970787678845272,0.0958494446509267,0.1618997058150384,0.09019921749163354
237,24,0.0019285966481202524,0.0004951830107517752,0.004056913217129922,0.14235724524166074,0.02748548154567655,0.24848961145443504,1,False,25,3,9,0,0,0,0,5377,5617,5648,5477,5428,5138,5623,5479,5553,5554,5434,5676,5313,5700,4603,5534,5343,5684,5683,5637,5707,4916,5521,5711,0.003418544846668118,0.003418544846668118,0.003642492923202981,0.004056913217129922,0.004056913217129922,0.003642492923202981,0.0033955587983220408,0.003316730023663409,0.0016382534420898071,0.0016382534420898071,0.0014921992781228327,0.0007295712958035776,0.0007483868763034404,0.0007483868763034404,0.0005924569532798243,0.0006576685456424546,0.0009851224318821877,0.0012088717995168616,0.0011721713468139535,0.001116338204277091,0.0004951830107517752,0.0004951830107517752,0.003124899234517967,0.0004951830107517752,0.15317675636328573,0.15317675636328573,0.22520716785753797,0.10223901276060243,0.10223901276060243,0.22520716785753797,0.1551840197093898,0.07126338477701202,0.14888778095141086,0.14888778095141086,0.0857610630842864,0.11683356443724498,0.20016689777057833,0.20016689777057833,0.08786199093001613,0.05679403356282623,0.02748548154567655,0.1484080636637852,0.24848961145443504,0.17210072256554615,0.16601594936733075,0.16601594936733075,0.0889888705608166,0.16601594936733075
238,24,0.0018987616995422816,0.0004907190159496451,0.003949161301725262,0.13049414147152236,0.025195024750203503,0.22778214383323211,2,False,12,13,22,0,0,0,0,5377,5617,5648,5477,5428,5138,5623,5479,5553,5554,5434,5676,5313,5700,4603,5534,5343,5684,5683,5637,5707,4916,5521,5711,0.0033755662781197746,0.0033755662781197746,0.0036699998463676276,0.003949161301725262,0.003949161301725262,0.0036699998463676276,0.0033547547933363816,0.0032007467935908623,0.0016157148802266143,0.0016157148802266143,0.0014458776974296881,0.0007131029187149714,0.0007487684336561615,0.0007487684336561615,0.000574403525228858,0.0006321034749506388,0.0009390876830270732,0.0011920803466988793,0.0011887501068607526,0.001108161627067178,0.0004907190159496451,0.0004907190159496451,0.0030306332940696666,0.0004907190159496451,0.14041202666634525,0.14041202666634525,0.2064399038694098,0.09371909503055223,0.09371909503055223,0.2064399038694098,0.14225201806694066,0.06532476937892769,0.13648046587212662,0.13648046587212662,0.07861430782726253,0.10709743406747456,0.18348632295636347,0.18348632295636347,0.08054015835251478,0.05206119743259071,0.025195024750203503,0.13604072502513642,0.22778214383323211,0.15775899568508397,0.15218128692005317,0.15218128692005317,0.08157313134741521,0.15218128692005317
239,24,0.001843892920300087,0.00048441452204891713,0.0038351083848393516,0.14827917916355593,0.04772276431320815,0.2515291293766665,3,False,13,1,23,0,0,0,0,5377,5617,5648,5477,5428,5138,5623,5479,5553,5554,5434,5676,5749,5700,5748,4603,5534,5684,5755,5757,4916,5521,5313,5711,0.003321232368501206,0.003321232368501206,0.0036783281891804042,0.0038351083848393516,0.0038351083848393516,0.0036783281891804042,0.0033024574125247157,0.0030836858437866092,0.0015879583285252812,0.0015879583285252812,0.0013981924146153485,0.0006951081176526307,0.0007648887020121911,0.0007648887020121911,0.0007648887020121911,0.0005557593079528756,0.0006067273459148297,0.00117145716625562,0.0011238912386296247,0.0004969075305970053,0.0004969075305970053,0.0029331123064856514,0.0007648887020121911,0.00048441452204891713,0.1287110244441498,0.1287110244441498,0.18923657854695897,0.08590917044467287,0.08590917044467287,0.18923657854695897,0.13039768322802892,0.059881038597350375,0.12510709371611606,0.12510709371611606,0.07206311550832398,0.09817264789518501,0.2515291293766665,0.2515291293766665,0.2515291293766665,0.07382847848980521,0.04772276431320815,0.12470399793970838,0.2279457460446603,0.22283284634338207,0.22283284634338207,0.07477537040179728,0.2515291293766665,0.13949951301004873
240,24,0.0018856715295375813,0.0004764954696029766,0.003812051997295331,0.1645640033898829,0.043745867287107464,0.31390170192861094,4,False,14,0,23,0,0,0,0,5377,5617,5648,5477,5428,5138,5623,5479,5434,5676,5773,5534,5777,5684,5779,5757,4916,5521,5764,5782,5774,4603,5755,5711,0.0032570808790441347,0.0032570808790441347,0.0036689538277910605,0.003716211231648753,0.003812051997295331,0.0036689538277910605,0.0032401989473196616,0.002966379731959696,0.0013496010891571272,0.0006758757614726652,0.0007963901381231597,0.0005816627104149109,0.0011771361401095644,0.0011771361401095644,0.0005132305660565439,0.0005132305660565439,0.0005003271716540054,0.002833329584522948,0.003812051997295331,0.0007963901381231597,0.0007963901381231597,0.0005367103457255106,0.0011332474304609522,0.0004764954696029766,0.11798510574047065,0.11798510574047065,0.1734668636680457,0.0787500729076168,0.16208340624095013,0.1734668636680457,0.11953120962569316,0.054890952047571176,0.06605785588263031,0.08999159390391959,0.31390170192861094,0.043745867287107464,0.19764533144473267,0.19764533144473267,0.2875967758147669,0.2875967758147669,0.20426344248143355,0.06854408953498084,0.16208340624095013,0.31390170192861094,0.31390170192861094,0.06767610528232144,0.20895026720760526,0.12787455359254465
241,24,0.002070967346586092,0.0004792308093544084,0.0037735282232237155,0.21312610460452056,0.05031670604360691,0.3469637111635363,5,False,15,0,23,0,0,0,0,5377,5617,5648,5477,5428,5138,5623,5479,5777,5796,5779,5800,5757,4916,5798,5521,5764,5789,5797,5807,5711,5785,5684,5799,0.0031845868301738425,0.003266717048572773,0.0036434746077045757,0.0035937866353348896,0.0037735282232237155,0.0037374395021224174,0.0031694528873649234,0.002849550485177224,0.0012072570546659725,0.0012072570546659725,0.0005397933195233168,0.0005140817565924279,0.0005397933195233168,0.0005140817565924279,0.0005397933195233168,0.0027321686958221123,0.0037735282232237155,0.0037374395021224174,0.0012072570546659725,0.0004792308093544084,0.0004792308093544084,0.003266717048572773,0.0012072570546659725,0.0005397933195233168,0.10815301359543142,0.19148634692876476,0.15901129169570855,0.07218756683198208,0.14857645572087094,0.2423446250290419,0.10957027549021874,0.05031670604360691,0.264508220491005,0.264508220491005,0.3469637111635363,0.2705748222746474,0.3469637111635363,0.2705748222746474,0.3469637111635363,0.06283208207373243,0.14857645572087094,0.2423446250290419,0.264508220491005,0.20055167412649927,0.20055167412649927,0.19148634692876476,0.264508220491005,0.3469637111635363
242,24,0.002054018210029188,0.0004795268175166582,0.003881365767365492,0.22001481326473082,0.04612364720663967,0.33136025375176015,6,False,18,0,23,0,0,0,0,5377,5617,5648,5810,5477,5428,5138,5623,5825,5479,5777,5796,5821,5779,5827,5800,5757,4916,5798,5521,5764,5817,5807,5711,0.0031051432804029178,0.0032604455953356825,0.0036964876360956497,0.0036964876360956497,0.003469012831492079,0.003721288730283333,0.0037837823484712426,0.0030916138905407943,0.003881365767365492,0.00273381764863876,0.0012298375986160035,0.0012615550037162549,0.0005381168463979504,0.0005627372002412216,0.0004918937725883894,0.0005245877731841817,0.0005627372002412216,0.0005381168463979504,0.0005627372002412216,0.00263040791024988,0.003721288730283333,0.0012615550037162549,0.0004918937725883894,0.0004795268175166582,0.0991402624624788,0.17552915135136768,0.2290936840543995,0.2290936840543995,0.06617193626265024,0.13619508441079836,0.22214923960995506,0.10043941919936716,0.3054825729432884,0.04612364720663967,0.24246586878342122,0.32579920211675456,0.33136025375176015,0.3180500685665749,0.267172367949291,0.24802692041842678,0.3180500685665749,0.33136025375176015,0.3180500685665749,0.05759607523425473,0.13619508441079836,0.32579920211675456,0.267172367949291,0.18383903461595766
243,24,0.001955357436043154,0.0004898989670138953,0.003999602350836782,0.22366300911451362,0.042280009939419695,0.3870802326057802,7,False,21,0,23,0,0,0,0,5377,5617,5648,5810,5477,5428,5138,5623,5825,5479,5821,5854,5779,5827,5800,5757,5855,5849,4916,5798,5521,5764,5850,5711,0.0030200480956321103,0.0032396740770646174,0.003728458843574409,0.003728458843574409,0.003342933719244232,0.0036570679503648957,0.0038090923466876318,0.003007983831783433,0.003999602350836782,0.002619706725833407,0.0005585430629506816,0.0005144010388315137,0.0005819244610130134,0.0005014682169691713,0.0005319384078109147,0.0005819244610130134,0.0004898989670138953,0.0005729478401452298,0.0005729478401452298,0.0005969322424375412,0.0025287259822932328,0.0036570679503648957,0.0005969322424375412,0.0004898989670138953,0.09087857392393889,0.16090172207208703,0.21000254371653287,0.21000254371653287,0.06065760824076271,0.12484549404323182,0.20363680297579212,0.09206946759941989,0.280025691864681,0.042280009939419695,0.3037468992724468,0.3282413372868501,0.291545896186027,0.24490800395351675,0.22735801038355788,0.291545896186027,0.25185244839796117,0.3870802326057802,0.3870802326057802,0.37487922951936037,0.052796402298066834,0.12484549404323182,0.37487922951936037,0.25185244839796117
244,24,0.0020391825949304023,0.0005211534638119974,0.004092158209064457,0.2431604879542657,0.04839670210656126,0.38422122584627927,8,False,24,1,24,0,0,0,0,5377,5617,5648,5859,5810,5477,5860,5138,5623,5825,5865,5866,5821,5867,5854,5868,5757,5870,5849,4916,5798,5521,5479,5869,0.002930495779665541,0.0032058733718828667,0.0037406506652955984,0.0038371217218181987,0.0038371217218181987,0.0032994174898771747,0.0032994174898771747,0.0038147400980249654,0.002919763007946177,0.004092158209064457,0.0025723299918787284,0.0005901143809398812,0.0005901143809398812,0.0005472187149313368,0.0005472187149313368,0.000612719901329051,0.0005973151942285348,0.0005501089831781445,0.0006040502763693216,0.0006040502763693216,0.0006271896393124888,0.002427708812960558,0.0025723299918787284,0.0005211534638119974,0.08330535943027731,0.14749324523274643,0.19250233174015513,0.27583566507348845,0.27583566507348845,0.13893614088736583,0.13893614088736583,0.1866670693944761,0.0843970119661349,0.2566902175426243,0.12209000911113473,0.3617679909997429,0.3617679909997429,0.38422122584627927,0.38422122584627927,0.3505837381705248,0.2672504048371914,0.29174484285159474,0.35482354655529846,0.35482354655529846,0.3436392937260803,0.04839670210656126,0.12209000911113473,0.3078323369573903
245,24,0.0018905761605166095,0.0005764626388213867,0.0041595794829229656,0.26062935734574305,0.07636324614442086,0.41495399174976433,9,False,15,10,34,0,0,0,0,5377,5617,5648,5859,5810,5477,5860,5138,5623,5825,5865,5892,5866,5821,5867,5854,5868,5896,5897,5757,5870,5849,4916,5798,0.0028375734710007552,0.003160533258557031,0.0037345319367561606,0.003921312836249247,0.003921312836249247,0.0032449675919138366,0.0032449675919138366,0.0038022805974803476,0.0028280456036293023,0.0041595794829229656,0.0025179700757946414,0.0006336852157639156,0.0006177534088785895,0.0006336852157639156,0.0005764626388213867,0.0005764626388213867,0.0006394115198714115,0.0006246598138861643,0.0005792530256246355,0.0006246598138861643,0.0005792530256246355,0.0006311132509763134,0.0006311132509763134,0.000653239751036424,0.07636324614442086,0.13520214146335088,0.17646047076180887,0.2528493596506977,0.2528493596506977,0.127358129146752,0.127358129146752,0.17111148027826975,0.07736392763562366,0.2352993660807389,0.11191584168520682,0.41495399174976433,0.33162065841643096,0.41495399174976433,0.3522027903590893,0.3522027903590893,0.3213684266563144,0.3283128711007588,0.3507661059472952,0.3283128711007588,0.3507661059472952,0.32525491767569026,0.32525491767569026,0.3150026859155736
246,24,0.0020190954203370397,0.0006173692658009396,0.004202854920114709,0.2772619142215493,0.06999964229905245,0.4637078257706173,10,False,10,2,36,0,0,0,0,5377,5617,5859,5810,5138,5623,5825,5914,5865,5892,5866,5821,5867,5915,5918,5919,4916,5798,5648,5477,5908,5921,5924,5849,0.0027422602781437184,0.0031051261073390454,0.003981633578973512,0.0040843195639581826,0.0037733852638612555,0.0027338185856107824,0.004202854920114709,0.0025211301093601124,0.0025211301093601124,0.0006906859766543182,0.0006412492952686514,0.0006733210842365676,0.0006173692658009396,0.0006906859766543182,0.0006173692658009396,0.0006173692658009396,0.0006539502397768731,0.0006749364771400909,0.0037117082217662796,0.0031810835445923815,0.0040843195639581826,0.0006645250762263411,0.0006201080779138321,0.0006539502397768731,0.06999964229905245,0.12393529634140497,0.23177857967980622,0.31511191301313957,0.1568521902550806,0.07091693366598835,0.21569108557401065,0.18592285487810628,0.18592285487810628,0.4637078257706173,0.30398560354839504,0.38037449243728394,0.4061858911624985,0.4637078257706173,0.4061858911624985,0.4061858911624985,0.29815034120271605,0.2887524620892758,0.16175543153165814,0.11674495171785601,0.31511191301313957,0.3842867985090289,0.40486893045168726,0.29815034120271605
247,24,0.0016990565172020002,0.000654375558139606,0.004328941544381638,0.31522957047178496,0.06416633877413142,0.5083988402897325,11,False,11,0,36,0,0,0,0,5377,5623,5936,5892,5866,5941,5821,5867,5915,5918,5937,5919,4916,5798,5617,5931,5908,5865,5921,5924,5849,5859,5825,5945,0.002645429211986979,0.0026379632769869387,0.002577165828261467,0.0007631646548861993,0.0006605064291922395,0.0007631646548861993,0.0007085402247346458,0.000654375558139606,0.0007631646548861993,0.000654375558139606,0.0007631646548861993,0.000654375558139606,0.0006724887677383544,0.0007100983003400011,0.003041078224818782,0.004328941544381638,0.004220105392003029,0.002577165828261467,0.0007000508285096661,0.0006570361336372073,0.0006724887677383544,0.004019092334899454,0.004223321725054164,0.0007100983003400011,0.06416633877413142,0.06500718919382265,0.2537626169715974,0.5083988402897325,0.27865346991936213,0.5083988402897325,0.34867661806751027,0.3723370668989569,0.5083988402897325,0.3723370668989569,0.5083988402897325,0.3723370668989569,0.27330447943582303,0.34802309024850286,0.11360735497962123,0.37218592026204456,0.28885258692871124,0.2537626169715974,0.3522628986332765,0.37112985291404665,0.27330447943582303,0.21246369803982237,0.19771682844284308,0.34802309024850286
248,24,0.0012351268811859387,0.0006755316935891008,0.002969748160542741,0.353616257849805,0.05881914387628713,0.5493656035989214,12,False,14,0,36,0,0,0,0,5377,5623,5936,5892,5866,5941,5821,5867,5960,5915,5918,5958,5919,5963,5798,5617,5954,5969,5965,5921,5961,5937,5924,4916,0.0025478510687263153,0.0025412589555394646,0.0026849838569744326,0.0008324032517790491,0.0006755316935891008,0.0008324032517790491,0.0007580701877708967,0.0006870552653051814,0.0008538708595129105,0.0008538708595129105,0.0007047743610625951,0.0007580701877708967,0.0007047743610625951,0.0007047743610625951,0.0007595981235882992,0.002969748160542741,0.0026849838569744326,0.0026849838569744326,0.0007595981235882992,0.0007308904735658698,0.0007047743610625951,0.0008324032517790491,0.0006896154904409871,0.0006867569284978297,0.05881914387628713,0.059589923427670756,0.3159490655572976,0.4660322702655881,0.25543234742608195,0.4660322702655881,0.4029535665618844,0.34130897799071047,0.5493656035989214,0.5493656035989214,0.42464231132404384,0.4029535665618844,0.42464231132404384,0.42464231132404384,0.402354499394461,0.10414007539798611,0.3159490655572976,0.3159490655572976,0.402354499394461,0.32290765708050345,0.42464231132404384,0.4660322702655881,0.34020236517120944,0.2505291061495044
249,24,0.0011864432833848814,0.0006864196860308543,0.0028924111520344264,0.33553844624605134,0.0539175485532632,0.5035851366323446,13,False,16,0,36,0,0,0,0,5377,5623,5936,5892,5866,5988,5941,5821,5867,5960,5915,5999,5918,5958,5919,5963,5798,5617,5954,5965,5921,5937,5924,4916,0.002450199712851605,0.0024443879163191925,0.0027748984529195235,0.000897213305243491,0.0006864196860308543,0.0007702570340993039,0.000897213305243491,0.0008027832329219628,0.0007151249583558668,0.0009420870166023788,0.0009420870166023788,0.0007148403049405393,0.0007508916046809444,0.0008027832329219628,0.0007702570340993039,0.0007508916046809444,0.0008042663279480489,0.0028924111520344264,0.0027748984529195235,0.0008042663279480489,0.0007568401773891777,0.000897213305243491,0.0007175673343001532,0.0007148403049405393,0.0539175485532632,0.054624096475364856,0.28961997676085616,0.4271962477434557,0.23414631847390843,0.4725887853803735,0.4271962477434557,0.3693741026817274,0.31286656315815126,0.5035851366323446,0.5035851366323446,0.31298501397037903,0.38925545204704015,0.3693741026817274,0.4725887853803735,0.38925545204704015,0.3688249577782559,0.09546173578148727,0.28961997676085616,0.3688249577782559,0.29599868565712817,0.4271962477434557,0.31185216807360866,0.31298501397037903
250,24,0.000993586894984572,0.000711218207289061,0.0028467528891103814,0.36165296704698013,0.050072088435751116,0.5449530419129825,14,False,16,0,36,0,0,0,0,5936,5892,5866,5988,5941,5821,5867,5960,5915,5999,5918,5958,5919,5963,5798,5623,6004,6010,6007,5921,5937,5924,6012,4916,0.0028467528891103814,0.0009566069354243908,0.000711218207289061,0.0008317545058824227,0.0009566069354243908,0.0008638948745447956,0.0007384351947708601,0.0010261739523674603,0.0010526388896788517,0.0007381657526464738,0.0008125653021515461,0.0008421752478782989,0.0008317545058824227,0.0007921361787420803,0.0008436013518448606,0.0023479415305759947,0.000711218207289061,0.0010526388896788517,0.0008638948745447956,0.0007778265754201113,0.0009566069354243908,0.0007407466882602064,0.0008125653021515461,0.0007381657526464738,0.26548497869745147,0.39159656043150104,0.29796745860108276,0.4332063865986757,0.39159656043150104,0.42192626079158346,0.28679434956163863,0.4616197085796492,0.5449530419129825,0.28690292947284746,0.44015083104312014,0.3385929274582501,0.4332063865986757,0.35681749770978677,0.3380895446300679,0.050072088435751116,0.29796745860108276,0.5449530419129825,0.42192626079158346,0.27133212851903415,0.39159656043150104,0.28586448740080794,0.44015083104312014,0.28690292947284746
251,24,0.001022597059694481,0.0007567040502829236,0.0029007920721014478,0.3645239173046057,0.04589941439943852,0.4868049284561935,15,False,12,0,36,0,0,0,0,5936,6042,6033,6034,6030,5999,5918,5958,5919,5963,5798,5623,6029,5892,5988,6036,5821,5867,5960,6007,5921,5937,5924,4916,0.0029007920721014478,0.000943443911807008,0.0007762193821696974,0.0008919291290261377,0.0007764790994936832,0.0007762193821696974,0.0008919291290261377,0.0008759157765186997,0.0009112184314482493,0.0008280882264152991,0.0008772753161683612,0.0022524269185243907,0.000943443911807008,0.0010098128762225573,0.0008883090188265862,0.0009112184314482493,0.000943443911807008,0.0007764790994936832,0.0011047046144648683,0.000943443911807008,0.0007938909842075893,0.0010098128762225573,0.0007591289712086974,0.0007567040502829236,0.24336123047266384,0.4700990723922849,0.34632768535011016,0.4868049284561935,0.3462281537648354,0.34632768535011016,0.4868049284561935,0.31037685017006256,0.4804391877154527,0.3270827062339712,0.30991541591089555,0.04589941439943852,0.4700990723922849,0.3589635137288759,0.39710585438211937,0.4804391877154527,0.4700990723922849,0.3462281537648354,0.42315139953134506,0.4700990723922849,0.24872111780911463,0.3589635137288759,0.26204244678407396,0.26299435201677684
252,24,0.0011074680778326948,0.0007705306555880127,0.0029375971475640176,0.3616620251908829,0.12540779653281864,0.5237359220724983,16,False,13,0,36,0,0,0,0,5936,6042,6053,6033,6034,6050,6064,5918,5958,6063,5919,5963,5798,6059,5623,6029,6036,5821,6030,6007,5921,6070,5924,4916,0.0029375971475640176,0.0010180584668358155,0.0008299341961443177,0.0008299341961443177,0.0009669836396089298,0.0008299341961443177,0.0010443141064785696,0.0009669836396089298,0.0009038366452231746,0.0010115686306441237,0.0009861362619005233,0.0008584921959602758,0.0009051225323297626,0.0022139356277043045,0.0022139356277043045,0.0010180584668358155,0.0010115686306441237,0.0010443141064785696,0.0008093165382845937,0.0010180584668358155,0.000805171694281366,0.0007927240995203472,0.0007927240995203472,0.0007705306555880127,0.22308112793327517,0.4309241496929278,0.40080037823760095,0.40080037823760095,0.44623785108484404,0.40080037823760095,0.5142574830262612,0.44623785108484404,0.28451211265589066,0.5237359220724983,0.44040258873916494,0.2998258140478069,0.28408913125165425,0.12540779653281864,0.12540779653281864,0.4309241496929278,0.5237359220724983,0.5142574830262612,0.3173758076177658,0.4309241496929278,0.2279943579916884,0.32353890955206777,0.32353890955206777,0.24107815601537877
253,24,0.0011317184816039734,0.0007798082770102964,0.002958018937388794,0.33726332840052153,0.11495714682175041,0.48009126189979007,17,False,16,0,36,0,0,0,0,5936,6042,6094,6053,6033,6034,6050,6093,6064,6090,5918,5958,6063,5919,5963,5798,6059,5623,6029,6036,6030,5921,5924,4916,0.002958018937388794,0.0010865857668584723,0.0008421881965306247,0.0008783560869264758,0.0008783560869264758,0.0010365093345471338,0.0008783560869264758,0.0008421881965306247,0.0011409308549035612,0.0008583329963069275,0.0010365093345471338,0.0009259153553687044,0.0011080937785017202,0.0010553127938381212,0.0008832435856535498,0.0009271228074092309,0.002169164343145415,0.002169164343145415,0.0010865857668584723,0.0011080937785017202,0.0008583329963069275,0.0008118856578324604,0.0008421881965306247,0.0007798082770102964,0.20449103393883555,0.3950138038851838,0.37991066708939547,0.36740034671780086,0.36740034671780086,0.4090513634944404,0.36740034671780086,0.37991066708939547,0.4714026927740727,0.3742611569829519,0.4090513634944404,0.2608027699345664,0.48009126189979007,0.40370237301090117,0.274840329543823,0.260415036980683,0.11495714682175041,0.11495714682175041,0.3950138038851838,0.48009126189979007,0.3742611569829519,0.20899482815904769,0.37991066708939547,0.22098830968076386
254,24,0.0011755337362666807,0.0007847692486460273,0.0029631136808497597,0.3333282656924483,0.10537738458660455,0.45829708320323703,18,False,19,0,36,0,0,0,0,5936,6042,6100,6094,6053,6033,6103,6034,6050,6093,6064,6090,6106,5918,5958,6063,5919,5963,5798,6059,5623,6029,6030,4916,0.0029631136808497597,0.0011481194478647884,0.0009446982841003198,0.0008861250749257158,0.0009209471372331149,0.0009446982841003198,0.000908978163823419,0.0010995218022278141,0.0009209471372331149,0.000908978163823419,0.0012316137673439205,0.0009016842054942037,0.0011278783742313559,0.0011278783742313559,0.000942255236910537,0.0011990812913659262,0.00111779243354594,0.000902371419779731,0.0009433815393245023,0.0021190864749930293,0.0021190864749930293,0.0011481194478647884,0.0009016842054942037,0.0007847692486460273,0.1874501144439326,0.3620959868947518,0.4201169844913174,0.3482514448319458,0.3367836511579841,0.4201169844913174,0.4315847781652792,0.37496374986990366,0.3367836511579841,0.4315847781652792,0.43211913504289995,0.3430727272343726,0.45829708320323703,0.45829708320323703,0.23906920577335253,0.4400836567414742,0.37006050859332607,0.2519369687485044,0.23871378389895942,0.10537738458660455,0.10537738458660455,0.3620959868947518,0.3430727272343726,0.20257261720736686
255,24,0.0012027529380803901,0.0007856985995739424,0.002954083550741829,0.33450332162435575,0.09659593587105417,0.4789527133181726,19,False,14,0,36,0,0,0,0,5936,6042,6100,6094,6053,6033,6103,6126,5918,5958,6063,5919,5963,5798,6059,5623,6029,6125,6050,6093,6106,6142,6122,4916,0.002954083550741829,0.0012020040305718474,0.0010311651579810125,0.0009241230217774437,0.0009573582687517825,0.0010311651579810125,0.000995367662084816,0.000995367662084816,0.0012130627812814282,0.0009530640861194927,0.0012830810935984657,0.0011728672014112015,0.0009160182903355374,0.0009541083214364371,0.0020646174542822957,0.0020646174542822957,0.0012020040305718474,0.0010311651579810125,0.0009573582687517825,0.0009703426102487608,0.0012130627812814282,0.0009632027128178676,0.0010311651579810125,0.0007856985995739424,0.17182927157360486,0.33192132132018914,0.4684405691170409,0.3192304910959503,0.30871834689481875,0.4684405691170409,0.4789527133181726,0.4789527133181726,0.42010565960296725,0.21914677195890647,0.4034100186796847,0.33922213287721553,0.23094222135279568,0.21882096857404612,0.09659593587105417,0.09659593587105417,0.33192132132018914,0.4684405691170409,0.30871834689481875,0.39561937998483926,0.42010565960296725,0.39781666663150816,0.4684405691170409,0.1856915657734196
256,24,0.0012564061173133412,0.0009244195084217681,0.0029322235272586004,0.3247734358743826,0.08854627454846632,0.5223733205416582,20,False,14,0,36,0,0,0,0,5936,6042,6100,6094,6053,6033,6103,6126,5918,5958,6063,5919,6150,5798,6059,5623,6029,6125,6050,6093,6106,6142,6122,5963,0.0029322235272586004,0.0012478266239734606,0.001112200585446941,0.0009559482153699303,0.000987416419304465,0.001112200585446941,0.0011045250396185587,0.0010767556058469399,0.001290798879929031,0.0009586326824362286,0.0013589344395557705,0.001220071424362501,0.0011045250396185587,0.0009595954470596979,0.0020066069431194204,0.0020066069431194204,0.0012478266239734606,0.001112200585446941,0.000987416419304465,0.0010254673284274098,0.001290798879929031,0.0010185484831037078,0.001112200585446941,0.0009244195084217681,0.15751016560913778,0.30426121121017335,0.4294038550239542,0.2926279501712878,0.2829918179869172,0.4294038550239542,0.5223733205416582,0.4390399872083248,0.3850968546360533,0.20088454096233094,0.3697925171230443,0.31095362180411423,0.5223733205416582,0.20058588785954226,0.08854627454846632,0.08854627454846632,0.30426121121017335,0.4294038550239542,0.2829918179869172,0.362651098319436,0.3850968546360533,0.36466527774554913,0.4294038550239542,0.2116970362400627
257,24,0.0012992839519336953,0.0009518125947742427,0.0028988754714806804,0.31159787177373965,0.08116741833609413,0.5621755438298534,21,False,11,0,36,0,0,0,0,5936,6042,6100,6094,6186,6126,5918,5958,6063,5919,6191,6059,5623,6029,6125,6033,6050,6093,6106,6142,6174,6122,6150,5798,0.0028988754714806804,0.0012853988934779684,0.0011865593843056732,0.000981528557666008,0.0010371824924602167,0.0011518493071111422,0.0013601140197973933,0.0009593142405108233,0.001425783492054716,0.0012591660693759296,0.0009518125947742427,0.0019458342544226884,0.0019458342544226884,0.0012853988934779684,0.0011865593843056732,0.0011865593843056732,0.0010371824924602167,0.0010737624290737525,0.0013601140197973933,0.0010671195888131693,0.0012406503516036716,0.0011865593843056732,0.0012094585211454942,0.0009601973652598291,0.14438431847504296,0.2789061102759922,0.39362020043862467,0.2682422876570138,0.34274249982134075,0.4024533216076311,0.35300545008304884,0.18414416254880336,0.33897647402945724,0.2850408199871047,0.27738894988672413,0.08116741833609413,0.08116741833609413,0.2789061102759922,0.39362020043862467,0.39362020043862467,0.34274249982134075,0.33243017345948295,0.35300545008304884,0.3342765046000867,0.5621755438298534,0.39362020043862467,0.47884221049652,0.1838703972045804
258,24,0.0013415406122172671,0.000955505535291186,0.0028553896563285604,0.30292382036632154,0.07440346680808628,0.5222720262884767,22,False,12,0,36,0,0,0,0,5936,6042,6100,6094,6186,6201,6126,5918,5958,6063,5919,6191,6059,5623,6029,6125,6033,6207,6050,6093,6106,6142,6202,6214,0.0028553896563285604,0.0013147323030453858,0.001253265308975341,0.001000933387824826,0.0010799902083289939,0.0013233876914037091,0.0012196176190506882,0.0014203270904535738,0.000955505535291186,0.0014830647526619931,0.0013233876914037091,0.0009982164721193724,0.0018830063929785152,0.0018830063929785152,0.0013147323030453858,0.001253265308975341,0.0012855869126956983,0.0012855869126956983,0.0010799902083289939,0.0011148551021323257,0.0014203270904535738,0.0011085311633805455,0.0009982164721193724,0.001342052716543108,0.13235229193545603,0.2556639344196595,0.36081851706873924,0.24588876368559598,0.314180624836229,0.34462075165484596,0.3689155448069951,0.32358832924279474,0.16879881566973642,0.31072843452700244,0.34462075165484596,0.33760653739616375,0.07440346680808628,0.07440346680808628,0.2556639344196595,0.36081851706873924,0.4441518504020726,0.4441518504020726,0.314180624836229,0.30472765900452603,0.32358832924279474,0.3064201292167461,0.33760653739616375,0.5222720262884767
259,24,0.001363917713099447,0.0009476301595691267,0.002803093578924531,0.2991484396715759,0.06820317790741243,0.4787493574311036,23,False,13,0,36,0,0,0,0,5936,6235,6042,6100,6094,6186,6201,6126,5918,6219,6222,6234,6191,6059,5623,6029,6125,6033,6050,6093,6106,5958,5919,6214,0.002803093578924531,0.0011781952407532846,0.0013360093742526816,0.0013116152997252955,0.001040511044295222,0.001115604136829821,0.0013787331165732869,0.0013122920979949397,0.0014710351387454378,0.001040511044295222,0.0013122920979949397,0.00114437547084918,0.001037921768655805,0.0018187581792917151,0.0018187581792917151,0.0013360093742526816,0.0013116152997252955,0.0013772151364974457,0.00114437547084918,0.0011781952407532846,0.0014710351387454378,0.0009476301595691267,0.0013787331165732869,0.0014695104089479138,0.12132293427416802,0.3626670207541488,0.23435860655135454,0.33075030731301097,0.30873136671179635,0.28799890609987655,0.3159023556836088,0.42150591607307886,0.2966226351392285,0.30873136671179635,0.42150591607307886,0.3713322394332099,0.30947265927981676,0.06820317790741243,0.06820317790741243,0.23435860655135454,0.33075030731301097,0.40713919620189987,0.3713322394332099,0.3626670207541488,0.2966226351392285,0.15473224769725838,0.3159023556836088,0.4787493574311036
260,24,0.0014760681846212838,0.0010707355673778465,0.0028140162109854968,0.2995245528273007,0.06251957974846138,0.4697137564003223,24,False,8,0,36,0,0,0,0,5936,6235,6042,6100,6094,6186,6201,6250,6059,5623,6029,6125,6033,6245,6126,5918,6242,6222,6234,6191,6240,6050,6219,6214,0.0028140162109854968,0.0012336886711274786,0.0013843581586371109,0.0013611699487499228,0.001073183853826223,0.0011734754932362724,0.0014248854154905732,0.0014329616603063183,0.0017536539779164893,0.0017536539779164893,0.0013495532960730633,0.0013611699487499228,0.0014601578709366606,0.0011734754932362724,0.0013969348320355104,0.0015120896621071854,0.0013843581586371109,0.0014329616603063183,0.0012011878017156986,0.0010707355673778465,0.0028140162109854968,0.0012011878017156986,0.001073183853826223,0.001589576905015427,0.19454602308465402,0.3324447690246364,0.29816205600540835,0.3031877817035934,0.28300375281914664,0.34733233059155355,0.2895771593766414,0.4697137564003223,0.06251957974846138,0.06251957974846138,0.21482872267207498,0.3031877817035934,0.37321092985174154,0.34733233059155355,0.38638042306698894,0.2719040822109594,0.29816205600540835,0.4697137564003223,0.3403878861471091,0.2836832710064987,0.19454602308465402,0.3403878861471091,0.28300375281914664,0.4388535776451783
261,24,0.0015946000631927616,0.0010966366289668985,0.002883517857073533,0.29262969908128805,0.05730961476942293,0.5139042767002955,25,False,8,0,36,0,0,0,0,5936,6235,6042,6100,6094,6186,6201,6250,6059,5623,6029,6125,6033,6245,6126,6281,6242,6222,6234,6191,6264,6240,6050,6214,0.002883517857073533,0.0012809069259094358,0.001423607348540573,0.0014017334967558323,0.0010989349613809874,0.0012234803092979756,0.0014617644918638087,0.00154612404322806,0.0016881906162621227,0.0016881906162621227,0.0013557977469634355,0.0014017334967558323,0.0015334538691056084,0.0012234803092979756,0.001472478697502915,0.00158599844832796,0.001423607348540573,0.00158599844832796,0.0012499399022471544,0.0010966366289668985,0.002883517857073533,0.0028110218472149097,0.0012499399022471544,0.001700346347479911,0.2616671878275995,0.3047410382725833,0.2733152180049576,0.27792213322829395,0.2594201067508844,0.3183879697089241,0.26544572942858796,0.4305709433669621,0.05730961476942293,0.05730961476942293,0.19692632911606872,0.27792213322829395,0.34211001903076305,0.3183879697089241,0.35418205447807316,0.5139042767002955,0.2733152180049576,0.5139042767002955,0.3120222289681833,0.2600429984226238,0.2616671878275995,0.17833385449426617,0.3120222289681833,0.40228244617474673
262,24,0.0016043233556255491,0.0011157518111596346,0.0029351146406982774,0.30447826764129216,0.05253381353863768,0.5544122536419375,26,False,9,0,36,0,0,0,0,5936,6235,6042,6100,6294,6094,6303,6201,6250,6059,5623,6309,6029,6125,6186,6306,6126,6304,6281,6242,6222,6234,6191,6214,0.0029351146406982774,0.0013196525929888504,0.0014538163276680254,0.0014333266309178598,0.0015279104026730364,0.0011178951519844895,0.0017772413050778353,0.0015279104026730364,0.001650033116241894,0.0016228011437494137,0.0016228011437494137,0.0028673993323765205,0.001355258315290435,0.0014333266309178598,0.0012653162188957447,0.0013236565154275115,0.0015381730544176758,0.0014913101247822926,0.0017772413050778353,0.0014913101247822926,0.0017325587646669924,0.0013236565154275115,0.0011157518111596346,0.0018002989633687414,0.2398615888419662,0.27934595174986804,0.2505389498378778,0.25476195545926944,0.32665858530953895,0.237801764521644,0.5544122536419375,0.32665858530953895,0.39469003141971526,0.05253381353863768,0.05253381353863768,0.24680603328641065,0.18051580168972967,0.25476195545926944,0.29185563889984706,0.3693537098875014,0.32466688327156706,0.3338722831712111,0.5544122536419375,0.3338722831712111,0.47107892030860415,0.3693537098875014,0.2383727485540718,0.3687589089935178
263,24,0.001654194560762279,0.0011283307558694437,0.002969443053355218,0.27910507867118445,0.048155995743751207,0.5082112325051094,27,False,9,0,36,0,0,0,0,5936,6235,6042,6100,6294,6094,6303,6201,6250,6059,5623,6309,6029,6125,6186,6306,6126,6304,6281,6242,6222,6234,6191,6214,0.002969443053355218,0.0013499339848304839,0.0014752251135210775,0.0014561550565093538,0.0015838207855051502,0.0011303174763205208,0.001963627530257143,0.0015838207855051502,0.00174331688918777,0.0015578591416341128,0.0015578591416341128,0.0029065838276146104,0.0013485064653976269,0.0014561550565093538,0.001298893974323435,0.0013885994885998985,0.0015935697370928717,0.001549007819981903,0.001963627530257143,0.001549007819981903,0.0018700955597955272,0.0013885994885998985,0.0011283307558694437,0.0018883129760109854,0.21987312310513568,0.256067122437379,0.2296607040180546,0.23353179250433032,0.29943703653374404,0.21798495081150698,0.5082112325051094,0.29943703653374404,0.3617991954680723,0.048155995743751207,0.048155995743751207,0.22623886384587644,0.16547281821558552,0.23353179250433032,0.2675343356581931,0.3385742340635429,0.2976113096656031,0.3060495929069435,0.5082112325051094,0.3060495929069435,0.43182234361622046,0.3385742340635429,0.2185083528412325,0.33802899991072466
264,24,0.0017299075671743207,0.0011347204815912305,0.003004928236987911,0.26040906560615323,0.0441429960984386,0.4658602964630169,28,False,9,0,36,0,0,0,0,5936,6347,6235,6042,6100,6294,6094,6303,6201,6250,6059,5623,6309,6029,6125,6186,6306,6126,6304,6281,6242,6340,6234,6191,0.0029874007311640775,0.003004928236987911,0.0013719356690745591,0.0014882207872505078,0.001470576364470615,0.0016713265456410123,0.001136551820937062,0.0021416663399121275,0.0016293068628315086,0.0018249841022068317,0.0014936833489738153,0.0014936833489738153,0.003004928236987911,0.0013361466181254233,0.001470576364470615,0.0013243104958274143,0.0014442241493426713,0.0016384976995257238,0.0015964481864965251,0.0021416663399121275,0.0015964481864965251,0.0016713265456410123,0.0014442241493426713,0.0011347204815912305,0.20155036284637437,0.29071895852538676,0.23472819556759741,0.21052231201655006,0.2140708097956361,0.35781728348926534,0.1998195382438814,0.4658602964630169,0.274483950155932,0.3316492625123996,0.0441429960984386,0.0441429960984386,0.29071895852538676,0.15168341669762006,0.2140708097956361,0.24523980768667702,0.3103597145582477,0.2728103671934695,0.2805454601646982,0.4658602964630169,0.2805454601646982,0.35781728348926534,0.3103597145582477,0.20029932343779644
265,24,0.0017629382732210466,0.0011353411178252563,0.0030836882296899665,0.2507623557565064,0.040464413090235386,0.4270386050910988,29,False,9,0,36,0,0,0,0,5936,6347,6235,6042,6100,6294,6094,6303,6201,6250,6059,5623,6309,6373,6029,6125,6368,6186,6375,6126,6304,6281,6340,6191,0.0029900822540962434,0.0030836882296899665,0.0013859872659099264,0.0014933045582561115,0.0014770672015263038,0.0017476710357425696,0.0011370206508560731,0.0023083030685218517,0.001707350946915594,0.001894411473245529,0.0014305424191406676,0.0014305424191406676,0.0030836882296899665,0.0013528082567590713,0.0013528082567590713,0.0014770672015263038,0.001707350946915594,0.0013764245132054614,0.0013764245132054614,0.0016730300651115234,0.0016336298290014794,0.0023083030685218517,0.0017476710357425696,0.0011353411178252563,0.18475449927584317,0.2664923786482712,0.21516751260363096,0.19297878601517088,0.19623157564599977,0.32799917653182653,0.1831679100568913,0.4270386050910988,0.33494362097627106,0.30401182396969967,0.040464413090235386,0.040464413090235386,0.2664923786482712,0.22237646530615174,0.22237646530615174,0.19623157564599977,0.33494362097627106,0.30813649037945395,0.30813649037945395,0.25007616992734705,0.25716667181764,0.4270386050910988,0.32799917653182653,0.18360771315131338
266,24,0.0018173909525812557,0.001130663642926403,0.0031431118476075532,0.26577239273521686,0.16790391755215034,0.3914520546668406,30,False,9,0,36,0,0,0,0,6384,6347,6398,6042,6100,6294,6094,6303,6201,6250,5936,6235,6373,6029,6125,6368,6186,6375,6126,6304,6281,6340,6191,6392,0.0030555410219067704,0.0031431118476075532,0.0013970683846479142,0.0014910608723618846,0.0014761922323147448,0.0018123034292446222,0.001132196777556627,0.002460999200869845,0.0018196890776956054,0.0019513162141411174,0.0030555410219067704,0.001392532433293386,0.0013619439677353738,0.0013970683846479142,0.0014761922323147448,0.0017739393359374133,0.0014194087296681142,0.0014194087296681142,0.001697446935953237,0.001660766681741909,0.002460999200869845,0.0018123034292446222,0.001130663642926403,0.0018196890776956054,0.2526916243361896,0.24428468042758192,0.2871784265306391,0.17689722051390663,0.17987894434216645,0.30066591182084096,0.16790391755215034,0.3914520546668406,0.3903649858949151,0.278677505305558,0.2526916243361896,0.19723688655332836,0.20384509319730576,0.2871784265306391,0.17987894434216645,0.30703165256158177,0.28245844951449944,0.28245844951449944,0.2292364891000681,0.23573611583283668,0.3914520546668406,0.30066591182084096,0.16830707038870393,0.3903649858949151
267,24,0.0019977001581249192,0.0011211901590377725,0.0031838148537892577,0.27966794186889543,0.15391192442280446,0.44116790373700554,31,False,5,0,36,0,0,0,0,6384,6347,6398,6042,6427,6250,6408,6235,6423,6100,6294,6094,6416,6201,6126,6304,6281,6340,6191,5936,6417,6373,6303,6392,0.0031824175074957463,0.0031838148537892577,0.0014322648815995528,0.0014821295030694524,0.0017215321849120896,0.0020471877843758006,0.0031824175074957463,0.0013920994722595793,0.0018759353457081791,0.0014685759073391977,0.0018649931650290177,0.001122583678558581,0.0019697593903799187,0.0019697593903799187,0.001712196769960435,0.0017215321849120896,0.0025977734480529093,0.0018649931650290177,0.0011211901590377725,0.003102406707343527,0.0020471877843758006,0.0013640429023622606,0.0025977734480529093,0.0019202366534792964,0.3149673223081738,0.2239276237252834,0.2632468909864191,0.1621557854710811,0.29942477284676694,0.3387877131967615,0.3149673223081738,0.180800479340551,0.3647790148481166,0.16488903231365257,0.2756104191691042,0.15391192442280446,0.44116790373700554,0.44116790373700554,0.2101334483417291,0.29942477284676694,0.35883105011127053,0.2756104191691042,0.15428148118964527,0.23163398897484044,0.3387877131967615,0.18685800209753028,0.35883105011127053,0.35783457040367217
268,24,0.002119384471197234,0.0011074369680584668,0.0033728853053362783,0.27252423270930765,0.14108593072090408,0.4044039117589217,32,False,5,0,36,0,0,0,0,6384,6347,6398,6042,6427,6250,6438,6408,6235,6423,6100,6294,6094,6416,6201,6126,6304,6281,6340,6191,6432,6373,6303,6392,0.0033728853053362783,0.0032067085282837735,0.0014585385966856344,0.0014671811661505683,0.001770967141227842,0.0021293215593068946,0.0033728853053362783,0.0033728853053362783,0.0013852745329882032,0.0019654549210644475,0.00145487764122161,0.0019057931421594446,0.0011086986263732816,0.0021083880639585773,0.0021083880639585773,0.001717858528625382,0.001770967141227842,0.002717208524524097,0.0019057931421594446,0.0011074369680584668,0.0033728853053362783,0.0013596604493367754,0.002717208524524097,0.0020079608255535565,0.37205337878249267,0.20526698841484312,0.24130965007088417,0.148642803348491,0.2744727084428697,0.310555403763698,0.37205337878249267,0.37205337878249267,0.1657337727288384,0.3343807636107735,0.15114827962084817,0.2526428842383455,0.14108593072090408,0.4044039117589217,0.4044039117589217,0.192622327646585,0.2744727084428697,0.328928462601998,0.2526428842383455,0.14142469109050815,0.37205337878249267,0.1712865019227361,0.328928462601998,0.3280150228700328
269,24,0.002152075484012864,0.0010899205028641426,0.0036323700973593057,0.26814413022717676,0.12932876982749542,0.4243822638839516,33,False,7,0,36,0,0,0,0,6384,6347,6479,6398,6042,6466,6427,6250,6438,6408,6456,6235,6423,6100,6294,6094,6416,6201,6126,6304,6471,6281,6340,6191,0.0036323700973593057,0.003212929821624103,0.002135928993976618,0.0014761959328479088,0.0014468968771420337,0.001472799074614268,0.0018091335369289155,0.0021973061325277145,0.0035410468070448905,0.0035410468070448905,0.0036323700973593057,0.0013726780122858165,0.002041787704731993,0.001472799074614268,0.001934997654644817,0.0010910586761581761,0.0022336537315829873,0.0022336537315829873,0.0017593386443403502,0.0018091335369289155,0.0017593386443403502,0.0028184298691191576,0.001934997654644817,0.0010899205028641426,0.4243822638839516,0.1881614060469395,0.38401377096419675,0.22120051256497716,0.13625590306945007,0.2218859229857775,0.25159998273929723,0.28467578678338984,0.34104893055061825,0.34104893055061825,0.4243822638839516,0.1519226250014352,0.3065156999765424,0.2218859229857775,0.23158931055181672,0.12932876982749542,0.3707035857790115,0.3707035857790115,0.2599038003427029,0.25159998273929723,0.2599038003427029,0.3015177573851648,0.23158931055181672,0.12963930016629913
270,24,0.002317006529359829,0.0010691460145428999,0.003969575216252676,0.2794339124105745,0.11883602515244086,0.472350408560289,34,False,7,0,36,0,0,0,0,6488,6384,6347,6479,6398,6042,6466,6427,6250,6490,6492,6100,6294,6495,6126,6304,6471,6281,6340,6191,6438,6456,6416,6499,0.0037804954716724585,0.003869774078102602,0.0032037765902092853,0.0022499444683314086,0.0014856754728267084,0.0014219510281007616,0.0014825413899064415,0.0018363203465814337,0.0022510846088992027,0.003969575216252676,0.002158872154082275,0.0014825413899064415,0.0019530983504203933,0.0010977689855163192,0.0017899354215878882,0.001883678889198687,0.0017899354215878882,0.002901063171621718,0.0019530983504203933,0.0010691460145428999,0.0037804954716724585,0.003969575216252676,0.0023441303077441945,0.001883678889198687,0.39596151967140003,0.3890170752269556,0.17248128887636122,0.35201262338384703,0.2027671365178957,0.12490124448032923,0.20339542940362937,0.23063331751102245,0.26095280455144065,0.472350408560289,0.3643060583118305,0.20339542940362937,0.21229020133916532,0.20188470567520414,0.2382451503141443,0.3139666508443558,0.2382451503141443,0.2763912776030677,0.21229020133916532,0.11883602515244086,0.39596151967140003,0.472350408560289,0.33981162029742723,0.3139666508443558
271,24,0.002472948936790234,0.0010455988122555007,0.004396761945406631,0.2805903646043185,0.10893302305640412,0.5163212078469316,35,False,8,0,36,0,0,0,0,6488,6384,6513,6479,6398,6042,6466,6427,6250,6490,6347,6492,6100,6294,6495,6126,6511,6340,6516,6191,6438,6456,6510,6281,0.003995646571322494,0.004082058408965093,0.004396761945406631,0.00234889759110998,0.0014875159039270359,0.001392997987216232,0.0015229278985158788,0.0019007904936444715,0.002290906384807607,0.004396761945406631,0.0031806496684966155,0.002261593848132825,0.0014846391826426814,0.0020113081465261656,0.0010988572545417086,0.0018100503962917057,0.0019007904936444715,0.0019607408109150472,0.0020113081465261656,0.0010455988122555007,0.003995646571322494,0.004286220685341846,0.0015229278985158788,0.002965177437490453,0.36296472636545,0.3565989856247093,0.5163212078469316,0.32267823810185975,0.1858698751414044,0.11449280744030178,0.26977914361999356,0.2947472077184372,0.23920673750548727,0.5163212078469316,0.15810784813666445,0.33394722011917793,0.18644581028666024,0.27793268456090153,0.18506098020227046,0.2183913877879656,0.2947472077184372,0.1945993512275682,0.27793268456090153,0.10893302305640412,0.36296472636545,0.4329878745135982,0.26977914361999356,0.25335867113614535
272,24,0.002552469074981912,0.0010197377890334685,0.004930268759234245,0.28758034153206485,0.0998552711350371,0.5566277738596873,36,False,10,0,36,0,0,0,0,6488,6537,6513,6479,6398,6042,6466,6542,6427,6250,6528,6384,6347,6531,6492,6100,6294,6495,6126,6511,6340,6516,6191,6490,0.004292101829449118,0.004930268759234245,0.004806314329162548,0.0024948617070072177,0.0014823264358943022,0.001360661912319713,0.0015537048664068106,0.001123009794502735,0.0019528128159785967,0.002317275217442805,0.004292101829449118,0.004267066343114985,0.003145002722254325,0.0024948617070072177,0.002349142562068404,0.0014796984291209167,0.002056646328241291,0.001123009794502735,0.0018202410595043834,0.0019528128159785967,0.0019586836644168216,0.002056646328241291,0.0010197377890334685,0.004930268759234245,0.4160509991683292,0.5566277738596873,0.47329444052635394,0.37912171826003815,0.1703807188796207,0.10495174015360996,0.24729754831832743,0.25297256518541456,0.27018494040856744,0.2192728427133633,0.4160509991683292,0.32688240348931685,0.14493219412527575,0.37912171826003815,0.30611828510924644,0.17090865942943856,0.2547716275141597,0.25297256518541456,0.2001921054723018,0.27018494040856744,0.17838273862527082,0.2547716275141597,0.0998552711350371,0.5566277738596873
273,24,0.002483684248874553,0.0009919909357317428,0.005450706658393008,0.2871935044627006,0.09153399854045068,0.5171865704824911,37,False,8,0,36,0,0,0,0,6554,6479,6398,6559,6542,6427,6568,6250,6488,6537,6563,6531,6492,6042,6466,6294,6495,6126,6511,6340,6516,6191,6528,6573,0.005324954745051483,0.002624438396684604,0.001470760466945253,0.0011697330337520667,0.0011697330337520667,0.001992503817930348,0.002143293604172023,0.002330896980451997,0.004561966576559106,0.005450706658393008,0.004537568515499251,0.002624438396684604,0.002421134671811618,0.001325529405585505,0.001575153883235044,0.002143293604172023,0.0011403241721634962,0.0018211819490823265,0.001992503817930348,0.0019477615224982013,0.002143293604172023,0.0009919909357317428,0.004561966576559106,0.002143293604172023,0.5171865704824911,0.34752824173836827,0.1561823256396523,0.31522485141996337,0.31522485141996337,0.24766952870785347,0.3168739918879797,0.20100010582058303,0.38138008257096845,0.5102421260380466,0.3829755365318738,0.34752824173836827,0.28060842801680924,0.0962057618074758,0.22668941929180014,0.3168739918879797,0.23189151808663,0.18350943001627662,0.24766952870785347,0.16351751040649826,0.3168739918879797,0.09153399854045068,0.38138008257096845,0.3168739918879797
274,24,0.002600092209400821,0.0009627525383774032,0.005948295730840516,0.27278480008674144,0.08390616532874645,0.4740876896089501,38,False,10,0,36,0,0,0,0,6554,6586,6479,6398,6559,6542,6427,6568,6583,6250,6488,6537,6563,6531,6492,6042,6466,6294,6495,6126,6511,6340,6516,6191,0.005822378089923203,0.004901627621654361,0.0027364226350512725,0.0014534928886381757,0.0012086597931885645,0.0012086597931885645,0.0020202209622385047,0.0022156420268613828,0.002392787996479908,0.002392787996479908,0.004801939879733197,0.005948295730840516,0.004901627621654361,0.0027364226350512725,0.0024775671467605195,0.0012881446106324595,0.0015877079617830539,0.0022156420268613828,0.0011510886243529701,0.0018136289618445726,0.0020202209622385047,0.0019288524949242567,0.0022156420268613828,0.0009627525383774032,0.4740876896089501,0.43439424182088426,0.3185675549268376,0.1431671318363479,0.28895611380163305,0.28895611380163305,0.22703040131553234,0.29046782589731474,0.26758343033553444,0.26758343033553444,0.34959840902338774,0.4677219488682094,0.43439424182088426,0.3185675549268376,0.2572243923487418,0.08818861499018614,0.2077986343508168,0.29046782589731474,0.21256722491274416,0.16821697751492024,0.22703040131553234,0.14989105120595672,0.29046782589731474,0.08390616532874645
275,24,0.0029082976195925502,0.0009323817642489761,0.006579887233437866,0.28999369581497164,0.07691398488468425,0.512078453129192,39,False,12,0,36,0,0,0,0,6611,6554,6586,6479,6398,6559,6542,6427,6604,6583,6250,6622,6488,6537,6563,6531,6492,6466,6495,6568,6511,6340,6516,6191,0.006579887233437866,0.006289878029486363,0.005236652045335628,0.002830134724991282,0.0014312011346403392,0.0012716992665402567,0.0012397268192956012,0.0020365167456329702,0.0012716992665402567,0.002439643185075169,0.002439643185075169,0.0023321894615924263,0.005009741650876026,0.006579887233437866,0.005236652045335628,0.002830134724991282,0.0025187636872904037,0.0015919166737297604,0.001155682494799015,0.002273554683318026,0.0020365167456329702,0.001902850607325495,0.0023321894615924263,0.0009323817642489761,0.512078453129192,0.43458038214153755,0.3981947216691439,0.29202025868293446,0.13123653751665224,0.3482097709848303,0.26487643765149693,0.20811120120590465,0.3482097709848303,0.24528481114090656,0.24528481114090656,0.3495955070725385,0.32046520827143876,0.512078453129192,0.3981947216691439,0.29202025868293446,0.23578902631967996,0.19048208148824872,0.1948532895033488,0.2662621737392052,0.20811120120590465,0.137400130272127,0.3495955070725385,0.07691398488468425
276,24,0.0031725852427845723,0.000901202363334444,0.007184252180119924,0.27462821894345546,0.07050448614429389,0.4694052487017593,40,False,13,0,36,0,0,0,0,6611,6554,6586,6626,6479,6398,6559,6542,6427,6604,6583,6250,6622,6488,6537,6563,6531,6492,6466,6495,6568,6511,6340,6191,0.007184252180119924,0.00672013920744465,0.005680965330499136,0.005680965330499136,0.0029053721020701785,0.0014045498675450694,0.001326215547534384,0.0012630449352332436,0.0020420939370583823,0.001326215547534384,0.002471928699925321,0.002471928699925321,0.002433111925480403,0.005184060982294455,0.007184252180119924,0.005538137250695135,0.0029053721020701785,0.0025453174703407564,0.0015884136438528214,0.0011545521057355701,0.0023172173633818393,0.0020420939370583823,0.0018706431170766884,0.000901202363334444,0.4694052487017593,0.3983653502964094,0.44834516153004855,0.44834516153004855,0.26768523712602327,0.12030015939026455,0.3191922900694278,0.24280340118053884,0.19076860110541258,0.3191922900694278,0.22484441021249768,0.22484441021249768,0.32046254814982694,0.29375977424881883,0.4694052487017593,0.3650118281967152,0.26768523712602327,0.21613994079303997,0.1746085746975613,0.17861551537806972,0.24407365926093808,0.19076860110541258,0.12595011941611642,0.07050448614429389
277,24,0.003226944617683712,0.0008695032397186103,0.007750929804453618,0.2780704606017911,0.06462911229893606,0.4943163980692111,41,False,14,0,36,0,0,0,0,6611,6554,6586,6626,6650,6479,6655,6559,6542,6427,6604,6583,6250,6622,6649,6398,6466,6495,6568,6669,6511,6340,6191,6488,0.007750929804453618,0.007290670090157099,0.006250157959332428,0.006093019514038535,0.006250157959332428,0.0029623491010939205,0.0013118525026526138,0.0013718734312328771,0.0013118525026526138,0.0020377638153447537,0.0013718734312328771,0.0024903428564172245,0.0024903428564172245,0.002517772787392962,0.007290670090157099,0.0013741790530152906,0.001577887335323938,0.0011481888739906933,0.0023470863830506255,0.0020903175675659066,0.0020903175675659066,0.0018330924876106952,0.0008695032397186103,0.005324469614659149,0.43028814464327936,0.44850157110504196,0.4943163980692111,0.4109830647358778,0.4943163980692111,0.24537813403218797,0.3059031177488273,0.2925929325636421,0.3059031177488273,0.17487121767996153,0.2925929325636421,0.20610737602812287,0.20610737602812287,0.29375733580400804,0.44850157110504196,0.1102751461077425,0.16005786013943119,0.16373088909656391,0.2237341876558599,0.25820455101329487,0.25820455101329487,0.11545427613144005,0.06462911229893606,0.26927979306141725
278,24,0.0034828691511347275,0.0008375396784313815,0.00827118491405759,0.2686876429074747,0.059243352940691385,0.4944597735129551,42,False,14,0,36,0,0,0,0,6611,6554,6586,6626,6650,6479,6655,6559,6542,6427,6604,6583,6250,6622,6649,6398,6466,6495,6568,6669,6511,6340,6191,6673,0.00827118491405759,0.008021495181615605,0.006790370752895783,0.00646693020885325,0.006790370752895783,0.0030016304098607967,0.0013519742130084712,0.0014085697547691427,0.0013519742130084712,0.0020244086128106045,0.0014085697547691427,0.0024957617371710503,0.0024957617371710503,0.002585964091248842,0.007819822633501929,0.0013406950807798846,0.0015610556454344286,0.0011371101210961808,0.0023638353661238278,0.0021256584797405835,0.0021256584797405835,0.0017910226266334805,0.0008375396784313815,0.008021495181615605,0.3944307992563394,0.4944597735129551,0.45312336489677685,0.37673447600788795,0.45312336489677685,0.2249299561961723,0.28041119126975833,0.2682101881833386,0.28041119126975833,0.16029861620663138,0.2682101881833386,0.18893176135911263,0.18893176135911263,0.2692775578203407,0.4111264401796218,0.10108555059876395,0.1467197051278119,0.15008664833851693,0.20508967201787157,0.23668750509552028,0.23668750509552028,0.10583308645382004,0.059243352940691385,0.4944597735129551
279,24,0.0035729209150307585,0.0008055350448090017,0.008738157603954444,0.24874499810769993,0.054306406862300434,0.4532547923868755,43,False,15,0,36,0,0,0,0,6699,6611,6554,6586,6626,6650,6479,6655,6559,6542,6427,6604,6583,6250,6622,6649,6398,6466,6495,6568,6669,6511,6340,6191,0.006973585239089749,0.008738157603954444,0.008715157930247259,0.007292646307874115,0.006973585239089749,0.007292646307874115,0.003024062935251659,0.0013834099730151205,0.001436404279477819,0.0013834099730151205,0.0020029488392506564,0.001436404279477819,0.0024891886634132287,0.0024891886634132287,0.0026378534206254753,0.008300035468609407,0.0013046645460046149,0.0015386445018680127,0.001121842771913798,0.0023683037874984536,0.0021486086402371877,0.0021486086402371877,0.0017452089044909822,0.0008055350448090017,0.4286732696738973,0.36156156598497774,0.4532547923868755,0.4153630844887121,0.4286732696738973,0.4153630844887121,0.20618579317982458,0.25704359199727844,0.24585933916806035,0.25704359199727844,0.1469403981894121,0.24585933916806035,0.17318744791251992,0.17318744791251992,0.2468377613353123,0.37686590349798665,0.09266175471553362,0.13449306303382758,0.1375794276436405,0.18799886601638227,0.21696354633756024,0.21696354633756024,0.09701366258266837,0.054306406862300434
280,24,0.0037077926567002043,0.0007736828037441277,0.009360152235321275,0.22801624826539157,0.04978087295710873,0.4154835596879692,44,False,15,0,36,0,0,0,0,6699,6611,6554,6586,6626,6650,6479,6655,6559,6542,6427,6604,6583,6250,6622,6649,6398,6466,6495,6568,6669,6511,6340,6191,0.007438298496263604,0.00914689546092301,0.009360152235321275,0.007749676131371642,0.007438298496263604,0.007749676131371642,0.00303070973429868,0.0014063418448845052,0.0014556474534535456,0.0014063418448845052,0.00197431573657181,0.0014556474534535456,0.00247170892809429,0.00247170892809429,0.002673924814737606,0.008725603026932155,0.0012666102915690608,0.0015113704022206647,0.001102909941571682,0.0023614492786192985,0.0021598414478137392,0.0021598414478137392,0.0016963714305328786,0.0007736828037441277,0.3929504972010725,0.3314314354862296,0.4154835596879692,0.38074949411465275,0.3929504972010725,0.38074949411465275,0.18900364374817252,0.2356232926641719,0.22537106090405531,0.2356232926641719,0.13469536500696108,0.22537106090405531,0.1587551605864766,0.1587551605864766,0.22626794789070293,0.3454604115398211,0.08493994182257247,0.1232853077810086,0.12611447534000378,0.17233229384835042,0.1988832508094302,0.1988832508094302,0.08892919070077934,0.04978087295710873
281,24,0.003821548568539184,0.0007421487342275779,0.009947088215374664,0.2090148942432756,0.04563246687734967,0.38085992971397176,45,False,15,0,36,0,0,0,0,6699,6611,6554,6586,6626,6650,6479,6655,6559,6542,6427,6604,6583,6250,6622,6649,6398,6466,6495,6568,6669,6511,6340,6191,0.007854990748461915,0.009494289022393288,0.009947088215374664,0.008155891996179826,0.007854990748461915,0.008155891996179826,0.0030227886303679655,0.001421102075520922,0.001466707358094744,0.001421102075520922,0.0019394287952166102,0.001466707358094744,0.002444450550836738,0.002444450550836738,0.002694918012237797,0.009092654841197312,0.0012270093223558825,0.001479926665662325,0.0010808202710907765,0.0023443049821280353,0.00216016581509817,0.00216016581509817,0.0016451710643035516,0.0007421487342275779,0.36020462243431645,0.3038121491957105,0.38085992971397176,0.34902036960509836,0.36020462243431645,0.34902036960509836,0.17325334010249147,0.21598801827549088,0.20659013916205068,0.21598801827549088,0.12347075125638099,0.20659013916205068,0.14552556387093687,0.14552556387093687,0.20741228556647767,0.31667204391150267,0.0778616133373581,0.11301153213259121,0.11560493572833679,0.15797126936098788,0.182309646575311,0.182309646575311,0.08151842480904772,0.04563246687734967
282,24,0.0039704810971051,0.000711073239698855,0.010468809956995676,0.21005668921213672,0.0418297613042372,0.3491216022378074,46,False,16,0,36,0,0,0,0,6699,6611,6554,6586,6626,6650,6774,6479,6779,6559,6542,6427,6604,6583,6250,6622,6649,6655,6466,6495,6568,6669,6340,6191,0.008219292911941952,0.009778933600289001,0.010468809956995676,0.008507457016924395,0.008219292911941952,0.008507457016924395,0.003079028661114207,0.003079028661114207,0.001508011312350209,0.0014700976220642715,0.0014281412428283826,0.0018991780390414904,0.001508011312350209,0.0024085513110329838,0.0024085513110329838,0.002701769343967468,0.009399052304382977,0.0014281412428283826,0.0014449730542209014,0.0010560597802135537,0.00231794264643015,0.002150484167573112,0.001592207663260678,0.000711073239698855,0.3301875705647901,0.2784944700960679,0.3491216022378074,0.3199353388046735,0.3301875705647901,0.3199353388046735,0.24214889509395052,0.24214889509395052,0.27270762756521316,0.1893742942318798,0.1979890167525333,0.11318152198501591,0.27270762756521316,0.13339843354835879,0.13339843354835879,0.19012792843593787,0.2902827069188774,0.1979890167525333,0.10359390445487528,0.10597119108430872,0.14480699691423887,0.16711717602736842,0.07472522274162707,0.0418297613042372
283,24,0.004358595580710347,0.0006805736766629616,0.010920384446163257,0.21589731729729641,0.03834394786221743,0.376607393904284,47,False,16,0,36,0,0,0,0,6699,6611,6554,6586,6626,6650,6774,6479,6779,6559,6542,6427,6604,6583,6250,6622,6649,6795,6655,6811,6495,6568,6669,6191,0.008528484870028809,0.010000940332994658,0.010920384446163257,0.009029184027301776,0.008528484870028809,0.00880217665411945,0.003117036571842782,0.003117036571842782,0.0015397492861721675,0.0014664075843812535,0.001427998009517869,0.001854410641145,0.0015397492861721675,0.002365131939005744,0.002365131939005744,0.002695556670523652,0.009644225533382554,0.009029184027301776,0.001427998009517869,0.0010556259903993501,0.0010556259903993501,0.0022834416799447027,0.002131755329193837,0.0006805736766629616,0.3026719396843909,0.25528659758806227,0.3200281353846568,0.376607393904284,0.3026719396843909,0.2932740605709507,0.22196982050278796,0.22196982050278796,0.2499819919347787,0.1735931030458898,0.18148993202315553,0.10374972848626458,0.2499819919347787,0.12228189741932888,0.12228189741932888,0.1742839343996097,0.2660924813423043,0.376607393904284,0.18148993202315553,0.180473591827283,0.180473591827283,0.13273974717138562,0.15319074469175437,0.03834394786221743
284,24,0.004449396069963745,0.0006507466427843878,0.011298987613471895,0.19790587418918837,0.035148618873699314,0.3452234444122603,48,False,16,0,36,0,0,0,0,6699,6611,6554,6586,6626,6650,6774,6479,6779,6559,6542,6427,6604,6583,6250,6622,6649,6795,6655,6811,6495,6568,6669,6191,0.00878136914700837,0.010161717277969532,0.011298987613471895,0.009491449936883906,0.00878136914700837,0.009039350950973746,0.0031377289712796633,0.0031377289712796633,0.001562179795351252,0.0014562755399951325,0.0014212715093219236,0.001805921353647736,0.001562179795351252,0.0023152750826338805,0.0023152750826338805,0.0026774499310829956,0.009828971729373647,0.009491449936883906,0.0014212715093219236,0.001050354480282863,0.001050354480282863,0.00224186403415595,0.002104962760151157,0.0006507466427843878,0.27744927804402497,0.23401271445572375,0.29335912410260206,0.3452234444122603,0.27744927804402497,0.26883455552337143,0.20347233546088897,0.20347233546088897,0.22915015927354715,0.15912701112539898,0.1663657710212259,0.09510391777907587,0.22915015927354715,0.11209173930105147,0.11209173930105147,0.15976027319964223,0.24391810789711224,0.3452234444122603,0.1663657710212259,0.16543412584167608,0.16543412584167608,0.12167810157377014,0.14042484930077484,0.035148618873699314
285,24,0.004475029311003475,0.0006216701813859624,0.011603714844399251,0.19399471467885823,0.03221956730089104,0.3376618382070229,49,False,12,0,36,0,0,0,0,6844,6650,6774,6479,6779,6559,6542,6427,6604,6583,6250,6622,6699,6611,6840,6626,6795,6655,6811,6495,6568,6669,6191,6554,0.009209644312294133,0.00921958832585372,0.003142236536338307,0.003142236536338307,0.0015757161341704816,0.001440365524613806,0.0014085969874232276,0.001754446204496558,0.0015757161341704816,0.0022600095003818786,0.0022600095003818786,0.002648668171436144,0.009209644312294133,0.01026373823348775,0.009209644312294133,0.009209644312294133,0.009890061467456284,0.0014085969874232276,0.0010407160908634525,0.0010407160908634525,0.002194234541138816,0.0020710882222838845,0.0006216701813859624,0.011603714844399251,0.3376618382070229,0.2464316758964238,0.18651630750581488,0.18651630750581488,0.21005431266741822,0.14586642686494905,0.15250195676945708,0.08717859129748622,0.21005431266741822,0.10275076102596384,0.10275076102596384,0.14644691709967203,0.3376618382070229,0.21451165491774676,0.3376618382070229,0.3376618382070229,0.316454824044572,0.15250195676945708,0.15164794868820305,0.15164794868820305,0.11153825977595595,0.12872277852571026,0.03221956730089104,0.2689125304273852
286,24,0.004625893272358015,0.0005934058722104388,0.01183534205251643,0.19976356589671154,0.02953460335915012,0.30952335168977096,50,False,10,0,36,0,0,0,0,6844,6650,6774,6479,6779,6872,6604,6583,6250,6622,6699,6611,6840,6626,6795,6655,6559,6869,6427,6568,6669,6191,6554,6885,0.009576117648241343,0.009344598893014705,0.003131841279083715,0.003131841279083715,0.0015808915479701147,0.0016216626040046337,0.0016216626040046337,0.0022002988421392193,0.0022002988421392193,0.0026104433634965155,0.009576117648241343,0.010310313383486125,0.009576117648241343,0.009576117648241343,0.010222707355497719,0.0013906249876833139,0.0014559526534261014,0.0014559526534261014,0.0017006589204454456,0.002141526177902576,0.0020834723160481385,0.0005934058722104388,0.01183534205251643,0.0020834723160481385,0.30952335168977096,0.22589570290505515,0.1709732818803303,0.1709732818803303,0.19254978661180003,0.27588311994513337,0.27588311994513337,0.09418819760713351,0.09418819760713351,0.13424300734136602,0.30952335168977096,0.19663568367460119,0.30952335168977096,0.30952335168977096,0.2900835887075243,0.13979346037200233,0.2170442246262033,0.2170442246262033,0.07991370868936236,0.10224340479462629,0.20132921364856776,0.02953460335915012,0.24650315289176977,0.20132921364856776
287,24,0.004689124120026392,0.0005660007887481897,0.011996060400701482,0.19006104651643008,0.027073386412554273,0.2837297390489567,51,False,10,0,36,0,0,0,0,6844,6650,6774,6479,6779,6872,6604,6583,6250,6622,6699,6611,6840,6626,6795,6655,6559,6869,6427,6568,6908,6191,6554,6669,0.009879005970321474,0.009416982191427031,0.003107920627023167,0.003107920627023167,0.0015783266004536748,0.0016572658804274512,0.0016572658804274512,0.002137034348366929,0.002137034348366929,0.002563990911480427,0.009879005970321474,0.01030537224574685,0.009879005970321474,0.009879005970321474,0.010488780542745801,0.0013680041252139062,0.0014635973667792973,0.0014635973667792973,0.0016451695659692425,0.0020846496485522163,0.0021389907665575053,0.0005660007887481897,0.011996060400701482,0.0021389907665575053,0.2837297390489567,0.20707106099630054,0.15672550839030278,0.15672550839030278,0.1765039710608167,0.25289285994970556,0.25289285994970556,0.08633918113987238,0.08633918113987238,0.12305609006291884,0.2837297390489567,0.18024937670171776,0.2837297390489567,0.2837297390489567,0.2659099563152306,0.12814400534100212,0.198957205907353,0.198957205907353,0.07325423296524883,0.09372312106174076,0.26788511251118713,0.027073386412554273,0.2259612234841223,0.26788511251118713
288,24,0.00466019153378779,0.0005534026932911202,0.012089203786956354,0.17196940032379363,0.06714971355147809,0.2600855941282103,52,False,11,0,36,0,0,0,0,6844,6650,6774,6479,6779,6872,6604,6583,6250,6933,6622,6699,6611,6840,6626,6795,6655,6559,6869,6427,6568,6908,6191,6554,0.010118110521413886,0.009440020862702262,0.0030718991694845274,0.0030718991694845274,0.0015686997185226728,0.001682779761072899,0.001682779761072899,0.002071030809456234,0.002071030809456234,0.0005534026932911202,0.002510486447452729,0.010118110521413886,0.010253266074016016,0.010118110521413886,0.010118110521413886,0.01068915867258382,0.0013413672986027285,0.0014638474936132205,0.0014638474936132205,0.0015885249337176967,0.0020244466486138033,0.002181060428247346,0.0005534026932911202,0.012089203786956354,0.2600855941282103,0.1898151392466088,0.14366504935777755,0.14366504935777755,0.16179530680574863,0.23181845495389675,0.23181845495389675,0.07914424937821635,0.07914424937821635,0.1081506042115081,0.11280141589100894,0.2600855941282103,0.16522859530990794,0.2600855941282103,0.2600855941282103,0.2437507932889614,0.11746533822925194,0.1823774387484069,0.1823774387484069,0.06714971355147809,0.08591286097326235,0.24556135313525485,0.1081506042115081,0.20713112152711208
289,24,0.004619652879579858,0.0005395969984202752,0.010825963271387247,0.16660562806976945,0.06155390408885491,0.3217451279508594,53,False,11,0,36,0,0,0,0,6844,6650,6774,6479,6779,6872,6604,6583,6250,6933,6622,6699,6611,6840,6626,6950,6795,6655,6559,6869,6427,6568,6908,6191,0.010294599443520937,0.009417488590821295,0.003025208312951258,0.003025208312951258,0.0015527214768442292,0.001698630133203494,0.001698630133203494,0.0020030251671905334,0.0020030251671905334,0.0005395969984202752,0.0024510483318820318,0.010294599443520937,0.010158593995167772,0.010294599443520937,0.010560096271120305,0.010560096271120305,0.010825963271387247,0.001311321072553469,0.0014573143466354741,0.0014573143466354741,0.0015312102760462953,0.0019616861885638046,0.0022100951170449467,0.0005395969984202752,0.2384117946175261,0.17399721097605808,0.1316929619112961,0.1316929619112961,0.14831236457193625,0.21250025037440534,0.21250025037440534,0.07254889526336498,0.07254889526336498,0.0991380538605491,0.10340129790009152,0.2384117946175261,0.15145954570074893,0.2384117946175261,0.3217451279508594,0.3217451279508594,0.22343822718154793,0.10767656004348095,0.16717931885270632,0.16717931885270632,0.06155390408885491,0.07875345589215715,0.22509790704065027,0.0991380538605491
290,24,0.004972489610933477,0.0005248092381680703,0.01093146432588795,0.17522044896702238,0.05642441208145033,0.29493303395495446,54,False,11,0,36,0,0,0,0,6844,6650,6774,6479,6779,6872,6604,6583,6250,6933,6622,6699,6611,6840,6626,6950,6795,6965,6427,6568,6908,6191,6961,6983,0.010410774234372854,0.009594703106222933,0.0029692536367322254,0.0029692536367322254,0.001531112847001918,0.001749358721097759,0.001705377191113519,0.0019336771977254768,0.0019336771977254768,0.0005248092381680703,0.002386725172574178,0.010410774234372854,0.010026054829366552,0.010410774234372854,0.01093146432588795,0.01093146432588795,0.010902314351458194,0.001749358721097759,0.001473652023870805,0.0018970633927513996,0.002226716891758386,0.000538344022944583,0.009594703106222933,0.000538344022944583,0.2185441450660656,0.24283077672805325,0.12071854841868808,0.12071854841868808,0.13595300085760822,0.27812522950987156,0.19479189617653822,0.0665031539914179,0.0665031539914179,0.09087654937217,0.09478452307508389,0.2185441450660656,0.13883791689235317,0.2185441450660656,0.29493303395495446,0.29493303395495446,0.20481837491641894,0.27812522950987156,0.05642441208145033,0.07219066790114405,0.20633974812059608,0.17420988270550336,0.24283077672805325,0.17420988270550336
291,24,0.005448370381267174,0.0005092469844079486,0.011231229753696718,0.17620095629604196,0.05172237774132947,0.3059282120007155,55,False,12,0,36,0,0,0,0,6844,6985,6650,6774,6479,6779,6872,6604,6583,6250,6933,6622,6699,6611,6840,6626,6950,6997,6795,6965,6427,6568,6908,6191,0.010469835305158673,0.009965545518837614,0.009965545518837614,0.0029053894291807404,0.0029053894291807404,0.0015045873806354966,0.0017888886063877503,0.0017036798416329253,0.0018635717820713674,0.0018635717820713674,0.0005092469844079486,0.002318487637914318,0.010469835305158673,0.009860324749050315,0.010739851450445115,0.011231229753696718,0.011231229753696718,0.010739851450445115,0.010922093305673154,0.0017888886063877503,0.0014162211948658256,0.001831200245172874,0.0022317073810746335,0.0005347167384287104,0.2003321329772268,0.3059282120007155,0.3059282120007155,0.1106586693837974,0.1106586693837974,0.1246235841194742,0.25494812705071557,0.1785592381618267,0.06096122449213307,0.06096122449213307,0.08330350359115583,0.0868858128188269,0.2003321329772268,0.12726809048465706,0.2836654663105601,0.27035528112537494,0.27035528112537494,0.2836654663105601,0.18775017700671734,0.25494812705071557,0.05172237774132947,0.06617477890938205,0.1891447691105464,0.15969239248004474
292,24,0.005493172530127062,0.0004930991513572688,0.011460051726449488,0.1712464087927593,0.05588112245112198,0.2804341943339892,56,False,11,0,36,0,0,0,0,6844,6985,6650,6774,7013,6872,6604,6583,6250,6933,6622,6699,6611,6840,6626,6950,6997,6795,6479,6779,6965,6568,6908,6191,0.010475658057381333,0.010270404052371113,0.010270404052371113,0.002834899690913078,0.0015118472463410025,0.0018174747962397075,0.001694263424861676,0.0017932223394370266,0.0017932223394370266,0.0004930991513572688,0.0022472238499097645,0.010475658057381333,0.009665959639904574,0.010999593283502133,0.011460051726449488,0.011460051726449488,0.010999593283502133,0.010889723266199185,0.002834899690913078,0.0015118472463410025,0.0018174747962397075,0.0017646478170202562,0.0022259625469791566,0.0005289586415478413,0.18363778856245788,0.2804341943339892,0.2804341943339892,0.10143711360181427,0.19757161877618468,0.23370244979648927,0.16367930164834113,0.05588112245112198,0.05588112245112198,0.07636154495855951,0.079645328417258,0.18363778856245788,0.11666241627760231,0.2600266774513468,0.247825674364927,0.247825674364927,0.2600266774513468,0.1721043289228242,0.10143711360181427,0.19757161877618468,0.23370244979648927,0.060660214000266874,0.17338270501800085,0.14638469310670768
293,24,0.005507484436347114,0.0004765358802020835,0.011619977382769814,0.15697587472669602,0.05122436224686181,0.2570646781394901,57,False,11,0,36,0,0,0,0,6844,6985,6650,6774,7013,6872,6604,6583,6250,6933,6622,6699,6611,6840,6626,6950,6997,6795,6479,6779,6965,6568,6908,6191,0.010432587433055621,0.01050927658209622,0.01050927658209622,0.002758984791062434,0.0015115188957337134,0.0018355622403078457,0.0016778914119668805,0.001723075066621466,0.001723075066621466,0.0004765358802020835,0.0021737376840050464,0.010432587433055621,0.009447320166472279,0.011191273116631036,0.011619977382769814,0.011619977382769814,0.011191273116631036,0.010809972816820133,0.002758984791062434,0.0015115188957337134,0.0018355622403078457,0.0016978895767720374,0.0022104521409270187,0.0005213157786089637,0.1683346395155864,0.2570646781394901,0.2570646781394901,0.09298402080166308,0.1811073172115026,0.21422724564678183,0.1500393598443127,0.05122436224686181,0.05122436224686181,0.06999808287867955,0.07300821771581982,0.1683346395155864,0.10694054825446878,0.23835778766373453,0.2271735348345164,0.2271735348345164,0.23835778766373453,0.15776230151258885,0.09298402080166308,0.1811073172115026,0.21422724564678183,0.0556051961669113,0.15893414626650076,0.1341859686811487
294,24,0.005494641300937276,0.0004597088749993351,0.011714177657436134,0.1556324800671467,0.04695566539295666,0.24934837411054406,58,False,11,0,36,0,0,0,0,6844,6985,6650,6774,7013,6872,6604,6583,6250,6933,6622,6699,6611,6840,6626,6950,6997,6795,6479,6779,6965,7060,6908,6191,0.010345255867444947,0.01068354500474416,0.01068354500474416,0.0026787529327851555,0.0015430319227062238,0.0018437448385025025,0.0016553413658484581,0.0016535136900810356,0.0016535136900810356,0.0004597088749993351,0.002098749363875503,0.010345255867444947,0.009208517038747048,0.011317395691503758,0.011714177657436134,0.011714177657436134,0.011317395691503758,0.010687786206968463,0.0026787529327851555,0.001504237761190536,0.0018437448385025025,0.0015430319227062238,0.0021861845390408812,0.0005120308614165391,0.15430675288928752,0.2356426216278659,0.2356426216278659,0.0852353524015245,0.24934837411054406,0.19637497517621666,0.13753607985728664,0.04695566539295666,0.04695566539295666,0.06416490930545625,0.06692419957283484,0.15430675288928752,0.09802883589992971,0.21849463869175664,0.20824240693164003,0.20824240693164003,0.21849463869175664,0.14461544305320645,0.0852353524015245,0.16601504077721072,0.19637497517621666,0.24934837411054406,0.1456896340776257,0.12300380462438631
295,24,0.005471469361048874,0.0004427520775100231,0.011746689707669825,0.14960755117266222,0.04304269327687694,0.22856934293466538,59,False,11,0,36,0,0,0,0,6844,6985,6650,6774,7013,6872,6604,6583,6250,6933,6622,6699,6611,6840,6626,6950,6997,6795,7083,6779,6965,7060,6908,6191,0.010218427083922942,0.010795732368799877,0.010795732368799877,0.002662145990499369,0.0015652324430943756,0.0018427266726287197,0.0016273851634824844,0.0015848644946862126,0.0015848644946862126,0.0004427520775100231,0.0020228978110134084,0.010218427083922942,0.008953373746027006,0.011381442270634267,0.011746689707669825,0.011746689707669825,0.011381442270634267,0.010528141052339839,0.002662145990499369,0.0014906769215521137,0.0018427266726287197,0.0015652324430943756,0.002154177190622469,0.0005013386387544509,0.1414478568151802,0.2160057364922104,0.2160057364922104,0.16146573970139746,0.22856934293466538,0.18001039391153192,0.12607473986917941,0.04304269327687694,0.04304269327687694,0.058817833530001556,0.06134718294176526,0.1414478568151802,0.08985976624160223,0.20028675213411024,0.19088887302067004,0.19088887302067004,0.20028675213411024,0.1325641561321059,0.16146573970139746,0.1521804540457765,0.18001039391153192,0.22856934293466538,0.13354883123782355,0.11275348757235412
296,24,0.0053947547581032,0.0004257825853098527,0.011722176530223958,0.1501199067539888,0.039455802170470525,0.29285523102344324,60,False,12,0,36,0,0,0,0,6844,6985,6650,7116,7108,7013,6872,6604,6583,6250,6933,6622,6699,6840,6626,6950,6997,6795,7083,6779,6965,7060,6908,6191,0.010056866234364926,0.01084926088202561,0.01084926088202561,0.008909399815364536,0.0016192487808321637,0.0016192487808321637,0.0018332867320701087,0.001594773273303555,0.0015174014437122913,0.0015174014437122913,0.0004257825853098527,0.00194674428398169,0.010056866234364926,0.011387627261800872,0.011722176530223958,0.011722176530223958,0.011387627261800872,0.010335932897892192,0.0026347870504864874,0.001471525163196388,0.0018332867320701087,0.0015785384119711536,0.002115432576271874,0.0004894624066392187,0.1296605354139152,0.19800525845119285,0.19800525845119285,0.16570478572146874,0.29285523102344324,0.29285523102344324,0.1650095277522376,0.11556851154674778,0.039455802170470525,0.039455802170470525,0.053916347402501424,0.056234917696618154,0.1296605354139152,0.1835961894562677,0.1749814669356142,0.1749814669356142,0.1835961894562677,0.12151714312109707,0.14801026139294768,0.1394987495419618,0.1650095277522376,0.20952189769010993,0.12241976196800491,0.10335736360799128
297,24,0.005340505046328686,0.0004194472737975967,0.011645710733674822,0.1426659868221967,0.036167818656264644,0.2684506284381563,61,False,12,0,36,0,0,0,0,6844,6985,6650,7116,7108,7013,6872,6604,6583,6250,6933,6622,6699,6840,6626,6950,6997,6795,7083,6779,6965,7060,6908,7138,0.009865235471635078,0.010848222121873207,0.010848222121873207,0.008828313554163743,0.0016626843115870238,0.0016626843115870238,0.0018162478919690138,0.0015582227456551264,0.0014513512480966472,0.0014513512480966472,0.0004194472737975967,0.0018707769158778087,0.009865235471635078,0.011340674942107259,0.011645710733674822,0.011645710733674822,0.011340674942107259,0.010115884903236004,0.0025978998932279667,0.00144746883467412,0.0018162478919690138,0.0015834869396200582,0.002070919335952343,0.0004194472737975967,0.11885549079608893,0.18150482024692677,0.18150482024692677,0.151896053578013,0.2684506284381563,0.2684506284381563,0.15125873377288446,0.10593780225118546,0.036167818656264644,0.036167818656264644,0.13275665178562632,0.051548674555233306,0.11885549079608893,0.16829650700157872,0.160399678024313,0.160399678024313,0.16829650700157872,0.11139071452767231,0.13567607294353537,0.1278738537467983,0.15125873377288446,0.19206173954926742,0.11221811513733783,0.13275665178562632
298,24,0.005287383506124579,0.00041181179182922946,0.01153564523963081,0.14894436488023846,0.03315383376824259,0.2497127518930162,62,False,12,0,36,0,0,0,0,6844,6985,6650,7116,7108,7013,6872,6604,6583,6250,7175,6622,6699,6840,6626,7154,6795,7083,6779,6965,7060,6908,6933,7165,0.009648013078940695,0.010797167237920494,0.011075625245388854,0.00871419591128157,0.0016956545448801887,0.0016956545448801887,0.001792450486633767,0.001518408496164761,0.001386898279672137,0.001386898279672137,0.0004224323822561336,0.001795415827646062,0.009648013078940695,0.01153564523963081,0.011522586365512242,0.011075625245388854,0.009872480208978745,0.0025526950737729003,0.0014191773367995862,0.001792450486633767,0.0015807016870522084,0.002021558077483062,0.00041181179182922946,0.01153564523963081,0.1089508665630815,0.16637941855968286,0.2497127518930162,0.13923804911317858,0.2460797427349766,0.2460797427349766,0.13865383929181074,0.09710965206358667,0.03315383376824259,0.03315383376824259,0.2050269308034908,0.04725295167563053,0.1089508665630815,0.23760513141811382,0.14703303818895358,0.2497127518930162,0.10210815498369961,0.12436973353157409,0.11721769926789843,0.13865383929181074,0.17605659458682846,0.10286660554255968,0.12169359747015746,0.23760513141811382
299,24,0.005178454275152994,0.00040306439920274786,0.011663189777427915,0.15842369436288853,0.030391014287555706,0.3089064308403952,63,False,11,0,36,0,0,0,0,6844,6985,6650,7116,7180,6872,6604,6583,6250,7175,6622,6699,6840,6626,7154,6795,7108,7013,6965,7060,6908,6933,7165,7186,0.009409433696173463,0.010700921872693793,0.011236123565070564,0.008571111325100514,0.0017627962893294105,0.0017627305018686075,0.0014759574280630682,0.0013241892534421199,0.0013241892534421199,0.00043413837687151597,0.0017210185575135288,0.009409433696173463,0.011663189777427915,0.011358160249067346,0.011236123565070564,0.009609914171854677,0.0017627962893294105,0.001718476918510716,0.0017627305018686075,0.0015708634661981585,0.0019682112951001167,0.00040306439920274786,0.011663189777427915,0.00043413837687151597,0.0998716276828247,0.1525144670130426,0.2289033559019315,0.12763487835374704,0.3089064308403952,0.12709935268415984,0.08901718105828778,0.030391014287555706,0.030391014287555706,0.27127468656986653,0.04331520570266132,0.0998716276828247,0.21780470379993766,0.13478028500654077,0.2289033559019315,0.0935991420683913,0.3089064308403952,0.22557309750706186,0.12709935268415984,0.16138521170459275,0.09429438841401304,0.11155246434764433,0.21780470379993766,0.27127468656986653
300,24,0.004892975393930972,0.000393383834003451,0.01172692685258353,0.16758050784754897,0.027858429763592728,0.3664975616036956,64,False,12,0,36,0,0,0,0,6844,6985,6650,7116,7180,7216,6872,7220,6583,6250,7175,6622,7213,6840,6626,7154,6795,7108,7013,6965,7219,6604,6908,6933,0.009153446895944864,0.010564428025676968,0.01133270151005231,0.008403022216653185,0.0018182385386450678,0.00186513075300247,0.0017279021800459269,0.001960978778514479,0.0012633376286329933,0.0012633376286329933,0.00044309748342263774,0.0016478856020771251,0.01144547914044641,0.01172692685258353,0.01144547914044641,0.01133270151005231,0.009332063536815517,0.00186513075300247,0.0017316317709825414,0.0017279021800459269,0.0015947797778767246,0.0014314449382725324,0.001960978778514479,0.000393383834003451,0.0915489920425893,0.13980492809528905,0.20982807624343722,0.11699863849093478,0.28316422827036225,0.3664975616036956,0.11650773996047985,0.1697698560461786,0.027858429763592728,0.027858429763592728,0.2486684626890443,0.039705605227439544,0.20688192792266236,0.1996543118166095,0.20688192792266236,0.20982807624343722,0.08579921356269203,0.3664975616036956,0.20677533938147336,0.11650773996047985,0.23126977739587667,0.0815990826367638,0.1697698560461786,0.10225642565200731
301,24,0.004442929219883065,0.0003829373979138559,0.011472872745824017,0.16083189366307785,0.02553689394996,0.33595609813672095,65,False,12,0,36,0,0,0,0,6844,6985,6650,7116,7180,7216,6872,7220,6583,6250,7175,6622,7213,6626,7154,6795,7108,7013,6965,7242,7219,6604,6908,6933,0.008883691297309489,0.010392613154866495,0.011369203125509578,0.00821372327280683,0.001861950964762299,0.0019550755870442567,0.0016887446789338033,0.0019453452134512016,0.0012044276979424242,0.0012044276979424242,0.00044938700255740317,0.0015762659121957435,0.011472872745824017,0.011472872745824017,0.011369203125509578,0.009042469675069532,0.0019550755870442567,0.0017804886204004595,0.0016887446789338033,0.0017804886204004595,0.0016095538879830737,0.0013853933735173516,0.0019453452134512016,0.0003829373979138559,0.08391990937237352,0.12815451742068162,0.19234240322315077,0.10724875195002355,0.25956720924783205,0.33595609813672095,0.10679876163043986,0.1556223680423304,0.02553689394996,0.02553689394996,0.2279460907982906,0.03639680479181958,0.18964176726244047,0.18964176726244047,0.19234240322315077,0.07864927909913436,0.33595609813672095,0.2728773944330173,0.10679876163043986,0.2728773944330173,0.21199729594622027,0.07479915908370015,0.1556223680423304,0.09373505684767336
302,24,0.0048262130587737265,0.00037187971805740453,0.01164281567339464,0.16458541661309853,0.02340881945413,0.3334709448969325,66,False,13,0,36,0,0,0,0,6844,6985,6650,7250,7116,7180,7216,6872,7220,6583,6250,7175,6622,7213,6626,7154,6795,7108,7267,7242,7219,6604,6908,6933,0.008603481498054536,0.010190285410200684,0.01164281567339464,0.01164281567339464,0.00800679335486486,0.0018941536968825814,0.0020319016238985513,0.0016459923356117589,0.00192220423369763,0.0011475183497978332,0.0011475183497978332,0.00045312811204754124,0.0015063622270649368,0.01144493250251115,0.01144493250251115,0.011350097638800195,0.008744333199063868,0.0020319016238985513,0.0018649349567515573,0.0018649349567515573,0.001615719501259719,0.0013382720385586235,0.00192220423369763,0.00037187971805740453,0.0769265835913424,0.11747497430229148,0.2596472029545549,0.2596472029545549,0.09831135595418825,0.23793660847717937,0.30795975662532754,0.0978988648279032,0.1426538373721362,0.02340881945413,0.02340881945413,0.20895058323176638,0.03336373772583461,0.1738382866572371,0.1738382866572371,0.17631386962122153,0.07209517250753983,0.30795975662532754,0.3334709448969325,0.3334709448969325,0.19433085461736857,0.06856589582672513,0.1426538373721362,0.08592380211036724
303,24,0.004814722901293213,0.00036035207093923895,0.01184444536445828,0.1656266246803665,0.021458084499619164,0.3890150328221882,67,False,15,0,36,0,0,0,0,6844,6985,6650,7250,7116,7291,7278,7180,7216,6872,7220,6583,6250,7175,6622,7213,6626,7154,6795,7108,7267,6604,6908,6933,0.008315805302939858,0.009962052954194816,0.01184444536445828,0.01184444536445828,0.0077855626611733385,0.001986821897473969,0.0021492883109180162,0.0019152743322554987,0.0021492883109180162,0.0016003280463165927,0.0018924519068862654,0.001092646500220108,0.001092646500220108,0.00045447588257939116,0.001438336163187371,0.01136663507941861,0.01136663507941861,0.011280267944406702,0.008440517521122615,0.002095251944819187,0.0019368701832810896,0.0012904984025448735,0.0018924519068862654,0.00036035207093923895,0.07051603495873053,0.10768539311043385,0.2380099360416753,0.2380099360416753,0.09011874295800588,0.3890150328221882,0.3656297769065503,0.21810855777074775,0.3656297769065503,0.0897406260922446,0.13076601759112483,0.021458084499619164,0.021458084499619164,0.19153803462911917,0.030583426248681725,0.15935176276913401,0.15935176276913401,0.16162104715278638,0.06608724146524483,0.2822964435732169,0.3056816994888548,0.06285207117449804,0.13076601759112483,0.07876348526783664
304,24,0.004786491729544262,0.0004653085066151512,0.01197676205049022,0.16654843388399607,0.019669910791317566,0.3565971134203392,68,False,15,0,36,0,0,0,0,6844,6985,6650,7250,7116,7291,7278,7180,7216,6872,7220,6583,6250,7175,6622,7213,7312,7154,6795,7108,7267,6604,6908,7309,0.008023328982644408,0.009712264765585201,0.01197676205049022,0.01197676205049022,0.007553092745231032,0.002095811856299962,0.002252388943788874,0.0019259048373338635,0.002252388943788874,0.0015523792689742298,0.0018569666643507366,0.0010398301996674484,0.0010398301996674484,0.0004653085066151512,0.0013723130020802305,0.011243160739236622,0.011533120880457633,0.01116482601706495,0.008133559215478581,0.0021451026214531193,0.0019959836507894794,0.0012424401966081222,0.0018569666643507366,0.0004653085066151512,0.06463969871216965,0.09871161035123102,0.218175774704869,0.218175774704869,0.0826088477115054,0.3565971134203392,0.33516062883100445,0.19993284462318542,0.33516062883100445,0.08226224058455756,0.11986884945853109,0.019669910791317566,0.019669910791317566,0.25890986507669256,0.028034807394624914,0.1460724492050395,0.22940578253837285,0.14815262655672085,0.060579971343141095,0.2587717399421155,0.2802082245314502,0.0576143985766232,0.11986884945853109,0.25890986507669256
305,24,0.004745049585626915,0.00047326894476447346,0.012043464400371172,0.1668224501862341,0.01803075155870777,0.41021402063531087,69,False,14,0,36,0,0,0,0,6844,6985,6650,7250,7116,7325,7291,7278,7340,7220,6583,6250,7175,6622,7213,7312,7154,6795,7180,7216,6872,6604,6908,7309,0.007728408584002273,0.009444970059342042,0.012043464400371172,0.012043464400371172,0.007312167089389958,0.00224729802460328,0.00224729802460328,0.002340376607180648,0.0020949478120559626,0.0018165936964779311,0.0009890714265631767,0.0009890714265631767,0.00047326894476447346,0.001308386142233364,0.011079740549579085,0.011633888684083452,0.01100895684382927,0.007825683347109978,0.0019267604241978461,0.002340376607180648,0.001502716176469619,0.0011944181428317614,0.0018165936964779311,0.00047326894476447346,0.059253057152822176,0.09048564282196177,0.19999446014612993,0.19999446014612993,0.07572477706887994,0.41021402063531087,0.41021402063531087,0.3072305764284207,0.34019087248716273,0.10987977867032016,0.01803075155870777,0.01803075155870777,0.23733404298696817,0.02569857344507284,0.13389974510461955,0.21028863399350844,0.13580657434366078,0.055531640397879334,0.18327177423791996,0.3072305764284207,0.07540705386917776,0.05281319869523793,0.10987977867032016,0.23733404298696817
306,24,0.005590900951544772,0.0004784653394084487,0.012359765923718185,0.1855429104687197,0.016528188928815454,0.45936285224903495,70,False,15,0,36,0,0,0,0,7358,6844,6985,6650,7250,7116,7325,7291,7278,7340,7220,6583,6250,7175,6622,7213,7312,7154,6795,7346,7350,7180,6908,7309,0.011162165720508726,0.007433105602953858,0.009163893414971706,0.012359765923718185,0.01204902267305369,0.007065290114108705,0.0023846943706063105,0.0024461954317853848,0.002412851668126283,0.0021798542793814695,0.0017721333594771557,0.0009403585835688727,0.0009403585835688727,0.0004784653394084487,0.0012466211978105917,0.011162165720508726,0.01167286608518923,0.010817790635797169,0.007518822226594682,0.012359765923718185,0.0024461954317853848,0.0019186418515472977,0.0017721333594771557,0.0004784653394084487,0.20607476634590127,0.05431530239008699,0.08294517258679829,0.26666158846728577,0.18332825513395243,0.06941437897980661,0.37602951891570163,0.45936285224903495,0.281628028392719,0.3118416331132325,0.10072313044779348,0.016528188928815454,0.016528188928815454,0.21755620607138748,0.023557025657983434,0.20607476634590127,0.19276458116071607,0.12448935981502238,0.050904003698056054,0.26666158846728577,0.45936285224903495,0.16799912638475994,0.10072313044779348,0.21755620607138748
307,24,0.005171951714114904,0.00048104657675056024,0.012598539489948806,0.19482855072205008,0.015150839851414166,0.42802705900605986,71,False,17,0,36,0,0,0,0,7358,6844,6985,6650,7250,7116,7374,7325,7291,7278,7340,7220,6583,6250,7175,6622,7380,7213,7369,7154,7346,7350,7180,7309,0.011186351947545302,0.007323325105555584,0.008872422818646893,0.012598539489948806,0.011998442880344297,0.006814692728998222,0.002571016792800072,0.002571016792800072,0.002631732854514635,0.0024697963104706455,0.0022502627927813543,0.0017243330806875,0.0008936687154610256,0.0009167163541944619,0.00048104657675056024,0.001187059739599994,0.0009167163541944619,0.011186351947545302,0.007323325105555584,0.010596301783872074,0.012598539489948806,0.002631732854514635,0.001902402045276826,0.00048104657675056024,0.1889018691504095,0.13312236052424642,0.07603307487123176,0.24443978942834527,0.1680509005394564,0.06362984739815605,0.42802705900605986,0.42802705900605986,0.42108261456161533,0.2581590260266591,0.28585483035379644,0.09232953624381068,0.015150839851414166,0.0984841731847475,0.1994265222321052,0.021593940186484813,0.0984841731847475,0.1889018691504095,0.13312236052424642,0.11411524649710385,0.24443978942834527,0.42108261456161533,0.15399919918602994,0.1994265222321052
308,24,0.005157590644171302,0.0004811920364785519,0.012762243847074447,0.1785928381618792,0.013888269863796317,0.39235813742222153,72,False,17,0,36,0,0,0,0,7358,6844,6985,6650,7250,7116,7374,7325,7291,7278,7340,7220,6583,6250,7175,6622,7380,7213,7369,7154,7346,7350,7180,7309,0.011156797103217521,0.007190750200802186,0.008573608039048775,0.012762243847074447,0.011897057947653864,0.006562342778350606,0.0027418506523877373,0.0027418506523877373,0.002801147276647467,0.0025115210288283014,0.0023060988126588837,0.0016738822338765679,0.0008489694690515323,0.0008914302871023613,0.0004811920364785519,0.0011297226834382553,0.0008914302871023613,0.011156797103217521,0.007190750200802186,0.010349232181720963,0.012762243847074447,0.002801147276647467,0.001878917478062973,0.0004811920364785519,0.1731600467212087,0.12202883048055921,0.06969698529862911,0.22406980697598317,0.15404665882783503,0.05832736011497638,0.39235813742222153,0.39235813742222153,0.3859923966814807,0.2366457738577708,0.26203359449098007,0.08463540822349312,0.013888269863796317,0.0902771587526852,0.18280764537942976,0.019794445170944412,0.0902771587526852,0.1731600467212087,0.12202883048055921,0.10460564262234519,0.22406980697598317,0.3859923966814807,0.14116593258719412,0.18280764537942976
309,24,0.005025189573723303,0.00047910220509280664,0.012854524494956257,0.1634952675594957,0.01273091404181329,0.3596616259703697,0,False,17,0,36,0,0,0,0,7358,6844,6985,6650,7250,7116,7374,7325,7291,7278,7340,7220,6583,6250,7175,7430,7380,7213,7369,7154,7346,7180,7309,6622,0.011156797103217521,0.007038670632346125,0.008270167029096364,0.012854524494956257,0.011750348629631712,0.0063099589816697195,0.002894968312489161,0.002894968312489161,0.0029523076844951445,0.0025386075700828924,0.0023476043541938198,0.0016214094710248178,0.0008062208162469968,0.0008648513520572229,0.0004914582094469204,0.0004914582094469204,0.0008648513520572229,0.011078366123923673,0.007038670632346125,0.010081036066183663,0.012854524494956257,0.0018490643935492757,0.00047910220509280664,0.0010746133383594892,0.1731600467212087,0.11185976127384593,0.06388890319041002,0.2053973230613179,0.14120943725884877,0.053466746772061674,0.3596616259703697,0.3596616259703697,0.35382636362469067,0.21692529270295657,0.24019746161673172,0.07758245753820203,0.01273091404181329,0.08275406218996144,0.2509070082644773,0.2509070082644773,0.08275406218996144,0.15873004282777461,0.11185976127384593,0.09588850573714976,0.2053973230613179,0.1294021048715946,0.16757367493114395,0.01814490807336571
310,24,0.00497160779450792,0.00047499037276107944,0.013212105944147004,0.16615199489298435,0.011670004538328848,0.32968982380617223,1,False,17,0,36,0,0,0,0,7441,6844,6985,6650,7250,7116,7374,7325,7291,7278,7340,7220,6583,6250,7175,7430,7380,7358,7369,7443,7346,7180,7309,6622,0.00704739341194805,0.00704739341194805,0.007964498343740255,0.013212105944147004,0.01156379472263964,0.006059027206223391,0.0030287717281348115,0.0030287717281348115,0.0030837170952371343,0.0025518519284583054,0.0023752848298313005,0.00156748203249175,0.0007653765613040458,0.0008372987104686966,0.0004987467980848733,0.0004987467980848733,0.0008372987104686966,0.011078366123923673,0.006870211258899517,0.013212105944147004,0.012879933573363719,0.0018136997021743011,0.00047499037276107944,0.0010217201315750972,0.18587144783435877,0.18587144783435877,0.05856482792454251,0.27161421280620807,0.1294419841539447,0.04901118454105653,0.32968982380617223,0.32968982380617223,0.3243408333226331,0.19884818497771017,0.22018100648200406,0.07111725274335186,0.011670004538328848,0.07585789034079798,0.2299980909091042,0.2299980909091042,0.07585789034079798,0.15873004282777461,0.10253811450102543,0.27161421280620807,0.18828087947287472,0.11861859613229504,0.15360920202021527,0.016632832400585235
311,24,0.0049506822091392585,0.00046907552051816286,0.013486040315921531,0.152305995318569,0.010697504160134777,0.30221567182232456,2,False,17,0,36,0,0,0,0,7441,6844,6985,6650,7250,7116,7374,7325,7291,7278,7340,7220,6583,6250,7175,7430,7380,7358,7369,7443,7346,7180,7309,6622,0.007022810400074533,0.007022810400074533,0.007658697864554944,0.013486040315921531,0.011342755497252542,0.0058108181258980296,0.0031422694355265164,0.0031422694355265164,0.003194484176737101,0.0025522101011801186,0.002389855423932939,0.0015126066049905218,0.0007263856527977077,0.0008090595847712603,0.0005031879479688266,0.0005031879479688266,0.0008090595847712603,0.010956115158764301,0.006688298235839761,0.013486040315921531,0.012843670057287124,0.0017736462005355853,0.00046907552051816286,0.0009710190305280194,0.17038216051482888,0.17038216051482888,0.0536844255974973,0.24897969507235737,0.11865515214111597,0.04492691916263515,0.30221567182232456,0.30221567182232456,0.29731243054574696,0.18227750289623432,0.2018325892751704,0.0651908150147392,0.010697504160134777,0.06953639947906481,0.2108315833333455,0.2108315833333455,0.06953639947906481,0.1455025392587934,0.09399327162593997,0.24897969507235737,0.17259080618346848,0.10873371312127045,0.14080843518519734,0.015246763033869798
312,24,0.004674664869119743,0.00046157641697961956,0.013678659430044978,0.1456241568419673,0.009806045480123544,0.2770310325037975,3,False,18,0,36,0,0,0,0,7441,6844,6985,6650,7250,7116,7374,7325,7291,7278,7340,7220,6583,6250,7175,7430,7380,7504,7358,7443,7346,7180,7309,6622,0.006968017181559599,0.006968017181559599,0.007354578409275836,0.013678659430044978,0.01109237717697063,0.005566405514370724,0.003235029686321158,0.003235029686321158,0.0032842722223728397,0.002540748475318302,0.0023921896777902847,0.0014572313501887552,0.0006891933199287761,0.0007803898804832404,0.0005049505802233061,0.0005049505802233061,0.0008005160678784526,0.0008005160678784526,0.010795143858320946,0.013678659430044978,0.012751347320696419,0.0017296816600608175,0.00046157641697961956,0.0009224756840616433,0.15618364713859315,0.15618364713859315,0.049210723464372524,0.2282313871496609,0.10876722279602297,0.04118300923241555,0.2770310325037975,0.2770310325037975,0.2725363946669347,0.1670877109882148,0.18501320683557285,0.05975824709684426,0.009806045480123544,0.06374169952247608,0.19326228472223336,0.19326228472223336,0.14707503285580942,0.14707503285580942,0.13337732765389393,0.2282313871496609,0.15820823900151276,0.09967257036116457,0.12907439891976422,0.01397619944771398
313,24,0.0047351170932343305,0.0004527068798201312,0.013793635331269023,0.15048048808991768,0.008988875023446582,0.3372784464618144,4,False,19,0,36,0,0,0,0,7441,6844,6985,6650,7250,7116,7518,7374,7325,7291,7278,7340,7220,6583,6250,7175,7430,7380,7504,7358,7443,7346,7180,7309,0.006886211179667561,0.006886211179667561,0.0070536910688696825,0.013793635331269023,0.01081752462433512,0.00532668458916768,0.0033924075194039934,0.0033924075194039934,0.003307117252042591,0.003353232987977701,0.0025185999898254914,0.0023832721655172536,0.0014017487814501808,0.0006537420516730521,0.0007515153718658865,0.0005042319307927884,0.0005042319307927884,0.000789102068008032,0.000789102068008032,0.010600475262550622,0.013793635331269023,0.012608791875266336,0.0016825312789794115,0.0004527068798201312,0.14316834321037705,0.14316834321037705,0.04510982984234148,0.20921210488718917,0.09970328756302105,0.03775109179638092,0.3372784464618144,0.3372784464618144,0.25394511312848106,0.24982502844469012,0.15316373507253023,0.16959543959927512,0.05477839317210724,0.008988875023446582,0.0584298912289364,0.1771570943287139,0.1771570943287139,0.1348187801178253,0.1348187801178253,0.12226255034940277,0.20921210488718917,0.14502421908472002,0.09136652283106753,0.11831819900978385
314,24,0.00469190956147565,0.00044267211407628045,0.013835676132420479,0.14472752751464082,0.008239802104826032,0.3123396094076326,5,False,19,0,36,0,0,0,0,7441,6844,6985,6650,7250,7116,7518,7374,7545,7291,7278,7340,7220,6583,6250,7175,7430,7380,7504,7358,7443,7346,7180,7309,0.006780601869271168,0.006780601869271168,0.006757347350830317,0.013835676132420479,0.010522734070798803,0.0050923899667224435,0.0035270205967970554,0.0035270205967970554,0.00348966763729429,0.00348966763729429,0.0024869266217015266,0.0023641564408912017,0.0013464992190998827,0.0006199724360126788,0.0007226332904757504,0.00050124809426904,0.00050124809426904,0.0007751851176688601,0.0007751851176688601,0.010376961571220155,0.013835676132420479,0.012421874517668921,0.001632862980475855,0.00044267211407628045,0.13123764794284562,0.13123764794284562,0.04135067735547969,0.19177776281325673,0.09139468026610262,0.03460516748001584,0.30917190925666316,0.30917190925666316,0.3123396094076326,0.3123396094076326,0.1404000904831527,0.1554624862993355,0.050213527074431635,0.008239802104826032,0.05356073362652503,0.1623940031346544,0.1623940031346544,0.1235838817746732,0.1235838817746732,0.11207400448695254,0.19177776281325673,0.13293886749432668,0.08375264592847856,0.10845834909230186
315,24,0.005037823476603029,0.0004962257570224827,0.013810241552964776,0.16918059347433737,0.03172140352334785,0.36964464195699653,6,False,18,0,36,0,0,0,0,7441,6844,6985,6650,7250,7116,7581,7374,7569,7567,7340,7220,7572,6250,7175,7430,7380,7504,7358,7443,7564,7545,7180,7575,0.006654338226076143,0.006654338226076143,0.006466641413026499,0.013810241552964776,0.010475554988046535,0.004864112908443553,0.012510916609338965,0.003732049923407393,0.0036958032427961054,0.003732049923407393,0.002335928855916781,0.0013250893587234195,0.0013250893587234195,0.0006939141830032528,0.0005090233762970704,0.0004962257570224827,0.0007591210392105998,0.0007591210392105998,0.010129213334890677,0.013810241552964776,0.010475554988046535,0.0036028851470513478,0.0015812850575311784,0.0005090233762970704,0.1203011772809418,0.1203011772809418,0.03790478757585638,0.17579628257881866,0.16711179024392742,0.03172140352334785,0.20519396186979946,0.3667409168186079,0.36964464195699653,0.3667409168186079,0.1425072791077242,0.129362399818229,0.129362399818229,0.04909733915764795,0.2321945028734332,0.14886116954009987,0.11328522496011709,0.11328522496011709,0.10273450411303982,0.17579628257881866,0.16711179024392742,0.2863113086236632,0.07677325876777201,0.2321945028734332
316,24,0.005034780316103191,0.0004893951954903906,0.01372328656865546,0.164537329517238,0.02907795322973553,0.33884092179391345,7,False,18,0,36,0,0,0,0,7441,6844,6985,6650,7250,7116,7581,7374,7569,7594,7340,7220,7572,6250,7175,7430,7380,7504,7358,7443,7564,7545,7567,7575,0.0065104522240961235,0.0065104522240961235,0.006182471847718117,0.01372328656865546,0.010384306390899285,0.004642317636118345,0.012534932480709606,0.003912292497434697,0.003877447544246579,0.002358986905787825,0.002358986905787825,0.0012997316136351864,0.0012997316136351864,0.0006655039297020884,0.0005138720714066504,0.0004893951954903906,0.0007412485791185671,0.0007412485791185671,0.009861549203717788,0.01372328656865546,0.010384306390899285,0.0036927560467060858,0.003912292497434697,0.0005138720714066504,0.11027607917419666,0.11027607917419666,0.034746055277868344,0.1611465923639171,0.15318580772360013,0.02907795322973553,0.18809446504731617,0.3361791737503905,0.33884092179391345,0.2139650058487472,0.2139650058487472,0.11858219983337658,0.11858219983337658,0.04500589422784395,0.21284496096731376,0.13645607207842486,0.103844789546774,0.103844789546774,0.09417329543695316,0.1611465923639171,0.15318580772360013,0.2624520329050246,0.3361791737503905,0.21284496096731376
317,24,0.0050045753229643825,0.0005159630155104765,0.013581037939890775,0.17514549816360903,0.0266547904605909,0.39149757593785794,8,False,16,0,36,0,0,0,0,7441,6844,6985,6650,7250,7116,7581,7374,7615,7594,7340,7220,7572,6250,7175,7631,7358,7443,7564,7569,7567,7621,7575,7504,0.006351816768348987,0.006351816768348987,0.0059055626218968565,0.013581037939890775,0.010253778994847557,0.004427356574142605,0.012498987686471084,0.004171151857213748,0.004171151857213748,0.002369328797712321,0.002369328797712321,0.0012710155572972304,0.0012710155572972304,0.0006539675730319882,0.0005159630155104765,0.0005292696569711941,0.009577963233202594,0.013581037939890775,0.010253778994847557,0.004033071983849618,0.004066282776753368,0.0006539675730319882,0.0005292696569711941,0.0007218855686909646,0.10108640590968027,0.10108640590968027,0.03185055067137931,0.147717709666924,0.14042032374663344,0.0266547904605909,0.17241992629337313,0.39149757593785794,0.39149757593785794,0.19613458869468492,0.19613458869468492,0.10870034984726186,0.10870034984726186,0.12458873637552363,0.19510788088670428,0.27844121422003765,0.08632552081720705,0.147717709666924,0.14042032374663344,0.31060417831108733,0.30816424260452463,0.12458873637552363,0.27844121422003765,0.09519105708454283
318,24,0.0051760058003042396,0.0005154951031473571,0.01338980546791151,0.17762034073569233,0.024433557922208325,0.36581722238748093,9,False,14,0,36,0,0,0,0,7441,6844,7633,6985,6650,7250,7116,7581,7374,7615,7652,7572,6250,7175,7631,7358,7443,7564,7569,7594,7340,7645,7575,7504,0.006181116231772387,0.006340526683782868,0.006340526683782868,0.0056364829003748285,0.01338980546791151,0.010088755199549278,0.004219484438607887,0.012408548677596809,0.004403026907379475,0.004403026907379475,0.004301445756017272,0.0012394984718097015,0.0006571166533531791,0.0005154951031473571,0.0005412773539570205,0.009282106797444628,0.01338980546791151,0.010088755199549278,0.004161895994953632,0.0023678609555654296,0.0023678609555654296,0.0006571166533531791,0.0005412773539570205,0.0007013263925797307,0.09266253875054024,0.17599587208387357,0.17599587208387357,0.029196338115431035,0.13540790052801366,0.12871863010108064,0.024433557922208325,0.1580515991022587,0.35887277794303646,0.35887277794303646,0.36581722238748093,0.09964198735999004,0.19753967501089667,0.17884889081281224,0.25523777970170114,0.07913172741577314,0.13540790052801366,0.12871863010108064,0.28472049678516337,0.1797900396367945,0.1797900396367945,0.19753967501089667,0.25523777970170114,0.08725846899416426
319,24,0.005296659404644209,0.0005126875001918792,0.013155827624239905,0.1696181739970161,0.022397428095357632,0.33533245385519084,10,False,14,0,36,0,0,0,0,7441,6844,7657,6985,6650,7250,7116,7581,7374,7615,7652,7572,6250,7175,7631,7358,7633,7443,7564,7569,7594,7645,7575,7504,0.006000827703799283,0.006463457463288875,0.006463457463288875,0.00537566557496518,0.013155827624239905,0.009893906239915075,0.004018871141674669,0.012269287286322133,0.004605514036134804,0.004605514036134804,0.0045080213274863515,0.0012056999462953873,0.000656968059386573,0.0005126875001918792,0.0005499715075428458,0.008977282339856068,0.006300956345139068,0.013155827624239905,0.009893906239915075,0.0042638106747143354,0.0023555854610207197,0.000656968059386573,0.0005499715075428458,0.000679840548979797,0.08494066052132855,0.24466288274355077,0.24466288274355077,0.026763309939145115,0.12412390881734585,0.11799207759265726,0.022397428095357632,0.14488063251040378,0.3289667131144501,0.3289667131144501,0.33533245385519084,0.0913384884133242,0.18107803542665526,0.16394481657841123,0.23396796472655937,0.07253741679779203,0.16132954941021743,0.12412390881734585,0.11799207759265726,0.26099378871973306,0.16480753633372827,0.18107803542665526,0.23396796472655937,0.07998692991131723
320,24,0.00558709303983601,0.0005077710572550006,0.012885149641588845,0.15828212198019012,0.020530975754077828,0.3073880827005916,11,False,14,0,36,0,0,0,0,7441,6844,7657,6985,6650,7250,7116,7581,7374,7615,7652,7572,6250,7175,7631,7695,7358,7633,7443,7564,7569,7594,7575,7504,0.005813211108125858,0.006547852224635379,0.006547852224635379,0.005123424399740124,0.012885149641588845,0.009673712814775116,0.0038256135162234527,0.012086916753550456,0.00477712964342793,0.00477712964342793,0.004684348794336934,0.0011700985137676606,0.0006537980176888691,0.0005077710572550006,0.0005554861135655362,0.008889953352190096,0.008889953352190096,0.006235963380430073,0.012885149641588845,0.009673712814775116,0.004339287466426922,0.0023335602707540504,0.0005554861135655362,0.0006576720973990339,0.07786227214455117,0.2242743091815882,0.2242743091815882,0.02453303411088302,0.11378024974923369,0.10815940445993581,0.020530975754077828,0.13280724646787012,0.30155282035491254,0.30155282035491254,0.3073880827005916,0.08372694771221385,0.16598819914110066,0.15028274853021029,0.2144706343326794,0.14982596539797605,0.14982596539797605,0.1478854202926993,0.11378024974923369,0.10815940445993581,0.23924430632642196,0.15107357497258425,0.2144706343326794,0.07332135241870745
321,24,0.00540527376616387,0.0005009810121174385,0.012583531147655131,0.15328022757771007,0.018820061107904674,0.28177240914220897,0,False,14,0,36,0,0,0,0,7441,6844,7657,6985,6650,7250,7116,7581,7374,7615,7652,7572,6250,7175,7631,7695,7704,7721,7443,7564,7569,7594,7575,7504,0.005765253688467783,0.006595575915216039,0.006595575915216039,0.00487996969171957,0.012583531147655131,0.009432406687200807,0.003639745892599847,0.011867058615077785,0.004917238187215585,0.004917238187215585,0.0048296233221089835,0.001133129968581046,0.000647899098335863,0.0005009810121174385,0.0005580004066447329,0.008889953352190096,0.005765253688467783,0.0063070124209896605,0.012583531147655131,0.009432406687200807,0.004389279799554213,0.0023028653416419897,0.0005580004066447329,0.0006350398082162195,0.15470708279917192,0.20558478341645584,0.20558478341645584,0.022488614601642767,0.10429856227013087,0.09914612075494116,0.018820061107904674,0.12173997592888094,0.2764234186586698,0.2764234186586698,0.28177240914220897,0.07674970206952936,0.1521558492126756,0.13775918615269275,0.19659808147162278,0.14982596539797605,0.15470708279917192,0.21889496860164104,0.10429856227013087,0.09914612075494116,0.21930728079922013,0.13848411039153555,0.19659808147162278,0.0672112397171485
322,24,0.005335602579109612,0.0004925509822181629,0.012256379861033053,0.14102710432608828,0.01725172268224595,0.2582913750470249,0,False,14,0,36,0,0,0,0,7441,6844,7657,6985,6650,7250,7116,7581,7374,7615,7652,7572,6250,7175,7631,7695,7704,7721,7443,7564,7569,7594,7575,7504,0.005695212502352802,0.006608960156671258,0.006608960156671258,0.004645422601250946,0.012256379861033053,0.009173930483310786,0.00346124957819962,0.011615138471452877,0.005025955701726006,0.005025955701726006,0.004943805043972698,0.001095187032745811,0.0006395706824005553,0.0004925509822181629,0.0005577271152089205,0.008889953352190096,0.005695212502352802,0.006343415848854704,0.012256379861033053,0.009173930483310786,0.004415124125493595,0.002264574689482394,0.0005577271152089205,0.0006121378497635421,0.1418148258992409,0.18845271813175118,0.18845271813175118,0.0206145633848392,0.09560701541428664,0.09088394402536272,0.01725172268224595,0.11159497793480753,0.25338813377044733,0.25338813377044733,0.2582913750470249,0.07035389356373524,0.1394761951116193,0.1262792539733017,0.1802149080156542,0.14982596539797605,0.1418148258992409,0.20065372121817093,0.09560701541428664,0.09088394402536272,0.20103167406595177,0.12694376785890757,0.1802149080156542,0.06161030307405279
323,24,0.005251620092262113,0.0004827081856298202,0.011908707648085002,0.12979507467876833,0.015814079125392122,0.23676709379310612,0,False,14,0,36,0,0,0,0,7441,6844,7657,6985,6650,7250,7116,7581,7374,7615,7652,7572,6250,7175,7631,7695,7704,7721,7443,7564,7569,7594,7575,7504,0.005605743161415762,0.006590669803122966,0.006590669803122966,0.004419827989336642,0.011908707648085002,0.008901912867004095,0.0032900613032705974,0.011336307852254346,0.005104039112007728,0.005104039112007728,0.0050275120116443335,0.0010566200734636638,0.0006291110782176037,0.0004827081856298202,0.0005549017700451151,0.008889953352190096,0.005605743161415762,0.00634751543472459,0.011908707648085002,0.008901912867004095,0.004418445225989747,0.0022197341128783825,0.0005549017700451151,0.0005891368713295726,0.12999692374097083,0.17274832495410525,0.17274832495410525,0.018896683102769266,0.08763976412976275,0.08331028202324915,0.015814079125392122,0.10229539644024023,0.23227245595624338,0.23227245595624338,0.23676709379310612,0.06449106910009063,0.12785317885231767,0.11575598280885989,0.16519699901434967,0.14982596539797605,0.12999692374097083,0.18393257778332334,0.08763976412976275,0.08331028202324915,0.18427903456045577,0.11636512053733193,0.16519699901434967,0.05647611115121506
324,24,0.005150079997785236,0.0004716697876470205,0.011545105268371169,0.11897881845553765,0.014496239198276112,0.2170365026436806,1,False,14,0,36,0,0,0,0,7441,6844,7657,6985,6650,7250,7116,7581,7374,7615,7652,7572,6250,7175,7631,7695,7704,7721,7443,7564,7569,7594,7575,7504,0.005499445431903687,0.006543583513938235,0.006543583513938235,0.004203165972500103,0.011545105268371169,0.008619656372026946,0.0031260807039943305,0.011035388953073749,0.005152770070535473,0.005152770070535473,0.005081905986602415,0.001017738611972286,0.0006168112175852953,0.0004716697876470205,0.0005497732977573773,0.008769952496859697,0.005499445431903687,0.006321939621654009,0.011545105268371169,0.008619656372026946,0.004401069204280281,0.002169344118834309,0.0005497732977573773,0.0005661853627763964,0.11916384676255659,0.1583526312079298,0.1583526312079298,0.017321959510871825,0.08033645045228252,0.07636775852131172,0.014496239198276112,0.0937707800702202,0.21291641795988975,0.21291641795988975,0.2170365026436806,0.05911681334174974,0.11719874728129119,0.10610965090812156,0.15143058242982052,0.13734046828147803,0.11916384676255659,0.1686048629680464,0.08033645045228252,0.07636775852131172,0.16892244834708445,0.10666802715922093,0.15143058242982052,0.05176976855528047
325,24,0.005021855038214836,0.0004714943282958574,0.011169732335458309,0.11939600971549004,0.013288219265086436,0.19895012742337387,0,False,16,0,36,0,0,0,0,7441,6844,7657,6985,6650,7250,7819,7116,7581,7374,7615,7652,7572,6250,7175,7813,7631,7695,7721,7443,7564,7594,7575,7504,0.00537881780843814,0.006470690309914136,0.006470690309914136,0.00399536221140144,0.011169732335458309,0.008330135376823294,0.008544968846367539,0.0029691769177838225,0.010716838880981228,0.005173840229541639,0.005173840229541639,0.005108578301356137,0.0009788134021106172,0.0006029498068750219,0.0004714943282958574,0.0004714943282958574,0.0005425960043132336,0.008769952496859697,0.006269492941943841,0.011169732335458309,0.008544968846367539,0.002114347472382746,0.0005425960043132336,0.0005434111924186582,0.10923352619901021,0.145156578607269,0.145156578607269,0.01587846288496584,0.07364174624792565,0.07000377864453575,0.1533371119778691,0.013288219265086436,0.08595654839770185,0.19517338312989893,0.19517338312989893,0.19895012742337387,0.05419041222993726,0.10743218500785025,0.18060051333244476,0.18060051333244476,0.13881136722733547,0.13734046828147803,0.1545544577207092,0.07364174624792565,0.1533371119778691,0.09777902489595251,0.13881136722733547,0.047455621175673764
326,24,0.0045925147629610865,0.0004691564915080361,0.010786319325844004,0.12499622028794406,0.01455525764455202,0.21057708662505753,0,False,18,0,36,0,0,0,0,7441,6844,7657,6985,6650,7250,7819,7116,7831,7581,7374,7615,7652,7572,6250,7175,7813,7631,7840,7695,7721,7564,7594,7575,0.0052462238850146305,0.006375002757916484,0.006375002757916484,0.0037962970289722245,0.010786319325844004,0.008036001969702266,0.008437918917166628,0.0028919011451560128,0.0028919011451560128,0.010384730110429284,0.005169243056839191,0.005169243056839191,0.00510944122041412,0.0009400788938441905,0.0005877897746823796,0.0004691564915080361,0.0004691564915080361,0.0005473850467485749,0.0005473850467485749,0.008769952496859697,0.006193061076407331,0.008437918917166628,0.0020556207412971454,0.0005336229569289468,0.10013073234909269,0.13306019705666325,0.13306019705666325,0.01455525764455202,0.0675049340605985,0.06417013042415777,0.14055901931304665,0.0955142009929959,0.0955142009929959,0.07879350269789336,0.17890893453574067,0.17890893453574067,0.1823709501380927,0.04967454454410915,0.09847950292386272,0.165550470554741,0.165550470554741,0.21057708662505753,0.21057708662505753,0.13734046828147803,0.14167491957731676,0.14055901931304665,0.0896307728212898,0.1272437532917242
327,24,0.004491233147116144,0.00046486650964017195,0.010398178831945644,0.11805209081950428,0.013342319507506018,0.1930289960729694,1,False,18,0,36,0,0,0,0,7441,6844,7657,6985,6650,7250,7819,7116,7831,7581,7374,7615,7652,7572,6250,7175,7813,7631,7840,7695,7721,7564,7870,7575,0.005103868995468466,0.006259486441625293,0.006259486441625293,0.003605813448720397,0.010398178831945644,0.007739597740228778,0.008302442004877742,0.0028097946044417085,0.0028097946044417085,0.010042744058111187,0.005141175649455595,0.005141175649455595,0.005086628555050686,0.0009017359309987204,0.0005715758421797473,0.00046486650964017195,0.00046486650964017195,0.0005492633440164392,0.0005492633440164392,0.00862136894242797,0.00609553187971037,0.008302442004877742,0.0020453934951901254,0.0005231007026414397,0.09178650465333496,0.1219718473019413,0.1219718473019413,0.013342319507506018,0.06187952288888195,0.058822619555477955,0.1288457677036261,0.08755468424357957,0.08755468424357957,0.07222737747306891,0.16399985665776226,0.16399985665776226,0.1671733709599183,0.04553499916543338,0.09027287768020749,0.1517545980085126,0.1517545980085126,0.1930289960729694,0.1930289960729694,0.12589542925802152,0.12986867627920703,0.1288457677036261,0.16549487508618232,0.1166401071840805
328,24,0.0042496119103392375,0.0004588393145650983,0.010008223639011191,0.12182832452439578,0.012230459548547182,0.22244171484113656,2,False,19,0,36,0,0,0,0,7441,6844,7657,6985,6650,7250,7819,7879,7116,7831,7581,7374,7615,7652,7572,6250,7175,7813,7631,7840,7695,7564,7870,7888,0.004953785556442729,0.00612700468901149,0.00612700468901149,0.0034237242452010773,0.010008223639011191,0.0074429698245422815,0.008142382914795082,0.002794189862230369,0.002794189862230369,0.0027239396935684335,0.009694174977457498,0.005091952581855554,0.005091952581855554,0.005042407829937716,0.0008639545629039789,0.0005545330401240416,0.0004588393145650983,0.0004706727407283252,0.0005484457903826478,0.0005484457903826478,0.008448177213443066,0.008142382914795082,0.0020266587929376532,0.0004706727407283252,0.08413762926555704,0.1118075266934462,0.1118075266934462,0.012230459548547182,0.05672289598147512,0.05392073459252145,0.1181086203949906,0.16359179388994793,0.16359179388994793,0.0802584605566146,0.06620842935031317,0.15033320193628208,0.15033320193628208,0.15324225671325845,0.04174041590164727,0.08275013787352353,0.13910838150780322,0.22244171484113656,0.17694324640022194,0.17694324640022194,0.11540414348651973,0.1181086203949906,0.15170363549566712,0.22244171484113656
329,24,0.004038919733803362,0.00046292761658930063,0.009618989584629567,0.12892724859690438,0.01121125458616825,0.23329247773245226,0,False,18,0,36,0,0,0,0,7441,6844,7657,6985,6650,7250,7819,7879,7116,7904,7581,7374,7615,7652,7572,6250,7912,7631,7840,7695,7903,7831,7870,7813,0.004797825595492606,0.005980277093014937,0.005980277093014937,0.0032498180973858214,0.009618989584629567,0.00714788981197756,0.007961430324230016,0.0028384850284747833,0.0028384850284747833,0.0028384850284747833,0.009341941709195604,0.005023932678502102,0.005023932678502102,0.004979105106789374,0.0008268768762399615,0.0005368660035596391,0.00046292761658930063,0.0005451676594745992,0.0005451676594745992,0.008448177213443066,0.0028384850284747833,0.002635317040830922,0.0020003537326679388,0.00047385992236689156,0.07712616016009395,0.10249023280232568,0.10249023280232568,0.01121125458616825,0.051995987983018854,0.04942734004314466,0.1082662353620747,0.23329247773245226,0.23329247773245226,0.23329247773245226,0.060691060237787066,0.13780543510825857,0.13780543510825857,0.14047206865382023,0.038262047909843326,0.0758542930507299,0.2108493497154863,0.1621979758668701,0.1621979758668701,0.11540414348651973,0.23329247773245226,0.07357025551023005,0.1390616658710282,0.20390490527104185
330,24,0.003865228403915451,0.00046455153142396853,0.009232661516216713,0.13397874625152154,0.010276983370654228,0.2971847712547479,0,False,19,0,36,0,0,0,0,7441,6844,7657,6985,6650,7250,7819,7879,7940,7904,7581,7374,7615,7652,7572,6250,7912,7631,7943,7840,7695,7116,7870,7813,0.0046376590550915925,0.0058218501300001365,0.0058218501300001365,0.0030838649325371846,0.009232661516216713,0.00685587437811984,0.007763068549622574,0.0028664043612922413,0.0029403286813899066,0.0028664043612922413,0.008988605172900042,0.00493945872388934,0.00493945872388934,0.004899042646672807,0.000790619776093377,0.0005187588883641226,0.00046455153142396853,0.0005396756308345788,0.000486837998871546,0.0005396756308345788,0.008448177213443066,0.0028664043612922413,0.0019674113010277076,0.000486837998871546,0.07069898014675279,0.09394938006879854,0.09394938006879854,0.010276983370654228,0.04766298898443395,0.04530839503954927,0.0992440490819018,0.21385143792141456,0.2971847712547479,0.21385143792141456,0.055633471884638144,0.12632164884923702,0.12632164884923702,0.12876606293266854,0.035073543917356384,0.06953310196316907,0.1932785705725291,0.14868147787796426,0.27024616316512173,0.14868147787796426,0.11540414348651973,0.21385143792141456,0.12747319371510918,0.27024616316512173
331,24,0.003825805208096517,0.00046389249428304416,0.008851100986189695,0.14318477903936705,0.009420568089766376,0.3557527069835189,1,False,20,0,36,0,0,0,0,7441,6844,7657,6985,6650,7250,7819,7952,7940,7904,7953,7581,7374,7615,7652,7572,6250,7912,7631,7943,7840,7695,7116,7813,0.004474776605968029,0.005654078102566284,0.005654078102566284,0.0029256205437978786,0.008851100986189695,0.006568206739877301,0.0075505443132783895,0.0031008244630699993,0.0031008244630699993,0.0029531252596225214,0.0029531252596225214,0.008636389824294124,0.004840809494652437,0.004840809494652437,0.004804488920411729,0.0007552776642614943,0.0005003757703407123,0.00046389249428304416,0.0005322201930868198,0.000496741519579119,0.0005322201930868198,0.008254173852309029,0.0028788792141506117,0.000496741519579119,0.06480739846785671,0.08612026506306532,0.08612026506306532,0.009420568089766376,0.04369107323573112,0.04153269545292016,0.09097371165840998,0.3557527069835189,0.3557527069835189,0.27936381809463,0.27936381809463,0.05099734922758496,0.11579484477846727,0.11579484477846727,0.11803555768827949,0.032150748590910015,0.06373867679957165,0.17717202302481833,0.13629135472146722,0.24772564956802826,0.13629135472146722,0.10578713152930974,0.19603048476129667,0.24772564956802826
332,24,0.003649386986471973,0.00046114929815435564,0.008475874611352557,0.12949388254241903,0.03807163749851015,0.3394168332534109,0,False,18,0,36,0,0,0,0,7441,6844,7657,6985,6650,7250,7819,7952,7977,7581,7374,7615,7652,7572,6250,7912,7631,7943,7840,7695,7971,7953,7983,7813,0.004310495862177704,0.0054791126661854405,0.0054791126661854405,0.0028463931991801104,0.008475874611352557,0.006285958229099191,0.007326846187068507,0.0032405924707360925,0.003098813087291808,0.008287207620311423,0.0047301630834125415,0.0047301630834125415,0.0046976200233953816,0.0007395175712139904,0.00048186140562986383,0.00046114929815435564,0.0005230494152494153,0.0005036594641622858,0.0005230494152494153,0.008254173852309029,0.0028463931991801104,0.003020904228993862,0.0007395175712139904,0.0005036594641622858,0.059406781928868654,0.07894357630780988,0.07894357630780988,0.09196885408228585,0.040050150466086856,0.03807163749851015,0.08339256902020914,0.32610664806822565,0.3394168332534109,0.046747570125286214,0.10614527438026167,0.10614527438026167,0.10819926121425619,0.11280485287500086,0.058427120399607346,0.16240768777275014,0.12493374182801162,0.22708184543735924,0.12493374182801162,0.10578713152930974,0.09196885408228585,0.2560834999200775,0.11280485287500086,0.22708184543735924
333,24,0.003563982739936544,0.0004565304872149534,0.008254173852309029,0.11907004209280532,0.03489900104030097,0.31113209714895995,0,False,18,0,36,0,0,0,0,7441,6844,7657,6985,6650,7250,7819,7952,7977,7581,7374,7615,7652,7572,6250,7912,7631,7943,7840,7695,7971,7953,7983,7813,0.004145970052414419,0.005298899306765254,0.005298899306765254,0.0027628337882709235,0.008108282270776614,0.006010009452735531,0.007094694474799892,0.0033586552659161787,0.0032237063833931295,0.007942683320463455,0.004609570243381671,0.004609570243381671,0.004580491278845385,0.0007220094958479093,0.0004633422494046565,0.0004565304872149534,0.0005124040141054885,0.0005077294670887177,0.0005124040141054885,0.008254173852309029,0.0027628337882709235,0.003070154039283877,0.0007220094958479093,0.0005077294670887177,0.054456216768129596,0.07236494494882571,0.07236494494882571,0.08430478290876202,0.036712637927246286,0.03489900104030097,0.07644318826852504,0.29893109406254015,0.31113209714895995,0.04285193928151236,0.09729983484857319,0.09729983484857319,0.09918265611306817,0.10340444846875078,0.053558193699640065,0.14887371379168762,0.11452259667567731,0.20815835831757928,0.11452259667567731,0.10578713152930974,0.08430478290876202,0.23474320826007103,0.10340444846875078,0.20815835831757928
334,24,0.0034746139920282435,0.00044492764719024217,0.008254173852309029,0.10951485501399276,0.03199075095360922,0.2852044223865466,0,False,18,0,36,0,0,0,0,7441,6844,7657,6985,6650,7250,7819,7952,7977,7581,7374,7615,7652,7572,6250,7912,7631,7943,7840,7695,7971,7953,7983,7813,0.00398219835823353,0.0051151792895472335,0.0051151792895472335,0.002675976813281409,0.007749384526112322,0.005741070651015689,0.006856539462123015,0.003454623590503801,0.0033271696529988365,0.007604180205047874,0.004480936377471804,0.004480936377471804,0.004455017683309102,0.0007030623333031104,0.00044492764719024217,0.0004502479141572748,0.0005005136040871521,0.0005091266563654716,0.0005005136040871521,0.008254173852309029,0.002675976813281409,0.0031016121175647714,0.0007030623333031104,0.0005091266563654716,0.049918198704118795,0.06633453286975691,0.06633453286975691,0.07727938433303184,0.03365325143330909,0.03199075095360922,0.07007292257948129,0.27402016955732844,0.2852044223865466,0.03928094434138633,0.08919151527785875,0.08919151527785875,0.09091743477031249,0.09478741109635488,0.04909501089133672,0.13646757097571366,0.1049790469527042,0.190811828457781,0.1049790469527042,0.10578713152930974,0.07727938433303184,0.21518127423839845,0.09478741109635488,0.190811828457781
335,24,0.003373250893091743,0.00042671112912017405,0.008042931492904826,0.10038861709616002,0.029324855040808447,0.2614373871876677,1,False,18,0,36,0,0,0,0,7441,6844,7657,6985,6650,7250,7819,7952,7977,7581,7374,7615,7652,7572,6250,7912,7631,7943,7840,7695,7971,7953,7983,7813,0.0038200372743667113,0.0049294957764583446,0.0049294957764583446,0.002586755286258515,0.007400028822342613,0.005479700982988722,0.006614566178097266,0.0035286274435199195,0.0034091059734665786,0.007272825507367949,0.004346010790161921,0.004346010790161921,0.004322961823789929,0.000682962020822507,0.00042671112912017405,0.00044251145522047604,0.0004875939926321036,0.0005080532391151515,0.0004875939926321036,0.008042931492904826,0.002586755286258515,0.0031162711401195708,0.000682962020822507,0.0005080532391151515,0.04575834881210889,0.060806655130610496,0.060806655130610496,0.07083943563861252,0.030848813813866668,0.029324855040808447,0.06423351236452451,0.25118515542755104,0.2614373871876677,0.03600753231293746,0.08175888900470385,0.08175888900470385,0.08334098187278645,0.08688846017165865,0.04500375998372533,0.12509527339440418,0.09623079303997885,0.1749108427529659,0.09623079303997885,0.09697153723520059,0.07083943563861252,0.19724950138519856,0.08688846017165865,0.1749108427529659
336,24,0.0034023467426628636,0.0004087717516928515,0.008042931492904826,0.11522661014253759,0.026881117120741076,0.3135863924752551,0,False,21,0,36,0,0,0,0,7441,8065,6844,7657,6985,6650,7250,7819,7952,8071,7977,7581,7374,7615,7652,7572,6250,7912,8080,7631,7943,7840,7695,7813,0.00366021247590607,0.0048655297869422505,0.0048655297869422505,0.004743202992767452,0.002496002246936948,0.007060874168900563,0.005226326563841517,0.006370704049673447,0.00367359768652616,0.00367359768652616,0.0034698841216855457,0.006949535039658743,0.004206381884129796,0.004206381884129796,0.004185927946148367,0.0006619701803512203,0.0004087717516928515,0.00043352482261147266,0.000486065805486353,0.000486065805486353,0.0005047291351593975,0.00047384537434179235,0.008042931492904826,0.0005047291351593975,0.04194515307776648,0.13907276720305964,0.13907276720305964,0.05573943386972629,0.06493614933539481,0.028278079329377776,0.026881117120741076,0.058880719667480805,0.3135863924752551,0.3135863924752551,0.23965093825536202,0.03300690462019267,0.07494564825431185,0.07494564825431185,0.07639590005005424,0.07964775515735376,0.04125344665174822,0.11467066727820382,0.1715448936199806,0.1715448936199806,0.16033493919021874,0.08821156028664727,0.09697153723520059,0.16033493919021874
337,24,0.0033079180479942062,0.00040126382479954383,0.007817767938829889,0.10802058562398176,0.024641024027345984,0.2874541931023172,1,False,21,0,36,0,0,0,0,7441,8065,6844,7657,6985,6650,7250,7819,7952,8071,7977,7581,7374,7615,7652,7572,6250,7912,8080,7631,7943,7840,7695,8104,0.0035033307904412344,0.004785417647273164,0.004785417647273164,0.004557477503261925,0.002404454189544351,0.006732414114660743,0.004981257153665758,0.006126640070486625,0.003794107282740024,0.003794107282740024,0.0035102599555017298,0.0066350366433418715,0.0040634770916803545,0.0040634770916803545,0.004045360953323789,0.0006403236174475141,0.00040126382479954383,0.0004234823786806751,0.00048243052241416575,0.00048243052241416575,0.0004993838270722236,0.00045945127778811666,0.007817767938829889,0.00040126382479954383,0.038449723654619274,0.12748336993613799,0.12748336993613799,0.0510944810472491,0.05952480355744524,0.025921572718596294,0.024641024027345984,0.05397399302852407,0.2874541931023172,0.2874541931023172,0.21968002673408185,0.030256329235176613,0.06870017756645252,0.06870017756645252,0.07002957504588306,0.07301044222757427,0.12114899276410254,0.1051147783383535,0.15724948581831555,0.15724948581831555,0.14697369425770052,0.08086059692942667,0.08889057579893388,0.12114899276410254
338,24,0.0029294181737353764,0.0003926805800960579,0.006329892216775319,0.12880847646149787,0.02773496846557856,0.34683301034379077,2,False,21,0,36,0,0,0,0,7441,8113,6844,7657,8118,7250,7819,7952,8120,7977,7581,7374,7615,7652,8127,7572,6250,7912,8080,7631,7943,7840,8112,8104,0.0034362853937777212,0.004812361205141815,0.004691371149708175,0.0043733308257406555,0.004867066895106694,0.004867066895106694,0.0058838343356229575,0.003990315680396208,0.003990315680396208,0.003531297223342249,0.006329892216775319,0.003918566463777331,0.003918566463777331,0.003902549239099528,0.0006341787103708095,0.0006341787103708095,0.0003926805800960579,0.00041256683614712973,0.00047690903768456963,0.00047690903768456963,0.0004922494893385511,0.0004445781263138771,0.0034362853937777212,0.0003926805800960579,0.11857891335006768,0.2001930891081265,0.11685975577479314,0.046836607626645,0.10592093869173383,0.10592093869173383,0.04947616027614706,0.34683301034379077,0.34683301034379077,0.20137335783957502,0.02773496846557856,0.06297516276924814,0.06297516276924814,0.0641937771253928,0.1502595720419431,0.1502595720419431,0.11105324336709399,0.09635521347682405,0.14414536200012257,0.14414536200012257,0.13472588640289213,0.07412221385197444,0.11857891335006768,0.11105324336709399
339,24,0.0028738985789121736,0.0003831958221065019,0.006034518171337493,0.12360832104572612,0.025423721093447014,0.3179302594818082,3,False,21,0,36,0,0,0,0,7441,8113,6844,7657,8118,7250,7819,7952,8120,7977,7581,7374,7615,7652,8127,7572,6250,7912,8080,7631,7943,7840,8112,8157,0.0033603615766143367,0.004814850059622263,0.004585507983992104,0.004191622761075942,0.004742685754703757,0.004742685754703757,0.005643537006335999,0.004159771509543632,0.004159771509543632,0.003534291726877241,0.006034518171337493,0.0037727689824109726,0.0037727689824109726,0.0037586304031279193,0.0006256942478467698,0.0006256942478467698,0.0003831958221065019,0.000400947720372002,0.0004697235210933812,0.0004697235210933812,0.0004835553796249549,0.0004404488374970236,0.0033603615766143367,0.0004404488374970236,0.10869733723756203,0.1835103316824493,0.10712144279356038,0.04293355699109125,0.09709419380075601,0.09709419380075601,0.04535314691980147,0.3179302594818082,0.3179302594818082,0.1845922446862771,0.025423721093447014,0.05772723253847746,0.05772723253847746,0.05884429569827673,0.13773794103844783,0.13773794103844783,0.10179880641983616,0.08832561235375537,0.13213324850011235,0.13213324850011235,0.1234987292026511,0.15127869603097657,0.10869733723756203,0.15127869603097657
340,24,0.0027285725985227043,0.00037297212294943227,0.005406805958566009,0.13568705166833764,0.03935576057516697,0.2914360711916575,4,False,21,0,36,0,0,0,0,7441,8113,6844,7657,8118,7250,7819,7952,8120,7977,8169,7374,7615,7652,8127,7572,6250,7912,8180,7943,8178,7840,8112,7631,0.0032770326849462356,0.00479488264466158,0.004469825005640787,0.004013074952361944,0.004610071649457991,0.004610071649457991,0.005406805958566009,0.004301460009920283,0.004301460009920283,0.003611500174837009,0.003611500174837009,0.003627060804714847,0.003627060804714847,0.0036145990346280374,0.0006151620021582141,0.0006151620021582141,0.00037297212294943227,0.0003887804700108383,0.0004857355470961167,0.0004857355470961167,0.00047298383865988146,0.0004346802828135832,0.0032770326849462356,0.0004610923079914165,0.09963922580109852,0.16821780404224518,0.09819465589409701,0.03935576057516697,0.08900301098402634,0.08900301098402634,0.04157371800981801,0.2914360711916575,0.2914360711916575,0.25254289096242066,0.25254289096242066,0.05291662982693767,0.05291662982693767,0.053940604390087,0.12625977928524384,0.12625977928524384,0.09331557255151647,0.08096514465760908,0.19654050176909685,0.19654050176909685,0.20445547779176965,0.13867213802839518,0.09963922580109852,0.12112214445843632
341,24,0.0026790867495465726,0.000362159645594674,0.005174524534726109,0.12437979736264286,0.036076113860569727,0.26714973192568603,5,False,21,0,36,0,0,0,0,7441,8113,6844,7657,8118,7250,7819,7952,8120,7977,8169,7374,7615,7652,8127,7572,6250,7912,8180,7943,8178,7840,8112,7631,0.003187672406180006,0.004754588913852828,0.004346180004579222,0.003838284300290008,0.004471021596579287,0.004471021596579287,0.005174524534726109,0.00441508917243991,0.00441508917243991,0.003666740368524351,0.003666740368524351,0.003482284782708815,0.003482284782708815,0.003471315888000945,0.0006028657436711724,0.0006028657436711724,0.000362159645594674,0.0003762060586464575,0.00048548981889361527,0.00048548981889361527,0.00047379376375956327,0.00042747519441129123,0.003187672406180006,0.0004512259072623314,0.0913359569843403,0.1541996537053914,0.09001176790292226,0.036076113860569727,0.08158609340202415,0.08158609340202415,0.038109241508999844,0.26714973192568603,0.26714973192568603,0.2314976500488856,0.2314976500488856,0.048506910674692864,0.048506910674692864,0.04944555402424641,0.11573813101147352,0.11573813101147352,0.0855392748388901,0.07421804926947499,0.1801621266216721,0.1801621266216721,0.18741752130912218,0.1271161265260289,0.0913359569843403,0.11102863242023328
342,24,0.0026237872037096193,0.00035089550979053243,0.004947418959568288,0.11401481424908927,0.03306977103885558,0.24488725426521218,6,False,21,0,36,0,0,0,0,7441,8113,6844,7657,8118,7250,7819,7952,8120,7977,8169,7374,7615,7652,8127,7572,6250,7912,8180,7943,8178,7840,8112,7631,0.0030935458790468467,0.004696158640666964,0.004216280635012686,0.003667735958506042,0.004327166900936316,0.004327166900936316,0.004947418959568288,0.004500997941329572,0.004500997941329572,0.0037009454197443406,0.0037009454197443406,0.003339160726505423,0.003339160726505423,0.0033295178988156145,0.0005890766801838697,0.0005890766801838697,0.00035089550979053243,0.0003633510300300794,0.0004830232739557277,0.0004830232739557277,0.0004723455585747914,0.00041903103726959436,0.0030935458790468467,0.000440324017392084,0.08372462723564528,0.14134968256327546,0.0825107872443454,0.03306977103885558,0.0747872522851888,0.0747872522851888,0.034933471383249856,0.24488725426521218,0.24488725426521218,0.21220617921147844,0.21220617921147844,0.044464668118468456,0.044464668118468456,0.045325091188892545,0.1060932867605174,0.1060932867605174,0.07841100193564925,0.06803321183035207,0.16514861606986608,0.16514861606986608,0.171799394533362,0.11652311598219316,0.08372462723564528,0.10177624638521383
343,24,0.0025702866621924157,0.00033930359650279133,0.00472607509924618,0.11145802417277628,0.030313956785617616,0.22447998307644448,7,False,21,0,36,0,0,0,0,7441,8113,6844,7657,8118,7250,7819,7952,8120,7977,8169,8244,7615,7652,8127,7572,6250,7912,8180,7943,8178,7840,8112,7631,0.0029958052464488408,0.0046217818267955,0.004081679223240624,0.0035018157126262997,0.004179973188592867,0.004179973188592867,0.00472607509924618,0.004560055011205959,0.004560055011205959,0.003715339756129765,0.003715339756129765,0.0032807797654232857,0.0032807797654232857,0.0031898286005751677,0.0005740501434536319,0.0005740501434536319,0.00033930359650279133,0.00035032785163814975,0.0004785526265652586,0.0004785526265652586,0.0004688463091071607,0.0004095367725444102,0.0029958052464488408,0.0004285734247024715,0.07674757496600816,0.12957054234966917,0.07563488830731661,0.030313956785617616,0.06855498126142306,0.06855498126142306,0.032022348767979034,0.22447998307644448,0.22447998307644448,0.19452233094385524,0.19452233094385524,0.12409261244192943,0.12409261244192943,0.041548000256484835,0.09725217953047427,0.09725217953047427,0.07187675177434515,0.062363777511156064,0.15138623139737722,0.15138623139737722,0.1574827783222485,0.10681285631701039,0.07674757496600816,0.09329489251977935
344,24,0.0025469569116255745,0.0003274946967133481,0.004627291461436673,0.12137499100003983,0.02778779372014948,0.26164547003186733,8,False,21,0,36,0,0,0,0,7441,8113,6844,7657,8118,8262,7819,7952,8120,7977,8266,8244,7615,7652,8127,7572,6250,7912,8180,7943,8277,8275,8112,7631,0.0028954887742469147,0.004533600794452498,0.003943772271049261,0.0033408216115058077,0.004030744180904108,0.004627291461436673,0.004627291461436673,0.0045935553587819955,0.0045935553587819955,0.003711361675213101,0.0038070773712194275,0.0032132503453585243,0.0032132503453585243,0.0030527686003047087,0.0005580233514495903,0.0005580233514495903,0.0003274946967133481,0.00033723550412135227,0.0004722992522529715,0.00048447980904283626,0.0004094650678095783,0.00048447980904283626,0.0028954887742469147,0.00041614665283454895,0.0703519437188408,0.1187729971538634,0.06933198094837356,0.02778779372014948,0.06284206615630447,0.11268715303731412,0.11268715303731412,0.2057733178200741,0.2057733178200741,0.17831213669853396,0.26164547003186733,0.11375156140510197,0.11375156140510197,0.03808566690177776,0.08914783123626807,0.08914783123626807,0.06588702245981638,0.05716679605189306,0.13877071211426245,0.2221040454475958,0.18124511829059287,0.2221040454475958,0.0703519437188408,0.08552031814313106
345,24,0.0024320340408022323,0.0003155669218400336,0.00460312001967066,0.11635543762578215,0.025472144243470357,0.23984168086254504,9,False,21,0,36,0,0,0,0,7441,8302,6844,7657,8118,8262,7819,7952,8120,7977,8266,8244,7615,7652,8127,7572,6250,7912,8180,7943,8277,8275,8112,7631,0.0027935227490950504,0.002865567458729497,0.0038038035989274976,0.003184974771117084,0.003880628250901715,0.004517591422461368,0.004517591422461368,0.00460312001967066,0.00460312001967066,0.003690593151297413,0.003875176472617491,0.003138008640076345,0.003138008640076345,0.0029187658543190055,0.0005412140742537652,0.0005412140742537652,0.0003155669218400336,0.0003241602369850653,0.00046448343084654173,0.0004877143562964682,0.0004075083628009998,0.0004877143562964682,0.002865567458729497,0.0004032012355294602,0.06448928174227074,0.14782261507560407,0.06355431586934243,0.025472144243470357,0.057605227309945765,0.10329655695087127,0.10329655695087127,0.18862554133506793,0.18862554133506793,0.16345279197365611,0.23984168086254504,0.10427226462134347,0.10427226462134347,0.034911861326629615,0.0817188452999124,0.0817188452999124,0.06039643725483168,0.05240289638090197,0.12720648610474058,0.20359537499362948,0.16614135843304345,0.20359537499362948,0.14782261507560407,0.0783936249645368
346,24,0.0023796981435371066,0.0003036063048364842,0.004590603055437534,0.10665915115696696,0.023349465556514494,0.21985487412399962,10,False,21,0,36,0,0,0,0,7441,8302,6844,7657,8118,8262,7819,7952,8120,7977,8266,8244,7615,7652,8127,7572,6250,7912,8180,7943,8277,8275,8112,7631,0.0026907254681815145,0.002825300866584036,0.003662870211055878,0.003034429311864064,0.00373062695048612,0.0043989066682918,0.0043989066682918,0.004590603055437534,0.004590603055437534,0.0036546983223778168,0.003920477767100191,0.003056403020531346,0.003056403020531346,0.0027881655552520167,0.0005238200395128737,0.0005238200395128737,0.0003036063048364842,0.00031117643290147376,0.0004553197528290737,0.0004884318240326156,0.00040384892618765554,0.0004884318240326156,0.002825300866584036,0.00038987949303785467,0.05911517493041484,0.13550406381930372,0.05825812288023056,0.023349465556514494,0.052804791700783615,0.09468851053829866,0.09468851053829866,0.17290674622381225,0.17290674622381225,0.14983172597585143,0.21985487412399962,0.0955829092362315,0.0955829092362315,0.03200253954941048,0.0749089415249197,0.0749089415249197,0.05536340081692904,0.04803598834916013,0.1166059455960122,0.18662909374416034,0.1522962452302898,0.18662909374416034,0.13550406381930372,0.07186082288415874
347,24,0.0024611609744106242,0.00029168753250227405,0.004558008261458571,0.10419578543540302,0.021403676760138286,0.2015336346136663,11,False,22,0,36,0,0,0,0,7441,8302,8330,6844,7657,8118,8262,7819,7952,8120,7977,8266,8244,7615,7652,8127,7572,6250,7912,8180,7943,8277,8275,8112,0.002587812735061144,0.0027760054040862994,0.003612760374532172,0.003612760374532172,0.002889281421097791,0.003581604836166742,0.004273025055901376,0.004273025055901376,0.004558008261458571,0.004558008261458571,0.003605371268314084,0.003944166657751967,0.002969683110602179,0.002969683110602179,0.0026612394987106597,0.000506018926821638,0.000506018926821638,0.00029168753250227405,0.00029834753405088394,0.00044501359473415425,0.00048683135576701753,0.00039867332912678366,0.00048683135576701753,0.0027760054040862994,0.054188910352880267,0.1242120585010284,0.13673661264021136,0.13673661264021136,0.021403676760138286,0.048404392392384976,0.08679780132677377,0.08679780132677377,0.15849785070516123,0.15849785070516123,0.13734574881119713,0.2015336346136663,0.08761766679987887,0.08761766679987887,0.029335661253626272,0.06866652973117639,0.06866652973117639,0.05074978408218495,0.044032989320063456,0.10688878346301119,0.17107666926548032,0.139604891461099,0.17107666926548032,0.1242120585010284
348,24,0.002309298351388636,0.0002798747602202908,0.004507416997917774,0.10033571714749313,0.019620037030126762,0.18473916506252744,12,False,23,0,36,0,0,0,0,7441,8302,8330,6844,7657,8118,8262,7819,7952,8120,7977,8266,8244,7615,7652,8127,7572,8367,6250,7912,8180,7943,8277,8275,0.002485404373127251,0.0027189568923655857,0.003550951101846852,0.003550951101846852,0.0027495775556414686,0.003434300048390909,0.0041415821889275745,0.0041415821889275745,0.004507416997917774,0.004507416997917774,0.003544293069203435,0.0039476884872834545,0.0028789935010116335,0.0028789935010116335,0.002538194844122564,0.0005005534904736718,0.0004879688169676176,0.0005005534904736718,0.0002798747602202908,0.000285726993636998,0.00043375854553458714,0.0004831269827391975,0.0003921675209996963,0.0004831269827391975,0.04967316782347358,0.11386105362594269,0.12534189492019374,0.12534189492019374,0.019620037030126762,0.044370693026352895,0.07956465121620929,0.07956465121620929,0.1452896964797311,0.1452896964797311,0.12590026974359736,0.18473916506252744,0.08031619456655563,0.08031619456655563,0.026891022815824082,0.14627765225357836,0.06294431892024502,0.14627765225357836,0.04652063540866954,0.0403635735433915,0.09798138484109359,0.1568202801600236,0.1279711505060074,0.1568202801600236
349,24,0.002239165082566106,0.00027335922415748336,0.004440927601664906,0.09510868799182011,0.017985033944282865,0.16934423464065015,13,False,24,0,36,0,0,0,0,7441,8302,8330,6844,7657,8118,8262,7819,7952,8120,7977,8266,8244,7615,7652,8127,7572,6250,8394,7912,8180,7943,8277,8275,0.0023840313581837283,0.0026553710323226226,0.003479077819840719,0.003479077819840719,0.00261532181572273,0.003289335212587949,0.004006058338623544,0.004006058338623544,0.004440927601664906,0.004440927601664906,0.00347309768796404,0.003932670574777155,0.0027853712554370184,0.0027853712554370184,0.0024191822209258407,0.0004933062601058765,0.0004698089797725179,0.00027513990423346814,0.00027513990423346814,0.00027335922415748336,0.00042173465520568387,0.00047754011487751563,0.00038451289050656865,0.00047754011487751563,0.045533737171517444,0.10437263249044747,0.11489673701017758,0.11489673701017758,0.017985033944282865,0.04067313527415682,0.07293426361485851,0.07293426361485851,0.13318222177308683,0.13318222177308683,0.11540858059829757,0.16934423464065015,0.073623178352676,0.073623178352676,0.02465010424783874,0.1340878478991135,0.0576989590102246,0.12597724912461375,0.12597724912461375,0.03699994241477554,0.08981626943766911,0.14375192348002164,0.11730688796384012,0.14375192348002164
350,24,0.002175430178610805,0.0002612805211628527,0.004360606146591555,0.09065518621472397,0.016486281115592624,0.15523221508726265,14,False,24,0,36,0,0,0,0,7441,8302,8330,6844,7657,8118,8262,7819,7952,8120,7977,8266,8244,7615,7652,8127,8416,6250,8394,7912,8180,7943,8277,8275,0.0022841432520904403,0.0025863893743045437,0.00339870145532088,0.00339870145532088,0.0024864825331150173,0.0031472283281257117,0.0038677795836099624,0.0038677795836099624,0.004360606146591555,0.004360606146591555,0.003393345928516752,0.0039008529752867028,0.0026897464191665303,0.0026897464191665303,0.002304303159616919,0.0004845068918131,0.0004633091975593192,0.00026961889171971625,0.00026961889171971625,0.0002612805211628527,0.0004091073754893998,0.00047029326113742857,0.0003758832344864131,0.00047029326113742857,0.04173925907389099,0.0956749131162435,0.10532200892599611,0.10532200892599611,0.016486281115592624,0.03728370733464375,0.0668564083136203,0.0668564083136203,0.12208370329199626,0.12208370329199626,0.10579119888177277,0.15523221508726265,0.06748791348995299,0.06748791348995299,0.022595928893852178,0.12291386057418736,0.13622404575937255,0.11547914503089593,0.11547914503089593,0.03391661388021091,0.08233158031786335,0.13177259652335316,0.10753131396685343,0.13177259652335316
351,24,0.0021093393345368084,0.00025595504500091075,0.0042684478396333965,0.08657280958571921,0.015112424355959905,0.1422961971633241,15,False,25,0,36,0,0,0,0,7441,8302,8330,6844,7657,8118,8262,7819,7952,8120,7977,8266,8244,7615,7652,8127,8416,6250,8394,8443,8180,7943,8277,8275,0.0021861156897518197,0.0025130700118207025,0.003311289838358745,0.003311289838358745,0.0023629981235902455,0.0030084033946564874,0.003727922174098343,0.003727922174098343,0.0042684478396333965,0.0042684478396333965,0.003306506552402174,0.0038540289392690807,0.0025929448312664786,0.0025929448312664786,0.002193616848661197,0.0004743774733912621,0.0004553172528982859,0.00026343291598972067,0.00026343291598972067,0.00025595504500091075,0.0003960270684436992,0.00046160494719330215,0.000366442535917561,0.00046160494719330215,0.03826098748440007,0.08770200368988987,0.09654517484882977,0.09654517484882977,0.015112424355959905,0.034176731723423434,0.061285040954151944,0.061285040954151944,0.11191006135099657,0.11191006135099657,0.09697526564162504,0.1422961971633241,0.061863920699123574,0.061863920699123574,0.020712934819364495,0.11267103885967175,0.1248720419460915,0.10585588294498793,0.10585588294498793,0.11442356272352668,0.07547061529137473,0.12079154681307372,0.09857037113628231,0.12079154681307372
352,24,0.002046895930974789,0.0002500086357774091,0.004166348035448909,0.08977507545357594,0.013853055659629913,0.18036789269957226,16,False,26,0,36,0,0,0,0,7441,8302,8330,6844,7657,8118,8262,7819,7952,8120,7977,8266,8244,8460,7652,8127,8416,6250,8466,8443,8180,7943,8277,8275,0.0020902577317734126,0.002436382224294419,0.003218205240757468,0.003218205240757468,0.0022447822578928523,0.002873200594703121,0.0035875192646596422,0.0035875192646596422,0.004166348035448909,0.004166348035448909,0.003213943564274639,0.003793995305181985,0.0025600563338228034,0.0025600563338228034,0.002087146234088273,0.00046312923016357657,0.00044604266706586376,0.00025669603467190776,0.00026331620316283636,0.0002500086357774091,0.000382628968245344,0.00045168574995718593,0.00035634344280727795,0.00045168574995718593,0.035072571860700064,0.08039350338239905,0.08849974361142729,0.08849974361142729,0.013853055659629913,0.03132867074647148,0.056177954207972614,0.056177954207972614,0.10258422290508018,0.10258422290508018,0.08889399350482295,0.13043818073304708,0.14004192730752996,0.14004192730752996,0.018986856917750785,0.10328178562136577,0.11446603845058387,0.09703455936623893,0.18036789269957226,0.10488826582989945,0.06918139735042683,0.1107255845786509,0.09035617354159212,0.1107255845786509
353,24,0.002034190823282482,0.0002435490430637331,0.00405608169000895,0.10358322750759597,0.017404618841271553,0.20290166567195983,17,False,28,0,36,0,0,0,0,7441,8302,8330,6844,8476,8262,7819,7952,8120,7977,8266,8483,8244,8460,7652,8127,8416,8488,6250,8466,8443,8180,8277,8275,0.0019968189454181145,0.0023572043356413423,0.0031206970570616245,0.0031206970570616245,0.0021867054980179027,0.0034474692953609153,0.0034474692953609153,0.00405608169000895,0.00405608169000895,0.0031169086750613955,0.003818515787069025,0.003818515787069025,0.0025185879686638263,0.0025185879686638263,0.001984883489806489,0.00045096017756034135,0.000446921565435242,0.000446921565435242,0.00024951417973506033,0.00026199351682908856,0.0002435490430637331,0.00036903349405121173,0.0003457263382302504,0.000440735338165473,0.032149857538975056,0.07369404476719912,0.08112476497714168,0.08112476497714168,0.0960319676879941,0.05149645802397489,0.05149645802397489,0.09403553766299017,0.09403553766299017,0.08148616071275437,0.20290166567195983,0.20290166567195983,0.12837176669856912,0.12837176669856912,0.017404618841271553,0.09467497015291862,0.18826053524636854,0.18826053524636854,0.08894834608571901,0.1653372349746079,0.09614757701074116,0.06341628090455792,0.0828264924131261,0.10149845253043
354,24,0.0020043837857117637,0.000236676208861947,0.003939290018039929,0.10695471569970764,0.015954233937832255,0.26932652686596315,18,False,27,0,36,0,0,0,0,8497,8302,8330,6844,8476,8262,7819,7952,8120,7977,8266,8507,8244,8460,7652,8127,8416,8488,6250,8466,8443,8180,8277,8275,0.0023350303216717835,0.0023350303216717835,0.0030198986849162427,0.0030198986849162427,0.0021249289353226035,0.0033085454283597387,0.0033085454283597387,0.003939290018039929,0.003939290018039929,0.0030165379988799958,0.0038233901685710394,0.003921995069713559,0.0024697053202479215,0.0024697053202479215,0.0018867948942048562,0.00043805358356487507,0.0004456607160771689,0.0004456607160771689,0.00024198456992624294,0.0002595823355838294,0.000236676208861947,0.0003553468251077543,0.0003347188961422882,0.00042894039257777383,0.15088620770326588,0.15088620770326588,0.0743643678957132,0.0743643678957132,0.08802930371399459,0.04720508652197698,0.04720508652197698,0.08619924285774098,0.08619924285774098,0.07469564732002484,0.18599319353262983,0.26932652686596315,0.11767411947368835,0.11767411947368835,0.015954233937832255,0.08678538930684207,0.17257215730917116,0.17257215730917116,0.0815359839119091,0.15155913206005722,0.08813527892651273,0.05813159082917809,0.07592428471203226,0.09304024815289416
355,24,0.0020275734694001606,0.00022948174478291448,0.0040007477465899164,0.10175719984436067,0.0146247144430129,0.24688264962713288,19,False,28,0,36,0,0,0,0,8497,8302,8330,6844,8524,8476,8262,7819,7952,8120,7977,8266,8507,8244,8460,7652,8127,8416,6250,8466,8443,8180,8277,8275,0.0023041951282072584,0.0023041951282072584,0.002916827741483197,0.002916827741483197,0.0021134086605196834,0.0021134086605196834,0.003171405562376372,0.003171405562376372,0.0038174731415023724,0.0038174731415023724,0.0029138521182927274,0.003810183184679634,0.0040007477465899164,0.0024145258529063404,0.0024145258529063404,0.001792825153250174,0.00042457710604316105,0.00044245491118585567,0.00023419545232345525,0.0002562027113738133,0.00022948174478291448,0.0003416616627251233,0.0003234360257342845,0.00041647327463234854,0.13831235706132705,0.13831235706132705,0.0681673372377371,0.0681673372377371,0.16402686173782838,0.16402686173782838,0.04327132931181223,0.04327132931181223,0.0790159726195959,0.0790159726195959,0.06847101004335611,0.17049376073824402,0.24688264962713288,0.10786794285088099,0.10786794285088099,0.0146247144430129,0.0795532735312719,0.15819114420007357,0.07474131858591666,0.13892920438838577,0.08079067234930333,0.05328729159341325,0.06959726098602957,0.08528689414015297
356,24,0.001977033411262381,0.0002220487153310509,0.004055507063118751,0.09327743319066395,0.01340598823942849,0.22630909549153846,20,False,28,0,36,0,0,0,0,8497,8302,8330,6844,8524,8476,8262,7819,7952,8120,7977,8266,8507,8244,8460,7652,8127,8416,6250,8466,8443,8180,8277,8275,0.0022657733633524753,0.0022657733633524753,0.0028123888492682394,0.0028123888492682394,0.0020931901218196867,0.0020931901218196867,0.003036602549167314,0.003036602549167314,0.0036919875908108537,0.0036919875908108537,0.002809758748269962,0.003780573629150927,0.004055507063118751,0.002354104475204753,0.002354104475204753,0.00170290121269158,0.0004106824778784554,0.00043750633066294906,0.0002262261057815023,0.0002519741386728268,0.0002220487153310509,0.0003280581165241492,0.0003119801173942964,0.0004034913155740457,0.12678632730621645,0.12678632730621645,0.06248672580125901,0.06248672580125901,0.15035795659300935,0.15035795659300935,0.039665385202494546,0.039665385202494546,0.07243130823462958,0.07243130823462958,0.06276509253974309,0.15628594734339035,0.22630909549153846,0.09887894761330757,0.09887894761330757,0.01340598823942849,0.07292383407033257,0.14500854885006745,0.06851287537042361,0.1273517706893536,0.07405811632019471,0.04884668396062881,0.06379748923719378,0.07817965296180689
357,24,0.0019233749153927194,0.0002144516640337076,0.004087394280820663,0.08550431375810863,0.012288822552809449,0.2074500042005769,21,False,28,0,36,0,0,0,0,8497,8302,8330,6844,8524,8476,8262,7819,7952,8120,7977,8266,8507,8244,8460,7652,8127,8416,6250,8466,8443,8180,8277,8275,0.00222081111661014,0.00222081111661014,0.0027073783278820252,0.0027073783278820252,0.0020652429496435696,0.0020652429496435696,0.002904594323768836,0.002904594323768836,0.0035640476270374435,0.0035640476270374435,0.002705057331977568,0.003736295948189331,0.004087394280820663,0.0022894236280472527,0.0022894236280472527,0.001616935602697048,0.0003965056244430244,0.00043101868447734977,0.00021814704647857362,0.00024701305512766597,0.0002144516640337076,0.0003146046641003847,0.0003004415146019311,0.0003901366064994799,0.1162208000306984,0.1162208000306984,0.057279498651154094,0.057279498651154094,0.13782812687692522,0.13782812687692522,0.03635993643562,0.03635993643562,0.06639536588174377,0.06639536588174377,0.057534668161431164,0.14326211839810782,0.2074500042005769,0.0906390353121986,0.0906390353121986,0.012288822552809449,0.06684684789780485,0.13292450311256182,0.06280346908955498,0.11673912313190747,0.06788660662684515,0.044776126963909736,0.05848103180076096,0.07166468188165631
358,24,0.0019729369216690534,0.00021002038374428076,0.004097829018644144,0.08840023440632333,0.011264754006741994,0.19016250385052882,22,False,29,0,36,0,0,0,0,8497,8302,8330,6844,8524,8476,8262,7819,7952,8120,7977,8602,8266,8507,8244,8460,7652,8127,8416,6250,8466,8180,8277,8615,0.0021703089411974435,0.0021703089411974435,0.0026024902307101544,0.0026024902307101544,0.002030530222879573,0.002030530222879573,0.0027757537342837355,0.0027757537342837355,0.0034347294763104603,0.0034347294763104603,0.002667510255151094,0.002667510255151094,0.003679091457278479,0.004097829018644144,0.0022213871918041433,0.0022213871918041433,0.0015348293577088583,0.00038216711149040414,0.00042319245577221497,0.00021002038374428076,0.00024143092277003256,0.0003013591437037818,0.0002888991474201336,0.00038624701685174547,0.10653573336147353,0.10653573336147353,0.05250620709689125,0.05250620709689125,0.12634244963718144,0.12634244963718144,0.03332994173265166,0.03332994173265166,0.06086241872493179,0.06086241872493179,0.13607344581464526,0.13607344581464526,0.13132360853159883,0.19016250385052882,0.08308578236951537,0.08308578236951537,0.011264754006741994,0.06127627723965444,0.121847461186515,0.05756984666542539,0.10701086287091517,0.04104478305025059,0.05360761248403088,0.14902595839151828
359,24,0.0019181265805445775,0.00020190028229459853,0.004088445722929666,0.08450577042801861,0.010326024506180162,0.19914724550074966,23,False,30,0,36,0,0,0,0,8497,8302,8330,6844,8620,8476,8262,7819,7952,8120,7977,8602,8266,8507,8244,8460,7652,8127,8416,6250,8466,8180,8277,8615,0.002115209455312931,0.002115209455312931,0.0024983232623750147,0.0024983232623750147,0.0020413103787482556,0.0019899887415406976,0.0026503779183037835,0.0026503779183037835,0.0033049776955849874,0.0033049776955849874,0.002621385926079366,0.002621385926079366,0.00361066891255648,0.004088445722929666,0.0021508175346734277,0.0021508175346734277,0.0014564745528732592,0.0003677728357409773,0.00041422117467200423,0.00020190028229459853,0.0002353328258928351,0.0002883697486201639,0.0002774212740864543,0.0003809478984554477,0.09765775558135073,0.09765775558135073,0.04813068983881698,0.04813068983881698,0.19914724550074966,0.11581391216741632,0.030552446588264025,0.030552446588264025,0.05579055049785414,0.05579055049785414,0.12473399199675815,0.12473399199675815,0.12037997448729892,0.1743156285296514,0.07616196717205576,0.07616196717205576,0.010326024506180162,0.05616992080301657,0.11169350608763874,0.052772359443306605,0.09809329096500558,0.037624384462729706,0.04914031144369497,0.13660712852555842
360,24,0.0018609628639286039,0.00019383349453208905,0.0040610186442977,0.0774636228923504,0.00946552246399848,0.18255164170902052,24,False,30,0,36,0,0,0,0,8497,8302,8330,6844,8620,8476,8262,7819,7952,8120,7977,8602,8266,8507,8244,8460,7652,8127,8416,6250,8466,8180,8277,8615,0.0020563889325517,0.0020563889325517,0.002395388201297164,0.002395388201297164,0.0020417679136872464,0.0019445139420200936,0.00252869712295009,0.00252869712295009,0.0031756130139506678,0.0031756130139506678,0.0025678903054768515,0.0025678903054768515,0.003532673794568071,0.0040610186442977,0.0020784550760457625,0.0020784550760457625,0.0013817564963552256,0.00035341488434977264,0.0004042886235633948,0.00019383349453208905,0.0002288165157647185,0.00027567599967384226,0.0002660662871712958,0.0003744168337585702,0.08951960928290484,0.08951960928290484,0.044119799018915565,0.044119799018915565,0.18255164170902052,0.10616275282013163,0.028006409372575355,0.028006409372575355,0.051141337956366294,0.051141337956366294,0.11433949266369496,0.11433949266369496,0.11034830994669068,0.15978932615218044,0.06981513657438444,0.06981513657438444,0.00946552246399848,0.051489094069431855,0.10238571391366884,0.04837466282303105,0.0899188500512551,0.034489019090835564,0.04504528549005372,0.12522320114842855
361,24,0.0018020067451281641,0.0001858599334560534,0.0040173966398926045,0.07100832098465452,0.008676728925331941,0.16733900489993547,25,False,30,0,36,0,0,0,0,8497,8302,8330,6844,8620,8476,8262,7819,7952,8120,7977,8602,8266,8507,8244,8460,7652,8127,8416,6250,8466,8180,8277,8615,0.001994652247520708,0.001994652247520708,0.0022941155300828455,0.0022941155300828455,0.002032754691302734,0.0018949489326156109,0.0024108829053619166,0.0024108829053619166,0.003047341110466831,0.003047341110466831,0.0025081733980516926,0.0025081733980516926,0.003446665430572147,0.0040173966398926045,0.002004959804416615,0.002004959804416615,0.0013105556144127118,0.00033917250249116993,0.0003935668590827535,0.0001858599334560534,0.00022197183167281398,0.0002633096787252249,0.0002548835496641396,0.00036682622738676214,0.08205964184266276,0.08205964184266276,0.0404431491006726,0.0404431491006726,0.16733900489993547,0.09731585675178732,0.02567254192486074,0.02567254192486074,0.046879559793335766,0.046879559793335766,0.10481120160838704,0.10481120160838704,0.10115261745113312,0.14647354897283207,0.06399720852651906,0.06399720852651906,0.008676728925331941,0.04719833623031253,0.09385357108752976,0.044343440921111796,0.08242561254698384,0.031614934166599266,0.0412915116992159,0.1147879343860595
362,24,0.0017417752719778798,0.00017801326284348852,0.00395944827613638,0.06509096090259998,0.007953668181554279,0.15339408782494085,26,False,31,0,36,0,0,0,0,8497,8302,8330,6844,8620,8476,8262,7819,7952,8120,7977,8602,8266,8507,8244,8460,7652,8127,8416,6250,8466,8180,8277,8615,0.0019307305708372588,0.0019307305708372588,0.0021948630443726423,0.0021948630443726423,0.0020151763781167437,0.0018420770836261764,0.0022970556816747437,0.0022970556816747437,0.002920761895131465,0.002920761895131465,0.002443315782359171,0.002443315782359171,0.00335410096258842,0.00395944827613638,0.001930914261521799,0.001930914261521799,0.0012427490634455824,0.00032511312011678076,0.0003822149308721443,0.00017801326284348852,0.00021488043075939148,0.000251295711326357,0.00024391423409166985,0.000358340601751821,0.0752213383557742,0.0752213383557742,0.03707288667561655,0.03707288667561655,0.15339408782494085,0.0892062020224717,0.023533163431122345,0.023533163431122345,0.04297292981055778,0.04297292981055778,0.09607693480768811,0.09607693480768811,0.09272323266353868,0.13426741989176272,0.05866410781597581,0.05866410781597581,0.007953668181554279,0.043265141544453156,0.08603244016356894,0.04064815417768581,0.07555681150140185,0.028980356319382658,0.03785055239094791,0.1052222731872212
363,24,0.0017836853899383049,0.00020761576445498778,0.003889017074151105,0.07567267453200145,0.007290862499758089,0.17140385690704746,27,False,34,0,36,0,0,0,0,8497,8302,8330,6844,8620,8476,8262,7819,8721,8120,7977,8723,8602,8266,8507,8244,8460,7652,8127,8416,8466,8180,8277,8615,0.001865281256548442,0.001865281256548442,0.0020979232683780344,0.0020979232683780344,0.001989962344755077,0.00178661760400063,0.00218729161644321,0.00218729161644321,0.0028684973234196533,0.0028684973234196533,0.002374319633162175,0.0024355531307615583,0.0024355531307615583,0.0032563251344278855,0.003889017074151105,0.0018568275772146603,0.0018568275772146603,0.0011782121004806432,0.00031129339936719283,0.00037037817946297046,0.00020761576445498778,0.00023965299095295994,0.00023319214436980407,0.00034911464340277033,0.06895289349279302,0.06895289349279302,0.0339834794526485,0.0339834794526485,0.14061124717286244,0.08177235185393239,0.021572066478528815,0.021572066478528815,0.12272518565967797,0.12272518565967797,0.0880705235737141,0.17140385690704746,0.17140385690704746,0.08499629660824379,0.12307846823411582,0.05377543216464449,0.05377543216464449,0.007290862499758089,0.03965971308241539,0.0788630701499382,0.06926041054295169,0.02656532662610077,0.03469633969170225,0.09645375042161942
364,24,0.001754561961896886,0.0002002432459895319,0.003807886295997599,0.07688360240415483,0.006683290624778248,0.1571202021647935,28,False,33,0,36,0,0,0,0,8497,8302,8330,8739,6844,8742,8262,7819,8721,8120,7977,8723,8602,8266,8507,8244,8460,7652,8127,8416,8466,8180,8277,8615,0.0017988894255379568,0.0017988894255379568,0.00200353055324967,0.002055201432607776,0.002055201432607776,0.0021353138903013012,0.0021353138903013012,0.002081628862319665,0.0028083782228425836,0.0028083782228425836,0.0023021035039810533,0.0024172421533436984,0.0024172421533436984,0.0031545648977526204,0.003807886295997599,0.0017831402093200308,0.0017831402093200308,0.001116819240800611,0.0002977602731013648,0.00035818800297089193,0.0002002432459895319,0.00022839514059110763,0.0002227445056058601,0.00033929189525859206,0.06320681903506026,0.06320681903506026,0.031151522831594457,0.1144848561649278,0.1144848561649278,0.10310772760531808,0.10310772760531808,0.019774394271984744,0.1124980868547048,0.1124980868547048,0.08073131327590459,0.1571202021647935,0.1571202021647935,0.07791327189089013,0.11282192921460617,0.04929414615092412,0.04929414615092412,0.006683290624778248,0.03635473699221411,0.07229114763744335,0.06348870966437238,0.024351549407259036,0.03180497805072706,0.08841593788648447
365,24,0.0017545535418591201,0.00019282056071860988,0.0037177523858735215,0.07949647086000855,0.00612634973938006,0.22736018531772736,29,False,36,0,36,0,0,0,0,8497,8302,8330,6844,8742,8262,7819,8721,8120,7977,8723,8772,8773,8266,8507,8244,8460,7652,8127,8416,8466,8180,8277,8615,0.0017320708139091803,0.0017320708139091803,0.00191186777356541,0.002007488962112153,0.00207910562295638,0.00207910562295638,0.0019800731726996503,0.0027416542993309876,0.0027416542993309876,0.0022275001756212813,0.002389489950856801,0.0024511146896349883,0.0031285852808204694,0.0031285852808204694,0.0037177523858735215,0.001710229106887388,0.001710229106887388,0.00105844522873966,0.0002845519525922734,0.00034576199267984526,0.00019282056071860988,0.0002175312100541624,0.0002125927115913335,0.0003290039900703837,0.0579395841154719,0.0579395841154719,0.02855556259562825,0.10494445148451714,0.09451541697154157,0.09451541697154157,0.018126528082652683,0.1031232462834794,0.1031232462834794,0.07400370383624587,0.14402685198439402,0.22736018531772736,0.1547538325666493,0.1547538325666493,0.10342010178005565,0.0451863006383471,0.0451863006383471,0.00612634973938006,0.03332517557619626,0.06626688533432307,0.05819798385900801,0.02232225362332078,0.02915456321316647,0.08104794306261076
366,24,0.0017316079214963597,0.0001853980782865495,0.003620206025054461,0.08519836334837566,0.005615820594431721,0.2251910131860952,30,False,36,0,36,0,0,0,0,8497,8302,8330,6844,8742,8262,7819,8721,8120,7977,8791,8772,8797,8266,8507,8244,8460,7652,8127,8416,8466,8180,8277,8615,0.0016652755208099773,0.0016652755208099773,0.001823072568622832,0.0019556512857252387,0.002019510842483937,0.002019510842483937,0.001882602918957259,0.00273834291501181,0.0026694968232576005,0.0021512569364477534,0.00273834291501181,0.0024711144535486526,0.0031703237911812625,0.0031703237911812625,0.003620206025054461,0.0016384130726044485,0.0016384130726044485,0.001002965845098582,0.0002716988887218919,0.0003332043495538638,0.0001853980782865495,0.00020706630936602263,0.0002027530233706299,0.00031837032571842364,0.05311128543918257,0.05311128543918257,0.026175932379325896,0.09619908052747404,0.0866391322239131,0.0866391322239131,0.016615984075764957,0.1778629757598561,0.09452964242652277,0.06783672851655871,0.1778629757598561,0.20841350320791674,0.2251910131860952,0.2251910131860952,0.09480175996505101,0.04142077558515151,0.04142077558515151,0.005615820594431721,0.03054807761151324,0.06074464488979614,0.053348151870757345,0.02046206582137738,0.026725016278735927,0.07429394780739319
367,24,0.0016910284266033256,0.00017801933259185083,0.0035167197024022255,0.08157072195823326,0.005147835544895745,0.20642509542058726,31,False,37,0,36,0,0,0,0,8497,8302,8330,6844,8742,8262,7819,8721,8120,7977,8791,8772,8797,8266,8507,8244,8460,7652,8127,8416,8466,8180,8277,8831,0.001598892352441507,0.001598892352441507,0.0017372430999231506,0.001900491184179938,0.0019573015188356965,0.0019573015188356965,0.0017891735496440354,0.0027226767845595474,0.0025929896006787016,0.0020740377320421282,0.0027226767845595474,0.0024780916488711356,0.003194250593071616,0.003194250593071616,0.0035167197024022255,0.0015679581500941515,0.0015679581500941515,0.0009502585722095679,0.00025922467612152114,0.0003206065061406107,0.00017801933259185083,0.0001970021799830852,0.0001932372151524071,0.0003154284405344255,0.04868534498591736,0.04868534498591736,0.023994604681048737,0.08818249048351787,0.07941920453858702,0.07941920453858702,0.015231318736117877,0.1630410611132014,0.08665217222431254,0.062183667806845484,0.1630410611132014,0.19104571127392367,0.20642509542058726,0.20642509542058726,0.08690161330129675,0.037969044286388885,0.037969044286388885,0.005147835544895745,0.02800240447722047,0.05568259114897979,0.04890247254819423,0.01875689366959593,0.024497931588841265,0.15143611882344377
368,24,0.0016617769798674441,0.00017072154189404597,0.0034086407166435424,0.08764144910000256,0.004718849249487766,0.1892230041355383,32,False,38,0,36,0,0,0,0,8497,8302,8330,6844,8742,8836,8837,8721,8120,7977,8791,8772,8797,8266,8507,8244,8460,7652,8127,8416,8466,8180,8277,8831,0.0015332535160594916,0.0015332535160594916,0.0016544433152596422,0.0018427445758545653,0.0019420010039177405,0.0019420010039177405,0.0019420010039177405,0.0026958850268358273,0.002513123927798207,0.001996426698215901,0.0026958850268358273,0.0024730289639930863,0.003201486037578315,0.003201486037578315,0.0034086407166435424,0.001499082904423752,0.001499082904423752,0.0009002031354226166,0.00024714689378721574,0.00030804789045292335,0.00017072154189404597,0.00018733770663917985,0.00018405316606128527,0.00031131100324845206,0.04462823290375758,0.04462823290375758,0.021995054290961342,0.08083394960989138,0.15613427082703812,0.15613427082703812,0.15613427082703812,0.1494543060204346,0.0794311578722865,0.05700169548960836,0.1494543060204346,0.17512523533443003,0.1892230041355383,0.1892230041355383,0.07965981219285535,0.03480495726252315,0.03480495726252315,0.004718849249487766,0.02566887077078543,0.05104237521989814,0.04482726650251138,0.017193819197129603,0.022456437289771158,0.13881644225482345
369,24,0.0016775365787574513,0.0001677537301430222,0.0032971885894544084,0.0984232484231367,0.0043256118120304525,0.21058173873358818,33,False,38,0,36,0,0,0,0,8497,8857,8302,8330,6844,8742,8836,8837,8721,8120,7977,8791,8772,8797,8266,8507,8244,8460,7652,8875,8876,8180,8277,8879,0.0014686394685593106,0.001506515553192707,0.001506515553192707,0.0015747077241181075,0.0017830787633686918,0.0019191749573459766,0.0019191749573459766,0.0019191749573459766,0.0026592178409547726,0.0024307967770892985,0.0019189326669145869,0.0026592178409547726,0.0024569959033418766,0.003193314785520517,0.003193314785520517,0.0032971885894544084,0.0014319634997856717,0.0014319634997856717,0.0008526819377016937,0.0003032201950710121,0.0001677537301430222,0.00017806937327106048,0.0001752053979146345,0.0003140591322858609,0.04090921349511111,0.12424254682844446,0.12424254682844446,0.020162133100047896,0.07409778714240042,0.1431230815914516,0.1431230815914516,0.1431230815914516,0.1369997805187317,0.07281189471626262,0.05225155419880766,0.1369997805187317,0.16053146572322752,0.17345442045757678,0.17345442045757678,0.0730214945101174,0.031904544157312885,0.031904544157312885,0.0043256118120304525,0.13012217728490663,0.12442499429396878,0.015761000930702134,0.02058506751562356,0.21058173873358818
370,24,0.0016363769751271153,0.00016431609406569056,0.003183455961215222,0.09022131105454197,0.003965144161027914,0.19303326050578914,34,False,40,0,36,0,0,0,0,8497,8857,8302,8330,6844,8742,8836,8837,8721,8120,7977,8791,8772,8797,8266,8507,8244,8460,7652,8875,8876,8180,8277,8879,0.0014052837683421558,0.0014755683905489146,0.0014755683905489146,0.0014980456995090945,0.0017220926328014518,0.001889717871139456,0.001889717871139456,0.001889717871139456,0.002613915014366971,0.0023468115325591143,0.001841994305859508,0.002613915014366971,0.002431109032147624,0.0031711276106362357,0.0031711276106362357,0.003183455961215222,0.001366738507562966,0.001366738507562966,0.000807580402111033,0.00029748088190566945,0.00016431609406569056,0.0001691916668897989,0.0001666955604479651,0.00031513720554789484,0.03750011237051852,0.11388900125940742,0.11388900125940742,0.01848195534171057,0.06792297154720038,0.1311961581254973,0.1311961581254973,0.1311961581254973,0.12558313214217073,0.06674423682324074,0.047897258015573686,0.12558313214217073,0.14715384357962522,0.15899988541944537,0.15899988541944537,0.06693636996760761,0.029245832144203475,0.029245832144203475,0.003965144161027914,0.11927866251116441,0.11405624476947138,0.014447584186476955,0.01886964522265493,0.19303326050578914
371,24,0.0015924515769711312,0.00015852286628789154,0.0031363709162085824,0.08270286846666347,0.0036347154809422545,0.17694715546364004,35,False,41,0,36,0,0,0,0,8497,8857,8302,8330,6844,8742,8836,8837,8721,8120,7977,8791,8772,8797,8266,8507,8244,8460,7652,8875,8876,8180,8277,8879,0.0013433778166631841,0.0014410718473794589,0.0014410718473794589,0.0014244453286274344,0.001660318354714408,0.0018545073103868423,0.0018545073103868423,0.0018545073103868423,0.0025611809288743543,0.0022618806720253104,0.0017659856177284078,0.0025611809288743543,0.002396498445757039,0.0031363709162085824,0.0031363709162085824,0.0030684121498899043,0.0013035134015751495,0.0013035134015751495,0.0007647872352375154,0.0002909651424748843,0.00016048215127061925,0.00016069743346656945,0.00015852286628789154,0.0003146685139283627,0.034375103006308645,0.10439825115445679,0.10439825115445679,0.016941792396568022,0.06226272391826701,0.12026314494837251,0.12026314494837251,0.12026314494837251,0.11511787113032317,0.061182217087970676,0.04390581984760921,0.11511787113032317,0.1348910232813231,0.14574989496782492,0.14574989496782492,0.061358339136973646,0.02680867946551985,0.02680867946551985,0.0036347154809422545,0.10933877396856737,0.10455155770534875,0.013243618837603876,0.017297174787433686,0.17694715546364004
372,24,0.0014800963259639585,0.00015068447855699294,0.003090504303910937,0.0812143676715103,0.015529976363520687,0.16220155917500337,36,False,41,0,36,0,0,0,0,8497,8857,8302,8330,6844,8742,8836,8837,8721,8120,7977,8791,8797,8266,8507,8244,8460,8946,7652,8875,8876,8949,8277,8879,0.0012830754059427794,0.0014036455218847707,0.0014036455218847707,0.0013538768395160866,0.0015982241972185794,0.00181438818079502,0.00181438818079502,0.00181438818079502,0.002502165507382309,0.00217662987832213,0.0016912215821980846,0.002502165507382309,0.003090504303910937,0.003090504303910937,0.0029529086673265917,0.001242364715955769,0.001242364715955769,0.0007428715396022365,0.0007428715396022365,0.00028380088973631453,0.00015632095392331406,0.00015651316824763747,0.00015068447855699294,0.0003127880422893893,0.031510511089116254,0.0956983968915854,0.0956983968915854,0.015529976363520687,0.057074163591744755,0.1102412162026748,0.1102412162026748,0.1102412162026748,0.10552471520279623,0.056083698997306454,0.04024700152697511,0.10552471520279623,0.13360407038717284,0.13360407038717284,0.056245144208892504,0.024574622843393196,0.024574622843393196,0.08666515585753042,0.08666515585753042,0.10022720947118675,0.09583892789656968,0.09547331726780356,0.015855743555147545,0.16220155917500337
373,24,0.001455927235682287,0.00014317585435240165,0.0030349660480423796,0.07901943472959448,0.014235811666560629,0.1486847625770864,37,False,41,0,36,0,0,0,0,8497,8857,8302,8330,6844,8742,8836,8837,8721,8120,7977,8791,8797,8266,8507,8244,8460,8968,7652,8875,8876,8949,8277,8879,0.0012244970181366126,0.0013638637344110009,0.0013638637344110009,0.0012862956337416007,0.0015362181218141768,0.0017701610177337115,0.0017701610177337115,0.0017701610177337115,0.002437950422162365,0.0020916031437066226,0.0016179637739232636,0.002437950422162365,0.0030349660480423796,0.0030349660480423796,0.0028376860990207515,0.0011833438555702435,0.0012138621910661267,0.0012138621910661267,0.0007199932580855651,0.00027610748910992513,0.00015189652142042685,0.00015206772213725048,0.00014317585435240165,0.0003096373207911639,0.02888463516502323,0.08772353048395327,0.08772353048395327,0.014235811666560629,0.05231798329243269,0.10105444818578523,0.10105444818578523,0.10105444818578523,0.09673098893589654,0.05141005741419758,0.036893084733060515,0.09673098893589654,0.12247039785490843,0.12247039785490843,0.05155804885815146,0.02252673760644376,0.1058600709397771,0.1058600709397771,0.07944305953606955,0.09187494201525452,0.08785235057185554,0.0875172074954866,0.014534431592218582,0.1486847625770864
374,24,0.0015226543341891393,0.0001359910475216819,0.0029711459891901067,0.07800548619306338,0.013049494027680577,0.13629436569566253,38,False,42,0,36,0,0,0,0,8497,8857,8302,8330,6844,8742,8836,8837,8721,8120,7977,8791,8797,8266,8507,8990,8244,8460,8968,7652,8875,8876,8277,8879,0.0011677338368553205,0.0013222526148018022,0.0013222526148018022,0.0012216449564204676,0.0014746518898508594,0.0017225737863204866,0.0017225737863204866,0.0017225737863204866,0.0023695398337434835,0.002007268508885774,0.0015464258316721486,0.0023695398337434835,0.0029711459891901067,0.0029711459891901067,0.002793617640334562,0.002793617640334562,0.0011264805598237952,0.001182820967614798,0.001182820967614798,0.0006964093995522115,0.00026799496106679345,0.0001472675125165568,0.0001359910475216819,0.0003053600660427741,0.026477582234604627,0.08041323627695716,0.08041323627695716,0.013049494027680577,0.04795815135139663,0.09263324417030312,0.09263324417030312,0.09263324417030312,0.0886700731912385,0.047125885963014445,0.03381866100530547,0.0886700731912385,0.11226453136699939,0.11226453136699939,0.13059487811997217,0.13059487811997217,0.020649509472573446,0.09703839836146234,0.09703839836146234,0.07282280457473042,0.08421869684731664,0.08053132135753424,0.0133232289595337,0.13629436569566253
375,24,0.001477201742966671,0.00012912297420843906,0.0029003651458526527,0.07497725123253034,0.011962036192040528,0.1272949720721136,39,False,40,0,36,0,0,0,0,8497,8857,8302,8330,9004,8742,8836,8837,8721,8120,7977,8791,8797,8266,8507,8990,8244,8460,8968,7652,8875,8876,8277,8879,0.0011128514531710489,0.0012792889359358416,0.0012792889359358416,0.0011598582351413412,0.0014502878955977023,0.0016723166650683418,0.0016723166650683418,0.0016723166650683418,0.0022978549295893523,0.0019240241479588048,0.0014767786888689525,0.0022978549295893523,0.0029003651458526527,0.0029003651458526527,0.0027411033001268344,0.0027411033001268344,0.0010717860287535513,0.0011497291776693239,0.0011497291776693239,0.0006723501609991802,0.0002595635731744651,0.0001424870925473804,0.00012912297420843906,0.00030009860722620996,0.024271117048387574,0.0737121332538774,0.0737121332538774,0.011962036192040528,0.1272949720721136,0.08491380715611119,0.08491380715611119,0.08491380715611119,0.08128090042530195,0.0431987287994299,0.031000439254863347,0.08128090042530195,0.10290915375308277,0.10290915375308277,0.11971197160997449,0.11971197160997449,0.018928717016525657,0.08895186516467381,0.08895186516467381,0.06675423752683622,0.07720047211004025,0.07382037791107306,0.012212959879572558,0.12493650188769065
376,24,0.0014132688444601007,0.00012256364459105172,0.0028238612261724666,0.08951238122132694,0.010965199842703817,0.1541004327675369,40,False,39,0,36,0,0,0,0,8497,9026,8302,8330,9004,8742,8836,8837,8721,8120,7977,8791,8797,8266,8507,8990,8244,9040,9043,7652,9044,8876,8277,8879,0.0010598932575985771,0.0012672611978751828,0.0012672611978751828,0.0011008611187093523,0.0014217107622372005,0.0016200192996719696,0.0016200192996719696,0.0016200192996719696,0.0022237315674624746,0.0018422045721572028,0.0014091555043811103,0.0022237315674624746,0.0028238612261724666,0.0028238612261724666,0.002681390181761019,0.002681390181761019,0.001045542242845413,0.001045542242845413,0.0006647320669268063,0.0006647320669268063,0.00025737453115990533,0.00013760295526305723,0.00012256364459105172,0.0002939910558423199,0.022248523961021942,0.1509027888160543,0.1509027888160543,0.010965199842703817,0.1166870577327708,0.07783765655976858,0.07783765655976858,0.07783765655976858,0.07450749205652678,0.03959883473281074,0.028417069316958067,0.07450749205652678,0.09433339094032586,0.09433339094032586,0.10973597397580995,0.10973597397580995,0.10068465726514852,0.10068465726514852,0.1445247177329332,0.1445247177329332,0.1541004327675369,0.06766867975181697,0.011195213222941511,0.11452512673038309
377,24,0.0013762823199405512,0.00011630436411897766,0.0027427791811372136,0.08899746056399414,0.010051433189145165,0.1839246428111591,41,False,41,0,36,0,0,0,0,8497,9026,8302,8330,9004,8742,8836,8837,8721,8120,7977,8791,8797,8266,8507,9062,8244,9040,9043,7652,9044,8876,8277,8879,0.0010088835202015519,0.0012505322147299293,0.0012505322147299293,0.0010445732454369859,0.0013895619221891335,0.0015662500482319628,0.0015662500482319628,0.0015662500482319628,0.0021479203867915803,0.0017620867783178533,0.0013436562552942464,0.0021479203867915803,0.0027427791811372136,0.0027427791811372136,0.0026831165895745326,0.0026831165895745326,0.0010173295589233841,0.0010173295589233841,0.000654786219499934,0.000654786219499934,0.00025420452966736466,0.00013265746340149516,0.00011630436411897766,0.0002871691539365899,0.020394480297603445,0.13832755641471642,0.13832755641471642,0.010051433189145165,0.10696313625503989,0.07135118517978786,0.07135118517978786,0.07135118517978786,0.06829853438514955,0.03629893183840985,0.02604898020721156,0.06829853438514955,0.08647227502863204,0.08647227502863204,0.1839246428111591,0.1839246428111591,0.09229426915971947,0.09229426915971947,0.13248099125518878,0.13248099125518878,0.14125873003690884,0.06202962310583222,0.010262278787696385,0.10498136616951784
378,24,0.0013293319609262756,0.00011033590738446152,0.002672299666225375,0.08676723412878296,0.0092138137567164,0.16859758924356252,42,False,43,0,36,0,0,0,0,8497,9026,8330,9004,8742,8836,8837,8721,8120,7977,8791,8797,8266,8507,9062,8244,9088,9040,9043,7652,9044,8876,8277,8879,0.0009598301676986029,0.0012296851989703503,0.0009909097691118993,0.001354446061663327,0.0015115167863154109,0.0015115167863154109,0.0015115167863154109,0.00207108882228924,0.001683896212803969,0.0012803519714192305,0.00207108882228924,0.0026581659544449576,0.0026581659544449576,0.002672299666225375,0.002672299666225375,0.0010130235402833739,0.0010130235402833739,0.0009875545929060425,0.0006428170696578976,0.0006428170696578976,0.00025017211632245173,0.00012768787702144193,0.00011033590738446152,0.00027975672218091726,0.01869494027280316,0.12680026004682338,0.0092138137567164,0.0980495415671199,0.0654052530814722,0.0654052530814722,0.0654052530814722,0.06260698985305374,0.03327402085187569,0.023878231856610595,0.06260698985305374,0.07926625210957937,0.07926625210957937,0.16859758924356252,0.16859758924356252,0.16793641339640952,0.16793641339640952,0.08460308006307618,0.12144090865058971,0.12144090865058971,0.12948716920049977,0.056860487847012864,0.009407088888721686,0.09623291898872469
379,24,0.0013100102811433023,0.00010464866757050154,0.0026501249245853703,0.0868399426699535,0.008445995943656701,0.1545477901399323,43,False,44,0,36,0,0,0,0,8497,9026,8330,9004,8742,8836,8837,8721,8120,9104,8791,8797,8266,8507,9062,8244,9088,9040,9043,7652,9044,8876,8277,8879,0.0009127272713133492,0.001205287899139127,0.0009397826689339607,0.0013169256339393947,0.0014562688934023418,0.0014562688934023418,0.0014562688934023418,0.001993824529938966,0.0016492778026678037,0.0016492778026678037,0.001993824529938966,0.002570968635005574,0.002570968635005574,0.0026501249245853703,0.0026501249245853703,0.0010044314429785758,0.0010044314429785758,0.0009565881271726054,0.0006291183105312407,0.0006291183105312407,0.00024539324063966856,0.00012272664344843996,0.00010464866757050154,0.00027186862366011913,0.017137028583402894,0.11623357170958809,0.008445995943656701,0.08987874643652657,0.059954815324682845,0.059954815324682845,0.059954815324682845,0.05738974069863259,0.11383451911421939,0.11383451911421939,0.05738974069863259,0.07266073110044775,0.07266073110044775,0.1545477901399323,0.1545477901399323,0.15394171228004205,0.15394171228004205,0.07755282339115316,0.11132083292970722,0.11132083292970722,0.11869657176712478,0.05212211385976179,0.008623164814661546,0.08821350907299763
380,24,0.0012720201757355253,9.923278420194808e-05,0.002617812161093263,0.07960328078079072,0.007742162948351975,0.14166880762827128,44,False,44,0,36,0,0,0,0,8497,9026,8330,9004,8742,8836,8837,8721,8120,9104,8791,8797,8266,8507,9062,8244,9088,9040,9043,7652,9044,8876,8277,8879,0.0008675572623437188,0.0011778833608210308,0.000891101867745211,0.0012775175368315336,0.0014009000968653984,0.0014009000968653984,0.0014009000968653984,0.0019166398109119014,0.0016106956183515077,0.0016106956183515077,0.0019166398109119014,0.002482035291545505,0.002482035291545505,0.002617812161093263,0.002617812161093263,0.0009920160729994995,0.0009920160729994995,0.000924764708063819,0.0006139686800876605,0.0006139686800876605,0.00023997925032000322,0.0001178017272425756,9.923278420194808e-05,0.0002636101595078989,0.01570894286811932,0.10654744073378908,0.007742162948351975,0.08238885090014936,0.054958580714292604,0.054958580714292604,0.054958580714292604,0.05260726230707987,0.10434830918803444,0.10434830918803444,0.05260726230707987,0.06660567017541044,0.06660567017541044,0.14166880762827128,0.14166880762827128,0.14111323625670522,0.14111323625670522,0.07109008810855706,0.10204409685223162,0.10204409685223162,0.10880519078653104,0.047778604371448305,0.007904567746773084,0.08086238331691449
381,24,0.0012338288307701865,9.407825170566212e-05,0.0025765820761800393,0.07644189627128038,0.007096982702655978,0.18100182067263998,45,False,43,0,36,0,0,0,0,8497,9145,8330,9004,8742,8836,8837,8721,8120,9104,8791,8797,8266,8507,9062,8244,9088,9040,9043,7652,9044,8876,8277,8879,0.0008242928943734021,0.0011775895818991106,0.0008447761808626933,0.0012366915657230151,0.0013457519024989383,0.0013457519024989383,0.0013457519024989383,0.0018399766903968676,0.001568842018941595,0.001568842018941595,0.0018399766903968676,0.002392117854047817,0.002392117854047817,0.0025765820761800393,0.0025765820761800393,0.0009762400669575771,0.0009762400669575771,0.0008923831556326714,0.000597628998340474,0.000597628998340474,0.00023403541148101653,0.00011293696274307641,9.407825170566212e-05,0.0002550768168382727,0.014399864295776043,0.18100182067263998,0.007096982702655978,0.0755231133251369,0.05037869898810155,0.05037869898810155,0.05037869898810155,0.04822332378148988,0.09565261675569822,0.09565261675569822,0.04822332378148988,0.061055197660792905,0.061055197660792905,0.12986307365924865,0.12986307365924865,0.1293537999019798,0.1293537999019798,0.06516591409951064,0.09354042211454565,0.09354042211454565,0.09973809155432012,0.04379705400716095,0.007245853767875327,0.07412385137383828
382,24,0.001194446394332458,8.917501106518832e-05,0.002527629415058699,0.07007173824867367,0.006505567477434646,0.16591833561658664,46,False,43,0,36,0,0,0,0,8497,9145,8330,9004,8742,8836,8837,8721,8120,9104,8791,8797,8266,8507,9062,8244,9088,9040,9043,7652,9044,8876,8277,8879,0.0007828989720070653,0.0011718823893333598,0.0008007141158277408,0.0011948702843286943,0.001291117389715642,0.001291117389715642,0.001291117389715642,0.001764212373544805,0.001524358725161352,0.001524358725161352,0.001764212373544805,0.002301876495742404,0.002301876495742404,0.002527629415058699,0.002527629415058699,0.0009575558152369208,0.0009575558152369208,0.0008597077632270573,0.0005803402567478617,0.0005803402567478617,0.0002276598843976551,0.0001081524154138257,8.917501106518832e-05,0.0002463542962473891,0.013199875604461371,0.16591833561658664,0.006505567477434646,0.06922952054804216,0.04618047407242642,0.04618047407242642,0.04618047407242642,0.044204713466365717,0.08768156535939003,0.08768156535939003,0.044204713466365717,0.05596726452239349,0.05596726452239349,0.11904115085431126,0.11904115085431126,0.1185743165768148,0.1185743165768148,0.05973542125788475,0.08574538693833351,0.08574538693833351,0.09142658392479344,0.0401472995065642,0.006642032620552383,0.06794686375935176
383,24,0.001223526948408466,8.451302664072212e-05,0.0025358574523901595,0.07119470164827191,0.005963436854315092,0.19245438828311867,47,False,44,0,36,0,0,0,0,8497,9145,8330,9004,8742,8836,8837,8721,8120,9104,8791,8797,8266,8507,9062,9206,9088,9040,9043,7652,9044,8876,8277,8879,0.0007433338662244122,0.0011612863079793051,0.000758824541450917,0.0011524299938165876,0.0012372451936978137,0.0012372451936978137,0.0012372451936978137,0.0016896648585990324,0.0014778335753564266,0.0014778335753564266,0.0016896648585990324,0.0022118850564392663,0.0022118850564392663,0.0024721021521004233,0.0025358574523901595,0.0025358574523901595,0.0009363976670597555,0.0008269699967596306,0.0005623225812804204,0.0005623225812804204,0.00022094308479367707,0.00010346474138523077,8.451302664072212e-05,0.00023751875436847674,0.012099885970756256,0.15209180764853775,0.005963436854315092,0.0634603938357053,0.04233210123305755,0.04233210123305755,0.04233210123305755,0.04052098734416857,0.08037476824610752,0.08037476824610752,0.04052098734416857,0.05130332581219403,0.05130332581219403,0.10912105494978531,0.19245438828311867,0.19245438828311867,0.1086931235287469,0.05475746948639435,0.07859993802680572,0.07859993802680572,0.08380770193106066,0.036801691214350514,0.006088529902173017,0.062284625112739106
384,24,0.0011867088777523214,8.008235001995864e-05,0.0025316754541087807,0.06873403206647148,0.005466483783122167,0.17641652259285878,48,False,44,0,36,0,0,0,0,9216,9145,8330,9004,8742,8836,8837,8721,8120,9104,8791,8797,8266,8507,9062,9206,9088,9040,9043,7652,9044,8876,8277,8879,0.0007237469310397702,0.001146337995854147,0.0007190172426898012,0.0011097025226926038,0.0011843435355028094,0.0011843435355028094,0.0011843435355028094,0.0016165985374213246,0.0014297992311246583,0.0014297992311246583,0.0016165985374213246,0.0021226371295000345,0.0021226371295000345,0.002411086090727279,0.0025316754541087807,0.0025316754541087807,0.0009131761774575769,0.000794370534707582,0.0005437749019984461,0.0005437749019984461,0.00021396736308386066,9.888753727297427e-05,8.008235001995864e-05,0.00022863720569524584,0.09442489547319324,0.13941749034449294,0.005466483783122167,0.05817202768272985,0.03880442613030275,0.03880442613030275,0.03880442613030275,0.03714423839882119,0.07367687089226523,0.07367687089226523,0.03714423839882119,0.04702804866117786,0.04702804866117786,0.10002763370396987,0.17641652259285878,0.17641652259285878,0.09963536323468465,0.05019434702919482,0.07204994319123857,0.07204994319123857,0.07682372677013893,0.03373488361315464,0.005581152410325266,0.05709423968667751
385,24,0.0011488518695342807,7.587317257210126e-05,0.0025161720629955043,0.06300619606093218,0.0050109434678619865,0.16171514571012055,49,False,44,0,36,0,0,0,0,9216,9145,8330,9004,8742,8836,8837,8721,8120,9104,8791,8797,8266,8507,9062,9206,9088,9040,9043,7652,9044,8876,8277,8879,0.0007029838698014129,0.0011275721267693072,0.0006812033761666894,0.0010669776017786646,0.0011325841943051853,0.0011325841943051853,0.0011325841943051853,0.0015452296561639742,0.0013807334269956041,0.0013807334269956041,0.0015452296561639742,0.002034552508505408,0.002034552508505408,0.0023455941759479423,0.0025161720629955043,0.0025161720629955043,0.0008882741289079728,0.0007620815188068012,0.0005248751779104398,0.0005248751779104398,0.0002068069388873772,9.443167458471469e-05,7.587317257210126e-05,0.00021976803654233357,0.08655615418376048,0.12779936614911852,0.0050109434678619865,0.05332435870916903,0.03557072395277752,0.03557072395277752,0.03557072395277752,0.034048885198919424,0.06753713165124312,0.06753713165124312,0.034048885198919424,0.0431090446060797,0.0431090446060797,0.09169199756197238,0.16171514571012055,0.16171514571012055,0.09133241629846092,0.04601148477676192,0.06604578125863536,0.06604578125863536,0.07042174953929402,0.030923643312058418,0.005116056376131493,0.05233638637945438
386,24,0.0011189920100330613,7.187586819730075e-05,0.002490487271970256,0.07858901305585449,0.004593364845540154,0.1482388835676105,50,False,43,0,36,0,0,0,0,9216,9145,8330,9004,8742,9268,8837,8721,8120,9273,8791,9276,8266,8507,9062,9206,9088,9281,9043,7652,9044,8876,8277,8879,0.0006813132112412353,0.0011055101040964546,0.0006452958395261448,0.0010245056285708516,0.0011100137726818646,0.0011100137726818646,0.0010821063438410314,0.001475731544246494,0.0013310604050241386,0.0013653883375304829,0.001475731544246494,0.0019982220868895537,0.0019982220868895537,0.0022765597992203675,0.002490487271970256,0.002490487271970256,0.000862044054607804,0.0007490819675371337,0.0005057810441209714,0.0005057810441209714,0.00019952803455313212,9.010561484517169e-05,7.187586819730075e-05,0.00021096159218394206,0.07934314133511376,0.1171494189700253,0.004593364845540154,0.04888066215007161,0.11593983029004606,0.11593983029004606,0.03260649695671273,0.03121147809900947,0.06190903734697285,0.1452423706803062,0.03121147809900947,0.12284995755557307,0.12284995755557307,0.08405099776514134,0.1482388835676105,0.1482388835676105,0.08372138160692251,0.12551052771203175,0.06054196615374908,0.06054196615374908,0.06455327041101952,0.02834667303605355,0.004689718344787202,0.047975020847833186
387,24,0.0010874281006662252,6.808102759777122e-05,0.0024557775708082693,0.07203992863453329,0.004210584441745141,0.1358856432703096,51,False,44,0,36,0,0,0,0,9216,9145,8330,9004,8742,9268,8837,8721,8120,9273,8791,9276,8266,8507,9062,9206,9088,9281,9043,7652,9044,8876,8277,8879,0.0006589779007521866,0.0010806513811724035,0.000611209566353051,0.000982500661932842,0.001084686228844537,0.001084686228844537,0.0010330201981166409,0.0014082395487330244,0.0012811532242917036,0.001345229514352708,0.0014082395487330244,0.0019564109295012564,0.0019564109295012564,0.002204833398521403,0.0024557775708082693,0.0024557775708082693,0.0008348069997125738,0.0007339547858388919,0.00048663076716500366,0.00048663076716500366,0.00019218915855578956,8.59157030270063e-05,6.808102759777122e-05,0.00020226080566025355,0.07273121289052095,0.10738696738918986,0.004210584441745141,0.04480727363756564,0.10627817776587556,0.10627817776587556,0.029889288876986667,0.02861052159075868,0.05674995090139178,0.13313883979028068,0.02861052159075868,0.11261246109260864,0.11261246109260864,0.07704674795137956,0.1358856432703096,0.1358856432703096,0.07674459980634563,0.11505131706936243,0.05549680230760332,0.05549680230760332,0.059173831210101224,0.025984450283049083,0.004298908482721602,0.04397710244384709
388,24,0.0011021047719661711,6.447948524492113e-05,0.0024754232959878363,0.08548590759682302,0.003859702404933046,0.20789517299778382,52,False,46,0,36,0,0,0,0,9216,9145,8330,9004,8742,9268,8837,8721,8120,9273,9276,8266,8507,9062,9206,9327,9329,9281,9043,7652,9044,8876,8277,8879,0.0006361955075098174,0.0010534671042703786,0.0005788617570206484,0.0009411435207509777,0.0010570721142414005,0.0010570721142414005,0.0009854104300680477,0.001342855634426049,0.0012313366838017058,0.0013208827834300279,0.00190998998164875,0.00190998998164875,0.0021311817064613,0.0024131874019981485,0.0024754232959878363,0.0024754232959878363,0.0007355215622985694,0.0007355215622985694,0.00046754441281838117,0.00046754441281838117,0.00018484149685646847,8.186643801927801e-05,6.447948524492113e-05,0.00019370184334046436,0.06667027848297753,0.0984380534400907,0.003859702404933046,0.041073334167768503,0.0974216629520526,0.0974216629520526,0.027398514803904445,0.026226311458195456,0.052020788326275796,0.12204393647442395,0.10322808933489125,0.10322808933489125,0.07062618562209792,0.12456183966445047,0.20789517299778382,0.20789517299778382,0.18879704064691555,0.18879704064691555,0.05087206878196971,0.05087206878196971,0.05424267860925945,0.023819079426128327,0.003940666109161469,0.04031234390685983
389,24,0.0011064861297885155,6.106234007878632e-05,0.0025460641990739416,0.08930422752032326,0.003538060537855292,0.27390390858130187,53,False,50,0,36,0,0,0,0,9216,9145,8330,9004,8742,9268,8837,8721,8120,9273,9276,8507,9062,9206,9327,9351,9329,9281,9043,7652,9044,8876,8277,8879,0.0006131589577163147,0.0010243957664618944,0.000548172054611915,0.000900584888582232,0.0010276087082240583,0.0010276087082240583,0.0009393393416626155,0.0012796526282687936,0.0011818906429265424,0.001292952464537643,0.0018597756542379962,0.0020562890650000763,0.0023638265848012737,0.002482052285700851,0.0025460641990739416,0.0025460641990739416,0.0007335567425119992,0.0007335567425119992,0.00044862514782638337,0.00044862514782638337,0.0001775293772783431,7.796071974497693e-05,6.106234007878632e-05,0.0001853147480413499,0.061114421942729404,0.09023488232008313,0.003538060537855292,0.03765055632045446,0.08930319103938154,0.08930319103938154,0.025115305236912407,0.024040785503345832,0.04768572263241948,0.11187360843488861,0.09462574855698364,0.06474067015358977,0.1141816863590796,0.1905705752479685,0.27390390858130187,0.27390390858130187,0.17306395392633925,0.17306395392633925,0.046632729716805564,0.046632729716805564,0.049722455391821165,0.021834156140617633,0.0036122772667313463,0.03695298191462151
390,24,0.0009856654490834355,5.9312168679270175e-05,0.002667587694351934,0.09587971085066939,0.003243222159700684,0.3344119161995267,54,False,49,0,36,0,0,0,0,9216,9145,9361,8330,9004,9365,8837,8721,8120,9273,9276,8507,9062,9206,9375,9329,9377,9043,7652,9044,8876,9382,8277,8879,0.000590037653745905,0.0010194716186781273,0.0010194716186781273,0.0005190626739512846,0.0008609483505017028,0.0010224022754779052,0.0008948497754685133,0.0012186781007328573,0.001133053565098186,0.0012620126008425303,0.0018065235000578957,0.0019807602984573368,0.0023087531783246612,0.0024766518894108647,0.002667587694351934,0.0007283803198395386,0.0007471651851724893,0.000429960612471258,0.000429960612471258,0.0001702907783737115,7.420007319852408e-05,5.9312168679270175e-05,5.9312168679270175e-05,0.00017712406533929866,0.056021553447501954,0.16604864212674286,0.16604864212674286,0.003243222159700684,0.03451300996041659,0.16519459178609974,0.023022363133836373,0.022037386711400344,0.04371191241305119,0.10255080773198122,0.08674026951056833,0.05934561430745728,0.1046665458291563,0.17468969397730444,0.3344119161995267,0.15864195776581097,0.2419752910991443,0.042746668907071766,0.042746668907071766,0.04557891744250273,0.020014643128899497,0.08664458749450374,0.08664458749450374,0.033873566755069716
391,24,0.0010087372921946307,5.748519531827233e-05,0.0027712135357448233,0.10133919536642828,0.002972953646392294,0.3065442565162328,55,False,50,0,36,0,0,0,0,9216,9385,9145,9361,8330,9004,9365,8837,8721,8120,9273,9276,8507,9062,9206,9375,9329,9377,9401,7652,9044,8876,8277,8879,0.0005669788612928387,0.0010363458024071266,0.0010363458024071266,0.0010102904980073474,0.0004914584907902841,0.0008223333085372492,0.0010129524214556658,0.0008519677665027363,0.0011599578874555254,0.0010850261471683537,0.001228600743543782,0.001750924670524341,0.001905124711015992,0.002248961148455066,0.0024602951863162466,0.0027712135357448233,0.0007203247923891179,0.0007563515060250108,0.0004222400699058041,0.0004116243145029007,0.00016315786001542155,7.05848501529995e-05,5.748519531827233e-05,0.00016914944273710292,0.05135309066021012,0.23554458861618097,0.23554458861618097,0.15221125528284762,0.002972953646392294,0.03163692579704854,0.15142837580392476,0.02110383287268334,0.020200937818783647,0.040069253045296925,0.09400490708764944,0.07951191371802097,0.0544001464485025,0.0959443336767266,0.16013221947919573,0.3065442565162328,0.14542179461866006,0.22181068350754896,0.12251777983148246,0.03918444649814912,0.04178067432229417,0.018346756201491204,0.07942420520329509,0.03105076952548057
392,24,0.0009835893670310492,5.560193584020227e-05,0.00285648127462581,0.10944146280280827,0.002725207509192936,0.2992492062314992,56,False,51,0,36,0,0,0,0,9216,9385,9409,8330,9004,9365,8837,8721,8120,9273,9276,8507,9062,9206,9375,9329,9377,9425,9401,7652,9044,8876,8277,8879,0.0005441092675250295,0.001074206850909819,0.001074206850909819,0.0004652870973025434,0.0007848177386184272,0.0009997277040973856,0.0008107049396783335,0.0011034992621095216,0.0010379749286004473,0.0011932139174133326,0.001693604628967678,0.0018298408466668554,0.0021853721609150075,0.002434101343096004,0.00285648127462581,0.0007097254625219205,0.0007809734543837967,0.0007809734543837967,0.0004133665813105608,0.00039367700664468956,0.000156157497972824,6.711440962006865e-05,5.560193584020227e-05,0.00016140619463130966,0.04707366643852594,0.2992492062314992,0.2992492062314992,0.002725207509192936,0.02900051531396116,0.13880934448693102,0.019345180133293064,0.01851752633388501,0.03673014862485551,0.08617116483034531,0.07288592090818588,0.049866800911127294,0.08794897253699938,0.14678786785592943,0.28099890180654674,0.13330331173377172,0.2866597932152532,0.2866597932152532,0.11230796484552559,0.03591907595663669,0.038298951462102986,0.016817859851366936,0.07280552143635383,0.02846320539835719
393,24,0.0010671784124394303,5.3680765318823385e-05,0.002998774370830164,0.11985138080118718,0.002498106883426858,0.35764510571220764,57,False,53,0,36,0,0,0,0,9216,9433,9409,8330,9004,9365,8837,8721,8120,9273,9276,8507,9062,9206,9446,9375,9377,9425,9401,7652,9044,8876,8277,9455,0.000521536632169656,0.0011334969152984903,0.0011049990846557502,0.0004404788292526847,0.0007484607652766638,0.0009831943971193148,0.0007710606628287607,0.0010492937768872054,0.0009920358015135873,0.0011563063998910612,0.0016351236445073605,0.001755301715898876,0.0021188308264237085,0.002399202208703769,0.002998774370830164,0.002998774370830164,0.0008005323061727191,0.0008005323061727191,0.00040352396503153876,0.0003761680197285815,0.00014931180902825079,6.378727836310445e-05,5.3680765318823385e-05,0.0001578750466433715,0.043150860901982106,0.35764510571220764,0.2743117723788743,0.002498106883426858,0.026583805704464395,0.1272418991130201,0.017733081788851975,0.01697439913939459,0.033669302906117554,0.07899023442781654,0.06681209416583705,0.04571123416853335,0.08061989149224942,0.13455554553460197,0.3409156599893345,0.3409156599893345,0.2627714771139821,0.2627714771139821,0.10294896777506513,0.032925819626916965,0.0351073721735944,0.01541637153041969,0.066738394649991,0.1094246049484941
394,24,0.0011055784171684778,5.173797945215642e-05,0.003120945677447463,0.12392294551961691,0.002289931309807953,0.327841346902857,58,False,55,0,36,0,0,0,0,9216,9433,9409,8330,9004,9365,9461,8721,8120,9273,9466,9276,8507,9062,9206,9446,9375,9377,9474,7652,9044,8876,8277,9455,0.0004993514701312033,0.001185216737726698,0.001128762214047684,0.0004169667695016419,0.0007133050408425511,0.000988663252218049,0.000988663252218049,0.000997319790535429,0.0009473173649011976,0.0011182889690110893,0.0016166229992134172,0.0016166229992134172,0.0016818402529341604,0.0020501027594410338,0.0023567150586101984,0.003120945677447463,0.003120945677447463,0.0008151088624211345,0.00040301691329243914,0.00035913653164761127,0.00014263865678934055,6.0601292891173376e-05,5.173797945215642e-05,0.00015399149010886527,0.03955495582681693,0.327841346902857,0.2514524580139681,0.002289931309807953,0.024368488562425693,0.19997174085360175,0.19997174085360175,0.015559865877778373,0.03086352766394109,0.07240771489216516,0.14457775298535064,0.14457775298535064,0.0419019646544889,0.07390156720122863,0.12334258340671847,0.31250602165688995,0.31250602165688995,0.24087385402115022,0.17770322046047637,0.03018200132467388,0.03218175782579487,0.014131673902884716,0.06117686176249174,0.10030588786945292
395,24,0.001096833987375635,4.978788863281953e-05,0.0032223506987860565,0.11359603339298215,0.00209910370065729,0.3005212346609522,59,False,56,0,36,0,0,0,0,9216,9433,9409,8330,9004,9365,9461,8721,8120,9273,9466,9276,8507,9062,9206,9446,9375,9377,9474,7652,9044,8876,8277,9455,0.00047762871860180416,0.0012289941076615515,0.0011456773817659321,0.0003946867318899242,0.0006793789240126766,0.0009891132436174912,0.0009891132436174912,0.0009475447059877418,0.0009039040845302556,0.0010795293077362508,0.0015924584343269981,0.0015924584343269981,0.0016097348193067288,0.0019798748674447393,0.0023077211293351324,0.0032223506987860565,0.0032223506987860565,0.000824876026842151,0.0004006933132009597,0.00034261275891496115,0.0001361521313129619,5.755372441945195e-05,4.978788863281953e-05,0.00014982032195810465,0.036258709507915515,0.3005212346609522,0.23049808651280407,0.00209910370065729,0.02233778118222355,0.1833074291158016,0.1833074291158016,0.014263210387963509,0.028291567025279334,0.0663737386511514,0.1325296069032381,0.1325296069032381,0.038410134266614826,0.06774310326779291,0.11306403478949192,0.28646385318548245,0.28646385318548245,0.220801032852721,0.16289461875543668,0.027666834547617723,0.029499944673645296,0.012954034410977656,0.05607878994895076,0.09194706388033184
396,24,0.0010847656473186446,4.784293472845318e-05,0.003302870608338564,0.1041296972769003,0.0019241783922691825,0.27547779843920617,60,False,56,0,36,0,0,0,0,9216,9433,9409,8330,9004,9365,9461,8721,8120,9273,9466,9276,8507,9062,9206,9446,9375,9377,9474,7652,9044,8876,8277,9455,0.0004564293537408082,0.0012646738367152724,0.0011560410881016373,0.00037357722899247607,0.0006466984587931281,0.0009849553652977816,0.0009849553652977816,0.0008999269406418972,0.0008618592345829298,0.0010403532895409409,0.0015633704145970484,0.0015633704145970484,0.0015392146140484194,0.0019087573539839416,0.0022532494099289147,0.003302870608338564,0.003302870608338564,0.0008300801668824853,0.0003967341266806979,0.00032661906287719986,0.00012986299804743917,5.464138828757375e-05,4.784293472845318e-05,0.00014542127260646904,0.03323715038225589,0.27547779843920617,0.21128991263673705,0.0019241783922691825,0.020476299417038255,0.16803181002281814,0.16803181002281814,0.013074609522299883,0.02593393643983939,0.06084259376355545,0.12148547299463491,0.12148547299463491,0.035209289744396924,0.0620978446621435,0.1036420318903676,0.26259186542002555,0.26259186542002555,0.20240094678166093,0.1493200671924836,0.02536126500198291,0.02704161595084152,0.011874531543396185,0.05140555745320486,0.08428480855697086
397,24,0.0010640691487626248,4.591382237151903e-05,0.0033628420090471064,0.10074444775121032,0.0017638301929134173,0.25252131523593896,61,False,55,0,36,0,0,0,0,9216,9433,8330,9004,9365,9534,9461,8721,8120,9273,9466,9276,8507,9062,9206,9446,9375,9377,9474,7652,9044,8876,8277,9455,0.0004358019320346163,0.0012922927773647505,0.0003535794267567483,0.0006152691593227614,0.0009766274270740776,0.0010018145637914649,0.0010018145637914649,0.000854417652497719,0.0008212276085297712,0.0010010469088480981,0.0015300732933465992,0.0015300732933465992,0.0014704648880241485,0.0018372869890680083,0.00219426506126715,0.0033628420090471064,0.0033628420090471064,0.0008310232170085147,0.00039132336530432526,0.00031117096673591077,0.0001237791134948607,5.18607392953954e-05,4.591382237151903e-05,0.0001408487829342778,0.030467387850401227,0.25252131523593896,0.0017638301929134173,0.018769941132285067,0.15402915918758328,0.23736249252091662,0.23736249252091662,0.011985058728774893,0.023772775069852772,0.05577237761659249,0.11136168357841533,0.11136168357841533,0.03227518226569718,0.05692302427363154,0.09500519589950362,0.24070920996835674,0.24070920996835674,0.1855342012165225,0.13687672825977665,0.023247826251817667,0.02478814795493806,0.01088498724811317,0.04712176099877112,0.07726107451055662
398,24,0.0010476067873875013,4.400965815591786e-05,0.003402980834664104,0.09234907710527612,0.0016168443435039658,0.2314778722996107,62,False,55,0,36,0,0,0,0,9216,9433,8330,9004,9365,9534,9461,8721,8120,9273,9466,9276,8507,9062,9206,9446,9375,9377,9474,7652,9044,8876,8277,9455,0.000415784039606881,0.0013120512888511128,0.00033463708861252193,0.0005850876092477015,0.0009645793566425778,0.0010128223501200031,0.0010128223501200031,0.0008109622449264331,0.0007820379955037341,0.0009618586577828601,0.0014932450915283743,0.0014932450915283743,0.0014036318906389788,0.00176593126999154,0.0021316617982610154,0.003402980834664104,0.003402980834664104,0.0008280461859656474,0.0003846434654881366,0.0002962780826681029,0.00011790580646700199,4.920795435692177e-05,4.400965815591786e-05,0.00013615195150798592,0.02792843886286779,0.2314778722996107,0.0016168443435039658,0.01720577937126131,0.14119339592195135,0.21758228481084024,0.21758228481084024,0.010986303834710318,0.021791710480698372,0.05112467948187645,0.10208154328021406,0.10208154328021406,0.029585583743555747,0.052179438917495574,0.08708809624121165,0.22065010913766034,0.22065010913766034,0.1700730177818123,0.1254703342381286,0.021310507397499526,0.02272246895869322,0.009977904977437071,0.04319494758220686,0.07082265163467691
399,24,0.0009782548064906124,4.322483030191055e-05,0.0034243054717398545,0.09344088268726376,0.0014821073148786352,0.21218804960797646,63,False,60,0,36,0,0,0,0,9216,9433,8330,9004,9365,9534,9461,8721,8120,9273,9466,9276,8507,9589,9206,9590,9375,9377,9474,7652,9044,8876,9598,9455,0.00039640363926209615,0.0013242833745029108,0.0003166965112715664,0.000556142886428113,0.0009492609886841614,0.0010182937887170081,0.0010182937887170081,0.0007695016719661401,0.0007443054250213611,0.0009230021860843473,0.001453520280913239,0.001453520280913239,0.0013388275019331642,0.0017388094670287416,0.002119546181796237,0.002119546181796237,0.0034243054717398545,0.000821514485168151,0.0003768716193453902,0.0002819449506677251,0.00011224622492507387,4.667900379648123e-05,4.322483030191055e-05,0.00013137461479453667,0.025601068957628807,0.21218804960797646,0.0014821073148786352,0.0157719644236562,0.12942727959512207,0.1994504277432702,0.1994504277432702,0.010070778515151124,0.019975734607306842,0.04686428952505341,0.09357474800686288,0.09357474800686288,0.027120118431592767,0.13116448567437095,0.16316408822111067,0.16316408822111067,0.2022626000428553,0.1559002662999946,0.11501447305161787,0.019534631781041232,0.020828929878802117,0.009146412895983981,0.1229287019503563,0.06492076399845383
400,24,0.001022192776442283,4.3412782781593956e-05,0.003516472416152505,0.09756415506762783,0.0013585983719720822,0.2687407167059507,64,False,59,0,36,0,0,0,0,9216,9433,8330,9004,9365,9534,9461,8721,8120,9273,9466,9276,8507,9589,9206,9616,9375,9377,9474,7652,9044,8876,9622,9455,0.00037768031014333986,0.0013294272482539894,0.0002997064541115353,0.000528417825037086,0.0009311122524850291,0.0010186085225539258,0.0010186085225539258,0.0007299735648702607,0.0007080331876699921,0.0008846591129981884,0.00141148512792097,0.00141148512792097,0.0012761335227455457,0.001706395600585196,0.0020987616860843653,0.003516472416152505,0.003516472416152505,0.0008118052927258192,0.00036817697894164086,0.00026817179240637835,0.00010680164921714143,4.426971252355886e-05,4.3412782781593956e-05,0.00012655552777932636,0.023467646544493074,0.19450571214064508,0.0013585983719720822,0.014457634055018183,0.11864167296219523,0.18282955876466436,0.18282955876466436,0.009231546972221864,0.018311090056697937,0.04295893206463229,0.0857768523396243,0.0857768523396243,0.02486010856229337,0.12023411186817336,0.14956708086935144,0.2687407167059507,0.2687407167059507,0.14290857744166172,0.1054299336306497,0.017906745799287794,0.019093185722235274,0.00838421182131865,0.19601797678782662,0.059510700331916
401,24,0.001057634666271852,4.197581222922742e-05,0.003586493775823882,0.10205225583682398,0.007685527502875428,0.24634565698045477,65,False,64,0,36,0,0,0,0,9216,9433,9626,9004,9365,9534,8721,8120,9273,9466,9276,8507,9589,9206,9638,9616,9375,9377,9474,7652,9044,8876,9622,9647,0.0003596263787881077,0.0013279976250715456,0.00029093254904447095,0.0005018901277501226,0.0009105555795310657,0.0010141909001769908,0.0006923131992862668,0.0006732146426969462,0.0008469818881170585,0.0013676751638689681,0.0013676751638689681,0.0012156056109082513,0.0016694670412914397,0.0021236738487048048,0.0021236738487048048,0.003586493775823882,0.003586493775823882,0.0007992970089422387,0.0003587186338564609,0.000254955184559983,0.00010157177311258191,4.197581222922742e-05,4.338447072315094e-05,0.00012486798764322642,0.021512009332451985,0.17829690279559132,0.08457871517430775,0.0132528312171,0.10875486688201229,0.16759376220094233,0.008462251391203376,0.01678516588530644,0.03937902105924627,0.07862878131132227,0.07862878131132227,0.02278843284876892,0.11021460254582557,0.2204364907969055,0.2204364907969055,0.24634565698045477,0.24634565698045477,0.13099952932152323,0.09664410582809556,0.016414516982680476,0.017502086912049,0.007685527502875428,0.17968314538884106,0.13788480863758967
402,24,0.001084777724687089,3.979298565179737e-05,0.0036350363077741698,0.11664316807186832,0.007045066877635809,0.28540011656383,66,False,63,0,36,0,0,0,0,9216,9433,9626,9004,9365,9534,9655,8120,9273,9276,8507,9589,9661,9206,9638,9616,9375,9665,9474,7652,9044,8876,9622,9647,0.0003422479432776418,0.0013205606072536416,0.00028180793747938814,0.0004765333408791788,0.0008879902979840434,0.0010054923959298672,0.0006563361103072903,0.0006563361103072903,0.0008100966223474773,0.001322574374989106,0.0011572768630409166,0.0016287603056201086,0.0021919631810575044,0.0021919631810575044,0.0021368539040353884,0.0036350363077741698,0.0036350363077741698,0.0008045893376854261,0.000348644254445285,0.0002422886567800639,9.655495442797235e-05,3.979298565179737e-05,4.315826421424999e-05,0.0001227711481706537,0.019719341888080985,0.16343882756262537,0.0775304889097821,0.012148428615675,0.09969196130851125,0.1536276153508638,0.09871973539486424,0.09871973539486424,0.03609743597097574,0.07207638286871208,0.020889396778038177,0.10103005233367345,0.28540011656383,0.28540011656383,0.2020667832304967,0.22581685223208353,0.22581685223208353,0.2034162352113963,0.08859043034242092,0.015046640567457102,0.01604357966937825,0.007045066877635809,0.16470954993977097,0.12639440791779052
403,24,0.001036641849230993,3.771690386502026e-05,0.0036631124102559317,0.1104196011110979,0.006457977971166158,0.26161677351684415,67,False,67,0,36,0,0,0,0,9672,9433,9626,9004,9365,9534,9655,8120,9273,9276,8507,9682,9589,9661,9206,9616,9375,9665,9474,7652,9044,8876,9622,9647,0.00033394159210132634,0.0013077116769749358,0.00027243115125153187,0.00045231770510513567,0.0008637887543130256,0.000992976549771921,0.0006382743024401832,0.0006382743024401832,0.0007741058305911089,0.0012766157442683492,0.0011295598981450907,0.0011295598981450907,0.0015849635187261727,0.002246066524550939,0.002246066524550939,0.0036631124102559317,0.0036631124102559317,0.0008057325252257908,0.00033808929326646777,0.00023016321989632267,9.174843728385728e-05,3.771690386502026e-05,4.2753552503571115e-05,0.00012032165561500727,0.10140939673074091,0.14981892526573992,0.07106961483396693,0.01113605956436875,0.0913842978661353,0.14082531407162516,0.09049309077862555,0.09049309077862555,0.03308931630672776,0.06607001762965274,0.102481947046535,0.102481947046535,0.09261088130586732,0.26161677351684415,0.26161677351684415,0.20699878121274323,0.20699878121274323,0.18646488227711325,0.0812078944805525,0.013792753853502343,0.014706614696930062,0.006457977971166158,0.1509837541114567,0.11586154059130797
404,24,0.0010273315512691122,3.5743257450970095e-05,0.0036719998837296147,0.10469018990739527,0.005919813140235645,0.2398153757237738,68,False,68,0,36,0,0,0,0,9672,9433,9626,9004,9365,9534,9655,8120,9273,9276,8507,9682,9708,9661,9206,9616,9375,9665,9474,7652,9044,8876,9622,9647,0.00032499655069405414,0.0012900570135288174,0.000262890197063654,0.00042921089400933295,0.0008382938966106017,0.0009771064674899015,0.0006192809338943202,0.0006192809338943202,0.0007390910446143542,0.001230182821503445,0.0010996335246435402,0.0010996335246435402,0.0015783948607635294,0.002286224666392646,0.002286224666392646,0.0036719998837296147,0.0036719998837296147,0.0008030554054378078,0.00032717664244289975,0.00021856783009825394,8.714854816091647e-05,3.5743257450970095e-05,4.219012407530102e-05,0.00011757365919461027,0.09295861366984583,0.13733401482692825,0.06514714693113635,0.010208054600671354,0.08376893971062403,0.12908987123232304,0.08295199988040675,0.08295199988040675,0.030331873281167113,0.06056418282718168,0.09394178479265708,0.09394178479265708,0.16822664119704506,0.2398153757237738,0.2398153757237738,0.18974888277834795,0.18974888277834795,0.1709261420873538,0.07444056994050646,0.012643357699043813,0.013481063472185889,0.005919813140235645,0.13840177460216863,0.10620641220869897
405,24,0.000996102042327887,3.3867782332985015e-05,0.0036631672500278124,0.10007318303855585,0.00542649537854934,0.21983076108012597,69,False,70,0,36,0,0,0,0,9672,9433,9626,9004,9365,9534,9655,8120,9273,9276,8507,9682,9731,9661,9206,9616,9375,9665,9474,7652,9044,8876,9622,9647,0.00031554333708856707,0.0012681981311255285,0.0002532629104924218,0.00040717865197940065,0.0008118180631444986,0.0009583347867302387,0.0005995849741229306,0.0005995849741229306,0.0007051152682974008,0.001183612043895143,0.0010679424009396932,0.001095484542920437,0.001095484542920437,0.0023129338753528537,0.0023129338753528537,0.0036631672500278124,0.0036631672500278124,0.0007969112363221182,0.0003160166533511685,0.00020748979482070322,8.275086796519488e-05,3.3867782332985015e-05,4.148765542358105e-05,0.00011457814711257624,0.08521206253069201,0.1258895135913509,0.05971821802020832,0.009357383383948741,0.07678819473473869,0.11833238196296278,0.07603933322370618,0.07603933322370618,0.027804217174403185,0.055517167591583205,0.08611330272660232,0.16944663605993565,0.16944663605993565,0.21983076108012597,0.21983076108012597,0.1739364758801523,0.1739364758801523,0.15668229691340763,0.06823718911213092,0.011589744557456828,0.012357641516170397,0.00542649537854934,0.12686829338532124,0.09735587785797406
406,24,0.0009817255008099611,3.208628096266123e-05,0.0036382067347937,0.09520597334089842,0.0049742874303368954,0.20151153099011546,70,False,74,0,36,0,0,0,0,9672,9433,9626,9004,9365,9534,9655,8120,9273,9276,8507,9682,9731,9661,9206,9616,9375,9665,9474,7652,9044,8876,9622,9767,0.0003057010747322535,0.0012427196739558533,0.00024361745704726734,0.0003861853423302864,0.0007846427384062564,0.0009370959227960317,0.0005793925368953191,0.0005793925368953191,0.0006722252583931056,0.0011371955742450785,0.0010348929071809774,0.0010866526005925642,0.0010866526005925642,0.0023268937109006457,0.0023268937109006457,0.0036382067347937,0.0036382067347937,0.0007876653331686765,0.00030470743548344524,0.00019691512590226264,7.855038228814469e-05,3.208628096266123e-05,4.066530357966416e-05,0.00011425504260264443,0.078111057319801,0.11539872079207164,0.054741699851857624,0.008577601435286346,0.0703891785068438,0.10847135013271587,0.06970272212173066,0.06970272212173066,0.02548719907653625,0.05089073695895127,0.07893719416605213,0.155326083054941,0.155326083054941,0.20151153099011546,0.20151153099011546,0.15944176955680625,0.15944176955680625,0.14362543883729031,0.06255075668612001,0.010623932511002092,0.01132783805648953,0.0049742874303368954,0.11629593560321114,0.17257622136980955
407,24,0.0009673098452657815,3.039463947935025e-05,0.0035987760733283435,0.09421658667360133,0.004559763477808821,0.26805223674093914,71,False,74,0,36,0,0,0,0,9768,9433,9626,9004,9365,9534,9655,8120,9273,9276,8507,9682,9731,9661,9782,9616,9375,9665,9474,7652,9044,8876,9622,9767,0.0003032002506641144,0.0012141801005720152,0.00023401293347771312,0.00036619441568662545,0.0007570190633041244,0.0009138003529483169,0.0005588873124568273,0.0005588873124568273,0.0006404536224792672,0.0010911844655454928,0.0010008524810070371,0.0010736371524592053,0.0010736371524592053,0.0023289570245739145,0.0023890206244285735,0.0035987760733283435,0.0035987760733283435,0.0007756847297346025,0.00029333536249712534,0.00018682884533673444,7.454161197665557e-05,3.039463947935025e-05,3.974139388119593e-05,0.0001134332922971465,0.15493513587648428,0.10578216072606567,0.050179891530869485,0.00786280131567915,0.06452341363127348,0.09943207095498954,0.06389416194491977,0.06389416194491977,0.02336326582015823,0.046649842212372,0.07235909465221445,0.14238224280036257,0.14238224280036257,0.18471890340760583,0.26805223674093914,0.14615495542707238,0.14615495542707238,0.1316566522675161,0.05733819362894334,0.009738604801751918,0.01038385155178207,0.004559763477808821,0.10660460763627687,0.15819486958899207
408,24,0.0009510856511012281,2.9531303115990243e-05,0.0035465495491896763,0.10025409333969011,0.007207567872705887,0.24571455034586087,72,False,74,0,36,0,0,0,0,9768,9433,9794,9004,9365,9534,9655,9799,9273,9276,8507,9682,9731,9661,9782,9616,9375,9665,9474,7652,9044,9813,9814,9767,0.0002995358496827924,0.0011831049293651655,0.0002302898673909864,0.0003471688078540213,0.0007291689131658054,0.000888830671267301,0.0005382314063513601,0.0005521123476822604,0.0006098207323287496,0.0010457919984132257,0.0009661499865085281,0.0010569387393371994,0.0010569387393371994,0.0023200839710106886,0.0024361219051731364,0.0035465495491896763,0.0035465495491896763,0.0007613298136349166,0.00028197572456688637,0.00017721524862833725,7.07187260256125e-05,2.9531303115990243e-05,3.9732118064430355e-05,0.00011216472914552908,0.14202387455344392,0.09696698066556018,0.12933156723663036,0.007207567872705887,0.05914646249533402,0.09114606504207375,0.058569648449509785,0.14190298178284314,0.02141632700181171,0.042762355361341,0.06632917009786324,0.13051705590033236,0.13051705590033236,0.169325661456972,0.24571455034586087,0.13397537580814967,0.13397537580814967,0.12068526457855643,0.05256001082653139,0.008927054401605924,0.009518530589133564,0.08751311652132476,0.18105422366658713,0.14501196378990938
409,24,0.0009333793931301356,2.862862362739301e-05,0.0034831781121802473,0.09537180778360482,0.006606937216647063,0.2252383378170391,73,False,75,0,36,0,0,0,0,9768,9433,9794,9004,9365,9534,9655,9799,9273,9276,9826,9682,9731,9661,9782,9616,9375,9665,9474,7652,9044,9813,9814,9767,0.0002948475339037568,0.0011499821910433646,0.00022588094464028106,0.0003290712755913678,0.0007012863846708018,0.0008625391407566605,0.0005175664693815828,0.0005434523186220429,0.0005803364557936526,0.001001197070920219,0.0009550892621392456,0.0010370478315485845,0.0010370478315485845,0.0023013011661323743,0.00246865794694477,0.0034831781121802473,0.0034831781121802473,0.0007449478024605282,0.0002706934766579335,0.0001680581304154792,6.70756386822397e-05,2.862862362739301e-05,3.954013655072523e-05,0.00011050157873117074,0.13018855167399027,0.08888639894343016,0.11855393663357783,0.006606937216647063,0.05421759062072285,0.08355055962190093,0.053688844412050636,0.13007773330093952,0.019631633084994066,0.03919882574789592,0.14413507258970798,0.11964063457530466,0.11964063457530466,0.155215189668891,0.2252383378170391,0.12281076115747053,0.12281076115747053,0.11062815919701005,0.048180009924320435,0.008183133201472096,0.008725319706705767,0.08022035681121437,0.16596637169437153,0.1329276334740836
410,24,0.000913442208380881,2.7696903380549227e-05,0.003410258028411382,0.0908963793571933,0.006056359115259808,0.2354691740531739,74,False,76,0,36,0,0,0,0,9768,9433,9794,9004,9365,9534,9655,9799,9273,9276,9826,9682,9731,9661,9782,9616,9375,9665,9474,7652,9044,9813,9862,9767,0.0002892720752005929,0.0011152597334431614,0.0002208886195986815,0.00031186467790336953,0.0006735395592209975,0.000835246479034365,0.0004970150226053558,0.0005331592854349031,0.0005520017138084386,0.0009575475488153523,0.0009406963650981934,0.0010144361623523257,0.0010144361623523257,0.0022736665682233635,0.0024873221651387223,0.003410258028411382,0.003410258028411382,0.00072686787753822,0.000259544041927402,0.0001593409766644728,6.360609251636303e-05,2.7696903380549227e-05,4.019367439792357e-05,0.00010849523966330111,0.11933950570115774,0.08147919903147764,0.108674441914113,0.006056359115259808,0.04969945806899594,0.07658801298674252,0.049214774044379746,0.11923792219252789,0.01799566366124456,0.035932256935571255,0.13212381654056565,0.10967058169402927,0.10967058169402927,0.14228059052981676,0.20646847633228585,0.11257653106101465,0.11257653106101465,0.10140914593059254,0.044165009097293734,0.007501205434682755,0.007998209731146953,0.0735353270769465,0.2354691740531739,0.12185033068457662
411,24,0.0008915987205991294,2.7435141371077263e-05,0.003329307263868308,0.08679390329964942,0.0055516625223214905,0.2158467428820761,75,False,77,0,36,0,0,0,0,9768,9433,9794,9004,9365,9534,9655,9799,9273,9276,9826,9682,9731,9661,9782,9616,9375,9665,9474,7652,9044,9885,9862,9767,0.0002829409554569802,0.001079344040948327,0.0002154097312735243,0.00029551220971521085,0.0006460724346322418,0.0008072416334539607,0.00047668189913872497,0.0005214755188904604,0.0005248098715297125,0.0009149635080853019,0.0009234085429861021,0.0009895502965874302,0.0009895502965874302,0.002238240219085381,0.00249298660470083,0.003329307263868308,0.003329307263868308,0.0007073977665653354,0.0002485741379666797,0.00015104712736745628,6.030372907040937e-05,2.7435141371077263e-05,4.061377301241101e-05,0.0001061953282175003,0.10939454689272793,0.0746892657788545,0.09961823842127025,0.0055516625223214905,0.04555783656324628,0.07020567857118064,0.04511354287401476,0.1093014286764839,0.016496025022807514,0.03293790219094032,0.12111349849551852,0.10053136655286016,0.10053136655286016,0.13042387465233202,0.189262769971262,0.10319515347259675,0.10319515347259675,0.09295838376970983,0.040484591672519256,0.006876104981792525,0.007331692253551373,0.15074071648720097,0.2158467428820761,0.1116961364608619
412,24,0.0008682332587617147,2.776992190039119e-05,0.003241748666213643,0.08650552246912308,0.0050890239787947,0.2215123234466009,76,False,79,0,36,0,0,0,0,9768,9433,9794,9004,9365,9534,9655,9799,9273,9276,9826,9682,9731,9661,9782,9616,9375,9665,9474,7652,9908,9909,9862,9767,0.0002759785884458949,0.0010426002588814502,0.00020953456556176261,0.00027997759407852866,0.0006190069388593978,0.000778782326736625,0.0004566557404926855,0.0005086302329395214,0.0004987479741758462,0.0008735403215995824,0.0009036473637386982,0.0009628071475520257,0.0009628071475520257,0.002196060660096738,0.0024866513741658844,0.003241748666213643,0.003241748666213643,0.0006868215587543948,0.00023782260096509895,0.00014315991331814083,5.863635542059282e-05,2.776992190039119e-05,4.081333083109444e-05,0.00010364896178748788,0.10027833465166726,0.06846516029728329,0.09131671855283106,0.0050890239787947,0.041761350182975755,0.06435520535691558,0.04135408096784687,0.10019297628677691,0.015121356270906886,0.030193077008361956,0.1110207069542253,0.09215375267345514,0.09215375267345514,0.11955521843130434,0.17349087247365683,0.09459555734988036,0.09459555734988036,0.08521185178890067,0.037110875699809316,0.006303096233309814,0.0900540512324221,0.2215123234466009,0.19785951430856974,0.10238812508912341
413,24,0.0008435942126216252,2.795069022678706e-05,0.003148898960407395,0.08276895115225169,0.004664938647228474,0.2647045547828556,77,False,81,0,36,0,0,0,0,9768,9433,9794,9004,9365,9534,9655,9799,9273,9276,9826,9682,9731,9661,9782,9616,9375,9665,9474,7652,9908,9909,9934,9767,0.0002685010830888175,0.0010053531475149038,0.00020334627161980114,0.00026522523839451394,0.0005924449585298973,0.0007500961820625774,0.00043701049906896155,0.0004948373138230536,0.00047379783900038173,0.0008333515576524219,0.0008818127413018274,0.0009345911468351265,0.0009345911468351265,0.0021481266179071996,0.002469399314209793,0.003148898960407395,0.003148898960407395,0.0006653985414627555,0.00022732118912528905,0.0001356627701919343,5.6884495717813294e-05,2.795069022678706e-05,4.1860185809463785e-05,0.00010090025172576976,0.09192180676402832,0.06275973027250968,0.08370699200676181,0.004664938647228474,0.03828123766772777,0.058992271577172614,0.03790790755385963,0.09184356159621217,0.013861243248331313,0.027676987257665125,0.10176898137470652,0.08447427328400055,0.08447427328400055,0.10959228356202898,0.15903329976751876,0.08671259423739032,0.08671259423739032,0.07811086413982561,0.03401830272482521,0.00577783821386733,0.0825495469630536,0.20305296315938415,0.2647045547828556,0.09385578133169646
414,24,0.000828702788420859,2.798755563236724e-05,0.0030519625879266137,0.08435151259250025,0.004276193759959435,0.24264584188428429,78,False,81,0,36,0,0,0,0,9768,9433,9794,9004,9365,9534,9799,9273,9276,9826,9682,9731,9661,9782,9616,9375,9665,9953,9474,7652,9908,9909,9934,9767,0.0002606154656921908,0.0009678887271123487,0.00019692057015426728,0.0002512203595284924,0.0005664703313480983,0.0007213822648313296,0.0004802938938212593,0.0004499370151889123,0.0007944516710146648,0.0008582787277919497,0.0009052527805281927,0.0009052527805281927,0.002095383419442492,0.0024423566714328756,0.0030519625879266137,0.0030519625879266137,0.0006599551336986724,0.0006599551336986724,0.00021709535186156806,0.00012853933282826364,5.506910119925559e-05,2.798755563236724e-05,4.264548408885218e-05,9.798997482447362e-05,0.08426165620035929,0.05752975274980054,0.07673140933953165,0.004276193759959435,0.035091134528750456,0.05407624894574156,0.08418993146319448,0.012706139644303702,0.0253705716528597,0.0932882329268143,0.07743475051033383,0.07743475051033383,0.10045959326519323,0.14578052478689218,0.07948654471760778,0.07948654471760778,0.15493495879484015,0.15493495879484015,0.031183444164423105,0.005296351696045052,0.0756704180494658,0.18613188289610214,0.24264584188428429,0.08603446622072175
415,24,0.0008035335532629702,2.7891962803553112e-05,0.002952029476528658,0.0807944420986808,0.0039198442799628155,0.2224253550605939,79,False,85,0,36,0,0,0,0,9768,9433,9794,9004,9365,9534,9799,9273,9276,9826,9682,9731,9661,9782,9616,9375,9665,9953,9978,7652,9908,9909,9934,9767,0.00025241928130150215,0.0009304564120275811,0.00019032569599563542,0.00023792908213109596,0.0005411507650778983,0.0006928129054271977,0.00046517962250159777,0.00042713962344069175,0.0007568784771064589,0.0008333908099609282,0.0008751082252166513,0.0008751082252166513,0.002038713528085211,0.002406660042243769,0.002952029476528658,0.002952029476528658,0.0006519790517559673,0.0006519790517559673,0.00021250772181518522,0.00012177351230547522,5.320902102439242e-05,2.7891962803553112e-05,4.3177914784370084e-05,9.49553932761914e-05,0.07723985151699601,0.05273560668731716,0.07033712522790402,0.0039198442799628155,0.03216687331802125,0.04956989486692976,0.0771741038412616,0.01164729467394506,0.023256357348454722,0.08551421351624644,0.07098185463447267,0.07098185463447267,0.09208796049309378,0.13363214772131782,0.07286266599114047,0.07286266599114047,0.14202371222860347,0.14202371222860347,0.11191815715072119,0.004854989054707964,0.06936454987867698,0.1706208926547603,0.2224253550605939,0.07886492736899493
416,24,0.0007780378644118629,2.7676195303344075e-05,0.002850075911179502,0.07753379414601293,0.0035931905899659142,0.20388990880554442,80,False,84,0,36,0,0,0,0,9768,9433,9794,9004,9365,9534,9799,9991,9276,9826,9682,9731,9661,9782,9616,9375,9665,9953,9978,7652,9908,9909,9934,9767,0.00024400049995840516,0.0008932714665938065,0.00018362252324163045,0.00022531851397310758,0.0005165396570330379,0.0006645356923564674,0.000449656498774578,0.0004158317266280996,0.0007206554075372839,0.0008074644537261865,0.0008444398438129073,0.0008444398438129073,0.001978930575655436,0.0023634294732782645,0.002850075911179502,0.002850075911179502,0.0006417742885554618,0.0006417742885554618,0.0002074250805528305,0.00011534955811410994,5.132104444482343e-05,2.7676195303344075e-05,4.3470096785376746e-05,9.183019483218018e-05,0.07080319722391301,0.04834097279670739,0.06447569812557868,0.0035931905899659142,0.029486300541519475,0.045439070294685614,0.07074292852115646,0.09401002011778298,0.021318327569416828,0.07838802905655923,0.06506670008159994,0.06506670008159994,0.08441396378533597,0.12249613541120799,0.06679077715854542,0.06679077715854542,0.13018840287621983,0.13018840287621983,0.10259164405482775,0.0044504066334823,0.06358417072212055,0.15640248493353026,0.20388990880554442,0.07229285008824535
417,24,0.0008290038118450462,2.7352947434669477e-05,0.002746967774292374,0.08919528672501648,0.019541800271965424,0.18689908307174904,81,False,85,0,36,0,0,0,0,9768,9433,10011,9365,9534,9799,9991,9276,9826,9682,9731,9661,9782,10020,9616,9375,9665,9953,9978,10027,9908,9909,9934,10031,0.00023543766112581307,0.0008565176472552008,0.00021885925506874405,0.0004926777970669538,0.0006366755475211419,0.0004338691408779455,0.0004038552936805076,0.0006857935509382443,0.0007807846571237396,0.000813497331162835,0.000813497331162835,0.0019662097777633897,0.002313747340449431,0.0019662097777633897,0.002746967774292374,0.002746967774292374,0.0006296385459481808,0.0006296385459481808,0.00020193579915190382,0.00011206970985798153,4.941997975083108e-05,2.7352947434669477e-05,4.353763642053163e-05,9.093066222390921e-05,0.06490293078858693,0.044312558396981776,0.08662709137413543,0.027029108829726183,0.041652481103461814,0.06484768447772675,0.0861758517746344,0.019541800271965424,0.07185569330184595,0.05964447507479994,0.05964447507479994,0.16071280013655798,0.11228812412694066,0.16071280013655798,0.06122487906199997,0.06122487906199997,0.1193393693032015,0.1193393693032015,0.0940423403835921,0.08741287274735879,0.0582854898286105,0.14336894452240273,0.18689908307174904,0.14960177924755824
418,24,0.0008042498094778064,2.693496654691165e-05,0.002643465525458886,0.08523456838682066,0.017913316915968303,0.17132415948243662,82,False,86,0,36,0,0,0,0,9768,9433,10011,9365,9534,9799,9991,9276,9826,9682,9731,9661,9782,10020,9616,9375,9665,9953,9978,10051,9908,9909,9934,10031,0.00022680019789714226,0.0008203499235586668,0.0002121167654244512,0.0004695949442361883,0.0006093368149398979,0.0004179453868138791,0.00039136408563456715,0.0006522934870928307,0.0007536062950863075,0.0007824993299114775,0.0007824993299114775,0.0019455926366382563,0.002258642460704532,0.0019455926366382563,0.002643465525458886,0.002643465525458886,0.0006158580113670228,0.0006158580113670228,0.0001961215908330626,0.00011144288223390288,4.7518759467186204e-05,2.693496654691165e-05,4.339825627333156e-05,8.969760397321417e-05,0.059494353222871346,0.040619845197233294,0.07940816709295748,0.024776683093915668,0.03818144101150666,0.05944371077124952,0.07899453079341485,0.017913316915968303,0.06586771886002545,0.05467410215189994,0.05467410215189994,0.1473200667918448,0.1029307804496956,0.1473200667918448,0.056122805806833306,0.056122805806833306,0.10939442186126805,0.10939442186126805,0.08620547868495942,0.16346180001841223,0.05342836567622629,0.13142153247886917,0.17132415948243662,0.1371349643102617
419,24,0.0007787013914133169,2.6434763847947535e-05,0.0025402303908753244,0.07813168768791894,0.016420540506304277,0.15704714619223356,83,False,86,0,36,0,0,0,0,9768,9433,10011,9365,9534,9799,9991,9276,9826,9682,9731,9661,9782,10020,9616,9375,9665,9953,9978,10051,9908,9909,9934,10031,0.00021814889113092568,0.0007848971950417902,0.0002051667344197619,0.00044731127288852155,0.0005826053109166326,0.0004019971334777408,0.00037849714101982694,0.0006201469251705405,0.0007261550657227628,0.0007516353666149417,0.0007516353666149417,0.0019179834200966997,0.0021990787997717637,0.0019179834200966997,0.0025402303908753244,0.0025402303908753244,0.0006007034875296354,0.0006007034875296354,0.0001900571447426437,0.00011035926358546002,4.562856305135878e-05,2.6434763847947535e-05,4.307101799934562e-05,8.817284089937983e-05,0.05453649045429873,0.03723485809746385,0.07279081983521102,0.022711959502756028,0.03499965426054777,0.05449006820697872,0.07241165322729695,0.016420540506304277,0.06037874228835666,0.050117926972574944,0.050117926972574944,0.13504339455919107,0.09435321541222096,0.13504339455919107,0.05144590532293053,0.05144590532293053,0.10027822003949571,0.10027822003949571,0.07902168879454613,0.1498399833502112,0.048976001869874095,0.12046973810563007,0.15704714619223356,0.1257070506177399
420,24,0.000752932313261724,2.5864389039739424e-05,0.002437831326396974,0.07856515815837013,0.01505216213077892,0.22068665140436028,84,False,90,0,36,0,0,0,0,10080,9433,10011,9365,9534,9799,9991,9276,9826,9682,9731,9661,9782,10020,9616,9375,9665,9953,9978,10099,9908,9909,9934,10031,0.000214940337777503,0.0007502649417821256,0.00019807695188592487,0.0004258386881580387,0.0005565502976314226,0.00038612133786173773,0.0003653789124930152,0.0005893381586514145,0.0006986288749254361,0.0007210679854264456,0.0007210679854264456,0.0018842755642653967,0.002135948107295903,0.0018842755642653967,0.002437831326396974,0.002437831326396974,0.0005844277005237227,0.0005844277005237227,0.00018381000137276487,0.00011167775685060302,4.3758949982605686e-05,2.5864389039739424e-05,4.257565118726055e-05,8.63970081608015e-05,0.13332511624977383,0.034131953256008526,0.06672491818227676,0.020819296210859692,0.03208301640550212,0.04994922918973049,0.06637734879168887,0.01505216213077892,0.0553471804309936,0.0459414330581937,0.0459414330581937,0.12378977834592514,0.08649044746120253,0.12378977834592514,0.04715874654601965,0.04715874654601965,0.09192170170287106,0.09192170170287106,0.07243654806166729,0.22068665140436028,0.04489466838071792,0.11043059326349422,0.14395988400954743,0.11523146306626157
421,24,0.0007267679413268157,2.5235262391808983e-05,0.002336752403063555,0.07201806164517262,0.013797815286547343,0.20229609712066357,85,False,87,0,36,0,0,0,0,10080,9433,10011,9365,9534,9799,9991,9276,9826,9682,9731,9661,9782,10020,9616,9375,9665,9953,9978,10099,9908,9909,9934,10031,0.0002110612367261753,0.0007165377636359046,0.00019090753499398795,0.000405182013969534,0.0005312263536152194,0.0003704011177334939,0.00035211970178819057,0.0005598453505246567,0.0006711995225274292,0.0006909349812372264,0.0006909349812372264,0.001845334340410655,0.002070065821450802,0.001845334340410655,0.002336752403063555,0.002336752403063555,0.0005672636069143644,0.0005672636069143644,0.00017744061824843786,0.0001123787310580985,4.191799758831614e-05,2.5235262391808983e-05,4.193199180184901e-05,8.440891053806962e-05,0.122214689895626,0.031287623818007815,0.06116450833375369,0.019084354859954716,0.029409431705043607,0.045786793423919614,0.06084590305904813,0.013797815286547343,0.05073491539507746,0.04211298030334422,0.04211298030334422,0.1134739634837647,0.07928291017276899,0.1134739634837647,0.04322885100051801,0.04322885100051801,0.08426155989429847,0.08426155989429847,0.06640016905652835,0.20229609712066357,0.041153446015658096,0.1012280438248697,0.1319632270087518,0.1056288411440731
422,24,0.0007517976200303356,2.45580569897066e-05,0.002237400338795754,0.07568659406010485,0.01264799734600173,0.18735113319345098,86,False,86,0,36,0,0,0,0,10080,9433,10011,9365,9534,9799,9991,9276,9826,9682,10139,9661,9782,10020,9616,9375,9665,9953,9978,10099,9908,9909,9934,10031,0.00020660818770488915,0.0006837817773095233,0.00018371127562896388,0.0003853400588722922,0.0005066751238405346,0.0003549069017630797,0.0003388163129660874,0.0005316416627384381,0.0006440145778193667,0.0006613516556419773,0.00184845674565536,0.00184845674565536,0.0020021696246016033,0.0018019837411176764,0.002237400338795754,0.002237400338795754,0.0005494235260484923,0.0005494235260484923,0.00017100258063262275,0.00011250310000341876,4.0112439222176063e-05,2.45580569897066e-05,4.115952744220315e-05,8.224505543428221e-05,0.11203013240432383,0.02868032183317383,0.05606746597260755,0.017493991954958488,0.026958645729623306,0.041971227305259644,0.05577541113746078,0.01264799734600173,0.046507005778821005,0.038603565278065535,0.18735113319345098,0.18735113319345098,0.0726760009917049,0.10401779986011764,0.03962644675047484,0.03962644675047484,0.07723976323644026,0.07723976323644026,0.06086682163515098,0.18543808902727493,0.03772399218101992,0.09279237350613055,0.12096629142468913,0.09682643771540034
423,24,0.0007286013249383378,2.384262364261554e-05,0.0021401119644563977,0.07285160011065166,0.011593997567168252,0.1717385387606634,87,False,87,0,36,0,0,0,0,10080,9433,10011,9365,10156,9799,9991,9276,9826,9682,10139,9661,9782,10020,9616,9375,9665,9953,9978,10099,9908,9909,9934,10031,0.00020167297327046895,0.0006520468517392246,0.00017653407149150795,0.00036630656651890535,0.0004953815834266236,0.0003396975900665751,0.00032555285675913234,0.0005046962438239998,0.0006171993544038165,0.0006324130374954183,0.001842772458467666,0.001842772458467666,0.0019329200887881794,0.0017549970853395936,0.0021401119644563977,0.0021401119644563977,0.0005310989360189115,0.0005310989360189115,0.00016454291837082524,0.00011209705476119977,3.834779948854588e-05,2.384262364261554e-05,4.0277042295003296e-05,7.99393389525236e-05,0.10269428803729684,0.026290295013742675,0.05139517714155692,0.016036159292045278,0.1080454252521547,0.03847362502982134,0.051127460209339046,0.011593997567168252,0.04263142196391925,0.03538660150489341,0.1717385387606634,0.1717385387606634,0.06661966757572949,0.0953496498717745,0.03632424285460193,0.03632424285460193,0.07080311630007023,0.07080311630007023,0.055794586498888396,0.16998491494166867,0.03458032616593493,0.08505967571395301,0.11088576713929837,0.08875756790578364
424,24,0.0007092595797720747,2.309795112727873e-05,0.0020979060039283608,0.07372507787920847,0.010627831103237563,0.15742699386394143,88,False,88,0,36,0,0,0,0,10080,9433,10011,9365,10156,9799,9991,9276,9826,9682,10139,9661,9782,10020,10191,9375,9665,9953,9978,10099,9908,9909,9934,10031,0.00019634155989808378,0.0006213686711791785,0.00016941541067917506,0.0003480710585320725,0.00048300910718346876,0.00032482169553924196,0.0003124016507833775,0.00047897508823894244,0.000590858913833347,0.0006041960252674472,0.0018290895794662828,0.0018290895794662828,0.001862902916182987,0.0017050908115463202,0.0020979060039283608,0.0020979060039283608,0.0005124607880304454,0.0005124607880304454,0.00015810249621963604,0.00011121007902114079,3.662852410924247e-05,2.309795112727873e-05,3.930235194345301e-05,7.752286039522265e-05,0.09413643070085544,0.024099437095930785,0.04711224571309384,0.014699812684374838,0.09904163981447514,0.035267489610669556,0.04686683852522746,0.010627831103237563,0.03907880346692598,0.03243771804615229,0.15742699386394143,0.15742699386394143,0.06106802861108536,0.08740384571579328,0.11663055595005178,0.11663055595005178,0.06490285660839772,0.06490285660839772,0.05114503762398103,0.15581950536319628,0.03169863231877368,0.07797136940445692,0.10164528654435684,0.081361103913635
425,24,0.0006931482851350797,2.233215493562247e-05,0.0020504340562690986,0.08147021027816331,0.0097421785113011,0.22764141104194632,89,False,91,0,36,0,0,0,0,10080,9433,10011,9365,10156,9799,10206,9276,9826,9682,10139,10210,9782,10020,10191,9375,9665,9953,9978,10099,10220,9909,9934,10031,0.00019069344840142469,0.0005917706222800167,0.00016238888539530757,0.0003306195779900835,0.00046975946309080825,0.0003103184442393163,0.0003071462946433626,0.000454441780370641,0.0005650800441938126,0.0005767614211254392,0.0018548797845071281,0.0018548797845071281,0.0017926323489661175,0.0016529209332407835,0.0020504340562690986,0.0020504340562690986,0.0004936602120883809,0.0004936602120883809,0.00015171645082010863,0.00010989324011130151,3.585966920949394e-05,2.233215493562247e-05,3.825211677451004e-05,7.502384172454953e-05,0.08629172814245081,0.022091150671269887,0.04318622523700268,0.013474828294010267,0.09078816982993554,0.03232853214311376,0.1262946019814585,0.0097421785113011,0.03582223651134881,0.029734574875639595,0.22764141104194632,0.22764141104194632,0.055979026226828245,0.08012019190614383,0.10691134295421413,0.10691134295421413,0.05949428522436457,0.05949428522436457,0.04688295115531594,0.1428345465829299,0.11239041295887588,0.07147375528741884,0.09317484599899377,0.07458101192083208
426,24,0.0006761674625830456,2.1552488362029466e-05,0.0019985881877644545,0.07815324831053859,0.008930330302026007,0.20867129345511745,90,False,91,0,36,0,0,0,0,10080,9433,10011,9365,10156,9799,10230,9276,9826,9682,10139,10210,9782,10020,10191,9375,9665,9953,9978,10099,10220,9909,9934,10031,0.00018480131496441767,0.0005632655066172948,0.00015548271563004914,0.0003139353419162905,0.0004558183255973024,0.00029621881957741787,0.0003087728069174931,0.0004310581353884208,0.0005399331738619506,0.0005501558369635091,0.0018701619010274744,0.0018701619010274744,0.001722555390875292,0.0015990816602605006,0.0019985881877644545,0.0019985881877644545,0.0004748295054852641,0.0004748295054852641,0.00014541465273546565,0.00010819776315721122,3.5006627833347184e-05,2.1552488362029466e-05,3.714172229421296e-05,7.246763048650305e-05,0.07910075079724657,0.020250221448664063,0.03958737313391913,0.012351925936176077,0.08322248901077424,0.029634487797854277,0.1991033851496703,0.008930330302026007,0.03283705013540308,0.02725669363600296,0.20867129345511745,0.20867129345511745,0.051314107374592556,0.0734435092472985,0.09800206437469629,0.09800206437469629,0.05453642812233419,0.05453642812233419,0.04297603855903961,0.13093166770101908,0.10302454521230288,0.06551760901346726,0.08541027549907762,0.06836592759409607
427,24,0.0006584961531757592,2.0765370522548704e-05,0.001943198101886837,0.07858492206243815,0.008186136110190506,0.19128201900052433,91,False,92,0,36,0,0,0,0,10248,9433,10011,9365,10156,9799,10230,9276,9826,9682,10139,10210,9782,10020,10191,9375,9665,9953,10266,10099,10220,9909,9934,10031,0.0001833403417517965,0.0005358570839072589,0.00014872026813393042,0.00029799931106601384,0.0004413546593732789,0.0002825465403164001,0.0003088382205052066,0.0004087847482923366,0.0005154741922858865,0.0005244134607697659,0.001875577727387929,0.001875577727387929,0.0016530565461669571,0.0015441057334748258,0.001943198101886837,0.001943198101886837,0.00045608331345417324,0.00045608331345417324,0.0001428127044715506,0.00010617388001669955,3.408434768164112e-05,2.0765370522548704e-05,3.598521493398598e-05,6.987676709026134e-05,0.15584235489747603,0.018562702994608722,0.0362884253727592,0.011322598774828071,0.07628728159320972,0.027164947148033088,0.18251143638719777,0.008186136110190506,0.030100629290786152,0.02498530249966938,0.19128201900052433,0.19128201900052433,0.04703793176004317,0.06732321681002362,0.08983522567680492,0.08983522567680492,0.04999172577880634,0.04999172577880634,0.12272803534578632,0.12002069539260081,0.09443916644461096,0.06005780826234498,0.07829275254082114,0.06266876696125473
428,24,0.0006404816947980537,1.9976426676365395e-05,0.001885026252046499,0.07550840077945718,0.007503958101007964,0.17534185075048062,92,False,93,0,36,0,0,0,0,10248,10273,10011,9365,10156,9799,10230,9276,9826,9682,10139,10210,9782,10020,10191,9375,9665,9953,10266,10099,10220,9909,9934,10031,0.0001811705676500365,0.0005226824837341516,0.00014212055978216523,0.00028279068503573744,0.00042652062113381127,0.00026931896655169686,0.0003074714161750451,0.00038758146162264426,0.0004917461590614081,0.0004995576780809135,0.001871869856052067,0.001871869856052067,0.0015844628391790472,0.0014884660727032077,0.001885026252046499,0.001885026252046499,0.0004375199279215278,0.0004375199279215278,0.00013981969097020218,0.0001038699337954051,3.3106658392876206e-05,1.9976426676365395e-05,3.479528267597626e-05,6.727109989241135e-05,0.14285549198935302,0.10034914441172467,0.03326438992502926,0.010379048876925732,0.06993000812710891,0.024901201552363663,0.16730215002159796,0.007503958101007964,0.027592243516553972,0.022903193958030265,0.17534185075048062,0.17534185075048062,0.043118104113372906,0.06171294874252165,0.08234895687040451,0.08234895687040451,0.045825748630572476,0.045825748630572476,0.11250069906697079,0.11001897077655073,0.08656923590756005,0.05505299090714957,0.07176835649575271,0.0574463697144835
429,24,0.0006226935513415823,1.919053697397466e-05,0.0018598470484171904,0.07963270071450242,0.0068786282592573,0.23669363751979813,93,False,94,0,36,0,0,0,0,10248,10297,10011,9365,10156,9799,10302,9276,9826,9682,10139,10210,9782,10020,10191,9375,9665,9953,10314,10099,10220,9909,9934,10031,0.00017837644198809112,0.0005216457060802005,0.00013569873755663376,0.0002682873303294407,0.00041145186432571014,0.00025654793108066437,0.0003126704085001216,0.0003674077614012751,0.000468780890079883,0.0004756025481089262,0.0018598470484171904,0.0018598470484171904,0.001517048928300931,0.0014325783927244973,0.0018247655716437067,0.0018247655716437067,0.0004192226451560439,0.0004192226451560439,0.00014001809871108545,0.00010133171305928686,3.208620760666515e-05,1.919053697397466e-05,3.358327085585507e-05,6.46679340808507e-05,0.13095086765690692,0.17532004904408094,0.03049235743127682,0.00951412813718192,0.06410250744984983,0.022826101423000022,0.23669363751979813,0.0068786282592573,0.025292889890174475,0.02099459446152774,0.16073002985460721,0.16073002985460721,0.03952492877059183,0.05657020301397818,0.0754865437978708,0.0754865437978708,0.042006936244691435,0.042006936244691435,0.18645897414472323,0.10085072321183818,0.07935513291526337,0.0504652416648871,0.06578766012110665,0.052659172238276535
430,24,0.0006046695003450291,1.8411890457390878e-05,0.0018403540793258844,0.07646886454384944,0.006305409237652525,0.21696916772648162,94,False,95,0,36,0,0,0,0,10248,10297,10011,9365,10156,9799,10302,9276,9826,10329,10139,10210,9782,10020,10191,9375,9665,9953,10314,10099,10220,9909,9934,10031,0.00017504077945926022,0.0005182920699566145,0.0001294665299171266,0.0002544661485487704,0.00039626814625190893,0.000244240496029794,0.00031604676930920673,0.0003482231099994778,0.00044660041537943946,0.0004642254696977264,0.0018403540793258844,0.0018403540793258844,0.0014510421717362446,0.0013768044964700514,0.0017630392936117234,0.0017630392936117234,0.00040126113611037577,0.00040126113611037577,0.00013955264487491162,9.860198645789585e-05,3.1034438200820446e-05,1.8411890457390878e-05,3.235922467415566e-05,6.208220276393908e-05,0.12003829535216466,0.1607100449570742,0.027951327645337084,0.008721284125750094,0.058760631829029006,0.020923926304416685,0.21696916772648162,0.006305409237652525,0.02318514906599327,0.10257837825640044,0.1473358607000566,0.1473358607000566,0.03623118470637584,0.051856019429479996,0.06919599848138157,0.06919599848138157,0.03850635822430048,0.03850635822430048,0.1709207262993296,0.09244649627751832,0.07274220517232476,0.046259804859479836,0.060305355111014425,0.04827090788508682
431,24,0.0005865673322105161,1.7644041768556908e-05,0.0018142462916725874,0.07356868138741753,0.005779958467848147,0.23065087454398467,95,False,94,0,36,0,0,0,0,10248,10345,10011,9365,10156,9799,10302,9276,9826,10329,10139,10210,9782,10020,10191,9375,9665,9953,10314,10099,10220,9909,9934,10031,0.00017124328317867418,0.000526083542162729,0.00012343266636499395,0.0002413033913608167,0.000381074152150355,0.00023239963642639053,0.00031769954462458025,0.0003299872237816063,0.0004252183077996318,0.0004519385632719643,0.0018142462916725874,0.0018142462916725874,0.0013866275392129385,0.00132145600548692,0.0017004023884616703,0.0017004023884616703,0.0003836927943746957,0.0003836927943746957,0.00013848471887223477,9.5720207546091e-05,2.9961597995721683e-05,1.7644041768556908e-05,3.1131951157707254e-05,5.952665087256716e-05,0.11003510407281761,0.23065087454398467,0.025622050341558993,0.007994510448604253,0.053863912509943254,0.019180265779048626,0.1988884037492748,0.005779958467848147,0.02125305331049383,0.09403018006836707,0.13505787230838523,0.13505787230838523,0.03321191931417785,0.04753468447702333,0.06342966527459977,0.06342966527459977,0.035297495038942105,0.035297495038942105,0.15667733244105214,0.08474262158772512,0.06668035474129769,0.042404821121189845,0.05527990885176322,0.04424833222799625
432,24,0.0006293352809634968,1.6889968575274012e-05,0.0018283359425990808,0.08220133644185776,0.005298295262194135,0.2269542214042978,96,False,95,0,36,0,0,0,0,10248,10345,10011,9365,10156,9799,10302,9276,10378,10329,10139,10210,9782,10020,10191,9375,9665,9953,10386,10099,10220,9909,9934,10031,0.00016705944648961313,0.0005308651697599896,0.00011760326359278672,0.0002287749283647448,0.0003659604650591341,0.00022102485369640526,0.0003177477156849261,0.000312660302575404,0.0018283359425990808,0.000438924690266447,0.0018283359425990808,0.0017823688055500113,0.0013239522942379617,0.0012667983340803937,0.0016373442115013954,0.0016373442115013954,0.00036656403599178144,0.00036656403599178144,0.00014040787140229833,9.272236043061503e-05,2.887677424725018e-05,1.6889968575274012e-05,2.9909094488745046e-05,5.701202443740584e-05,0.10086551206674947,0.21142996833198593,0.02348687947976241,0.007328301244553898,0.04937525313411465,0.01758191029746124,0.1823143701035019,0.005298295262194135,0.20713638294935313,0.08619433172933648,0.20713638294935313,0.12380304961601979,0.030444259371329694,0.04357346077060472,0.058143859835049785,0.058143859835049785,0.03235603711903026,0.03235603711903026,0.2269542214042978,0.07768073645541469,0.06112365851285621,0.03887108602775736,0.05067324978078295,0.04056097120899656
433,24,0.000613601423010908,1.6152128198321073e-05,0.0018328425049465341,0.08229566951614739,0.006717609474174406,0.20804136962060632,97,False,97,0,36,0,0,0,0,10248,10345,10011,9365,10156,9799,10302,10399,10378,10329,10139,10210,9782,10020,10191,9375,9665,9953,10386,10099,10220,9909,9934,10415,0.0001625597852439931,0.0005328140472494234,0.00011198217783149729,0.00021685647344513582,0.00035100462348725643,0.00021011272294675,0.00031632402064967575,0.00030384227257803406,0.0018328425049465341,0.00042535099057940297,0.0018328425049465341,0.0017455401177107006,0.00126313039624436,0.0012130547544767082,0.0015742920117662188,0.0015742920117662188,0.00034991153306601397,0.00034991153306601397,0.00014153742855420364,8.96409188782132e-05,2.7787946323135905e-05,1.6152128198321073e-05,2.8697219714166186e-05,5.5954028593277634e-05,0.09246005272785368,0.19381080430432043,0.02152963952311554,0.006717609474174406,0.045260648706271764,0.016116751106006137,0.16712150592821007,0.08819010399034463,0.1898750177035737,0.07901147075189177,0.1898750177035737,0.1134861288146848,0.027907237757052217,0.03994233903972099,0.05329853818212897,0.05329853818212897,0.029659700692444405,0.029659700692444405,0.20804136962060632,0.0712073417507968,0.05603002030345153,0.035631828858777574,0.046450478965717704,0.12051422360824685
434,24,0.0005969987579146032,1.5432512322162745e-05,0.0018284983817149136,0.07890991927869066,0.006157808684659872,0.19070458881888913,98,False,96,0,36,0,0,0,0,10248,10345,10011,9365,10156,9799,10302,10399,10378,10329,10139,10210,9782,10020,10191,9375,9665,9953,10386,10099,10436,9909,9934,10415,0.00015780935074981729,0.0005321374916652234,0.00010657132391580612,0.00020552377467906904,0.0003362722206972112,0.0001996573784373497,0.0003135694950673471,0.0002946106240101579,0.0018284983817149136,0.00041136860446213964,0.0018284983817149136,0.0017045396926372285,0.0012042465917321177,0.0011604104356811458,0.0015116150141443626,0.0015116150141443626,0.00033376336931071075,0.00033376336931071075,0.00014192226610060634,8.650489423150168e-05,2.739069459057736e-05,1.5432512322162745e-05,2.750190083419549e-05,5.4747407796847454e-05,0.08475504833386587,0.17765990394562706,0.019735502896189243,0.006157808684659872,0.041488927980749116,0.014773688513838958,0.1531947137675259,0.0808409286578159,0.17405209956160922,0.07242718152256745,0.17405209956160922,0.10402895141346107,0.025581634610631197,0.036613810786410905,0.048856993333618225,0.048856993333618225,0.027188058968074035,0.027188058968074035,0.19070458881888913,0.06527339660489706,0.1346941852781639,0.03266250978721277,0.04257960571857456,0.11047137164089293
435,24,0.0005797992462656914,1.4732699000622746e-05,0.001816097960679214,0.07927853711657755,0.005644657960938216,0.17481253975064837,99,False,100,0,36,0,0,0,0,10248,10345,10442,9365,10156,9799,10302,10399,10378,10329,10139,10210,9782,10020,10191,9375,9665,9953,10386,10099,10436,9909,10462,10415,0.00015286747495707177,0.0005290630259643732,0.0001039853105760543,0.00019475277236509272,0.0003218180096800942,0.00018965094193986378,0.0003096287996014416,0.0002850720500781849,0.001816097960679214,0.0003971128200889603,0.001816097960679214,0.0016600990718806483,0.0011473601789626353,0.0011090163685887314,0.0014496288402646728,0.0014496288402646728,0.0003181401106077945,0.0003181401106077945,0.0001416187904014011,8.333995052778513e-05,2.6906681273187003e-05,1.4732699000622746e-05,2.7006802078041038e-05,5.341633930904319e-05,0.07769212763937704,0.16285491195015814,0.10142421098817347,0.005644657960938216,0.038031517315686686,0.013542547804352377,0.14042848762023205,0.0741041846029979,0.1595477579314751,0.0663915830623535,0.1595477579314751,0.09535987212900597,0.02344983172641193,0.033562659887543325,0.04478557722248337,0.04478557722248337,0.0249223873874012,0.0249223873874012,0.17481253975064837,0.0598339468878223,0.1234696698383169,0.02994063397161171,0.12236463857536002,0.10126542400415185
436,24,0.0005670178403136887,1.4053901435423496e-05,0.0017964685325370716,0.08656088124575163,0.005174269797526698,0.1707465494515888,100,False,100,0,36,0,0,0,0,10248,10345,10442,9365,10156,9799,10302,10471,10378,10329,10139,10475,9782,10020,10191,10478,9665,9953,10386,10099,10436,9909,10462,10415,0.00014778770276506026,0.0005238296130039347,0.00010120035445390743,0.00018451972927143468,0.0003076869866694183,0.00018008389877795648,0.00030464634613484756,0.00028242284442539034,0.0017964685325370716,0.00038270354555534013,0.0017964685325370716,0.0016544924476965376,0.0010925084426003878,0.0010589931147010237,0.0014244119576825973,0.0014244119576825973,0.00030305578748730875,0.00030305578748730875,0.00014068832953597002,8.016856834281447e-05,2.6348254096948803e-05,1.4053901435423496e-05,2.6438112817515783e-05,5.198341983066199e-05,0.07121778366942895,0.14928366928764494,0.09297219340582569,0.005174269797526698,0.03486222420604613,0.012414002153989677,0.1287261136518794,0.15126216921941477,0.1462521114371855,0.060858951140490704,0.1462521114371855,0.1707465494515888,0.02149567908254427,0.03076577156358138,0.12438677912060978,0.12438677912060978,0.022845521771784432,0.022845521771784432,0.16024482810476098,0.05484778464717044,0.11318053068512382,0.027445581140644066,0.11216758536074668,0.09282663867047253
437,24,0.0005531164918683251,1.3397013217436012e-05,0.0017704458171102068,0.07934747447527234,0.004743080647732806,0.15651767033062305,101,False,100,0,36,0,0,0,0,10248,10345,10442,9365,10156,9799,10302,10471,10378,10329,10139,10475,9782,10020,10191,10478,9665,9953,10386,10099,10436,9909,10462,10415,0.0001426178707996092,0.0005166802234451468,9.825710134821014e-05,0.00017480133676179774,0.0002939154333726942,0.0001709454262984153,0.00029876319162123023,0.00027872266461025346,0.0017704458171102068,0.00036824601831079735,0.0017704458171102068,0.001641751355646606,0.001039709763520087,0.0010104343360063427,0.0013952077475631324,0.0013952077475631324,0.0002885187893474857,0.0002885187893474857,0.00013919486373294122,7.701024190584121e-05,2.572716628044072e-05,1.3397013217436012e-05,2.580758370087735e-05,5.046950621942685e-05,0.0652829683636432,0.13684336351367452,0.08522451062200688,0.004743080647732806,0.03195703885554228,0.011379501974490537,0.11799893751422276,0.1386569884511302,0.1340644354840867,0.055787371878783146,0.1340644354840867,0.15651767033062305,0.019704372492332246,0.028201957266616264,0.11402121419389229,0.11402121419389229,0.020941728290802396,0.020941728290802396,0.14689109242936424,0.0502771359265729,0.10374881979469683,0.025158449378923725,0.10282028658068446,0.08509108544793315
438,24,0.0005382836635771027,1.2762649885682274e-05,0.0017388540228608874,0.0727351849356663,0.004347823927088405,0.14347453113640446,102,False,100,0,36,0,0,0,0,10248,10345,10442,9365,10156,9799,10302,10471,10378,10329,10139,10475,9782,10020,10191,10478,9665,9953,10386,10099,10436,9909,10462,10415,0.00013740029703450472,0.0005078557328217214,9.519264925114402e-05,0.00016557480005171762,0.00028053190412236334,0.00016222367937369575,0.0002921146409176648,0.0002741015048951754,0.0017388540228608874,0.0003538316789593008,0.0017388540228608874,0.0016226286478340983,0.0009889664153638232,0.0009634100797424141,0.0013626403740966597,0.0013626403740966597,0.0002745326723889842,0.0002745326723889842,0.00013720311239113266,7.38816968388655e-05,2.505444376699478e-05,1.2762649885682274e-05,2.512622284678136e-05,4.889363106032505e-05,0.05984272100000626,0.12543974988753498,0.07812246807017297,0.004347823927088405,0.029293952284247093,0.010431210143282991,0.10816569272137086,0.12710223941353602,0.12289239919374613,0.051138424222217885,0.12289239919374613,0.14347453113640446,0.01806234145130456,0.02585179416106491,0.10451944634440126,0.10451944634440126,0.019196584266568863,0.019196584266568863,0.13465016806025054,0.046087374599358494,0.09510308481180542,0.02306191193068008,0.09425192936562742,0.07800016166060537
439,24,0.0005229872529029108,1.2151186785008983e-05,0.0017024901677521124,0.070146141746583,0.003985505266497704,0.19984371946240803,103,False,99,0,36,0,0,0,0,10248,10345,10442,9365,10156,9799,10302,10543,10378,10329,10139,10475,9782,10020,10191,10478,9665,9953,10386,10099,10436,9909,10462,10415,0.00013217205078631562,0.0004975900802024177,9.204049968343153e-05,0.00015681790547720029,0.00026755814900446853,0.00015390603731668502,0.00028482848293697046,0.0002756153672333466,0.0017024901677521124,0.00033953914937644234,0.0017024901677521124,0.0015978804849879015,0.0009402670638206687,0.0009179698044393725,0.0013272960613833415,0.0013272960613833415,0.0002610968847714675,0.0002610968847714675,0.00013477697283374336,7.079711839590624e-05,2.434029778126753e-05,1.2151186785008983e-05,2.4404212172257078e-05,4.7272978622613505e-05,0.05485582758333907,0.11498643739690706,0.07161226239765855,0.003985505266497704,0.026852789593893166,0.009561942631342742,0.09915188499458995,0.19984371946240803,0.11265136592760061,0.046876888870366396,0.11265136592760061,0.13151832020837076,0.01655714633036251,0.023697477980976166,0.09580949248236782,0.09580949248236782,0.017596868911021458,0.017596868911021458,0.12342932072189633,0.04224676004941195,0.08717782774415496,0.021140085936456738,0.08639760191849179,0.07150014818888825
440,24,0.0005073992362859603,1.1562793296688666e-05,0.0016621122635738792,0.0712450743788122,0.0036533798276228956,0.18319007617387403,104,False,100,0,36,0,0,0,0,10248,10345,10442,9365,10156,9799,10566,10543,10378,10329,10139,10475,9782,10020,10191,10478,9665,9953,10386,10099,10436,9909,10582,10415,0.00012696527759809549,0.0004861065797474496,8.883060156171627e-05,0.00014850907231968354,0.0002550099678669273,0.00014597931632274598,0.00028416819557154307,0.0002757309266421349,0.0016621122635738792,0.0003254352668599754,0.0016621122635738792,0.0015682491498627783,0.0008935889874226862,0.0008741451433744933,0.0012897182837632135,0.0012897182837632135,0.00024820741354004305,0.00024820741354004305,0.00013197829036097663,6.776838228813652e-05,2.3594075206780065e-05,1.1562793296688666e-05,2.4260814655197967e-05,4.5622908150765124e-05,0.05028450861806081,0.10540423428049814,0.06564457386452034,0.0036533798276228956,0.0246150571277354,0.008765114078730847,0.1742225612450408,0.18319007617387403,0.10326375210030056,0.042970481464502525,0.10326375210030056,0.12055846019100652,0.015177384136165633,0.02172268814922815,0.08782536810883716,0.08782536810883716,0.016130463168436335,0.016130463168436335,0.11314354399507164,0.03872619671196095,0.07991300876547537,0.019378412108418674,0.16253113509195083,0.0655418025064809
441,24,0.0004913377870967854,1.0997463583031275e-05,0.0016184308972476632,0.06878020706946673,0.003348931508654321,0.16792423649271787,105,False,100,0,36,0,0,0,0,10248,10345,10442,9365,10156,9799,10566,10543,10378,10329,10139,10475,9782,10020,10191,10478,9665,9953,10386,10099,10604,9909,10582,10415,0.00012180755815494466,0.0004736152529476225,8.558946525664098e-05,0.00014062739142606901,0.00024289799308899196,0.0001384299512617856,0.00028225451351486774,0.0002745628274984468,0.0016184308972476632,0.00031157613638685747,0.0016184308972476632,0.0015344496491890602,0.000848900040253043,0.0008319524088537398,0.00125040498812165,0.00125040498812165,0.00023585735851821378,0.00023585735851821378,0.00012886592916599263,6.480528207418264e-05,2.3412874869836338e-05,1.0997463583031275e-05,2.4018651985727616e-05,4.395701303695549e-05,0.046094132899889076,0.09662054809045663,0.06017419270914364,0.003348931508654321,0.022563802367090782,0.008034687905503277,0.1597040144746207,0.16792423649271787,0.0946584394252755,0.03938960800912731,0.0946584394252755,0.11051192184175597,0.013912602124818497,0.01991246413679247,0.08050658743310073,0.08050658743310073,0.014786257904399974,0.014786257904399974,0.10371491532881566,0.03549901365263087,0.15658692470168578,0.017763544432717118,0.14898687383428824,0.060079985630940816
442,24,0.00047535986159862953,1.0455044032650792e-05,0.0015721037177981424,0.06999296759145561,0.003069853882933127,0.22972867993506899,106,False,100,0,36,0,0,0,0,10248,10345,10442,9365,10156,10613,10614,10543,10378,10329,10139,10475,9782,10020,10191,10478,9665,9953,10386,10099,10604,9909,10582,10415,0.00011672228453447469,0.00046031103945093176,8.234032770463204e-05,0.0001331526525879621,0.00023122840124966307,0.0001346289256035143,0.0002864169204045668,0.0002722331569379153,0.0015721037177981424,0.00029800817195955266,0.0015721037177981424,0.0014971597260373334,0.0008061603776319983,0.0007913948460134637,0.001209807471610716,0.001209807471610716,0.00022403743871094378,0.00022403743871094378,0.0001254951081696739,6.191574868519452e-05,2.3140616447445223e-05,1.0455044032650792e-05,2.3688868607092466e-05,4.228720606943891e-05,0.04225295515823165,0.08856883574958524,0.05515967665004833,0.003069853882933127,0.020683485503166548,0.09069846391337802,0.22972867993506899,0.1539305501183247,0.08677023613983588,0.036107140675033365,0.08677023613983588,0.10130259502160964,0.012753218614416955,0.018253092125393097,0.073797705147009,0.073797705147009,0.013554069745699976,0.013554069745699976,0.09507200571808101,0.03254076251491163,0.14353801430987861,0.016283249063324023,0.13657130101476422,0.05507332016169575
443,24,0.0004591164747267103,1.0191487054959799e-05,0.0015237323445710567,0.06763244251438986,0.002814032726022033,0.21058462327381322,107,False,100,0,36,0,0,0,0,10248,10345,10442,9365,10156,10613,10614,10543,10378,10329,10139,10475,9782,10020,10191,10478,9665,9953,10386,10099,10604,10653,10582,10415,0.00011172904073946169,0.0004463727444989916,7.910335254578647e-05,0.0001260653623983766,0.00022000355549262968,0.00013063023610640617,0.00028894554910707576,0.0002688673526201642,0.0015237323445710567,0.00028476910553566325,0.0015237323445710567,0.0014570128520683405,0.0007653239658207243,0.0007524646484972735,0.0011683305711224098,0.0011683305711224098,0.00021273643687902164,0.00021273643687902164,0.0001219169637610386,5.9106058965365196e-05,2.2788083374779424e-05,1.0191487054959799e-05,2.328250716140581e-05,4.062382254762711e-05,0.03873187556171235,0.0811880994371198,0.05056303692921097,0.002814032726022033,0.018959861711236002,0.08314025858726318,0.21058462327381322,0.14110300427513098,0.07953938312818289,0.03309821228544725,0.07953938312818289,0.09286071210314216,0.011690450396548875,0.016732001114943672,0.06764789638475824,0.06764789638475824,0.01242456393355831,0.01242456393355831,0.08714933857490759,0.029829032305335658,0.13157651311738872,0.09825964497471369,0.12519035926353386,0.050483876814887765
444,24,0.00044277492619305536,9.909748925120299e-06,0.0014738612406771825,0.06546862786041292,0.0025795299988535304,0.1930359046676621,108,False,100,0,36,0,0,0,0,10248,10345,10442,9365,10156,10613,10614,10543,10378,10329,10139,10475,9782,10020,10191,10478,9665,9953,10386,10675,10604,10653,10582,10415,0.00010684397758232708,0.0004319625880149403,7.589585215249214e-05,0.00011934675408488363,0.0002092225815611351,0.00012648226768790887,0.00028993764902558017,0.0002645908037484331,0.0014738612406771825,0.00027188894824955236,0.0014738612406771825,0.0014145937538666078,0.0007263398962518537,0.000715144750742039,0.0011263338600587382,0.0011263338600587382,0.00020194158789349397,0.00020194158789349397,0.00011817830186068112,5.7835093078261005e-05,2.2365862289550174e-05,9.909748925120299e-06,2.281028771444915e-05,3.8975734538683633e-05,0.035504219264902985,0.07442242448402647,0.046349450518443386,0.0025795299988535304,0.01737987323529967,0.07621190370499124,0.1930359046676621,0.12934442058553672,0.07291110120083431,0.030340027928326647,0.07291110120083431,0.08512231942788032,0.010716246196836468,0.015337667688698365,0.06201057168602838,0.06201057168602838,0.011389183605761783,0.011389183605761783,0.07988689369366528,0.1106766129465577,0.12061180369093966,0.09007134122682088,0.11475782932490604,0.046276887080313786
445,24,0.00042668349805262824,9.613725072071171e-06,0.00142297813733433,0.0634851310942674,0.002364569165615736,0.26028291261202363,109,False,100,0,36,0,0,0,0,10248,10345,10442,9365,10156,10613,10686,10543,10378,10329,10139,10475,9782,10020,10191,10478,9665,9953,10386,10675,10604,10653,10582,10415,0.00010208017461362999,0.00041722623178036935,7.273252101822164e-05,0.00011297879062333689,0.00019888188126527238,0.000122228587067527,0.00029697300158400535,0.00025952612043523876,0.00142297813733433,0.000259390893683476,0.00142297813733433,0.0013704360388227454,0.00068915352391129,0.0006794104129851088,0.0010841335894736794,0.0010841335894736794,0.00019163891630433639,0.00019163891630433639,0.00011432150385676492,5.6432197993846996e-05,2.1884151711123515e-05,9.613725072071171e-06,2.228243972807836e-05,3.7350470886279086e-05,0.03254553432616107,0.06822055577702427,0.042486996308573104,0.002364569165615736,0.015931550465691363,0.0698609117295753,0.26028291261202363,0.11856571887007532,0.06683517610076478,0.02781169226763276,0.06683517610076478,0.07802879280889029,0.009823225680433428,0.014059528714640168,0.05684302404552601,0.05684302404552601,0.010440084971948302,0.010440084971948302,0.0732296525525265,0.10145356186767789,0.11056082005002801,0.0825653961245858,0.10519467688116386,0.04242047982362097
446,24,0.0004111588167161003,9.306956885796565e-06,0.0013715156434241543,0.07208359239196734,0.0021675217351477577,0.238592669894355,110,False,100,0,36,0,0,0,0,10704,10345,10442,9365,10156,10613,10686,10543,10378,10329,10139,10475,9782,10020,10191,10478,10721,9953,10386,10723,10604,10653,10582,10415,9.996115901084384e-05,0.0004022931749443716,6.962567226123249e-05,0.00010694416226372848,0.00018897558762930684,0.00011790803125482594,0.00030216976377962833,0.00025379102149618174,0.0013715156434241543,0.0002472921569722955,0.0013715156434241543,0.0013250215149876964,0.0006537074483777221,0.0006452306157165159,0.001042005151697375,0.001042005151697375,0.00018650248343898205,0.00018650248343898205,0.00011038455415270694,5.633768549648154e-05,2.1352619382678323e-05,9.306956885796565e-06,2.1708580699752027e-05,3.575433875361971e-05,0.113166739798981,0.06253550946227224,0.03894641328285868,0.0021675217351477577,0.014603921260217083,0.06403916908544402,0.238592669894355,0.10868524229756904,0.06126557809236771,0.025494051245330027,0.06126557809236771,0.07152639340814942,0.009004623540397308,0.012887901321753487,0.052106105375065506,0.052106105375065506,0.09290341122428596,0.09290341122428596,0.06712718150648263,0.17633243171203805,0.10134741837919234,0.07568494644753698,0.09642845380773354,0.03888543983831922
447,24,0.00042972108738358457,8.992630513337805e-06,0.0013198537255080117,0.07750972564898079,0.0019868949238854446,0.21870994740315872,111,False,100,0,36,0,0,0,0,10704,10345,10730,9365,10156,10613,10686,10543,10378,10139,10475,9782,10020,10191,10478,10743,10721,9953,10386,10723,10604,10653,10582,10415,9.760447186280458e-05,0.0003872774228574634,6.830270448476993e-05,0.00010122627944732698,0.00017949596621692738,0.00011355488243958334,0.0003055952381152585,0.00024749677561237043,0.0013198537255080117,0.0013198537255080117,0.0012787808389142059,0.0006199423547670561,0.000612569280337538,0.0010001858832293345,0.0010259805904895753,0.0010259805904895753,0.00018107486359543665,0.00018107486359543665,0.00010640116081504912,5.599136783251928e-05,2.078030213928497e-05,8.992630513337805e-06,2.1097634947633223e-05,3.4192543487517435e-05,0.10373617814906591,0.05732421700708288,0.11903421217595381,0.0019868949238854446,0.013386927821865659,0.058702571661657016,0.21870994740315872,0.09962813877277162,0.05616011325133707,0.05616011325133707,0.06556586062413697,0.008254238245364198,0.011813909544940696,0.04776392992714338,0.13109726326047672,0.13109726326047672,0.08516146028892879,0.08516146028892879,0.06153324971427574,0.16163806240270154,0.09290180018092631,0.06937786757690889,0.08839274932375575,0.035644986518459286
448,24,0.00047156247884623737,8.673583969273147e-06,0.001268322793487348,0.09344236742595986,0.0018213203468949908,0.20350582465543698,112,False,100,0,36,0,0,0,0,10704,10345,10754,9365,10613,10686,10543,10378,10139,10475,10763,9782,10020,10191,10478,10766,10767,10721,10386,10723,10604,10653,10582,10415,9.505194105766312e-05,0.0003722783488776987,6.85249129218099e-05,9.580926196003204e-05,0.00010919910482534558,0.00030734317456155387,0.00024074712342672243,0.001268322793487348,0.001268322793487348,0.0012320951703371301,0.0006029569830348601,0.0006029569830348601,0.0005813863324061205,0.0009588780588813453,0.001032802115304306,0.001032802115304306,0.001032802115304306,0.0001754243850108953,0.00010240094475147494,5.5418617951899256e-05,2.017554194471612e-05,8.673583969273147e-06,2.0457786033841383e-05,3.2669304434840484e-05,0.09509149663664375,0.0525471989231593,0.19244802782795767,0.0018213203468949908,0.05381069068985226,0.2004841184528955,0.09132579387504064,0.05148010381372564,0.05148010381372564,0.060102038905458885,0.09089971839158385,0.09089971839158385,0.010829417082862305,0.04378360243321476,0.20350582465543698,0.20350582465543698,0.20350582465543698,0.07806467193151806,0.05640547890475276,0.14816822386914308,0.08515998349918244,0.06359637861216648,0.08102668688010943,0.03267457097525434
449,24,0.0004619788601662103,8.352320465461614e-06,0.0012485988414498187,0.10301661458490764,0.009926965659290446,0.2597440255089612,113,False,100,0,36,0,0,0,0,10776,10345,10778,10779,10613,10686,10543,10378,10784,10785,10763,9782,10020,10191,10478,10766,10767,10721,10386,10723,10604,10653,10582,10415,9.472380310915505e-05,0.00035738168266298917,7.017611745107014e-05,9.301650087855073e-05,0.00010486662304843487,0.0003075271932535111,0.00023363760657441136,0.0012172071739083253,0.0012485988414498187,0.001215867305815535,0.0005850811983314466,0.0005850811983314466,0.0005516386231746742,0.0009182519602920213,0.0010342955088228898,0.0010342955088228898,0.0010342955088228898,0.0001696127464040905,9.840967672445636e-05,5.464517206039237e-05,1.9545951898879503e-05,8.352320465461614e-06,1.9796456646150975e-05,3.118796503955776e-05,0.1705005385835901,0.04816826567956269,0.2597440255089612,0.08500287698465375,0.0493264664656979,0.18377710858182086,0.08371531105212059,0.04719009516258184,0.1305234284959152,0.13842686899667064,0.08332474185895186,0.08332474185895186,0.009926965659290446,0.04013496889711353,0.18654700593415055,0.18654700593415055,0.18654700593415055,0.07155928260389155,0.0517050223293567,0.13582087188004782,0.0780633182075839,0.058296680394485934,0.07427446297343364,0.02995169006064981
450,24,0.00045251728984718655,8.03102618030224e-06,0.0012251032004231483,0.09790411892505423,0.009099718521016242,0.254334755439638,114,False,100,0,36,0,0,0,0,10776,10345,10778,10779,10613,10686,10543,10378,10784,10785,10763,9782,10020,10191,10478,10766,10816,10721,10386,10723,10604,10653,10582,10415,9.398786740050706e-05,0.0003426605711201098,7.139336000256813e-05,9.010989913148185e-05,0.00010057962560095118,0.00030627474785841044,0.0002262552321871654,0.0011667487953291218,0.0012251032004231483,0.0011956314300125314,0.0005665320903678177,0.0005665320903678177,0.0005232807242545962,0.0008784489288502396,0.0010308826800055064,0.0010308826800055064,0.0010574690549946615,0.00016369509910394968,9.444954514595048e-05,5.3696495162664746e-05,1.8898406429707486e-05,8.03102618030224e-06,1.9120310284544254e-05,2.975109611321689e-05,0.1562921603682909,0.04415424353959913,0.23809869004988107,0.07791930390259927,0.04521592759355641,0.16846234953333578,0.07673903513111054,0.04325758723236668,0.11964647612125559,0.12689129658028142,0.07638101337070587,0.07638101337070587,0.009099718521016242,0.0367903881556874,0.17100142210630467,0.17100142210630467,0.254334755439638,0.06559600905356724,0.04739627046857697,0.12450246589004384,0.07155804169028523,0.05343862369494544,0.06808492439231417,0.02745571588892899
451,24,0.0004173525507713605,7.71159098871705e-06,0.0011983931548146455,0.09823289680871176,0.008341408644264888,0.23314019248633483,115,False,100,0,36,0,0,0,0,10776,10345,10778,10779,10613,10686,10543,10378,10784,10834,10763,9782,10020,10191,10478,10766,10816,10721,10386,10843,10604,10653,10582,10415,9.288725302107326e-05,0.00032817666940774035,7.219270425487623e-05,8.712109880932174e-05,9.635688005056606e-05,0.0003037217750244617,0.00021867840664260667,0.001117150947571798,0.0011983931548146455,0.0005616252929786573,0.0005616252929786573,0.0005475051817829684,0.00049626560925055,0.000839584335851438,0.0010230169770923758,0.0010230169770923758,0.001074182701315365,0.00015772025823924366,9.053944090173492e-05,5.39537586415088e-05,1.823905044737065e-05,7.71159098871705e-06,1.8435269733870692e-05,2.8360591620727295e-05,0.14326781367093333,0.040474723244632534,0.21825713254572432,0.07142602857738266,0.04144793362742671,0.1544238204055578,0.07034411553685133,0.039652788296336124,0.10967593644448428,0.15334926225648038,0.15334926225648038,0.07001592892314704,0.008341408644264888,0.033724522476046785,0.15675130359744593,0.15675130359744593,0.23314019248633483,0.06012967496576997,0.04344658126286222,0.19746059373254018,0.06559487154942813,0.048985405053699985,0.062411180692954656,0.025167739564851573
452,24,0.00042041975525040605,7.3956309504841545e-06,0.0011689962605687183,0.09936671048581643,0.023070427934447274,0.22488850203842797,116,False,100,0,36,0,0,0,0,10776,10345,10778,10779,10613,10853,10543,10378,10784,10834,9782,10860,10191,10861,10478,10766,10816,10721,10386,10843,10604,10653,10582,10415,9.146525033488892e-05,0.00031398122911496194,7.259642239004825e-05,8.407837815778391e-05,9.221404979054356e-05,0.0003077452850492673,0.00021097707913593757,0.0010685820089111726,0.0011689962605687183,0.0005545912333700772,0.0005281748127105807,0.0004826805559950407,0.0008224274955393814,0.0008224274955393814,0.0010111672996159628,0.0010111672996159628,0.0010847020922875776,0.0001517310077629746,8.669524837023624e-05,5.394036326686088e-05,1.7573322877835832e-05,7.3956309504841545e-06,1.774654798071769e-05,2.7017756673347954e-05,0.13132882919835553,0.03710182964091315,0.20006903816691396,0.06547385952926743,0.03799393915847448,0.22488850203842797,0.06448210590878038,0.03634838927164145,0.10053627507411059,0.14057015706844034,0.06418126817955144,0.09097962459057615,0.11424747893637623,0.11424747893637623,0.14368869496432543,0.14368869496432543,0.2137118431124736,0.055118868718622475,0.03982603282429037,0.18100554425482848,0.06012863225364245,0.04490328796589165,0.057210248968541766,0.023070427934447274
453,24,0.00041136928621089886,7.084511600992528e-06,0.0011374050479569294,0.0980305957231095,0.021147892273243332,0.20614779353522564,117,False,100,0,36,0,0,0,0,10776,10873,10778,10779,10613,10853,10543,10378,10784,10834,9782,10860,10191,10861,10478,10766,10816,10721,10890,10843,10604,10653,10582,10415,8.976434065702748e-05,0.00030785612871939453,7.263144409243025e-05,8.100676134752848e-05,8.816400456149001e-05,0.00031004160317177977,0.00020321304318608383,0.0010211790624656976,0.0011374050479569294,0.0005456885709359603,0.0005086949150627427,0.0004683810731543093,0.0008032810433648359,0.0008032810433648359,0.0009958048137174275,0.0009958048137174275,0.0010893802195660665,0.0001457644698143247,8.506889529431231e-05,5.367899706732929e-05,1.69059906509309e-05,7.084511600992528e-06,1.7058687904197254e-05,2.572338768751938e-05,0.12038476009849257,0.11734334383750372,0.18339661831967113,0.060017704568495145,0.03482777756193494,0.20614779353522564,0.05910859708304868,0.03331935683233799,0.09215825215126804,0.12885597731273696,0.05883282916458882,0.08339798920802814,0.10472685569167821,0.10472685569167821,0.13171463705063163,0.13171463705063163,0.19590252285310078,0.05052562965873727,0.11984053008893285,0.16592174890025943,0.05511791289917224,0.041161347302067344,0.05244272822116328,0.021147892273243332
454,24,0.00040181788949503845,6.779371302874378e-06,0.0011040736772344366,0.09680582385729482,0.03054274376297649,0.2723021440739568,118,False,100,0,36,0,0,0,0,10776,10873,10778,10779,10613,10901,10543,10378,10784,10834,9782,10860,10191,10861,10478,10766,10816,10721,10890,10843,10604,10653,10582,10919,8.782543253399092e-05,0.0003009499600169181,7.232793429668966e-05,7.792817612253186e-05,8.421711908411262e-05,0.0003187331937557799,0.00019544035184091508,0.0009750513456017515,0.0011040736772344366,0.0005351700138519443,0.0004892000665876499,0.0004535410696263929,0.0007824909097548864,0.0007824909097548864,0.0009773922023329324,0.0009773922023329324,0.0010886345653062784,0.0001398525142483069,8.321872230985735e-05,5.319368605916316e-05,1.6241189856414413e-05,6.779371302874378e-06,1.63756077052491e-05,2.5109126364027745e-05,0.11035269675695152,0.10756473185104508,0.16811356679303185,0.055016229187787216,0.03192546276510703,0.2723021440739568,0.05418288065946129,0.03054274376297649,0.08447839780532904,0.1181179792033422,0.05393009340087308,0.07644815677402579,0.09599961771737169,0.09599961771737169,0.12073841729641233,0.12073841729641233,0.17957731261534238,0.04631516052050916,0.10985381924818843,0.15209493649190448,0.05052475349090789,0.037731235026895064,0.048072500869399674,0.10271890125047306
455,24,0.0003931595655714434,6.481144099523585e-06,0.0010829263260954828,0.09568311631363134,0.027997515116061782,0.2496102987344604,119,False,100,0,36,0,0,0,0,10776,10873,10778,10779,10613,10901,10543,10378,10784,10834,9782,10860,10933,10861,10478,10766,10816,10721,10890,10843,10604,10653,10582,10919,8.56872929063166e-05,0.00029339403479525255,7.171803357267899e-05,7.486164422584376e-05,8.038155586479189e-05,0.0003254043710534444,0.00018770580969925494,0.0009302834945054619,0.0010694162086174192,0.000523278012132597,0.0004698067331407819,0.0004383171932567769,0.000779987968560263,0.000779987968560263,0.0009563752793127704,0.0009563752793127704,0.0010829263260954828,0.00013402218895998606,8.118139016647654e-05,5.250901219551204e-05,1.5582471375116722e-05,6.481144099523585e-06,1.5700649618126502e-05,2.4445511687729355e-05,0.10115663869387222,0.09860100419679131,0.15410410289361254,0.05043154342213828,0.02926500753468144,0.2496102987344604,0.04966764060450618,0.027997515116061782,0.07743853132155161,0.10827481426973035,0.04943591895080032,0.07007747704285697,0.17133298290759072,0.17133298290759072,0.11067688252171129,0.11067688252171129,0.16461253656406383,0.04245556381046672,0.1006993343108394,0.13942035845091244,0.046314357366665566,0.03458696544132048,0.04406645913028303,0.09415899281293363
456,24,0.00038485192951230287,6.19058166396929e-06,0.001100408085296613,0.09118174550971762,0.025664388856389966,0.2342281585170585,120,False,100,0,36,0,0,0,0,10776,10873,10778,10779,10613,10901,10543,10378,10784,10834,9782,10860,10933,10861,10478,10766,10960,10721,10890,10843,10604,10653,10582,10919,8.338614847218187e-05,0.0002853105937623822,7.083477783106217e-05,7.182349223457404e-05,7.666352962460221e-05,0.00033011037482734976,0.00018004951165736122,0.0008869385607259907,0.0010338061716249289,0.0005102415865477429,0.00045061462455255036,0.0004228491349520698,0.0007741084952173466,0.0007741084952173466,0.0009331767326915845,0.0009331767326915845,0.001100408085296613,0.00012829615583762047,7.899113396064672e-05,5.16494666787956e-05,1.4932848826665784e-05,6.19058166396929e-06,1.503662996108668e-05,2.3742443439211705e-05,0.09272691880271619,0.0903842538470587,0.14126209431914483,0.04622891480362675,0.02682625690679132,0.2288094405065887,0.045528670554130665,0.025664388856389966,0.07098532037808897,0.09925191308058615,0.04531625903823363,0.06423768728928556,0.15705523433195814,0.15705523433195814,0.10145380897823535,0.10145380897823535,0.2342281585170585,0.038917600159594494,0.09230772311826944,0.12780199524666974,0.0424548275861101,0.03170471832121043,0.040394254202759446,0.0863124100785225
457,24,0.00037219814934707113,5.908274061580359e-06,0.0011115229636478661,0.09959582115783473,0.023525689785024135,0.22730063147096163,121,False,100,0,36,0,0,0,0,10776,10969,10778,10779,10613,10901,10543,10378,10784,10834,9782,10979,10933,10861,10980,10766,10960,10721,10890,10843,10604,10653,10582,10919,8.09554317262198e-05,0.0002839510195564956,6.971120066586379e-05,6.882757289532678e-05,7.30675519012354e-05,0.00033293901715980687,0.00017250540436747924,0.0008450607879674799,0.0009975771503211227,0.0004962741435314851,0.00043170810462471524,0.0004177634520911903,0.0007849417048107135,0.0007652070805111592,0.0007849417048107135,0.0009081917292249169,0.0011115229636478661,0.0001226931207881475,7.667952869351972e-05,5.0638932957128665e-05,1.4294847144102194e-05,5.908274061580359e-06,1.4385889027721539e-05,2.3008971843715763e-05,0.08499967556915651,0.1661855660264705,0.12949025312588275,0.042376505236657855,0.024590735497892043,0.20974198713103961,0.04173461467461977,0.023525689785024135,0.06506987701324822,0.09098092032387063,0.04153990411838083,0.14221788001517843,0.22730063147096163,0.1439672981376283,0.22730063147096163,0.09299932489671572,0.21470914530730362,0.03567446681296162,0.08461541285841366,0.11715182897611393,0.03891692528726759,0.029062658461109562,0.03702806635252949,0.07911970923864563
458,24,0.00036522955546983035,5.634669145718127e-06,0.0011166286366612644,0.09129616939468184,0.021565215636272124,0.20835891218171482,122,False,100,0,36,0,0,0,0,10776,10969,10778,10779,10613,10901,10543,10378,10784,10834,9782,10979,10933,10861,10980,10766,10960,10721,10890,10843,10604,10653,10582,10919,7.842564681347864e-05,0.0002814046157691123,6.837961187770424e-05,6.588548920744999e-05,6.959665522494837e-05,0.00033400332998870507,0.00016510185170439634,0.000804678146197469,0.0009610241362793254,0.0004815721234247067,0.00041315760899813235,0.00041124699185867135,0.000791333202563014,0.0007536402324926021,0.000791333202563014,0.0008817851024547254,0.0011166286366612644,0.00011722824931298175,7.427536730625052e-05,4.950028912251625e-05,1.3670550487804005e-05,5.634669145718127e-06,1.3750339697159413e-05,2.2253282124777352e-05,0.07791636927172679,0.15233676885759795,0.11869939869872585,0.0388451298002697,0.02254150753973437,0.19226348820345296,0.03825673011840146,0.021565215636272124,0.0596473872621442,0.08339917696354808,0.03807824544184909,0.13036639001391356,0.20835891218171482,0.13197002329282592,0.20835891218171482,0.08524938115532274,0.19681671653169497,0.03270159457854815,0.07756412845354585,0.10738917656143776,0.03567384817999529,0.026640770256017098,0.03394239415648537,0.07252640013542516
459,24,0.00035743405162585773,5.3700904849565884e-06,0.0011161500950756609,0.08368815527845835,0.019768114333249445,0.19099566949990524,123,False,100,0,36,0,0,0,0,10776,10969,10778,10779,10613,10901,10543,10378,10784,10834,9782,10979,10933,10861,10980,10766,10960,10721,10890,10843,10604,10653,10582,10919,7.582433200965519e-05,0.0002778013784697378,6.687103909646304e-05,6.300681535013393e-05,6.62525969143318e-05,0.00033343468072224454,0.0001578621900707275,0.0007658046267020995,0.0009244054371834204,0.0004663143349309332,0.0003950210359072634,0.00040349055995509564,0.0007935553990484551,0.0007397582024196521,0.0007935553990484551,0.0008542898533519433,0.0011161500950756609,0.0001119135616164008,7.180462929468478e-05,4.825511669913185e-05,1.306164854924353e-05,5.3700904849565884e-06,1.3131513954785357e-05,2.1482702165111603e-05,0.07142333849908289,0.13964203811946477,0.10880778214049869,0.03560803565024722,0.02066304857808984,0.1762415308531652,0.03506866927520134,0.019768114333249445,0.054676771656965516,0.07644924554991907,0.034905058321695,0.11950252417942075,0.19099566949990524,0.1209725213517571,0.19099566949990524,0.07814526605904584,0.18041532348738704,0.029976461697002466,0.07110045108241703,0.09844007851465128,0.03270102749832902,0.024420706068015673,0.031113861310111585,0.06648253345747306
460,24,0.000348949389045797,5.1147537820010715e-06,0.0011105582189356708,0.08018636456080903,0.018120771472145324,0.17507936370824645,124,False,100,0,36,0,0,0,0,10776,10969,10778,10779,10613,10901,10543,10378,10784,10834,9782,10979,10933,10861,10980,10766,10960,10721,10890,10843,10604,10653,10582,11063,7.31760979129246e-05,0.0002732708799071601,6.52148154036065e-05,6.019931010312865e-05,6.303604301179096e-05,0.00033137656190783643,0.00015080526317030267,0.0007284423064592622,0.0008879449638337239,0.00045066183964812846,0.0003773450842701779,0.00039467763125934483,0.0007919230834832247,0.0007238986025840153,0.0007919230834832247,0.0008260067104770396,0.0011105582189356708,0.00010675830325820263,6.929052018383872e-05,4.69235015453053e-05,1.2469480574121288e-05,5.1147537820010715e-06,1.2530606771098505e-05,2.123767513400006e-05,0.06547139362415931,0.12800520160950937,0.0997404669621238,0.032640699346059954,0.01894112786324902,0.16155473661540143,0.03214628016893456,0.018120771472145324,0.050120374018885056,0.0700784750874258,0.03199630346155375,0.10954398049780235,0.17507936370824645,0.11089147790577733,0.17507936370824645,0.07163316055412536,0.16538071319677144,0.02747842322225226,0.0651754134922156,0.09023673863843033,0.029975941873468265,0.022385647229014365,0.028521039534268953,0.1442756556693503
461,24,0.00033988574374060844,4.868781790901842e-06,0.0011003509188032253,0.07697638973629717,0.016610707182799878,0.21558601769690444,125,False,100,0,36,0,0,0,0,10776,10969,10778,10779,10613,10901,10543,10378,10784,10834,9782,10979,10933,10861,10980,10766,10960,10721,10890,10843,10604,10653,10582,11087,7.050272300279267e-05,0.00026793952191991,6.343829388864954e-05,5.746911969259554e-05,5.994673321431348e-05,0.00032797917236524913,0.00014394592900266774,0.0006925831934751542,0.000851834750624719,0.0004347582646846251,0.00036016652131222807,0.00038498185766986233,0.0007867788047622874,0.0007063816392042769,0.0007867788047622874,0.0007972045211837051,0.0011003509188032253,0.00010176928897654535,6.675356458903856e-05,4.552391241592315e-05,1.1895076660532416e-05,4.868781790901842e-06,1.1948516991579643e-05,2.1457938781533056e-05,0.06001544415547937,0.11733810147538358,0.0914287613819468,0.029920641067221622,0.0173627005413116,0.1480918418974513,0.029467423488190012,0.016610707182799878,0.04594367618397797,0.06423860216347366,0.029329944839757604,0.10041531545631882,0.16048941673255923,0.10165052141362922,0.16048941673255923,0.06566373050794824,0.15159898709704048,0.025188554620397905,0.05974412903453097,0.08271701041856114,0.027477946717345908,0.0205201766265965,0.02614428623974654,0.21558601769690444
462,24,0.0003311757243725148,4.632217773240138e-06,0.0010860370574350025,0.07750613503605018,0.015226481584233221,0.28095384955549574,126,False,100,0,36,0,0,0,0,10776,10969,10778,10779,10613,10901,10543,10378,10784,10834,9782,10979,10933,10861,10980,11103,10960,10721,10890,10843,10604,10653,10582,11111,6.782329086368183e-05,0.0002619284220264845,6.156666964520291e-05,5.482096803188555e-05,5.6983627880208593e-05,0.0003233948362234805,0.00013729553435389808,0.0006582108668419524,0.0008162375935687413,0.00041873043695268565,0.0003435133681727002,0.0003745653326434546,0.0007784801466392767,0.0006875067580690984,0.0007784801466392767,0.0007879310543706463,0.0010860370574350025,9.695121856544931e-05,6.421173809636808e-05,4.407314331661716e-05,1.1339196067672256e-05,4.632217773240138e-06,1.138588505188762e-05,2.2117875711442368e-05,0.05501415714252275,0.10755992635243494,0.08380969793345124,0.02742725431161982,0.015915808829535635,0.13575085507266368,0.027011804864174177,0.015226481584233221,0.0421150365019798,0.05888538531651752,0.0268857827697778,0.09204737250162558,0.14711529867151263,0.09317964462916012,0.14711529867151263,0.14352508629895255,0.1389657381722871,0.023089508402031413,0.05476545161498672,0.07582392621701438,0.025188117824233747,0.01881016190771346,0.02396559571976766,0.28095384955549574
463,24,0.00032777041843854506,4.405037558008835e-06,0.0010681231705606928,0.08005177723605252,0.013957608118880452,0.2575410287592044,127,False,100,0,36,0,0,0,0,10776,10969,10778,10779,10613,10901,10543,10378,10784,10834,9782,10979,11124,10933,10980,11103,10960,10721,10890,10843,10604,10653,10582,11111,6.515435593101533e-05,0.0002553518635626777,5.96228903695117e-05,5.225833315256177e-05,5.414503833070252e-05,0.000317774252617136,0.00013086235405751902,0.0006253019264811655,0.000781289715327183,0.0004026892485163066,0.0003274059968919991,0.0003635774975196469,0.0007871798919918095,0.0007871798919918095,0.0007673889962738042,0.000775924599247795,0.0010681231705606928,9.230696465076195e-05,6.168062561675886e-05,4.2586306859078215e-05,1.08023624108124e-05,4.405037558008835e-06,1.084312745701205e-05,2.2635595149312607e-05,0.05042964404731252,0.09859659915639869,0.07682555643899697,0.0251416497856515,0.01458949142707433,0.12443828381660837,0.024760821125492993,0.013957608118880452,0.038605450126814815,0.05397826987347439,0.024645300872296317,0.0843767581264901,0.2181890237822199,0.2181890237822199,0.13485569044888657,0.1315646624407065,0.12738525999126318,0.021165382701862127,0.050201663980404494,0.06950526569892984,0.0230891080055476,0.017242648415404002,0.021968462743120355,0.2575410287592044
464,24,0.0003199498246346868,4.187160285946869e-06,0.0010471028648598453,0.0733807957997148,0.012794474108973747,0.23607927636260403,128,False,100,0,36,0,0,0,0,10776,10969,10778,10779,10613,10901,10543,10378,10784,10834,9782,10979,11124,10933,10980,11103,10960,10721,10890,10843,10604,10653,10582,11111,6.25101269962084e-05,0.0002483162344214085,5.762763809526417e-05,4.978360926433329e-05,5.142874173636876e-05,0.00031126353078315586,0.00012465199385105463,0.0005938272680519588,0.0007471033884455405,0.0003867306775053185,0.000311858136014307,0.00035215457818035876,0.0007915668815457094,0.0007915668815457094,0.0007538627808227832,0.0007615456221084012,0.0010471028648598453,8.78378329200144e-05,5.917359611394109e-05,4.107686718709483e-05,1.0284895725161557e-05,4.187160285946869e-06,1.0320468056368064e-05,2.3014016716229614e-05,0.04622717371003647,0.09038021589336546,0.07042342673574721,0.023046512303513875,0.013373700474818135,0.114068426831891,0.02269741936503524,0.012794474108973747,0.03538832928291358,0.04948008071735152,0.022591525799604956,0.07734536161594927,0.20000660513370158,0.20000660513370158,0.12361771624481269,0.12060094057064762,0.11676982165865792,0.019401600810040283,0.04601819198203745,0.06371316022401902,0.021165015671751965,0.015805761047453668,0.02013775751452699,0.23607927636260403
465,24,0.00031263069913041946,3.978457928837992e-06,0.0010234486775847628,0.07768239614973857,0.011728267933225935,0.2666727213725598,129,False,100,0,36,0,0,0,0,10776,10969,10778,11163,10613,10901,11166,10378,10784,10834,9782,10979,11172,10933,10980,11103,10960,10721,10890,10843,10604,10653,10582,11111,5.9902659847370865e-05,0.0002409193779259789,5.559936638743033e-05,4.8620651245801656e-05,4.883208189869968e-05,0.0003040019406425513,0.00012172818799655137,0.0005637531985010702,0.000713769466231147,0.0003709369030633143,0.00029687778494730905,0.00034041944841305333,0.000812358830042488,0.0007919348976548211,0.0007382475590551048,0.0007451413678961331,0.0010234486775847628,8.35437958713926e-05,5.670198562441569e-05,3.955670252673381e-05,9.786941460511491e-06,3.978457928837992e-06,9.817966214788533e-06,2.3258530169799934e-05,0.0423749092342001,0.08284853123558501,0.06455480784110161,0.10445930294488773,0.012259225435249956,0.10456272459590008,0.10413930108461565,0.011728267933225935,0.03243930184267078,0.045356740657572225,0.020708898649637875,0.07089991481462016,0.2666727213725598,0.18333938803922645,0.1133162398910783,0.1105508621897603,0.10703900318710309,0.017784800742536924,0.042183342650200996,0.058403730205350765,0.019401264365772636,0.014488614293499194,0.018459611054983074,0.21640600333238702
466,24,0.0003055160303127136,3.778763679189924e-06,0.000997606127081878,0.08509775202614923,0.010750912272123773,0.24444999459151315,130,False,100,0,36,0,0,0,0,10776,10969,10778,11163,10613,10901,11166,10378,10784,10834,11194,11195,11172,10933,10980,11103,10960,10721,11202,10843,10604,10653,11206,11111,5.7342052299005954e-05,0.0002332502824002181,5.355437930127863e-05,4.735872576112558e-05,4.635205721998676e-05,0.00029612029510404285,0.00011855816489610657,0.00053504240735213,0.0006813597857419048,0.00035537746527813127,0.00028975286561852293,0.0003369533445943387,0.0008280550600467687,0.0007886129457845273,0.0007208727985578108,0.000727041004289671,0.000997606127081878,7.942370149489462e-05,5.567503708081969e-05,3.8036188907607106e-05,9.308496525366276e-06,3.778763679189924e-06,9.576304846759694e-06,2.3376473643040215e-05,0.038843666798016756,0.07594448696595292,0.05917524052100981,0.09575436103281375,0.011237623315645793,0.0958491642129084,0.09546102599423101,0.010750912272123773,0.02973602668911488,0.0415770122694412,0.10231649042883473,0.1483249219134018,0.24444999459151315,0.16806110570262422,0.10387321990015509,0.1013382903406136,0.0981190862548445,0.016302734013992178,0.12200139742935093,0.0535367526882382,0.01778449233529158,0.013281229769040927,0.10025464346706783,0.19837216972135477
467,24,0.0002990050036357904,3.5878793069560487e-06,0.0009699896582722536,0.08495071713508125,0.009855002916113458,0.30741249504222035,131,False,100,0,36,0,0,0,0,10776,11209,10778,11163,10613,10901,11166,10378,10784,10834,11194,11195,11220,10933,10980,11103,10960,10721,11202,10843,10604,10653,11206,11111,5.483663647285295e-05,0.000231201805517756,5.1506940428847756e-05,4.6017217342312865e-05,4.398539711075445e-05,0.0002877398747989692,0.00011519035880872164,0.0005076548081899516,0.000649929419513134,0.0003401104319298494,0.00028206312901880127,0.0003322652626542857,0.000860450156392209,0.0007819515270264347,0.0007020476379077165,0.0007075522135796639,0.0009699896582722536,7.547545851872274e-05,5.4497128451422727e-05,3.652429802837492e-05,8.849432538007941e-06,3.5878793069560487e-06,9.316777710120926e-06,2.3376637740848843e-05,0.03560669456484869,0.1529491130521235,0.05424397047759232,0.08777483094674593,0.010301154706008644,0.0878617338618327,0.08750594049471175,0.009855002916113458,0.02725802446502197,0.038112261246987765,0.09379011622643182,0.13596451175395163,0.30741249504222035,0.15405601356073886,0.09521711824180883,0.09289343281222913,0.08994249573360745,0.014944172846159495,0.11183461431023835,0.04907535663088502,0.016302451307350616,0.012174460621620848,0.09190008984481218,0.18184115557790853
468,24,0.0002919807042671072,3.4055815785131414e-06,0.000940980184196785,0.08134371292938002,0.009033752673104002,0.2817947871220353,132,False,100,0,36,0,0,0,0,10776,11209,10778,11163,10613,10901,11166,10378,10784,10834,11194,11195,11220,10933,10980,11103,10960,10721,11202,10843,10604,10653,11254,11111,5.2393164544202785e-05,0.00022828053839582546,4.946940229355207e-05,4.46138853334423e-05,4.1728628021754024e-05,0.00027897180650494224,0.00011166912569322576,0.00048154826397839464,0.0006195187623038002,0.00032518354318289785,0.0002739225134899731,0.0003265100505178236,0.0008871411460865028,0.0007723108662110473,0.0006820584213258411,0.0006869590158743911,0.000940980184196785,7.169619997469248e-05,5.3192451800107195e-05,3.502870355047136e-05,8.409516466459142e-06,3.4055815785131414e-06,9.276318655522568e-06,2.3268812430406015e-05,0.03263947001777796,0.1402033536311132,0.04972363960445963,0.08046026170118377,0.00944272514717459,0.08053992270667998,0.0802137787868191,0.009033752673104002,0.024986522426270138,0.03493623947640545,0.0859742732075625,0.12463413577445566,0.2817947871220353,0.14121801243067728,0.08728235838832475,0.08515231341121003,0.08244728775580683,0.013698825108979537,0.10251506311771848,0.04498574357831126,0.014943913698404731,0.011159922236485776,0.1675750823577445,0.16668772594641615
469,24,0.0003247766961453445,7.988428852754014e-06,0.0009344165867166668,0.08770451817385018,0.00865583138491004,0.258311888195199,133,False,100,0,36,0,0,0,0,10776,11209,10778,11163,10613,10901,11166,11263,10784,10834,11194,11195,11220,10933,10980,11103,10960,11272,10721,11202,10843,10604,11254,11111,5.001698528347898e-05,0.00022459295375794393,4.745234814435308e-05,4.3164824188300563e-05,3.957813021358478e-05,0.00026991681122891595,0.00010803464835277504,0.0004684569261534688,0.0005901554466557346,0.00031063531312573457,0.0002654351276261549,0.00031983788994136047,0.0009081205863119663,0.0007600511313264919,0.0006611672955353424,0.0006655206125981049,0.0009344165867166668,0.0009344165867166668,6.808242688164653e-05,5.178366008235528e-05,3.355589127339942e-05,7.988428852754014e-06,9.196709483180435e-06,2.306338703788629e-05,0.029919514182963132,0.1285197408285204,0.04558000297075466,0.07375523989275179,0.00865583138491004,0.07382826248112331,0.07352929722125083,0.09161427328367867,0.022904312224080958,0.032024886186704994,0.07880975044026563,0.11424795779325102,0.258311888195199,0.12944984472812082,0.08000882852263103,0.0780562872936092,0.15891001377615627,0.15891001377615627,0.012557256349897909,0.09397214119124193,0.04123693161345199,0.013698587556871002,0.15361049216126577,0.15279708211754814
470,24,0.00031904348760032733,7.585779821963759e-06,0.0009473189415285711,0.08734025277047379,0.007934512102834204,0.3201192308455991,134,False,100,0,36,0,0,0,0,10776,11209,10778,11163,10613,10901,11166,11263,10784,10834,11290,11195,11292,10933,10980,11103,10960,11272,10721,11202,10843,10604,11254,11111,4.771220962645098e-05,0.00022024301299758232,4.546473980499363e-05,4.168447050401682e-05,3.753018629645886e-05,0.0002606652452490607,0.00010432295767151976,0.0004546596337443669,0.0005618560867725115,0.0002964960734514559,0.00026331522936023363,0.0003123919735081023,0.0009473189415285711,0.0007455245735303257,0.0006396116703322845,0.0006434710532798163,0.0009241517828485355,0.0009241517828485355,6.463013383491111e-05,5.029169741651119e-05,3.211126966266377e-05,7.585779821963759e-06,9.082190069844438e-06,2.2771008247140017e-05,0.02742622133438287,0.1178097624261437,0.04178166938985844,0.06760896990168913,0.007934512102834204,0.06767590727436304,0.06740185578614659,0.08397975051003878,0.02099561953874088,0.029356145671146243,0.1555756045702435,0.10472729464381343,0.3201192308455991,0.11866235766744408,0.0733414261457451,0.07155159668580842,0.14566751262814323,0.14566751262814323,0.01151081832073975,0.08614112942530511,0.03780052064566432,0.012557038593798418,0.1408096178144936,0.1400639919410858
471,24,0.0003129027816965937,7.201123075202395e-06,0.0009801869293521517,0.08700634281737873,0.007273302760931353,0.2934426282751325,135,False,100,0,36,0,0,0,0,10776,11209,10778,11163,10613,11309,11166,11263,10784,10834,11290,11195,11292,10933,10980,11103,10960,11272,10721,11202,10843,10604,11254,11327,4.548186422486443e-05,0.0002153304074858628,4.351406663470709e-05,4.018564593523918e-05,3.558102248930682e-05,0.0002577783034545905,0.00010056604287058807,0.0004403261189479164,0.0005346278544506115,0.00028278894972809897,0.0002601795381455134,0.00030430683211474696,0.0009801869293521517,0.0007290694449180161,0.0006176043621359061,0.0006210195478395594,0.0009106158792866095,0.0009106158792866095,6.133491823834615e-05,4.873570574173639e-05,3.0699278068391086e-05,7.201123075202395e-06,8.936996189354346e-06,2.2980050104319257e-05,0.02514070288985096,0.10799228222396505,0.038299863607370234,0.06197488907654837,0.007273302760931353,0.14536958166816613,0.06178503447063437,0.07698143796753555,0.01924598457717914,0.026909800198550722,0.14261097085605653,0.09600002009016231,0.2934426282751325,0.10877382786182374,0.06722964063359967,0.06558896362865771,0.13352855324246463,0.13352855324246463,0.010551583460678103,0.07896270197319634,0.034650477258525623,0.011510618710981883,0.12907548299661914,0.2117253259459953
472,24,0.0003077607247600556,6.83396806010059e-06,0.0010066455540545184,0.09017248091593051,0.006667194197520407,0.26898907591887145,136,False,100,0,36,0,0,0,0,11328,11209,10778,11163,10613,11309,11166,11263,10784,10834,11290,11195,11292,10933,10980,11343,10960,11345,10721,11202,10843,10604,11254,11327,4.4445458692575065e-05,0.00020994926583081777,4.1606491853908176e-05,3.86796266156582e-05,3.3726843464175066e-05,0.00025398147062024483,9.679202742695771e-05,0.0004256093925680699,0.0005084698938114,0.0002695307647891182,0.000256149342887931,0.00029570722127676653,0.0010066455540545184,0.0007110055074866607,0.0005953342607144102,0.0006137826957061791,0.0008942326391851793,0.0009172948214625962,5.8192074835942234e-05,4.7132993336257205e-05,2.9323490697041204e-05,6.83396806010059e-06,8.765267763912347e-06,2.3066321100913334e-05,0.10637897764903005,0.09899292537196795,0.035108208306756046,0.056810314986836,0.006667194197520407,0.1332554498624856,0.056636281598081505,0.07056631813690759,0.017642152529080878,0.024667316848671496,0.1307267232847185,0.08800001841598212,0.26898907591887145,0.09970934220667176,0.06162717058079969,0.14345654999293625,0.12240117380559257,0.2057345071389259,0.009672284838954928,0.07238247680876331,0.03176293748698182,0.010551400485066725,0.11831919274690088,0.19408154878382902
473,24,0.00030355900327942145,6.483790503366107e-06,0.0010532417877246792,0.09654699639515851,0.006111594681060373,0.32990665292563215,137,False,100,0,36,0,0,0,0,11328,11209,10778,11163,10613,11309,11358,11359,10784,10834,11290,11195,11364,10933,10980,11343,10960,11345,10721,11371,10843,10604,11254,11327,4.331518204655842e-05,0.00020418726527571818,3.974699349138097e-05,3.7176231177742074e-05,3.196386156073524e-05,0.0002493929145646277,9.542450773448068e-05,0.0004212365351802559,0.0004833745836288618,0.0002567328669406141,0.0002513435369176664,0.0002867074750482054,0.0010532417877246792,0.0006916309253684936,0.000572967381316206,0.0006044183019768777,0.0008754115080130306,0.0009191948124973135,5.519667710195673e-05,4.6672468641578286e-05,2.7986714992758643e-05,6.483790503366107e-06,8.570977964879669e-06,2.303877903812827e-05,0.09751406284494421,0.09074351492430395,0.03218252428119304,0.052076122071266336,0.006111594681060373,0.12215082904061181,0.13524992479824138,0.14801912495883196,0.01617197315165747,0.022611707111282204,0.11983282967765861,0.0806666835479836,0.32990665292563215,0.09140023035611577,0.05649157303239971,0.1315018374935249,0.11220107598845985,0.18858996487734875,0.00886626110237535,0.1496839370746997,0.029116026029733334,0.009672117111311164,0.10845926001799247,0.1779080863851766
474,24,0.00029902775000538413,6.150041479134061e-06,0.0010927764712938236,0.09197363558445087,0.005602295124305341,0.30241443184849615,138,False,100,0,36,0,0,0,0,11328,11209,10778,11163,10613,11309,11358,11383,10784,10834,11290,11195,11364,10933,10980,11343,10960,11345,10721,11371,10843,10604,11254,11327,4.210896272274254e-05,0.0001981250843967091,3.79394980344534e-05,3.5683920841082534e-05,3.0288321078123363e-05,0.0002441267627250802,9.375288019729162e-05,0.000426051821277481,0.00045932865733009254,0.000244401883080699,0.00024587650771227886,0.0002774112411309185,0.0010927764712938236,0.0006712203277816779,0.000550648186122476,0.0005932071397670006,0.0008545416175814701,0.0009166861714075146,5.234364693978874e-05,4.604062968613048e-05,2.6691083563441288e-05,6.150041479134061e-06,8.357880955920517e-06,2.2907263023888134e-05,0.08938789094119885,0.08318155534727861,0.029500647257760283,0.04773644523199414,0.005602295124305341,0.11197159328722749,0.12397909773172126,0.21901753121226264,0.01482430872235268,0.02072739818534202,0.10984676053785372,0.07394445991898498,0.30241443184849615,0.08378354449310613,0.0517839419463664,0.12054335103573115,0.10285098632275486,0.17287413447090302,0.008127406010510737,0.13721027565180807,0.026689690527255554,0.008866107352035234,0.09942098834982643,0.16308241251974523
475,24,0.00029404526128407374,5.832155174688182e-06,0.0011250980255020505,0.09125361039685775,0.007450122176301508,0.2772132291944548,139,False,100,0,36,0,0,0,0,11328,11209,10778,11163,11404,11405,11358,11383,10784,10834,11290,11195,11364,10933,10980,11343,10960,11345,10721,11371,10843,10604,11254,11327,4.084326514863315e-05,0.0001918361366243399,3.618700552993213e-05,3.420990629481116e-05,2.9436598997956065e-05,0.0002444369569844173,9.182021293242333e-05,0.0004285256591808615,0.00043631419143540175,0.0002325403985925083,0.00023985656938030456,0.0002679115182391982,0.0011250980255020505,0.000650023837349129,0.000528501079318576,0.0005804196581077316,0.0008319875270976772,0.0009101690838010805,4.962781402588792e-05,4.5258943045278694e-05,2.54381391647718e-05,5.832155174688182e-06,8.129475827540072e-06,2.268211306257086e-05,0.08193890002943229,0.07624975906833872,0.027042259986280258,0.043758408129327964,0.08846877053061324,0.18597396051329185,0.11364750625407782,0.2007660702779074,0.013588949662156624,0.019000115003230185,0.10069286382636591,0.06778242159240289,0.2772132291944548,0.07680158245201395,0.04746861345083587,0.11049807178275355,0.09428007079585861,0.15846795659832777,0.007450122176301508,0.1257760860141574,0.024465549649984257,0.008127265072698965,0.09113590598734089,0.14949221147643313
476,24,0.0002889194929405384,5.5295555024427764e-06,0.0011502277682945356,0.09406580953045295,0.006829278661609715,0.25411212676158357,140,False,100,0,36,0,0,0,0,11328,11209,10778,11427,11404,11429,11358,11383,10784,10834,11434,11195,11364,10933,10980,11343,10960,11345,10721,11371,10843,10604,11254,11327,3.953304337177322e-05,0.00018538652868781123,3.4491705411671735e-05,3.360514140459326e-05,2.854445383517806e-05,0.00024987349434886437,8.96675307004046e-05,0.00042881609808188126,0.00041430947344492147,0.0002211475671248493,0.00023940384399948227,0.0002582909257477589,0.0011502277682945356,0.0006282668734051033,0.0005066319985875898,0.0005663122056485975,0.0008080864481988655,0.0009000591954438446,4.704396602023129e-05,4.434826917235044e-05,2.4228912548189234e-05,5.5295555024427764e-06,7.88898422313319e-06,2.2373847368848328e-05,0.07511065836031293,0.06989561247931049,0.0247887383207569,0.12344520745188398,0.08109637298639547,0.25380946380385083,0.10417688073290467,0.1840355644214151,0.012456537190310238,0.017416772086294337,0.17563512517416877,0.06213388645970264,0.25411212676158357,0.07040145058101278,0.04351289566326621,0.10128989913419074,0.08642339822953705,0.14526229354846712,0.006829278661609715,0.11529474551297762,0.0224267538458189,0.007449992983307384,0.08354124715506248,0.13703452718673037
477,24,0.0002833989813018492,5.24166169428822e-06,0.0011683346408981616,0.08969921429180407,0.006260172106475572,0.23293611619811827,141,False,100,0,36,0,0,0,0,11328,11209,10778,11427,11404,11429,11358,11383,10784,10834,11434,11459,11364,10933,10980,11343,10960,11345,10721,11371,10843,10604,11254,11327,3.8191739422167024e-05,0.00017883519393297332,3.285508274078868e-05,3.290746744075294e-05,2.7622249618773945e-05,0.00025378548485467293,8.73333445919492e-05,0.00042710060485326727,0.00039328976008502916,0.00021021965421638868,0.00023788572036150205,0.00025503408874269165,0.0011683346408981616,0.0006061505594270489,0.00048513004217474385,0.000551124381325013,0.0007831467050863391,0.0008867755184370203,4.458689075236827e-05,4.332853089162452e-05,2.3063993200026687e-05,5.24166169428822e-06,7.639339245163378e-06,2.1992897251625312e-05,0.06885143683028686,0.06407097810603461,0.022723010127360492,0.11315810683089364,0.07433834190419585,0.23265867515352992,0.0954954740051626,0.16869926738629717,0.011418492424451051,0.015965374412436475,0.16099886474298802,0.1402893959213941,0.23293611619811827,0.06453466303259504,0.03988682102466069,0.09284907420634152,0.07922144837707563,0.13315710241942819,0.006260172106475572,0.10568685005356282,0.02055785769200066,0.006829160234698435,0.07657947655880727,0.12561498325450282
478,24,0.0002773087376755826,4.967893001864213e-06,0.0011797086204085002,0.08569650198970928,0.0057384910976026075,0.2135247731816084,142,False,100,0,36,0,0,0,0,11328,11209,10778,11427,11404,11429,11358,11383,10784,10834,11434,11459,11364,10933,10980,11343,10960,11345,10721,11491,10843,10604,11254,11327,3.68313162602507e-05,0.00017223415689210592,3.1278014855718524e-05,3.213156235060824e-05,2.667929127869205e-05,0.0002562362263883053,8.485334075176103e-05,0.0004235685869552795,0.00037322793649424154,0.00019975051923829025,0.0002354101767632139,0.0002509203812482717,0.0011797086204085002,0.0005838525853602443,0.00046406908477677165,0.0005350773433565231,0.0007574471958975465,0.0008707306033579145,4.225141138388862e-05,4.3307283945435304e-05,2.194359316143399e-05,4.967893001864213e-06,7.383183408543828e-06,2.1549396678577698e-05,0.06311381709442962,0.058731729930531724,0.02082942595008045,0.10372826459498584,0.06814348007884619,0.2132704522240691,0.08753751783806571,0.15464099510410573,0.01046695138908013,0.014634926544733435,0.14758229268107234,0.12859861292794458,0.2135247731816084,0.059156774446545456,0.03656291927260563,0.08511165135581306,0.07261966101231933,0.12206067721780917,0.0057384910976026075,0.18021294588243258,0.018844702884333937,0.006260063548473565,0.07019785351223999,0.11514706798329424
479,24,0.0002983762193231119,4.707672614275342e-06,0.001184734415912542,0.09219430289052695,0.0057383915861007675,0.19573104208314102,143,False,100,0,36,0,0,0,0,11328,11209,10778,11427,11404,11429,11358,11383,10784,10834,11434,11364,10933,10980,11511,10960,11513,11345,11514,11491,10843,10604,11254,11327,3.546231650306383e-05,0.0001656288919793105,2.9760858658842982e-05,3.129119540028892e-05,2.5723850212229264e-05,0.00025730951445367134,8.226020197408042e-05,0.00041841497170001584,0.0003540950864288485,0.00018973204039973588,0.00023208659982014028,0.001184734415912542,0.0005615283975845249,0.0004435093474353534,0.0005317417047029612,0.0007312376431437156,0.0008743041668944141,0.0008743041668944141,4.106484797130295e-05,4.308787336093401e-05,2.0867604233385025e-05,4.707672614275342e-06,7.122873639166422e-06,2.105302183746823e-05,0.05785433233656048,0.053837419102987415,0.01909364045424041,0.09508424254540368,0.06246485673894234,0.19549791453873,0.08024272468489356,0.14175424551209692,0.00959470543999012,0.013415349332672315,0.135283768290983,0.19573104208314102,0.05422704324266667,0.033516009333221825,0.16135234707616197,0.06656802259462605,0.19522228744965842,0.19522228744965842,0.08859361683946906,0.16519520039222987,0.01727431097730611,0.0057383915861007675,0.06434803238621999,0.10555147898468639
480,24,0.000267411874149616,4.5754650195970785e-06,0.001183866630960943,0.09958323698733917,0.008795146653324275,0.26228709682885354,144,False,100,0,36,0,0,0,0,11520,11209,10778,11427,11404,11429,11358,11383,10784,10834,11434,11530,11364,10933,10980,11511,10960,11536,11514,11491,10843,11541,11254,11327,3.497321920649574e-05,0.0001590587454061402,2.8303528929586e-05,3.0399118075377077e-05,2.476320726338111e-05,0.0002571042536419981,7.958353743763275e-05,0.0004118348641835752,0.00033586098296167646,0.00018015448764139194,0.00023390381080396605,0.00023390381080396605,0.001183866630960943,0.0005393126104032016,0.0004234988965063362,0.0005262602675668584,0.0007047394461805316,0.0008960677788791168,3.982167393552887e-05,4.268962828363073e-05,1.9835648947668862e-05,4.5754650195970785e-06,6.8604915704406785e-06,2.0512874981742804e-05,0.1363664713085138,0.04935096751107179,0.017502503749720375,0.08716055566662004,0.05725945201069714,0.1792064216605025,0.07355583096115242,0.12994139171942218,0.008795146653324275,0.012297403554949621,0.2073434542667344,0.2073434542667344,0.17942012190954593,0.049708122972444445,0.03072300855545334,0.14790631815314847,0.061020687378407205,0.26228709682885354,0.08121081543617997,0.15142893369287738,0.0158347850625306,0.08859352562059238,0.058985696354034986,0.09675552240262919
481,24,0.0002631620964702622,4.436949860033842e-06,0.0011776071950503012,0.10170130057172759,0.008062217765547252,0.2404298387597824,145,False,100,0,36,0,0,0,0,11544,11209,11546,11427,11404,11429,11358,11383,10784,10834,11434,11530,11364,11557,10980,11511,10960,11536,11514,11491,10843,11541,11254,11327,3.5257745970816176e-05,0.00015255739514205723,2.759946043548857e-05,2.9467002199334205e-05,2.3803707986596556e-05,0.0002557295637569036,7.68498980358601e-05,0.00040401924770058854,0.0003184945084779246,0.00017100684818297044,0.0002344939471940904,0.0002344939471940904,0.0011776071950503012,0.0005306622046739715,0.000404075054834488,0.0005188774894674162,0.0006781469749018955,0.0009122601244499049,3.853636448555203e-05,4.213229549352761e-05,1.8847125731461617e-05,4.436949860033842e-06,6.5978576491900776e-06,1.9937406411830214e-05,0.20833593203280432,0.04523838688514914,0.09937729510391036,0.07989717602773504,0.05248783100980571,0.16427255318879394,0.06742617838105638,0.11911294240947032,0.008062217765547252,0.011272619925370486,0.19006483307783986,0.19006483307783986,0.16446844508375041,0.12889911272474075,0.028162757842498894,0.13558079164038608,0.055935630096873266,0.2404298387597824,0.07444324748316497,0.13880985588513758,0.014515219640653049,0.08121073181887634,0.0540702216578654,0.08869256220241009
482,24,0.0002889325646853623,4.293739968908935e-06,0.001166485540213144,0.1020943000466578,0.007390366285084981,0.3037273521964672,146,False,100,0,36,0,0,0,0,11544,11209,11546,11427,11404,11429,11358,11383,10784,10834,11530,11364,11557,10980,11511,10960,11536,11585,11514,11491,10843,11541,11254,11327,3.5356528065252094e-05,0.00014615332886474974,2.6844890684526173e-05,2.8505416429771223e-05,2.285082595262016e-05,0.0002533004831148343,7.408285735087943e-05,0.00039515165066107954,0.0003019640120740689,0.00016227710933223565,0.00023395059774390732,0.001166485540213144,0.0005204395799521627,0.00038526571470748187,0.0005098351428048064,0.0006516291694993524,0.0009468826783992948,0.0009468826783992948,3.722191773602761e-05,4.143552552439513e-05,1.7901248716711306e-05,4.293739968908935e-06,6.336547810352557e-06,1.933436844283958e-05,0.19097460436340394,0.04146852131138671,0.09109585384525115,0.07323907802542379,0.0481138450923219,0.15058317375639443,0.06180733018263502,0.10918686387534779,0.007390366285084981,0.010333234931589611,0.17422609698801986,0.1507627413267712,0.11815751999767901,0.025815861355623984,0.12428239233702057,0.05127432758880049,0.3037273521964672,0.3037273521964672,0.06823964352623456,0.12724236789470944,0.01330561800393196,0.07444317083396997,0.049564369853043286,0.08130151535220925
483,24,0.0002856418499995609,4.14728360095723e-06,0.0011510417340805485,0.09705866393165853,0.006774502427994565,0.2784167395134282,147,False,100,0,36,0,0,0,0,11592,11209,11546,11427,11404,11429,11358,11383,10784,10834,11530,11364,11557,10980,11511,10960,11536,11585,11514,11491,10843,11541,11254,11327,3.619355354881052e-05,0.00013987032430835722,2.605045488623604e-05,2.7523833087599564e-05,2.190923066266703e-05,0.00024993431423311603,7.130314105675134e-05,0.0003854056797544268,0.00028623761176466264,0.00015395250293557272,0.00023237532763074992,0.0011510417340805485,0.0005088805387606683,0.00036709054721648457,0.0004993675740827334,0.0006253313351337707,0.0009752476354517996,0.0009752476354517996,3.588988989636214e-05,4.061846257540159e-05,1.6997082651779216e-05,4.14728360095723e-06,6.077911708842545e-06,1.8710795509365923e-05,0.2583933873331203,0.03801281120210448,0.08350453269148021,0.06713582152330513,0.04410435800129508,0.13803457594336155,0.0566567193340821,0.10008795855240214,0.006774502427994565,0.00947213202062381,0.15970725557235152,0.13819917954954025,0.10831105999787242,0.02366453957598865,0.11392552630893552,0.047001466956400444,0.2784167395134282,0.2784167395134282,0.06255300656571501,0.11663883723681698,0.012196816503604296,0.06823957326447247,0.04543400569862301,0.07452638907285848
484,24,0.0002815731981738758,3.998868353148369e-06,0.0011318125780689272,0.09244266415957587,0.006209960558995017,0.2552153445539759,148,False,100,0,36,0,0,0,0,11592,11209,11546,11427,11404,11429,11358,11383,10784,10834,11530,11364,11557,10980,11511,10960,11536,11585,11514,11491,11636,11541,11254,11327,3.680742320732716e-05,0.00013372792022459665,2.52258351971823e-05,2.6530658208803954e-05,2.0982857354168424e-05,0.00024574761327094476,6.852879023650985e-05,0.00037494330707639657,0.00027128344821575573,0.0001460197155791463,0.0002298739510258099,0.0011318125780689272,0.0004962078349985681,0.00034956210652891263,0.00048769810955273234,0.0005993770420861459,0.000997366529365361,0.000997366529365361,3.455045486620935e-05,3.9699429814819865e-05,1.6549656825258588e-05,3.998868353148369e-06,5.8230917017697374e-06,1.8073005049163827e-05,0.23686060505536025,0.03484507693526244,0.07654582163385686,0.06154116972969637,0.04042899483452049,0.12653169461474809,0.05193532605624192,0.09174729533970195,0.006209960558995017,0.008682787685571824,0.14639831760798888,0.12668258125374524,0.09928513833138305,0.02169249461132293,0.10443173244985755,0.04308467804336707,0.2552153445539759,0.2552153445539759,0.05734025601857209,0.1069189341337489,0.09451374846163728,0.06255294215909976,0.0416478385570711,0.06831585665012027
485,24,0.00027816278822541586,3.849627804874932e-06,0.001109320533663592,0.09515577547961122,0.005692463845745432,0.3172807325078112,149,False,100,0,36,0,0,0,0,11592,11209,11546,11427,11404,11645,11358,11383,10784,10834,11530,11364,11557,10980,11511,10960,11656,11585,11658,11491,11636,11541,11254,11327,3.720662689753532e-05,0.00012774186935630023,2.4379754095164982e-05,2.5533278691291654e-05,2.007497660216475e-05,0.00024706539156225905,6.577534663730912e-05,0.0003639137960937586,0.00025706989606536277,0.00013846506835365617,0.00022655339314133795,0.001109320533663592,0.00048262904576357776,0.00033268683047972487,0.0004750364726406354,0.0005738700610848782,0.0010395151376196947,0.0010133801513284885,3.406902807434635e-05,3.8695699550927624e-05,1.6075275546141894e-05,3.849627804874932e-06,5.573041952952616e-06,1.7426614404004194e-05,0.21712222130074688,0.03194132052399057,0.07016700316436879,0.05641273891888834,0.037059911931643784,0.19932072006351909,0.04760738221822176,0.08410168739472679,0.005692463845745432,0.007959222045107505,0.13419845780732315,0.11612569948259979,0.0910113768037678,0.01988478672704602,0.09572908807903609,0.039494288206419814,0.3172807325078112,0.23394739917447788,0.13589523468369108,0.09800902295593648,0.08663760275650083,0.05734019697917478,0.03817718534398184,0.06262286859594358
486,24,0.00027402771059886755,3.700550078423519e-06,0.0010840652432861564,0.08722612752297694,0.0052180918585999795,0.2908406714654936,150,False,100,0,36,0,0,0,0,11592,11209,11546,11427,11404,11645,11358,11383,10784,10834,11530,11364,11557,10980,11511,10960,11656,11585,11658,11491,11636,11541,11254,11327,3.7402803374114926e-05,0.00012192456743801309,2.3519990989784685e-05,2.4538121375625253e-05,1.918826214690167e-05,0.0002471327758982027,6.305605019655737e-05,0.00035245315499131733,0.00024356573826937278,0.00013127466968904512,0.00022251913254256169,0.0010840652432861564,0.0004683352540700962,0.00031646594098849783,0.0004615770698097253,0.0005488962799753374,0.001074727152790978,0.0010235354951266666,3.3478264153094276e-05,3.7623336780696154e-05,1.5580083603046334e-05,3.700550078423519e-06,5.32854718428637e-06,1.6776569614320077e-05,0.19902870285901797,0.02927954381365802,0.06431975290067139,0.051711677342314306,0.033971585937340135,0.1827106600582258,0.04364010036670327,0.07709321344516622,0.0052180918585999795,0.007295953541348546,0.12301525299004622,0.1064485578590498,0.0834270954034538,0.01822772116645885,0.08775166407244975,0.03620309752255149,0.2908406714654936,0.21445178257660472,0.12457063179338349,0.0898416043762751,0.07941780252679242,0.05256184723091021,0.034995753231983354,0.057404296212948284
487,24,0.00026923148306317316,3.552487658500712e-06,0.0011029336453858853,0.07995728356272887,0.004783250870383314,0.26660394884336913,151,False,100,0,36,0,0,0,0,11592,11209,11546,11427,11404,11645,11358,11383,10784,10834,11530,11364,11557,10980,11511,10960,11656,11585,11658,11491,11636,11541,11254,11327,3.740994461854021e-05,0.00011628545434704419,2.265341630350814e-05,2.3550719806106253e-05,1.832485581618926e-05,0.0002460527867888234,6.038204121264088e-05,0.0003406840139073123,0.00023074030833064918,0.00012443454445881308,0.0002178731891628768,0.0010565173559638336,0.0004535003993712729,0.00030089624926575115,0.0004474980025114127,0.0005245255617895793,0.0011029336453858853,0.0010281628880317113,3.279355993484543e-05,3.649710452153274e-05,1.5069640983998432e-05,3.552487658500712e-06,5.090240726312856e-06,1.6127182619015887e-05,0.18244297762076647,0.02683958182918652,0.058959773492282104,0.047402370897121446,0.03114062044256179,0.1674847717200403,0.04000342533614466,0.07066877899140236,0.004783250870383314,0.006687957412902833,0.11276398190754236,0.09757784470412899,0.07647483745316598,0.016708744402587277,0.0804390253997456,0.03318617272900553,0.26660394884336913,0.196580800695221,0.11418974581060153,0.0823548040115855,0.07279965231622638,0.04818169329500102,0.032079440462651404,0.05262060486186926
488,24,0.0002638803452531095,3.4061679354214484e-06,0.0011242226463815763,0.07676639882139034,0.004384646631184704,0.2443869531064217,152,False,100,0,36,0,0,0,0,11592,11209,11546,11427,11404,11645,11358,11383,10784,10834,11530,11364,11557,10980,11511,10960,11656,11585,11658,11731,11636,11541,11254,11327,3.7243667821774764e-05,0.00011083138519695434,2.178603811099317e-05,2.2575785242397706e-05,1.748642876887114e-05,0.00024393499643108224,5.776256129619223e-05,0.0003287158330538343,0.00021856360473244453,0.00011793074225445227,0.0002127126072577712,0.0010271143430279693,0.0004382811634573038,0.00028597087171682256,0.0004329606705149155,0.0005008135157743179,0.0011242226463815763,0.0010276543513915214,3.202959435662611e-05,3.624158829141061e-05,1.4548927461745442e-05,3.4061679354214484e-06,4.85862162537501e-06,1.5482173972854333e-05,0.16723939615236927,0.02460295001008764,0.054046459034591925,0.04345217332236132,0.028545568739014975,0.15352770741003693,0.03666980655813261,0.06477971407545216,0.004384646631184704,0.006130627628494263,0.10336698341524717,0.08944635764545157,0.07010193433206881,0.015316349035705003,0.07373577328310013,0.030420658334921732,0.2443869531064217,0.18019906730395258,0.10467393365971805,0.15882523701062007,0.06673301462320752,0.04416655218708427,0.029406153757430453,0.048235554456713486
489,24,0.000258122612490743,3.2622040481984917e-06,0.00113881384691158,0.07384142114183002,0.004019259411919312,0.22402137368088654,153,False,100,0,36,0,0,0,0,11592,11209,11546,11427,11404,11645,11358,11383,10784,11745,11530,11364,11557,10980,11511,10960,11656,11585,11658,11731,11636,11541,11254,11327,3.6920571890628196e-05,0.00010556697045890726,2.0923057243557208e-05,2.161727921913873e-05,1.667423857270085e-05,0.00024089187943589257,5.520514872877124e-05,0.0003166453604026464,0.00020700638140542325,0.00011463143549468157,0.0002071283736808447,0.0009962579871802667,0.00042281727304903106,0.0002716798629975236,0.00041810984371393157,0.0004778031622834632,0.00113881384691158,0.0010224439029886908,3.120015731525861e-05,3.5842614120898e-05,1.4022359243588069e-05,3.2622040481984917e-06,4.634070649511347e-06,1.4844718742698617e-05,0.1533027798063385,0.02255270417591367,0.049542587448375926,0.03983115887883121,0.02616677134409706,0.14073373179253384,0.03361398934495489,0.05938140456916448,0.004019259411919312,0.08895307532611975,0.09475306813064323,0.0819924945083306,0.06426010647106307,0.014039986616062919,0.06759112550950845,0.027885603473678255,0.22402137368088654,0.16518247836195651,0.09595110585474155,0.1455898005930684,0.061171930071273556,0.040486006171493914,0.026955640944311247,0.044215924918654025
490,24,0.0002519440283229589,3.121105700467009e-06,0.0011470327693500208,0.0746324138244553,0.0036843211275927024,0.21679065054364602,154,False,100,0,36,0,0,0,0,11592,11209,11546,11427,11404,11645,11358,11383,10784,11745,11530,11364,11557,10980,11511,10960,11656,11585,11658,11779,11636,11541,11254,11783,3.645768660441793e-05,0.00010049488517553507,2.0068927521314614e-05,2.0678485578384628e-05,1.588918185567177e-05,0.00023703578469845814,5.2715825093401763e-05,0.0003045572695257423,0.00019604021760997106,0.00011117234055201348,0.0002012047086342766,0.0009643132424422173,0.00040723211555821414,0.0002580107729163768,0.00040307409355892917,0.00045552647990120855,0.0011470327693500208,0.001012990227251437,3.031803577119996e-05,3.622768321237094e-05,1.349381447469361e-05,3.121105700467009e-06,4.416865102389768e-06,1.4584161662301765e-05,0.14052754815581028,0.020673312161254197,0.0454140384943446,0.03651189563892861,0.023986207065422302,0.12900592080982268,0.030812823566208646,0.05443295418840077,0.0036843211275927024,0.0815403190489431,0.08685697911975629,0.07515978663263638,0.05890509759847448,0.012869987731391008,0.06195853171704941,0.025561803184205065,0.205352925874146,0.15141727183179346,0.08795518036684642,0.21679065054364602,0.056074269232000755,0.03711217232386942,0.024709337532285307,0.12386459784209952
491,24,0.0002458256160330474,2.983289704203457e-06,0.0011492857761351172,0.07188526822797292,0.003377294366959977,0.19872476299834219,155,False,100,0,36,0,0,0,0,11592,11209,11546,11427,11404,11645,11358,11383,10784,11745,11530,11364,11557,10980,11511,11799,11656,11585,11658,11779,11636,11541,11254,11783,3.587201577831769e-05,9.56161480522251e-05,1.9227418451590406e-05,1.9762080429943082e-05,1.5131842443706933e-05,0.00023247650526322513,5.029927105009668e-05,0.00029252491965111747,0.00018563757021054772,0.00010759400156549815,0.00019501866688888475,0.0009316081869857187,0.00039163357983434456,0.0002449491338901489,0.00038796649013366597,0.0004451988017206245,0.0011492857761351172,0.0009997619069105476,2.9394947750286972e-05,3.64153160228927e-05,1.2966664894382344e-05,2.983289704203457e-06,4.207192406683701e-06,1.4283058619368373e-05,0.1288169191428261,0.018950536147816346,0.04162953528648255,0.03346923766901789,0.021987356476637108,0.11825542740900412,0.028245088269024592,0.04989687467270071,0.003377294366959977,0.07474529246153117,0.07961889752644326,0.06889647107991669,0.05399633946526827,0.01179748875377509,0.056795320740628624,0.10676498625218798,0.1882401820513005,0.13879916584581067,0.08062558200294255,0.19872476299834219,0.051401413462667356,0.034019491296880304,0.02265022607126153,0.11354254802192455
492,24,0.00023942775978832897,2.8490900744593622e-06,0.0011460368925997988,0.07283927365341962,0.003095853169713312,0.18741400235343086,156,False,100,0,36,0,0,0,0,11592,11209,11546,11427,11404,11645,11358,11383,10784,11817,11530,11364,11557,10980,11511,11799,11656,11585,11658,11779,11636,11541,11254,11831,3.5180170860095575e-05,9.093037172084288e-05,1.8401678322102706e-05,1.88701989344119e-05,1.4402535028222528e-05,0.00022731940091179958,4.795898993664913e-05,0.00028061119060637763,0.00017577181095445484,0.00010661326155212011,0.00018863999107740078,0.000898434821120909,0.00037611504843911275,0.00023247888550472835,0.0003728854855794514,0.0004339240219253869,0.0011460368925997988,0.000983225231151098,2.8441515384748795e-05,3.6419168185043385e-05,1.2443811423123956e-05,2.8490900744593622e-06,4.005162457790081e-06,1.4307501169766344e-05,0.1180821758809239,0.017371324802164984,0.03816040734594234,0.030680134529933064,0.02015507677025068,0.10840080845825377,0.02589133091327254,0.04573880178330898,0.003095853169713312,0.15184985142307023,0.07298398939923965,0.06315509848992362,0.04949664450982925,0.010814364690960499,0.052062377345576234,0.09786790406450564,0.17255350021369212,0.12723256869199312,0.07390678350269733,0.18216436608181366,0.047117962340778405,0.031184533688806942,0.020762707231989735,0.18741400235343086
493,24,0.00023268330615932895,2.7187675541068074e-06,0.0011377870730903273,0.06676933418230131,0.0028378654055705357,0.17179616882397827,157,False,100,0,36,0,0,0,0,11592,11209,11546,11427,11404,11645,11358,11383,10784,11817,11530,11364,11557,10980,11511,11799,11656,11585,11658,11779,11636,11541,11254,11831,3.4398088062732594e-05,8.643598581311566e-05,1.759429612103434e-05,1.800449816180744e-05,1.3701344502201265e-05,0.0002216640148670034,4.569745850840738e-05,0.00026886935483916936,0.0001664172510409858,0.00010523378214569458,0.00018213116398416843,0.0008650504954132559,0.000360756481564987,0.0002205827424617245,0.00035791591840608744,0.00042188213476199496,0.0011377870730903273,0.0009638344665527027,2.746726890423624e-05,3.625446581273368e-05,1.1927721891092755e-05,2.7187675541068074e-06,3.810818777886292e-06,1.426375458643962e-05,0.10824199455751357,0.01592371440198457,0.03498037340044714,0.02812345665243864,0.018475487039396457,0.09936740775339928,0.023733720003833163,0.04192723496803323,0.0028378654055705357,0.13919569713781438,0.06690199028263635,0.05789217361576332,0.045371924134010144,0.009913167633380456,0.04772384590011155,0.0897122453924635,0.1581740418625511,0.11662985463432703,0.06774788487747255,0.16698400224166252,0.04319146547904687,0.028585822548073028,0.019032481629323923,0.17179616882397827
494,24,0.00022577120621298553,2.5925184923393056e-06,0.001125056249385963,0.06814966744488732,0.002601376621772991,0.15747982142198008,158,False,100,0,36,0,0,0,0,11592,11857,11546,11859,11404,11645,11358,11383,10784,11817,11530,11364,11557,10980,11511,11799,11656,11585,11658,11779,11636,11541,11254,11831,3.354082013666118e-05,8.42485714850377e-05,1.6807361137754308e-05,1.7608930776873095e-05,1.3028161169867934e-05,0.0002156031195770534,4.351626461723057e-05,0.000257343957022345,0.00015754915497573094,0.00010350464593367842,0.00017554761297165335,0.0008316797866063501,0.0003456255448568625,0.0002092425118415319,0.0003431300858143032,0.00040923851542124374,0.001125056249385963,0.0009420243914255266,2.6480674407203972e-05,3.593738056346561e-05,1.1420469500868324e-05,2.5925184923393056e-06,3.624148520976013e-06,1.4158072471131966e-05,0.09922182834438743,0.09793007153515253,0.03206534228374321,0.10911316859806876,0.01693586311944675,0.091086790440616,0.02175591000351373,0.038433298720697125,0.002601376621772991,0.12759605570966318,0.061326824425749986,0.05306782581444971,0.04159093045617596,0.00908707033059875,0.04374685874176892,0.08223622494309155,0.14499287170733852,0.10691070008146644,0.06210222780434983,0.15306866872152397,0.0395921766891263,0.026203670669066943,0.01744644149354693,0.15747982142198008
495,24,0.00021953797208596273,2.470483035886321e-06,0.0011083682709993295,0.06941497293559117,0.0023845952366252417,0.1443565029701484,159,False,100,0,36,0,0,0,0,11592,11857,11546,11859,11404,11645,11886,11383,10784,11817,11530,11891,11557,10980,11511,11799,11656,11585,11658,11779,11636,11541,11254,11831,3.2622392927369976e-05,8.191200370426564e-05,1.604251944448359e-05,1.717427180339993e-05,1.2382712078718989e-05,0.00020922212527294519,4.2484353028366457e-05,0.00024607167886621346,0.00014914374544597184,0.00010147370028748838,0.00016893802619914137,0.0008191103458496962,0.00033077874398750745,0.00019843936521631483,0.0003285888422883584,0.00039614343499260986,0.0011083682709993295,0.0009182048437612936,2.5489179218452825e-05,3.548449497522096e-05,1.0923770945687503e-05,2.470483035886321e-06,3.445091393474345e-06,1.3996934340908845e-05,0.09095334264902181,0.08976923224055648,0.02939323042676461,0.10002040454822969,0.015524541192826187,0.08349622457056467,0.10327625083655426,0.035230523827305696,0.0023845952366252417,0.11696305106719124,0.05621625572360415,0.13197884032991225,0.03812501958482797,0.008329814469715521,0.04010128717995484,0.07538320619783391,0.13291013239839364,0.09800147507467757,0.05692704215398735,0.14031294632806363,0.0362928286316991,0.024020031446644698,0.015992571369084684,0.1443565029701484
496,24,0.00021323769447394747,2.352752619030101e-06,0.0010882386759563235,0.07057483630206966,0.0021858789669064716,0.17501870416921056,160,False,100,0,36,0,0,0,0,11592,11857,11546,11907,11404,11645,11886,11383,10784,11817,11530,11891,11557,11917,11511,11799,11656,11585,11658,11779,11636,11541,11254,11831,3.165571668280687e-05,7.94584057739629e-05,1.5301026738859917e-05,1.7138627264927785e-05,1.1764588748486669e-05,0.0002025987873581258,4.1367982058846826e-05,0.00023508217272572604,0.0001411782007237733,9.918676450833034e-05,0.00016234474668173627,0.0008040243438930274,0.00031626253787853646,0.00019300654790459034,0.0003143426923384333,0.00038273202756066354,0.0010882386759563235,0.0008927570101520863,2.449926960340594e-05,3.491235929929471e-05,1.0439023382183833e-05,2.352752619030101e-06,3.2735475634708905e-06,1.3786859958110066e-05,0.08337389742826999,0.08228846288717677,0.026943794557867558,0.17501870416921056,0.014230829426757336,0.07653820585635095,0.09466989660017473,0.03229464684169689,0.0021858789669064716,0.1072161301449253,0.051531567746637134,0.12098060363575289,0.034947934619425636,0.09096899659723924,0.036759513248291936,0.06910127234801441,0.12183428803186083,0.08983468548512111,0.0521831219744884,0.12862020080072498,0.033268426245724174,0.022018362159424307,0.014659857088327627,0.1323267943893027
497,24,0.00020668377235973147,2.239376758903493e-06,0.0010651651118063605,0.06469359994356386,0.0020037223863309324,0.16043381215510968,161,False,100,0,36,0,0,0,0,11592,11857,11546,11907,11404,11645,11886,11383,10784,11817,11530,11891,11557,11917,11511,11799,11656,11585,11658,11779,11636,11541,11254,11831,3.065254244071214e-05,7.691696937841022e-05,1.4583797248835669e-05,1.7027006606653943e-05,1.1173271583755255e-05,0.00019580315343456007,4.018396287696627e-05,0.000224398852500637,0.00013363064590081155,9.668704973368626e-05,0.0001558042162328809,0.0007867887299966925,0.0003021144100262949,0.00018728814286054344,0.0003004328534160451,0.0003691246073471159,0.0010651651118063605,0.0008660311805454549,2.351653651962158e-05,3.423713628070967e-05,9.967339686418345e-06,2.239376758903493e-06,3.1093846362917266e-06,1.3534258815194261e-05,0.07642607264258082,0.07543109097991203,0.02469847834471193,0.16043381215510968,0.013044926974527558,0.07016002203498836,0.08678073855016016,0.02960342627155548,0.0020037223863309324,0.09828145263284818,0.04723727043441737,0.11089888666610681,0.0320356067344735,0.08338824688080264,0.03369622047760094,0.06334283298567987,0.11168143069587243,0.08234846169469434,0.04783452847661436,0.11790185073399789,0.030496057391913824,0.020183498646138946,0.01343820233096699,0.12129956152352747
498,24,0.0001999426570069722,2.130369177406049e-06,0.001039620151627095,0.059302466614933526,0.0018367455208033545,0.14706432780885054,162,False,100,0,36,0,0,0,0,11592,11857,11546,11907,11404,11645,11886,11383,10784,11817,11530,11891,11557,11917,11511,11799,11656,11585,11658,11779,11636,11541,11254,11831,2.9623454548991695e-05,7.431394763020786e-05,1.3891448573193828e-05,1.68471495156876e-05,1.0608151258793323e-05,0.0001888976968994767,3.894767462963556e-05,0.00021403963429527257,0.00012648013908053072,9.401476296097619e-05,0.00014934744676772194,0.0007677515388567258,0.00028836388361046277,0.00018135368340446982,0.00028689227178908474,0.00035542724720288925,0.001039620151627095,0.0008383457054422022,2.2545745914478606e-05,3.347432712662603e-05,9.509581608955275e-06,2.130369177406049e-06,2.952443775353437e-06,1.3245312471096252e-05,0.07005723325569908,0.06914516673158602,0.022640271815985935,0.14706432780885054,0.01195784972665026,0.06431335353207267,0.07954901033764682,0.02713647408225919,0.0018367455208033545,0.09009133158011083,0.04330083123154925,0.10165731277726457,0.029365972839934036,0.07643922630740242,0.030888202104467525,0.05806426357020655,0.10237464480454972,0.07548608988680314,0.04384831777022983,0.10807669650616474,0.027954719275921004,0.018501540425627367,0.01231835213671974,0.11119126472990018
499,24,0.00019355856715743008,2.0257132814648074e-06,0.0010120462098609487,0.061305038841466854,0.0016836833940697415,0.1534026241151189,163,False,100,0,36,0,0,0,0,11592,11857,11546,11907,11404,11645,11886,11383,10784,11817,11530,11891,11988,11989,11511,11799,11656,11585,11658,11779,11636,11541,11254,11831,2.85778913026983e-05,7.16727162026017e-05,1.3224342461218714e-05,1.6606887975419116e-05,1.0068547357479968e-05,0.00018193759081101948,3.7673035585868037e-05,0.0002040176224525027,0.00011970665349642423,9.120686622413738e-05,0.0001430005012376146,0.0007472382438049501,0.0002821265604675341,0.00017978589038728884,0.0002737465796783682,0.0003417325431867955,0.0010120462098609487,0.0008099869130479965,2.15909108113241e-05,3.263856997742466e-05,9.066390593998378e-06,2.0257132814648074e-06,2.8025450463758548e-06,1.2925886526867911e-05,0.06421913048439082,0.06338306950395385,0.020753582497987106,0.134808967158113,0.010961362249429405,0.058953907404399944,0.07291992614284291,0.024875101242070922,0.0016836833940697415,0.0825837206151016,0.03969242862892015,0.09318587004582585,0.11025214176993954,0.1534026241151189,0.028314185262428564,0.053225574939356,0.09384342440417057,0.0691955823962362,0.04019429128937734,0.099070305130651,0.02562515933626092,0.016959745390158418,0.011291822791993096,0.1019253260024085
500,24,0.00018703267490381378,1.9253670401999503e-06,0.0009828522495522478,0.05619628560467794,0.0015433764445639297,0.14061907210552566,164,False,100,0,36,0,0,0,0,11592,11857,11546,11907,11404,11645,11886,11383,10784,11817,11530,11891,11988,11989,11511,11799,11656,11585,11658,11779,11636,11541,11254,11831,2.752418670595564e-05,6.9013885310408e-05,1.2582621631001109e-05,1.631395677219529e-05,9.553724540191691e-06,0.00017497108257686635,3.637251393442639e-05,0.0001943417390233998,0.00011329105638779401,8.82969631537885e-05,0.00013678497059718992,0.0007255494172883787,0.0002752503422219411,0.00017753682073640614,0.00026101498637323044,0.0003281205027567318,0.0009828522495522478,0.0007812097699954112,2.0655363060444367e-05,3.174350127789989e-05,8.638216144458527e-06,1.9253670401999503e-06,2.6594920604469993e-06,1.2581468550516839e-05,0.058867536277358246,0.05810114704529103,0.019024117289821514,0.12357488656160358,0.010047915395310287,0.054041081787366614,0.06684326563093934,0.02280217613856501,0.0015433764445639297,0.07570174389717646,0.0363847262431768,0.08542038087534036,0.10106446328911124,0.14061907210552566,0.02595466982389285,0.04879011036107633,0.08602313903715635,0.06342928386321652,0.03684476701526256,0.09081444636976341,0.023489729391572508,0.015546433274311882,0.010350837559327005,0.09343154883554113
