generation,mu,mean_sigma,min_sigma,max_sigma,mean_psucc,min_psucc,max_psucc,gens_silent,sigma_floor_active,archive_size,archive_eps_culled_gen,archive_eps_culled_total,n_pitot3_sentinels,n_spark_sentinels,n_both_sentinels,n_sentinels,lineage_0,lineage_1,lineage_2,lineage_3,lineage_4,lineage_5,lineage_6,lineage_7,lineage_8,lineage_9,lineage_10,lineage_11,lineage_12,lineage_13,lineage_14,lineage_15,lineage_16,lineage_17,lineage_18,lineage_19,lineage_20,lineage_21,lineage_22,lineage_23,sigma_0,sigma_1,sigma_2,sigma_3,sigma_4,sigma_5,sigma_6,sigma_7,sigma_8,sigma_9,sigma_10,sigma_11,sigma_12,sigma_13,sigma_14,sigma_15,sigma_16,sigma_17,sigma_18,sigma_19,sigma_20,sigma_21,sigma_22,sigma_23,psucc_0,psucc_1,psucc_2,psucc_3,psucc_4,psucc_5,psucc_6,psucc_7,psucc_8,psucc_9,psucc_10,psucc_11,psucc_12,psucc_13,psucc_14,psucc_15,psucc_16,psucc_17,psucc_18,psucc_19,psucc_20,psucc_21,psucc_22,psucc_23
1,24,0.10000000000000002,0.1,0.1,0.1818181818181818,0.18181818181818182,0.18181818181818182,0,False,5,0,0,1,1,1,1,0,1,2,3,4,5,6,7,8,9,10,11,12,13,14,15,16,17,18,19,20,21,22,23,0.1,0.1,0.1,0.1,0.1,0.1,0.1,0.1,0.1,0.1,0.1,0.1,0.1,0.1,0.1,0.1,0.1,0.1,0.1,0.1,0.1,0.1,0.1,0.1,0.18181818181818182,0.18181818181818182,0.18181818181818182,0.18181818181818182,0.18181818181818182,0.18181818181818182,0.18181818181818182,0.18181818181818182,0.18181818181818182,0.18181818181818182,0.18181818181818182,0.18181818181818182,0.18181818181818182,0.18181818181818182,0.18181818181818182,0.18181818181818182,0.18181818181818182,0.18181818181818182,0.18181818181818182,0.18181818181818182,0.18181818181818182,0.18181818181818182,0.18181818181818182,0.18181818181818182
2,24,0.10011769556687478,0.09953810705865762,0.10210518621451076,0.18560606060606064,0.16666666666666666,0.25,0,False,5,0,0,0,0,0,0,0,7,16,17,19,13,12,4,8,2,22,14,20,21,10,15,23,11,6,62,5,18,3,1,0.1,0.09953810705865762,0.09953810705865762,0.1,0.1,0.1,0.1,0.1,0.1,0.1,0.1,0.10210518621451076,0.1,0.1,0.1,0.1,0.1,0.1,0.1,0.10210518621451076,0.1,0.1,0.09953810705865762,0.1,0.18181818181818182,0.16666666666666666,0.16666666666666666,0.18181818181818182,0.18181818181818182,0.18181818181818182,0.18181818181818182,0.18181818181818182,0.18181818181818182,0.18181818181818182,0.18181818181818182,0.25,0.18181818181818182,0.18181818181818182,0.18181818181818182,0.18181818181818182,0.18181818181818182,0.18181818181818182,0.18181818181818182,0.25,0.18181818181818182,0.18181818181818182,0.16666666666666666,0.18181818181818182
3,24,0.10065234793003514,0.09865876712893568,0.10626479815687233,0.19749579124579122,0.15277777777777776,0.3125,0,False,5,0,0,0,0,0,0,0,7,16,17,19,13,12,4,79,91,8,2,22,14,20,21,10,15,23,11,6,62,18,3,0.1,0.09865876712893568,0.09953810705865762,0.1,0.1,0.09953810705865762,0.09953810705865762,0.10210518621451076,0.10210518621451076,0.10626479815687233,0.1,0.1,0.1,0.10210518621451076,0.1,0.1,0.1,0.1,0.1,0.1,0.1,0.10626479815687233,0.1,0.09953810705865762,0.18181818181818182,0.15277777777777776,0.16666666666666666,0.18181818181818182,0.18181818181818182,0.16666666666666666,0.16666666666666666,0.25,0.25,0.3125,0.18181818181818182,0.18181818181818182,0.18181818181818182,0.25,0.18181818181818182,0.18181818181818182,0.18181818181818182,0.18181818181818182,0.18181818181818182,0.18181818181818182,0.18181818181818182,0.3125,0.18181818181818182,0.16666666666666666
4,24,0.10087155159103978,0.09740752514513804,0.10626479815687233,0.2071715418069585,0.14004629629629628,0.3125,0,False,5,0,0,0,0,0,0,0,7,16,17,19,13,12,102,4,79,91,99,8,107,22,14,20,21,2,15,10,6,23,3,0.1,0.09740752514513804,0.09953810705865762,0.10210518621451076,0.1,0.09953810705865762,0.10120316818419796,0.10120316818419796,0.1035931400515108,0.10210518621451076,0.10626479815687233,0.10210518621451076,0.1,0.10210518621451076,0.1,0.10210518621451076,0.1,0.1,0.10210518621451076,0.1,0.1,0.1,0.1,0.09953810705865762,0.18181818181818182,0.14004629629629628,0.16666666666666666,0.25,0.18181818181818182,0.16666666666666666,0.2361111111111111,0.2361111111111111,0.22916666666666666,0.25,0.3125,0.25,0.18181818181818182,0.25,0.18181818181818182,0.25,0.18181818181818182,0.18181818181818182,0.25,0.18181818181818182,0.18181818181818182,0.18181818181818182,0.18181818181818182,0.16666666666666666
5,24,0.10233030237880054,0.09582981353248936,0.11254694432213024,0.23199478874392065,0.12837577160493824,0.36979166666666663,0,False,6,0,0,0,0,0,0,0,7,16,17,19,129,13,12,102,4,79,91,99,8,130,20,107,22,14,21,2,127,15,6,0.1,0.09582981353248936,0.09865876712893568,0.10210518621451076,0.1,0.10626479815687233,0.09865876712893568,0.10120316818419796,0.10491709251729248,0.1035931400515108,0.10626479815687233,0.11254694432213024,0.10210518621451076,0.1,0.11254694432213024,0.1,0.10210518621451076,0.1,0.10210518621451076,0.1,0.10210518621451076,0.10491709251729248,0.1,0.1,0.18181818181818182,0.12837577160493824,0.15277777777777776,0.25,0.18181818181818182,0.3125,0.15277777777777776,0.2361111111111111,0.2997685185185185,0.22916666666666666,0.3125,0.36979166666666663,0.25,0.18181818181818182,0.36979166666666663,0.18181818181818182,0.25,0.18181818181818182,0.25,0.18181818181818182,0.25,0.2997685185185185,0.18181818181818182,0.18181818181818182
6,24,0.10295682135756075,0.09582981353248936,0.11254694432213024,0.24190070555087914,0.12837577160493824,0.36979166666666663,0,False,6,0,0,0,0,0,0,0,7,16,17,19,129,13,151,12,102,4,79,91,99,8,130,20,107,164,22,14,21,2,15,0.1,0.09582981353248936,0.09865876712893568,0.10210518621451076,0.1,0.10626479815687233,0.09865876712893568,0.10491709251729248,0.10491709251729248,0.10491709251729248,0.10449126110942733,0.10626479815687233,0.11254694432213024,0.10210518621451076,0.1,0.11254694432213024,0.1,0.10210518621451076,0.10626479815687233,0.1,0.10210518621451076,0.1,0.10626479815687233,0.1,0.18181818181818182,0.12837577160493824,0.15277777777777776,0.25,0.18181818181818182,0.3125,0.15277777777777776,0.2997685185185185,0.2997685185185185,0.2997685185185185,0.21006944444444442,0.3125,0.36979166666666663,0.25,0.18181818181818182,0.36979166666666663,0.18181818181818182,0.25,0.3125,0.18181818181818182,0.25,0.18181818181818182,0.3125,0.18181818181818182
7,24,0.10360752218440145,0.09582981353248936,0.11254694432213024,0.25042014473438085,0.12837577160493824,0.36979166666666663,0,False,6,0,0,0,0,0,0,0,7,16,17,19,129,13,151,12,102,4,79,91,99,178,130,190,8,107,164,22,14,20,15,0.1,0.09582981353248936,0.09865876712893568,0.10210518621451076,0.1,0.10626479815687233,0.09740752514513804,0.10491709251729248,0.10491709251729248,0.10491709251729248,0.10753858838607169,0.10626479815687233,0.11254694432213024,0.10210518621451076,0.10753858838607169,0.11254694432213024,0.11254694432213024,0.1,0.10210518621451076,0.10626479815687233,0.1,0.10210518621451076,0.1,0.1,0.18181818181818182,0.12837577160493824,0.15277777777777776,0.25,0.18181818181818182,0.3125,0.14004629629629628,0.2997685185185185,0.2997685185185185,0.2997685185185185,0.2758969907407407,0.3125,0.36979166666666663,0.25,0.2758969907407407,0.36979166666666663,0.36979166666666663,0.18181818181818182,0.25,0.3125,0.18181818181818182,0.25,0.18181818181818182,0.18181818181818182
8,24,0.10412958869747413,0.09582981353248936,0.11254694432213024,0.26131029624953234,0.12837577160493824,0.36979166666666663,0,False,6,0,0,0,0,0,0,0,7,16,17,19,129,13,151,214,12,102,205,4,79,91,99,178,130,190,8,107,164,22,14,0.1,0.09582981353248936,0.09865876712893568,0.10210518621451076,0.1,0.10626479815687233,0.09740752514513804,0.10491709251729248,0.10210518621451076,0.10491709251729248,0.10491709251729248,0.10626479815687233,0.10753858838607169,0.10626479815687233,0.11254694432213024,0.10626479815687233,0.10753858838607169,0.11254694432213024,0.11254694432213024,0.1,0.10210518621451076,0.10626479815687233,0.1,0.10210518621451076,0.18181818181818182,0.12837577160493824,0.15277777777777776,0.25,0.18181818181818182,0.3125,0.14004629629629628,0.2997685185185185,0.25,0.2997685185185185,0.2997685185185185,0.3125,0.2758969907407407,0.3125,0.36979166666666663,0.3125,0.2758969907407407,0.36979166666666663,0.36979166666666663,0.18181818181818182,0.25,0.3125,0.18181818181818182,0.25
9,24,0.10599653081351375,0.09639345958059353,0.12112871390712321,0.2836405626480858,0.14004629629629628,0.4223090277777778,0,False,7,0,0,0,0,0,0,0,222,7,16,17,19,129,13,151,214,12,235,102,205,217,223,99,4,79,91,178,234,130,233,0.1,0.09830125611963415,0.09639345958059353,0.09740752514513804,0.10210518621451076,0.1,0.10626479815687233,0.09830125611963415,0.11072401923743505,0.10210518621451076,0.10491709251729248,0.10210518621451076,0.10491709251729248,0.10626479815687233,0.09639345958059353,0.11072401923743505,0.10626479815687233,0.10753858838607169,0.10971734353948906,0.11254694432213024,0.10753858838607169,0.12112871390712321,0.12112871390712321,0.12112871390712321,0.18181818181818182,0.21170910493827158,0.2010111239711934,0.14004629629629628,0.25,0.18181818181818182,0.3125,0.21170910493827158,0.35812114197530864,0.25,0.2997685185185185,0.25,0.2997685185185185,0.3125,0.2010111239711934,0.35812114197530864,0.3125,0.2758969907407407,0.2864583333333333,0.36979166666666663,0.2758969907407407,0.4223090277777778,0.4223090277777778,0.4223090277777778
10,24,0.10607388685893875,0.09639345958059353,0.12112871390712321,0.2820374060337168,0.14004629629629628,0.4223090277777778,0,False,7,0,0,0,0,0,0,0,222,7,16,17,19,129,13,151,214,12,235,102,205,217,223,99,4,79,91,178,234,130,233,0.1,0.09866984737283406,0.09639345958059353,0.09740752514513804,0.10210518621451076,0.1,0.10626479815687233,0.09830125611963415,0.11072401923743505,0.1035931400515108,0.10491709251729248,0.10210518621451076,0.10491709251729248,0.10626479815687233,0.09639345958059353,0.11072401923743505,0.10626479815687233,0.10753858838607169,0.10971734353948906,0.11254694432213024,0.10753858838607169,0.12112871390712321,0.12112871390712321,0.12112871390712321,0.18181818181818182,0.19406667952674894,0.2010111239711934,0.14004629629629628,0.25,0.18181818181818182,0.3125,0.21170910493827158,0.35812114197530864,0.22916666666666666,0.2997685185185185,0.25,0.2997685185185185,0.3125,0.2010111239711934,0.35812114197530864,0.3125,0.2758969907407407,0.2864583333333333,0.36979166666666663,0.2758969907407407,0.4223090277777778,0.4223090277777778,0.4223090277777778
11,24,0.10601176107249578,0.09639345958059353,0.12112871390712321,0.27288492087558325,0.14004629629629628,0.4223090277777778,0,False,8,0,0,0,0,0,0,271,0,222,7,16,17,19,129,13,151,214,12,235,102,205,217,223,99,4,79,91,178,234,233,0.10121453418662636,0.1,0.09866984737283406,0.09646541245464431,0.09740752514513804,0.10210518621451076,0.09953810705865762,0.10626479815687233,0.10121453418662636,0.11579163381595112,0.1035931400515108,0.10491709251729248,0.10210518621451076,0.10794024955467327,0.10626479815687233,0.09639345958059353,0.11579163381595112,0.10626479815687233,0.10753858838607169,0.11245878019124139,0.11254694432213024,0.10753858838607169,0.12112871390712321,0.12112871390712321,0.2774000128600823,0.18181818181818182,0.19406667952674894,0.18426019697359394,0.14004629629629628,0.25,0.16666666666666666,0.3125,0.2774000128600823,0.32827771347736623,0.22916666666666666,0.2997685185185185,0.25,0.2747878086419753,0.3125,0.2010111239711934,0.32827771347736623,0.3125,0.2758969907407407,0.2625868055555555,0.36979166666666663,0.2758969907407407,0.4223090277777778,0.4223090277777778
12,24,0.10700318782059588,0.09639345958059353,0.12897051423620146,0.266174207310697,0.14004629629629628,0.4223090277777778,0,False,8,0,0,0,0,0,0,271,0,222,7,16,17,19,129,13,151,214,12,235,102,205,217,223,99,4,79,91,178,234,233,0.10348063546227936,0.1,0.09866984737283406,0.09646541245464431,0.09740752514513804,0.10210518621451076,0.09953810705865762,0.10626479815687233,0.10121453418662636,0.11579163381595112,0.1035931400515108,0.10491709251729248,0.10210518621451076,0.11027621935628654,0.10971734353948906,0.09639345958059353,0.11579163381595112,0.10626479815687233,0.10990000344505797,0.11245878019124139,0.11808335442858496,0.10753858838607169,0.12112871390712321,0.12897051423620146,0.2542833451217421,0.18181818181818182,0.19406667952674894,0.18426019697359394,0.14004629629629628,0.25,0.16666666666666666,0.3125,0.2774000128600823,0.32827771347736623,0.22916666666666666,0.2997685185185185,0.25,0.25188882458847733,0.2864583333333333,0.2010111239711934,0.32827771347736623,0.3125,0.25290557484567894,0.2625868055555555,0.3389756944444444,0.2758969907407407,0.4223090277777778,0.3871166087962963
13,24,0.10733748146751072,0.09608554463822412,0.12897051423620146,0.25693354186618467,0.14004629629629628,0.3871166087962963,0,False,8,0,0,0,0,0,0,271,0,222,7,16,17,19,129,13,151,214,12,235,102,205,312,217,223,99,4,79,91,178,233,0.10782556548749118,0.1,0.09855162138487962,0.09608554463822412,0.09740752514513804,0.10210518621451076,0.09953810705865762,0.10971734353948906,0.10121453418662636,0.1200832096211853,0.10449126110942733,0.10794024955467327,0.10210518621451076,0.11027621935628654,0.10971734353948906,0.10782556548749118,0.09639345958059353,0.11579163381595112,0.10971734353948906,0.10990000344505797,0.11245878019124139,0.11808335442858496,0.10990000344505797,0.12897051423620146,0.31642639969493025,0.18181818181818182,0.1778944562328532,0.1689051805591278,0.14004629629629628,0.25,0.16666666666666666,0.2864583333333333,0.2774000128600823,0.30092123735425236,0.21006944444444442,0.2747878086419753,0.25,0.25188882458847733,0.2864583333333333,0.31642639969493025,0.2010111239711934,0.32827771347736623,0.2864583333333333,0.25290557484567894,0.2625868055555555,0.3389756944444444,0.25290557484567894,0.3871166087962963
14,24,0.10752113446628368,0.09608554463822412,0.12897051423620146,0.25506428090117833,0.14004629629629628,0.3871166087962963,0,False,8,0,0,0,0,0,0,271,0,222,7,16,17,19,129,13,151,214,12,235,102,205,312,217,223,99,4,79,91,178,233,0.10782556548749118,0.1,0.09855162138487962,0.09608554463822412,0.09740752514513804,0.10210518621451076,0.09953810705865762,0.11245878019124139,0.10121453418662636,0.1200832096211853,0.10449126110942733,0.10794024955467327,0.10210518621451076,0.11194245467508451,0.10971734353948906,0.10782556548749118,0.09639345958059353,0.11579163381595112,0.10971734353948906,0.10990000344505797,0.11245878019124139,0.11808335442858496,0.10990000344505797,0.12897051423620146,0.31642639969493025,0.18181818181818182,0.1778944562328532,0.1689051805591278,0.14004629629629628,0.25,0.16666666666666666,0.2625868055555555,0.2774000128600823,0.30092123735425236,0.21006944444444442,0.2747878086419753,0.25,0.23089808920610422,0.2864583333333333,0.31642639969493025,0.2010111239711934,0.32827771347736623,0.2864583333333333,0.25290557484567894,0.2625868055555555,0.3389756944444444,0.25290557484567894,0.3871166087962963
15,24,0.10700070740706742,0.09608554463822412,0.1200832096211853,0.2518434693808666,0.14004629629629628,0.3389756944444444,0,False,8,0,0,0,0,0,0,271,0,222,7,16,17,19,129,13,151,214,12,235,102,205,312,217,223,99,4,372,91,178,79,0.10782556548749118,0.1,0.09855162138487962,0.09608554463822412,0.09740752514513804,0.10210518621451076,0.09953810705865762,0.11245878019124139,0.10121453418662636,0.1200832096211853,0.10449126110942733,0.10794024955467327,0.10626479815687233,0.11194245467508451,0.10971734353948906,0.10782556548749118,0.09646541245464431,0.1200832096211853,0.10971734353948906,0.11159232948155068,0.10626479815687233,0.11808335442858496,0.10990000344505797,0.11245878019124139,0.31642639969493025,0.18181818181818182,0.1778944562328532,0.1689051805591278,0.14004629629629628,0.25,0.16666666666666666,0.2625868055555555,0.2774000128600823,0.30092123735425236,0.21006944444444442,0.2747878086419753,0.3125,0.23089808920610422,0.2864583333333333,0.31642639969493025,0.18426019697359394,0.30092123735425236,0.2864583333333333,0.23183011027520567,0.3125,0.3389756944444444,0.25290557484567894,0.2625868055555555
16,24,0.10689868278183116,0.09608554463822412,0.12358326877627042,0.24877780748813336,0.16666666666666666,0.3389756944444444,0,False,8,0,0,0,0,0,0,271,0,222,7,16,17,19,129,13,151,388,12,235,102,205,312,214,223,99,217,4,372,91,79,0.10782556548749118,0.1,0.09855162138487962,0.09608554463822412,0.09830125611963415,0.10210518621451076,0.09953810705865762,0.11245878019124139,0.10121453418662636,0.12358326877627042,0.09830125611963415,0.11027621935628654,0.10626479815687233,0.11296773314955653,0.10971734353948906,0.10782556548749118,0.1048349052634947,0.1200832096211853,0.10971734353948906,0.09646541245464431,0.11264380324157071,0.10626479815687233,0.11808335442858496,0.11245878019124139,0.31642639969493025,0.18181818181818182,0.1778944562328532,0.1689051805591278,0.21170910493827158,0.25,0.16666666666666666,0.2625868055555555,0.2774000128600823,0.2758444675747313,0.21170910493827158,0.25188882458847733,0.3125,0.21165658177226218,0.2864583333333333,0.31642639969493025,0.19256365740740738,0.30092123735425236,0.2864583333333333,0.18426019697359394,0.21251093441893854,0.3125,0.3389756944444444,0.2625868055555555
17,24,0.10726035577724395,0.09608554463822412,0.12358326877627042,0.24368833502835685,0.15277777777777776,0.3389756944444444,0,False,8,0,0,0,0,0,0,271,0,222,7,16,17,19,129,13,151,388,12,235,102,205,312,214,223,99,217,4,372,91,79,0.10782556548749118,0.1,0.09855162138487962,0.09608554463822412,0.09866984737283406,0.10210518621451076,0.09865876712893568,0.11450057213536757,0.10121453418662636,0.12358326877627042,0.09830125611963415,0.11194245467508451,0.10626479815687233,0.11296773314955653,0.11245878019124139,0.10782556548749118,0.1048349052634947,0.1200832096211853,0.11245878019124139,0.09646541245464431,0.11264380324157071,0.10626479815687233,0.11808335442858496,0.11245878019124139,0.31642639969493025,0.18181818181818182,0.1778944562328532,0.1689051805591278,0.19406667952674894,0.25,0.15277777777777776,0.24070457175925922,0.2774000128600823,0.2758444675747313,0.21170910493827158,0.23089808920610422,0.3125,0.21165658177226218,0.2625868055555555,0.31642639969493025,0.19256365740740738,0.30092123735425236,0.2625868055555555,0.18426019697359394,0.21251093441893854,0.3125,0.3389756944444444,0.2625868055555555
18,24,0.10728273915511315,0.09608554463822412,0.12358326877627042,0.2415871581835329,0.14004629629629628,0.3389756944444444,0,False,8,0,0,0,0,0,0,271,0,222,7,16,17,19,129,13,151,388,12,235,102,205,312,214,223,99,217,4,372,91,79,0.10782556548749118,0.1,0.09855162138487962,0.09608554463822412,0.09866984737283406,0.10210518621451076,0.09740752514513804,0.11586709851082319,0.10121453418662636,0.12358326877627042,0.09830125611963415,0.11194245467508451,0.10626479815687233,0.11338964982675916,0.11245878019124139,0.10782556548749118,0.1048349052634947,0.1200832096211853,0.11245878019124139,0.09646541245464431,0.11264380324157071,0.10626479815687233,0.11808335442858496,0.11245878019124139,0.31642639969493025,0.18181818181818182,0.1778944562328532,0.1689051805591278,0.19406667952674894,0.25,0.14004629629629628,0.2206458574459876,0.2774000128600823,0.2758444675747313,0.21170910493827158,0.23089808920610422,0.3125,0.19401853329124033,0.2625868055555555,0.31642639969493025,0.19256365740740738,0.30092123735425236,0.2625868055555555,0.18426019697359394,0.21251093441893854,0.3125,0.3389756944444444,0.2625868055555555
19,24,0.10716993566308441,0.09608554463822412,0.1262951472855493,0.23919053222972023,0.14004629629629628,0.3389756944444444,0,False,8,0,0,0,0,0,0,271,0,222,7,16,17,19,129,13,151,388,12,235,102,205,312,214,223,99,457,217,4,372,91,0.10782556548749118,0.10210518621451076,0.09855162138487962,0.09608554463822412,0.09866984737283406,0.10210518621451076,0.09740752514513804,0.11659303599074845,0.10121453418662636,0.1262951472855493,0.09866984737283406,0.11194245467508451,0.10626479815687233,0.11325225934203637,0.11450057213536757,0.10782556548749118,0.10466522051521766,0.1200832096211853,0.11245878019124139,0.10210518621451076,0.09646541245464431,0.11264380324157071,0.10626479815687233,0.11808335442858496,0.31642639969493025,0.25,0.1778944562328532,0.1689051805591278,0.19406667952674894,0.25,0.14004629629629628,0.20225870265882195,0.2774000128600823,0.25285742861017035,0.19406667952674894,0.23089808920610422,0.3125,0.17785032218363697,0.24070457175925922,0.31642639969493025,0.1765166859567901,0.30092123735425236,0.2625868055555555,0.25,0.18426019697359394,0.21251093441893854,0.3125,0.3389756944444444
20,24,0.10691957695853078,0.09582981353248936,0.1262951472855493,0.2412638004643346,0.12837577160493824,0.3389756944444444,0,False,8,0,0,0,0,0,0,271,0,222,7,16,17,19,129,13,151,388,12,484,235,102,496,214,223,205,312,457,217,99,91,0.10782556548749118,0.10210518621451076,0.09855162138487962,0.09608554463822412,0.1010932591606871,0.10210518621451076,0.09582981353248936,0.11659303599074845,0.10121453418662636,0.1262951472855493,0.09866984737283406,0.11194245467508451,0.1010932591606871,0.10626479815687233,0.11260394115645,0.10671004582080644,0.10671004582080644,0.1200832096211853,0.11586709851082319,0.10782556548749118,0.1035931400515108,0.09646541245464431,0.11245878019124139,0.11808335442858496,0.31642639969493025,0.25,0.1778944562328532,0.1689051805591278,0.26122778956618653,0.25,0.12837577160493824,0.20225870265882195,0.2774000128600823,0.25285742861017035,0.19406667952674894,0.23089808920610422,0.26122778956618653,0.3125,0.1630294620016672,0.24514029546039093,0.24514029546039093,0.30092123735425236,0.2206458574459876,0.31642639969493025,0.22916666666666666,0.18426019697359394,0.2625868055555555,0.3389756944444444
21,24,0.10700048831933984,0.09396998189034132,0.1262951472855493,0.23830138802480602,0.11767779063786005,0.3389756944444444,0,False,8,0,0,0,0,0,0,271,0,222,7,16,17,19,129,13,151,388,12,484,235,102,496,214,223,205,312,457,217,99,91,0.10782556548749118,0.10210518621451076,0.09855162138487962,0.09608554463822412,0.1010932591606871,0.10210518621451076,0.09396998189034132,0.11672084635472603,0.10348063546227936,0.1262951472855493,0.09866984737283406,0.11194245467508451,0.1010932591606871,0.10626479815687233,0.11260394115645,0.10811783848274054,0.10671004582080644,0.1200832096211853,0.11586709851082319,0.10782556548749118,0.1035931400515108,0.09646541245464431,0.11245878019124139,0.11808335442858496,0.31642639969493025,0.25,0.1778944562328532,0.1689051805591278,0.26122778956618653,0.25,0.11767779063786005,0.1854038107705868,0.2542833451217421,0.25285742861017035,0.19406667952674894,0.23089808920610422,0.26122778956618653,0.3125,0.1630294620016672,0.22471193750535834,0.24514029546039093,0.30092123735425236,0.2206458574459876,0.31642639969493025,0.22916666666666666,0.18426019697359394,0.2625868055555555,0.3389756944444444
22,24,0.1070430476940782,0.09396998189034132,0.12823820918856602,0.23576490361581484,0.11767779063786005,0.31642639969493025,0,False,8,0,0,0,0,0,0,271,0,222,7,16,17,19,129,13,151,388,12,484,235,102,496,214,223,205,312,457,217,99,543,0.10782556548749118,0.10210518621451076,0.09798866902291609,0.09608554463822412,0.1010932591606871,0.1035931400515108,0.09396998189034132,0.11672084635472603,0.10348063546227936,0.12823820918856602,0.09866984737283406,0.11194245467508451,0.1010932591606871,0.10626479815687233,0.11260394115645,0.1117282167345384,0.10671004582080644,0.1200832096211853,0.11586709851082319,0.10782556548749118,0.10449126110942733,0.09646541245464431,0.11245878019124139,0.1117282167345384,0.31642639969493025,0.25,0.16306991821344874,0.1689051805591278,0.26122778956618653,0.22916666666666666,0.11767779063786005,0.1854038107705868,0.2542833451217421,0.23178597622598948,0.19406667952674894,0.23089808920610422,0.26122778956618653,0.3125,0.1630294620016672,0.2893192760465785,0.24514029546039093,0.30092123735425236,0.2206458574459876,0.31642639969493025,0.21006944444444442,0.18426019697359394,0.2625868055555555,0.2893192760465785
23,24,0.10716319294089112,0.09396998189034132,0.12823820918856602,0.2347603227962087,0.11767779063786005,0.31642639969493025,0,False,8,0,0,0,0,0,0,271,0,222,7,16,17,19,129,13,151,388,12,484,235,102,496,214,223,205,312,457,217,99,543,0.10782556548749118,0.10210518621451076,0.09798866902291609,0.09608554463822412,0.1010932591606871,0.1035931400515108,0.09396998189034132,0.11672084635472603,0.10348063546227936,0.12823820918856602,0.09866984737283406,0.11194245467508451,0.1010932591606871,0.10626479815687233,0.11260394115645,0.1117282167345384,0.10671004582080644,0.1200832096211853,0.11586709851082319,0.10782556548749118,0.10449126110942733,0.09646541245464431,0.11245878019124139,0.11461170265804882,0.31642639969493025,0.25,0.16306991821344874,0.1689051805591278,0.26122778956618653,0.22916666666666666,0.11767779063786005,0.1854038107705868,0.2542833451217421,0.23178597622598948,0.19406667952674894,0.23089808920610422,0.26122778956618653,0.3125,0.1630294620016672,0.2893192760465785,0.24514029546039093,0.30092123735425236,0.2206458574459876,0.31642639969493025,0.21006944444444442,0.18426019697359394,0.2625868055555555,0.2652093363760303
24,24,0.10738188392726493,0.09396998189034132,0.12944492785064968,0.24491162655879742,0.11767779063786005,0.32279214043567095,0,False,5,0,0,0,0,0,0,271,588,17,19,129,0,222,7,16,594,13,151,388,12,484,235,102,496,578,214,223,205,312,217,0.10782556548749118,0.1055430392898837,0.1035931400515108,0.09396998189034132,0.11629846186098394,0.10210518621451076,0.09952749457144085,0.09608554463822412,0.1010932591606871,0.11959996028591417,0.10511466732557512,0.12944492785064968,0.09866984737283406,0.11194245467508451,0.1055430392898837,0.10626479815687233,0.11260394115645,0.1117282167345384,0.09952749457144085,0.10671004582080644,0.1200832096211853,0.11959996028591417,0.10782556548749118,0.09646541245464431,0.31642639969493025,0.32279214043567095,0.22916666666666666,0.11767779063786005,0.1699534932063712,0.25,0.23281409169566133,0.1689051805591278,0.26122778956618653,0.2855920359921553,0.23309306636159693,0.212470478207157,0.19406667952674894,0.23089808920610422,0.32279214043567095,0.3125,0.1630294620016672,0.2893192760465785,0.23281409169566133,0.24514029546039093,0.30092123735425236,0.2855920359921553,0.31642639969493025,0.18426019697359394
25,24,0.10753844938562902,0.09187054913701001,0.12995800693041454,0.2390030515285212,0.10787130808470503,0.32279214043567095,0,False,5,0,0,0,0,0,0,271,588,17,19,129,0,222,7,16,594,13,151,388,12,484,235,102,496,578,214,223,205,312,217,0.10782556548749118,0.1055430392898837,0.1035931400515108,0.09187054913701001,0.11537722675621914,0.1035931400515108,0.09952749457144085,0.09608554463822412,0.1010932591606871,0.11959996028591417,0.10511466732557512,0.12995800693041454,0.09866984737283406,0.11296773314955653,0.1055430392898837,0.10971734353948906,0.11149553057949718,0.1117282167345384,0.09952749457144085,0.10811783848274054,0.1200832096211853,0.11959996028591417,0.10782556548749118,0.09646541245464431,0.31642639969493025,0.32279214043567095,0.22916666666666666,0.10787130808470503,0.15579070210584026,0.22916666666666666,0.23281409169566133,0.1689051805591278,0.26122778956618653,0.2855920359921553,0.23309306636159693,0.19476460502322723,0.19406667952674894,0.21165658177226218,0.32279214043567095,0.2864583333333333,0.14944367350152826,0.2893192760465785,0.23281409169566133,0.22471193750535834,0.30092123735425236,0.2855920359921553,0.31642639969493025,0.18426019697359394
26,24,0.1082980185474488,0.09187054913701001,0.12995800693041454,0.2397491210275159,0.10787130808470503,0.34854266970936365,0,False,5,0,0,0,0,0,0,271,588,17,19,129,0,222,7,16,594,13,151,388,12,484,235,102,496,641,578,214,223,205,217,0.10782556548749118,0.10928672761331035,0.1035931400515108,0.09187054913701001,0.11537722675621914,0.1035931400515108,0.09952749457144085,0.09608554463822412,0.1010932591606871,0.11959996028591417,0.10511466732557512,0.12995800693041454,0.09866984737283406,0.11296773314955653,0.1055430392898837,0.10971734353948906,0.10997873357992961,0.11756752853825098,0.11756752853825098,0.09952749457144085,0.10891920000450366,0.1200832096211853,0.11959996028591417,0.09608554463822412,0.31642639969493025,0.295892795399365,0.22916666666666666,0.10787130808470503,0.15579070210584026,0.22916666666666666,0.23281409169566133,0.1689051805591278,0.26122778956618653,0.2855920359921553,0.23309306636159693,0.19476460502322723,0.19406667952674894,0.21165658177226218,0.32279214043567095,0.2864583333333333,0.13699003404306756,0.34854266970936365,0.34854266970936365,0.23281409169566133,0.20598594271324513,0.30092123735425236,0.2855920359921553,0.1689051805591278
27,24,0.10786172304493313,0.09187054913701001,0.1298276682609656,0.23540594432798037,0.10787130808470503,0.34854266970936365,0,False,5,0,0,0,0,0,0,271,588,17,19,129,0,222,7,16,594,13,151,388,655,12,484,235,102,496,641,578,214,223,217,0.1114513220590949,0.11231380475317147,0.1035931400515108,0.09187054913701001,0.11537722675621914,0.1035931400515108,0.10049298060403594,0.097754123488066,0.10288952729650423,0.11959996028591417,0.10511466732557512,0.1298276682609656,0.09866984737283406,0.097754123488066,0.11338964982675916,0.1055430392898837,0.10971734353948906,0.10997873357992961,0.11756752853825098,0.11756752853825098,0.09952749457144085,0.10891920000450366,0.1200832096211853,0.09608554463822412,0.29005753305368603,0.2712350624494179,0.22916666666666666,0.10787130808470503,0.15579070210584026,0.22916666666666666,0.21341291738768955,0.23816308217920049,0.23945880710233763,0.2855920359921553,0.23309306636159693,0.17853422127129162,0.19406667952674894,0.23816308217920049,0.19401853329124033,0.32279214043567095,0.2864583333333333,0.13699003404306756,0.34854266970936365,0.34854266970936365,0.23281409169566133,0.20598594271324513,0.30092123735425236,0.1689051805591278
28,24,0.10837674209459125,0.08957165418484625,0.1298276682609656,0.23680998482490512,0.0988820324109796,0.34854266970936365,0,False,5,0,0,0,0,0,0,271,588,17,19,129,0,222,7,16,594,13,679,388,655,12,484,235,102,496,641,151,214,223,217,0.11435130502943758,0.11463029893310119,0.1035931400515108,0.08957165418484625,0.11537722675621914,0.1035931400515108,0.10091793906503443,0.10139973771855464,0.10288952729650423,0.11959996028591417,0.10511466732557512,0.10139973771855464,0.09866984737283406,0.097754123488066,0.11338964982675916,0.1055430392898837,0.10971734353948906,0.10997873357992961,0.11756752853825098,0.11756752853825098,0.1298276682609656,0.10891920000450366,0.12358326877627042,0.09608554463822412,0.2658860719658789,0.2486321405786331,0.22916666666666666,0.0988820324109796,0.15579070210584026,0.22916666666666666,0.19562850760538208,0.30164949199760044,0.23945880710233763,0.2855920359921553,0.23309306636159693,0.30164949199760044,0.19406667952674894,0.23816308217920049,0.19401853329124033,0.32279214043567095,0.2864583333333333,0.13699003404306756,0.34854266970936365,0.34854266970936365,0.17853422127129162,0.20598594271324513,0.2758444675747313,0.1689051805591278
29,24,0.10854470126032095,0.08957165418484625,0.1298276682609656,0.23425746110132462,0.0988820324109796,0.34854266970936365,0,False,5,0,0,0,0,0,0,271,588,17,19,129,0,222,7,16,594,13,679,388,655,12,484,235,102,496,641,151,214,223,217,0.11435130502943758,0.11463029893310119,0.1035931400515108,0.08957165418484625,0.11537722675621914,0.1035931400515108,0.10091793906503443,0.10437651909450966,0.10408115638278467,0.11959996028591417,0.10511466732557512,0.10139973771855464,0.09866984737283406,0.097754123488066,0.11325225934203637,0.1055430392898837,0.10971734353948906,0.10997873357992961,0.11756752853825098,0.11756752853825098,0.1298276682609656,0.10891920000450366,0.12358326877627042,0.09608554463822412,0.2658860719658789,0.2486321405786331,0.22916666666666666,0.0988820324109796,0.15579070210584026,0.22916666666666666,0.19562850760538208,0.27651203433113375,0.21950390651047616,0.2855920359921553,0.23309306636159693,0.30164949199760044,0.19406667952674894,0.23816308217920049,0.17785032218363697,0.32279214043567095,0.2864583333333333,0.13699003404306756,0.34854266970936365,0.34854266970936365,0.17853422127129162,0.20598594271324513,0.2758444675747313,0.1689051805591278
30,24,0.1087693229946199,0.08957165418484625,0.1298276682609656,0.23019415438498023,0.0988820324109796,0.34854266970936365,0,False,5,0,0,0,0,0,0,271,588,17,19,129,0,222,7,16,594,13,679,388,655,12,484,235,102,496,641,151,214,223,217,0.1165350978424541,0.11463029893310119,0.1035931400515108,0.08957165418484625,0.11537722675621914,0.1035931400515108,0.10084112337365488,0.10437651909450966,0.10408115638278467,0.11959996028591417,0.10511466732557512,0.10437651909450966,0.09866984737283406,0.09885039460723204,0.11325225934203637,0.1055430392898837,0.10971734353948906,0.10997873357992961,0.11756752853825098,0.11756752853825098,0.1298276682609656,0.10891920000450366,0.12358326877627042,0.09529643664464058,0.24372889930205563,0.2486321405786331,0.22916666666666666,0.0988820324109796,0.15579070210584026,0.22916666666666666,0.17932613197160024,0.27651203433113375,0.21950390651047616,0.2855920359921553,0.23309306636159693,0.27651203433113375,0.19406667952674894,0.2183161586642671,0.17785032218363697,0.32279214043567095,0.2864583333333333,0.13699003404306756,0.34854266970936365,0.34854266970936365,0.17853422127129162,0.20598594271324513,0.2758444675747313,0.15482974884586714
31,24,0.1089985843998254,0.08957165418484625,0.1298276682609656,0.2275271751730478,0.0988820324109796,0.34854266970936365,0,False,5,0,0,0,0,0,0,271,588,17,19,129,0,222,7,16,594,13,679,388,655,12,484,235,102,496,641,151,214,223,217,0.1165350978424541,0.11463029893310119,0.1035931400515108,0.08957165418484625,0.11537722675621914,0.1035931400515108,0.10084112337365488,0.10437651909450966,0.10408115638278467,0.1225585858736085,0.10511466732557512,0.10668687627817505,0.09866984737283406,0.09885039460723204,0.11325225934203637,0.1055430392898837,0.10971734353948906,0.10997873357992961,0.11756752853825098,0.11756752853825098,0.1298276682609656,0.10915249095807623,0.12358326877627042,0.09529643664464058,0.24372889930205563,0.2486321405786331,0.22916666666666666,0.0988820324109796,0.15579070210584026,0.22916666666666666,0.17932613197160024,0.27651203433113375,0.21950390651047616,0.2617926996594757,0.23309306636159693,0.25346936480353927,0.19406667952674894,0.2183161586642671,0.17785032218363697,0.32279214043567095,0.2864583333333333,0.13699003404306756,0.34854266970936365,0.34854266970936365,0.17853422127129162,0.18882044748714136,0.2758444675747313,0.15482974884586714
32,24,0.1090270913959498,0.08957165418484625,0.1298276682609656,0.2253756957789045,0.0988820324109796,0.34854266970936365,0,False,5,0,0,0,0,0,0,271,588,17,19,129,0,222,7,16,594,13,679,388,655,12,484,235,102,496,641,151,214,223,217,0.1165350978424541,0.11463029893310119,0.10449126110942733,0.08957165418484625,0.11537722675621914,0.1035931400515108,0.10084112337365488,0.10437651909450966,0.10408115638278467,0.1225585858736085,0.10511466732557512,0.1083468321393492,0.09866984737283406,0.09885039460723204,0.11325225934203637,0.1055430392898837,0.10971734353948906,0.10810482456782439,0.11756752853825098,0.11756752853825098,0.1298276682609656,0.10915249095807623,0.12358326877627042,0.09529643664464058,0.24372889930205563,0.2486321405786331,0.21006944444444442,0.0988820324109796,0.15579070210584026,0.22916666666666666,0.17932613197160024,0.27651203433113375,0.21950390651047616,0.2617926996594757,0.23309306636159693,0.23234691773657765,0.19406667952674894,0.2183161586642671,0.17785032218363697,0.32279214043567095,0.2864583333333333,0.12557419787281193,0.34854266970936365,0.34854266970936365,0.17853422127129162,0.18882044748714136,0.2758444675747313,0.15482974884586714
33,24,0.10894226353546643,0.08957165418484625,0.1298276682609656,0.22285216284990808,0.0988820324109796,0.34854266970936365,0,False,5,0,0,0,0,0,0,271,588,17,19,129,0,222,7,16,594,13,679,388,655,12,484,235,102,496,641,151,214,223,217,0.1165350978424541,0.11463029893310119,0.10449126110942733,0.08957165418484625,0.11537722675621914,0.1035931400515108,0.10084112337365488,0.10437651909450966,0.10408115638278467,0.1225585858736085,0.10511466732557512,0.1083468321393492,0.09855162138487962,0.09940483207627179,0.11325225934203637,0.1055430392898837,0.10971734353948906,0.10592361290274127,0.11756752853825098,0.11756752853825098,0.1298276682609656,0.10886162249047339,0.12358326877627042,0.09529643664464058,0.24372889930205563,0.2486321405786331,0.21006944444444442,0.0988820324109796,0.15579070210584026,0.22916666666666666,0.17932613197160024,0.27651203433113375,0.21950390651047616,0.2617926996594757,0.23309306636159693,0.23234691773657765,0.1778944562328532,0.20012314544224483,0.17785032218363697,0.32279214043567095,0.2864583333333333,0.11510968138341093,0.34854266970936365,0.34854266970936365,0.17853422127129162,0.17308541019654625,0.2758444675747313,0.15482974884586714
34,24,0.10912487936007638,0.08957165418484625,0.12910919247510716,0.21958262210554,0.0988820324109796,0.34854266970936365,0,False,5,0,0,0,0,0,0,271,588,17,19,129,0,222,7,16,594,13,679,388,655,12,484,235,102,496,641,151,214,223,217,0.1165350978424541,0.11463029893310119,0.10449126110942733,0.08957165418484625,0.11537722675621914,0.1035931400515108,0.10084112337365488,0.10668687627817505,0.10408115638278467,0.1225585858736085,0.10511466732557512,0.1083468321393492,0.09855162138487962,0.09945429381735138,0.11325225934203637,0.1055430392898837,0.11245878019124139,0.10592361290274127,0.11756752853825098,0.11756752853825098,0.12910919247510716,0.10886162249047339,0.12358326877627042,0.09529643664464058,0.24372889930205563,0.2486321405786331,0.21006944444444442,0.0988820324109796,0.15579070210584026,0.22916666666666666,0.17932613197160024,0.25346936480353927,0.21950390651047616,0.2617926996594757,0.23309306636159693,0.23234691773657765,0.1778944562328532,0.18344621665539107,0.17785032218363697,0.32279214043567095,0.2625868055555555,0.11510968138341093,0.34854266970936365,0.34854266970936365,0.16365636949868398,0.17308541019654625,0.2758444675747313,0.15482974884586714
35,24,0.10949811045601425,0.08957165418484625,0.12910919247510716,0.21518141042764305,0.0988820324109796,0.34854266970936365,0,False,5,0,0,0,0,0,0,271,588,17,19,129,0,222,7,16,594,13,679,388,655,12,484,235,102,496,641,151,214,223,217,0.1165350978424541,0.11463029893310119,0.10449126110942733,0.08957165418484625,0.11537722675621914,0.1035931400515108,0.10084112337365488,0.1083468321393492,0.10469975808966128,0.1225585858736085,0.10511466732557512,0.1083468321393492,0.09855162138487962,0.09904007348175899,0.11325225934203637,0.1055430392898837,0.11450057213536757,0.10592361290274127,0.11756752853825098,0.12261894566417496,0.12910919247510716,0.10886162249047339,0.12358326877627042,0.09529643664464058,0.24372889930205563,0.2486321405786331,0.21006944444444442,0.0988820324109796,0.15579070210584026,0.22916666666666666,0.17932613197160024,0.23234691773657765,0.2012119143012698,0.2617926996594757,0.23309306636159693,0.23234691773657765,0.1778944562328532,0.16815903193410847,0.17785032218363697,0.32279214043567095,0.24070457175925922,0.11510968138341093,0.34854266970936365,0.3194974472335833,0.16365636949868398,0.17308541019654625,0.2758444675747313,0.15482974884586714
36,24,0.10803961560326798,0.08957165418484625,0.12475599730959193,0.22269850211632533,0.0988820324109796,0.34854266970936365,0,False,5,0,0,0,0,0,0,271,887,17,19,129,588,594,0,222,7,16,235,872,13,679,388,655,12,484,223,102,496,876,214,0.1165350978424541,0.0965698414541315,0.10449126110942733,0.08957165418484625,0.11537722675621914,0.11463029893310119,0.12475599730959193,0.1035931400515108,0.10030530732604352,0.1083468321393492,0.10748616928847284,0.11450057213536757,0.10748616928847284,0.10511466732557512,0.10938355790027417,0.10051578830608954,0.09904007348175899,0.11325225934203637,0.1055430392898837,0.12358326877627042,0.10592361290274127,0.11756752853825098,0.10051578830608954,0.10886162249047339,0.24372889930205563,0.22526060310871154,0.21006944444444442,0.0988820324109796,0.15579070210584026,0.2486321405786331,0.2399766413545194,0.22916666666666666,0.16438228764063356,0.23234691773657765,0.2677775881094973,0.24070457175925922,0.2677775881094973,0.23309306636159693,0.21298467459186282,0.24640325154678208,0.16815903193410847,0.17785032218363697,0.32279214043567095,0.2758444675747313,0.11510968138341093,0.34854266970936365,0.24640325154678208,0.17308541019654625
37,24,0.10810058161519508,0.08957165418484625,0.1262191815958423,0.2218652498893999,0.0988820324109796,0.34854266970936365,0,False,5,0,0,0,0,0,0,271,887,17,19,129,588,594,0,222,7,16,235,872,13,679,388,655,12,484,223,102,496,876,214,0.1165350978424541,0.0965698414541315,0.10449126110942733,0.08957165418484625,0.11537722675621914,0.11463029893310119,0.1262191815958423,0.1035931400515108,0.10030530732604352,0.1083468321393492,0.10748616928847284,0.11450057213536757,0.10748616928847284,0.10511466732557512,0.10938355790027417,0.10051578830608954,0.09904007348175899,0.11325225934203637,0.1055430392898837,0.12358326877627042,0.10592361290274127,0.11756752853825098,0.10051578830608954,0.10886162249047339,0.24372889930205563,0.22526060310871154,0.21006944444444442,0.0988820324109796,0.15579070210584026,0.2486321405786331,0.21997858790830946,0.22916666666666666,0.16438228764063356,0.23234691773657765,0.2677775881094973,0.24070457175925922,0.2677775881094973,0.23309306636159693,0.21298467459186282,0.24640325154678208,0.16815903193410847,0.17785032218363697,0.32279214043567095,0.2758444675747313,0.11510968138341093,0.34854266970936365,0.24640325154678208,0.17308541019654625
38,24,0.1095006958329973,0.08957165418484625,0.12955228819029924,0.23007635902981538,0.0988820324109796,0.3361907619435037,0,False,5,0,0,0,0,0,0,271,887,17,19,129,588,594,934,0,222,7,16,235,872,13,679,388,655,12,484,931,102,496,223,0.1165350978424541,0.0965698414541315,0.1048349052634947,0.08957165418484625,0.11401012484700133,0.11463029893310119,0.1262191815958423,0.10450531649803393,0.1035931400515108,0.10030530732604352,0.1083468321393492,0.10748616928847284,0.11586709851082319,0.10748616928847284,0.10511466732557512,0.10938355790027417,0.10051578830608954,0.09904007348175899,0.11325225934203637,0.1055430392898837,0.12955228819029924,0.10348265507796607,0.12261894566417496,0.12955228819029924,0.24372889930205563,0.22526060310871154,0.19256365740740738,0.0988820324109796,0.14280814359702024,0.2486321405786331,0.21997858790830946,0.3092029805845502,0.22916666666666666,0.16438228764063356,0.23234691773657765,0.2677775881094973,0.2206458574459876,0.2677775881094973,0.23309306636159693,0.21298467459186282,0.24640325154678208,0.16815903193410847,0.17785032218363697,0.32279214043567095,0.3361907619435037,0.10551720793479336,0.3194974472335833,0.3361907619435037
39,24,0.10957484597898944,0.08957165418484625,0.12955228819029924,0.23606022244052252,0.0988820324109796,0.3361907619435037,0,False,5,0,0,0,0,0,0,271,887,17,19,129,588,594,934,0,222,7,16,235,872,13,679,388,655,12,484,931,953,496,223,0.1165350978424541,0.0965698414541315,0.1048349052634947,0.08957165418484625,0.11401012484700133,0.11463029893310119,0.1262191815958423,0.10450531649803393,0.1035931400515108,0.10030530732604352,0.1083468321393492,0.10748616928847284,0.11586709851082319,0.10959690607197624,0.10511466732557512,0.10938355790027417,0.10187789442865613,0.10073890367152648,0.11260394115645,0.1055430392898837,0.12955228819029924,0.10073890367152648,0.12261894566417496,0.12955228819029924,0.24372889930205563,0.22526060310871154,0.19256365740740738,0.0988820324109796,0.14280814359702024,0.2486321405786331,0.21997858790830946,0.3092029805845502,0.22916666666666666,0.16438228764063356,0.23234691773657765,0.2677775881094973,0.2206458574459876,0.24546278910037253,0.23309306636159693,0.21298467459186282,0.2258696472512169,0.2374791126062661,0.1630294620016672,0.32279214043567095,0.3361907619435037,0.2374791126062661,0.3194974472335833,0.3361907619435037
40,24,0.11006954218546998,0.08957165418484625,0.13012269585695707,0.23621766817783263,0.0988820324109796,0.3762059932974514,0,False,5,0,0,0,0,0,0,271,887,17,19,129,588,594,934,982,0,222,7,16,235,872,13,679,388,655,12,484,931,953,496,0.1165350978424541,0.0965698414541315,0.1048349052634947,0.08957165418484625,0.11401012484700133,0.11625622869836526,0.1262191815958423,0.10450531649803393,0.13012269585695707,0.1035931400515108,0.10030530732604352,0.10938355790027417,0.10748616928847284,0.11586709851082319,0.11105281492367042,0.10511466732557512,0.10938355790027417,0.10266629172381865,0.10073890367152648,0.11149553057949718,0.1055430392898837,0.12955228819029924,0.10073890367152648,0.13012269585695707,0.24372889930205563,0.22526060310871154,0.19256365740740738,0.0988820324109796,0.14280814359702024,0.22791279553041366,0.21997858790830946,0.3092029805845502,0.3762059932974514,0.22916666666666666,0.16438228764063356,0.21298467459186282,0.2677775881094973,0.2206458574459876,0.22500755667534147,0.23309306636159693,0.21298467459186282,0.2070471766469488,0.2374791126062661,0.14944367350152826,0.32279214043567095,0.3361907619435037,0.2374791126062661,0.3762059932974514
41,24,0.11022693098872342,0.08957165418484625,0.13012269585695707,0.23303807708450375,0.0988820324109796,0.3762059932974514,0,False,5,0,0,0,0,0,0,271,887,17,19,129,588,594,934,982,0,222,7,16,235,872,13,679,388,655,12,484,931,953,496,0.1165350978424541,0.0965698414541315,0.1048349052634947,0.08957165418484625,0.11401012484700133,0.11722295895316018,0.1262191815958423,0.10450531649803393,0.13012269585695707,0.1035931400515108,0.10030530732604352,0.10938355790027417,0.10959690607197624,0.11586709851082319,0.11105281492367042,0.10511466732557512,0.10983293728992642,0.10291677657395064,0.10073890367152648,0.11149553057949718,0.1055430392898837,0.12955228819029924,0.10073890367152648,0.13012269585695707,0.24372889930205563,0.22526060310871154,0.19256365740740738,0.0988820324109796,0.14280814359702024,0.20892006256954584,0.21997858790830946,0.3092029805845502,0.3762059932974514,0.22916666666666666,0.16438228764063356,0.21298467459186282,0.24546278910037253,0.2206458574459876,0.22500755667534147,0.23309306636159693,0.19523595170920757,0.18979324525970306,0.2374791126062661,0.14944367350152826,0.32279214043567095,0.3361907619435037,0.2374791126062661,0.3762059932974514
42,24,0.11072383618413086,0.08957165418484625,0.1367691921279484,0.22778071478143502,0.0988820324109796,0.3762059932974514,0,False,5,0,0,0,0,0,0,271,887,17,19,129,588,594,934,982,0,222,7,16,235,872,13,679,388,655,12,484,931,953,496,0.1165350978424541,0.0965698414541315,0.1048349052634947,0.08957165418484625,0.11401012484700133,0.11722295895316018,0.1262191815958423,0.10450531649803393,0.1367691921279484,0.1035931400515108,0.10030530732604352,0.10938355790027417,0.10959690607197624,0.11586709851082319,0.11188519406974434,0.10511466732557512,0.10983293728992642,0.1026704961491952,0.10073890367152648,0.10997873357992961,0.1055430392898837,0.134651984319494,0.1018491342393682,0.13012269585695707,0.24372889930205563,0.22526060310871154,0.19256365740740738,0.0988820324109796,0.14280814359702024,0.20892006256954584,0.21997858790830946,0.3092029805845502,0.3448554938559971,0.22916666666666666,0.16438228764063356,0.21298467459186282,0.24546278910037253,0.2206458574459876,0.20625692695239634,0.23309306636159693,0.19523595170920757,0.17397714148806112,0.2374791126062661,0.13699003404306756,0.32279214043567095,0.3081748651148784,0.21768918655574393,0.3762059932974514
43,24,0.11015347259439806,0.08957165418484625,0.1388585094958481,0.2247454059473664,0.0988820324109796,0.3448554938559971,0,False,5,0,0,0,0,0,0,271,887,17,19,129,588,594,934,982,0,222,7,16,235,1047,872,13,679,388,655,12,484,931,953,0.1165350978424541,0.0965698414541315,0.1048349052634947,0.08957165418484625,0.11401012484700133,0.11722295895316018,0.1262191815958423,0.10450531649803393,0.1367691921279484,0.1035931400515108,0.10030530732604352,0.10938355790027417,0.11105281492367042,0.11586709851082319,0.10888005600650097,0.11188519406974434,0.10888005600650097,0.10983293728992642,0.1026704961491952,0.10073890367152648,0.10810482456782439,0.1055430392898837,0.1388585094958481,0.1018491342393682,0.24372889930205563,0.22526060310871154,0.19256365740740738,0.0988820324109796,0.14280814359702024,0.20892006256954584,0.21997858790830946,0.3092029805845502,0.3448554938559971,0.22916666666666666,0.16438228764063356,0.21298467459186282,0.22500755667534147,0.2206458574459876,0.2970019774981305,0.20625692695239634,0.2970019774981305,0.19523595170920757,0.17397714148806112,0.2374791126062661,0.12557419787281193,0.32279214043567095,0.28249362635530517,0.21768918655574393
44,24,0.1113602290215157,0.08957165418484625,0.14217011222883763,0.2253146557054596,0.0988820324109796,0.3448554938559971,0,False,5,0,0,0,0,0,0,271,887,17,19,129,588,594,934,982,0,222,1075,7,16,235,1047,872,13,1060,931,953,679,12,484,0.1165350978424541,0.0965698414541315,0.1048349052634947,0.08957165418484625,0.11514522635099211,0.11757061830192408,0.1262191815958423,0.10450531649803393,0.1367691921279484,0.1035931400515108,0.09935559799898627,0.10447581458595641,0.10938355790027417,0.11188519406974434,0.11659303599074845,0.10888005600650097,0.11188519406974434,0.11193063746066353,0.11514522635099211,0.14217011222883763,0.10240240671168932,0.10983293728992642,0.10810482456782439,0.10928672761331035,0.24372889930205563,0.22526060310871154,0.19256365740740738,0.0988820324109796,0.21424079829726855,0.191510057355417,0.21997858790830946,0.3092029805845502,0.3448554938559971,0.22916666666666666,0.15068376367058076,0.30102251988907724,0.21298467459186282,0.20625692695239634,0.20225870265882195,0.2970019774981305,0.20625692695239634,0.27225181270661963,0.21424079829726855,0.2589524908256964,0.19954842100943193,0.19523595170920757,0.12557419787281193,0.295892795399365
45,24,0.11138029242730935,0.08957165418484625,0.14217011222883763,0.22319493581323777,0.0988820324109796,0.3448554938559971,0,False,5,0,0,0,0,0,0,271,887,17,19,129,588,594,934,982,0,222,1075,7,16,235,1047,872,13,1060,931,953,679,12,484,0.1165350978424541,0.0965698414541315,0.1048349052634947,0.08957165418484625,0.11514522635099211,0.11757061830192408,0.1262191815958423,0.10450531649803393,0.1367691921279484,0.1035931400515108,0.09935559799898627,0.10447581458595641,0.10983293728992642,0.11188519406974434,0.11672084635472603,0.10888005600650097,0.11188519406974434,0.11193063746066353,0.11514522635099211,0.14217011222883763,0.10240240671168932,0.10973726927534395,0.10810482456782439,0.10928672761331035,0.24372889930205563,0.22526060310871154,0.19256365740740738,0.0988820324109796,0.21424079829726855,0.191510057355417,0.21997858790830946,0.3092029805845502,0.3448554938559971,0.22916666666666666,0.15068376367058076,0.30102251988907724,0.19523595170920757,0.20625692695239634,0.1854038107705868,0.2970019774981305,0.20625692695239634,0.27225181270661963,0.21424079829726855,0.2589524908256964,0.19954842100943193,0.1789662890667736,0.12557419787281193,0.295892795399365
46,24,0.11198843226010098,0.08957165418484625,0.14217011222883763,0.23156055183866733,0.0988820324109796,0.35456839578275123,0,False,6,0,0,0,0,0,0,1127,271,887,17,19,129,588,594,934,982,0,222,1075,7,16,235,1047,872,13,1060,931,953,679,484,0.11521036804552459,0.11802584199036012,0.0973005617916037,0.1048349052634947,0.08957165418484625,0.11514522635099211,0.11757061830192408,0.1262191815958423,0.10450531649803393,0.1367691921279484,0.1035931400515108,0.09935559799898627,0.10447581458595641,0.10973726927534395,0.11188519406974434,0.11672084635472603,0.10888005600650097,0.11188519406974434,0.11193063746066353,0.11514522635099211,0.14217011222883763,0.10243686877200456,0.10914318282131821,0.11521036804552459,0.35456839578275123,0.22341815769355097,0.20648888618298558,0.19256365740740738,0.0988820324109796,0.21424079829726855,0.191510057355417,0.21997858790830946,0.3092029805845502,0.3448554938559971,0.22916666666666666,0.15068376367058076,0.30102251988907724,0.1789662890667736,0.20625692695239634,0.1854038107705868,0.2970019774981305,0.20625692695239634,0.27225181270661963,0.21424079829726855,0.2589524908256964,0.1829193859253126,0.16405243164454245,0.35456839578275123
47,24,0.11218442005848424,0.08711067874782154,0.14460406668341788,0.22844316736022977,0.09064186304339797,0.35456839578275123,0,False,6,0,0,0,0,0,0,1127,271,887,17,19,129,588,594,934,982,0,222,1075,7,16,235,1047,872,13,1060,931,953,679,484,0.11521036804552459,0.11802584199036012,0.0973005617916037,0.1048349052634947,0.08711067874782154,0.11514522635099211,0.11757061830192408,0.1262191815958423,0.10450531649803393,0.1367691921279484,0.1035931400515108,0.09935559799898627,0.10447581458595641,0.10973726927534395,0.11188519406974434,0.11629846186098394,0.10888005600650097,0.11188519406974434,0.11193063746066353,0.11514522635099211,0.14460406668341788,0.10243686877200456,0.10914318282131821,0.12036348068290932,0.35456839578275123,0.22341815769355097,0.20648888618298558,0.19256365740740738,0.09064186304339797,0.21424079829726855,0.191510057355417,0.21997858790830946,0.3092029805845502,0.3448554938559971,0.22916666666666666,0.15068376367058076,0.30102251988907724,0.1789662890667736,0.20625692695239634,0.1699534932063712,0.2970019774981305,0.20625692695239634,0.27225181270661963,0.21424079829726855,0.23737311659022167,0.1829193859253126,0.16405243164454245,0.3250210294675219
48,24,0.1130276134628528,0.08711067874782154,0.14460406668341788,0.23180966253406332,0.09064186304339797,0.35456839578275123,0,False,6,0,0,0,0,0,0,1127,271,887,17,19,129,588,594,934,982,0,222,1075,7,16,235,1047,872,13,1060,931,953,1158,484,0.11521036804552459,0.1188575617230733,0.0973005617916037,0.1048349052634947,0.08711067874782154,0.11565896159038665,0.12037202023057732,0.1262191815958423,0.10450531649803393,0.1367691921279484,0.1035931400515108,0.09935559799898627,0.10447581458595641,0.10973726927534395,0.11188519406974434,0.11629846186098394,0.10888005600650097,0.11188519406974434,0.11193063746066353,0.11565896159038665,0.14460406668341788,0.10243686877200456,0.12037202023057732,0.12471069283833992,0.35456839578275123,0.20479997788575505,0.20648888618298558,0.19256365740740738,0.09064186304339797,0.19638739843916284,0.25888421924246563,0.21997858790830946,0.3092029805845502,0.3448554938559971,0.22916666666666666,0.15068376367058076,0.30102251988907724,0.1789662890667736,0.20625692695239634,0.1699534932063712,0.2970019774981305,0.20625692695239634,0.27225181270661963,0.19638739843916284,0.23737311659022167,0.1829193859253126,0.25888421924246563,0.29793594367856174
49,24,0.11316119921098511,0.08711067874782154,0.1461933892443255,0.22945141002795913,0.09064186304339797,0.35456839578275123,0,False,6,0,0,0,0,0,0,1127,271,887,17,19,129,588,594,934,982,0,222,1075,7,16,235,1047,872,13,1060,931,953,1158,484,0.11521036804552459,0.1188575617230733,0.0973005617916037,0.1048349052634947,0.08711067874782154,0.11565896159038665,0.12037202023057732,0.1262191815958423,0.10450531649803393,0.1367691921279484,0.1035931400515108,0.09935559799898627,0.10447581458595641,0.10973726927534395,0.11188519406974434,0.11629846186098394,0.10888005600650097,0.11188519406974434,0.11193063746066353,0.11565896159038665,0.1461933892443255,0.10199517455587875,0.12243044984097066,0.12471069283833992,0.35456839578275123,0.20479997788575505,0.20648888618298558,0.19256365740740738,0.09064186304339797,0.19638739843916284,0.25888421924246563,0.21997858790830946,0.3092029805845502,0.3448554938559971,0.22916666666666666,0.15068376367058076,0.30102251988907724,0.1789662890667736,0.20625692695239634,0.1699534932063712,0.2970019774981305,0.20625692695239634,0.27225181270661963,0.19638739843916284,0.21759202354103652,0.16767610376486988,0.23731053430559348,0.29793594367856174
50,24,0.11344944735029716,0.08711067874782154,0.1469835517309913,0.2232024325429475,0.09064186304339797,0.35456839578275123,0,False,6,0,0,0,0,0,0,1127,271,887,17,19,129,588,594,934,982,0,222,1075,7,16,235,1047,872,13,1060,931,953,1158,484,0.11521036804552459,0.11907257927731099,0.0975227042405825,0.10466522051521766,0.08711067874782154,0.11565896159038665,0.12037202023057732,0.1262191815958423,0.10450531649803393,0.1367691921279484,0.1035931400515108,0.09935559799898627,0.1075240160484888,0.10973726927534395,0.11188519406974434,0.11629846186098394,0.10888005600650097,0.11188519406974434,0.11427176690237803,0.11565896159038665,0.1469835517309913,0.10112271536679089,0.1237738957276961,0.12471069283833992,0.35456839578275123,0.18773331306194213,0.18928147900107012,0.1765166859567901,0.09064186304339797,0.19638739843916284,0.25888421924246563,0.21997858790830946,0.3092029805845502,0.3448554938559971,0.22916666666666666,0.15068376367058076,0.27593730989832077,0.1789662890667736,0.20625692695239634,0.1699534932063712,0.2970019774981305,0.20625692695239634,0.24956416164773465,0.19638739843916284,0.1994593549126168,0.1537030951177974,0.217534656446794,0.29793594367856174
51,24,0.11308529968595171,0.08452201546780204,0.1469835517309913,0.22317961596507355,0.08308837445644814,0.35456839578275123,0,False,6,0,0,0,0,0,0,1127,271,887,17,19,129,588,594,934,982,0,222,1075,7,16,235,1047,872,1238,13,1060,931,953,1158,0.11521036804552459,0.11907257927731099,0.0975227042405825,0.10466522051521766,0.08452201546780204,0.11565896159038665,0.12037202023057732,0.1262191815958423,0.10450531649803393,0.1367691921279484,0.1035931400515108,0.09935559799898627,0.1075240160484888,0.10973726927534395,0.11502525781691754,0.11629846186098394,0.10888005600650097,0.11188519406974434,0.11502525781691754,0.1159228691768886,0.11565896159038665,0.1469835517309913,0.0998661037022581,0.1237738957276961,0.35456839578275123,0.18773331306194213,0.18928147900107012,0.1765166859567901,0.08308837445644814,0.19638739843916284,0.25888421924246563,0.21997858790830946,0.3092029805845502,0.3448554938559971,0.22916666666666666,0.15068376367058076,0.27593730989832077,0.1789662890667736,0.27240218303969665,0.1699534932063712,0.2970019774981305,0.20625692695239634,0.27240218303969665,0.2287671481770901,0.19638739843916284,0.1994593549126168,0.14089450385798094,0.217534656446794
52,24,0.11304103101819585,0.08452201546780204,0.1469835517309913,0.22570158165854504,0.08308837445644814,0.35456839578275123,0,False,6,0,0,0,0,0,0,1127,271,887,17,19,129,588,594,934,982,0,222,1075,7,16,235,1047,872,1238,13,1060,931,953,1268,0.11521036804552459,0.11907257927731099,0.09727538721929309,0.10466522051521766,0.08452201546780204,0.11565896159038665,0.12243044984097066,0.1262191815958423,0.10450531649803393,0.1367691921279484,0.1035931400515108,0.09935559799898627,0.1075240160484888,0.10914318282131821,0.11502525781691754,0.11629846186098394,0.10888005600650097,0.11188519406974434,0.11502525781691754,0.1159228691768886,0.118576691578432,0.1469835517309913,0.0998661037022581,0.118576691578432,0.35456839578275123,0.18773331306194213,0.1735080224176476,0.1765166859567901,0.08308837445644814,0.19638739843916284,0.23731053430559348,0.21997858790830946,0.3092029805845502,0.3448554938559971,0.22916666666666666,0.15068376367058076,0.27593730989832077,0.16405243164454245,0.27240218303969665,0.1699534932063712,0.2970019774981305,0.20625692695239634,0.27240218303969665,0.2287671481770901,0.2633551152358993,0.1994593549126168,0.14089450385798094,0.2633551152358993
53,24,0.11302382619677498,0.08452201546780204,0.14702934898509415,0.22303574344447893,0.08308837445644814,0.35456839578275123,0,False,6,0,0,0,0,0,0,1127,271,887,17,19,129,588,594,934,982,0,222,1075,7,16,235,1047,872,1238,13,1060,931,953,1268,0.11521036804552459,0.11907257927731099,0.09727538721929309,0.10466522051521766,0.08452201546780204,0.11565896159038665,0.12243044984097066,0.1262191815958423,0.10450531649803393,0.1367691921279484,0.1035931400515108,0.09935559799898627,0.1075240160484888,0.10809980701696421,0.11502525781691754,0.11629846186098394,0.10888005600650097,0.11188519406974434,0.11502525781691754,0.1159228691768886,0.118576691578432,0.14702934898509415,0.09827191478371075,0.12075554333312966,0.35456839578275123,0.18773331306194213,0.1735080224176476,0.1765166859567901,0.08308837445644814,0.19638739843916284,0.23731053430559348,0.21997858790830946,0.3092029805845502,0.3448554938559971,0.22916666666666666,0.15068376367058076,0.27593730989832077,0.1503813956741639,0.27240218303969665,0.1699534932063712,0.2970019774981305,0.20625692695239634,0.27240218303969665,0.2287671481770901,0.2633551152358993,0.18283774200323205,0.1291532952031492,0.24140885563290765
54,24,0.11414583822544773,0.08452201546780204,0.14702934898509415,0.2296356969088884,0.08308837445644814,0.35456839578275123,0,False,6,0,0,0,0,0,0,1127,271,887,1301,19,129,588,17,982,0,222,1075,7,16,594,934,872,1238,13,1060,931,235,1047,1268,0.11521036804552459,0.11907257927731099,0.09727538721929309,0.118576691578432,0.08452201546780204,0.118576691578432,0.1237738957276961,0.10466522051521766,0.1367691921279484,0.1035931400515108,0.09935559799898627,0.10988635206714244,0.10809980701696421,0.11502525781691754,0.1262191815958423,0.10450531649803393,0.11188519406974434,0.11502525781691754,0.1159228691768886,0.118576691578432,0.14702934898509415,0.11629846186098394,0.10888005600650097,0.12075554333312966,0.35456839578275123,0.18773331306194213,0.1735080224176476,0.2633551152358993,0.08308837445644814,0.2633551152358993,0.217534656446794,0.1765166859567901,0.3448554938559971,0.22916666666666666,0.15068376367058076,0.2529425340734607,0.1503813956741639,0.27240218303969665,0.21997858790830946,0.3092029805845502,0.20625692695239634,0.27240218303969665,0.2287671481770901,0.2633551152358993,0.18283774200323205,0.1699534932063712,0.2970019774981305,0.24140885563290765
55,24,0.1119608888312927,0.08394752356266436,0.1367691921279484,0.24032788997765894,0.1503813956741639,0.40835436280085524,0,False,6,0,0,0,0,0,0,1127,271,887,1301,19,129,588,17,982,0,222,1075,7,16,594,934,872,1238,13,1060,1324,1320,235,1047,0.12346764441996876,0.11907257927731099,0.09727538721929309,0.118576691578432,0.08394752356266436,0.118576691578432,0.1237738957276961,0.10466522051521766,0.1367691921279484,0.1035931400515108,0.09935559799898627,0.10988635206714244,0.10809980701696421,0.11502525781691754,0.1262191815958423,0.10450531649803393,0.1121333484763078,0.11502525781691754,0.1159228691768886,0.118576691578432,0.08394752356266436,0.12346764441996876,0.11629846186098394,0.10888005600650097,0.40835436280085524,0.18773331306194213,0.1735080224176476,0.2633551152358993,0.15949767658507746,0.2633551152358993,0.217534656446794,0.1765166859567901,0.3448554938559971,0.22916666666666666,0.15068376367058076,0.2529425340734607,0.1503813956741639,0.27240218303969665,0.21997858790830946,0.3092029805845502,0.1890688497063633,0.27240218303969665,0.2287671481770901,0.2633551152358993,0.15949767658507746,0.40835436280085524,0.1699534932063712,0.2970019774981305
56,24,0.11245737275760559,0.08303900576029001,0.1367691921279484,0.2467244829562821,0.1378496127013169,0.40835436280085524,0,False,7,0,0,0,0,0,0,1127,271,887,1347,1301,19,129,588,17,982,0,222,1075,7,16,594,934,872,1238,13,1060,1324,1320,1047,0.12346764441996876,0.11907257927731099,0.09727538721929309,0.12386981833196524,0.12386981833196524,0.08303900576029001,0.118576691578432,0.1237738957276961,0.10466522051521766,0.1367691921279484,0.1035931400515108,0.09935559799898627,0.11157962295600213,0.10665721553632469,0.11502525781691754,0.1262191815958423,0.10450531649803393,0.11184231787745666,0.11502525781691754,0.1159228691768886,0.118576691578432,0.08394752356266436,0.12346764441996876,0.10888005600650097,0.40835436280085524,0.18773331306194213,0.1735080224176476,0.32474218896624096,0.32474218896624096,0.146206203536321,0.2633551152358993,0.217534656446794,0.1765166859567901,0.3448554938559971,0.22916666666666666,0.15068376367058076,0.23186398956733895,0.1378496127013169,0.27240218303969665,0.21997858790830946,0.3092029805845502,0.17331311223083304,0.27240218303969665,0.2287671481770901,0.2633551152358993,0.15949767658507746,0.40835436280085524,0.2970019774981305
57,24,0.11558345962818668,0.08183509332571434,0.1367691921279484,0.2571177703735948,0.13402235324162756,0.457658165900784,0,False,7,0,0,0,0,0,0,1127,271,887,1347,1301,19,129,588,17,982,0,222,1075,7,16,594,934,1368,872,1238,13,1060,1320,1047,0.1343251794860824,0.11907257927731099,0.09727538721929309,0.12833364677751186,0.12386981833196524,0.08183509332571434,0.118576691578432,0.1237738957276961,0.10466522051521766,0.1367691921279484,0.1035931400515108,0.09935559799898627,0.11157962295600213,0.10665721553632469,0.11502525781691754,0.1262191815958423,0.10450531649803393,0.1343251794860824,0.11184231787745666,0.11502525781691754,0.1159228691768886,0.118576691578432,0.13094804085924988,0.11193063746066353,0.457658165900784,0.18773331306194213,0.1735080224176476,0.29768033988572085,0.32474218896624096,0.13402235324162756,0.2633551152358993,0.217534656446794,0.1765166859567901,0.3448554938559971,0.22916666666666666,0.15068376367058076,0.23186398956733895,0.1378496127013169,0.27240218303969665,0.21997858790830946,0.3092029805845502,0.457658165900784,0.17331311223083304,0.27240218303969665,0.2287671481770901,0.2633551152358993,0.37432483256745064,0.27225181270661963
58,24,0.11713874165855871,0.08183509332571434,0.14444440304102826,0.2558501633597296,0.13402235324162756,0.457658165900784,0,False,7,0,0,0,0,0,0,1399,271,887,1347,1301,19,129,1127,588,17,982,0,222,1075,7,16,594,934,1368,872,1238,1060,1320,1047,0.12765020286413425,0.11907257927731099,0.09727538721929309,0.13195434488107424,0.12386981833196524,0.08183509332571434,0.12075554333312966,0.1343251794860824,0.12765020286413425,0.10466522051521766,0.1367691921279484,0.1035931400515108,0.09935559799898627,0.11263204578791808,0.10665721553632469,0.11502525781691754,0.1262191815958423,0.10450531649803393,0.14444440304102826,0.11184231787745666,0.1174360600353262,0.118576691578432,0.13094804085924988,0.11427176690237803,0.28274010174289455,0.18773331306194213,0.1735080224176476,0.27287364489524407,0.32474218896624096,0.13402235324162756,0.24140885563290765,0.457658165900784,0.28274010174289455,0.1765166859567901,0.3448554938559971,0.22916666666666666,0.15068376367058076,0.21254199043672736,0.1378496127013169,0.27240218303969665,0.21997858790830946,0.3092029805845502,0.419519985409052,0.17331311223083304,0.24970200111972193,0.2633551152358993,0.37432483256745064,0.24956416164773465
59,24,0.11759732731571261,0.08037388244498453,0.14444440304102826,0.2508327913512711,0.12285382380482526,0.457658165900784,0,False,7,0,0,0,0,0,0,1399,271,887,1347,1301,19,129,1127,588,17,982,0,222,1075,7,16,594,934,1368,872,1238,1060,1320,1047,0.12765020286413425,0.11907257927731099,0.09727538721929309,0.13195434488107424,0.12386981833196524,0.08037388244498453,0.12222082819319828,0.1343251794860824,0.12765020286413425,0.10466522051521766,0.14249838835732362,0.1035931400515108,0.09935559799898627,0.11308074886823644,0.10486514577030491,0.11502525781691754,0.1262191815958423,0.10450531649803393,0.14444440304102826,0.11184231787745666,0.1174360600353262,0.118576691578432,0.13756419310793064,0.11427176690237803,0.28274010174289455,0.18773331306194213,0.1735080224176476,0.27287364489524407,0.32474218896624096,0.12285382380482526,0.221291450996832,0.457658165900784,0.28274010174289455,0.1765166859567901,0.316117536034664,0.22916666666666666,0.15068376367058076,0.1948301579003334,0.12636214497620715,0.27240218303969665,0.21997858790830946,0.3092029805845502,0.419519985409052,0.17331311223083304,0.24970200111972193,0.2633551152358993,0.34313109652016305,0.24956416164773465
60,24,0.11788647042085142,0.08037388244498453,0.14727731623278772,0.2474751493099214,0.12285382380482526,0.457658165900784,0,False,7,0,0,0,0,0,0,1399,271,887,1347,1301,19,129,1127,588,17,982,0,222,1075,7,16,594,934,1368,872,1238,1060,1320,1047,0.13070352435329863,0.11907257927731099,0.09727538721929309,0.13195434488107424,0.12386981833196524,0.08037388244498453,0.12222082819319828,0.1343251794860824,0.12765020286413425,0.10466522051521766,0.14727731623278772,0.1035931400515108,0.09935559799898627,0.1129694110905813,0.10486514577030491,0.11502525781691754,0.1262191815958423,0.10450531649803393,0.14444440304102826,0.11106084081381454,0.1174360600353262,0.118576691578432,0.13756419310793064,0.11427176690237803,0.25917842659765333,0.18773331306194213,0.1735080224176476,0.27287364489524407,0.32474218896624096,0.12285382380482526,0.221291450996832,0.457658165900784,0.28274010174289455,0.1765166859567901,0.28977440803177534,0.22916666666666666,0.15068376367058076,0.17859431140863893,0.12636214497620715,0.27240218303969665,0.21997858790830946,0.3092029805845502,0.419519985409052,0.15887035287826362,0.24970200111972193,0.2633551152358993,0.34313109652016305,0.24956416164773465
61,24,0.11851612363931718,0.08037388244498453,0.1510975151697974,0.2441046026088328,0.11583196622818988,0.457658165900784,0,False,7,0,0,0,0,0,0,1399,271,887,1347,1301,19,129,1127,588,1477,17,982,0,222,1075,7,16,594,934,1368,872,1060,1320,1047,0.13070352435329863,0.11907257927731099,0.0966009674141725,0.13195434488107424,0.12833364677751186,0.08037388244498453,0.12222082819319828,0.1343251794860824,0.13070352435329863,0.11524351771427506,0.10466522051521766,0.1510975151697974,0.1035931400515108,0.09935559799898627,0.11524351771427506,0.10277197960629048,0.11502525781691754,0.1269862419682493,0.10450531649803393,0.14444440304102826,0.11106084081381454,0.118576691578432,0.14325748277347386,0.11427176690237803,0.25917842659765333,0.18773331306194213,0.15904902054951028,0.27287364489524407,0.29768033988572085,0.12285382380482526,0.221291450996832,0.457658165900784,0.25917842659765333,0.24704478545791902,0.1765166859567901,0.26562654069579406,0.22916666666666666,0.15068376367058076,0.24704478545791902,0.11583196622818988,0.27240218303969665,0.20164703891595032,0.3092029805845502,0.419519985409052,0.15887035287826362,0.2633551152358993,0.3145368384768161,0.24956416164773465
62,24,0.11902221901436026,0.08037388244498453,0.1510975151697974,0.2381388737621124,0.11583196622818988,0.457658165900784,0,False,7,0,0,0,0,0,0,1399,271,887,1347,1301,19,129,1127,588,1477,17,982,0,222,1075,7,16,594,934,1368,872,1060,1320,1047,0.13294958382521005,0.11871912058276086,0.0966009674141725,0.13195434488107424,0.12833364677751186,0.08037388244498453,0.12300881461802755,0.1343251794860824,0.13294958382521005,0.11524351771427506,0.10466522051521766,0.1510975151697974,0.10449126110942733,0.09935559799898627,0.11682619222495004,0.10277197960629048,0.11502525781691754,0.1269862419682493,0.10450531649803393,0.14444440304102826,0.11106084081381454,0.118576691578432,0.14799632953181407,0.11427176690237803,0.2375802243811822,0.17208887030678027,0.15904902054951028,0.27287364489524407,0.29768033988572085,0.12285382380482526,0.202850496747096,0.457658165900784,0.2375802243811822,0.24704478545791902,0.1765166859567901,0.26562654069579406,0.21006944444444442,0.15068376367058076,0.22645772000309244,0.11583196622818988,0.27240218303969665,0.20164703891595032,0.3092029805845502,0.419519985409052,0.15887035287826362,0.2633551152358993,0.28832543527041476,0.24956416164773465
63,24,0.11925960851704091,0.07869221012755286,0.15397186564308374,0.2328826273944283,0.11261600515442316,0.457658165900784,0,False,7,0,0,0,0,0,0,1399,271,887,1347,1301,19,129,1127,588,1477,17,982,0,222,1075,7,16,594,934,1368,872,1060,1320,1047,0.13294958382521005,0.11871912058276086,0.0966009674141725,0.13195434488107424,0.12833364677751186,0.07869221012755286,0.12300881461802755,0.1343251794860824,0.13441861094743804,0.11524351771427506,0.10466522051521766,0.15397186564308374,0.1048349052634947,0.09935559799898627,0.11774966267165678,0.10277197960629048,0.11502525781691754,0.12710366787921756,0.10450531649803393,0.14444440304102826,0.11106084081381454,0.118576691578432,0.14799632953181407,0.1159228691768886,0.2375802243811822,0.17208887030678027,0.15904902054951028,0.27287364489524407,0.29768033988572085,0.11261600515442316,0.202850496747096,0.457658165900784,0.217781872349417,0.24704478545791902,0.1765166859567901,0.2434909956378112,0.19256365740740738,0.15068376367058076,0.20758624333616807,0.11583196622818988,0.27240218303969665,0.18484311900628778,0.3092029805845502,0.419519985409052,0.15887035287826362,0.2633551152358993,0.28832543527041476,0.2287671481770901
64,24,0.11982924771837371,0.07869221012755286,0.15397186564308374,0.2267468958650596,0.11261600515442316,0.457658165900784,0,False,7,0,0,0,0,0,0,1399,271,887,1347,1301,19,129,1127,588,1477,17,982,0,222,1075,7,16,594,934,1368,872,1060,1320,1047,0.13441861094743804,0.11871912058276086,0.09554350110886069,0.13195434488107424,0.13195434488107424,0.07869221012755286,0.12316407165027687,0.1343251794860824,0.13441861094743804,0.11524351771427506,0.10466522051521766,0.15397186564308374,0.1048349052634947,0.09935559799898627,0.11774966267165678,0.10277197960629048,0.1174360600353262,0.12710366787921756,0.10780109914829364,0.14444440304102826,0.11106084081381454,0.118576691578432,0.15177356954240503,0.1159228691768886,0.217781872349417,0.17208887030678027,0.14579493550371775,0.27287364489524407,0.27287364489524407,0.11261600515442316,0.18594628868483798,0.457658165900784,0.217781872349417,0.24704478545791902,0.1765166859567901,0.2434909956378112,0.19256365740740738,0.15068376367058076,0.20758624333616807,0.11583196622818988,0.24970200111972193,0.18484311900628778,0.28343606553583767,0.419519985409052,0.15887035287826362,0.2633551152358993,0.26429831566454687,0.2287671481770901
65,24,0.11856543070293062,0.07869221012755286,0.15397186564308374,0.22284763871315327,0.10617930237584072,0.419519985409052,0,False,7,0,0,0,0,0,0,1399,271,887,1347,1301,19,129,1127,588,1477,17,982,0,222,1075,7,16,594,934,1368,1570,872,1060,1047,0.13441861094743804,0.11871912058276086,0.09554350110886069,0.13195434488107424,0.13195434488107424,0.07869221012755286,0.12273701842596435,0.14444440304102826,0.1351523183534765,0.11524351771427506,0.10671004582080644,0.15397186564308374,0.10466522051521766,0.09935559799898627,0.11774966267165678,0.10042396400782698,0.1174360600353262,0.12710366787921756,0.11040116004903996,0.14444440304102826,0.10671004582080644,0.11106084081381454,0.12075554333312966,0.1159228691768886,0.217781872349417,0.17208887030678027,0.14579493550371775,0.27287364489524407,0.27287364489524407,0.11261600515442316,0.17045076462776815,0.419519985409052,0.1996333829869656,0.24704478545791902,0.24514029546039093,0.2434909956378112,0.1765166859567901,0.15068376367058076,0.20758624333616807,0.10617930237584072,0.24970200111972193,0.18484311900628778,0.2598163934078512,0.419519985409052,0.24514029546039093,0.15887035287826362,0.24140885563290765,0.2287671481770901
66,24,0.11897352862844784,0.07869221012755286,0.1559311188303199,0.2200392848362415,0.10617930237584072,0.419519985409052,0,False,7,0,0,0,0,0,0,1399,271,887,1347,1301,19,129,1127,588,1477,17,982,0,222,1075,7,16,594,934,1368,1570,872,1060,1047,0.13441861094743804,0.11871912058276086,0.09414745078963023,0.13195434488107424,0.13195434488107424,0.07869221012755286,0.12273701842596435,0.14444440304102826,0.1351523183534765,0.11524351771427506,0.10671004582080644,0.1559311188303199,0.10466522051521766,0.09935559799898627,0.11774966267165678,0.10042396400782698,0.1174360600353262,0.12710366787921756,0.11040116004903996,0.15367555038543662,0.10671004582080644,0.11106084081381454,0.12075554333312966,0.1159228691768886,0.217781872349417,0.17208887030678027,0.1336453575450746,0.27287364489524407,0.27287364489524407,0.11261600515442316,0.17045076462776815,0.419519985409052,0.1996333829869656,0.24704478545791902,0.24514029546039093,0.22320007933466027,0.1765166859567901,0.15068376367058076,0.20758624333616807,0.10617930237584072,0.24970200111972193,0.18484311900628778,0.2598163934078512,0.3845599866249643,0.24514029546039093,0.15887035287826362,0.24140885563290765,0.2287671481770901
67,24,0.11879602204115614,0.07869221012755286,0.15702036292733712,0.21648806570215226,0.097331027177854,0.419519985409052,0,False,7,0,0,0,0,0,0,1399,271,887,1347,1301,19,129,1127,588,1477,17,982,0,222,1075,7,16,594,934,1368,1570,872,1060,1047,0.13441861094743804,0.117849175619067,0.0924566325988641,0.13195434488107424,0.13195434488107424,0.07869221012755286,0.12273701842596435,0.14444440304102826,0.1351523183534765,0.11524351771427506,0.10671004582080644,0.15702036292733712,0.10466522051521766,0.09935559799898627,0.11774966267165678,0.09786464442635344,0.1174360600353262,0.12710366787921756,0.11040116004903996,0.15367555038543662,0.10671004582080644,0.10983958904541545,0.12075554333312966,0.11691480148920344,0.217781872349417,0.15774813111454858,0.12250824441631837,0.27287364489524407,0.27287364489524407,0.11261600515442316,0.17045076462776815,0.419519985409052,0.1996333829869656,0.24704478545791902,0.24514029546039093,0.20460007272343858,0.1765166859567901,0.15068376367058076,0.20758624333616807,0.097331027177854,0.24970200111972193,0.18484311900628778,0.2598163934078512,0.3845599866249643,0.24514029546039093,0.145631156805075,0.24140885563290765,0.2097032191623326
68,24,0.11898277720238133,0.076825108626211,0.15702036292733712,0.21275272351367555,0.097331027177854,0.419519985409052,0,False,7,0,0,0,0,0,0,1399,271,887,1347,1301,19,129,1127,588,1477,17,982,0,222,1075,7,16,594,934,1368,1570,872,1060,1047,0.1351523183534765,0.117849175619067,0.0924566325988641,0.13473775339180333,0.13473775339180333,0.076825108626211,0.12273701842596435,0.14444440304102826,0.13520101929672673,0.11524351771427506,0.10671004582080644,0.15702036292733712,0.10466522051521766,0.09935559799898627,0.11774966267165678,0.09786464442635344,0.1174360600353262,0.12710366787921756,0.11040116004903996,0.15367555038543662,0.10671004582080644,0.10983958904541545,0.12075554333312966,0.11691480148920344,0.1996333829869656,0.15774813111454858,0.12250824441631837,0.25013417448730707,0.25013417448730707,0.10323133805822123,0.17045076462776815,0.419519985409052,0.18299726773805178,0.24704478545791902,0.24514029546039093,0.20460007272343858,0.1765166859567901,0.15068376367058076,0.20758624333616807,0.097331027177854,0.24970200111972193,0.18484311900628778,0.2598163934078512,0.3845599866249643,0.24514029546039093,0.145631156805075,0.24140885563290765,0.2097032191623326
69,24,0.11882462306748809,0.07480541680346388,0.15702036292733712,0.20719365420267133,0.08922010824636616,0.419519985409052,0,False,7,0,0,0,0,0,0,1399,271,887,1347,1301,19,129,1127,588,1477,17,982,0,222,1075,7,16,594,934,1368,1570,872,1060,1047,0.1351523183534765,0.11651664771657044,0.0924566325988641,0.13473775339180333,0.1367063911316375,0.07480541680346388,0.12273701842596435,0.14444440304102826,0.13520101929672673,0.11524351771427506,0.10671004582080644,0.15702036292733712,0.10466522051521766,0.09803800054003031,0.11774966267165678,0.09513448183287261,0.1174360600353262,0.12710366787921756,0.11040116004903996,0.15367555038543662,0.10811783848274054,0.10822968401963232,0.12222082819319828,0.11728727179339195,0.1996333829869656,0.14460245352166953,0.12250824441631837,0.25013417448730707,0.22928965994669814,0.09462872655336946,0.17045076462776815,0.419519985409052,0.18299726773805178,0.24704478545791902,0.24514029546039093,0.20460007272343858,0.1765166859567901,0.13812678336469902,0.20758624333616807,0.08922010824636616,0.24970200111972193,0.18484311900628778,0.2598163934078512,0.3845599866249643,0.22471193750535834,0.13349522707131872,0.221291450996832,0.19222795089880487
70,24,0.118598592182512,0.07266352573202295,0.15702036292733712,0.205201164687652,0.08674299934058867,0.419519985409052,0,False,7,0,0,0,0,0,0,1399,271,887,1347,1301,19,129,1127,588,1477,17,982,0,222,1075,7,16,594,934,1368,1570,872,1060,1047,0.1351523183534765,0.11651664771657044,0.0924566325988641,0.13473775339180333,0.1367063911316375,0.07266352573202295,0.12273701842596435,0.14444440304102826,0.13520101929672673,0.11524351771427506,0.10671004582080644,0.15702036292733712,0.10466522051521766,0.09639823549227608,0.11805477145356758,0.09513448183287261,0.1174360600353262,0.12710366787921756,0.11040116004903996,0.15367555038543662,0.10811783848274054,0.10628149011749007,0.12222082819319828,0.11728727179339195,0.1996333829869656,0.14460245352166953,0.12250824441631837,0.25013417448730707,0.22928965994669814,0.08674299934058867,0.17045076462776815,0.419519985409052,0.18299726773805178,0.24704478545791902,0.24514029546039093,0.20460007272343858,0.1765166859567901,0.12661621808430742,0.19028738972482073,0.08922010824636616,0.24970200111972193,0.18484311900628778,0.2598163934078512,0.3845599866249643,0.22471193750535834,0.12237062481537549,0.221291450996832,0.19222795089880487
71,24,0.11881087952683517,0.07266352573202295,0.1619034892575736,0.20226267547177001,0.08178509922583564,0.419519985409052,0,False,7,0,0,0,0,0,0,1399,271,887,1347,1301,19,129,1127,588,1477,17,982,0,222,1075,7,16,594,934,1368,1570,872,1060,1047,0.1351523183534765,0.11651664771657044,0.0924566325988641,0.1367063911316375,0.1367063911316375,0.07266352573202295,0.12273701842596435,0.14444440304102826,0.13520101929672673,0.11524351771427506,0.10671004582080644,0.15702036292733712,0.10466522051521766,0.09639823549227608,0.11805477145356758,0.09227062403434283,0.1174360600353262,0.12710366787921756,0.11040116004903996,0.1619034892575736,0.10811783848274054,0.10404366756780507,0.12222082819319828,0.11728727179339195,0.1996333829869656,0.14460245352166953,0.12250824441631837,0.22928965994669814,0.22928965994669814,0.08674299934058867,0.17045076462776815,0.419519985409052,0.18299726773805178,0.24704478545791902,0.24514029546039093,0.20460007272343858,0.1765166859567901,0.12661621808430742,0.19028738972482073,0.08178509922583564,0.24970200111972193,0.18484311900628778,0.2598163934078512,0.35251332107288397,0.22471193750535834,0.11217307274742752,0.221291450996832,0.19222795089880487
72,24,0.11857561371479712,0.07266352573202295,0.1619034892575736,0.19756984181111428,0.07496967429034934,0.419519985409052,0,False,7,0,0,0,0,0,0,1399,271,887,1347,1301,19,129,1127,588,1477,17,982,0,222,1075,7,16,594,934,1368,1570,872,1060,1047,0.1351523183534765,0.11477580251679757,0.09051338986290787,0.13789634439750853,0.13789634439750853,0.07266352573202295,0.12273701842596435,0.14444440304102826,0.13520101929672673,0.11682619222495004,0.10671004582080644,0.15702036292733712,0.10466522051521766,0.09639823549227608,0.11805477145356758,0.08930680328859804,0.1174360600353262,0.12662382319016197,0.11040116004903996,0.1619034892575736,0.10811783848274054,0.10156246040700419,0.12222082819319828,0.11728727179339195,0.1996333829869656,0.1325522490615304,0.11229922404829183,0.2101821882844733,0.2101821882844733,0.08674299934058867,0.17045076462776815,0.419519985409052,0.18299726773805178,0.22645772000309244,0.24514029546039093,0.20460007272343858,0.1765166859567901,0.12661621808430742,0.19028738972482073,0.07496967429034934,0.24970200111972193,0.1694395257557638,0.2598163934078512,0.35251332107288397,0.22471193750535834,0.10282531668514189,0.221291450996832,0.19222795089880487
73,24,0.11817306740735711,0.07266352573202295,0.1619034892575736,0.19461656015216808,0.06872220143282022,0.419519985409052,0,False,7,0,0,0,0,0,0,1399,271,887,1347,1301,19,129,1127,588,1477,17,982,0,222,1075,7,16,594,934,1368,1570,872,1060,1047,0.1351523183534765,0.11268000977249375,0.09051338986290787,0.13789634439750853,0.13789634439750853,0.07266352573202295,0.12178174240613031,0.14444440304102826,0.13520101929672673,0.11682619222495004,0.10671004582080644,0.15702036292733712,0.10402719351425245,0.09448079692041042,0.11805477145356758,0.08627333452219214,0.1174360600353262,0.12560271491497677,0.11040116004903996,0.1619034892575736,0.10811783848274054,0.10156246040700419,0.12222082819319828,0.11728727179339195,0.1996333829869656,0.12150622830640287,0.11229922404829183,0.2101821882844733,0.2101821882844733,0.08674299934058867,0.1562465342421208,0.419519985409052,0.18299726773805178,0.22645772000309244,0.24514029546039093,0.20460007272343858,0.16180696212705759,0.1160648665772818,0.19028738972482073,0.06872220143282022,0.24970200111972193,0.15531956527611682,0.2598163934078512,0.35251332107288397,0.22471193750535834,0.10282531668514189,0.221291450996832,0.19222795089880487
74,24,0.11808975142480153,0.07266352573202295,0.1619034892575736,0.1915160065057032,0.06299535131341853,0.419519985409052,0,False,7,0,0,0,0,0,0,1399,271,887,1347,1301,19,129,1127,588,1477,17,982,0,222,1075,7,16,594,934,1368,1570,872,1060,1047,0.1351523183534765,0.11268000977249375,0.09051338986290787,0.13789634439750853,0.1383542180251654,0.07266352573202295,0.12178174240613031,0.14444440304102826,0.1346209870074927,0.11774966267165678,0.10671004582080644,0.1572956108101781,0.10402719351425245,0.09448079692041042,0.11805477145356758,0.08319719127288742,0.1174360600353262,0.12560271491497677,0.11040116004903996,0.1619034892575736,0.10811783848274054,0.10156246040700419,0.12222082819319828,0.11728727179339195,0.1996333829869656,0.12150622830640287,0.11229922404829183,0.2101821882844733,0.19266700592743385,0.08674299934058867,0.1562465342421208,0.419519985409052,0.16774749542654746,0.20758624333616807,0.24514029546039093,0.18755006666315202,0.16180696212705759,0.1160648665772818,0.19028738972482073,0.06299535131341853,0.24970200111972193,0.15531956527611682,0.2598163934078512,0.35251332107288397,0.22471193750535834,0.10282531668514189,0.221291450996832,0.19222795089880487
75,24,0.11770535379083995,0.07042723613996742,0.1619034892575736,0.19006485231594175,0.06299535131341853,0.419519985409052,0,False,7,0,0,0,0,0,0,1399,271,887,1347,1301,19,129,1127,588,1477,17,982,0,222,1075,7,16,594,934,1368,1570,872,1060,1047,0.1351523183534765,0.11268000977249375,0.0883579713439892,0.13789634439750853,0.1383542180251654,0.07042723613996742,0.12178174240613031,0.14444440304102826,0.1346209870074927,0.11774966267165678,0.10671004582080644,0.1572956108101781,0.10402719351425245,0.09232823140876828,0.11805477145356758,0.08319719127288742,0.1174360600353262,0.12560271491497677,0.11040116004903996,0.1619034892575736,0.10811783848274054,0.09888119081454227,0.12222082819319828,0.11728727179339195,0.1996333829869656,0.12150622830640287,0.10294095537760084,0.2101821882844733,0.19266700592743385,0.07951441606220627,0.1562465342421208,0.419519985409052,0.16774749542654746,0.20758624333616807,0.24514029546039093,0.18755006666315202,0.16180696212705759,0.10639279436250831,0.19028738972482073,0.06299535131341853,0.24970200111972193,0.15531956527611682,0.2598163934078512,0.35251332107288397,0.22471193750535834,0.09425654029471339,0.221291450996832,0.19222795089880487
76,24,0.11772352665488499,0.07042723613996742,0.1619034892575736,0.18657716386581882,0.06299535131341853,0.419519985409052,0,False,7,0,0,0,0,0,0,1399,271,887,1347,1301,19,129,1127,588,1477,17,982,0,222,1075,7,16,594,934,1368,1570,872,1060,1047,0.13520101929672673,0.11268000977249375,0.0883579713439892,0.13789634439750853,0.1383542180251654,0.07042723613996742,0.12178174240613031,0.14444440304102826,0.1346209870074927,0.11805477145356758,0.10811783848274054,0.1572956108101781,0.10296794405545209,0.09232823140876828,0.11778856726235391,0.08319719127288742,0.1174360600353262,0.12560271491497677,0.11040116004903996,0.1619034892575736,0.10811783848274054,0.09888119081454227,0.12222082819319828,0.11728727179339195,0.18299726773805178,0.12150622830640287,0.10294095537760084,0.2101821882844733,0.19266700592743385,0.07951441606220627,0.1562465342421208,0.419519985409052,0.16774749542654746,0.19028738972482073,0.22471193750535834,0.18755006666315202,0.14832304861646944,0.10639279436250831,0.17443010724775232,0.06299535131341853,0.24970200111972193,0.15531956527611682,0.2598163934078512,0.35251332107288397,0.22471193750535834,0.09425654029471339,0.221291450996832,0.19222795089880487
77,24,0.11745336726148543,0.06812170662682447,0.1619034892575736,0.18406467475988766,0.06299535131341853,0.419519985409052,0,False,7,0,0,0,0,0,0,1399,271,887,1347,1301,19,129,1127,588,1477,17,982,0,222,1075,7,16,594,934,1368,1570,872,1060,1047,0.13520101929672673,0.11268000977249375,0.08602808931118848,0.13789634439750853,0.1381342777828458,0.06812170662682447,0.12035411880508215,0.14444440304102826,0.1346209870074927,0.11805477145356758,0.10811783848274054,0.1572956108101781,0.10296794405545209,0.09232823140876828,0.11778856726235391,0.08319719127288742,0.1174360600353262,0.12560271491497677,0.11040116004903996,0.1619034892575736,0.10811783848274054,0.09888119081454227,0.12222082819319828,0.11708642174111406,0.18299726773805178,0.12150622830640287,0.09436254242946743,0.2101821882844733,0.17661142210014769,0.07288821472368907,0.14322598972194406,0.419519985409052,0.16774749542654746,0.19028738972482073,0.22471193750535834,0.18755006666315202,0.14832304861646944,0.10639279436250831,0.17443010724775232,0.06299535131341853,0.24970200111972193,0.15531956527611682,0.2598163934078512,0.35251332107288397,0.22471193750535834,0.09425654029471339,0.221291450996832,0.17620895499057113
78,24,0.11698058630854824,0.06576947350569028,0.1619034892575736,0.17885068196546886,0.05774573870396699,0.419519985409052,0,False,7,0,0,0,0,0,0,1399,271,887,1347,1301,19,129,1127,588,1477,17,982,0,222,1075,7,16,594,934,1368,1570,872,1060,1047,0.13520101929672673,0.11028075900772821,0.08355863127594569,0.13789634439750853,0.13729587038741864,0.06576947350569028,0.12035411880508215,0.14444440304102826,0.13347211794723224,0.11805477145356758,0.10891920000450366,0.1572956108101781,0.10296794405545209,0.08998061322743901,0.11778856726235391,0.0801021395122913,0.11913748244006257,0.12560271491497677,0.11040116004903996,0.1619034892575736,0.10891920000450366,0.09888119081454227,0.12222082819319828,0.11708642174111406,0.18299726773805178,0.1113807092808693,0.0864989972270118,0.2101821882844733,0.16189380359180203,0.06681419683004831,0.14322598972194406,0.419519985409052,0.15376853747433517,0.19028738972482073,0.20598594271324513,0.18755006666315202,0.14832304861646944,0.09752672816563261,0.17443010724775232,0.05774573870396699,0.22889350102641176,0.15531956527611682,0.2598163934078512,0.35251332107288397,0.20598594271324513,0.09425654029471339,0.221291450996832,0.17620895499057113
79,24,0.11646059611865034,0.06339052537587887,0.1619034892575736,0.17652941669702793,0.052933593811969736,0.419519985409052,0,False,7,0,0,0,0,0,0,1399,271,887,1347,1301,19,129,1127,588,1477,17,982,0,222,1075,7,16,594,934,1368,1570,872,1060,1047,0.13520101929672673,0.11028075900772821,0.08355863127594569,0.13789634439750853,0.1359011705778983,0.06339052537587887,0.12035411880508215,0.14444440304102826,0.13347211794723224,0.11778856726235391,0.10891920000450366,0.1572956108101781,0.10296794405545209,0.08747518884754697,0.11778856726235391,0.07700891253338427,0.11913748244006257,0.12560271491497677,0.11040116004903996,0.1619034892575736,0.10891920000450366,0.09603992974633728,0.12222082819319828,0.11708642174111406,0.18299726773805178,0.1113807092808693,0.0864989972270118,0.2101821882844733,0.1484026532924852,0.06124634709421095,0.14322598972194406,0.419519985409052,0.15376853747433517,0.17443010724775232,0.20598594271324513,0.18755006666315202,0.14832304861646944,0.08939950081849656,0.17443010724775232,0.052933593811969736,0.22889350102641176,0.15531956527611682,0.2598163934078512,0.35251332107288397,0.20598594271324513,0.08640182860348727,0.221291450996832,0.17620895499057113
80,24,0.11747601243635312,0.06339052537587887,0.1619034892575736,0.18314278557902686,0.052933593811969736,0.419519985409052,0,False,7,0,0,0,0,0,0,1399,271,887,1347,1301,19,129,1127,588,1477,17,982,0,222,1075,7,16,1926,594,934,1368,1570,1060,1047,0.1346209870074927,0.11028075900772821,0.08098149965415678,0.13789634439750853,0.1359011705778983,0.06339052537587887,0.12156660883123992,0.14444440304102826,0.13347211794723224,0.11778856726235391,0.10891920000450366,0.1572956108101781,0.10296794405545209,0.08747518884754697,0.11778856726235391,0.07700891253338427,0.11913748244006257,0.12156660883123992,0.12560271491497677,0.11040116004903996,0.1619034892575736,0.10891920000450366,0.12300881461802755,0.11708642174111406,0.16774749542654746,0.1113807092808693,0.07929074745809415,0.2101821882844733,0.1484026532924852,0.06124634709421095,0.21462382391178206,0.419519985409052,0.15376853747433517,0.17443010724775232,0.20598594271324513,0.18755006666315202,0.14832304861646944,0.08939950081849656,0.17443010724775232,0.052933593811969736,0.22889350102641176,0.21462382391178206,0.15531956527611682,0.2598163934078512,0.35251332107288397,0.20598594271324513,0.202850496747096,0.17620895499057113
81,24,0.11737650795755855,0.061002417884809326,0.1619034892575736,0.1829301246516164,0.052933593811969736,0.419519985409052,0,False,7,0,0,0,0,0,0,1399,271,887,1347,1301,19,129,1127,588,1477,17,982,0,222,1075,7,16,1926,594,934,1368,1570,1060,1047,0.1346209870074927,0.11028075900772821,0.08098149965415678,0.13789634439750853,0.1359011705778983,0.061002417884809326,0.12156660883123992,0.14444440304102826,0.13347211794723224,0.11778856726235391,0.10891920000450366,0.1572956108101781,0.10296794405545209,0.08747518884754697,0.11778856726235391,0.07700891253338427,0.11913748244006257,0.12156660883123992,0.12560271491497677,0.11040116004903996,0.1619034892575736,0.10891920000450366,0.12300881461802755,0.11708642174111406,0.16774749542654746,0.1113807092808693,0.07929074745809415,0.2101821882844733,0.1484026532924852,0.056142484836360036,0.21462382391178206,0.419519985409052,0.15376853747433517,0.17443010724775232,0.20598594271324513,0.18755006666315202,0.14832304861646944,0.08939950081849656,0.17443010724775232,0.052933593811969736,0.22889350102641176,0.21462382391178206,0.15531956527611682,0.2598163934078512,0.35251332107288397,0.20598594271324513,0.202850496747096,0.17620895499057113
82,24,0.11709382808290214,0.061002417884809326,0.1619034892575736,0.18040953666193094,0.052933593811969736,0.419519985409052,0,False,7,0,0,0,0,0,0,1399,271,887,1347,1301,19,129,1127,588,1477,17,982,0,222,1075,7,16,1926,594,934,1368,1570,1060,1047,0.1346209870074927,0.11028075900772821,0.0783255551605031,0.13789634439750853,0.1340132751056557,0.061002417884809326,0.12156660883123992,0.14444440304102826,0.13347211794723224,0.11778856726235391,0.10891920000450366,0.1572956108101781,0.10296794405545209,0.08484616383586739,0.11778856726235391,0.07700891253338427,0.11913748244006257,0.12156660883123992,0.12560271491497677,0.11040116004903996,0.1619034892575736,0.10915249095807623,0.12316407165027687,0.11708642174111406,0.16774749542654746,0.1113807092808693,0.07268318516991965,0.2101821882844733,0.13603576551811142,0.056142484836360036,0.21462382391178206,0.419519985409052,0.15376853747433517,0.17443010724775232,0.20598594271324513,0.18755006666315202,0.14832304861646944,0.08194954241695518,0.17443010724775232,0.052933593811969736,0.22889350102641176,0.21462382391178206,0.15531956527611682,0.2598163934078512,0.35251332107288397,0.18882044748714136,0.18594628868483798,0.17620895499057113
83,24,0.11796709310848497,0.05862041644603492,0.1619034892575736,0.19169882143790887,0.05146394443333003,0.419519985409052,0,False,7,0,0,0,0,0,0,1399,271,887,1347,1301,19,129,1127,588,1477,17,982,1998,16,1926,594,934,1368,0,222,1075,7,2009,1047,0.1346209870074927,0.11028075900772821,0.07561664197762029,0.13789634439750853,0.1340132751056557,0.05862041644603492,0.1252716130142895,0.14444440304102826,0.13347211794723224,0.11778856726235391,0.10891920000450366,0.1572956108101781,0.1252716130142895,0.11913748244006257,0.1252716130142895,0.12409807414650866,0.1123184042668279,0.1619034892575736,0.10296794405545209,0.08484616383586739,0.11778856726235391,0.07700891253338427,0.1252716130142895,0.11708642174111406,0.16774749542654746,0.1113807092808693,0.06662625307242634,0.2101821882844733,0.13603576551811142,0.05146394443333003,0.2800718385858002,0.419519985409052,0.15376853747433517,0.17443010724775232,0.20598594271324513,0.18755006666315202,0.2800718385858002,0.22889350102641176,0.2800718385858002,0.14237626816977375,0.23816502729053024,0.35251332107288397,0.14832304861646944,0.08194954241695518,0.17443010724775232,0.052933593811969736,0.2800718385858002,0.17620895499057113
84,24,0.11756122276700733,0.05862041644603492,0.1619034892575736,0.19467485028058618,0.05146394443333003,0.419519985409052,0,False,8,0,0,0,0,0,0,1399,271,887,2018,1347,1301,19,129,1127,588,1477,17,982,1998,16,1926,594,934,1368,0,1075,7,2009,1047,0.1346209870074927,0.11028075900772821,0.07475718427122453,0.07475718427122453,0.13789634439750853,0.1340132751056557,0.05862041644603492,0.1252716130142895,0.14444440304102826,0.13347211794723224,0.11778856726235391,0.10891920000450366,0.1572956108101781,0.1252716130142895,0.1201611741407945,0.1252716130142895,0.12216775681231185,0.1123184042668279,0.1619034892575736,0.10296794405545209,0.11700214170662401,0.07700891253338427,0.12817221327906003,0.11708642174111406,0.16774749542654746,0.1113807092808693,0.14440739864972416,0.14440739864972416,0.2101821882844733,0.13603576551811142,0.05146394443333003,0.2800718385858002,0.419519985409052,0.15376853747433517,0.17443010724775232,0.20598594271324513,0.18755006666315202,0.2800718385858002,0.2098190426075441,0.2800718385858002,0.13051157915562595,0.23816502729053024,0.35251332107288397,0.14832304861646944,0.1598942649771063,0.052933593811969736,0.25673251870365016,0.17620895499057113
85,24,0.11778023629602354,0.05862041644603492,0.1619034892575736,0.19221191872363652,0.05146394443333003,0.3845599866249643,0,False,8,0,0,0,0,0,0,1399,271,887,2018,1347,1301,19,129,1127,588,1477,17,982,1998,16,1926,594,934,1368,0,1075,7,2009,1047,0.1346209870074927,0.11028075900772821,0.07475718427122453,0.07475718427122453,0.13789634439750853,0.1316946410965806,0.05862041644603492,0.1252716130142895,0.15367555038543662,0.13181592930828784,0.11778856726235391,0.10891920000450366,0.1572956108101781,0.1252716130142895,0.1201611741407945,0.1252716130142895,0.12216775681231185,0.1123184042668279,0.1619034892575736,0.10296794405545209,0.11700214170662401,0.07700891253338427,0.12817221327906003,0.11708642174111406,0.16774749542654746,0.1113807092808693,0.14440739864972416,0.14440739864972416,0.2101821882844733,0.12469945172493546,0.05146394443333003,0.2800718385858002,0.3845599866249643,0.14095449268480723,0.17443010724775232,0.20598594271324513,0.18755006666315202,0.2800718385858002,0.2098190426075441,0.2800718385858002,0.13051157915562595,0.23816502729053024,0.35251332107288397,0.14832304861646944,0.1598942649771063,0.052933593811969736,0.25673251870365016,0.17620895499057113
86,24,0.12004562308315979,0.05625765684368495,0.1619034892575736,0.19763127223337038,0.047175282397219194,0.3845599866249643,0,False,8,0,0,0,0,0,0,1399,271,887,2018,1347,1301,19,129,1127,588,1477,17,2073,982,1998,16,1926,594,934,1368,0,1075,2009,1047,0.1346209870074927,0.10762692241564843,0.07475718427122453,0.07475718427122453,0.13789634439750853,0.12900585034737314,0.05625765684368495,0.12817221327906003,0.15367555038543662,0.13305920654582407,0.11778856726235391,0.10915249095807623,0.13305920654582407,0.1572956108101781,0.1252716130142895,0.1201611741407945,0.12817221327906003,0.12216775681231185,0.1123184042668279,0.1619034892575736,0.10296794405545209,0.11574874880844126,0.12817221327906003,0.11708642174111406,0.16774749542654746,0.10209898350746352,0.14440739864972416,0.14440739864972416,0.2101821882844733,0.1143078307478575,0.047175282397219194,0.25673251870365016,0.3845599866249643,0.21254161829440663,0.17443010724775232,0.18882044748714136,0.21254161829440663,0.18755006666315202,0.2800718385858002,0.2098190426075441,0.25673251870365016,0.13051157915562595,0.23816502729053024,0.35251332107288397,0.14832304861646944,0.14656974289568075,0.25673251870365016,0.17620895499057113
87,24,0.12350734267442141,0.05392531561362066,0.17340747811700044,0.208679353734374,0.04324400886411759,0.4064705443168103,0,False,8,0,0,0,0,0,0,1399,2088,887,2018,1347,1301,19,129,1127,271,588,1477,17,2073,982,2107,1998,16,1926,594,934,1368,0,1047,0.13691435230344717,0.13691435230344717,0.07475718427122453,0.07475718427122453,0.1383542180251654,0.12900585034737314,0.05392531561362066,0.13028548707971457,0.15367555038543662,0.10762692241564843,0.13305920654582407,0.11700214170662401,0.10915249095807623,0.13358927334048767,0.1572956108101781,0.17340747811700044,0.12817221327906003,0.1201611741407945,0.12817221327906003,0.12216775681231185,0.1123184042668279,0.17340747811700044,0.10296794405545209,0.11708642174111406,0.2371018708076685,0.2371018708076685,0.14440739864972416,0.14440739864972416,0.19266700592743385,0.1143078307478575,0.04324400886411759,0.23533814214501264,0.3845599866249643,0.10209898350746352,0.21254161829440663,0.1598942649771063,0.18882044748714136,0.19482981676987274,0.18755006666315202,0.4064705443168103,0.25673251870365016,0.2098190426075441,0.25673251870365016,0.13051157915562595,0.23816502729053024,0.4064705443168103,0.14832304861646944,0.17620895499057113
88,24,0.12416458394202882,0.05392531561362066,0.17340747811700044,0.20668521130010134,0.04324400886411759,0.4064705443168103,0,False,8,0,0,0,0,0,0,1399,2088,887,2018,1347,1301,19,129,1127,271,588,1477,17,2073,982,2107,1998,16,1926,594,934,1368,0,2123,0.13840864246770587,0.13840864246770587,0.0736362333412029,0.07475718427122453,0.1383542180251654,0.12900585034737314,0.05392531561362066,0.13164238110616427,0.1619034892575736,0.10762692241564843,0.13305920654582407,0.11873389901033457,0.10915249095807623,0.1334577303950648,0.1572956108101781,0.17340747811700044,0.12817221327906003,0.1201611741407945,0.13028548707971457,0.11986845426747705,0.1135780695089953,0.17340747811700044,0.10296794405545209,0.11873389901033457,0.21734338157369612,0.21734338157369612,0.13237344876224713,0.14440739864972416,0.19266700592743385,0.1143078307478575,0.04324400886411759,0.2157266302995949,0.35251332107288397,0.10209898350746352,0.21254161829440663,0.2299030762290141,0.18882044748714136,0.17859399870571666,0.18755006666315202,0.4064705443168103,0.25673251870365016,0.2098190426075441,0.23533814214501264,0.11963561422599045,0.21831794168298604,0.4064705443168103,0.14832304861646944,0.2299030762290141
89,24,0.12397568538569759,0.051632783819744,0.17340747811700044,0.20071858243179688,0.03964034145877446,0.4064705443168103,0,False,8,0,0,0,0,0,0,1399,2088,887,2018,1347,1301,19,129,1127,271,588,1477,17,2073,982,2107,1998,16,1926,594,934,1368,0,2123,0.13840864246770587,0.13840864246770587,0.07228802400245267,0.0736362333412029,0.1383542180251654,0.12600467078360877,0.051632783819744,0.13164238110616427,0.1619034892575736,0.10762692241564843,0.13358927334048767,0.11978799111551786,0.10886162249047339,0.1334577303950648,0.1568206405207643,0.17340747811700044,0.12817221327906003,0.1201611741407945,0.13164238110616427,0.11986845426747705,0.1135780695089953,0.17340747811700044,0.10296794405545209,0.11978799111551786,0.21734338157369612,0.21734338157369612,0.12134232803205987,0.13237344876224713,0.19266700592743385,0.10478217818553603,0.03964034145877446,0.2157266302995949,0.35251332107288397,0.10209898350746352,0.19482981676987274,0.21074448654326292,0.17308541019654625,0.17859399870571666,0.1719208944412227,0.4064705443168103,0.25673251870365016,0.2098190426075441,0.2157266302995949,0.11963561422599045,0.21831794168298604,0.4064705443168103,0.14832304861646944,0.21074448654326292
90,24,0.12365357909161623,0.04938783933291765,0.17340747811700044,0.20366929407585785,0.03633697967054325,0.4064705443168103,0,False,7,0,0,0,0,0,0,1399,2088,887,2018,1347,1301,2180,1127,271,588,1477,17,19,129,2107,1998,16,1926,594,934,1368,2073,982,0,0.13840864246770587,0.13840864246770587,0.07228802400245267,0.07228802400245267,0.1383542180251654,0.12274538047548411,0.11716076872407266,0.1619034892575736,0.10476423433300422,0.13358927334048767,0.11978799111551786,0.10886162249047339,0.04938783933291765,0.13164238110616427,0.17340747811700044,0.12817221327906003,0.12054789749162946,0.1322847620900903,0.11986845426747705,0.11716076872407266,0.17340747811700044,0.1334577303950648,0.1568206405207643,0.10296794405545209,0.21734338157369612,0.21734338157369612,0.12134232803205987,0.12134232803205987,0.19266700592743385,0.09605033000340803,0.28345811320940384,0.35251332107288397,0.09359073488184155,0.19482981676987274,0.21074448654326292,0.17308541019654625,0.03633697967054325,0.2157266302995949,0.4064705443168103,0.25673251870365016,0.19233412239024875,0.197749411107962,0.11963561422599045,0.28345811320940384,0.4064705443168103,0.17859399870571666,0.1719208944412227,0.14832304861646944
91,24,0.1234071849601744,0.047196813977059764,0.17340747811700044,0.20003423408584609,0.03330889803133131,0.4064705443168103,0,False,7,0,0,0,0,0,0,1399,2088,887,2018,1347,1301,2180,1127,271,588,1477,17,19,129,2107,1998,16,1926,594,934,1368,2073,982,0,0.13914703815561622,0.13840864246770587,0.07074557596363795,0.07074557596363795,0.1383542180251654,0.1192783172458331,0.11716076872407266,0.1619034892575736,0.10476423433300422,0.13358927334048767,0.11978799111551786,0.10886162249047339,0.047196813977059764,0.13164238110616427,0.17340747811700044,0.13028548707971457,0.12054789749162946,0.13226261811006004,0.11986845426747705,0.11716076872407266,0.17340747811700044,0.1334577303950648,0.1568206405207643,0.10296794405545209,0.19923143310922142,0.21734338157369612,0.11123046736272155,0.11123046736272155,0.19266700592743385,0.08804613583645736,0.28345811320940384,0.35251332107288397,0.09359073488184155,0.19482981676987274,0.21074448654326292,0.17308541019654625,0.03330889803133131,0.2157266302995949,0.4064705443168103,0.23533814214501264,0.19233412239024875,0.18127029351563181,0.11963561422599045,0.28345811320940384,0.4064705443168103,0.17859399870571666,0.1719208944412227,0.14832304861646944
92,24,0.12354330144443394,0.045064752948457035,0.17340747811700044,0.20277831910166935,0.030533156528720365,0.4064705443168103,0,False,6,0,0,0,0,0,0,1399,2088,887,2212,1301,2180,1127,271,588,2018,1347,17,19,129,2107,1998,16,1477,594,934,1368,2073,982,0,0.1391815081814876,0.13914703815561622,0.07074557596363795,0.1416967488372351,0.11564961708130814,0.11716076872407266,0.1619034892575736,0.10476423433300422,0.13358927334048767,0.0690402231146589,0.1416967488372351,0.10886162249047339,0.045064752948457035,0.13164238110616427,0.17340747811700044,0.13028548707971457,0.12034504248958795,0.11978799111551786,0.11725469168082772,0.11716076872407266,0.17340747811700044,0.1334577303950648,0.1568206405207643,0.10296794405545209,0.18262881368345296,0.19923143310922142,0.11123046736272155,0.25994475543348106,0.08070895785008592,0.28345811320940384,0.35251332107288397,0.09359073488184155,0.19482981676987274,0.10196126174916141,0.25994475543348106,0.17308541019654625,0.030533156528720365,0.2157266302995949,0.4064705443168103,0.23533814214501264,0.176306278857728,0.21074448654326292,0.10966597970715791,0.28345811320940384,0.4064705443168103,0.17859399870571666,0.1719208944412227,0.14832304861646944
93,24,0.12495310265050223,0.04299556476158305,0.17340747811700044,0.20727660588327815,0.027988726817993668,0.4064705443168103,0,False,6,0,0,0,0,0,0,1399,2088,887,2212,1301,2180,1127,271,588,2018,1347,2232,17,19,129,2107,1998,16,1477,594,934,1368,2073,982,0.14214380847447816,0.13914703815561622,0.0690402231146589,0.1416967488372351,0.1119011064765731,0.11716076872407266,0.1619034892575736,0.10476423433300422,0.13358927334048767,0.06720128148295282,0.1416967488372351,0.14214380847447816,0.10886162249047339,0.04299556476158305,0.1322847620900903,0.17340747811700044,0.13028548707971457,0.12034504248958795,0.12020466763750771,0.11725469168082772,0.11716076872407266,0.17340747811700044,0.1334577303950648,0.1568206405207643,0.25074307920983185,0.19923143310922142,0.10196126174916141,0.25994475543348106,0.07398321136257875,0.28345811320940384,0.35251332107288397,0.09359073488184155,0.19482981676987274,0.09346448993673129,0.25994475543348106,0.25074307920983185,0.17308541019654625,0.027988726817993668,0.197749411107962,0.4064705443168103,0.23533814214501264,0.176306278857728,0.193182445997991,0.10966597970715791,0.28345811320940384,0.4064705443168103,0.17859399870571666,0.1719208944412227
94,24,0.12492664295605638,0.04099216065133306,0.17340747811700044,0.2050160202953143,0.025656332916494193,0.4064705443168103,0,False,6,0,0,0,0,0,0,1399,2088,887,2212,1301,2180,1127,271,588,2018,1347,2232,17,19,129,2107,1998,16,1477,594,934,1368,2073,982,0.14214380847447816,0.1391815081814876,0.0690402231146589,0.1416967488372351,0.1119011064765731,0.11716076872407266,0.1619034892575736,0.10476423433300422,0.13358927334048767,0.06720128148295282,0.1416967488372351,0.14424525411645667,0.10809407826617351,0.04099216065133306,0.1322847620900903,0.17340747811700044,0.13028548707971457,0.12034504248958795,0.12020466763750771,0.11725469168082772,0.11716076872407266,0.17340747811700044,0.1334577303950648,0.1568206405207643,0.25074307920983185,0.18262881368345296,0.10196126174916141,0.25994475543348106,0.07398321136257875,0.28345811320940384,0.35251332107288397,0.09359073488184155,0.19482981676987274,0.09346448993673129,0.25994475543348106,0.22984782260901251,0.15866162601350073,0.025656332916494193,0.197749411107962,0.4064705443168103,0.23533814214501264,0.176306278857728,0.193182445997991,0.10966597970715791,0.28345811320940384,0.4064705443168103,0.17859399870571666,0.1719208944412227
95,24,0.1246511937734587,0.03905658289145752,0.17340747811700044,0.20098692568144785,0.02351830517345301,0.4064705443168103,0,False,6,0,0,0,0,0,0,1399,2088,887,2212,1301,2180,1127,271,588,2018,1347,2232,17,19,129,2107,1998,16,1477,594,934,1368,2073,982,0.14214380847447816,0.1391815081814876,0.06720128148295282,0.14416266028289434,0.1119011064765731,0.11716076872407266,0.1619034892575736,0.10173495532848358,0.1334577303950648,0.0652558353450917,0.1416967488372351,0.14424525411645667,0.10809407826617351,0.03905658289145752,0.13226261811006004,0.17340747811700044,0.13028548707971457,0.12034504248958795,0.12003090726892068,0.11725469168082772,0.11716076872407266,0.17340747811700044,0.1334577303950648,0.1568206405207643,0.25074307920983185,0.18262881368345296,0.09346448993673129,0.23828269248069095,0.07398321136257875,0.28345811320940384,0.35251332107288397,0.08579150697502141,0.17859399870571666,0.08567578244200368,0.25994475543348106,0.22984782260901251,0.15866162601350073,0.02351830517345301,0.18127029351563181,0.4064705443168103,0.23533814214501264,0.176306278857728,0.17708390883149175,0.10966597970715791,0.28345811320940384,0.4064705443168103,0.17859399870571666,0.1719208944412227
96,24,0.12427686883150606,0.037190121894919805,0.17340747811700044,0.19660666848676076,0.02155844640899859,0.4064705443168103,0,False,6,0,0,0,0,0,0,1399,2088,887,2212,1301,2180,1127,271,588,2018,1347,2232,17,19,129,2107,1998,16,1477,594,934,1368,2073,982,0.14214380847447816,0.1391815081814876,0.0652558353450917,0.14416266028289434,0.10807031685748941,0.11716076872407266,0.1619034892575736,0.09857768960655056,0.1334577303950648,0.06322862142276715,0.14416266028289434,0.14424525411645667,0.10809407826617351,0.037190121894919805,0.13226261811006004,0.17340747811700044,0.13028548707971457,0.12034504248958795,0.11931816798937639,0.11725469168082772,0.11998731699898406,0.17340747811700044,0.13272138774491507,0.1568206405207643,0.25074307920983185,0.18262881368345296,0.08567578244200368,0.23828269248069095,0.06781794374903052,0.28345811320940384,0.35251332107288397,0.07864221472710296,0.17859399870571666,0.07853613390517003,0.23828269248069095,0.22984782260901251,0.15866162601350073,0.02155844640899859,0.18127029351563181,0.4064705443168103,0.23533814214501264,0.176306278857728,0.16232691642886743,0.10966597970715791,0.25983660377528683,0.4064705443168103,0.16371116548024026,0.1719208944412227
97,24,0.12423809214649277,0.03539342226492309,0.17340747811700044,0.191832928514706,0.019761909208248708,0.4064705443168103,0,False,6,0,0,0,0,0,0,1399,2088,887,2212,1301,2180,1127,271,588,2018,1347,2232,17,19,129,2107,1998,16,1477,594,934,1368,2073,982,0.14424525411645667,0.13857009766314077,0.06322862142276715,0.14416266028289434,0.10807031685748941,0.11998731699898406,0.1619034892575736,0.09857768960655056,0.1334577303950648,0.06322862142276715,0.14416266028289434,0.14424525411645667,0.10809407826617351,0.03539342226492309,0.13163150476395097,0.17340747811700044,0.13028548707971457,0.12034504248958795,0.11931816798937639,0.11437808476799072,0.12207172697138928,0.17340747811700044,0.13272138774491507,0.1568206405207643,0.22984782260901251,0.16740974587649854,0.07853613390517003,0.23828269248069095,0.06781794374903052,0.25983660377528683,0.35251332107288397,0.07864221472710296,0.17859399870571666,0.07853613390517003,0.23828269248069095,0.22984782260901251,0.15866162601350073,0.019761909208248708,0.16616443572266248,0.4064705443168103,0.23533814214501264,0.176306278857728,0.16232691642886743,0.10052714806489475,0.2381835534606796,0.4064705443168103,0.16371116548024026,0.1719208944412227
98,24,0.11946415399319842,0.03366657818422695,0.17340747811700044,0.18145588215305306,0.018115083440894648,0.4064705443168103,0,False,6,0,0,0,0,0,0,1399,2088,887,2212,1301,2180,1127,271,588,2018,1347,2232,17,19,129,2107,1998,16,1477,594,934,2073,982,2354,0.14424525411645667,0.13857009766314077,0.06271883906192775,0.14578426747597945,0.10807031685748941,0.11998731699898406,0.1619034892575736,0.09857768960655056,0.1334577303950648,0.061141992376619034,0.14416266028289434,0.14552357797508075,0.10809407826617351,0.03366657818422695,0.13045029333051644,0.17340747811700044,0.13028548707971457,0.12034504248958795,0.11931816798937639,0.11437808476799072,0.12207172697138928,0.13144004699033235,0.1568206405207643,0.06271883906192775,0.22984782260901251,0.16740974587649854,0.15532478941307254,0.21842580144063337,0.06781794374903052,0.25983660377528683,0.35251332107288397,0.07864221472710296,0.17859399870571666,0.0719914560797392,0.23828269248069095,0.2106938373915948,0.15866162601350073,0.018115083440894648,0.1523173994124406,0.4064705443168103,0.23533814214501264,0.176306278857728,0.16232691642886743,0.10052714806489475,0.2381835534606796,0.1500685683568869,0.1719208944412227,0.15532478941307254
99,24,0.11943431858763649,0.03200921868151346,0.17340747811700044,0.17872854480517683,0.016605493154153425,0.4064705443168103,0,False,6,0,0,0,0,0,0,1399,2088,887,2212,1301,2180,1127,271,588,2018,1347,2232,17,19,129,2107,1998,16,1477,594,934,2073,982,2354,0.14424525411645667,0.13857009766314077,0.0619675978692038,0.14660645243756965,0.10807031685748941,0.11998731699898406,0.1619034892575736,0.09857768960655056,0.1334577303950648,0.061141992376619034,0.14578426747597945,0.14552357797508075,0.10809407826617351,0.03200921868151346,0.13045029333051644,0.17340747811700044,0.13028548707971457,0.12034504248958795,0.11931816798937639,0.11437808476799072,0.12207172697138928,0.13144004699033235,0.1568206405207643,0.0619675978692038,0.22984782260901251,0.16740974587649854,0.14238105696198317,0.20022365132058056,0.06781794374903052,0.25983660377528683,0.35251332107288397,0.07864221472710296,0.17859399870571666,0.0719914560797392,0.21842580144063337,0.2106938373915948,0.15866162601350073,0.016605493154153425,0.1523173994124406,0.4064705443168103,0.23533814214501264,0.176306278857728,0.16232691642886743,0.10052714806489475,0.2381835534606796,0.1500685683568869,0.1719208944412227,0.14238105696198317
100,24,0.11899944228624233,0.030420583411031103,0.17340747811700044,0.17628985852378296,0.015221702057973973,0.4064705443168103,0,False,6,0,0,0,0,0,0,1399,2088,887,2212,1301,2180,1127,271,588,2018,1347,2232,17,19,129,2107,1998,16,1477,594,934,2073,982,2354,0.14424525411645667,0.13857009766314077,0.06100378779505664,0.14660645243756965,0.10807031685748941,0.11998731699898406,0.1619034892575736,0.09532732641379278,0.1334577303950648,0.061141992376619034,0.14578426747597945,0.14552357797508075,0.10809407826617351,0.030420583411031103,0.12877924764599505,0.17340747811700044,0.13028548707971457,0.12034504248958795,0.11812042053248056,0.11437808476799072,0.12207172697138928,0.129674617435677,0.1568206405207643,0.0619675978692038,0.22984782260901251,0.16740974587649854,0.1305159688818179,0.20022365132058056,0.06781794374903052,0.25983660377528683,0.35251332107288397,0.07208869683317772,0.17859399870571666,0.0719914560797392,0.21842580144063337,0.2106938373915948,0.15866162601350073,0.015221702057973973,0.1396242827947372,0.4064705443168103,0.23533814214501264,0.176306278857728,0.14879967339312847,0.10052714806489475,0.2381835534606796,0.13756285432714632,0.1719208944412227,0.14238105696198317
101,24,0.11618191088772607,0.028899589637400202,0.1619034892575736,0.1639718921319139,0.013953226886476142,0.35251332107288397,0,False,6,0,0,0,0,0,0,1399,2088,887,2212,1301,2180,1127,2428,588,2018,1347,2232,17,19,129,271,1998,16,1477,594,934,2073,982,2354,0.14424525411645667,0.13857009766314077,0.05985571749135551,0.14660645243756965,0.10687765920230287,0.12207172697138928,0.1619034892575736,0.10687765920230287,0.13272138774491507,0.059015942606598766,0.14660645243756965,0.14552357797508075,0.10809407826617351,0.028899589637400202,0.12877924764599505,0.09532732641379278,0.13164238110616427,0.12034504248958795,0.11812042053248056,0.11437808476799072,0.12344141751394058,0.129674617435677,0.1568206405207643,0.0619675978692038,0.22984782260901251,0.16740974587649854,0.11963963814166641,0.20022365132058056,0.14549978176994466,0.2381835534606796,0.35251332107288397,0.14549978176994466,0.16371116548024026,0.06599216807309426,0.20022365132058056,0.2106938373915948,0.15866162601350073,0.013953226886476142,0.1396242827947372,0.07208869683317772,0.2157266302995949,0.176306278857728,0.14879967339312847,0.10052714806489475,0.21833492400562296,0.13756285432714632,0.1719208944412227,0.14238105696198317
102,24,0.11575289346733714,0.027444891141157977,0.1619034892575736,0.16093737128954552,0.012790457979269795,0.35251332107288397,0,False,6,0,0,0,0,0,0,1399,2088,887,2212,1301,2180,1127,2428,588,2018,1347,2232,17,19,129,271,1998,16,1477,594,934,2073,982,2354,0.14424525411645667,0.13737453009198655,0.05855061411159189,0.14660645243756965,0.10530729172721501,0.12207172697138928,0.1619034892575736,0.10687765920230287,0.13272138774491507,0.059015942606598766,0.14660645243756965,0.14552357797508075,0.10809407826617351,0.027444891141157977,0.12667843298554907,0.09201507892322562,0.1322847620900903,0.12034504248958795,0.11812042053248056,0.11437808476799072,0.12344141751394058,0.129674617435677,0.1568206405207643,0.0619675978692038,0.22984782260901251,0.15345893372012365,0.10966966829652754,0.20022365132058056,0.1333747999557826,0.2381835534606796,0.35251332107288397,0.14549978176994466,0.16371116548024026,0.06599216807309426,0.20022365132058056,0.2106938373915948,0.15866162601350073,0.012790457979269795,0.12798892589517577,0.0660813054304129,0.197749411107962,0.176306278857728,0.14879967339312847,0.10052714806489475,0.21833492400562296,0.13756285432714632,0.1719208944412227,0.14238105696198317
103,24,0.11524003932240996,0.026054929760423656,0.1619034892575736,0.15628404200179133,0.011724586480997312,0.35251332107288397,0,False,6,0,0,0,0,0,0,1399,2088,887,2212,1301,2180,1127,2428,588,2018,1347,2232,17,19,129,271,1998,16,1477,594,934,2073,982,2354,0.14424525411645667,0.13737453009198655,0.05855061411159189,0.14668352992907008,0.10340821440063298,0.12344141751394058,0.1619034892575736,0.10530729172721501,0.13144004699033235,0.05686818142019276,0.14660645243756965,0.14552357797508075,0.10809407826617351,0.026054929760423656,0.12667843298554907,0.08866859726681627,0.1322847620900903,0.12034504248958795,0.11812042053248056,0.11437808476799072,0.12344141751394058,0.129674617435677,0.15566417286240997,0.06100378779505664,0.22984782260901251,0.15345893372012365,0.10966966829652754,0.1835383470438655,0.12226023329280072,0.21833492400562296,0.35251332107288397,0.1333747999557826,0.1500685683568869,0.06049282073366973,0.20022365132058056,0.2106938373915948,0.15866162601350073,0.011724586480997312,0.12798892589517577,0.060574529977878495,0.197749411107962,0.176306278857728,0.14879967339312847,0.10052714806489475,0.21833492400562296,0.13756285432714632,0.15759415323778747,0.1305159688818179
104,24,0.11514713307059497,0.024727980266501064,0.1619034892575736,0.1530654553825099,0.010747537607580869,0.35251332107288397,0,False,6,0,0,0,0,0,0,1399,2088,887,2212,1301,2180,1127,2428,588,2018,1347,2232,17,19,129,271,1998,16,1477,594,934,2073,982,2354,0.14424525411645667,0.13737453009198655,0.05711425212044364,0.14668352992907008,0.10340821440063298,0.12344141751394058,0.1619034892575736,0.10530729172721501,0.13144004699033235,0.05686818142019276,0.14668352992907008,0.14602770281608712,0.10809407826617351,0.024727980266501064,0.12667843298554907,0.08866859726681627,0.1322847620900903,0.1196043842099576,0.11812042053248056,0.11437808476799072,0.12413443490257496,0.129674617435677,0.15566417286240997,0.06100378779505664,0.22984782260901251,0.15345893372012365,0.10053052927181691,0.1835383470438655,0.12226023329280072,0.21833492400562296,0.35251332107288397,0.1333747999557826,0.1500685683568869,0.06049282073366973,0.1835383470438655,0.1931360176089619,0.15866162601350073,0.010747537607580869,0.12798892589517577,0.060574529977878495,0.197749411107962,0.16161408895291735,0.14879967339312847,0.10052714806489475,0.20014034700515437,0.13756285432714632,0.15759415323778747,0.1305159688818179
105,24,0.11051106324933357,0.024067277069001948,0.1619034892575736,0.14962635736162924,0.055451752339197254,0.35251332107288397,0,False,6,0,0,0,0,0,0,1399,2088,887,2212,1301,2180,1127,2428,588,2018,1347,2232,17,19,129,271,1998,2533,594,934,2073,982,2354,1477,0.14552357797508075,0.1356581539002905,0.05557069454907218,0.14668352992907008,0.10340821440063298,0.12344141751394058,0.1619034892575736,0.10530729172721501,0.13144004699033235,0.0547142407543847,0.14668352992907008,0.14602770281608712,0.10809407826617351,0.024067277069001948,0.12420644325966153,0.08531213569713851,0.1322847620900903,0.024067277069001948,0.11437808476799072,0.12413443490257496,0.12748556608486747,0.153897431010919,0.05985571749135551,0.11812042053248056,0.2106938373915948,0.14067068924344667,0.09215298516583216,0.1835383470438655,0.12226023329280072,0.21833492400562296,0.35251332107288397,0.1333747999557826,0.1500685683568869,0.055451752339197254,0.1835383470438655,0.1931360176089619,0.15866162601350073,0.09318524280694913,0.11732318207057778,0.05552665247972195,0.197749411107962,0.09318524280694913,0.10052714806489475,0.20014034700515437,0.12609928313321744,0.1444613071346385,0.11963963814166641,0.14879967339312847
106,24,0.11250065925666759,0.023368712629596125,0.1619034892575736,0.16312605125086366,0.05083077297759748,0.35251332107288397,0,False,6,0,0,0,0,0,0,1399,2088,887,2212,2552,2180,1127,2428,588,2018,1347,1301,19,129,271,1998,2533,2232,17,2073,982,2354,2547,934,0.14552357797508075,0.1356581539002905,0.05394212965313967,0.1498436695005513,0.1330189145827604,0.12344141751394058,0.1619034892575736,0.10530729172721501,0.1330189145827604,0.05256760670498657,0.14668352992907008,0.10122776045404176,0.023368712629596125,0.12420644325966153,0.08531213569713851,0.1322847620900903,0.023368712629596125,0.14602770281608712,0.10809407826617351,0.12748556608486747,0.153897431010919,0.05985571749135551,0.1498436695005513,0.12413443490257496,0.2106938373915948,0.14067068924344667,0.08447356973534614,0.2515768181235434,0.22089618766047966,0.21833492400562296,0.35251332107288397,0.1333747999557826,0.22089618766047966,0.05083077297759748,0.1835383470438655,0.11207188051840065,0.08541980590637004,0.11732318207057778,0.05552665247972195,0.197749411107962,0.08541980590637004,0.1931360176089619,0.15866162601350073,0.12609928313321744,0.1444613071346385,0.11963963814166641,0.2515768181235434,0.20014034700515437
107,24,0.10369103832572109,0.022641125385056016,0.1619034892575736,0.1591993327810934,0.05552665247972195,0.35251332107288397,0,False,6,0,0,0,0,0,0,1399,2088,2580,2212,2552,2180,1127,2428,887,2018,1347,1301,2577,19,129,271,588,2533,2232,17,2073,982,2354,1998,0.14552357797508075,0.1356581539002905,0.023225038046834724,0.1498436695005513,0.13386169811666365,0.12344141751394058,0.1619034892575736,0.10340821440063298,0.052248786433351395,0.05174070581917024,0.14668352992907008,0.09881090568002684,0.05174070581917024,0.023225038046834724,0.12141942146305196,0.08531213569713851,0.1330189145827604,0.022641125385056016,0.14581471805574833,0.10809407826617351,0.12493168533582111,0.153897431010919,0.05985571749135551,0.1322847620900903,0.2106938373915948,0.14067068924344667,0.1616348220808392,0.2515768181235434,0.20248817202210634,0.21833492400562296,0.35251332107288397,0.12226023329280072,0.07743410559073396,0.1299282085627977,0.1835383470438655,0.10273255714186726,0.1299282085627977,0.1616348220808392,0.10754625023136295,0.05552665247972195,0.22089618766047966,0.07830148874750587,0.17704134947488173,0.15866162601350073,0.11559100953878265,0.1444613071346385,0.11963963814166641,0.197749411107962
108,24,0.09997758497422816,0.022987442388039212,0.1619034892575736,0.16633895464286466,0.05552665247972195,0.35251332107288397,0,False,6,0,0,0,0,0,0,1399,2088,2580,2594,2552,2180,1127,2428,887,2212,1301,2577,19,129,271,588,2018,1347,2232,17,2073,982,2354,2600,0.14552357797508075,0.1356581539002905,0.02358028653531575,0.02358028653531575,0.13386169811666365,0.12344141751394058,0.1619034892575736,0.10340821440063298,0.05181153413701601,0.1498436695005513,0.0961997782674664,0.050758606591351216,0.022987442388039212,0.11837034155265717,0.08531213569713851,0.13386169811666365,0.05174070581917024,0.1460763725113143,0.14581471805574833,0.10809407826617351,0.12206915160408231,0.153897431010919,0.05985571749135551,0.05181153413701601,0.2106938373915948,0.14067068924344667,0.23149858690743594,0.23149858690743594,0.20248817202210634,0.21833492400562296,0.35251332107288397,0.12226023329280072,0.15431459679150614,0.2515768181235434,0.09417151071337831,0.1191008578492312,0.1481652535741026,0.0985840627120827,0.05552665247972195,0.20248817202210634,0.1299282085627977,0.16824348479021003,0.17704134947488173,0.15866162601350073,0.10595842541055076,0.1444613071346385,0.11963963814166641,0.15431459679150614
109,24,0.09880490955861387,0.022666600970590853,0.1619034892575736,0.17178524268269998,0.05552665247972195,0.35251332107288397,0,False,6,0,0,0,0,0,0,1399,2088,2580,2594,2552,2180,1127,2428,2619,887,2212,1301,2577,19,129,271,588,2018,1347,2232,17,2073,982,2354,0.14552357797508075,0.1356581539002905,0.02380026060704191,0.024414067265754083,0.13386169811666365,0.12413443490257496,0.1619034892575736,0.10340821440063298,0.024414067265754083,0.05181153413701601,0.1498436695005513,0.0961997782674664,0.050758606591351216,0.022666600970590853,0.11837034155265717,0.08531213569713851,0.13386169811666365,0.05174070581917024,0.1460763725113143,0.14494714755867982,0.10809407826617351,0.12206915160408231,0.153897431010919,0.05855061411159189,0.2106938373915948,0.14067068924344667,0.21220703799848292,0.29554037133181627,0.20248817202210634,0.20014034700515437,0.35251332107288397,0.12226023329280072,0.29554037133181627,0.15431459679150614,0.2515768181235434,0.09417151071337831,0.1191008578492312,0.13581814910959403,0.0985840627120827,0.05552665247972195,0.20248817202210634,0.1299282085627977,0.16824348479021003,0.16228790368530824,0.15866162601350073,0.10595842541055076,0.1444613071346385,0.10966966829652754
110,24,0.09215565995177218,0.02284749727876997,0.1619034892575736,0.18387933293150868,0.05552665247972195,0.3542453403874982,0,False,6,0,0,0,0,0,0,1399,2088,2580,2594,2552,2180,1127,2428,2619,887,2212,1301,2577,19,129,271,588,2648,17,2073,982,2354,2653,2232,0.14552357797508075,0.1356581539002905,0.023892834311427188,0.025087823445193714,0.13386169811666365,0.12413443490257496,0.1619034892575736,0.10122776045404176,0.02573483623793175,0.05117645746448575,0.1498436695005513,0.0961997782674664,0.049644365717900464,0.02284749727876997,0.1151085167779357,0.08531213569713851,0.13386169811666365,0.02573483623793175,0.10809407826617351,0.11895084197344444,0.151592095994251,0.05855061411159189,0.02284749727876997,0.14494714755867982,0.2106938373915948,0.14067068924344667,0.194523118165276,0.2709120070541649,0.20248817202210634,0.20014034700515437,0.35251332107288397,0.11207188051840065,0.3542453403874982,0.14145504705888062,0.2515768181235434,0.09417151071337831,0.10917578636179527,0.20783330335046118,0.09036872415274247,0.05552665247972195,0.20248817202210634,0.3542453403874982,0.15866162601350073,0.0971285566263382,0.13242286487341862,0.10966966829652754,0.20783330335046118,0.16228790368530824
111,24,0.09228588841258345,0.022908284100718473,0.16904775126034502,0.1742753981759395,0.05552665247972195,0.3247248953552067,0,False,6,0,0,0,0,0,0,1399,2088,2580,2594,2552,2180,1127,2428,2619,887,2212,1301,2577,19,129,271,588,2648,17,2073,982,2354,2653,2232,0.14602770281608712,0.1356581539002905,0.02386725708778641,0.025602947909925417,0.13386169811666365,0.12413443490257496,0.16904775126034502,0.10122776045404176,0.026883467589841264,0.050367421459693695,0.1498436695005513,0.09343333990009878,0.048419793055046116,0.022908284100718473,0.1151085167779357,0.08531213569713851,0.13386169811666365,0.026883467589841264,0.10689919991922216,0.11895084197344444,0.151592095994251,0.05711425212044364,0.022908284100718473,0.14494714755867982,0.1931360176089619,0.14067068924344667,0.17831285831816968,0.24833600646631782,0.20248817202210634,0.20014034700515437,0.323137210983477,0.11207188051840065,0.3247248953552067,0.12966712647064058,0.2515768181235434,0.08632388482059679,0.100077804164979,0.19051386140458942,0.09036872415274247,0.05552665247972195,0.20248817202210634,0.3247248953552067,0.145439823845709,0.0971285566263382,0.13242286487341862,0.10053052927181691,0.19051386140458942,0.16228790368530824
112,24,0.08673266357017417,0.02285807763965546,0.16904775126034502,0.17370664219853404,0.05552665247972195,0.323137210983477,0,False,7,0,0,0,0,0,0,1399,2088,2710,2580,2594,2552,2180,1127,2428,2619,887,2212,1301,2577,19,129,271,588,2648,17,2073,982,2354,2653,0.14581471805574833,0.1356581539002905,0.023447585481280907,0.02373370236060782,0.02596394949347104,0.13386169811666365,0.12413443490257496,0.16904775126034502,0.09881090568002684,0.027852117399675882,0.049407775595850884,0.1498436695005513,0.09343333990009878,0.047105236520359306,0.02285807763965546,0.11167929901514248,0.08531213569713851,0.13386169811666365,0.027852117399675882,0.10689919991922216,0.11562587331397702,0.14881864881343537,0.05711425212044364,0.023447585481280907,0.17704134947488173,0.14067068924344667,0.25797103962087364,0.16345345345832218,0.22764133926079133,0.20248817202210634,0.20014034700515437,0.323137210983477,0.10273255714186726,0.29766448740893947,0.11886153259808718,0.2515768181235434,0.08632388482059679,0.09173798715123074,0.1746377062875403,0.08283799714001393,0.05552665247972195,0.20248817202210634,0.29766448740893947,0.145439823845709,0.08903451024081001,0.12138762613396706,0.10053052927181691,0.25797103962087364
113,24,0.08426646659162303,0.0227067839994409,0.16904775126034502,0.17356815663042102,0.05552665247972195,0.323137210983477,0,False,7,0,0,0,0,0,0,1399,2088,2710,2580,2594,2552,2180,1127,2428,2619,887,2212,2722,19,129,271,2715,588,2648,1301,2577,2073,982,2354,0.14494714755867982,0.1356581539002905,0.023842453371623246,0.02410900898587322,0.026177862615253667,0.13386169811666365,0.12419679995326392,0.16904775126034502,0.09881090568002684,0.02863778657296953,0.04956611598246022,0.1498436695005513,0.04956611598246022,0.0227067839994409,0.11167929901514248,0.08531213569713851,0.02410900898587322,0.1340170519045127,0.02863778657296953,0.0905472093465702,0.047105236520359306,0.11562587331397702,0.14881864881343537,0.05557069454907218,0.16228790368530824,0.14067068924344667,0.23647345298580083,0.23316566567012867,0.20867122765572538,0.20248817202210634,0.18346198475472483,0.323137210983477,0.10273255714186726,0.2728591134581945,0.19228973821491324,0.2515768181235434,0.19228973821491324,0.16008456409691194,0.08283799714001393,0.05552665247972195,0.23316566567012867,0.1856141576869308,0.2728591134581945,0.07913022775221372,0.09173798715123074,0.08903451024081001,0.12138762613396706,0.09215298516583216
114,24,0.08384758197619537,0.022464733498261745,0.16904775126034502,0.16531507312976215,0.05552665247972195,0.323137210983477,0,False,7,0,0,0,0,0,0,1399,2088,2710,2580,2594,2552,2180,1127,2428,2619,887,2212,2722,19,129,271,2715,588,2648,1301,2577,2073,982,2354,0.14494714755867982,0.1356581539002905,0.02409842905076345,0.024345280409677057,0.026253670946848107,0.13386169811666365,0.12419679995326392,0.16904775126034502,0.09881090568002684,0.029241745115928947,0.04956611598246022,0.1498436695005513,0.04948209220664983,0.022464733498261745,0.11167929901514248,0.08531213569713851,0.024345280409677057,0.1335399441184398,0.029241745115928947,0.08757360152042952,0.047105236520359306,0.11213932820965675,0.1456450739883665,0.05394212965313967,0.16228790368530824,0.14067068924344667,0.21676733190365075,0.21373519353095127,0.19128195868441492,0.20248817202210634,0.18346198475472483,0.323137210983477,0.10273255714186726,0.250120854003345,0.19228973821491324,0.2515768181235434,0.17626559336367045,0.1467441837555026,0.08283799714001393,0.05552665247972195,0.21373519353095127,0.17014631121301987,0.250120854003345,0.07253604210619591,0.09173798715123074,0.0816149677207425,0.11127199062280313,0.08447356973534614
115,24,0.0802481725384544,0.022142372550248,0.17506091699763865,0.1732798199374419,0.05552665247972195,0.31261078283639954,0,False,8,0,0,0,0,0,0,1399,2088,2710,2580,2594,2552,2180,2780,1127,2428,2619,887,2212,2778,2722,19,129,271,2715,588,2648,1301,982,2354,0.14349056164289917,0.1356581539002905,0.02409842905076345,0.024450437187982278,0.02620176903802412,0.13386169811666365,0.12419679995326392,0.04689854782186954,0.17506091699763865,0.09881090568002684,0.029668882179743467,0.04948209220664983,0.1498436695005513,0.03043404008028702,0.04917699643316889,0.022142372550248,0.10812393506525325,0.08531213569713851,0.024450437187982278,0.1335399441184398,0.03043404008028702,0.08454135750482843,0.14213588927576584,0.05394212965313967,0.14876391171153255,0.14067068924344667,0.21676733190365075,0.195923927403372,0.17534179546071366,0.20248817202210634,0.18346198475472483,0.16742648822196152,0.29620911006818723,0.10273255714186726,0.22927744950306622,0.17626559336367045,0.2515768181235434,0.31261078283639954,0.1615767939166979,0.13451550177587737,0.07593483071167943,0.05552665247972195,0.195923927403372,0.17014631121301987,0.31261078283639954,0.06649137193067958,0.10199932473756954,0.08447356973534614
116,24,0.0774666560208363,0.021750012296213674,0.17506091699763865,0.1780222709065434,0.05552665247972195,0.29620911006818723,0,False,8,0,0,0,0,0,0,1399,2088,2710,2580,2802,2552,2180,2780,1127,2428,2619,887,2594,2778,2722,19,129,271,2715,588,2212,2788,982,2354,0.14349056164289917,0.1356581539002905,0.02422308301609354,0.02443384794524773,0.025063994766510535,0.13386169811666365,0.1236800750061653,0.04689854782186954,0.17506091699763865,0.0961997782674664,0.02992703098130365,0.04917699643316889,0.026704878778776534,0.031423817689921474,0.04867311720405472,0.021750012296213674,0.10812393506525325,0.08531213569713851,0.025063994766510535,0.1335399441184398,0.1498436695005513,0.026704878778776534,0.14213588927576584,0.052248786433351395,0.14876391171153255,0.14067068924344667,0.19870338757834652,0.179596933453091,0.26293026678642434,0.20248817202210634,0.16817348602516444,0.16742648822196152,0.29620911006818723,0.09417151071337831,0.2101709953778107,0.1615767939166979,0.2440633125056542,0.28655988426669954,0.14811206109030642,0.12330587662788758,0.07593483071167943,0.05552665247972195,0.26293026678642434,0.17014631121301987,0.2515768181235434,0.2440633125056542,0.10199932473756954,0.07743410559073396
117,24,0.077438679956274,0.021297630661710906,0.17506091699763865,0.1706872224824517,0.05552665247972195,0.29620911006818723,0,False,8,0,0,0,0,0,0,1399,2088,2710,2580,2802,2552,2180,2780,1127,2428,2619,887,2594,2778,2722,19,129,271,2715,588,2212,2788,982,2354,0.14151155502073756,0.1356581539002905,0.024225500392757712,0.02430586300181094,0.025521509575817038,0.13386169811666365,0.1236800750061653,0.04689854782186954,0.17506091699763865,0.0961997782674664,0.02992703098130365,0.04867311720405472,0.027049027289187677,0.03220990055354228,0.04867311720405472,0.021297630661710906,0.10812393506525325,0.08531213569713851,0.025521509575817038,0.1335399441184398,0.1498436695005513,0.027049027289187677,0.14213588927576584,0.052248786433351395,0.13636691906890483,0.14067068924344667,0.18214477194681764,0.16463052233200007,0.24101941122088896,0.20248817202210634,0.16817348602516444,0.16742648822196152,0.29620911006818723,0.09417151071337831,0.2101709953778107,0.14811206109030642,0.223724703130183,0.2626798939111412,0.14811206109030642,0.11303038690889695,0.07593483071167943,0.05552665247972195,0.24101941122088896,0.17014631121301987,0.2515768181235434,0.223724703130183,0.10199932473756954,0.07743410559073396
118,24,0.07740677727464373,0.020794722915736155,0.17506091699763865,0.16190846004632847,0.05552665247972195,0.29620911006818723,0,False,8,0,0,0,0,0,0,1399,2088,2710,2580,2802,2552,2180,2780,1127,2428,2619,887,2594,2778,2722,19,129,271,2715,588,2212,2788,982,2354,0.14151155502073756,0.1356581539002905,0.024115810420777702,0.024077404577451535,0.025828377887551587,0.1340170519045127,0.1236800750061653,0.046494130335689415,0.17506091699763865,0.0961997782674664,0.030026307126352573,0.047993059426663036,0.02724197879095831,0.03279555581778496,0.047993059426663036,0.020794722915736155,0.10812393506525325,0.08531213569713851,0.025828377887551587,0.1335399441184398,0.1498436695005513,0.02724197879095831,0.14213588927576584,0.052248786433351395,0.13636691906890483,0.14067068924344667,0.1669660409512495,0.15091131213766673,0.22093446028581487,0.1856141576869308,0.16817348602516444,0.15347428087013137,0.29620911006818723,0.09417151071337831,0.19265674576299313,0.13576938933278088,0.2050809778693344,0.24078990275187945,0.13576938933278088,0.1036111879998222,0.07593483071167943,0.05552665247972195,0.22093446028581487,0.17014631121301987,0.2515768181235434,0.2050809778693344,0.10199932473756954,0.07743410559073396
119,24,0.07478105076202969,0.020250194921456455,0.17506091699763865,0.16649205892697994,0.07593483071167943,0.29620911006818723,0,False,8,0,0,0,0,0,0,1399,2859,2710,2580,2802,2552,2180,2780,1127,2088,2619,887,2594,2778,2722,19,129,2428,2715,588,2212,2788,982,2354,0.14151155502073756,0.024372376477009017,0.024115810420777702,0.024372376477009017,0.025992300402589964,0.1335399441184398,0.1236800750061653,0.046494130335689415,0.17506091699763865,0.13348423882552293,0.030026307126352573,0.047993059426663036,0.027293408569834088,0.0331877531029119,0.047993059426663036,0.020250194921456455,0.10812393506525325,0.0961997782674664,0.025992300402589964,0.1335399441184398,0.1498436695005513,0.027293408569834088,0.14213588927576584,0.052248786433351395,0.13636691906890483,0.22166870279286116,0.1669660409512495,0.22166870279286116,0.20252325526199697,0.17014631121301987,0.16817348602516444,0.15347428087013137,0.29620911006818723,0.12894813180649278,0.19265674576299313,0.13576938933278088,0.1879908963802232,0.22072407752255616,0.13576938933278088,0.09497692233317034,0.07593483071167943,0.09417151071337831,0.20252325526199697,0.17014631121301987,0.2515768181235434,0.1879908963802232,0.10199932473756954,0.07743410559073396
120,24,0.07442042804891798,0.019672292941876827,0.17506091699763865,0.15897512887734574,0.07593483071167943,0.29620911006818723,0,False,8,0,0,0,0,0,0,1399,2859,2710,2580,2802,2552,2180,2780,1127,2088,2619,887,2594,2778,2722,19,129,2428,2715,588,2212,2788,982,2354,0.14151155502073756,0.024532102978716257,0.023904770826465256,0.024532102978716257,0.025992300402589964,0.1335399441184398,0.1236800750061653,0.046494130335689415,0.17506091699763865,0.13348423882552293,0.029978488470166556,0.04715918763842625,0.027214353347151016,0.03339641466934365,0.04715918763842625,0.019672292941876827,0.10812393506525325,0.09343333990009878,0.026022721594644888,0.1335399441184398,0.1498436695005513,0.027214353347151016,0.13835146101846915,0.052248786433351395,0.13636691906890483,0.20319631089345605,0.15305220420531204,0.20319631089345605,0.20252325526199697,0.17014631121301987,0.16817348602516444,0.15347428087013137,0.29620911006818723,0.12894813180649278,0.17660201694941036,0.12445527355504914,0.17232498834853793,0.20233040439567646,0.12445527355504914,0.08706217880540615,0.07593483071167943,0.08632388482059679,0.1856463173234972,0.17014631121301987,0.2515768181235434,0.17232498834853793,0.09349938100943873,0.07743410559073396
121,24,0.07409681733270848,0.019068563936708808,0.17506091699763865,0.15748588958714874,0.07593483071167943,0.29620911006818723,0,False,9,0,0,0,0,0,0,1399,2906,2859,2710,2580,2802,2552,2180,2780,1127,2088,2619,887,2594,2778,2722,19,129,2428,588,2212,2788,982,2354,0.14151155502073756,0.02421214220337096,0.02456544575641517,0.02421214220337096,0.02456544575641517,0.026022721594644888,0.1335399441184398,0.1236800750061653,0.045913423668222576,0.17506091699763865,0.13348423882552293,0.029978488470166556,0.04619318583907224,0.02701671984609343,0.03343369557421768,0.04619318583907224,0.019068563936708808,0.10812393506525325,0.0905472093465702,0.1335399441184398,0.1498436695005513,0.02701671984609343,0.13835146101846915,0.052248786433351395,0.13636691906890483,0.2236311871882027,0.18626328498566805,0.2236311871882027,0.18626328498566805,0.1856463173234972,0.17014631121301987,0.16817348602516444,0.14068475746428707,0.29620911006818723,0.12894813180649278,0.17660201694941036,0.11408400075879503,0.15796457265282643,0.1854695373627034,0.11408400075879503,0.07980699723828896,0.07593483071167943,0.07913022775221372,0.17014631121301987,0.2515768181235434,0.15796457265282643,0.09349938100943873,0.07743410559073396
122,24,0.0735985215094725,0.01844584063336503,0.17506091699763865,0.1492998054215775,0.06960692815237281,0.29620911006818723,0,False,9,0,0,0,0,0,0,1399,2906,2859,2710,2580,2802,2552,2180,2780,1127,2088,2619,887,2594,2778,2722,19,129,2428,588,2212,2788,982,2354,0.14151155502073756,0.02438421836497685,0.02448244236045316,0.02438421836497685,0.02448244236045316,0.02593031290156478,0.1335399441184398,0.1236800750061653,0.04517784138805224,0.17506091699763865,0.13348423882552293,0.029796455238044597,0.04511572351923662,0.026712859509829535,0.0333133203986617,0.04619318583907224,0.01844584063336503,0.10447954850261784,0.0905472093465702,0.13248928918758293,0.1498436695005513,0.026712859509829535,0.13434756289964614,0.052248786433351395,0.13636691906890483,0.20499525492251913,0.1707413445701957,0.20499525492251913,0.1707413445701957,0.17017579087987245,0.17014631121301987,0.16817348602516444,0.12896102767559647,0.29620911006818723,0.12894813180649278,0.16188518220362616,0.10457700069556211,0.1448008582650909,0.17001374258247812,0.11408400075879503,0.07315641413509821,0.06960692815237281,0.07913022775221372,0.1559674519452682,0.2515768181235434,0.1448008582650909,0.08570776592531884,0.07743410559073396
123,24,0.06839679297376948,0.017810246171305298,0.17506091699763865,0.16050918873446526,0.06380635080634174,0.29620911006818723,0,False,9,0,0,0,0,0,0,1399,2906,2859,2710,2580,2802,2552,2960,2780,1127,2088,2619,887,2594,2778,2722,2180,2428,588,2212,2788,19,129,2973,0.13907608855292475,0.024429666442775985,0.024293869938133657,0.02438421836497685,0.024293869938133657,0.025726512875916503,0.1335399441184398,0.04545101569273457,0.04545101569273457,0.17506091699763865,0.13348423882552293,0.02949370112978718,0.04511572351923662,0.026315211901899595,0.033049993292761176,0.04619318583907224,0.1236800750061653,0.08757360152042952,0.13248928918758293,0.1498436695005513,0.026993878936580246,0.017810246171305298,0.10077921898858395,0.026993878936580246,0.1250030091464961,0.1879123170123092,0.15651289918934608,0.20499525492251913,0.15651289918934608,0.1559944749732164,0.17014631121301987,0.2015476087026301,0.2015476087026301,0.29620911006818723,0.12894813180649278,0.14839475035332397,0.10457700069556211,0.1327341200763333,0.15584593070060493,0.11408400075879503,0.16817348602516444,0.07253604210619591,0.1559674519452682,0.2515768181235434,0.21606745340966665,0.06706004629050669,0.06380635080634174,0.21606745340966665
124,24,0.06801984878762467,0.01716721372481499,0.17506091699763865,0.15396606057679324,0.06147170909963113,0.29620911006818723,0,False,9,0,0,0,0,0,0,1399,2906,2859,2710,2580,2802,2552,2960,2780,1127,2088,2619,887,2594,2778,2722,2180,2428,588,2212,2788,19,129,2973,0.13907608855292475,0.02435836991355876,0.024010868950135086,0.02438421836497685,0.024010868950135086,0.02542313105115197,0.1335399441184398,0.04545101569273457,0.04545101569273457,0.17506091699763865,0.13348423882552293,0.02908391971468796,0.043946215457169216,0.025836015278871735,0.033049993292761176,0.04511572351923662,0.1236800750061653,0.08454135750482843,0.1309259083729799,0.1498436695005513,0.02712819171619427,0.01716721372481499,0.10077921898858395,0.02712819171619427,0.1250030091464961,0.17225295726128342,0.1434701575902339,0.20499525492251913,0.1434701575902339,0.14299493539211502,0.17014631121301987,0.2015476087026301,0.2015476087026301,0.29620911006818723,0.12894813180649278,0.13602852115721364,0.0958622506375986,0.12167294340330553,0.15584593070060493,0.10457700069556211,0.16817348602516444,0.06649137193067958,0.1429701642831625,0.2515768181235434,0.19806183229219443,0.06147170909963113,0.06380635080634174,0.19806183229219443
125,24,0.06756035305946562,0.01652151714558718,0.17506091699763865,0.15176725056579915,0.056349066674661864,0.29620911006818723,0,False,9,0,0,0,0,0,0,1399,2906,2859,2710,2580,2802,2552,2960,2780,1127,2088,2619,887,2594,2778,2722,2180,2428,3003,588,2212,2788,19,129,0.13907608855292475,0.02418098899965811,0.02364462871734914,0.025059705423452382,0.02364462871734914,0.025032017301613713,0.1335399441184398,0.04545101569273457,0.04549177791875635,0.17506091699763865,0.13348423882552293,0.028580665562240974,0.04270266203328471,0.02528708002024122,0.032658889939188585,0.043946215457169216,0.12263920883712244,0.08147604394784602,0.025059705423452382,0.1289108276339212,0.15209446300655582,0.027126024166541446,0.01652151714558718,0.10077921898858395,0.1250030091464961,0.15789854415617646,0.13151431112438108,0.2712456503456425,0.13151431112438108,0.13107869077610543,0.17014631121301987,0.2015476087026301,0.18475197464407758,0.29620911006818723,0.12894813180649278,0.12469281106077917,0.08787372975113204,0.11153353145303006,0.14285876980888784,0.0958622506375986,0.15415902885640073,0.06095042426978962,0.2712456503456425,0.1310559839262323,0.23061208327991475,0.18155667960117822,0.056349066674661864,0.06380635080634174
126,24,0.06264766667959988,0.015877309291738518,0.17506091699763865,0.15009936897017434,0.05165331111844004,0.29620911006818723,0,False,8,0,0,0,0,0,0,3026,2859,2710,2580,2802,2552,2960,2780,1399,2906,2088,2619,887,2594,2778,2722,2180,1127,2428,3003,2212,2788,19,129,0.02380461728353544,0.02380461728353544,0.025059705423452382,0.023206133121200692,0.024564794802119563,0.1335399441184398,0.04549177791875635,0.04531887935878758,0.13907608855292475,0.02390858030176375,0.13091460895600637,0.027997086105380597,0.04140155689246848,0.02467961883398642,0.032155233659750176,0.04270266203328471,0.1211306881321146,0.17506091699763865,0.07840010326771617,0.025576642596638756,0.15209446300655582,0.02699875338401815,0.015877309291738518,0.10077921898858395,0.20388811853068267,0.20388811853068267,0.2712456503456425,0.12055478519734932,0.1201554665447633,0.17014631121301987,0.18475197464407758,0.16935597675707112,0.1250030091464961,0.14474033214316176,0.11820245415595171,0.11430174347238091,0.0805509189385377,0.10223907049861089,0.13095387232481384,0.08787372975113204,0.14131244311836733,0.29620911006818723,0.055871222247307145,0.2486418461501723,0.23061208327991475,0.16642695630108004,0.05165331111844004,0.06380635080634174
127,24,0.056247085582659444,0.015631156259461102,0.17506091699763865,0.14603090159580898,0.05121528706003155,0.29620911006818723,0,False,8,0,0,0,0,0,0,3026,2859,2710,2580,2802,2552,2960,2780,1399,2906,2088,2619,887,3051,2722,2180,1127,2428,3003,2594,2778,19,129,3070,0.023841590642043768,0.023841590642043768,0.025576642596638756,0.02329154716543769,0.02403265217304738,0.1335399441184398,0.04531887935878758,0.044952371025903194,0.13907608855292475,0.0235522779089282,0.12800858691083208,0.027345717990890375,0.04005784948271087,0.02329154716543769,0.04140155689246848,0.11921100127575841,0.17506091699763865,0.07533303907261081,0.025576642596638756,0.02402412671909299,0.03155395318804649,0.015631156259461102,0.10077921898858395,0.015631156259461102,0.1868974419864591,0.1868974419864591,0.2486418461501723,0.19384188643090355,0.11014251099936637,0.17014631121301987,0.16935597675707112,0.15524297869398185,0.1250030091464961,0.13267863779789826,0.10835224964295573,0.10477659818301582,0.07383834236032623,0.19384188643090355,0.0805509189385377,0.1295364061918367,0.29620911006818723,0.05121528706003155,0.2486418461501723,0.09371914795705998,0.12004104963107935,0.13068220185857005,0.06380635080634174,0.13068220185857005
128,24,0.05600164053381065,0.015337697391241932,0.17506091699763865,0.1382674503502552,0.05121528706003155,0.29620911006818723,0,False,8,0,0,0,0,0,0,3026,2859,2710,2580,2802,2552,2960,2780,1399,2906,2088,2619,887,3051,2722,2180,1127,2428,3003,2594,2778,19,129,3070,0.02376525393007234,0.02376525393007234,0.025939495246210784,0.023262174586663038,0.023446188838646593,0.1335399441184398,0.04531887935878758,0.044952371025903194,0.13907608855292475,0.023123034619632797,0.12800858691083208,0.026638340406513368,0.03868495108577203,0.023262174586663038,0.04005784948271087,0.11921100127575841,0.17506091699763865,0.07533303907261081,0.025939495246210784,0.023330303359456767,0.030869416408867482,0.015337697391241932,0.10077921898858395,0.015337697391241932,0.17132265515425418,0.17132265515425418,0.2279216923043246,0.1776883958949949,0.10096396841608583,0.17014631121301987,0.16935597675707112,0.15524297869398185,0.1250030091464961,0.1216220846480734,0.10835224964295573,0.09604521500109783,0.06768514716363237,0.1776883958949949,0.07383834236032623,0.1295364061918367,0.29620911006818723,0.05121528706003155,0.2279216923043246,0.08590921896063831,0.1100376288284894,0.11979201837035587,0.06380635080634174,0.11979201837035587
129,24,0.05567148527001781,0.015390861807997048,0.17506091699763865,0.13861760564019182,0.05121528706003155,0.29620911006818723,0,False,8,0,0,0,0,0,0,3026,2859,2710,2580,2802,2552,2960,2780,1399,2906,2088,2619,887,3051,3117,2722,2180,1127,2428,3003,2594,2778,19,129,0.023586045532383595,0.023586045532383595,0.026155260649341566,0.023127960134972626,0.022815306830708152,0.1335399441184398,0.04531887935878758,0.04441291743866789,0.13907608855292475,0.022631419401959018,0.12800858691083208,0.02588587736222847,0.03868495108577203,0.023127960134972626,0.015390861807997048,0.04005784948271087,0.11921100127575841,0.17506091699763865,0.07533303907261081,0.025939495246210784,0.0226070107700451,0.030115232375068163,0.015390861807997048,0.09705213460001708,0.15704576722473299,0.15704576722473299,0.20892821794563088,0.162881029570412,0.09255030438141201,0.17014631121301987,0.16935597675707112,0.14230606380281668,0.1250030091464961,0.11148691092740062,0.10835224964295573,0.08804144708433968,0.06768514716363237,0.162881029570412,0.19314268350615954,0.07383834236032623,0.1295364061918367,0.29620911006818723,0.05121528706003155,0.2279216923043246,0.07875011738058511,0.10086782642611528,0.19314268350615954,0.05848915490581326
130,24,0.054789363075323984,0.015368442576268375,0.17506091699763865,0.1491906352612005,0.05121528706003155,0.29620911006818723,0,False,8,0,0,0,0,0,0,3026,2859,2710,2580,2802,2552,2960,2780,1399,2906,2088,2619,3134,2722,2180,1127,3129,2428,887,3051,3117,19,129,3003,0.023314769565732966,0.023314769565732966,0.02623289173185458,0.02289934930079561,0.02214914204923686,0.13248928918758293,0.044952371025903194,0.04372122487304509,0.13907608855292475,0.022657099468737844,0.12800858691083208,0.025098340941700666,0.015764793378601948,0.03868495108577203,0.11921100127575841,0.17506091699763865,0.022657099468737844,0.07533303907261081,0.03729477425268261,0.02289934930079561,0.015764793378601948,0.015368442576268375,0.09705213460001708,0.025939495246210784,0.14395861995600523,0.14395861995600523,0.1915175331168283,0.14930761043954432,0.08483777901629434,0.1559674519452682,0.15524297869398185,0.13044722515258195,0.1250030091464961,0.18552966835011725,0.10835224964295573,0.08070465982731137,0.26038079321397956,0.06768514716363237,0.1295364061918367,0.29620911006818723,0.18552966835011725,0.05121528706003155,0.062044718233329674,0.14930761043954432,0.26038079321397956,0.17704745988064624,0.05848915490581326,0.2279216923043246
131,24,0.054301044290656734,0.015277029342901777,0.17506091699763865,0.14404257085372976,0.05121528706003155,0.29620911006818723,0,False,9,0,0,0,0,0,0,3026,3145,2859,2710,2580,2802,2552,2960,2780,1399,2906,2088,2619,3134,2722,2180,1127,3129,2428,887,3051,3117,19,129,0.022962288371324746,0.023554483798689862,0.023554483798689862,0.02618275845315782,0.02258696331770805,0.021456028181440438,0.13248928918758293,0.044952371025903194,0.0428975804749939,0.13907608855292475,0.022575904736020242,0.12800858691083208,0.024284807956558633,0.016041102948529583,0.03729477425268261,0.11921100127575841,0.17506091699763865,0.022575904736020242,0.07533303907261081,0.03589779693153503,0.02258696331770805,0.016041102948529583,0.015277029342901777,0.09332379638602022,0.13196206829300478,0.21529540162633812,0.21529540162633812,0.17555773869042593,0.1368653095695823,0.07776796409826982,0.1559674519452682,0.15524297869398185,0.11957662305653345,0.1250030091464961,0.17006886265427415,0.10835224964295573,0.07397927150836875,0.23868239377948125,0.062044718233329674,0.1295364061918367,0.29620911006818723,0.17006886265427415,0.05121528706003155,0.056874325047218864,0.1368653095695823,0.23868239377948125,0.16229350489059238,0.05361505866366215
132,24,0.0514908762651713,0.015123532933738438,0.17506091699763865,0.1538230772620531,0.05361505866366215,0.29620911006818723,0,False,9,0,0,0,0,0,0,3026,3145,2859,2710,2580,2802,2552,2960,2780,1399,2906,2088,2619,3134,2722,3180,2180,1127,3129,3172,3051,3117,19,129,0.022539273499957404,0.02366656491144805,0.02366656491144805,0.02601616268096824,0.022773902707462865,0.020743486942589404,0.13248928918758293,0.044952371025903194,0.0428975804749939,0.13907608855292475,0.02239779795626189,0.12800858691083208,0.02405828484006185,0.01622335673061871,0.03589779693153503,0.02405828484006185,0.11921100127575841,0.17506091699763865,0.02239779795626189,0.022773902707462865,0.02220133227196185,0.01622335673061871,0.015123532933738438,0.09332379638602022,0.1209652292685877,0.1973541181574766,0.1973541181574766,0.16092792713289042,0.20879320043878377,0.071287300423414,0.1559674519452682,0.15524297869398185,0.11957662305653345,0.1250030091464961,0.15589645743308464,0.10835224964295573,0.151147665549338,0.21879219429785782,0.056874325047218864,0.151147665549338,0.1295364061918367,0.29620911006818723,0.15589645743308464,0.20879320043878377,0.12545986710545043,0.21879219429785782,0.14876904614970968,0.05361505866366215
133,24,0.0511809687407451,0.014914972219456386,0.17506091699763865,0.14452672556354096,0.05213479795995062,0.29620911006818723,0,False,9,0,0,0,0,0,0,3026,3145,2859,2710,2580,2802,2552,2960,2780,1399,2906,2088,2619,3134,2722,3180,2180,1127,3129,3172,3051,3117,19,129,0.02205601129056521,0.02365998347007547,0.02365998347007547,0.025744915498242735,0.022840633836479836,0.020018238927518847,0.13248928918758293,0.04441291743866789,0.0428975804749939,0.13624817573892942,0.022133062601677408,0.12800858691083208,0.023742322312805,0.016316526579739737,0.03450314393377147,0.02405828484006185,0.11921100127575841,0.17506091699763865,0.022133062601677408,0.022840633836479836,0.02175268336909235,0.016316526579739737,0.014914972219456386,0.09332379638602022,0.11088479349620539,0.18090794164435356,0.18090794164435356,0.14751726653848288,0.1913937670688851,0.06534669205479617,0.1559674519452682,0.14230606380281668,0.11957662305653345,0.11458609171762141,0.14290508598032758,0.10835224964295573,0.13855202675355982,0.200559511439703,0.05213479795995062,0.151147665549338,0.1295364061918367,0.29620911006818723,0.14290508598032758,0.1913937670688851,0.11500487817999622,0.200559511439703,0.13637162563723387,0.05361505866366215
134,24,0.05088724943206538,0.01632664070527884,0.17506091699763865,0.14495523830873855,0.04779023146328807,0.29620911006818723,0,False,10,0,0,0,0,0,0,3026,3145,2859,2710,2580,2802,3237,2552,2960,2780,1399,2906,2088,2619,3134,2722,3180,2180,1127,3129,3172,3051,3117,129,0.021522257653920053,0.023544696154921354,0.023544696154921354,0.025380980372927398,0.022796193184567548,0.019286230066201185,0.01674770335432968,0.13248928918758293,0.04441291743866789,0.04196149432462852,0.13308888380970915,0.021792015393695203,0.12800858691083208,0.023347993478035428,0.01632664070527884,0.03311867966614568,0.023742322312805,0.11921100127575841,0.17506091699763865,0.021792015393695203,0.022796193184567548,0.021250779608390145,0.01674770335432968,0.09332379638602022,0.10164439403818827,0.16583227984065743,0.16583227984065743,0.1352241609936093,0.17544428647981133,0.05990113438356315,0.2671795521530611,0.1559674519452682,0.14230606380281668,0.109611904468489,0.10503725074115296,0.13099632881530027,0.10835224964295573,0.12700602452409648,0.18384621881972774,0.04779023146328807,0.13855202675355982,0.1295364061918367,0.29620911006818723,0.13099632881530027,0.17544428647981133,0.1054211383316632,0.2671795521530611,0.05361505866366215
135,24,0.05055512638863008,0.016260463044649412,0.17506091699763865,0.14512709041598282,0.04380771217468073,0.29620911006818723,0,False,10,0,0,0,0,0,0,3026,3145,2859,2710,2580,2802,3237,2552,2960,2780,1399,2906,2088,3260,3134,2722,3180,2180,1127,3129,3172,3051,3117,129,0.020947135896809885,0.023331244230315074,0.023331244230315074,0.024936181463133852,0.022650425688146295,0.018552669400124313,0.017073722635165003,0.13248928918758293,0.04441291743866789,0.04196149432462852,0.12965561301603434,0.021384774185909394,0.12800858691083208,0.023234578203935808,0.016260463044649412,0.0317511072213938,0.023347993478035428,0.11921100127575841,0.17506091699763865,0.021384774185909394,0.023234578203935808,0.020704803087015354,0.017073722635165003,0.09332379638602022,0.09317402786833924,0.1520129231872693,0.1520129231872693,0.1239554809108085,0.1608239292731604,0.054909373184932886,0.24491458947363934,0.1559674519452682,0.14230606380281668,0.109611904468489,0.09628414651272355,0.1200799680806919,0.10835224964295573,0.24415726260649373,0.16852570058475042,0.04380771217468073,0.12700602452409648,0.1295364061918367,0.29620911006818723,0.1200799680806919,0.24415726260649373,0.09663604347069125,0.24491458947363934,0.05361505866366215
136,24,0.05061856220372768,0.016125209036224664,0.17506091699763865,0.1422435207738459,0.040157069493457334,0.29620911006818723,0,False,10,0,0,0,0,0,0,3026,3145,2859,2710,2580,2802,3237,2552,2960,2780,1399,3283,2906,2088,3260,3134,2722,3280,2180,1127,3172,3051,3180,129,0.020339071185035338,0.023030410876399905,0.023030410876399905,0.024421973395699067,0.022413617128369614,0.017822074596257655,0.017297877400515697,0.13248928918758293,0.04372122487304509,0.04196149432462852,0.12965561301603434,0.02146063011657604,0.020921077344711967,0.12800858691083208,0.023534623894151056,0.016125209036224664,0.030406069952421122,0.02347631174925196,0.11921100127575841,0.17506091699763865,0.023534623894151056,0.020123276722506963,0.02347631174925196,0.09332379638602022,0.08540952554597764,0.1393451795883302,0.1393451795883302,0.11362585750157446,0.14742193516706367,0.050333592086188476,0.22450504035083604,0.1559674519452682,0.13044722515258195,0.109611904468489,0.09628414651272355,0.1934066374073009,0.11007330407396758,0.10835224964295573,0.22381082405595257,0.15448189220268788,0.040157069493457334,0.19975552248042178,0.1295364061918367,0.29620911006818723,0.22381082405595257,0.08858303984813365,0.19975552248042178,0.05361505866366215
137,24,0.050316511190503205,0.015928301638763947,0.1799257799982013,0.13261832676078847,0.03681064703566922,0.27152501756250497,0,False,10,0,0,0,0,0,0,3026,3145,2859,2710,2580,2802,3237,2552,2960,2780,1399,3283,2906,2088,3260,3134,2722,3280,2180,1127,3172,3051,3180,129,0.01970575539314049,0.02265293788930149,0.02265293788930149,0.02384926696185122,0.022096183872187983,0.017098322265317458,0.01742507818552788,0.13248928918758293,0.04372122487304509,0.040931433901687374,0.12600161512483796,0.02146063011657604,0.020410149420522564,0.12800858691083208,0.02370307750936586,0.015928301638763947,0.029088252546694022,0.02348557466706825,0.11693540347090789,0.1799257799982013,0.02370307750936586,0.019514018186909295,0.02348557466706825,0.09332379638602022,0.07829206508381283,0.1277330812893027,0.1277330812893027,0.10415703604310991,0.1351367739031417,0.0461391260790061,0.20579628698826635,0.1559674519452682,0.13044722515258195,0.1004775790961149,0.08826046763666325,0.1934066374073009,0.10090052873447028,0.10835224964295573,0.20515992205128986,0.1416084011857972,0.03681064703566922,0.18310922894038661,0.11874170567585031,0.27152501756250497,0.20515992205128986,0.08120111986078918,0.18310922894038661,0.05361505866366215
138,24,0.049481015275130456,0.01567716841583963,0.1799257799982013,0.13789376658293775,0.042294198905755594,0.2719799297392441,0,False,10,0,0,0,0,0,0,3026,3145,2859,2710,2580,2802,3318,2552,2960,2780,1399,3283,2906,2088,3260,3134,3237,3280,2180,1127,3172,3051,3180,129,0.01905413649687706,0.022209299243153405,0.022209299243153405,0.0232283041193792,0.021708419310294002,0.016384700735508264,0.017911802741429814,0.13248928918758293,0.0428975804749939,0.040931433901687374,0.12600161512483796,0.02143095366911733,0.01986060721401253,0.12800858691083208,0.023748351352508076,0.01567716841583963,0.017911802741429814,0.023385551439870304,0.11693540347090789,0.1799257799982013,0.023748351352508076,0.018884120152133265,0.023385551439870304,0.08961625786700281,0.07176772632682842,0.11708865784852746,0.11708865784852746,0.09547728303951741,0.12387537607787988,0.042294198905755594,0.2719799297392441,0.1559674519452682,0.11957662305653345,0.1004775790961149,0.08826046763666325,0.17728941762335915,0.09249215133993109,0.10835224964295573,0.18806326188034903,0.12980770108698075,0.2719799297392441,0.16785012652868772,0.11874170567585031,0.27152501756250497,0.18806326188034903,0.07443435987239008,0.16785012652868772,0.04914713710835697
139,24,0.049213058061668084,0.015379078285657363,0.1836516989201643,0.12767114880326416,0.03876968233027596,0.2493149355943071,0,False,10,0,0,0,0,0,0,3026,3145,2859,2710,2580,2802,3318,2552,2960,2780,1399,3283,2906,2088,3260,3134,3237,3280,2180,1127,3172,3051,3180,129,0.018390427228656157,0.021709526993999865,0.021709526993999865,0.0225685752814805,0.02126029378808571,0.01568396344504963,0.018285051620157543,0.1309259083729799,0.0428975804749939,0.03982463907522039,0.12600161512483796,0.02130492373252482,0.019280400152814157,0.12800858691083208,0.023680044337403672,0.015379078285657363,0.018285051620157543,0.02318664330738958,0.11435696085776491,0.1836516989201643,0.023680044337403672,0.018239951444067933,0.02318664330738958,0.08961625786700281,0.06578708246625938,0.10733126969448349,0.10733126969448349,0.0875208427862243,0.11355242807138989,0.03876968233027596,0.2493149355943071,0.1429701642831625,0.11957662305653345,0.092104447504772,0.08826046763666325,0.16251529948807922,0.0847844720616035,0.10835224964295573,0.17239132339031993,0.11899039266306569,0.2493149355943071,0.1538626159846304,0.10884656353619611,0.24889793276562955,0.17239132339031993,0.0682314965496909,0.1538626159846304,0.04914713710835697
140,24,0.048788464452664215,0.014998381555689975,0.1836516989201643,0.11966278532100098,0.035538875469419626,0.24889793276562955,0,False,10,0,0,0,0,0,0,3026,3145,2859,2710,2580,2802,3318,2552,2960,2780,1399,3283,2906,2088,3260,3134,3237,3280,2180,1127,3172,3051,3180,129,0.017720128358395242,0.02116308381289943,0.02116308381289943,0.021878771933118244,0.02076130318258651,0.014998381555689975,0.018547955842511735,0.1309259083729799,0.0428975804749939,0.038657005401862246,0.12600161512483796,0.02109217214303845,0.018676779061461438,0.12482221611946988,0.023508514143766465,0.015041015029223505,0.018547955842511735,0.022899535278333896,0.11435696085776491,0.1836516989201643,0.023508514143766465,0.017587174306328755,0.022899535278333896,0.08961625786700281,0.06030482559407109,0.09838699721994319,0.09838699721994319,0.0802274392207056,0.1040897257321074,0.035538875469419626,0.22853869096144816,0.1429701642831625,0.11957662305653345,0.08442907687937433,0.08826046763666325,0.14897235786407262,0.0777190993898032,0.09932289550604274,0.15802537977445993,0.10907452660781021,0.22853869096144816,0.14104073131924455,0.10884656353619611,0.24889793276562955,0.15802537977445993,0.06254553850388332,0.14104073131924455,0.04914713710835697
141,24,0.048526438513136864,0.014329794758125602,0.18627050307127938,0.11526795049620588,0.03257730251363466,0.2281899314599216,0,False,10,0,0,0,0,0,0,3026,3145,2859,2710,2580,2802,3318,2552,2960,2780,1399,3283,2906,3404,3260,3134,3237,3280,2180,1127,2088,3051,3180,129,0.017048062625040817,0.020578775884259083,0.020578775884259083,0.02116676799745089,0.020220360365059194,0.014329794758125602,0.018705470566024437,0.1289108276339212,0.0428975804749939,0.03744302388095329,0.12600161512483796,0.020802485641244824,0.018056287811107175,0.023843980731435763,0.023244506912352383,0.014669583731784014,0.018705470566024437,0.02253490691328886,0.11435696085776491,0.18627050307127938,0.12482221611946988,0.016930773619270905,0.022899535278333896,0.08961625786700281,0.05527942346123183,0.09018808078494792,0.09018808078494792,0.0735418192856468,0.09541558192109845,0.03257730251363466,0.20949380004799414,0.1310559839262323,0.11957662305653345,0.0773933204727598,0.08826046763666325,0.13655799470873323,0.07124250777398626,0.2281899314599216,0.14485659812658827,0.09998498272382603,0.20949380004799414,0.12928733704264084,0.10884656353619611,0.22815643836849375,0.09932289550604274,0.05733341029522637,0.14104073131924455,0.04914713710835697
142,24,0.04706767333081935,0.01367965954428866,0.18627050307127938,0.12482884949107138,0.029862527304165103,0.22815643836849375,0,False,10,0,0,0,0,0,0,3026,3145,2859,2710,2580,2802,3318,2552,2960,3417,1399,3283,2906,3404,3260,3134,3237,3416,3280,2180,2780,1127,2088,3180,0.016378415988043172,0.019964699830308394,0.019964699830308394,0.020439623957268463,0.019645723436323766,0.01367965954428866,0.01876396228967836,0.12650390299886702,0.04304367762720756,0.037129251815688755,0.12600161512483796,0.020445561324269845,0.017424772880656216,0.02404412200008156,0.02289884670014084,0.014270945879262928,0.01876396228967836,0.04304367762720756,0.022103200018054863,0.11435696085776491,0.037129251815688755,0.18627050307127938,0.12482221611946988,0.02253490691328886,0.05067280483946251,0.08267240738620225,0.08267240738620225,0.06741333434517624,0.08746428342767357,0.029862527304165103,0.19203598337732797,0.1201346519323796,0.19294523780182232,0.15427721043336318,0.08826046763666325,0.12517816181633878,0.06530563212615408,0.20917410383826146,0.13278521494937257,0.09165290083017386,0.19203598337732797,0.19294523780182232,0.11851339228908743,0.10884656353619611,0.15427721043336318,0.22815643836849375,0.09932289550604274,0.12928733704264084
143,24,0.047608965936702406,0.013049094467659296,0.18627050307127938,0.13379522123789098,0.027373983362151345,0.22815643836849375,0,False,10,0,0,0,0,0,0,3026,3145,2859,2710,2580,2802,3318,2552,3441,3417,1399,3283,3443,3404,3260,3134,3237,3416,3280,2960,2780,1127,2088,2180,0.01571478346762552,0.019328217580761257,0.019328217580761257,0.019703608426114027,0.019044954677125154,0.013049094467659296,0.01873082254959408,0.12650390299886702,0.03761957132140707,0.03761957132140707,0.12600161512483796,0.02054740574920486,0.02054740574920486,0.024117147950439247,0.022482183394755474,0.013850778726737225,0.01873082254959408,0.042978600767889,0.021614438987074342,0.042978600767889,0.03667375827339572,0.18627050307127938,0.12482221611946988,0.11435696085776491,0.04645007110284063,0.07578304010401873,0.07578304010401873,0.06179555648307822,0.0801755931420341,0.027373983362151345,0.17603298476255064,0.1201346519323796,0.22475410956391625,0.22475410956391625,0.08826046763666325,0.19807998166497723,0.19807998166497723,0.19174292851840632,0.12171978037025818,0.08401515909432603,0.17603298476255064,0.1768664679850038,0.10863727626499681,0.1768664679850038,0.1414207762305829,0.22815643836849375,0.09932289550604274,0.10884656353619611
144,24,0.04629251903979287,0.012438922108418233,0.18627050307127938,0.13190994903135553,0.025092818081972064,0.24469690269900476,0,False,10,0,0,0,0,0,0,3026,3145,2859,2710,2580,2802,3318,2552,3441,3417,1399,3283,3443,3404,3260,3134,3237,3472,3280,2960,2780,1127,2088,2180,0.015060217383060442,0.018675953580576603,0.018675953580576603,0.018964232591842146,0.01842490448991971,0.012438922108418233,0.018614119603006483,0.12650390299886702,0.037898852497937535,0.037898852497937535,0.12600161512483796,0.02054586845083853,0.02054586845083853,0.024072577729319797,0.02200479534224718,0.013414254698122545,0.019094176134614785,0.019094176134614785,0.021078098250694212,0.04272079342943108,0.03667375827339572,0.18627050307127938,0.12482221611946988,0.1115258444131822,0.04257923184427057,0.06946778676201718,0.06946778676201718,0.05664592677615503,0.07349429371353125,0.025092818081972064,0.16136356936567142,0.1201346519323796,0.2060246004335899,0.2060246004335899,0.08826046763666325,0.18157331652622913,0.18157331652622913,0.17576435114187244,0.11157646533940334,0.07701389583646552,0.24469690269900476,0.24469690269900476,0.0995841699095804,0.16212759565292015,0.1414207762305829,0.22815643836849375,0.09932289550604274,0.09977601657484643
145,24,0.04591662946797515,0.01184970761266666,0.18627050307127938,0.12357774329544687,0.02300174990847439,0.22815643836849375,0,False,10,0,0,0,0,0,0,3026,3145,2859,2710,2580,2802,3318,2552,3441,3417,1399,3283,3443,3404,3260,3134,3237,3472,3280,2960,2780,1127,2088,2180,0.014417276272536823,0.01801380932592238,0.01801380932592238,0.018964232591842146,0.017791715116475912,0.01184970761266666,0.018422294635492234,0.12650390299886702,0.037980438218212044,0.037980438218212044,0.12217571225940989,0.020449565954079534,0.020449565954079534,0.023920792895439292,0.02147644140166136,0.012966036880858246,0.019343677240063754,0.019343677240063754,0.02050301065472893,0.04272079342943108,0.03609364540150719,0.18627050307127938,0.12482221611946988,0.1115258444131822,0.03903096252391469,0.06367880453184907,0.06367880453184907,0.05664592677615503,0.06736976923740365,0.02300174990847439,0.14791660525186545,0.1201346519323796,0.18885588373079074,0.18885588373079074,0.08090542866694131,0.16644220681571004,0.16644220681571004,0.16111732188004974,0.10227842656111973,0.07059607118342673,0.22430549414075435,0.22430549414075435,0.09128548908378202,0.16212759565292015,0.129635711544701,0.22815643836849375,0.09932289550604274,0.09977601657484643
146,24,0.03745133501120861,0.011281793790987388,0.1878322556947317,0.13657435677253504,0.021084937416101526,0.28894670296235814,0,False,12,0,0,0,0,0,0,3026,3515,3145,2859,2710,2580,2802,3521,3318,2552,3441,3417,1399,3283,3443,3404,3260,3134,3237,3472,3280,2960,2780,1127,0.013788073185389502,0.020790336640341155,0.01734699086946993,0.01734699086946993,0.018226293673172453,0.017150839516679905,0.011281793790987388,0.019987344999405833,0.01816390505293315,0.12650390299886702,0.037879604295297714,0.037980438218212044,0.11822217920327507,0.020790336640341155,0.020267636062522666,0.023672648008071975,0.020906256321629534,0.012510287079613507,0.01948483284864176,0.019987344999405833,0.019897310469609096,0.04272079342943108,0.03609364540150719,0.1878322556947317,0.035778382313588465,0.2359053562477342,0.05837223748752831,0.05837223748752831,0.05192543287814211,0.06175562180095334,0.021084937416101526,0.28894670296235814,0.13559022148087665,0.1201346519323796,0.1731178934198915,0.18885588373079074,0.07416330961136286,0.2359053562477342,0.15257202291440086,0.14769087839004558,0.09375522434769308,0.0647130652514745,0.20561336962902482,0.28894670296235814,0.08367836499346686,0.16212759565292015,0.129635711544701,0.20914340183778593
147,24,0.037101632696150494,0.010735332847590815,0.1878322556947317,0.12799666066736803,0.019327859298093063,0.2648678110488283,0,False,12,0,0,0,0,0,0,3026,3515,3145,2859,2710,2580,2802,3521,3318,2552,3441,3417,1399,3283,3443,3404,3260,3134,3237,3472,3280,2960,2780,1127,0.013174322380051966,0.021010200994825496,0.016680045591171755,0.016680045591171755,0.017493924205265257,0.016507071427927875,0.010735332847590815,0.020501039636862627,0.01784741441654262,0.12376275068780068,0.037879604295297714,0.037980438218212044,0.11822217920327507,0.021010200994825496,0.02000943813702258,0.02333914175248449,0.020302683065118027,0.01205068333818101,0.019524529273160233,0.020501039636862627,0.019268404944146365,0.04272079342943108,0.035405644945652515,0.1878322556947317,0.032796850454122756,0.216246576560423,0.05350788436356761,0.05350788436356761,0.047598313471630266,0.05660931998420723,0.019327859298093063,0.2648678110488283,0.12429103635747026,0.11012343093801463,0.1731178934198915,0.18885588373079074,0.07416330961136286,0.216246576560423,0.13985768767153411,0.1353833051908751,0.08594228898538532,0.05932030981385162,0.18847892215993942,0.2648678110488283,0.07670516791067795,0.16212759565292015,0.11883273558264257,0.20914340183778593
148,24,0.03634534196608651,0.010210314872766064,0.1878322556947317,0.1255299402438096,0.017717204356585307,0.24279549346142593,0,False,11,0,0,0,0,0,0,3026,3515,3145,2859,2710,2580,2802,3569,2552,3441,3417,1399,3283,3443,3404,3521,3318,3472,3280,2960,2780,1127,3134,3237,0.012577383743991784,0.02111580031092177,0.01601690515600557,0.01601690515600557,0.016770644584237365,0.015864583249283006,0.010210314872766064,0.011889360846038368,0.12376275068780068,0.03761287101430872,0.037879604295297714,0.11418075544659291,0.021010200994825496,0.01968430496395125,0.022931147977255442,0.020886594781802412,0.017481026454798848,0.020886594781802412,0.018622968765445034,0.042289589739216905,0.035405644945652515,0.1878322556947317,0.011889360846038368,0.01947063787730639,0.030063779582945857,0.1982260285137211,0.04904889399993698,0.04904889399993698,0.04363178734899441,0.05189187665218996,0.017717204356585307,0.13771028399603066,0.11012343093801463,0.1586914023015672,0.1731178934198915,0.06798303381041595,0.216246576560423,0.12820288036557292,0.12410136309163551,0.24279549346142593,0.11393344999434774,0.24279549346142593,0.07031307058478813,0.14861696268184346,0.11883273558264257,0.20914340183778593,0.13771028399603066,0.1727723453132778
149,24,0.03644331566775475,0.009706593273196272,0.1878322556947317,0.12392368871278263,0.016240770660203196,0.22256253567297377,0,False,10,0,0,0,0,0,0,3026,3589,2859,2710,2580,2802,3569,2552,3441,3417,1399,3283,3443,3515,3145,3521,3318,3472,3280,2960,2780,1127,3404,3237,0.011998304481281105,0.019799124121166408,0.015360932154794121,0.016059416843187662,0.015226968982346267,0.009706593273196272,0.011689137930523084,0.12376275068780068,0.03719740633858256,0.03761287101430872,0.11418075544659291,0.02111580031092177,0.019799124121166408,0.021115084216386488,0.015360932154794121,0.02114825125013382,0.017072559210213514,0.02114825125013382,0.017966956366690823,0.042289589739216905,0.035405644945652515,0.1878322556947317,0.022459203306451184,0.019331662185841335,0.027558464617700368,0.20085264033510852,0.044961486166608895,0.03999580506991154,0.047567553597840796,0.016240770660203196,0.12623442699636145,0.11012343093801463,0.1454671187764366,0.1586914023015672,0.06798303381041595,0.1982260285137211,0.20085264033510852,0.18170719280424433,0.044961486166608895,0.22256253567297377,0.10443899582815208,0.22256253567297377,0.06445364803605579,0.14861696268184346,0.11883273558264257,0.20914340183778593,0.11375958283399921,0.15837464987050462
150,24,0.02853982680465697,0.009223907341039981,0.12376275068780068,0.13155705891596212,0.014887373105186261,0.28734899103355926,0,False,13,0,0,0,0,0,0,3026,3600,3589,2859,2710,2580,2802,3569,3606,2552,3617,3441,3417,1399,3283,3443,3515,3145,3521,3318,3472,3280,2960,2780,0.011732839157478709,0.011732839157478709,0.019813023650993498,0.014714968436733204,0.015362698100906519,0.014597289994856951,0.009223907341039981,0.011750840429214536,0.011750840429214536,0.12376275068780068,0.021841301550477133,0.03665052466001857,0.03719740633858256,0.11418075544659291,0.021115084216386488,0.019813023650993498,0.021016901766034362,0.014714968436733204,0.021292178121730433,0.016629354608194234,0.021841301550477133,0.017305627666502628,0.042289589739216905,0.03462582817410997,0.10859525923289201,0.10859525923289201,0.1841149203071828,0.04121469565272482,0.036662821314085575,0.04360359079802073,0.014887373105186261,0.19904822474666467,0.19904822474666467,0.11012343093801463,0.28734899103355926,0.1333448588784002,0.1454671187764366,0.06798303381041595,0.18170719280424433,0.1841149203071828,0.16656492673722395,0.04121469565272482,0.20401565770022595,0.09573574617580607,0.28734899103355926,0.0590825106997178,0.14861696268184346,0.10893000761742234
151,24,0.028345853720122192,0.008761902177007123,0.12376275068780068,0.13282156966423844,0.013646758679754073,0.26340324178076263,0,False,14,0,0,0,0,0,0,3626,3026,3600,3589,2859,2710,2580,2802,3569,3606,2552,3617,3441,3417,1399,3283,3443,3515,3145,3521,3472,3280,2960,2780,0.020243142908271963,0.011441565808235696,0.011441565808235696,0.020243142908271963,0.014081383588258183,0.014682492520856273,0.013978121845040747,0.008761902177007123,0.011753148259587131,0.011753148259587131,0.12376275068780068,0.02239262161081256,0.035989279243853124,0.03665052466001857,0.11008675705467717,0.021115084216386488,0.019734199610332064,0.020830640560398392,0.014081383588258183,0.021326010967608562,0.02239262161081256,0.01664358347529553,0.042289589739216905,0.03462582817410997,0.25210534361491754,0.09954565429681768,0.09954565429681768,0.25210534361491754,0.03778013768166442,0.03360758620457844,0.039969958231519,0.013646758679754073,0.1824608726844426,0.1824608726844426,0.11012343093801463,0.26340324178076263,0.12223278730520018,0.1333448588784002,0.06231778099288129,0.18170719280424433,0.16877201028158423,0.15268451617578863,0.03778013768166442,0.1870143528918738,0.26340324178076263,0.054158968141407984,0.14861696268184346,0.10893000761742234
152,24,0.026778087612992243,0.008320146187848059,0.12074195121700104,0.1255141987455533,0.012509528789774566,0.24145297163236573,0,False,13,0,0,0,0,0,0,3626,3026,3600,3589,2859,2710,2580,2802,3569,3606,2552,3669,3417,1399,3283,3443,3515,3145,3521,3472,3280,3617,3441,2780,0.020550255996956993,0.011129277992329868,0.011129277992329868,0.020550255996956993,0.01346212239276994,0.014020400947050607,0.013371600812252622,0.008320146187848059,0.011700967433495885,0.011700967433495885,0.12074195121700104,0.016397054228725595,0.035989279243853124,0.10597126248421998,0.021016901766034362,0.01957140134796238,0.020565918275841668,0.01346212239276994,0.021258424827642692,0.022804394384628494,0.016397054228725595,0.022804394384628494,0.035989279243853124,0.033769391500440636,0.23109656498034106,0.0912501831054162,0.0912501831054162,0.23109656498034106,0.03463179287485905,0.03080695402086357,0.03663912837889241,0.012509528789774566,0.16725579996073905,0.16725579996073905,0.10094647835984674,0.132979054129624,0.12223278730520018,0.057124632576807846,0.16656492673722395,0.1547076760914522,0.1399608064944729,0.03463179287485905,0.17142982348421765,0.24145297163236573,0.132979054129624,0.24145297163236573,0.12223278730520018,0.09985250698263715
153,24,0.02644803107660743,0.00789814637707862,0.12074195121700104,0.13028796583129193,0.011467068057293351,0.3046652239963352,0,False,13,0,0,0,0,0,0,3626,3026,3600,3589,2859,3678,3691,2802,3569,3606,2552,3669,3417,1399,3283,3443,3515,3145,2580,3521,3472,3280,3441,2780,0.02073962825553039,0.010800389924271533,0.010800389924271533,0.02073962825553039,0.012858750423099235,0.013109050525502453,0.023676662296820403,0.00789814637707862,0.011599512601187153,0.011599512601187153,0.12074195121700104,0.016099570441349742,0.035989279243853124,0.10186135048343566,0.020830640560398392,0.019333634596349302,0.02023232722039651,0.012858750423099235,0.013109050525502453,0.021098753173422635,0.023676662296820403,0.016099570441349742,0.03523014253068052,0.033769391500440636,0.21183851789864597,0.08364600117996485,0.08364600117996485,0.21183851789864597,0.03174581013528746,0.11691920101398472,0.3046652239963352,0.011467068057293351,0.15331781663067745,0.15331781663067745,0.10094647835984674,0.12189746628548866,0.12223278730520018,0.05236424652874053,0.15268451617578863,0.14181536975049783,0.12829740595326683,0.03174581013528746,0.11691920101398472,0.15714400486053284,0.3046652239963352,0.12189746628548866,0.1120467216964335,0.09985250698263715
154,24,0.025363176684329206,0.0074953616412778475,0.12074195121700104,0.12962486891525216,0.010511479052518905,0.2792764553299739,0,False,14,0,0,0,0,0,0,3626,3026,3600,3589,3698,2859,3678,3691,2802,3569,3606,2552,3669,3417,1399,3697,3515,3145,2580,3521,3472,3280,3441,2780,0.020818148342245706,0.010728655761919864,0.010728655761919864,0.020818148342245706,0.010728655761919864,0.012272497178869527,0.012813451506320864,0.02439233068455169,0.0074953616412778475,0.011454133958910323,0.011454133958910323,0.12074195121700104,0.015758495438619527,0.035989279243853124,0.09778037200111558,0.010728655761919864,0.01983922979220897,0.012272497178869527,0.012813451506320864,0.020856658788336133,0.02439233068455169,0.015758495438619527,0.03523014253068052,0.03285050794271286,0.1941853080737588,0.16000883441496777,0.16000883441496777,0.1941853080737588,0.16000883441496777,0.029100325957346837,0.10717593426281932,0.2792764553299739,0.010511479052518905,0.14054133191145432,0.14054133191145432,0.10094647835984674,0.11173934409503126,0.12223278730520018,0.04800055931801215,0.16000883441496777,0.11760595545716125,0.029100325957346837,0.10717593426281932,0.1440486711221551,0.2792764553299739,0.11173934409503126,0.1120467216964335,0.09153146473408405
155,24,0.021012431970768675,0.007111214274424366,0.12074195121700104,0.13941024072136948,0.009635522464808996,0.2560034173858094,0,False,15,0,0,0,0,0,0,3626,3026,3722,3589,3698,2859,3678,3691,2802,3569,3729,3606,2552,3669,3417,3721,3600,3515,3145,2580,3521,3280,3441,2780,0.02079389499078586,0.01088780076930971,0.01088780076930971,0.02079389499078586,0.010614064953880537,0.011704296390525844,0.012490384993288616,0.024951563300079412,0.007111214274424366,0.011560830494108292,0.011560830494108292,0.011270173691196953,0.12074195121700104,0.01538082217108532,0.035989279243853124,0.01088780076930971,0.01088780076930971,0.019395600879340433,0.011704296390525844,0.012490384993288616,0.020541858323552115,0.01538082217108532,0.03438876593134192,0.03188223432695157,0.17800319906761222,0.23000809821372045,0.23000809821372045,0.17800319906761222,0.1466747648803871,0.0266752987942346,0.09824460640758438,0.2560034173858094,0.009635522464808996,0.2121628875854998,0.2121628875854998,0.12882955425216647,0.10094647835984674,0.10242773208711199,0.12223278730520018,0.23000809821372045,0.23000809821372045,0.10780545916906448,0.0266752987942346,0.09824460640758438,0.13204461519530886,0.10242773208711199,0.10270949488839737,0.08390384267291037
156,24,0.021256269424395614,0.006745099870662984,0.12074195121700104,0.1404702393246507,0.008832562259408245,0.2941740900292438,0,False,14,0,0,0,0,0,0,3745,3722,3589,3698,2859,3678,3691,2802,3569,3729,3606,2552,3669,3417,3626,3026,3744,3515,3145,2580,3521,3280,3441,2780,0.011268079878360203,0.010984783269689843,0.020675744615629495,0.010461553477646067,0.011154823277424791,0.012145043919946577,0.02535777991327646,0.006745099870662984,0.011605654083988946,0.011605654083988946,0.011052850826627183,0.12074195121700104,0.014973097835832094,0.035989279243853124,0.02120897027766913,0.011268079878360203,0.02120897027766913,0.018909912142209363,0.011154823277424791,0.012145043919946577,0.02016389919307352,0.014973097835832094,0.03347980939254816,0.03087646447683399,0.2941740900292438,0.2108407566959104,0.1631695991453112,0.1344518678070215,0.02445235722804838,0.09005755587361901,0.23466979927032527,0.008832562259408245,0.1944826469533748,0.1944826469533748,0.11809375806448592,0.10094647835984674,0.09389208774651932,0.12223278730520018,0.24650293247864455,0.2941740900292438,0.24650293247864455,0.09882167090497576,0.02445235722804838,0.09005755587361901,0.12104089726236644,0.09389208774651932,0.09415037031436425,0.07691185578350117
157,24,0.02109098615613711,0.006396395802527069,0.12074195121700104,0.13113133478399117,0.008096515404457558,0.2696595825268068,0,False,14,0,0,0,0,0,0,3745,3722,3589,3698,2859,3678,3691,2802,3569,3729,3606,2552,3669,3417,3626,3026,3744,3515,3145,2580,3521,3280,3441,2780,0.011574615334039017,0.011023290521748306,0.020675744615629495,0.010275992817761911,0.010624528675571916,0.011782201879210854,0.025617079572077445,0.006396395802527069,0.011593098841764621,0.011593098841764621,0.010807172341011926,0.12074195121700104,0.014541375024183303,0.03523014253068052,0.021496976737259525,0.011574615334039017,0.02120897027766913,0.018390052602717182,0.010624528675571916,0.011782201879210854,0.019731985332285398,0.014541375024183303,0.03347980939254816,0.03087646447683399,0.2696595825268068,0.19327069363791785,0.1631695991453112,0.12324754548976971,0.02241466079237768,0.08255275955081742,0.21511398266446483,0.008096515404457558,0.17827575970726023,0.17827575970726023,0.10825261155911209,0.10094647835984674,0.08606774710097603,0.1120467216964335,0.2259610214387575,0.2696595825268068,0.24650293247864455,0.09058653166289445,0.02241466079237768,0.08255275955081742,0.1109541558238359,0.08606774710097603,0.09415037031436425,0.07691185578350117
158,24,0.020805571383787996,0.006064468437676366,0.12074195121700104,0.12566695421962124,0.0074218057874194275,0.24718795064957286,0,False,12,0,0,0,0,0,0,3745,3722,3810,3678,3691,2802,3569,3729,3606,2552,3669,3417,3626,3026,3744,3589,3698,2859,2580,3521,3280,3441,2780,3515,0.011808132192638432,0.011007628018452252,0.010374500721617417,0.011406198530642401,0.025737667423194353,0.006064468437676366,0.01152810720073918,0.01152810720073918,0.010537867713551238,0.12074195121700104,0.014091184919737043,0.03438876593134192,0.021496976737259525,0.011808132192638432,0.02120897027766913,0.02047302766228394,0.010062096567855672,0.010113670047464428,0.011406198530642401,0.01925484700742195,0.014091184919737043,0.03251683054424507,0.029843919337566974,0.01784327987879655,0.24718795064957286,0.1771648025014247,0.10388010572634622,0.07567336292158264,0.19718781744242608,0.0074218057874194275,0.16341944639832187,0.16341944639832187,0.09923156059585274,0.10094647835984674,0.07889543484256135,0.10270949488839737,0.2259610214387575,0.24718795064957286,0.24650293247864455,0.1495721325498686,0.11297691669895557,0.020546772393012874,0.07567336292158264,0.10170797617184957,0.07889543484256135,0.08630450612150056,0.07050253446820941,0.08303765402431991
159,24,0.020280959755449017,0.005748679243158328,0.12074195121700104,0.1233529788163018,0.0068033219718011415,0.22658895476210844,0,False,12,0,0,0,0,0,0,3745,3722,3810,3678,3691,2802,3569,3824,3606,2552,3669,3417,3626,3026,3744,3589,3698,2859,2580,3521,3729,3280,3441,2780,0.011970776899770249,0.010942513042394802,0.010103596345878622,0.011020938145213276,0.025729311539458077,0.005748679243158328,0.011415877832416616,0.01051367352974765,0.01051367352974765,0.12074195121700104,0.013627528348708427,0.03347980939254816,0.021663888742836195,0.011970776899770249,0.021496976737259525,0.020195237047138118,0.00982434993560406,0.009622339457585224,0.011020938145213276,0.0187406491648471,0.011415877832416616,0.013627528348708427,0.03151222341578779,0.029843919337566974,0.22658895476210844,0.1624010689596393,0.0952234302491507,0.06936724934478408,0.1807554993222239,0.0068033219718011415,0.1498011591984617,0.17429559721286503,0.17429559721286503,0.10094647835984674,0.0723208152723479,0.09415037031436425,0.207130936318861,0.22658895476210844,0.2259610214387575,0.13710778817071287,0.10356217364070927,0.0188345413602618,0.06936724934478408,0.0932323114908621,0.1498011591984617,0.0723208152723479,0.07911246394470885,0.07050253446820941
160,24,0.020026119439220245,0.005448389912436152,0.12074195121700104,0.1346383662562491,0.0062363784741510464,0.24310429744512627,0,False,13,0,0,0,0,0,0,3745,3722,3810,3842,3678,3691,2802,3569,3824,3606,2552,3669,3417,3626,3026,3744,3589,3856,2580,3521,3848,3280,3441,2780,0.012065845237517912,0.010832894182804193,0.010069088831579852,0.010069088831579852,0.010629898335660281,0.02560284785659859,0.005448389912436152,0.011261702589681993,0.010443084625813436,0.01071241087339757,0.12074195121700104,0.013154880879538788,0.03251683054424507,0.02171725371171561,0.012065845237517912,0.021663888742836195,0.0198517885660375,0.009813690458568482,0.010629898335660281,0.01819693259411841,0.01071241087339757,0.013154880879538788,0.03047719731808866,0.02879416590595177,0.20770654186526608,0.14886764654633602,0.17062147772838815,0.17062147772838815,0.06358664523271874,0.1656925410453719,0.0062363784741510464,0.13731772926525657,0.15977096411179292,0.24310429744512627,0.10094647835984674,0.06629408066631891,0.08630450612150056,0.1898700249589559,0.20770654186526608,0.207130936318861,0.1256821391564868,0.17826532583731686,0.06358664523271874,0.08546295219995692,0.24310429744512627,0.06629408066631891,0.0725197586159831,0.0646273232625253
161,24,0.019759313037744343,0.005162966637208554,0.12074195121700104,0.1348015914147985,0.005716680267971792,0.2397363545843558,0,False,14,0,0,0,0,0,0,3745,3722,3810,3867,3842,3678,3691,2802,3569,3824,3606,2552,3669,3417,3626,3026,3744,3589,3856,3521,3848,3280,3441,2780,0.012097517446739214,0.010683798471158608,0.00999119770307749,0.01024886982608123,0.01024886982608123,0.010236146405170484,0.025369744117557696,0.005162966637208554,0.011070832436654797,0.010330855627277806,0.0108475486263668,0.12074195121700104,0.012677208623547192,0.03151222341578779,0.021665750127682862,0.012097517446739214,0.02171725371171561,0.019451830676103215,0.009758645773626989,0.017630582310547278,0.0108475486263668,0.012677208623547192,0.029421787365200847,0.027735657864624296,0.1903976633764939,0.13646200933414135,0.15640302125102246,0.2397363545843558,0.2397363545843558,0.05828775812999218,0.1518848292915909,0.005716680267971792,0.1258745851598185,0.14645671710247685,0.22284560599136574,0.10094647835984674,0.06076957394412566,0.07911246394470885,0.1740475228790429,0.1903976633764939,0.1898700249589559,0.1152086275601129,0.16340988201754045,0.07834103951662717,0.22284560599136574,0.06076957394412566,0.0664764453979845,0.05924171299064818
162,24,0.019363530969518497,0.00489178363354795,0.12074195121700104,0.14231828444348324,0.00524029024564081,0.28760847215875196,0,False,11,0,0,0,0,0,0,3745,3722,3810,3867,3842,3678,3691,3898,2552,3669,3417,3626,3026,3744,3888,3589,3856,2802,3569,3824,3606,3280,3441,2780,0.012381911336908956,0.010500205987435186,0.009874505640653793,0.010368374504769842,0.010368374504769842,0.009842361133757471,0.025041727853668566,0.011203922411958419,0.12074195121700104,0.012197991861043679,0.03047719731808866,0.021518790816605432,0.012070611316988094,0.021665750127682862,0.012381911336908956,0.019004099431127436,0.009663616722317898,0.00489178363354795,0.010848370938172687,0.010181791674546676,0.011203922411958419,0.012197991861043679,0.029421787365200847,0.026675791862287555,0.25786452476178606,0.1250901752229629,0.14336943614677058,0.21975832503565948,0.21975832503565948,0.05343044495249283,0.1392277601839583,0.28760847215875196,0.10094647835984674,0.055705442782115186,0.0725197586159831,0.15954356263912264,0.17453119142845272,0.1740475228790429,0.25786452476178606,0.10560790859677015,0.14979239184941207,0.00524029024564081,0.11538503639650029,0.13425199067727045,0.28760847215875196,0.055705442782115186,0.0664764453979845,0.05430490357476083
163,24,0.01903928909585658,0.004634226020210683,0.1174924926267142,0.14157791031835096,0.004803599391837408,0.2847784646160212,0,False,10,0,0,0,0,0,0,3745,3722,3810,3867,3916,3691,3898,2552,3669,3417,3626,3026,3744,3888,3589,3856,3842,3678,2802,3824,3606,3280,3441,2780,0.01259005267785387,0.010286950505284644,0.009723614479121139,0.010430741751742051,0.010699749677673419,0.02463047891566631,0.011487567681385433,0.1174924926267142,0.011720254078559969,0.029421787365200847,0.02128617837342826,0.011990360314088221,0.021518790816605432,0.01259005267785387,0.018516813418697306,0.009533082940955027,0.010699749677673419,0.009450858190504532,0.004634226020210683,0.010000633366861933,0.011487567681385433,0.011720254078559969,0.028354889122244455,0.026675791862287555,0.23637581436497054,0.11466599395438265,0.1314219831345397,0.20144513128268784,0.2847784646160212,0.12762544683529511,0.26364109947885594,0.09253427182985952,0.05106332255027225,0.0664764453979845,0.14624826575252908,0.15998692547608165,0.15954356263912264,0.23637581436497054,0.0968072495470393,0.1373096925286277,0.2847784646160212,0.048977907873118426,0.004803599391837408,0.1230643247874979,0.26364109947885594,0.05106332255027225,0.06093674161481912,0.05430490357476083
164,24,0.018640508734920652,0.004389692136180082,0.11406141684169635,0.13060050048058897,0.004403299442517624,0.2610469258980194,0,False,10,0,0,0,0,0,0,3745,3722,3810,3867,3916,3691,3898,2552,3669,3417,3626,3026,3744,3888,3589,3856,3842,3678,2802,3824,3606,3280,3441,2780,0.012724873117491792,0.01004864390651904,0.00954304080911002,0.010439796784218205,0.010961938425233346,0.024147383802636396,0.011699589350241787,0.11406141684169635,0.011246594433676331,0.028354889122244455,0.020977815189937434,0.011862220677600222,0.02128617837342826,0.01259005267785387,0.017997603150786093,0.009371489384663903,0.010961938425233346,0.009063617698576543,0.004389692136180082,0.009791966238558415,0.011699589350241787,0.011246594433676331,0.027284310922352426,0.025620974385939216,0.21667782983455633,0.10511049445818409,0.1204701512066614,0.18465803700913053,0.2610469258980194,0.11698999293235385,0.24167100785561793,0.08482308251070456,0.0468080456710829,0.06093674161481912,0.13406091027315165,0.14665468168640816,0.14624826575252908,0.23637581436497054,0.08873997875145269,0.12586721815124205,0.2610469258980194,0.04489641555035855,0.004403299442517624,0.11280896438853974,0.24167100785561793,0.0468080456710829,0.055858679813584194,0.04977949494353076
165,24,0.018383077594994832,0.004157595374607502,0.11406141684169635,0.12031977495881126,0.0040363578223078225,0.2392930154065178,0,False,10,0,0,0,0,0,0,3745,3722,3810,3867,3916,3691,3898,2552,3669,3417,3626,3026,3744,3888,3589,3856,3842,3678,2802,3824,3606,3280,3441,2780,0.01279037443574641,0.009789621619204854,0.009337134618940592,0.010399845080444125,0.011156149652494491,0.023603346856943742,0.0118424252822467,0.11406141684169635,0.01077922205321189,0.027284310922352426,0.020603467196866194,0.011691708921828983,0.020977815189937434,0.012724873117491792,0.017997603150786093,0.009183156179899534,0.011156149652494491,0.00868231278188471,0.004157595374607502,0.009560152488845007,0.0118424252822467,0.01077922205321189,0.02621683842728341,0.024576695099210635,0.19862134401500997,0.09635128658666874,0.11043097193943961,0.16926986725836965,0.2392930154065178,0.10724082685465769,0.2215317572009831,0.08482308251070456,0.04290737519849266,0.055858679813584194,0.12288916775038901,0.1344334582125408,0.13406091027315165,0.21667782983455633,0.08873997875145269,0.11537828330530521,0.2392930154065178,0.041155047587828675,0.0040363578223078225,0.10340821735616143,0.2215317572009831,0.04290737519849266,0.05120378982911884,0.045631203698236526
166,24,0.018189043636303328,0.00403890991898421,0.11406141684169635,0.11470423140248502,0.03772546028884295,0.21935193078930795,0,False,10,0,0,0,0,0,0,3745,3722,3810,3867,3916,3691,3898,2552,3669,3417,3626,3026,3744,3888,3589,3856,3842,3678,4002,3824,3606,3280,3441,2780,0.01279135692303691,0.009513906136916758,0.009110018671850134,0.010315489394557571,0.01128483207429377,0.023008652103820464,0.011919578439135362,0.11406141684169635,0.010319990913019089,0.02621683842728341,0.020172578097199512,0.01148426929684734,0.020603467196866194,0.01279037443574641,0.017997603150786093,0.008972209824122225,0.01128483207429377,0.008308338184974161,0.00403890991898421,0.009309282287201685,0.011919578439135362,0.010319990913019089,0.02621683842728341,0.024576695099210635,0.18206956534709245,0.08832201270444634,0.10122839094448631,0.15516404498683883,0.21935193078930795,0.09830409128343622,0.2030707774342345,0.08482308251070456,0.039331760598618266,0.05120378982911884,0.11264840377118993,0.12323067002816239,0.12288916775038901,0.19862134401500997,0.08873997875145269,0.10576342636319644,0.21935193078930795,0.03772546028884295,0.08703332800378218,0.09479086590981464,0.2030707774342345,0.039331760598618266,0.05120378982911884,0.045631203698236526
167,24,0.017427186388144108,0.00391492694292598,0.11406141684169635,0.11483033944280978,0.03458167193143937,0.2010726032235323,0,False,11,0,0,0,0,0,0,3745,3722,3810,3867,4010,3916,3691,3898,2552,3669,3417,3626,3026,4019,3888,3589,3856,3678,4002,3824,3606,3280,3441,2780,0.01273317106777899,0.009225185684653603,0.009094187659693873,0.010191472430788424,0.009094187659693873,0.011351419760706275,0.022372868920608194,0.011935359253113498,0.11406141684169635,0.009870434342143729,0.025158306971419762,0.019694129375906286,0.011535181393494976,0.011535181393494976,0.01279135692303691,0.017453469356872458,0.008742533306493399,0.007942838281378902,0.00391492694292598,0.009043141830295202,0.011935359253113498,0.009870434342143729,0.025158306971419762,0.023547603352585964,0.1668971015681681,0.08096184497907581,0.1761260250324458,0.14223370790460227,0.1761260250324458,0.2010726032235323,0.0901120836764832,0.18614821264804826,0.08482308251070456,0.036054113882066745,0.046936807343358936,0.10326103679025743,0.19629478085914887,0.19629478085914887,0.18206956534709245,0.08134498052216496,0.09694980749959674,0.03458167193143937,0.07978055067013366,0.08689162708399675,0.18614821264804826,0.036054113882066745,0.046936807343358936,0.04182860339005015
168,24,0.01709925588201615,0.003787048872528793,0.11406141684169635,0.11651565995154552,0.03169986593715276,0.26327021578755316,0,False,12,0,0,0,0,0,0,4044,3745,3722,3810,3867,4010,3916,3691,3898,2552,3669,3417,3626,3026,4045,3589,3856,3678,4002,3824,3606,3280,3441,2780,0.01182587276571175,0.012621498243213534,0.008926805245784734,0.009037761573202246,0.010032545785489047,0.009037761573202246,0.011360088642892738,0.021704794643172737,0.011894647869436866,0.11406141684169635,0.009431798442328273,0.02411367810171405,0.01917654055854949,0.01182587276571175,0.01182587276571175,0.016890764898083836,0.008497732532682324,0.007586733972486336,0.003787048872528793,0.008765195363493659,0.011894647869436866,0.009431798442328273,0.02411367810171405,0.022537585297815868,0.26327021578755316,0.15298900977082075,0.07421502456415283,0.16144885627974195,0.13038089891255208,0.16144885627974195,0.1843165529549046,0.0826027433701096,0.17063586159404423,0.08482308251070456,0.03304960439189451,0.043025406731412356,0.0946559503910693,0.26327021578755316,0.26327021578755316,0.07456623214531788,0.08887065687463033,0.03169986593715276,0.07313217144762252,0.07965065816033036,0.17063586159404423,0.03304960439189451,0.043025406731412356,0.038342886440879305
169,24,0.016703509876059675,0.0036565324420609587,0.11406141684169635,0.10753329016808327,0.02905821044239003,0.2413310311385904,0,False,12,0,0,0,0,0,0,4044,3745,4072,3810,3867,4010,3916,3691,3898,2552,3669,3417,3626,3026,3722,3589,3856,3678,4002,3824,3606,3280,3441,2780,0.012042887301391154,0.012462163110219115,0.00845365411167106,0.00894483797504012,0.009843364322390887,0.00894483797504012,0.011315532755192217,0.02101242750057148,0.011802682372978785,0.11406141684169635,0.009005073919137895,0.02308711749462005,0.0186276038972312,0.012042887301391154,0.008621767402326003,0.016315195463250203,0.00845365411167106,0.007240748132109303,0.0036565324420609587,0.008478578541768048,0.011802682372978785,0.009005073919137895,0.02411367810171405,0.021549839659844302,0.2413310311385904,0.14023992562325235,0.1647981021350778,0.14799478492309678,0.11951582400317273,0.14799478492309678,0.16895684020866253,0.07571918142260047,0.1564162064612072,0.08482308251070456,0.030295470692569968,0.039439956170461324,0.08676795452514686,0.2413310311385904,0.06803043918380676,0.06835237946654138,0.1647981021350778,0.02905821044239003,0.06703782382698731,0.07301310331363615,0.1564162064612072,0.030295470692569968,0.043025406731412356,0.03514764590413936
170,24,0.016270388322024005,0.003524492733247238,0.11049163415485473,0.11818498052239663,0.02663669290552419,0.30455344521037453,0,False,14,0,0,0,0,0,0,4044,3745,4082,4072,3810,3867,4010,3916,3691,3898,4099,2552,3669,3417,3626,4093,3722,3589,3856,3678,4002,3606,3441,2780,0.01218875370146335,0.0122609781532504,0.00859056855859775,0.00859056855859775,0.008819571541465766,0.009628404161452605,0.008819571541465766,0.011315532755192217,0.020302963786114868,0.01166487617836934,0.008397219572396494,0.11049163415485473,0.008591025987728533,0.022082072092360433,0.018054447744061092,0.012503100603242535,0.008312740727501322,0.015731834745779584,0.008374588643166486,0.006905429375263819,0.003524492733247238,0.01166487617836934,0.02308711749462005,0.020586950740014674,0.2212201118770412,0.128553265154648,0.234398260290488,0.234398260290488,0.1356618861795054,0.10955617200290833,0.1356618861795054,0.16895684020866253,0.06940924963738376,0.14338152258943995,0.15026201137083314,0.07775449230147917,0.027770848134855804,0.03615329315625621,0.07953729164805129,0.30455344521037453,0.06236123591848953,0.0626563478443296,0.15106492695715465,0.02663669290552419,0.0614513385080717,0.14338152258943995,0.039439956170461324,0.032218675412127744
171,24,0.01566900266531339,0.003391909474436287,0.11049163415485473,0.125321222248622,0.025456610790284485,0.27917399144284333,0,False,13,0,0,0,0,0,0,4044,3745,4122,3810,3867,4010,3916,4123,3898,4099,2552,3669,3417,3626,4093,4082,4072,3856,3678,3691,4002,3606,3441,2780,0.01226709234520613,0.01202361909482404,0.00847755034549551,0.00866607193950641,0.009391901857546599,0.00866607193950641,0.011222765686116102,0.006750901934932972,0.011486665460828032,0.008284881671727777,0.11049163415485473,0.00819022214921151,0.021101344858568415,0.017463523208921142,0.01288062533440117,0.00859056855859775,0.008677752643437266,0.00847755034549551,0.006750901934932972,0.019582813823296127,0.003391909474436287,0.011486665460828032,0.022082072092360433,0.019650957652490024,0.2027851025539544,0.11784049305842732,0.22180951637739177,0.12435672899787993,0.10042649100266597,0.12435672899787993,0.15487710352460732,0.10775030183006384,0.1314330623736533,0.1377401770899304,0.07775449230147917,0.025456610790284485,0.033140518726568195,0.07290918401071368,0.27917399144284333,0.234398260290488,0.21486507193294732,0.22180951637739177,0.10775030183006384,0.0636251455009351,0.056330393632399056,0.1314330623736533,0.03615329315625621,0.02953378579445043
172,24,0.01551835882338029,0.003259634915676974,0.11049163415485473,0.1222299695423298,0.023335226557760776,0.2559094921559397,0,False,13,0,0,0,0,0,0,4044,3745,4122,3810,3867,4010,3916,4123,3898,4099,2552,3669,4140,3626,4093,4082,4072,3856,3678,3691,4002,3606,3441,3417,0.012282350430236231,0.011755528809086948,0.008533445273058677,0.008488323113737924,0.00913781204227061,0.008488323113737924,0.011086949985789123,0.0065817496996167825,0.011273385802808596,0.008145428228463205,0.11049163415485473,0.0078030577374794486,0.02066675968060288,0.01686060919233988,0.013175555830322414,0.008677752643437266,0.008717993799637568,0.008533445273058677,0.0065817496996167825,0.01885763199331447,0.003259634915676974,0.011273385802808596,0.021101344858568415,0.02066675968060288,0.18588634400779153,0.10802045197022504,0.2033253900126091,0.1139936682480566,0.0920576167524438,0.1139936682480566,0.14197067823089005,0.09877111001089185,0.12048030717584884,0.12626182899910285,0.07775449230147917,0.023335226557760776,0.11371214216602085,0.06683341867648754,0.2559094921559397,0.21486507193294732,0.19695964927186838,0.2033253900126091,0.09877111001089185,0.05832305004252385,0.051636194163032466,0.12048030717584884,0.033140518726568195,0.11371214216602085
173,24,0.015154467564683624,0.0031284027162191315,0.1068218732069406,0.11536791644901999,0.021390624344614043,0.23458370114294474,0,False,14,0,0,0,0,0,0,4044,3745,4122,3810,4155,3867,4010,3916,4123,3898,4099,2552,3669,4140,3626,4093,4072,3856,3678,3691,4002,3606,3441,3417,0.012239557689868641,0.011461846681029016,0.008545352438729278,0.008503923601737191,0.008503923601737191,0.008869780725602098,0.008290122071860693,0.01091325515288805,0.006400717685931997,0.011030176060762353,0.007982616690348204,0.1068218732069406,0.007429779215795512,0.020182602485120976,0.01686060919233988,0.013389704347587338,0.008714606499401617,0.008545352438729278,0.006400717685931997,0.018132356803088365,0.0031284027162191315,0.011030176060762353,0.020147166014874256,0.020182602485120976,0.17039581534047557,0.09901874763937295,0.18638160751155833,0.18782752922738521,0.18782752922738521,0.08438614868974015,0.10449419589405187,0.13013978837831586,0.09054018417665086,0.11044028157786144,0.11574000991584427,0.0712749512763559,0.021390624344614043,0.10423613031885244,0.06683341867648754,0.23458370114294474,0.18054634516587934,0.18638160751155833,0.09054018417665086,0.05346279587231353,0.04733317798277976,0.11044028157786144,0.03037880883268751,0.10423613031885244
174,24,0.015120456761058226,0.006210331038613378,0.1068218732069406,0.11555861126764355,0.019608072315896206,0.21503505938103268,0,False,14,0,0,0,0,0,0,4044,3745,4122,3810,4155,3867,4010,3916,4123,3898,4099,2552,3669,4140,3626,4093,4072,3856,3678,3691,4186,3606,3441,3417,0.01214410892560364,0.011147360037576094,0.008516761073275132,0.00847890404319279,0.00847890404319279,0.008591131538393727,0.008075034882522116,0.010706743265160277,0.006210331038613378,0.010761906729380741,0.008001200481603566,0.1068218732069406,0.007070505261589715,0.019657543988382115,0.016250831460695787,0.013526296516076838,0.008671264814625775,0.008516761073275132,0.006210331038613378,0.01741125765225089,0.008001200481603566,0.010761906729380741,0.019221259995066534,0.019657543988382115,0.1561961640621026,0.09076718533609186,0.17084980688559512,0.1721752351251031,0.1721752351251031,0.0773539696322618,0.09578634623621421,0.1192948060134562,0.08299516882859662,0.10123692477970632,0.18942834242285725,0.0712749512763559,0.019608072315896206,0.09554978612561474,0.061263967120113574,0.21503505938103268,0.16550081640205605,0.17084980688559512,0.08299516882859662,0.04900756288295406,0.18942834242285725,0.10123692477970632,0.02784724142996355,0.09554978612561474
175,24,0.014723620592819517,0.006012886874085381,0.1030867370563241,0.11292379543504334,0.01797406628957152,0.24116063219801118,1,False,14,0,0,0,0,0,0,4044,3745,4122,3810,4155,3867,4010,3916,4123,3898,4099,2552,3669,4140,3626,4093,4072,4204,3678,3691,4186,3606,3441,3417,0.01200157658332989,0.010816474220055545,0.008451418715856062,0.008416976293245532,0.008634049382499353,0.008304862387330938,0.007846367449539515,0.010472280255425282,0.006012886874085381,0.010473129706274183,0.007981237787163196,0.1030867370563241,0.006725245720478269,0.019099619519009767,0.015638692034407615,0.013589668739742244,0.008591854999301877,0.008634049382499353,0.006012886874085381,0.016697985581910213,0.007981237787163196,0.010473129706274183,0.018324907652657603,0.019099619519009767,0.14317981705692737,0.08320325322475088,0.1566123229784622,0.15782729886467783,0.24116063219801118,0.07090780549623997,0.0878041507165297,0.1093535721790015,0.0760789047595469,0.09280051438139746,0.17364264722095246,0.06533537200332624,0.01797406628957152,0.08758730394848017,0.05615863652677078,0.19711547109927996,0.1517090817018847,0.24116063219801118,0.0760789047595469,0.044923599309374555,0.17364264722095246,0.09280051438139746,0.025526637977466585,0.08758730394848017
176,24,0.014689490160097338,0.00581045313713181,0.1030867370563241,0.12566402198495472,0.016476227432107225,0.24250575995253976,0,False,14,0,0,0,0,0,0,4044,3745,4122,3810,4155,4230,3916,4123,4234,3898,4099,4245,3669,4140,3626,4093,4072,4204,3691,4186,3606,2552,3441,3417,0.011817554242779242,0.010473197996142585,0.008353200164414034,0.008321989555043647,0.008738210040230681,0.0078033363469841265,0.010214470185434043,0.00581045313713181,0.008130618014861384,0.01016804625193559,0.008130618014861384,0.010430279283690076,0.006393918539774396,0.018516188691963052,0.015028105751512609,0.013584981490144532,0.008480349773575997,0.008738210040230681,0.015995625844633383,0.007926201953307909,0.010430279283690076,0.1030867370563241,0.017459003491707707,0.018516188691963052,0.13124816563551675,0.07626964878935497,0.14356129606359033,0.144675023959288,0.2210639128481769,0.16382047149015222,0.10024077449741804,0.06973899602958465,0.24250575995253976,0.08506713818294767,0.24250575995253976,0.16840047151628101,0.016476227432107225,0.08028836195277349,0.05147875014953988,0.18068918184100663,0.13906665822672765,0.2210639128481769,0.04117996603359334,0.15917242661920641,0.16840047151628101,0.06533537200332624,0.023399418146011035,0.08028836195277349
177,24,0.014012957107095792,0.005604872905640455,0.09931683956234677,0.12731622931938738,0.015103208479431621,0.23350209886597287,1,False,15,0,0,0,0,0,0,4044,3745,4122,3810,4155,4230,4253,3916,4123,4234,3898,4099,4245,3669,4140,3626,4264,4072,4204,3691,4186,2552,3441,3417,0.011597530147737128,0.010121141258819893,0.008225997934532768,0.008197819485017355,0.008793986861493066,0.007927547244802699,0.007927547244802699,0.009937609546341446,0.005604872905640455,0.008231806140289252,0.009850490022005099,0.008231806140289252,0.01034315775598515,0.006076364810472892,0.01791391945372893,0.014422441423719075,0.00855581051125665,0.00855581051125665,0.008793986861493066,0.015306750619423952,0.007839706805310763,0.09931683956234677,0.016624107869805057,0.01791391945372893,0.12031081849922368,0.06991384472357538,0.1315978547249578,0.13261877196268065,0.20264192011082882,0.23350209886597287,0.23350209886597287,0.0918873766226332,0.06392741302711927,0.22229694662316143,0.07797821000103536,0.22229694662316143,0.15436709888992425,0.015103208479431621,0.07359766512337569,0.047188854303744886,0.21081110337450035,0.21081110337450035,0.20264192011082882,0.03774830219746056,0.14590805773427254,0.05989075766971572,0.021449466633843447,0.07359766512337569
178,24,0.013966966790852334,0.005397772780250361,0.09931683956234677,0.12435042373112522,0.01384460777281232,0.2140435906271418,0,False,15,0,0,0,0,0,0,4044,3745,4122,3810,4155,4230,4253,3916,4123,4234,3898,4099,4245,3669,4140,3626,4272,4264,4072,3691,4186,2552,4294,3417,0.011639421405321955,0.00976352227920376,0.008073633650895255,0.008048278217725562,0.00880457191126071,0.008005992627623441,0.008005992627623441,0.009645658535650508,0.005397772780250361,0.008287212145022297,0.009523922257793402,0.008287212145022297,0.010216527377552916,0.0057723620572076835,0.017298791421689615,0.014422441423719075,0.011639421405321955,0.008585731667858419,0.008585731667858419,0.014633470607909111,0.0077254003524178235,0.09931683956234677,0.016228503431491664,0.017298791421689615,0.19361825029095503,0.06408769099661077,0.12063136683121131,0.12156720763245726,0.1857550934349264,0.2140435906271418,0.2140435906271418,0.08423009523741376,0.05860012860819266,0.2037722010712313,0.07148002583428241,0.2037722010712313,0.14150317398243056,0.01384460777281232,0.06746452636309438,0.047188854303744886,0.19361825029095503,0.1932435114266253,0.1932435114266253,0.034602610347672175,0.13374905292308314,0.05989075766971572,0.10299534441435651,0.06746452636309438
179,24,0.013614465165655336,0.005190574199401258,0.09931683956234677,0.12502043734083532,0.012690890458411293,0.2608167294333754,0,False,16,0,0,0,0,0,0,4312,4044,3745,4122,3810,4155,4230,4253,3916,4123,4234,3898,4099,4245,3669,4140,3626,4272,4264,4072,3691,4186,2552,3417,0.011923797328422282,0.011624014989099148,0.009403182130885864,0.008073633650895255,0.007877043958824331,0.008773573500530308,0.008041268210568966,0.008041268210568966,0.009342226355235817,0.005190574199401258,0.008299814372697667,0.009191436506082076,0.008299814372697667,0.010055152356357821,0.005481635919944273,0.016676114023680987,0.013824565504619662,0.011923797328422282,0.008573467308888716,0.008573467308888716,0.013977484592443292,0.007586878260544904,0.09931683956234677,0.016676114023680987,0.2608167294333754,0.1774833961000421,0.058747050080226536,0.12063136683121131,0.11143660699641915,0.17027550231534921,0.19620662474154663,0.19620662474154663,0.07721092063429594,0.05371678455750993,0.18679118431529537,0.06552335701475888,0.18679118431529537,0.129711242817228,0.012690890458411293,0.061842482499503186,0.04325644977843281,0.2608167294333754,0.1771398854744065,0.1771398854744065,0.03171905948536616,0.12260329851282621,0.05989075766971572,0.061842482499503186
180,24,0.013257986097663155,0.004984506715108849,0.09553900003072742,0.11938820053092143,0.011633316253543685,0.23908200198059412,1,False,16,0,0,0,0,0,0,4312,4044,3745,4122,3810,4155,4230,4253,3916,4123,4234,3898,4099,4245,3669,4140,3626,4272,4323,4072,3691,4186,2552,3417,0.012134267285705881,0.011556284999426077,0.009042604258060121,0.008103523824707394,0.007687608247191884,0.008704860461862921,0.008036448647006594,0.008036448647006594,0.009030567784394893,0.004984506715108849,0.008272993556509841,0.008855770561737971,0.008272993556509841,0.009863694341860331,0.005203870370767143,0.01605055555967728,0.013236886632924993,0.012134267285705881,0.008103523824707394,0.008522691986616036,0.013340126319319743,0.007427615886703352,0.09553900003072742,0.01605055555967728,0.23908200198059412,0.16269311309170525,0.05385146257354099,0.19391208626194373,0.10215022308005088,0.15608587712240343,0.17985607267975107,0.17985607267975107,0.0707766772481046,0.0492403858443841,0.17122525228902075,0.06006307726352897,0.17122525228902075,0.118901972582459,0.011633316253543685,0.05668894229121125,0.03965174563023007,0.23908200198059412,0.19391208626194373,0.16237822835153928,0.02907580452825231,0.1123863569700907,0.054899861197239413,0.05668894229121125
181,24,0.012600376695488589,0.00490391428266754,0.09177647767435523,0.10913273320369772,0.010663873232415045,0.2191585018155446,2,False,17,0,0,0,0,0,0,4312,4044,3745,4122,3810,4155,4230,4253,4353,3916,4123,4234,3898,4099,4245,3669,4140,3626,4323,4072,3691,4186,2552,3417,0.012273506538209933,0.011441453419608866,0.008683937499356977,0.008093463742754645,0.007483238697526168,0.008602427973143626,0.007994933856724177,0.007994933856724177,0.00490391428266754,0.008713588558945676,0.00490391428266754,0.00821038478840915,0.008519323658475231,0.00821038478840915,0.009646631473913005,0.0049387166053395945,0.015426179915063934,0.012661399795456848,0.008093463742754645,0.008437260201320563,0.012722408297729177,0.007250917127106374,0.09177647767435523,0.015426179915063934,0.2191585018155446,0.14913535366739647,0.04936384069241257,0.17775274574011507,0.09363770449004663,0.14307872069553648,0.16486806662310513,0.16486806662310513,0.12847035369068543,0.06487862081076255,0.12847035369068543,0.15695648126493567,0.05505782082490155,0.15695648126493567,0.10899347486725408,0.010663873232415045,0.05196486376694364,0.036347433494377565,0.17775274574011507,0.14884670932224434,0.026652820817564617,0.10302082722258313,0.05032487276413613,0.05196486376694364
182,24,0.012225834810579678,0.004685800742473055,0.0880492307893377,0.10003833877005626,0.009775217129713791,0.20089529333091588,3,False,17,0,0,0,0,0,0,4312,4044,3745,4122,3810,4155,4230,4253,4353,3916,4123,4234,3898,4099,4245,3669,4140,3626,4323,4072,3691,4186,2552,3417,0.012345259172907505,0.01128482809782188,0.008329021192193233,0.008046912378778725,0.007266954940778162,0.008470285541027089,0.007920313923387596,0.007920313923387596,0.004808868215979566,0.008393857396594696,0.004808868215979566,0.008115749713463799,0.00818417725471226,0.008115749713463799,0.009408198535264797,0.004685800742473055,0.014806488226852065,0.012099729177062844,0.008046912378778725,0.008321087374700201,0.01212506228479471,0.007059878037320618,0.0880492307893377,0.014806488226852065,0.20089529333091588,0.13670740752844676,0.04525018730137819,0.16294001692843882,0.08583456244920941,0.13115549397090845,0.1511290610711797,0.1511290610711797,0.1177644908831283,0.05947206907653234,0.1177644908831283,0.14387677449285768,0.05046966908949309,0.14387677449285768,0.0999106852949829,0.009775217129713791,0.047634458453031665,0.033318480703179436,0.16294001692843882,0.13644281687872398,0.024431752416100898,0.09443575828736786,0.04613113336712478,0.047634458453031665
183,24,0.012101592245557534,0.004444730457548504,0.0880492307893377,0.10470413727897067,0.008960615702237641,0.18415401888667288,0,False,17,0,0,0,0,0,0,4312,4044,3745,4122,3810,4155,4230,4253,4353,3916,4123,4234,3898,4099,4245,4415,4140,3626,4323,4396,4186,2552,3669,3417,0.012354073475094833,0.011091669754403453,0.00797941126207077,0.00796750343667603,0.007223115601851166,0.008312366510160317,0.007816254040289183,0.007816254040289183,0.004701544935148081,0.008073622824347697,0.004701544935148081,0.007992869614560914,0.007852118060393288,0.007992869614560914,0.009152345461806993,0.014560537303231246,0.014194463324083702,0.011553169031749902,0.00796750343667603,0.007223115601851166,0.006857363078870415,0.0880492307893377,0.004444730457548504,0.014560537303231246,0.18415401888667288,0.12531512356774285,0.041479338359596676,0.14936168218440224,0.16201501557844195,0.12022586947333273,0.1385349726485814,0.1385349726485814,0.10795078330953428,0.05451606332015464,0.10795078330953428,0.13188704328511955,0.04626386333203533,0.13188704328511955,0.09158479485373432,0.1269982535819457,0.043664920248612356,0.03054194064458115,0.14936168218440224,0.16201501557844195,0.08656611176342054,0.04613113336712478,0.008960615702237641,0.1269982535819457
184,24,0.011739511194153285,0.004215100666906767,0.08437418855545817,0.09597879250572311,0.00821389772705117,0.1688078506461168,1,False,17,0,0,0,0,0,0,4312,4044,3745,4122,3810,4155,4230,4253,4353,3916,4123,4234,3898,4099,4245,4415,4140,3626,4323,4396,4186,2552,3669,3417,0.012305058841639757,0.010867086525695631,0.007636406444998053,0.007858932192868007,0.00714998339141327,0.00813245760930381,0.007686399596025832,0.007686399596025832,0.00458399928540211,0.007754833267931964,0.00458399928540211,0.0078454588533484,0.007524662219696156,0.0078454588533484,0.008882711399150107,0.014272443630455408,0.01359261522334196,0.011022722126661413,0.007858932192868007,0.00714998339141327,0.006645991879869002,0.08437418855545817,0.004215100666906767,0.014272443630455408,0.1688078506461168,0.11487219660376427,0.03802272682963029,0.13691487533570204,0.14851376428023844,0.11020704701722167,0.12699039159453293,0.12699039159453293,0.09895488470040642,0.049973058043475085,0.09895488470040642,0.12089645634469291,0.042408541387699054,0.12089645634469291,0.08395272861592312,0.1164150657834502,0.040026176894561324,0.027996778924199387,0.13691487533570204,0.14851376428023844,0.07935226911646882,0.042286872253197716,0.00821389772705117,0.1164150657834502
185,24,0.008616409860180042,0.00399649837124053,0.014308375488766649,0.09834242778121455,0.007529406249796906,0.19004714363482936,0,False,18,0,0,0,0,0,0,4312,4044,3745,4122,3810,4155,4230,4253,4353,3916,4123,4234,3898,4099,4245,4415,4455,4140,3626,4323,4396,4186,3669,3417,0.012305058841639757,0.01061595366200633,0.007301073999131031,0.007724862557601212,0.007050877544967415,0.007934146516310952,0.0075343004927801195,0.0075343004927801195,0.0044581451691494715,0.007439159144790889,0.0044581451691494715,0.007677097305644481,0.007203079800476643,0.007677097305644481,0.008602611586403606,0.014308375488766649,0.014308375488766649,0.013003026357297545,0.010509135484095532,0.007724862557601212,0.007050877544967415,0.006428134523239532,0.00399649837124053,0.013948641239869967,0.1688078506461168,0.10529951355345057,0.03485416626049443,0.1255053023910602,0.13613761725688522,0.10102312643245319,0.11640785896165518,0.11640785896165518,0.09070864430870589,0.04580863653985216,0.09070864430870589,0.11082175164930183,0.03887449627205747,0.11082175164930183,0.07695666789792953,0.19004714363482936,0.19004714363482936,0.03669066215334788,0.025663714013849436,0.1255053023910602,0.13613761725688522,0.07273958002342976,0.007529406249796906,0.10671381030149601
186,24,0.008396238618923451,0.0037885067568326184,0.014275150607817968,0.09014722546611335,0.006901955728980497,0.17420988166526025,1,False,18,0,0,0,0,0,0,4312,4044,3745,4122,3810,4155,4230,4253,4353,3916,4123,4234,3898,4099,4245,4415,4455,4140,3626,4323,4396,4186,3669,3417,0.012203670153382867,0.010342855487566914,0.006974274435667772,0.007568853332196275,0.006929084281455327,0.007720785153226831,0.007363353126458101,0.007363353126458101,0.004325743624790156,0.007128015954849872,0.004325743624790156,0.007491179913029438,0.006888418943619528,0.007491179913029438,0.008315034544125598,0.014275150607817968,0.014275150607817968,0.012427395550134982,0.010012933282697773,0.007568853332196275,0.006929084281455327,0.0062059135592443335,0.0037885067568326184,0.013595193261319215,0.1547405297589404,0.09652455409066302,0.03194965240545323,0.11504652719180518,0.12479281581881145,0.09260453256308208,0.1067072040481839,0.1067072040481839,0.08314959061631373,0.04199125016153115,0.08314959061631373,0.10158660567852668,0.035634954916052675,0.10158660567852668,0.07054361223976874,0.17420988166526025,0.17420988166526025,0.033633106973902226,0.02352507117936198,0.11504652719180518,0.12479281581881145,0.06667794835481061,0.006901955728980497,0.09782099277637134
187,24,0.008184855266020074,0.003590708644449208,0.01417896669422625,0.0899788682300199,0.006326792751565455,0.1977267478339105,0,False,18,0,0,0,0,0,0,4312,4044,3745,4122,3810,4155,4230,4253,4353,3916,4123,4234,3898,4099,4245,4415,4455,4140,3626,4323,4492,4186,3669,3417,0.012055522568011073,0.01005204651736272,0.006656684941877349,0.007568853332196275,0.006962848214655197,0.007495466347054697,0.007176758069222159,0.007176758069222159,0.004188397032076335,0.006822587584192771,0.004188397032076335,0.007290881203449925,0.0065815291955377,0.007290881203449925,0.008022647300523239,0.01417896669422625,0.01417896669422625,0.011867080032568693,0.00953444688311176,0.007394302011912479,0.006962848214655197,0.005981211151906569,0.003590708644449208,0.013217737446517526,0.14184548561236202,0.08848084124977443,0.029287181371665458,0.11504652719180518,0.1977267478339105,0.08488748818282524,0.09781493704416858,0.09781493704416858,0.07622045806495426,0.038491979314736885,0.07622045806495426,0.09312105520531612,0.03266537533971495,0.09312105520531612,0.06466497788645467,0.15969239152648856,0.15969239152648856,0.030830348059410373,0.021564648581081817,0.10545931659248807,0.1977267478339105,0.061121452658576395,0.006326792751565455,0.08966924337834038
188,24,0.007962655307706274,0.0034026893669942093,0.014026280496036459,0.08595285143307378,0.0057995600222683335,0.18124951884775128,1,False,18,0,0,0,0,0,0,4312,4044,3745,4122,3810,4155,4230,4253,4353,3916,4123,4234,3898,4099,4245,4415,4455,4140,3626,4531,4492,4186,3669,3417,0.011866237390808816,0.009747428630365288,0.006348821284335295,0.007394302011912479,0.0069616384682756405,0.007261011555143269,0.006977491320189599,0.006977491320189599,0.004047548223854166,0.0065238492258071065,0.004047548223854166,0.007079132552212662,0.006283083687381681,0.007079132552212662,0.00772780667567126,0.014026280496036459,0.014026280496036459,0.01132313501647708,0.009073842021123574,0.007390205083205802,0.0069616384682756405,0.005755679991277277,0.0034026893669942093,0.012821453323310408,0.13002502847799852,0.08110743781229322,0.02684658292402667,0.10545931659248807,0.18124951884775128,0.07781353083425646,0.08966369229048786,0.08966369229048786,0.06986875322620806,0.035284314371842145,0.06986875322620806,0.08536096727153977,0.029943260728072033,0.08536096727153977,0.05927622972925011,0.14638469223261452,0.14638469223261452,0.02826115238779284,0.01976759453265833,0.18000437354311405,0.18124951884775128,0.056027998270361694,0.0057995600222683335,0.08219680643014535
189,24,0.007728661486058236,0.0032240391487834198,0.013823616369310081,0.09446940386304903,0.0053162633537459725,0.18000437354311405,0,False,17,0,0,0,0,0,0,4312,4044,3745,4122,3810,4155,4230,4253,4546,4123,4549,3898,4099,4548,4415,4455,4140,3626,4531,3916,4186,4245,3669,3417,0.011641317991183984,0.009432541353409936,0.006051058071591407,0.007204404125096572,0.006928379523286077,0.007019967510055362,0.006768286973559653,0.006768286973559653,0.0040051797007606875,0.0040051797007606875,0.007035492965319257,0.006148174361255413,0.007035492965319257,0.006148174361255413,0.013823616369310081,0.013823616369310081,0.010796350531103553,0.008631143267503234,0.007390205083205802,0.006232589480102429,0.005530756821251857,0.00743257493430411,0.0032240391487834198,0.01241104708410973,0.1191896094381653,0.07434848466126878,0.024609367680357777,0.09667104020978072,0.16614539227710534,0.07132906993140176,0.0821917179329472,0.0821917179329472,0.14737969045735738,0.14737969045735738,0.16158088666557813,0.11078132233406604,0.16158088666557813,0.11078132233406604,0.13418596787989664,0.13418596787989664,0.02590605635547677,0.018120294988270134,0.18000437354311405,0.032343954840855296,0.051358998414498216,0.054336543918479266,0.0053162633537459725,0.07534707256096657
190,24,0.007604594763511036,0.003948409551570477,0.013577410249825504,0.10815144705627593,0.016610270405914288,0.21843138291924427,0,False,18,0,0,0,0,0,0,4312,4044,3745,4122,3810,4155,4230,4566,4253,4546,4123,4549,3898,4099,4548,4415,4455,4140,3626,4531,4569,4186,4245,3417,0.011386053582752142,0.009110562559726696,0.005763647326159744,0.007204404125096572,0.0068661702371214505,0.0067746098500460535,0.006720595197763102,0.006720595197763102,0.006551629247190726,0.003948409551570477,0.004050238691767355,0.006963413609649712,0.005999215184855896,0.006963413609649712,0.005999215184855896,0.013577410249825504,0.013577410249825504,0.010287285365561687,0.00820625589253929,0.0073523340609903684,0.004050238691767355,0.005307677636544901,0.007138738397568976,0.011990750623672641,0.10925714198498485,0.06815277760616305,0.02255858704032796,0.09667104020978072,0.1522999429206799,0.0653849807704516,0.15867574143853494,0.15867574143853494,0.0753424081052016,0.13509804958591093,0.21843138291924427,0.14811581277677993,0.10154954547289387,0.14811581277677993,0.10154954547289387,0.12300380388990526,0.12300380388990526,0.023747218325853706,0.016610270405914288,0.16500400908118787,0.21843138291924427,0.0470790818799567,0.049808498591939324,0.06906814984755268
191,24,0.007407342722450592,0.003879077082729432,0.013293886919680205,0.09971175705534037,0.01522608120542143,0.20022876767597392,0,False,18,0,0,0,0,0,0,4312,4044,3745,4122,3810,4155,4230,4566,4253,4546,4123,4549,3898,4099,4548,4415,4455,4140,3626,4531,4569,4186,4245,3417,0.011105447982452972,0.008784317188110501,0.005486735369222393,0.007002125947883283,0.006778182642944081,0.006526952039587619,0.0066463316172332264,0.0066463316172332264,0.006329751979332269,0.003879077082729432,0.0040730873413067255,0.0068661284412640826,0.005838747928569556,0.0068661284412640826,0.005838747928569556,0.013293886919680205,0.013293886919680205,0.009796298072059402,0.0077989852982866805,0.0073523340609903684,0.0040730873413067255,0.0050874937870422,0.006847827862819965,0.011564331529245447,0.10015238015290277,0.062473379472316126,0.020678704786967296,0.08861512019229899,0.13960828101062323,0.05993623237291396,0.1454527629853237,0.1454527629853237,0.06906387409643479,0.12383987878708501,0.20022876767597392,0.13577282837871493,0.09308708335015271,0.13577282837871493,0.09308708335015271,0.11275348689907981,0.11275348689907981,0.021768283465365895,0.01522608120542143,0.16500400908118787,0.20022876767597392,0.043155825056626976,0.045657790375944377,0.06331247069358995
192,24,0.007195436316978496,0.0037989637691842795,0.012978967470441109,0.11473254044949009,0.013957241104969645,0.26687637036964273,1,False,19,0,0,0,0,0,0,4312,4044,3745,4122,3810,4155,4230,4566,4253,4546,4123,4628,4549,3898,4099,4548,4415,4455,4140,3626,4531,4569,4619,3417,0.010804170115356667,0.00845629191100993,0.0052203780607948435,0.00679018843474016,0.006667578223595612,0.00627875812911207,0.0065485899514393315,0.0065485899514393315,0.006104643905981862,0.0037989637691842795,0.0040752345833611646,0.004180334530138265,0.006920837391403313,0.0056691195586333586,0.006746837048549079,0.0056691195586333586,0.012978967470441109,0.012978967470441109,0.009323575066386753,0.0074090541958451335,0.00728398911336125,0.004180334530138265,0.006920837391403313,0.011135111246094344,0.0918063484734942,0.05726726451628978,0.018955479388053354,0.08123052684294074,0.1279742575930713,0.054941546341837795,0.13333169940321338,0.13333169940321338,0.06330855125506522,0.11351988888816125,0.18354303703630942,0.26687637036964273,0.20779175934715535,0.08532982640430666,0.12445842601382201,0.08532982640430666,0.10335736299082315,0.10335736299082315,0.01995425984325207,0.013957241104969645,0.15125367499108888,0.26687637036964273,0.20779175934715535,0.058036431469124114
193,24,0.007016379350407573,0.0037097662218631656,0.012638203324772999,0.10569668178352942,0.012794137679555506,0.24463667283883916,0,False,19,0,0,0,0,0,0,4312,4044,3745,4122,3810,4155,4230,4566,4253,4546,4123,4628,4549,3898,4099,4548,4415,4455,4140,3626,4531,4569,4619,3417,0.01048652294829847,0.008128653999817576,0.0049645544659779285,0.006571060311398751,0.006537440938699229,0.006031558140084003,0.006430417188322133,0.006430417188322133,0.005878058253061683,0.0037097662218631656,0.004058371566035488,0.004261349155842821,0.00693916985317753,0.005492472518284222,0.006608641675234058,0.005492472518284222,0.012638203324772999,0.012638203324772999,0.00886915592178096,0.007036117711082253,0.00728398911336125,0.004261349155842821,0.00693916985317753,0.010705989062287518,0.08415581943403634,0.05249499247326563,0.017375856105715574,0.07446131627269567,0.11730973612698202,0.050363084146684646,0.12222072445294559,0.12222072445294559,0.058032838650476454,0.10405989814748115,0.1682477839499503,0.24463667283883916,0.19047577940155908,0.0782190075372811,0.11408689051267017,0.0782190075372811,0.09474424940825456,0.09474424940825456,0.0182914048563144,0.012794137679555506,0.15125367499108888,0.24463667283883916,0.19047577940155908,0.053200062180030434
194,24,0.006823897098887727,0.003613076815346466,0.012276732981638772,0.0968886249682353,0.011727959539592547,0.22425028343560255,1,False,19,0,0,0,0,0,0,4312,4044,3745,4122,3810,4155,4230,4566,4253,4546,4123,4628,4549,3898,4099,4548,4415,4455,4140,3626,4531,4569,4619,3417,0.0101564276400833,0.007803272938302108,0.004719179036626507,0.006346958449732415,0.006390725685130401,0.005786665081547906,0.006294756477704054,0.006294756477704054,0.005651525399766926,0.003613076815346466,0.00402430088853223,0.00431695882119956,0.006923887912947325,0.005310741835276684,0.006454499436811614,0.005310741835276684,0.012276732981638772,0.012276732981638772,0.008432955993658751,0.0066797766021822,0.007188540390852863,0.00431695882119956,0.006923887912947325,0.010279469957198965,0.07714283448119998,0.04812040976716016,0.015927868096905943,0.06825620658330436,0.10753392478306685,0.04616616046779426,0.11203566408186678,0.11203566408186678,0.05319676876293675,0.09538823996852439,0.15422713528745444,0.22425028343560255,0.17460279778476248,0.07170075690917434,0.10457964963661431,0.07170075690917434,0.08684889529090001,0.08684889529090001,0.016767121118288198,0.011727959539592547,0.1386492020751648,0.22425028343560255,0.17460279778476248,0.0487667236650279
195,24,0.0066305202099857935,0.0035103708832548543,0.011899257701811243,0.09228679510977124,0.010750629577959834,0.21042843523556773,2,False,19,0,0,0,0,0,0,4312,4044,3745,4122,3810,4155,4230,4566,4253,4546,4123,4628,4549,3898,4099,4548,4415,4455,4140,3626,4700,4569,4619,3417,0.009817419924645153,0.007481743611264647,0.004484112409260378,0.00611985385396345,0.006230220515491923,0.005545192802201069,0.006144404226611573,0.006144404226611573,0.005426367580907888,0.0035103708832548543,0.003974875894499686,0.0043483934954412365,0.006877992652436878,0.005125657585498701,0.00628718795237347,0.005125657585498701,0.011899257701811243,0.011899257701811243,0.008014786539641402,0.0063395887679112166,0.007251658255121806,0.0043483934954412365,0.006877992652436878,0.00985769472552284,0.07071426494109997,0.04411037561989681,0.014600545755497114,0.06256818936802899,0.09857276438447794,0.0423189804288114,0.10269935874171121,0.10269935874171121,0.04876370469935868,0.08743921997114736,0.1413748740134999,0.205562759815969,0.16005256463603226,0.0657256938334098,0.09586467883356312,0.0657256938334098,0.07961148734999167,0.07961148734999167,0.015369861025097515,0.010750629577959834,0.21042843523556773,0.205562759815969,0.16005256463603226,0.04470283002627557
196,24,0.006454593465590831,0.003402999398969985,0.011806875313393186,0.09154067329506808,0.009854743779796515,0.1928927322992704,3,False,19,0,0,0,0,0,0,4312,4044,3745,4122,3810,4155,4230,4566,4253,4546,4123,4628,4549,3898,4099,4548,4415,4720,4140,3626,4700,4569,4619,3417,0.009472656045392757,0.007165410140381026,0.004259170925970167,0.005891481811876889,0.006058520773471976,0.005308074055485096,0.005981979659183622,0.005981979659183622,0.005203714789960487,0.003402999398969985,0.003911950213744732,0.004357190706325228,0.006804613417979783,0.004938751421598932,0.00610928249623632,0.004938751421598932,0.011806875313393186,0.011806875313393186,0.007614372514960764,0.00601507921788062,0.007276238637259704,0.004357190706325228,0.006804613417979783,0.009442471115627907,0.06482140952934164,0.04043451098490541,0.013383833609205687,0.057354173587359905,0.09035836735243812,0.03879239872641045,0.09414107884656861,0.09414107884656861,0.044700062641078786,0.08015261830688507,0.1295936345123749,0.1884325298313049,0.1467148509163629,0.06024855268062565,0.08787595559743286,0.06024855268062565,0.1563105300708257,0.1563105300708257,0.014089039273006055,0.009854743779796515,0.1928927322992704,0.1884325298313049,0.1467148509163629,0.04097759419075261
197,24,0.006270486703148176,0.003292186119124148,0.011668674774446828,0.0845820502854071,0.009033515131480138,0.1928927322992704,0,False,19,0,0,0,0,0,0,4312,4044,3745,4122,3810,4155,4230,4566,4253,4546,4123,4628,4549,3898,4099,4548,4415,4720,4140,3626,4700,4569,4619,3417,0.009124925895434175,0.006855389651237942,0.004044134986785142,0.005663354987644712,0.005878013280297069,0.005076078303848024,0.005809905020576164,0.005809905020576164,0.004984521217168822,0.003292186119124148,0.0038373371942500697,0.004345107574031884,0.006706914528250204,0.004751366060356669,0.0059231427851691235,0.004751366060356669,0.011668674774446828,0.011668674774446828,0.007231368230361161,0.005705748666407176,0.007276238637259704,0.004345107574031884,0.006706914528250204,0.00903530500524547,0.0594196254018965,0.037064968402829954,0.01226851414177188,0.05257465912174658,0.0828285034064016,0.03555969883254291,0.08629598894268789,0.08629598894268789,0.040975057420988885,0.07347323344797797,0.11879416496967699,0.1727298190120295,0.13448861333999934,0.05522783995724018,0.08055295929764679,0.05522783995724018,0.14328465256492356,0.14328465256492356,0.012914952666922216,0.009033515131480138,0.1928927322992704,0.1727298190120295,0.13448861333999934,0.037562794674856556
198,24,0.006080931281049866,0.0031790282581566015,0.011490094263578929,0.07820331252655119,0.008280722203856793,0.1928927322992704,0,False,19,0,0,0,0,0,0,4312,4044,3745,4122,3810,4155,4230,4566,4253,4546,4123,4628,4549,3898,4099,4548,4415,4720,4140,3626,4700,4569,4619,3417,0.008776671361493897,0.006552595435394601,0.0038387563405740495,0.005436778443857709,0.005690868780709469,0.0048498289132343905,0.0056303946358388585,0.0056303946358388585,0.004769581707037133,0.0031790282581566015,0.0037527784932368993,0.004314042086871437,0.006588019170361645,0.004564666801984514,0.0057309076169665,0.004564666801984514,0.011490094263578929,0.011490094263578929,0.006865371060165746,0.005411080900634563,0.007276238637259704,0.004314042086871437,0.006588019170361645,0.008637430879204749,0.05446798995173845,0.033976221035927456,0.01124613796329089,0.0481934375282677,0.0759261281225348,0.03259639059649767,0.07910465653079723,0.07910465653079723,0.037560469302573146,0.0673504639939798,0.1088946512222039,0.1583356674276937,0.12328122889499939,0.05062551996080349,0.07384021268950955,0.05062551996080349,0.13134426485117992,0.13134426485117992,0.011838706611345364,0.008280722203856793,0.1928927322992704,0.1583356674276937,0.12328122889499939,0.03443256178528518
199,24,0.005901197863126602,0.003064499869668028,0.011276470474424621,0.07451688501692265,0.00759066202020206,0.17681833794099786,1,False,20,0,0,0,0,0,0,4312,4044,3745,4122,3810,4155,4230,4566,4253,4546,4123,4628,4549,3898,4099,4548,4791,4415,4720,4140,3626,4700,4619,3417,0.008430008199957567,0.006257759120909996,0.003642764417930204,0.00521286577297778,0.0054990409952572344,0.004629819491870929,0.0054454511438215,0.0054454511438215,0.0045595478471370824,0.003064499869668028,0.003659920869347311,0.004265964915645424,0.006450949476711977,0.004379654321566218,0.005534495731630079,0.004492605227013007,0.004492605227013007,0.011276470474424621,0.011276470474424621,0.006515933384007903,0.005130549062009278,0.007265130995570515,0.006450949476711977,0.008249841075610689,0.04992899078909358,0.0311448692829335,0.010308959799683316,0.04417731773424539,0.06959895077899023,0.02988002471345619,0.07251260181989747,0.07251260181989747,0.034430430194025384,0.061737925327814816,0.0998200969536869,0.14514102847538587,0.11300779315374944,0.046406726630736535,0.06768686163205041,0.12974005996406987,0.12974005996406987,0.12039890944691492,0.12039890944691492,0.010852147727066584,0.00759066202020206,0.17681833794099786,0.11300779315374944,0.03156318163651141
200,24,0.005706650895117027,0.0029494572236050745,0.01103294264246401,0.06830714459884575,0.006958106851851888,0.1620834764459147,2,False,20,0,0,0,0,0,0,4312,4044,3745,4122,3810,4155,4230,4566,4253,4546,4123,4628,4549,3898,4099,4548,4791,4415,4720,4140,3626,4700,4619,3417,0.008086750079422297,0.005971451586988316,0.003455871804350598,0.0049925556893089,0.0053042708008441426,0.004416429210835365,0.005256867382784388,0.005256867382784388,0.00435494340660921,0.0029494572236050745,0.003560300106806566,0.0042028621909892235,0.006298581289391283,0.004197178123308626,0.0053356114519832725,0.0044070980593221435,0.0044070980593221435,0.01103294264246401,0.01103294264246401,0.00618257293823822,0.0048636209684639635,0.0072214537210629325,0.006298581289391283,0.007873313432068322,0.045768241556669115,0.028549463509355708,0.009449879816376372,0.04049587458972494,0.06379903821407437,0.02739002265400151,0.06646988500157268,0.06646988500157268,0.0315612276778566,0.05659309821716358,0.09150175554087966,0.13304594276910373,0.10359047705760364,0.04253949941150849,0.06204628982937954,0.11892838830039737,0.11892838830039737,0.11036566699300535,0.11036566699300535,0.009947802083144369,0.006958106851851888,0.1620834764459147,0.10359047705760364,0.028932916500135457
201,24,0.005509238536010464,0.002834645579943924,0.01076438105687041,0.06261488254894194,0.006378264614197564,0.1485765200754218,3,False,20,0,0,0,0,0,0,4312,4044,3745,4122,3810,4155,4230,4566,4253,4546,4123,4628,4549,3898,4099,4548,4791,4415,4720,4140,3626,4700,4619,3417,0.0077484336985390746,0.0056941024564139625,0.0032777789459046158,0.004776628580615705,0.005108094252862084,0.004209937010202192,0.00506623258548603,0.00506623258548603,0.004156178929938261,0.002834645579943924,0.003455330977684636,0.00412668901731759,0.006133611852253023,0.004017950180349977,0.005135753857207222,0.004310146272519026,0.004310146272519026,0.01076438105687041,0.01076438105687041,0.005864781743308161,0.004609763593089546,0.007148475410177314,0.006133611852253023,0.0075084370964398775,0.041954221426946686,0.02617034155024273,0.00866238983167834,0.03712121837391452,0.05848245169623484,0.02510752076616805,0.06093072791810829,0.06093072791810829,0.02893112537136855,0.05187700669906661,0.08387660924580635,0.12195878087167841,0.09495793730280333,0.03899454112721611,0.05687576567693124,0.10901768927536425,0.10901768927536425,0.10116852807692156,0.10116852807692156,0.009118818576215671,0.006378264614197564,0.1485765200754218,0.09495793730280333,0.02652184012512417
202,24,0.005453263606489231,0.002720706864549739,0.010475336957249958,0.06570022402035039,0.007940524012371811,0.13619514340246996,4,False,20,0,0,0,0,0,0,4312,4044,3745,4122,3810,4155,4230,4566,4253,4546,4123,4628,4549,3898,4099,4548,4791,4415,4720,4140,4848,4700,4619,3417,0.007607611000270511,0.005426018076563339,0.003108178172923171,0.004565722644097946,0.00491185335504526,0.004010534646216295,0.004874941730167647,0.004874941730167647,0.003963565361719145,0.002720706864549739,0.0033463021848072474,0.004039333044272527,0.005958538571588751,0.003842558396201558,0.0049362284371767245,0.0042036421713234655,0.0042036421713234655,0.010475336957249958,0.010475336957249958,0.005562033762359501,0.007607611000270511,0.007049514377124153,0.005958538571588751,0.007155636371484273,0.1217913696413678,0.023989479754389167,0.007940524012371811,0.03402778350942164,0.05360891405488193,0.023015227368987378,0.05585316725826593,0.05585316725826593,0.026520198257087835,0.04755392280747773,0.07688689180865582,0.11179554913237187,0.08704477586090305,0.035744996033281434,0.05213611853718697,0.09993288183575055,0.09993288183575055,0.09273781740384476,0.09273781740384476,0.008358917028197698,0.1217913696413678,0.13619514340246996,0.08704477586090305,0.02431168678136382
203,24,0.005281206021067362,0.0026081878482924945,0.010170010608733095,0.0676425495999131,0.007278813678007493,0.16312437787249445,0,False,20,0,0,0,0,0,0,4312,4044,3745,4122,3810,4155,4230,4566,4253,4546,4123,4628,4549,3898,4099,4548,4791,4415,4720,4140,4848,4700,4884,3417,0.007446219831909239,0.005167397959173118,0.002946757120342848,0.00436034933594154,0.004716708667436959,0.003818338574284018,0.004684207078236301,0.004684207078236301,0.0037773266334779104,0.0026081878482924945,0.003234375304497495,0.0039425871305256615,0.005924600444678287,0.003671479619234062,0.004738160358740463,0.004089350835596554,0.004089350835596554,0.010170010608733095,0.010170010608733095,0.005273791434468012,0.007446219831909239,0.007049514377124153,0.005924600444678287,0.006815192543771008,0.11164208883792048,0.0219903564415234,0.007278813678007493,0.031192134883636504,0.04914150455030843,0.021097291754905097,0.05119873665341044,0.05119873665341044,0.02431018173566385,0.04359109590685458,0.07047965082460117,0.10247925337134088,0.16312437787249445,0.03276624636384131,0.047791441992421385,0.09160514168277134,0.09160514168277134,0.08500966595352437,0.08500966595352437,0.007662340609181223,0.11164208883792048,0.13619514340246996,0.16312437787249445,0.022285712882916833
204,24,0.005101917997749259,0.0024975485148093658,0.009852234432295255,0.062005670466587004,0.006672245871506869,0.14953067971645323,1,False,20,0,0,0,0,0,0,4312,4044,3745,4122,3810,4155,4230,4566,4253,4546,4123,4628,4549,3898,4099,4548,4791,4415,4720,4140,4848,4700,4884,3417,0.007267563311855621,0.004918349693663694,0.002793201616447664,0.004160907949068266,0.0045236530122942,0.0036334006917199692,0.004495071101870689,0.004495071101870689,0.003597611186386192,0.0024975485148093658,0.0031205868485518146,0.0038381299820470934,0.005866437931152385,0.0035050920203289967,0.004542508641887811,0.003968898513279241,0.003968898513279241,0.009852234432295255,0.009852234432295255,0.0049995112139911485,0.007267563311855621,0.0069278562854836155,0.005866437931152385,0.0064872637083960025,0.10233858143476043,0.020157826738063118,0.006672245871506869,0.028592790310000126,0.04504637917111606,0.019339184108663005,0.046932175265626236,0.046932175265626236,0.02228433325769186,0.03995850458128337,0.06460634658921774,0.0939393155903958,0.14953067971645323,0.0300357258335212,0.04380882182638627,0.08397137987587372,0.08397137987587372,0.077925527124064,0.077925527124064,0.007023812225082787,0.10233858143476043,0.1248455481189308,0.14953067971645323,0.020428570142673762
205,24,0.0049809242682387995,0.002389170375092135,0.00952546827698553,0.07038370530344416,0.006116225382214629,0.1977750857756866,2,False,22,0,0,0,0,0,0,4312,4920,4044,3745,4941,4122,3810,4155,4230,4566,4253,4546,4123,4628,4549,3898,4099,4548,4791,4415,4720,4140,4848,4884,0.007257190359138675,0.007257190359138675,0.004678902381314541,0.0026471981050329788,0.0069617170582149624,0.003967699202223555,0.004333525688966258,0.0034557179850379575,0.004308420160713211,0.004308420160713211,0.003424502435974166,0.002389170375092135,0.003005852676083,0.0037275135956351107,0.005786771309306816,0.0033436867076250872,0.004350080691360158,0.0038437667472255546,0.0038437667472255546,0.00952546827698553,0.00952546827698553,0.004738648235611097,0.0070747335928206135,0.005786771309306816,0.17714369964853038,0.17714369964853038,0.018478007843224523,0.006116225382214629,0.1977750857756866,0.026210057784166782,0.041292514240189725,0.017727585432941086,0.04302116066015738,0.04302116066015738,0.020427305486217538,0.03662862919950975,0.05922248437344959,0.08611103929119614,0.13706978974008213,0.027532748680727765,0.04015808667418741,0.07697376488621757,0.07697376488621757,0.07143173319705867,0.07143173319705867,0.006438494539659221,0.09381036631519706,0.13706978974008213
206,24,0.004696116756242923,0.002283364548639955,0.009192804206351603,0.06646114233393303,0.005901953328020953,0.1812938286277127,3,False,23,0,0,0,0,0,0,4312,4920,4044,3745,4947,4941,4122,3810,4155,4230,4566,4253,4546,4123,4628,4549,3898,4099,4548,4791,4415,4720,4140,4848,0.0072142182348618545,0.0072142182348618545,0.004449018660294412,0.0025731279978887453,0.0025731279978887453,0.006960601748007175,0.0037809377774661,0.0041470267404318745,0.00328524114076979,0.004124998424100913,0.004124998424100913,0.0032580282085724298,0.002283364548639955,0.0028909740989979875,0.0036121563602641953,0.005688298562560414,0.003187478503066939,0.004161546756866991,0.003715291108433851,0.003715291108433851,0.009192804206351603,0.009192804206351603,0.004490660213200809,0.006870588887417137,0.1623817246778195,0.1623817246778195,0.016938173856289145,0.08893987326703008,0.08893987326703008,0.1812938286277127,0.024025886302152882,0.03785147138684058,0.016250286646862663,0.0394360639384776,0.0394360639384776,0.01872503002903274,0.033576243432883936,0.054287277342328785,0.07893511935026312,0.12564730726174195,0.025238352957333784,0.03681157945133846,0.07055928447903277,0.07055928447903277,0.06547908876397045,0.06547908876397045,0.005901953328020953,0.08599283578893063
207,24,0.004471196168397527,0.0021803794820067944,0.008856978494175338,0.07733780168080347,0.005410123884019207,0.1985100316565968,0,False,22,0,0,0,0,0,0,4312,4920,4044,3745,4947,4941,4122,3810,4155,4230,4566,4253,4546,4123,4983,3898,4099,4548,4791,4415,4720,4140,4971,4549,0.007141909633742771,0.007141909633742771,0.004228605406468285,0.002559830603294399,0.0024954725816516347,0.006960601748007175,0.003600763784670717,0.003964730926364636,0.0031218821877396726,0.003945421653430235,0.003945421653430235,0.0030981691958412052,0.0021803794820067944,0.002776645133697702,0.005717384630938094,0.003036615845071826,0.003977454003110313,0.0035846635230024344,0.0035846635230024344,0.008856978494175338,0.008856978494175338,0.004255010669744146,0.002559830603294399,0.005717384630938094,0.1488499142880012,0.1488499142880012,0.015526659368265049,0.16486155049477758,0.08152821716144423,0.1812938286277127,0.022023729110306808,0.03469718210460386,0.014896096092957441,0.0361497252769378,0.0361497252769378,0.01716461085994668,0.030778223146810273,0.049763337563801385,0.1985100316565968,0.023135156877555966,0.033743947830393584,0.06467934410578004,0.06467934410578004,0.06002249803363957,0.06002249803363957,0.005410123884019207,0.16486155049477758,0.1985100316565968
208,24,0.004334610881203602,0.0020804082172032677,0.00852038885655899,0.07089298487406985,0.004959280227017606,0.18196752901854707,1,False,22,0,0,0,0,0,0,4312,4920,4044,3745,4947,4941,4122,3810,4155,4230,4566,4253,4546,4123,4983,3898,4099,4548,4791,4415,4720,4140,4971,4549,0.007043578841324558,0.007043578841324558,0.00401752320373099,0.0025359340462950304,0.0024151418366443484,0.006927433730652655,0.003427253162883575,0.0037871011513523714,0.002965521243593075,0.003770190558877352,0.003770190558877352,0.0029448664847949225,0.0020804082172032677,0.0026634604521491028,0.005717645543259836,0.0028911898118381394,0.003798239960578836,0.0034529373077561935,0.0034529373077561935,0.00852038885655899,0.00852038885655899,0.004031171585321248,0.0025359340462950304,0.005717645543259836,0.1364457547640011,0.1364457547640011,0.014232771087576293,0.1511230879535461,0.07473419906465721,0.1661860095754033,0.020188418351114575,0.031805750262553535,0.013654754751877654,0.033137248170526316,0.033137248170526316,0.01573422662161779,0.028213371217909417,0.045616392766817934,0.18196752901854707,0.021207227137759636,0.030931952177860784,0.0592893987636317,0.0592893987636317,0.055020623197502935,0.055020623197502935,0.004959280227017606,0.1511230879535461,0.18196752901854707
209,24,0.004078765933384783,0.0020347519029000837,0.008185115269018483,0.08581038436186135,0.004546006874766139,0.22186283062408393,2,False,23,0,0,0,0,0,0,4312,4920,4044,3745,5019,4947,4941,4122,3810,5023,4230,4566,5028,4546,4123,4983,3898,4099,4548,4791,4415,4720,4140,4971,0.0069225090873377484,0.0069225090873377484,0.0038155946817681244,0.002567154004800334,0.002567154004800334,0.0023329532562146958,0.006865311040156997,0.003260427051127496,0.003707718845889774,0.003707718845889774,0.0035997035271440737,0.0035997035271440737,0.0020347519029000837,0.0020347519029000837,0.0025519236755813237,0.005691474217416562,0.0027512422822426,0.0036242452012898844,0.003321034159412724,0.003321034159412724,0.008185115269018483,0.008185115269018483,0.003818625540688024,0.002502611861742656,0.12507527520033432,0.12507527520033432,0.013046706830278268,0.22186283062408393,0.22186283062408393,0.06850634914260244,0.15233717544411968,0.01850605015518836,0.11248860440734075,0.11248860440734075,0.030375810822982456,0.030375810822982456,0.10919559028308365,0.10919559028308365,0.04181502670291644,0.16680356826700146,0.019439958209612997,0.028354289496372385,0.05434861553332906,0.05434861553332906,0.05043557126437769,0.05043557126437769,0.004546006874766139,0.1385294972907506
210,24,0.003956698224404275,0.0019845718870580877,0.007852943016081207,0.08213174122059513,0.004167172968535627,0.20337426140541026,3,False,22,0,0,0,0,0,0,4312,4920,4044,3745,5019,4947,4941,4122,3810,5023,4230,4566,5028,4546,4123,4983,3898,4099,5058,4415,4720,4140,4971,4791,0.006781887064553798,0.006781887064553798,0.0036226118197801014,0.0025841185776272896,0.0025841185776272896,0.002249633968487797,0.006777405134458247,0.0031002601771698978,0.003619617982107815,0.003619617982107815,0.00343426858389835,0.00343426858389835,0.0019845718870580877,0.0019845718870580877,0.00244245573276544,0.0056414108903624,0.002616773267351756,0.0034557251422929515,0.003272015906927997,0.007852943016081207,0.007852943016081207,0.003616867425259321,0.0024610312309957744,0.0031897524671978313,0.11465233560030645,0.11465233560030645,0.011959481261088412,0.20337426140541026,0.20337426140541026,0.06279748671405223,0.13964241082377638,0.01696387930892266,0.10311455404006235,0.10311455404006235,0.027844493254400585,0.027844493254400585,0.10009595775949334,0.10009595775949334,0.03833044114434007,0.152903270911418,0.017819961692145246,0.025991432038341353,0.13315289757221832,0.046232606992346215,0.046232606992346215,0.004167172968535627,0.12698537251652137,0.049819564238884964
211,24,0.003798522215331855,0.0019307022514942994,0.0075253868898048065,0.09570105122587876,0.003819908554490991,0.20539015610786682,4,False,23,0,0,0,0,0,0,4312,4920,4044,3745,5019,4947,4941,4122,5071,5023,4230,4566,5028,4546,4123,4983,3898,5080,5082,5058,4415,4720,4140,4971,0.006624753116215684,0.006624753116215684,0.0034383423127669764,0.0025877597567377088,0.0025877597567377088,0.002165824407414104,0.006666877134027528,0.003022683159756169,0.003022683159756169,0.0035243448388971345,0.0032741145080250997,0.0032741145080250997,0.0019307022514942994,0.0019307022514942994,0.0023354030721063476,0.005570059355139135,0.002551906247894746,0.002551906247894746,0.00329566783238367,0.00329566783238367,0.0075253868898048065,0.0075253868898048065,0.003425405770347787,0.0024123287526411417,0.10509797430028091,0.10509797430028091,0.010962857822664377,0.18642640628829274,0.18642640628829274,0.05756436282121454,0.12800554325512833,0.09888355603317911,0.09888355603317911,0.09452167453672382,0.02552411881653387,0.02552411881653387,0.09175462794620223,0.09175462794620223,0.03513623771564506,0.14016133166879982,0.09966829821779982,0.09966829821779982,0.20539015610786682,0.20539015610786682,0.042379889742984025,0.042379889742984025,0.003819908554490991,0.11640325814014459
212,24,0.003688572330996754,0.0018739116427307825,0.007203715689401661,0.0877259636237222,0.0035015828416167416,0.18827430976554457,5,False,23,0,0,0,0,0,0,4312,4920,4044,3745,5019,4947,4941,4122,5071,5023,4230,4566,5028,4546,4123,4983,3898,5080,5082,5058,4415,4720,4140,4971,0.0064539652815342186,0.0064539652815342186,0.003262535093214113,0.0025791338939123135,0.0025791338939123135,0.002082083080727911,0.006536810813996167,0.002939636388881326,0.002939636388881326,0.003423330210342005,0.003119401056606482,0.003119401056606482,0.0018739116427307825,0.0018739116427307825,0.002231045573147699,0.005480017559888905,0.0024823394064202365,0.0024823394064202365,0.0033021756321818608,0.0033021756321818608,0.007203715689401661,0.007203715689401661,0.0032437637612944908,0.0023575918679730502,0.0963398097752575,0.0963398097752575,0.010049286337442346,0.170890872430935,0.170890872430935,0.052767332586113325,0.1173384146505343,0.09064325969708084,0.09064325969708084,0.08664486832533017,0.023397108915156048,0.023397108915156048,0.08410840895068537,0.08410840895068537,0.03220821790600797,0.12848122069639983,0.09136260669964984,0.09136260669964984,0.18827430976554457,0.18827430976554457,0.038848232264402024,0.038848232264402024,0.0035015828416167416,0.10670298662846586
213,24,0.003727240275881814,0.0018149004549368308,0.006888976376303365,0.09778212272601662,0.003209784271482013,0.2011077856383665,6,False,22,0,0,0,0,0,0,4312,4920,4044,3745,5019,5135,4941,4122,5071,5023,4230,4566,5028,4546,4123,4983,5127,5082,5058,4415,4720,4140,4971,5080,0.006272175259248898,0.006272175259248898,0.003094925096036836,0.002559375681905651,0.002559375681905651,0.0023571065453347677,0.006390161031548905,0.0028522804907450804,0.0028522804907450804,0.0033178827488823254,0.0029702282915319506,0.0029702282915319506,0.0018149004549368308,0.0018149004549368308,0.0021296040494648448,0.005512412407913435,0.005512412407913435,0.0032928722812049275,0.0032928722812049275,0.006888976376303365,0.006888976376303365,0.003071479975620285,0.0023571065453347677,0.002409058141360532,0.08831149229398604,0.08831149229398604,0.00921184580932215,0.15664996639502377,0.15664996639502377,0.18114440440942703,0.10756021342965644,0.0830896547223241,0.0830896547223241,0.07942446263155264,0.021447349838893043,0.021447349838893043,0.0770993748714616,0.0770993748714616,0.02952419974717397,0.2011077856383665,0.2011077856383665,0.17258478395174917,0.17258478395174917,0.03561087957570185,0.03561087957570185,0.003209784271482013,0.18114440440942703,0.08374905614134569
214,24,0.003768759808846917,0.0017543001960155932,0.006582017408901997,0.10106050841713755,0.002942302248858512,0.2676821368351693,7,False,22,0,0,0,0,0,0,4312,4920,4044,3745,5019,5135,4941,4122,5071,5023,4230,4566,5028,4546,4123,4983,5127,5082,5058,4415,4720,4140,4971,5151,0.0060818143546450655,0.0060818143546450655,0.0029352373488991256,0.0025296584513386055,0.0025296584513386055,0.0023457764997218944,0.006229715914189237,0.002761671432057926,0.002761671432057926,0.003209186574195746,0.0028266450224699335,0.0028266450224699335,0.0017543001960155932,0.0017543001960155932,0.0020312472723807086,0.005658951113484327,0.005516676504465957,0.0032691969762186288,0.0032691969762186288,0.006582017408901997,0.006582017408901997,0.0029081088884872937,0.0023457764997218944,0.005658951113484327,0.0809522012694872,0.0809522012694872,0.008444191991878638,0.14359580252877177,0.14359580252877177,0.1660490373753081,0.0985968623105184,0.07616551682879709,0.07616551682879709,0.07280575741225659,0.019660070685651954,0.019660070685651954,0.07067442696550646,0.07067442696550646,0.027063849768242804,0.2676821368351693,0.18434880350183597,0.15820271862243673,0.15820271862243673,0.0326433062777267,0.0326433062777267,0.002942302248858512,0.1660490373753081,0.2676821368351693
215,24,0.0036791796015450445,0.0016926745578906136,0.006283510921367207,0.10391305487998687,0.002697110394786969,0.3287086254322385,8,False,23,0,0,0,0,0,0,4312,4920,4044,3745,5165,5135,4941,4122,5071,5023,4230,4566,5028,4546,4123,4983,5127,5183,5082,5058,4415,4720,4140,4971,0.005885087573667511,0.005885087573667511,0.002783190463871474,0.0024911609809334856,0.0023846038020704594,0.0023846038020704594,0.006058070968289497,0.002668759957878336,0.002668759957878336,0.0030983022467982253,0.0026886563981079327,0.0026886563981079327,0.0016926745578906136,0.0016926745578906136,0.001936098474635766,0.005769923300041378,0.005495088950171277,0.005918729121973263,0.0032326435395178986,0.0032326435395178986,0.006283510921367207,0.006283510921367207,0.0027532211815417475,0.002324651247825049,0.07420618449702993,0.07420618449702993,0.007740509325888751,0.1316294856513741,0.23554495092736577,0.23554495092736577,0.0903804571179752,0.06981839042639733,0.06981839042639733,0.0667386109612352,0.018021731461847622,0.018021731461847622,0.06478489138504759,0.06478489138504759,0.02480852895422257,0.24537529209890516,0.1689864032100163,0.3287086254322385,0.14501915873723367,0.14501915873723367,0.029923030754582806,0.029923030754582806,0.002697110394786969,0.15221161759403243
216,24,0.0036078406995262934,0.0016305217722063883,0.006138835376398061,0.09707276993355034,0.0024723511952213883,0.3013162399795519,9,False,24,0,0,0,0,0,0,4312,4920,4044,3745,5165,5135,4941,4122,5071,5023,5194,4230,4566,5028,4546,4123,4983,5127,5183,5082,5058,4415,4720,4140,0.005683974184697023,0.005683974184697023,0.002638499600102541,0.0024450406475600515,0.0024095784862569005,0.0024095784862569005,0.005877613242341477,0.0025743935394245865,0.0025743935394245865,0.0029861703114975047,0.0026221556573656725,0.0026221556573656725,0.0025562306893891764,0.0016305217722063883,0.0016305217722063883,0.0018442413162106854,0.0058464289193451814,0.005450084207271555,0.006138835376398061,0.0031847171315462033,0.0031847171315462033,0.005993973524478517,0.005993973524478517,0.002606403886564223,0.0680223357889441,0.0680223357889441,0.007095466882064689,0.12066036184709293,0.21591620501675196,0.21591620501675196,0.08284875235814393,0.06400019122419755,0.06400019122419755,0.06117706004779894,0.099853253840027,0.099853253840027,0.016519920506693653,0.05938615043629362,0.05938615043629362,0.022741151541370686,0.22492735109066306,0.15490420294251492,0.3013162399795519,0.1329342288424642,0.1329342288424642,0.027429444858367572,0.027429444858367572,0.0024723511952213883
217,24,0.0035160015318989445,0.0015682778939790783,0.0063184627154678945,0.08898337243908781,0.0022663219289529393,0.27620655331458926,10,False,24,0,0,0,0,0,0,4312,4920,4044,3745,5165,5135,4941,4122,5071,5023,5194,4230,4566,5028,4546,4123,4983,5127,5183,5082,5058,4415,4720,4140,0.005480233257575328,0.005480233257575328,0.002500878960943487,0.002392412486893268,0.0024214651826315217,0.0024214651826315217,0.005690513753303978,0.002479320204809271,0.002479320204809271,0.002873616726801424,0.0025508059056254897,0.0025508059056254897,0.00242930531605745,0.0015682778939790783,0.0015682778939790783,0.0017557253120065491,0.005890117597403826,0.005384169228988599,0.0063184627154678945,0.003126899096928503,0.003126899096928503,0.005713785596688716,0.005713785596688716,0.0024672603912323857,0.06235380780653208,0.06235380780653208,0.006504177975225964,0.11060533169316851,0.19792318793202263,0.19792318793202263,0.07594468966163193,0.058666841955514415,0.058666841955514415,0.05607897171048236,0.09153214935335807,0.09153214935335807,0.01514326046446918,0.05443730456660248,0.05443730456660248,0.020846055579589795,0.20618340516644112,0.141995519363972,0.27620655331458926,0.12185637643892551,0.12185637643892551,0.02514365778683694,0.02514365778683694,0.0022663219289529393
218,24,0.003422214650908918,0.0015063207148037496,0.006457768285076903,0.08504031362471938,0.002077461768206861,0.2531893405383735,11,False,25,0,0,0,0,0,0,4312,4920,5234,3745,5165,5135,4941,4122,5071,5023,5194,4230,4566,5028,4546,4123,4983,5127,5183,5082,5058,4415,4720,4140,0.005275412890798045,0.005275412890798045,0.002431167109293167,0.0023343335763902403,0.0024211776828826446,0.0024211776828826446,0.005498726522642105,0.002384193719173909,0.002384193719173909,0.002761359605105954,0.0024756209962488967,0.0024756209962488967,0.002307792172107202,0.0015063207148037496,0.0015063207148037496,0.001670570734003708,0.005903059949732564,0.0052998544678298076,0.006457768285076903,0.0030606194265905464,0.0030606194265905464,0.005443209003990021,0.005443209003990021,0.0023354103306567693,0.05715765715598774,0.05715765715598774,0.08929549647729047,0.10138822071873779,0.1814295889376874,0.1814295889376874,0.0696159655231626,0.05377793845922155,0.05377793845922155,0.05140572406794216,0.08390447024057823,0.08390447024057823,0.013881322092430082,0.0499008625193856,0.0499008625193856,0.019108884281290643,0.18900145473590435,0.13016255941697433,0.2531893405383735,0.11170167840234838,0.11170167840234838,0.023048352971267193,0.023048352971267193,0.002077461768206861
219,24,0.0034317660539522946,0.001482239817718754,0.006557731233950253,0.10538506575732424,0.0019043399541896226,0.23209022882684235,12,False,27,0,0,0,0,0,0,4312,4920,5234,5165,5135,4941,4122,5071,5023,5265,5194,4230,5267,5269,4123,4983,5127,5183,5082,5058,5276,4415,4720,4140,0.005070862037446082,0.005070862037446082,0.0023580308508209338,0.0024097321397588962,0.0024097321397588962,0.0053039927437133864,0.0022895796702197134,0.0022895796702197134,0.002718360493731261,0.002718360493731261,0.0023975244771439557,0.0024593564256588795,0.0024593564256588795,0.001482239817718754,0.0015887730097061369,0.005887628022590704,0.005199598309606896,0.006557731233950253,0.002987236102946412,0.003064276663191009,0.003064276663191009,0.005182403240754983,0.005182403240754983,0.0022104893851359908,0.05239451905965543,0.05239451905965543,0.08185420510418293,0.16631045652621346,0.16631045652621346,0.06381463506289904,0.04929644358761975,0.04929644358761975,0.13045524706228032,0.13045524706228032,0.07691243105386338,0.16024576438719673,0.16024576438719673,0.12907579064277014,0.017516477257849754,0.1732513335079123,0.11931567946555979,0.23209022882684235,0.10239320520215267,0.185726538535486,0.185726538535486,0.02112765689032826,0.02112765689032826,0.0019043399541896226
220,24,0.0034807623609892104,0.0014537580342315057,0.006620003462634744,0.10722336511652997,0.001745644958007154,0.21274937642460548,13,False,28,0,0,0,0,0,0,4312,4920,5234,5165,5135,4941,4122,5071,5023,5265,5289,5267,5269,4123,4983,5127,5183,5082,5058,5276,4415,4720,5302,4140,0.0048677440290838215,0.0048677440290838215,0.0022823328197967368,0.0023882057872560963,0.0023882057872560963,0.00510784879347881,0.002195962097550635,0.002195962097550635,0.0026671565215661756,0.002735942257142556,0.002735942257142556,0.0024332499607037264,0.0014537580342315057,0.001510306644879107,0.00584638816885737,0.005085763963678372,0.006620003462634744,0.002908020480232945,0.003053463788856521,0.003053463788856521,0.004931440023460373,0.005058621434345601,0.005058621434345601,0.002092149001750727,0.04802830913801747,0.04802830913801747,0.07503302134550101,0.15245125181569566,0.15245125181569566,0.05849674880765745,0.04518840662198476,0.04518840662198476,0.11958397647375694,0.20291730980709027,0.20291730980709027,0.14689195068826366,0.11831947475587262,0.016056770819695608,0.15881372238225294,0.10937270617676315,0.21274937642460548,0.09386043810197328,0.17024932699086218,0.17024932699086218,0.01936701881613424,0.10270035214946759,0.10270035214946759,0.001745644958007154
221,24,0.0033983433797869877,0.0014215343327186498,0.006646762286297634,0.1017603069123747,0.014718706584720973,0.19502026172255502,14,False,29,0,0,0,0,0,0,4312,4920,5234,5165,5135,4941,4122,5071,5023,5265,5289,5267,5269,4123,4983,5127,5183,5082,5058,5276,4415,4720,5302,5327,0.00466705106886334,0.00466705106886334,0.0022048483353717344,0.002357701675468793,0.002357701675468793,0.00491163699431551,0.0021037503778720498,0.0021037503778720498,0.002608960750556614,0.002739446724162827,0.002739446724162827,0.002398432953168536,0.0014215343327186498,0.0014351287024388657,0.005782008162040267,0.004960587524144225,0.006646762286297634,0.0028241478138098922,0.003029527402371923,0.003029527402371923,0.0046903163976446775,0.004924900417943672,0.004924900417943672,0.0020311215290158987,0.04402595004318268,0.04402595004318268,0.06878026956670925,0.13974698083105436,0.13974698083105436,0.05362201974035266,0.0414227060701527,0.0414227060701527,0.10961864510094387,0.18600753398983275,0.18600753398983275,0.13465095479757502,0.10845951852621656,0.014718706584720973,0.1455792455170652,0.10025831399536621,0.19502026172255502,0.08603873492680884,0.156061883074957,0.156061883074957,0.017753100581456387,0.09414198947034529,0.09414198947034529,0.08493350787817323
222,24,0.003421245222280799,0.0013631818713858799,0.006640571552870605,0.10681165757883876,0.01349214770266089,0.25384023949068,15,False,29,0,0,0,0,0,0,4312,4920,5234,5165,5135,4941,4122,5071,5338,5289,5267,5269,4123,4983,5343,5127,5183,5082,5058,5276,4415,4720,5302,5327,0.004469619117524167,0.004469619117524167,0.0021262673250267605,0.002319319484045274,0.002319319484045274,0.00471651821596487,0.002013286142243785,0.002013286142243785,0.0028004012608684324,0.0028004012608684324,0.0023560223858709738,0.0013861913583910147,0.0013631818713858799,0.005697179159071471,0.004950621898123787,0.004950621898123787,0.006640571552870605,0.0027366920691789683,0.0029938579992171838,0.0029938579992171838,0.004458966437833515,0.004783234412737677,0.004783234412737677,0.001967614329624499,0.04035712087291746,0.04035712087291746,0.06304858043615015,0.12810139909513316,0.12810139909513316,0.04915351809532327,0.037970813897639975,0.037970813897639975,0.25384023949068,0.25384023949068,0.12343004189777709,0.09942122531569851,0.01349214770266089,0.1334476417239764,0.1752367878290857,0.1752367878290857,0.1787685732456754,0.07886884034957477,0.1430567261520439,0.1430567261520439,0.01627367553300169,0.08629682368114984,0.08629682368114984,0.07785571555499213
223,24,0.003320548939627202,0.0012943971603276295,0.00660425563630746,0.11766563742479168,0.012367802060772483,0.3160202195331233,16,False,32,0,0,0,0,0,0,4312,4920,5234,5165,5135,4941,4122,5071,5338,5360,5267,5269,4123,5343,5127,5183,5367,5082,5058,5276,5372,4415,4720,5327,0.004276142727924218,0.004276142727924218,0.002047197731273988,0.00227413216624339,0.00227413216624339,0.004523485577105419,0.0019248500562964045,0.0019248500562964045,0.0029176219755771967,0.0029176219755771967,0.002307099371733399,0.0013483094516144125,0.0012943971603276295,0.0049186798697257355,0.0050455321973518425,0.00660425563630746,0.0050455321973518425,0.0026466241955693495,0.0029478509996249008,0.0029478509996249008,0.004346550500631374,0.004346550500631374,0.004635446462679254,0.0019023178474175564,0.036994027466841,0.036994027466841,0.05779453206647097,0.11742628250387205,0.11742628250387205,0.04505739158737966,0.03480657940616998,0.03480657940616998,0.3160202195331233,0.3160202195331233,0.11314420507296233,0.09113612320605696,0.012367802060772483,0.1606337221766619,0.24396705550999523,0.16387119214186913,0.24396705550999523,0.0722964369871102,0.13113533230604024,0.13113533230604024,0.09825086923858489,0.09825086923858489,0.07910542170772068,0.07136773925874278
224,24,0.0032180619466333714,0.0012603842195836865,0.006540788906668209,0.11459761110502231,0.03190603112232248,0.28968520123869634,17,False,33,0,0,0,0,0,0,4312,4920,5234,5165,5135,4941,4122,5383,5071,5338,5360,5267,5269,5388,5343,5127,5183,5367,5082,5276,5372,4415,4720,5327,0.004087189495584091,0.004087189495584091,0.001968169971282463,0.0022231679664582804,0.0022231679664582804,0.004333378657280846,0.0018386683400739249,0.0018860874372398913,0.0018860874372398913,0.003015387239577264,0.003015387239577264,0.002252692912248736,0.0013084229370373722,0.0012603842195836865,0.0048669961289559025,0.005110416704864907,0.006540788906668209,0.005110416704864907,0.0025548131257227707,0.0028928752676329597,0.004226382081895617,0.004226382081895617,0.004483185333323616,0.0018358490681503216,0.03391119184460425,0.03391119184460425,0.05297832106093172,0.1076407589618827,0.1076407589618827,0.04130260895509802,0.03190603112232248,0.11523936445565583,0.11523936445565583,0.28968520123869634,0.28968520123869634,0.10371552131688214,0.08354144627221888,0.09467048522237478,0.14724757866194005,0.22363646755082894,0.15021525946338002,0.22363646755082894,0.06627173390485101,0.12020738794720355,0.09006329680203615,0.09006329680203615,0.07251330323207729,0.06542042765384755
225,24,0.0029009990225931192,0.0012558850205564972,0.006453201808378695,0.11873007807043641,0.02924719519546227,0.2655447678021383,18,False,35,0,0,0,0,0,0,4312,4920,5234,5165,5135,4941,4122,5408,5071,5338,5360,5267,5411,5269,5413,5343,5183,5082,5276,5372,4415,4720,5423,5327,0.0039032138857424186,0.0039032138857424186,0.0018896420926368712,0.0021673972295712324,0.0021673972295712324,0.004146897761597135,0.0017549189417310517,0.001890213232454104,0.001890213232454104,0.003093525512535851,0.003093525512535851,0.0022503453810298626,0.0022503453810298626,0.001267018283587393,0.0012558850205564972,0.004797832896116314,0.006453201808378695,0.0024620288518808755,0.00283024860253466,0.004100122429161436,0.004100122429161436,0.004327927063774756,0.0018143699392254044,0.0018143699392254044,0.031085259190887227,0.031085259190887227,0.04856346097252074,0.09867069571505914,0.09867069571505914,0.03786072487550651,0.02924719519546227,0.18896941741768453,0.18896941741768453,0.2655447678021383,0.2655447678021383,0.17840589454047528,0.17840589454047528,0.0765796590828673,0.17011461145384354,0.13497694710677838,0.13769732117476502,0.060749089412780094,0.11019010561826992,0.08255802206853313,0.08255802206853313,0.06647052796273752,0.14330205868269358,0.14330205868269358
226,24,0.0028336279879453293,0.0012245337649940556,0.006344503554888304,0.10883590489790003,0.02680992892917375,0.2434160371519601,19,False,34,1,1,0,0,0,0,4312,4920,5234,5165,5135,4941,4122,5408,5071,5338,5360,5267,5411,5269,5413,5343,5183,5082,5276,5372,4415,4720,5423,5327,0.0037245702733720346,0.0037245702733720346,0.001812005335761677,0.0021077233621681194,0.0021077233621681194,0.003964617892823459,0.0016737373095967738,0.0018852548724368802,0.0018852548724368802,0.003152301906743664,0.003152301906743664,0.002237811369629502,0.002237811369629502,0.0012245337649940556,0.0012459930054140272,0.004713425016522976,0.006344503554888304,0.0023689470197836163,0.0027612195001423382,0.003969281789632133,0.003969281789632133,0.004170980066680809,0.0017866110480575987,0.0017866110480575987,0.028494820924979958,0.028494820924979958,0.04451650589147734,0.09044813773880421,0.09044813773880421,0.034705664469214303,0.02680992892917375,0.1732219659662108,0.1732219659662108,0.2434160371519601,0.2434160371519601,0.16353873666210234,0.16353873666210234,0.07019802082596169,0.1559383938326899,0.12372886818121351,0.12622254441020125,0.05568666529504842,0.10100759681674742,0.07567818689615537,0.07567818689615537,0.06093131729917605,0.13136022045913578,0.13136022045913578
227,24,0.003006238438300777,0.0011813602887886245,0.006377972540804314,0.11416154139478434,0.024575768185075935,0.22313136738929676,20,False,31,1,2,0,0,0,0,4312,5449,5234,5165,5135,4941,4122,5408,5071,5338,5360,5267,5411,5269,5413,5343,5183,5082,5464,5372,4415,4720,5471,4920,0.0035515250934982506,0.0036431186179123327,0.0017355898734075007,0.002044977296624868,0.002044977296624868,0.00378700217932303,0.0015952217310729112,0.0018720342177249354,0.0018720342177249354,0.0031923471290402363,0.0031923471290402363,0.00221609968988078,0.00221609968988078,0.0011813602887886245,0.001231280198833647,0.004615936660588187,0.006377972540804314,0.002276154572059962,0.006377972540804314,0.003835218900822531,0.003835218900822531,0.004013492826534693,0.0017986223094918381,0.0036431186179123327,0.02612025251456496,0.1094535858478983,0.04080679706718756,0.08291079292723719,0.08291079292723719,0.03181352576344644,0.024575768185075935,0.15878680213569324,0.15878680213569324,0.22313136738929676,0.22313136738929676,0.14991050860692715,0.14991050860692715,0.06434818575713154,0.14294352767996574,0.11341812916611238,0.19903733237601784,0.05104610985379438,0.19903733237601784,0.06937167132147574,0.06937167132147574,0.05585370752424471,0.2037468687542078,0.1094535858478983
228,24,0.0029507775520614898,0.001137843104008637,0.006543724855678577,0.11159252405633008,0.02252778750298627,0.26578422134468305,21,False,30,0,2,0,0,0,0,4312,5449,5234,5165,5135,4941,4122,5408,5480,5338,5360,5267,5411,5269,5413,5343,5183,5082,5490,5372,4415,4720,5471,4920,0.003384268047045257,0.0035535306589756523,0.0016606705495565725,0.0019799148345494475,0.0019799148345494475,0.0036144145841974706,0.0015194382254016244,0.0018514055513584784,0.0018991531400997669,0.003214585141659389,0.003214585141659389,0.002186237482416232,0.002186237482416232,0.001137843104008637,0.0012123205196981777,0.004507428572900971,0.006379205693612124,0.0021841560560462376,0.006543724855678577,0.003699144026336923,0.003699144026336923,0.003856463398335525,0.0018013446636610305,0.0035535306589756523,0.02394356480501788,0.10033245369390677,0.03740623064492193,0.07600156018330075,0.07600156018330075,0.029162398616492568,0.02252778750298627,0.14555456862438546,0.2288879019577188,0.20453708677352203,0.20453708677352203,0.13741796622301655,0.13741796622301655,0.058985836944037244,0.1310315670399686,0.10396661840226967,0.18245088801134968,0.046792267365978184,0.26578422134468305,0.06359069871135277,0.06359069871135277,0.05119923189722432,0.18676796302469048,0.10033245369390677
229,24,0.0030425929759866008,0.001094284140706917,0.0066685016146167285,0.1260748548390492,0.020650471877737414,0.2931472434612422,0,False,25,5,7,0,0,0,0,4312,5449,5234,5165,5135,4941,4122,5504,5480,5338,5360,5267,5411,5269,5413,5511,5183,5512,5082,5490,5372,4415,4720,5471,0.0032229223442978004,0.0034573018841372164,0.0015874724842607005,0.0019132162939917948,0.0019132162939917948,0.0036144145841974706,0.0014464249913865865,0.0019648684261055326,0.0019648684261055326,0.0032201633186878264,0.0032201633186878264,0.0021492441466088585,0.0021492441466088585,0.001094284140706917,0.0011896768595480015,0.004503048071902154,0.006514654253216742,0.006514654253216742,0.0020933802866479573,0.0066685016146167285,0.0035621246433161493,0.0035621246433161493,0.0037007500506205772,0.0017955119475024988,0.021948267737933055,0.0919714158860812,0.0342890447578451,0.06966809683469234,0.06966809683469234,0.029162398616492568,0.020650471877737414,0.2931472434612422,0.2931472434612422,0.1874923295423952,0.1874923295423952,0.12596646903776518,0.12596646903776518,0.054070350532034135,0.12011226978663787,0.17863606686874722,0.25057998067707055,0.25057998067707055,0.04289291175214667,0.24363553623262613,0.05829147381874004,0.05829147381874004,0.046932629239122295,0.17120396610596628
230,24,0.002995097359607997,0.0010509447755128614,0.006753630030595064,0.1440615137066714,0.018929599221259294,0.2687183065061387,1,False,25,0,7,0,0,0,0,5234,5165,4941,4122,5504,5480,5338,5360,5267,5411,5269,5535,5511,5183,5512,5082,5490,5372,4415,4720,5471,5522,5413,5543,0.0015552785069416202,0.0018454879456481744,0.0034471317830310046,0.0013761964214830354,0.002017740054552921,0.002017740054552921,0.0032103877860760574,0.0032103877860760574,0.0021061106231590153,0.0021061106231590153,0.0010509447755128614,0.004593749445619691,0.004593749445619691,0.006610664515839011,0.006610664515839011,0.0020041871213461455,0.006753630030595064,0.00342509302262669,0.00342509302262669,0.003547082525262176,0.0018278685457570733,0.0015552785069416202,0.0011638910265693184,0.0018278685457570733,0.11476495769469135,0.06386242209846797,0.026732198731784854,0.018929599221259294,0.2687183065061387,0.2687183065061387,0.1718679687471956,0.1718679687471956,0.11546926328461807,0.11546926328461807,0.049564487987697955,0.24708306129635163,0.24708306129635163,0.229698315620648,0.229698315620648,0.03931850243946778,0.22333257487990726,0.0534338510005117,0.0534338510005117,0.04302157680252877,0.24027030226380242,0.11476495769469135,0.11010291397108471,0.24027030226380242
231,24,0.0030549649764473933,0.001034046348092467,0.00680105935123373,0.1584522536647245,0.017352132619487686,0.2687183065061387,0,False,23,0,7,0,0,0,0,5234,4941,4122,5504,5480,5338,5360,5267,5411,5553,5554,5535,5511,5183,5512,5082,5490,5372,5561,5544,5546,5413,4415,5471,0.0015584735609857504,0.0033700831453964152,0.0013087467009842014,0.002017740054552921,0.0020579051580418934,0.003186665667570188,0.003186665667570188,0.002057783576251638,0.0021108536363718244,0.0021108536363718244,0.001034046348092467,0.004656886738321935,0.004656886738321935,0.006668969977818082,0.006668969977818082,0.0019168741616203242,0.00680105935123373,0.0033736743585141937,0.0033736743585141937,0.0015584735609857504,0.0033700831453964152,0.0011354762656273117,0.0032888550712139066,0.001849458577162256,0.18853454455346708,0.10783784883746945,0.017352132619487686,0.2687183065061387,0.2463251142972938,0.15754563801826263,0.15754563801826263,0.10584682467756656,0.1891801580108999,0.1891801580108999,0.12876744732205647,0.22649280618832232,0.22649280618832232,0.21055678931892732,0.21055678931892732,0.03604196056951213,0.20472152697324833,0.13231436341713573,0.13231436341713573,0.18853454455346708,0.10783784883746945,0.10092767114016098,0.04898103008380239,0.2202477770751522
232,24,0.0031308305064009835,0.0010140891817669005,0.006813212997446951,0.15463734219154207,0.015906121567863713,0.2463251142972938,1,False,25,0,7,0,0,0,0,4941,4122,5504,5480,5338,5360,5267,5411,5553,5554,5535,5511,5183,5512,5082,5490,5372,5590,5561,5586,5546,5413,5583,5471,0.003285722094274409,0.0012440530159329294,0.0020579051580418934,0.0020857465237892826,0.0031504551533291622,0.0031504551533291622,0.002005153919608947,0.0021054407719024006,0.0021054407719024006,0.0010140891817669005,0.0046937439364732126,0.0046937439364732126,0.0066918158401431125,0.0066918158401431125,0.0018789221953634321,0.006813212997446951,0.0033118507828935498,0.0032354438876501224,0.0033972631276054277,0.0033972631276054277,0.003285722094274409,0.001104912026452112,0.0018789221953634321,0.0018608384218586087,0.098851361434347,0.015906121567863713,0.2463251142972938,0.22579802143918598,0.14441683485007406,0.14441683485007406,0.09702625595443601,0.1734151448433249,0.1734151448433249,0.11803682671188509,0.2076184056726288,0.2076184056726288,0.1930103902090167,0.1930103902090167,0.11637179718871946,0.18766139972547763,0.12128816646570775,0.1282326109101522,0.2046214997990411,0.2046214997990411,0.098851361434347,0.09251703187848088,0.11637179718871946,0.20189379565222285
233,24,0.0032116907227885696,0.0009915325892010916,0.006792851621459288,0.16605778701197552,0.014580611437208403,0.3091313547725193,2,False,26,0,7,0,0,0,0,4941,4122,5594,5504,5480,5597,5338,5360,5267,5411,5553,5554,5535,5511,5183,5512,5606,5490,5372,5590,5561,5586,5546,5471,0.0031954196400364484,0.0011820783963938676,0.002139537745903415,0.002139537745903415,0.002101845217293947,0.003183255542498147,0.003103223672875646,0.003183255542498147,0.001949049086564431,0.002090789153259379,0.002090789153259379,0.0009915325892010916,0.004705948593600781,0.004705948593600781,0.0066818205535706734,0.0066818205535706734,0.0018836296829504592,0.006792851621459288,0.0032411348910073245,0.0031725243044061165,0.003403238763881582,0.003403238763881582,0.0031954196400364484,0.0018626878992726373,0.09061374798148475,0.014580611437208403,0.3091313547725193,0.3091313547725193,0.20698151965258715,0.21571543194590123,0.1323820986125679,0.21571543194590123,0.08894073462489967,0.15896388277304782,0.15896388277304782,0.10820042448589466,0.1903168718665764,0.1903168718665764,0.17692619102493196,0.17692619102493196,0.19000748075632617,0.1720229497483545,0.1111808192602321,0.11754656000097284,0.187569708149121,0.187569708149121,0.09061374798148475,0.18506931268120427
234,24,0.003434167577567676,0.0011227742232653532,0.006742950747852179,0.1820204278975358,0.013365560484107702,0.36670374187480936,3,False,24,0,7,0,0,0,0,4941,4122,5594,5504,5480,5597,5338,5360,5267,5411,5628,5511,5183,5512,5606,5490,5372,5590,5561,5586,5546,5619,5535,5636,0.003100437113731168,0.0011227742232653532,0.002206968040429423,0.0022638855549536015,0.002106934544750534,0.0031987789781286087,0.0030464139820764393,0.0031987789781286087,0.0018902284430644086,0.002067852502789617,0.004816469159595771,0.004695375823960185,0.006641850725438101,0.006641850725438101,0.0018792349080978914,0.006742950747852179,0.0031629619414587705,0.0031015312672934233,0.0034804856862934402,0.003392981000304637,0.003100437113731168,0.0022638855549536015,0.004816469159595771,0.0034804856862934402,0.08306260231636102,0.013365560484107702,0.283370408541476,0.36670374187480936,0.18973305968153822,0.19773914595040945,0.12135025706152056,0.19773914595040945,0.08152900673949136,0.1457168925419605,0.25779046587769505,0.17445713254436168,0.1621823417728543,0.1621823417728543,0.17417352402663233,0.15768770393599163,0.10191575098854609,0.1077510133342251,0.2552722324700276,0.17193889913669425,0.08306260231636102,0.36670374187480936,0.25779046587769505,0.2552722324700276
235,24,0.0036635419872860044,0.0010660824272474,0.0067444782181488435,0.17467338527967033,0.012251763777098726,0.33614509671857523,4,False,25,0,7,0,0,0,0,4941,4122,5594,5504,5480,5597,5646,5338,5360,5267,5411,5628,5511,5183,5512,5653,5490,5372,5590,5561,5586,5546,5651,5636,0.003001922059616793,0.0010660824272474,0.0022601564645849045,0.0023731971520390247,0.00210185720611425,0.003198234318796419,0.0030583081497627955,0.0030583081497627955,0.003198234318796419,0.0018293812710410782,0.002037593179100145,0.004897332967061111,0.004784347802113704,0.006574911812241297,0.0067444782181488435,0.0067444782181488435,0.006666594953122587,0.003078674672358293,0.003023819150649568,0.003536424381367012,0.003367976579693321,0.003001922059616793,0.004784347802113704,0.003536424381367012,0.0761407187899976,0.012251763777098726,0.25975620782968634,0.33614509671857523,0.17392197137474336,0.18126088378787533,0.19457106897306053,0.19457106897306053,0.18126088378787533,0.07473492284453374,0.13357381816346378,0.23630792705455378,0.2432523714989982,0.14866714662511643,0.23200047995844977,0.23200047995844977,0.14454706194132566,0.09342277173950057,0.09877176222303967,0.23399954643085863,0.1576106575419697,0.0761407187899976,0.2432523714989982,0.23399954643085863
236,24,0.0036509291058429536,0.001011937408203049,0.006808352646088363,0.16011726983969776,0.011230783462340499,0.30813300532536064,5,False,25,0,7,0,0,0,0,4941,4122,5594,5504,5480,5597,5646,5338,5360,5267,5411,5628,5511,5183,5512,5653,5490,5372,5590,5561,5586,5546,5651,5636,0.0029009076356262247,0.001011937408203049,0.0022993679415401974,0.002466584133085488,0.0020875268461095172,0.0031829650163668895,0.003055075269411422,0.003055075269411422,0.0031829650163668895,0.0017671267971023858,0.0020009594262056663,0.004949681885116819,0.004844903593238415,0.0064840555842607525,0.006808352646088363,0.006808352646088363,0.006566889191759437,0.0029895135264607613,0.002940649088105919,0.0035719159732043064,0.0033297664444096554,0.0029009076356262247,0.004844903593238415,0.0035719159732043064,0.06979565889083114,0.011230783462340499,0.23810985717721248,0.30813300532536064,0.1594284737601814,0.16615581013888572,0.17835681322530547,0.17835681322530547,0.16615581013888572,0.06850701260748926,0.1224426666498418,0.21661559980000764,0.22298134054074834,0.13627821773969007,0.21266710662857896,0.21266710662857896,0.13250147344621518,0.08563754076120886,0.09054078203778636,0.21449958422828708,0.14447643608013888,0.06979565889083114,0.22298134054074834,0.21449958422828708
237,24,0.0037127131179903704,0.0009602677021877018,0.006835715280750034,0.1606794468737512,0.01029488484047879,0.2824552548815806,6,False,26,0,7,0,0,0,0,4941,4122,5594,5504,5480,5696,5646,5338,5360,5267,5411,5628,5511,5183,5512,5653,5490,5704,5705,5590,5561,5586,5546,5636,0.0027983147397593836,0.0009602677021877018,0.002325119716788484,0.0025436103468276503,0.0020648946683827305,0.0032357462341355277,0.003038017295136998,0.003038017295136998,0.0032357462341355277,0.001704015799523415,0.001958867513519893,0.0049750736686558225,0.00487844837402871,0.006372304258031292,0.006835715280750034,0.006835715280750034,0.006613151528753946,0.006613151528753946,0.002971314722003603,0.0028531811993256612,0.0035881126072109747,0.0032799014910002092,0.0027983147397593836,0.0035881126072109747,0.06397935398326188,0.01029488484047879,0.21826736907911143,0.2824552548815806,0.14614276761349962,0.23564282596064526,0.16349374545653,0.16349374545653,0.23564282596064526,0.06279809489019848,0.11223911109568831,0.19856429981667365,0.20439956216235264,0.12492169959471588,0.19494484774286405,0.19494484774286405,0.20479301732569727,0.20479301732569727,0.16183441236444146,0.08299571686797083,0.1966246188759298,0.13243673307346063,0.06397935398326188,0.1966246188759298
238,24,0.0037343839885621067,0.0009109974220595558,0.00682920430413387,0.16361877110831458,0.00943697777043889,0.27069959864882326,7,False,21,6,13,0,0,0,0,4941,5734,4122,5594,5504,5480,5696,5646,5338,5360,5267,5411,5724,5628,5511,5183,5512,5653,5490,5704,5705,5590,5730,5586,0.0026949561810985464,0.002764458867485367,0.0009109974220595558,0.002338129022545096,0.00260424430030529,0.0020349213473136443,0.003269724828304944,0.0030085039498511062,0.0030085039498511062,0.003269724828304944,0.001640533388809634,0.001912188303911297,0.005012753795466265,0.004975376331376111,0.005012753795466265,0.006242590417719489,0.00682920430413387,0.00682920430413387,0.006625102038629772,0.006625102038629772,0.003016932388484092,0.002762470842471768,0.003016932388484092,0.0032199066906546587,0.05864774115132339,0.14198107448465674,0.00943697777043889,0.20007842165585213,0.2589173169747822,0.133964203645708,0.21600592379725814,0.14986926666848582,0.14986926666848582,0.21600592379725814,0.057564920316015275,0.10288585183771427,0.27069959864882326,0.18201727483195082,0.27069959864882326,0.11451155796182289,0.17869944376429203,0.17869944376429203,0.18772693254855582,0.18772693254855582,0.23168154466740468,0.07607940712897326,0.23168154466740468,0.12140033865067223
239,24,0.004111484436107163,0.0019097517646852575,0.006966883293468178,0.18179548725765002,0.0537604293887131,0.25018250192928826,8,False,20,1,14,0,0,0,0,4941,5734,5504,5696,5646,5338,5360,5747,5411,5724,5628,5511,5183,5512,5653,5753,5490,5704,5705,5590,5730,5586,5741,5749,0.0025915423158132107,0.0027211571144062684,0.0026488029058396173,0.003285937287432891,0.0029679297161139284,0.0029679297161139284,0.003285937287432891,0.0019097517646852575,0.0019097517646852575,0.005115375563752154,0.005080400566012809,0.005115375563752154,0.006097711341615712,0.00679172528683813,0.006966883293468178,0.006966883293468178,0.006605424077850781,0.006605424077850781,0.003045232578458191,0.002669468088717637,0.003045232578458191,0.003151253030235966,0.002050096687556978,0.005080400566012809,0.0537604293887131,0.130149318277602,0.23734087389355035,0.19800543014748662,0.13738016111277868,0.13738016111277868,0.19800543014748662,0.17764536418457144,0.17764536418457144,0.2481412987614213,0.25018250192928826,0.2481412987614213,0.10496892813167097,0.16380782345060102,0.24714115678393436,0.24714115678393436,0.17208302150284283,0.17208302150284283,0.2123747492784543,0.06973945653489215,0.2123747492784543,0.11128364376311621,0.206133853341899,0.25018250192928826
240,24,0.004171501753122998,0.0018987102930183688,0.007062752276209324,0.1802242916002815,0.04928039360632034,0.3126672934351809,9,False,18,2,16,0,0,0,0,4941,5696,5646,5338,5360,5747,5411,5724,5628,5511,5183,5512,5653,5753,5490,5704,5705,5590,5730,5586,5734,5504,5766,5770,0.00248868766581574,0.0032856228340816477,0.002917678466695194,0.002917678466695194,0.003370358762266374,0.0018987102930183688,0.0018987102930183688,0.005187219463921689,0.005287638738844777,0.005187219463921689,0.005940296063932685,0.0067263375910935515,0.007062752276209324,0.007062752276209324,0.006557010388193063,0.006557010388193063,0.003057220950682823,0.0025750196997846087,0.003057220950682823,0.0030753365113515437,0.002669671694472196,0.002677891334756753,0.003370358762266374,0.005287638738844777,0.04928039360632034,0.18150497763519605,0.12593181435338044,0.12593181435338044,0.2648383109685294,0.16284158383585715,0.16284158383585715,0.22746285719796952,0.3126672934351809,0.22746285719796952,0.09622151745403172,0.15015717149638427,0.22654606038527317,0.22654606038527317,0.15774276971093926,0.15774276971093926,0.19467685350524977,0.06392783515698447,0.19467685350524977,0.10201000678285652,0.1193035417544685,0.2175624677357545,0.2648383109685294,0.3126672934351809
241,24,0.004426320240668435,0.001879921514535129,0.007302349145654473,0.20289457601537708,0.0586005155605691,0.29100055535316705,10,False,16,3,19,0,0,0,0,5696,5646,5338,5360,5747,5411,5724,5628,5511,5183,5512,5653,5753,5705,5590,5730,5586,5785,5786,5798,5797,5770,5490,5800,0.0033544970229557234,0.0029328311819525146,0.002859095360355664,0.003433715427455244,0.001879921514535129,0.001879921514535129,0.005229694747454499,0.005459690047753735,0.005229694747454499,0.005772783384927578,0.006636157856332512,0.007118757018990223,0.007302349145654473,0.0031328441600454973,0.0024798729822252874,0.0030540797089930976,0.0029934633304129587,0.0033544970229557234,0.0029328311819525146,0.006650052532823364,0.007302349145654473,0.005459690047753735,0.006650052532823364,0.0031328441600454973,0.2497128961655964,0.19877082982393207,0.11543749649059873,0.24276845172115194,0.14927145184953572,0.14927145184953572,0.20850761909813872,0.2866116856489158,0.20850761909813872,0.08820305766619574,0.1376440738716856,0.20766722201983373,0.29100055535316705,0.2617871157131456,0.0586005155605691,0.17845378237981227,0.09350917288428513,0.2497128961655964,0.19877082982393207,0.22793087223502764,0.29100055535316705,0.2866116856489158,0.22793087223502764,0.2617871157131456
242,24,0.00430805724464802,0.0018542574154224284,0.0074943367971446176,0.21091406602238494,0.053717139263855004,0.3233048560703835,11,False,13,3,22,0,0,0,0,5696,5785,5360,5747,5411,5724,5628,5511,5183,5512,5653,5753,5705,5831,5730,5586,5808,5338,5811,5812,5798,5797,5770,5590,0.0034908734616353318,0.0034031076112282996,0.0035663688252550057,0.0019020785534908061,0.0018542574154224284,0.005244599050237656,0.005596348183188952,0.005244599050237656,0.005597409048790121,0.006524280571375637,0.007137364776158473,0.0074943367971446176,0.0031890094319582934,0.003271253708874017,0.0030371097812375296,0.0029068403260833235,0.0034908734616353318,0.0027934653871567214,0.0035663688252550057,0.0019020785534908061,0.006705385085619462,0.0074943367971446176,0.005596348183188952,0.0023846809857434423,0.31223682148513,0.22890348815179667,0.3058710807443893,0.22016549752874107,0.13683216419540772,0.19113198417329383,0.2627273785115061,0.19113198417329383,0.08085280286067942,0.12617373438237844,0.1903616201848476,0.26675050907373643,0.23997152273705014,0.3233048560703835,0.16358263384816124,0.0857167418105947,0.31223682148513,0.10581770511638217,0.3058710807443893,0.22016549752874107,0.20893663288210867,0.26675050907373643,0.2627273785115061,0.053717139263855004
243,24,0.004329121141295131,0.0018695866876731267,0.007639307270810612,0.2108159821647353,0.04924071099186709,0.3637151573490235,12,False,6,7,29,0,0,0,0,5696,5850,5360,5747,5411,5724,5628,5511,5840,5183,5512,5653,5705,5831,5730,5586,5849,5836,5854,5753,5590,5812,5797,5770,0.0036040263308186994,0.003770198202883815,0.003675409705072109,0.0019137380681803929,0.0018695866876731267,0.0052340109288646795,0.0056981793521648765,0.0052340109288646795,0.005555883739162902,0.005555883739162902,0.0063937149110456105,0.0071214186447002776,0.0032264066834838253,0.003387773931823671,0.0030076801333727777,0.0028165697999717226,0.0027921978962181454,0.0018695866876731267,0.0058451349038977935,0.007639307270810612,0.0022900086023486125,0.0019137380681803929,0.007639307270810612,0.0058451349038977935,0.28621708636136917,0.3637151573490235,0.2803818240156902,0.2018183727346793,0.20876281717912376,0.17520431882551935,0.24083343030221394,0.17520431882551935,0.15744840262228949,0.15744840262228949,0.11565925651718023,0.17449815183611028,0.21997389584229596,0.2963627847311849,0.1499507476941478,0.07857367999304514,0.18033289635668365,0.20876281717912376,0.3241667636355473,0.2445212999842584,0.04924071099186709,0.2018183727346793,0.2445212999842584,0.3241667636355473
244,24,0.004016446596434924,0.00191559965403428,0.007256444717707134,0.21255449004256022,0.12847065174254485,0.29715286666591834,13,False,3,4,33,0,0,0,0,5747,5873,5628,5840,5653,5730,5836,5411,5724,5511,5865,5183,5831,5590,5586,5812,5877,5854,5866,5871,5860,5512,5876,5867,0.00191559965403428,0.001923406263782526,0.005766393352761384,0.005492601886020059,0.007256444717707134,0.002967184727053598,0.001923406263782526,0.001923406263782526,0.0052001931467096,0.0052001931467096,0.005634255612714827,0.005634255612714827,0.0034820684994174506,0.0022529826033098397,0.0027938905161215303,0.0019650028031210206,0.0019650028031210206,0.006054796867713052,0.006408454736470168,0.0027938905161215303,0.001923406263782526,0.006408454736470168,0.0022529826033098397,0.007256444717707134,0.18500017500678936,0.27469924908086346,0.22076397777702944,0.14432770240376536,0.24328997251643442,0.1374548520529688,0.27469924908086346,0.27469924908086346,0.16060395892339271,0.16060395892339271,0.2276610357370987,0.2276610357370987,0.27166588600358615,0.12847065174254485,0.1553592066602914,0.2683335083401227,0.2683335083401227,0.29715286666591834,0.18935431847408188,0.1553592066602914,0.27469924908086346,0.18935431847408188,0.12847065174254485,0.24328997251643442
245,24,0.0035545158411334804,0.001908451789553324,0.0073483673858989376,0.25722213126108434,0.14241260610526713,0.3351409783241248,14,False,3,1,34,0,0,0,0,5747,5873,5886,5628,5653,5730,5893,5836,5411,5840,5876,5885,5812,5895,5877,5865,5902,5867,5883,5887,5896,5854,5586,5882,0.001908451789553324,0.0019649825781755236,0.0020156593085967314,0.005952364755692685,0.0073483673858989376,0.0029922364763567385,0.00226629428769995,0.0020156593085967314,0.0020156593085967314,0.0055496485580949955,0.00226629428769995,0.0029922364763567385,0.0020555825914991195,0.0020555825914991195,0.0020555825914991195,0.005680706746937262,0.00226629428769995,0.0073483673858989376,0.0055496485580949955,0.0020156593085967314,0.0020555825914991195,0.006224702125299944,0.0027604521316675133,0.005952364755692685,0.16958349375622359,0.2518076449907915,0.3351409783241248,0.285700312962277,0.2230158081400649,0.20933361438188808,0.20109809743066612,0.3351409783241248,0.3351409783241248,0.2156337272034516,0.20109809743066612,0.20933361438188808,0.3293057159784458,0.3293057159784458,0.3293057159784458,0.20868928275900714,0.20109809743066612,0.2230158081400649,0.2156337272034516,0.3351409783241248,0.3293057159784458,0.2723901277770918,0.14241260610526713,0.285700312962277
246,24,0.003071606170018913,0.0019419620341535903,0.007399316895420578,0.30850547939332434,0.19766424993649728,0.3905458967971144,15,False,3,0,34,0,0,0,0,5747,5916,5886,5907,5653,5914,5883,5836,5873,5906,5918,5902,5920,5882,5812,5904,5411,5876,5867,5895,5877,5887,5917,5905,0.0019419620341535903,0.0021873763379615992,0.002148401882079811,0.006257110689091349,0.007399316895420578,0.002326533799077049,0.0055765843038355295,0.0020943878021456525,0.002046068696036095,0.002148401882079811,0.0021873763379615992,0.002326533799077049,0.002326533799077049,0.006099797441632137,0.0021873763379615992,0.0019419620341535903,0.0020943878021456525,0.002326533799077049,0.007399316895420578,0.0021873763379615992,0.0021873763379615992,0.0020943878021456525,0.0021873763379615992,0.002046068696036095,0.2387848692765383,0.3851969063135753,0.3905458967971144,0.3452252868820872,0.20443115746172613,0.26767325597811065,0.19766424993649728,0.30721256346378106,0.31415700790822554,0.3905458967971144,0.3851969063135753,0.26767325597811065,0.26767325597811065,0.2618919535487539,0.3851969063135753,0.2387848692765383,0.30721256346378106,0.26767325597811065,0.20443115746172613,0.3851969063135753,0.3851969063135753,0.30721256346378106,0.3851969063135753,0.31415700790822554
247,24,0.0027070916207260973,0.0019640823471955373,0.00620933624289811,0.35836472885587506,0.2188861301701601,0.43643049745411067,16,False,4,0,34,0,0,0,0,5747,5916,5886,5947,5882,5934,5883,5944,5836,5873,5906,5918,5938,5812,5943,5904,5411,5948,5895,5877,5935,5940,5951,5942,0.0019640823471955373,0.002304901750496213,0.002267227483929361,0.002364344966916849,0.00620933624289811,0.005719309930939812,0.005719309930939812,0.0022149208360114072,0.0022149208360114072,0.0021135262011941825,0.002267227483929361,0.002364344966916849,0.002364344966916849,0.002364344966916849,0.0020147358607377785,0.0020147358607377785,0.0022149208360114072,0.002364344966916849,0.002364344966916849,0.002364344966916849,0.0022149208360114072,0.002433328866266546,0.002168033858781419,0.002364344966916849,0.2188861301701601,0.35309716412077735,0.35800040539735484,0.43643049745411067,0.2400676240863577,0.26452556244178915,0.26452556244178915,0.3649448498417993,0.3649448498417993,0.28797725724920675,0.35800040539735484,0.43643049745411067,0.43643049745411067,0.43643049745411067,0.30221946350349344,0.30221946350349344,0.3649448498417993,0.43643049745411067,0.43643049745411067,0.43643049745411067,0.3649448498417993,0.3287004846466014,0.3713105905825401,0.43643049745411067
248,24,0.002395509966327559,0.001975413938461859,0.002592569246065222,0.3787287056312867,0.20064561932264674,0.4833946226662681,17,False,6,0,34,0,0,0,0,5747,5916,5886,5974,5947,5955,5973,5963,5967,5836,5873,5906,5918,5938,5944,5970,5904,5411,5948,5812,5943,5895,5877,5935,0.001975413938461859,0.0024070029769933487,0.002370913724079513,0.002334340603275762,0.002592569246065222,0.002592569246065222,0.002588902917615509,0.002592569246065222,0.0021277071420584886,0.0023207245814303476,0.00216725736060045,0.002370913724079513,0.002592569246065222,0.0025273881253168808,0.0023207245814303476,0.002592569246065222,0.0021277071420584886,0.0023207245814303476,0.0025273881253168808,0.0025273881253168808,0.0020742133592582383,0.002592569246065222,0.0025273881253168808,0.0023207245814303476,0.20064561932264674,0.3236724004440459,0.3281670382809086,0.4237013747006618,0.4833946226662681,0.4833946226662681,0.3846421109260513,0.4833946226662681,0.360367841544869,0.33453277902164935,0.2639791524784395,0.3281670382809086,0.4833946226662681,0.4000612893329348,0.33453277902164935,0.4833946226662681,0.360367841544869,0.33453277902164935,0.4000612893329348,0.4000612893329348,0.27703450821153563,0.4833946226662681,0.4000612893329348,0.33453277902164935
249,24,0.0025149839211279323,0.0020276646753617997,0.002880465841045442,0.378948348905326,0.24198088977190288,0.5264450707774124,18,False,10,0,34,0,0,0,0,5983,5984,5747,5976,5916,5886,5974,5947,5979,5955,5963,5998,5836,5873,5906,5918,5938,5967,5970,5904,5411,5999,5944,5948,0.002880465841045442,0.002283909599777584,0.0020276646753617997,0.0020276646753617997,0.0024929957053145364,0.002458710485037319,0.0025505588149704944,0.0028080465634961116,0.0025505588149704944,0.0028080465634961116,0.002880465841045442,0.002743262811545711,0.00241095769968335,0.0022074666122635918,0.002458710485037319,0.0028080465634961116,0.0026742930261348967,0.002283909599777584,0.0028080465634961116,0.002226488650413421,0.00241095769968335,0.0024731360898435474,0.00241095769968335,0.0026742930261348967,0.5264450707774124,0.4136705214161299,0.26725848437909283,0.26725848437909283,0.296699700407042,0.30081978509083285,0.47172626014227337,0.44311173744407906,0.47172626014227337,0.44311173744407906,0.5264450707774124,0.4500561818885236,0.3066550474365119,0.24198088977190288,0.30081978509083285,0.44311173744407906,0.3667228485551902,0.4136705214161299,0.44311173744407906,0.33033718808279655,0.3066550474365119,0.3899883807698452,0.3066550474365119,0.3667228485551902
250,24,0.002737386569409058,0.002067181924943644,0.0032391560049463606,0.38746897775488165,0.2218158156242443,0.5659079815459613,19,False,10,0,34,0,0,0,0,5983,6004,5747,5976,5916,5886,5974,5947,6000,6016,5984,5998,5836,5873,5906,5918,5979,5955,6010,5963,5967,5970,5411,5938,0.0032391560049463606,0.0026287169555670323,0.002067181924943644,0.002067181924943644,0.0026287169555670323,0.002530302491338783,0.0027535306306797807,0.003007309509161566,0.0032391560049463606,0.002875736504568918,0.0024258917881931287,0.002943648700076622,0.002485217811073766,0.002234610696578966,0.002530302491338783,0.003007309509161566,0.0027535306306797807,0.003007309509161566,0.0032391560049463606,0.0032391560049463606,0.0024258917881931287,0.003007309509161566,0.002485217811073766,0.002875736504568918,0.5659079815459613,0.3553080587064552,0.24498694401416843,0.24498694401416843,0.3553080587064552,0.27575146966659675,0.4324157384637506,0.4061857593237391,0.5659079815459613,0.41949594450892436,0.37919797796478577,0.41255150006447994,0.2811004601501359,0.2218158156242443,0.27575146966659675,0.4061857593237391,0.4324157384637506,0.4061857593237391,0.5659079815459613,0.5659079815459613,0.37919797796478577,0.4061857593237391,0.2811004601501359,0.41949594450892436
251,24,0.002851373943723659,0.0021483771142648176,0.003590400950838677,0.37565525632799907,0.20333116432222392,0.5187489830837979,20,False,9,0,34,0,0,0,0,5983,6004,5747,5976,5916,6030,5947,6000,6036,5984,5998,6026,5873,5886,6027,5979,6047,6016,6010,5963,5836,5906,5938,5955,0.003590400950838677,0.0027468628463225126,0.0021483771142648176,0.0021483771142648176,0.0027468628463225126,0.0030159286919119446,0.0031875732643314655,0.003590400950838677,0.0026090909616422963,0.0025519408662802666,0.0031256645919530016,0.0021483771142648176,0.002249348096257554,0.0025857594240552653,0.0021483771142648176,0.0029401036729527585,0.0031384025581673415,0.003059498360560555,0.003590400950838677,0.003590400950838677,0.0026090909616422963,0.0025857594240552653,0.0031384025581673415,0.0031875732643314655,0.5187489830837979,0.32569905381425057,0.3079046986796544,0.3079046986796544,0.32569905381425057,0.4797144269251047,0.3723369460467609,0.5187489830837979,0.3410087551376245,0.34759814646772025,0.3781722083924399,0.3079046986796544,0.20333116432222392,0.25277218052771366,0.3079046986796544,0.39638109359177137,0.467871282466514,0.3845379491331806,0.5187489830837979,0.5187489830837979,0.3410087551376245,0.25277218052771366,0.467871282466514,0.3723369460467609
252,24,0.0030212804405161434,0.002215324726872665,0.00392751171420933,0.3621641050681814,0.18638690062870525,0.5230715580146793,21,False,8,0,34,0,0,0,0,5983,6004,5747,5976,5916,6030,5947,6064,5984,5998,6026,5873,5886,6054,6027,6000,6036,6053,6010,5963,5836,5906,5979,6016,0.00392751171420933,0.002846612851040234,0.002215324726872665,0.002215324726872665,0.002846612851040234,0.003347385761705253,0.003433074183045636,0.003471784125202875,0.002660883749216373,0.0032871292278549647,0.002215324726872665,0.0022524903731787707,0.0026254788690344894,0.003433074183045636,0.002215324726872665,0.00392751171420933,0.0027154572105303467,0.003347385761705253,0.00392751171420933,0.00392751171420933,0.0027154572105303467,0.0026254788690344894,0.0031077925906118687,0.003223286991282678,0.4755199011601481,0.2985574659963963,0.2822459737896832,0.2822459737896832,0.2985574659963963,0.5230715580146793,0.42464220054286417,0.5122153422609712,0.31863163426207686,0.3466578576930699,0.2822459737896832,0.18638690062870525,0.2317078321504042,0.42464220054286417,0.2822459737896832,0.4755199011601481,0.3125913588761558,0.5230715580146793,0.4755199011601481,0.4755199011601481,0.3125913588761558,0.2317078321504042,0.3633493357924571,0.3524931200387489
253,24,0.0031404549534517373,0.0022449572334387346,0.0042445683070727125,0.35071235842882603,0.17085465890964646,0.479482261513456,22,False,9,0,34,0,0,0,0,5983,6004,5747,5976,5916,6093,6030,5947,6064,5984,5998,6026,6086,5873,5886,6054,6027,6078,6000,6036,6053,5963,6073,6016,0.0042445683070727125,0.003003147652917264,0.0022680001393291654,0.0022680001393291654,0.0029276439686523256,0.0027184730949738217,0.003666115243887207,0.003752051155829822,0.003790814056139559,0.0027520583129070704,0.003426554890387738,0.0022680001393291654,0.002326491666395407,0.0022449572334387346,0.0026501265606146975,0.003657718902288948,0.002326491666395407,0.003752051155829822,0.0042445683070727125,0.0028037542129134094,0.003666115243887207,0.0042445683070727125,0.003003147652917264,0.0033655008732603542,0.43589324273013574,0.3570110104966966,0.25872547597387624,0.25872547597387624,0.2736776771633633,0.29573217947120384,0.479482261513456,0.47258868383095887,0.4695307304058903,0.29207899807357046,0.31776970288531403,0.25872547597387624,0.34205880930720955,0.17085465890964646,0.2123988461378705,0.3892553504976255,0.34205880930720955,0.47258868383095887,0.43589324273013574,0.2865420789698095,0.479482261513456,0.43589324273013574,0.3570110104966966,0.3231186933688531
254,24,0.0031905229440680923,0.0022277364834437517,0.004536587298578076,0.334445165853594,0.15661677066717591,0.5165396268450456,23,False,10,0,34,0,0,0,0,5983,6004,5747,5976,5916,6093,6030,5947,6064,6113,5984,5998,6099,6026,6086,5873,6115,5886,6054,6027,6100,6000,6036,6053,0.004536587298578076,0.0031396192676308734,0.0023066816603171517,0.002366170780457837,0.0030671858833355428,0.0027936450085708168,0.0039664697166975574,0.0040516155364252356,0.0040899686729257345,0.004156106350028499,0.0028252665592012416,0.00354310951504259,0.002366170780457837,0.0023066816603171517,0.0024220492840661355,0.0022277364834437517,0.0029479942700266597,0.002660577449476416,0.0038586280279311364,0.0024220492840661355,0.0030671858833355428,0.004536587298578076,0.0029479942700266597,0.0039664697166975574,0.3995688058359578,0.32726009295530517,0.23716501964271988,0.3204983529760532,0.33420453739974965,0.27108783118193686,0.43952540638733467,0.4332062935117123,0.43040316953873275,0.5165396268450456,0.2677390815674396,0.29128889431153787,0.3204983529760532,0.23716501964271988,0.31355390853160875,0.15661677066717591,0.34599690572232533,0.19469894229304793,0.35681740462282335,0.31355390853160875,0.33420453739974965,0.3995688058359578,0.34599690572232533,0.43952540638733467
255,24,0.0033560884255406757,0.002201849484391535,0.004799615162543604,0.3270596499306048,0.1435653731115779,0.47786957207717173,24,False,10,0,34,0,0,0,0,6131,6133,6123,5976,5916,6093,6030,5947,6064,6128,5983,6004,5747,6086,5873,6115,5886,6054,6027,6100,6000,6036,6113,5984,0.003730342321597152,0.0023920375968445647,0.002511674258553768,0.002511674258553768,0.003186149551584505,0.002851146903893932,0.004243671074066383,0.004327101930355337,0.004477198238601011,0.004477198238601011,0.004799615162543604,0.003255054804549718,0.0023318981457301413,0.002501480020799397,0.002201849484391535,0.003072466457647681,0.002657860196009005,0.004033756369781581,0.002501480020799397,0.003186149551584505,0.004799615162543604,0.003072466457647681,0.004543519945902438,0.0028807160603945034,0.35034815311890977,0.30073460133915986,0.3771234902280488,0.3771234902280488,0.30635415928310383,0.2484971785834421,0.4028982891883901,0.3971057690524029,0.47786957207717173,0.47786957207717173,0.36627140534962793,0.2999884185423631,0.21740126800582654,0.2874244161539747,0.1435653731115779,0.31716383024546485,0.17847403043529392,0.3270826209042547,0.2874244161539747,0.30635415928310383,0.36627140534962793,0.31716383024546485,0.4734946579412918,0.2454274914368196
256,24,0.0035381178727129695,0.002168322276223347,0.005030755100310913,0.32909557752788604,0.13160159201894642,0.4380471077374074,25,False,10,0,34,0,0,0,0,6131,6133,6123,5976,5916,6093,6148,5947,6064,6128,5983,6004,5747,6086,6155,5873,6030,6000,6036,6113,5984,6115,6159,6163,0.0038925885433436437,0.002461629508113016,0.0026406457951133676,0.0026406457951133676,0.0033687039598685816,0.0028914786046532978,0.0033687039598685816,0.004574826829867349,0.004841814898286227,0.004841814898286227,0.005030755100310913,0.003435426406777457,0.002344376589780731,0.002564676780971645,0.003435426406777457,0.002168322276223347,0.004493904777844983,0.005030755100310913,0.0031764376384551575,0.004907520482609683,0.002918955252855121,0.0032583576899058077,0.0032583576899058077,0.0033687039598685816,0.32115247369233396,0.2756733845608965,0.3456965327090447,0.3456965327090447,0.3641579793428452,0.22778908036815526,0.3641579793428452,0.3640136216313693,0.4380471077374074,0.4380471077374074,0.3357487882371589,0.3583227169971661,0.19928449567200765,0.26347238147447677,0.3583227169971661,0.13160159201894642,0.3693234317560242,0.3357487882371589,0.2907335110583428,0.4340367697795175,0.2249752004837513,0.37406684439167615,0.37406684439167615,0.3641579793428452
257,24,0.003590912784816727,0.002128162219339839,0.005242422755867054,0.327211812890092,0.12063479268403421,0.4171448143976081,26,False,11,0,34,0,0,0,0,6131,6133,6170,6123,5976,5916,6093,6148,6174,6064,6128,6168,5983,6004,5747,6086,6155,5873,6030,6179,6036,6113,5984,6163,0.004132713479313011,0.002515526309275948,0.0028228808799241455,0.0028228808799241455,0.0027519093755865942,0.0035288445193946668,0.0029154217083427777,0.0036198531137679375,0.0036198531137679375,0.005178046305120353,0.005178046305120353,0.004132713479313011,0.005228138488577454,0.0036855213700927366,0.0023449921995624783,0.002611888613111455,0.0035928617762133446,0.002128162219339839,0.004714350650940868,0.0036855213700927366,0.003259706226298375,0.005242422755867054,0.002940807177259574,0.0035288445193946668,0.37772310088463945,0.2527006025141551,0.4002218216499577,0.4002218216499577,0.3168884883166243,0.3338114810642748,0.2088066570041423,0.4171448143976081,0.4171448143976081,0.40154318209262346,0.40154318209262346,0.37772310088463945,0.307769722550729,0.4117958239140689,0.182677454366007,0.24151634968493702,0.32846249058073557,0.12063479268403421,0.3385464791096889,0.4117958239140689,0.26650571847014753,0.39786703896455766,0.20622726711010536,0.3338114810642748
258,24,0.0038156750246592236,0.0020823397800549363,0.0056226579799680005,0.3475202662088424,0.11058189329369802,0.46081283858789646,27,False,12,0,34,0,0,0,0,6131,6133,6170,6123,5976,5916,6093,6148,6211,6174,6064,6128,6168,6203,6215,6207,6197,5747,6086,5873,6030,6179,6201,6113,0.004345653260546961,0.0025541157077649513,0.002987095660080109,0.002987095660080109,0.00284481361384701,0.003759838544999535,0.0029239753747369894,0.003848629326053268,0.004013486710566946,0.003848629326053268,0.0056226579799680005,0.005481295835340564,0.004457727281576327,0.004457727281576327,0.003759838544999535,0.002711841472177715,0.003759838544999535,0.0023347226899316635,0.002711841472177715,0.0020823397800549363,0.0049031604757597096,0.004013486710566946,0.0056226579799680005,0.005543731357995249,0.3462461758109195,0.23164221897130882,0.3668700031791279,0.3668700031791279,0.29048111429023893,0.3893271909755852,0.19140610225379712,0.38238274653114074,0.46081283858789646,0.38238274653114074,0.4514145835849048,0.3680812502515715,0.4295795091442528,0.4295795091442528,0.3893271909755852,0.3047233205445256,0.3893271909755852,0.16745433316883973,0.3047233205445256,0.11058189329369802,0.3103342725172148,0.46081283858789646,0.4514145835849048,0.36471145238417785
259,24,0.003838446342763702,0.002084174247301588,0.006035669760529733,0.3251711824788775,0.15349980540476973,0.5057451020389051,28,False,14,0,34,0,0,0,0,6131,6231,6170,6123,5976,6235,5916,6093,6148,6211,6174,6237,6064,6128,6133,6207,6197,5747,6086,5873,6030,6179,6201,6113,0.004529454571351398,0.0028659104017401344,0.003131473244539422,0.003131473244539422,0.002919182480622589,0.002084174247301588,0.0039664366526918435,0.002918296325811015,0.0040522167821237165,0.004319652998054767,0.0040522167821237165,0.0044310564745674375,0.006035669760529733,0.0057481773124665285,0.0025780460710899855,0.0028659104017401344,0.0039664366526918435,0.0023146078651558257,0.0027938570699985567,0.002084174247301588,0.005059394275091497,0.0044310564745674375,0.006035669760529733,0.005808168129698941,0.3173923278266762,0.3626630438324818,0.3362975029142005,0.3362975029142005,0.2662743547660523,0.18470006885255652,0.3568832583942864,0.17545559373264735,0.35051751765354566,0.42241176870557173,0.35051751765354566,0.5057451020389051,0.41379670161949605,0.3374078127306072,0.21233870072369976,0.3626630438324818,0.3568832583942864,0.15349980540476973,0.27932971049914845,0.18470006885255652,0.28447308314078024,0.5057451020389051,0.41379670161949605,0.334318831352163
260,24,0.004049443508756479,0.00212976844147501,0.006411111540633029,0.31398428541636025,0.14070815495437225,0.46359967686899634,29,False,11,0,34,0,0,0,0,6131,6231,6170,6123,5976,6245,6211,6174,6237,6064,6128,6133,6207,6197,5747,6235,5916,6093,6148,6179,6201,6113,6086,6253,0.004683029422368315,0.0030008924959346035,0.0032548378634669737,0.0032548378634669737,0.0029752543272735577,0.00212976844147501,0.004599437099752628,0.004228663094102162,0.004829475833709708,0.006411111540633029,0.006130618559910583,0.0025881691060180333,0.0030008924959346035,0.004146534497711587,0.002285715003901783,0.00212976844147501,0.004146534497711587,0.0028996448167830247,0.004228663094102162,0.004829475833709708,0.006411111540633029,0.0060336365046144815,0.002857953275556347,0.006130618559910583,0.29094296717445317,0.33244112351310834,0.3082727110046838,0.3082727110046838,0.2440848252022146,0.2526417297815101,0.3872107879801074,0.3213077245157502,0.46359967686899634,0.3793136431512047,0.39262382833639,0.19464380899672476,0.33244112351310834,0.32714298686142923,0.14070815495437225,0.2526417297815101,0.32714298686142923,0.16083429425492674,0.3213077245157502,0.46359967686899634,0.3793136431512047,0.3064589287394827,0.2560522346242194,0.39262382833639
261,24,0.004021356412282211,0.0021624044684853913,0.006744450707375506,0.30037386828872176,0.12898247537484123,0.42496637046324665,30,False,10,0,34,0,0,0,0,6131,6231,6170,6123,5976,6245,6269,6237,6064,6128,6133,6207,6197,5747,6235,5916,6093,6148,6211,6271,6174,6113,6267,6253,0.004806074445938109,0.0031157456066656913,0.003356610920018915,0.003443177624788695,0.003013614893413798,0.002218172692350662,0.002218172692350662,0.005201948248531179,0.006744450707375506,0.006473462465316722,0.0025854858768598866,0.0031157456066656913,0.004298850650440027,0.0022491101379782815,0.0021624044684853913,0.004298850650440027,0.0028693375703918414,0.004376836695050904,0.004849294567244837,0.004489714934154016,0.004489714934154016,0.0062191374160527925,0.003443177624788695,0.006473462465316722,0.2666977199099154,0.30473769655368266,0.28258331842096013,0.36591665175429344,0.22374442310203005,0.31492158563305095,0.31492158563305095,0.42496637046324665,0.3477041728886043,0.35990517597502414,0.17842349158033102,0.30473769655368266,0.2998810712896435,0.12898247537484123,0.2315882522997176,0.2998810712896435,0.1474314364003495,0.2945320808061043,0.3549432223150984,0.37786541413943764,0.37786541413943764,0.28092068467785913,0.36591665175429344,0.35990517597502414
262,24,0.004198329770889092,0.0021826317661699348,0.007032581546789484,0.27976496473302565,0.11823393576027112,0.38955250625797605,31,False,10,0,34,0,0,0,0,6131,6231,6170,6123,5976,6245,6269,6237,6064,6128,6133,6207,6197,5747,6235,5916,6093,6148,6211,6271,6174,6113,6303,6253,0.004898970728553106,0.0032099896075570514,0.003436748252548146,0.003608635637851862,0.0030351289748482896,0.0022917950914410293,0.0022917950914410293,0.005542843274291049,0.007032581546789484,0.006773123407434758,0.0025710978667089408,0.0032099896075570514,0.004422860273714204,0.0022058350046413135,0.0021826317661699348,0.004536925456923001,0.0028287080532018744,0.004496354450245208,0.0050667250194967855,0.004721237552834506,0.004721237552834506,0.006364651419897332,0.004536925456923001,0.006773123407434758,0.24447290991742246,0.2793428885075424,0.2590347085525468,0.33542359744143563,0.2050990545101942,0.28867812016363004,0.28867812016363004,0.38955250625797605,0.31872882514788725,0.32991307797710545,0.1635548672819701,0.2793428885075424,0.2748909820155065,0.11823393576027112,0.21228923127474114,0.3582243153488398,0.13514548336698703,0.26998774073892895,0.32536462045550685,0.34637662962781784,0.34637662962781784,0.25751062762137084,0.3582243153488398,0.32991307797710545
263,24,0.004228671598370845,0.002156889242541893,0.00727374932677204,0.26447699409933284,0.10838110778024852,0.41170562240310316,32,False,11,0,34,0,0,0,0,6131,6231,6170,6327,6123,5976,6245,6269,6237,6064,6128,6133,6207,6197,5747,6235,5916,6093,6148,6211,6271,6174,6113,6303,0.004962673577604462,0.0032836447768946194,0.003495665933481882,0.00486707409714403,0.003749880117193565,0.0030408743518367614,0.00235051967207419,0.00235051967207419,0.005847784148079056,0.00727374932677204,0.007027373299194569,0.0025461640804661585,0.0032836447768946194,0.004518707401491014,0.002156889242541893,0.0021911717939927457,0.00486707409714403,0.0027790740102386744,0.004587489648858259,0.005250227036150158,0.004921104175692833,0.004921104175692833,0.006471000472717866,0.004744708476669843,0.22410016742430391,0.2560643144652472,0.23744848283983455,0.41170562240310316,0.30747163098798264,0.18800746663434467,0.2646216101499942,0.2646216101499942,0.35708979740314467,0.29216808971889663,0.3024203214790133,0.1499252950084726,0.2560643144652472,0.25198340018088095,0.10838110778024852,0.19459846200184605,0.41170562240310316,0.12388335975307144,0.2474887623440182,0.2982509020842146,0.31751191049216637,0.31751191049216637,0.23605140865292326,0.3283722890697698
264,24,0.0043316811842663665,0.0021032172750160066,0.007467426635842542,0.2552010033013611,0.09934934879856114,0.3773968205361779,33,False,11,0,34,0,0,0,0,6131,6231,6170,6327,6123,5976,6245,6269,6237,6064,6128,6133,6338,6348,6207,6197,5747,5916,6093,6148,6211,6271,6174,6113,0.004998599956853943,0.003337160114130813,0.003625306603538044,0.005166797692330763,0.0038662646779456743,0.0030320805468203294,0.002394559856659838,0.002394559856659838,0.006113659089819282,0.007467426635842542,0.00723523709922682,0.0025118646190175,0.003625306603538044,0.0034232251843021927,0.0034232251843021927,0.004587105009103775,0.0021032172750160066,0.005166797692330763,0.0027217118480039795,0.004651069394755901,0.005399215328645947,0.005088128645975758,0.005088128645975758,0.0065397008615970835,0.20542515347227858,0.23472562159314325,0.30099444260318164,0.3773968205361779,0.2818489950723174,0.17234017774814928,0.24256980930416133,0.24256980930416133,0.32733231428621595,0.26782074890898855,0.27721862802242886,0.1374315204244332,0.30099444260318164,0.3180589549264766,0.3180589549264766,0.23098478349914087,0.09934934879856114,0.3773968205361779,0.11355974644031548,0.22686469881535,0.2733966602438634,0.2910525846178192,0.2910525846178192,0.21638045793184632
265,24,0.004415596630408873,0.00204569926352983,0.007614158684994772,0.2339342530262476,0.09107023639868105,0.3459470854914964,34,False,11,0,34,0,0,0,0,6131,6231,6170,6327,6123,5976,6245,6269,6237,6064,6128,6133,6338,6348,6207,6197,5747,5916,6093,6148,6211,6271,6174,6113,0.005008519552168863,0.003371337441077924,0.003731049730854292,0.0054325225989083825,0.003957755618669622,0.0030100740646047753,0.002424404407978381,0.002424404407978381,0.006338570462745805,0.007614158684994772,0.007396851667722476,0.0024693707195173682,0.003731049730854292,0.003539953334690075,0.003539953334690075,0.004629230610354515,0.00204569926352983,0.0054325225989083825,0.002657837245485221,0.004688368886764388,0.005513912574670714,0.0052219778435470526,0.0052219778435470526,0.006572816505550313,0.18830639068292201,0.21516515312704798,0.2759115723862498,0.3459470854914964,0.25836157881629096,0.15797849626913682,0.22235565852881456,0.22235565852881456,0.3000546214290313,0.24550235316657282,0.25411707568722647,0.1259788937223971,0.2759115723862498,0.2915540420159369,0.2915540420159369,0.21173605154087913,0.09107023639868105,0.3459470854914964,0.10409643423695586,0.20795930724740416,0.2506136052235414,0.26679820256633424,0.26679820256633424,0.19834875310419245
266,24,0.004389653241176042,0.001985145502120205,0.007715392303615655,0.2215809516073822,0.08348105003212429,0.31711816170053836,35,False,11,0,34,0,0,0,0,6131,6231,6170,6327,6123,5976,6245,6269,6237,6064,6128,6133,6395,6338,6348,6207,5747,5916,6402,6148,6211,6271,6174,6113,0.004994453728578639,0.003387255960539435,0.0038129945643832403,0.005661819197765285,0.004024846246504731,0.0029762310022356134,0.002440762539292612,0.002440762539292612,0.006521737220058005,0.007715392303615655,0.00751330323817267,0.0024822279184613574,0.0024822279184613574,0.0038129945643832403,0.00363358628083219,0.00363358628083219,0.001985145502120205,0.005661819197765285,0.002655350799989087,0.0047010084173919895,0.005595227018522748,0.00532306290690451,0.00532306290690451,0.006572819535217859,0.17261419145934517,0.19723472369979397,0.2529189413540623,0.31711816170053836,0.2368314472482667,0.14481362158004207,0.20382602031808,0.20382602031808,0.27505006964327866,0.22504382373602508,0.23294065271329092,0.19881398591219734,0.19881398591219734,0.2529189413540623,0.26725787184794214,0.26725787184794214,0.08348105003212429,0.31711816170053836,0.17875506471720953,0.19062936497678715,0.22972913812157963,0.2445650190191397,0.2445650190191397,0.18181969034550974
267,24,0.00431189341898161,0.0019222936461796797,0.007773300791537658,0.20850431332860153,0.0765242958627806,0.2906916482254935,36,False,11,0,34,0,0,0,0,6131,6231,6170,6327,6123,5976,6245,6269,6237,6064,6128,6133,6395,6338,6348,6207,5747,5916,6402,6148,6211,6271,6415,6113,0.004958585126654542,0.0033862007560856115,0.003871724526120547,0.005853338288651583,0.004068465449923287,0.00293193731101673,0.0024445110160718087,0.002507554743354198,0.006663365696835643,0.007773300791537658,0.007586456439719473,0.0024825525386507783,0.0024825525386507783,0.003871724526120547,0.0037044007744735474,0.0037044007744735474,0.0019222936461796797,0.005853338288651583,0.0026408192420618,0.004690857305480969,0.0056446251445021415,0.005392419476881656,0.002507554743354198,0.006542462910106317,0.15822967550439973,0.18079849672481113,0.23184236290789043,0.2906916482254935,0.21709549331091116,0.13274581978170522,0.18684051862490667,0.27017385195824,0.2521292305063388,0.20629017175802297,0.21352893165385,0.18224615375284756,0.18224615375284756,0.23184236290789043,0.24498638252728028,0.24498638252728028,0.0765242958627806,0.2906916482254935,0.16385880932410873,0.17474358456205488,0.21058504327811467,0.22418460076754473,0.27017385195824,0.16666804948338393
268,24,0.004210052887898565,0.0018578082139965933,0.00779061403249675,0.20053187903041883,0.07014727120754888,0.27636962300493845,37,False,13,0,34,0,0,0,0,6131,6231,6170,6327,6123,5976,6438,6245,6269,6237,6064,6452,6128,6133,6395,6338,6348,6207,5747,6402,6148,6211,6415,6113,0.004903179380188323,0.0033695976182590045,0.003908219090705929,0.006006709941539748,0.004089886311759187,0.002878556542821786,0.002499486128557678,0.002499486128557678,0.0025585129518990073,0.006764502313529001,0.00779061403249675,0.0058100809791946165,0.00761878514087205,0.0024713820348901496,0.0024713820348901496,0.003908219090705929,0.003753109989679384,0.003753109989679384,0.0018578082139965933,0.0026154319647221785,0.004659947528903987,0.0058100809791946165,0.0025585129518990073,0.006484667970623424,0.14504386921236642,0.16573195533107687,0.21252216599889956,0.2664673442067024,0.19900420220166856,0.12168366813322977,0.2546038087394978,0.2546038087394978,0.24765936429505334,0.2311184612974772,0.18909932411152106,0.27636962300493845,0.19573485401602916,0.1670589742734436,0.1670589742734436,0.21252216599889956,0.22457085065000693,0.22457085065000693,0.07014727120754888,0.15020390854709967,0.16018161918188364,0.27636962300493845,0.24765936429505334,0.1527790453597686
269,24,0.0045642343031189955,0.0018385046514518967,0.00797086012497235,0.21554830869147523,0.11154336245546062,0.31035441727046553,38,False,12,0,34,0,0,0,0,6131,6471,6231,6170,6327,6123,6479,6269,6237,6478,6452,6128,6466,6133,6395,6338,6348,6474,5976,6245,6211,6415,6064,6113,0.004830519436224634,0.004024960457422625,0.003338955633840954,0.0039237668503547575,0.00612241815398981,0.004090639113876222,0.0065675463706587256,0.0025940963002174765,0.0068268796144308475,0.002660997819016098,0.0059384492919559405,0.007613212721602898,0.00797086012497235,0.0024498185194580563,0.0024498185194580563,0.004024960457422625,0.003780778357371869,0.0018385046514518967,0.002817404600197655,0.0025391826743292835,0.0059384492919559405,0.002660997819016098,0.00797086012497235,0.0065675463706587256,0.13295688011133588,0.27814531883232463,0.15192095905348713,0.19481198549899126,0.24426173218947717,0.18242051868486284,0.22338079157978788,0.22702108393713222,0.21185858952268743,0.31035441727046553,0.2533388210878602,0.17942361618136005,0.25667438043556096,0.15313739308398996,0.15313739308398996,0.27814531883232463,0.20585661309583966,0.1476349986069198,0.11154336245546062,0.23338682467787294,0.2533388210878602,0.31035441727046553,0.25667438043556096,0.22338079157978788
270,24,0.004622620662900736,0.00181257496291874,0.008102149885422193,0.20497484933194285,0.1022480822508389,0.2844915491645934,39,False,11,0,34,0,0,0,0,6131,6471,6231,6170,6327,6123,6479,6269,6237,6478,6491,6133,6482,6348,6474,5976,6245,6211,6415,6064,6452,6128,6466,6395,0.004742852212396944,0.004115934788758353,0.003380817067782207,0.003919883610440605,0.006201663037692058,0.004072431742944304,0.006613758184093804,0.0026150143310821037,0.006852764658178092,0.002745803071737803,0.007768273097151638,0.0024189922843475898,0.003380817067782207,0.0037887390528074,0.00181257496291874,0.0027497308128336265,0.0025642258308460463,0.006030625935871368,0.002745803071737803,0.008102149885422193,0.006030625935871368,0.007768273097151638,0.008102149885422193,0.0024189922843475898,0.12187714010205788,0.2549665422629642,0.22259421246569652,0.1785776533740753,0.22390658784035405,0.1672188087944576,0.20476572561480555,0.20810266027570454,0.19420370706246348,0.2844915491645934,0.24780498149958005,0.14037594366032413,0.22259421246569652,0.188701895337853,0.13533208205634314,0.1022480822508389,0.21393792262138353,0.23222725266387184,0.2844915491645934,0.23528484873259753,0.23222725266387184,0.24780498149958005,0.23528484873259753,0.14037594366032413
271,24,0.004641901174833803,0.001780863615537321,0.0081864097528566,0.1878936118876143,0.09372740872993565,0.2607839200675439,40,False,11,0,34,0,0,0,0,6131,6471,6231,6170,6327,6123,6479,6269,6237,6478,6491,6133,6482,6348,6474,5976,6245,6211,6415,6064,6452,6128,6466,6395,0.004642346807735988,0.004181728420445893,0.0034038558099906443,0.0038982381104401445,0.006246220176876192,0.004037079340475585,0.006625659142148482,0.00262216951931139,0.006844816392798231,0.0028128607056517947,0.007876634125847184,0.0023800315608589443,0.0034038558099906443,0.0037785173888841917,0.001780863615537321,0.0026767045584816657,0.0025754479614014205,0.006088126425532219,0.0028128607056517947,0.0081864097528566,0.006088126425532219,0.007876634125847184,0.0081864097528566,0.0023800315608589443,0.11172071176021972,0.2337193304077172,0.2040446947602218,0.16369618225956903,0.20524770552032454,0.15328390806158612,0.18770191514690507,0.1907607719193958,0.17802006480725818,0.2607839200675439,0.22715456637461504,0.1286779483552971,0.2040446947602218,0.1729767373930319,0.12405440855164787,0.09372740872993565,0.1961097624029349,0.21287498160854917,0.2607839200675439,0.21567777800488105,0.21287498160854917,0.22715456637461504,0.21567777800488105,0.1286779483552971
272,24,0.0043738588397601655,0.0017441888222589266,0.008226244766466348,0.196822068135822,0.08591679133577435,0.32238526006191526,41,False,12,0,34,0,0,0,0,6131,6471,6231,6170,6327,6123,6479,6537,6269,6237,6544,6491,6133,6482,6348,6474,5976,6245,6211,6415,6478,6452,6548,6466,0.0045310631556376635,0.004223364800480035,0.0034092921967890126,0.0038605868941497747,0.006258304585905128,0.003986444084543365,0.00660593323746951,0.002936308152713803,0.0026166036487134782,0.006805956473601173,0.002640213496486779,0.007940445858043823,0.0023340382760582536,0.0034092921967890126,0.0037517622195194743,0.0017441888222589266,0.002599406612159222,0.002640213496486779,0.006112950396796912,0.002862484914801506,0.002936308152713803,0.006270602857830092,0.006270602857830092,0.008226244766466348,0.10241065244686808,0.2142427195404074,0.18704097019686997,0.15005483373793826,0.18814373006029747,0.14051024905645393,0.17206008888466298,0.32238526006191526,0.17486404092611282,0.16318505940665332,0.26310061553602365,0.20822501917673045,0.11795478599235568,0.18704097019686997,0.15856200927694591,0.11371654117234388,0.08591679133577435,0.26310061553602365,0.19513539980783673,0.23905192672858191,0.32238526006191526,0.27846873314117004,0.27846873314117004,0.19770462983780762
273,24,0.004375225284159432,0.0017033300612408046,0.008224764560446966,0.18042022912450353,0.07875705872445982,0.2955198217234223,42,False,12,0,34,0,0,0,0,6131,6471,6231,6170,6327,6123,6479,6537,6269,6237,6544,6491,6133,6482,6348,6474,5976,6245,6211,6415,6478,6452,6548,6466,0.004410929833137401,0.004242210168664624,0.0033985128454358336,0.0038087189876648353,0.0062404445703051125,0.0039223852505998035,0.006557473695514732,0.0030401146533962586,0.0025994495902543512,0.006739256124619743,0.002688535876833069,0.007962445346372188,0.0022820693462213574,0.0033985128454358336,0.003710186494876624,0.0017033300612408046,0.002518824423742608,0.002688535876833069,0.006107453808953218,0.0028953071939468856,0.0030401146533962586,0.006412915305967388,0.006412915305967388,0.008224764560446966,0.09387643140962906,0.19638915957870678,0.17145422268046412,0.13755026425977673,0.172465085888606,0.12880106163508276,0.1577217481442744,0.2955198217234223,0.16029203751560342,0.14958630445609886,0.241175564241355,0.19087293424533625,0.1081252204929927,0.17145422268046412,0.14534850850386707,0.10424016274131521,0.07875705872445982,0.241175564241355,0.178874116490517,0.21913093283453342,0.2955198217234223,0.2552630053794059,0.2552630053794059,0.18122924401799032
274,24,0.0043770403632791095,0.001659019120454522,0.008185424598098462,0.1682933915927519,0.07219397049742149,0.27089316991313706,43,False,13,0,34,0,0,0,0,6131,6471,6231,6170,6327,6123,6479,6537,6269,6237,6544,6585,6491,6133,6482,6348,6474,5976,6245,6211,6415,6478,6548,6466,0.004283729682413828,0.004239884350024483,0.003373009726534296,0.0037444103830485153,0.006195368907661288,0.0038467191600329693,0.006483280026199165,0.0031239948614488994,0.0025718893471970896,0.0068192873673515435,0.002720981593678446,0.0068192873673515435,0.007945793717027682,0.0022251229157099163,0.003373009726534296,0.003655517348262922,0.001659019120454522,0.0024358505743118366,0.002720981593678446,0.006074232966503267,0.0029122110766869797,0.0031239948614488994,0.0065159674470393275,0.008185424598098462,0.08605339545882663,0.18002339628048122,0.15716637079042545,0.12608774223812866,0.15809299539788885,0.11806763983215919,0.14457826913225152,0.27089316991313706,0.14693436772263646,0.22045411241809063,0.2210776005545754,0.22045411241809063,0.1749668563915582,0.09911478545190996,0.15716637079042545,0.1332361327952115,0.09555348251287228,0.07219397049742149,0.2210776005545754,0.16396794011630722,0.20087002176498894,0.27089316991313706,0.2339910882644554,0.16612680701649113
275,24,0.004307612725632263,0.0016119341663603794,0.008111886191864653,0.1699873831862839,0.06617780628930303,0.33165207242037564,44,False,14,0,34,0,0,0,0,6131,6471,6231,6170,6327,6123,6479,6537,6269,6607,6237,6544,6585,6491,6133,6482,6348,6474,5976,6245,6415,6478,6612,6466,0.004151091925994106,0.004218179585652223,0.003334327535242265,0.0036693878527101964,0.006125909186110759,0.0037611882618396116,0.006386371749893995,0.0032703439563228067,0.002535118688341256,0.0032703439563228067,0.006861643450878642,0.002738360374952169,0.006861643450878642,0.008097513378849097,0.002164128886895091,0.003334327535242265,0.003589455525685581,0.0016119341663603794,0.0023512837325659493,0.002738360374952169,0.0029142697168052924,0.0031881225519652537,0.008097513378849097,0.008111886191864653,0.07888227917059108,0.16502144659044113,0.14406917322455665,0.11558043038495126,0.14491857911473144,0.10822866984614592,0.13253008003789724,0.33165207242037564,0.1346898370790834,0.33165207242037564,0.20208293638324973,0.20265446717502744,0.20208293638324973,0.24371961835892836,0.09085521999758413,0.14406917322455665,0.12213312172894386,0.08759069230346625,0.06617780628930303,0.20265446717502744,0.18413085328457318,0.2483187390870423,0.24371961835892836,0.15228290643178352
276,24,0.004285993689540379,0.0015626963395752563,0.008201077339433385,0.17076867228744685,0.06066298909852778,0.387347733052011,45,False,14,0,34,0,0,0,0,6131,6471,6231,6170,6327,6123,6479,6537,6269,6607,6237,6544,6585,6491,6133,6482,6474,5976,6245,6415,6478,6631,6612,6466,0.004014489539092664,0.004178989146974656,0.0032840196433808495,0.0035853013079631523,0.006034917890748116,0.0036674383744159794,0.006269718416702119,0.0034823099802590786,0.00249031828077779,0.003394759428754654,0.006868827081471823,0.00274166608969882,0.006868827081471823,0.008201077339433385,0.0020999430752499113,0.0032840196433808495,0.0015626963395752563,0.0022658315141103067,0.00274166608969882,0.002902688553614285,0.0032330594455745494,0.0034823099802590786,0.008201077339433385,0.008007896966927757,0.07230875590637516,0.15126965937457104,0.1320634087891769,0.10594872785287199,0.1328420308551705,0.09920961402563375,0.1214859067014058,0.387347733052011,0.12346568398915979,0.30401439971867766,0.18524269168464558,0.1857665949104418,0.18524269168464558,0.22340965016235098,0.08328395166445211,0.1320634087891769,0.08029146794484406,0.06066298909852778,0.1857665949104418,0.16878661551085875,0.22762551082978877,0.387347733052011,0.22340965016235098,0.13959266422913488
277,24,0.004486774876074985,0.001511868407550546,0.008471845097084475,0.16332137158522275,0.05560774000698379,0.35506875529767673,46,False,15,0,34,0,0,0,0,6131,6471,6231,6170,6327,6123,6479,6537,6269,6607,6237,6544,6585,6491,6661,6133,6482,6474,5976,6245,6415,6631,6612,6466,0.00387524075892892,0.004124246522718143,0.0032236124194069808,0.003493703735233335,0.005925201898987047,0.0035670030098555053,0.006136184861875167,0.0036716220365495197,0.002438630945392826,0.0034967344682214296,0.00684366160915678,0.0027320222589529504,0.00684366160915678,0.008471845097084475,0.008471845097084475,0.0020333443483659137,0.0032236124194069808,0.001511868407550546,0.002180114730962328,0.0027320222589529504,0.0028787544562811945,0.0036716220365495197,0.008258850069440606,0.00787719196968528,0.06628302624751056,0.1386638544266901,0.12105812472341217,0.09711966719846599,0.12177186161723962,0.09094214619016426,0.11136208114295532,0.35506875529767673,0.11317687699006314,0.27867986640878784,0.1698058007109251,0.17028604533457165,0.1698058007109251,0.28812551264882175,0.28812551264882175,0.0763436223590811,0.12105812472341217,0.07360051228277371,0.05560774000698379,0.17028604533457165,0.15472106421828719,0.35506875529767673,0.2047921793154884,0.1279599422100403
278,24,0.0046361600171841095,0.0020946726010414797,0.008687581484032245,0.1677930499586442,0.050973761673068475,0.32547969235620366,47,False,16,0,34,0,0,0,0,6674,6471,6673,6231,6170,6327,6123,6479,6537,6269,6607,6237,6544,6585,6491,6661,6131,6482,5976,6245,6415,6631,6612,6466,0.0032359336378652527,0.004160475904438909,0.004160475904438909,0.0032359336378652527,0.003396037665431061,0.005799470400290983,0.0034612936834174214,0.005988490215387276,0.0038363834345768112,0.0023811444732722803,0.003576304964666723,0.006789170049333452,0.0027106335599671213,0.006789170049333452,0.008687581484032245,0.008687581484032245,0.0037345137448814582,0.0031545773610740222,0.0020946726010414797,0.0027106335599671213,0.0028437920448024963,0.0038363834345768112,0.00827377255019591,0.007723414567529947,0.19430328099646116,0.21044186655779926,0.21044186655779926,0.19430328099646116,0.08902636159859381,0.11162420648246964,0.08336363400765057,0.1020819077143757,0.32547969235620366,0.10374547057422454,0.2554565442080555,0.155655317318348,0.15609554155669067,0.155655317318348,0.26411505326141993,0.26411505326141993,0.06075944072688468,0.11096994766312782,0.050973761673068475,0.15609554155669067,0.14182764220009658,0.32547969235620366,0.18772616437253103,0.11729661369253695
279,24,0.004707698159972756,0.002318879339119229,0.00884909952060651,0.166845535912549,0.05569615399964429,0.29835638465985337,48,False,16,0,34,0,0,0,0,6674,6471,6673,6231,6170,6327,6123,6479,6537,6269,6607,6237,6544,6585,6491,6661,6131,6482,6698,6245,6415,6631,6612,6466,0.003232270546002141,0.00417459405096738,0.004282256469804335,0.003232270546002141,0.0032936271291789045,0.005660295848617868,0.003351595150887293,0.005829178959302841,0.0039754541939776055,0.002318879339119229,0.003633971272815047,0.006708470949264367,0.0026787440400536378,0.006708470949264367,0.00884909952060651,0.00884909952060651,0.003593333542580681,0.0030783102716760665,0.004282256469804335,0.0026787440400536378,0.002799127342028939,0.0039754541939776055,0.008249195912781837,0.00755005557997287,0.17811134091342273,0.1929050443446493,0.27623837767798265,0.17811134091342273,0.08160749813204432,0.10232218927559716,0.07641666450701301,0.09357508207151105,0.29835638465985337,0.09510001469303915,0.23416849885738422,0.14268404087515232,0.1430875797602998,0.14268404087515232,0.24210546548963494,0.24210546548963494,0.05569615399964429,0.10172245202453382,0.27623837767798265,0.1430875797602998,0.1300086720167552,0.29835638465985337,0.17208231734148677,0.10752189588482554
280,24,0.004747326714634771,0.0022527806093910027,0.00895822492860269,0.17688118280344564,0.07004860913142859,0.27349335260486557,49,False,16,0,34,0,0,0,0,6720,6721,6471,6673,6231,6170,6327,6123,6479,6537,6269,6607,6740,6585,6491,6661,6674,6482,6698,6245,6237,6631,6612,6466,0.0032968910565896667,0.004275734077472525,0.004275734077472525,0.004376708032543485,0.003214002217890432,0.0031876740998344295,0.005510086339491742,0.003239064595648393,0.005660602254372114,0.0040883884154625846,0.0022527806093910027,0.003670615544213583,0.0028168791238860715,0.0066046915405102245,0.00895822492860269,0.00895822492860269,0.0032968910565896667,0.0029961165989549564,0.004376708032543485,0.0026376022307690295,0.0066046915405102245,0.0040883884154625846,0.008188732773043538,0.0073604086613768575,0.24660206250397085,0.26016295731592853,0.26016295731592853,0.25321851287148406,0.1632687291706375,0.07480687328770728,0.0937953401692974,0.07004860913142859,0.08577715856555179,0.27349335260486557,0.08717501346861922,0.21465445728593552,0.20250794934869226,0.1307937041355563,0.22193001003216534,0.22193001003216534,0.24660206250397085,0.09324558102248934,0.25321851287148406,0.1311636147802748,0.1307937041355563,0.27349335260486557,0.1577421242296962,0.0985617378944234
281,24,0.004704109954526209,0.0021837133506878545,0.009017593414986537,0.17556604400277767,0.06421122503714287,0.2689656202363012,50,False,15,0,34,0,0,0,0,6720,6721,6471,6673,6231,6170,6327,6123,6479,6537,6269,6757,6585,6491,6661,6674,6482,6698,6245,6756,6740,6631,6612,6466,0.003341753856215168,0.004350409433573191,0.004350409433573191,0.004444493549108048,0.0031825786469897323,0.0030792585087084804,0.0053510677320900285,0.003124733889047697,0.005484907794445567,0.004175352427812392,0.0021837133506878545,0.006648039446139967,0.006648039446139967,0.009017593414986537,0.009017593414986537,0.003341753856215168,0.0029092020212824064,0.004444493549108048,0.0025884329652783498,0.0028928956699503417,0.0028928956699503417,0.004175352427812392,0.00809612864454379,0.007157539759983822,0.22605189062863992,0.2384827108729345,0.2384827108729345,0.2321169701321937,0.14966300173975103,0.06857296718039835,0.08597906182185594,0.06421122503714287,0.07862906201842247,0.25070223988779344,0.07991042901290095,0.20322756212425996,0.20322756212425996,0.20343584252948488,0.20343584252948488,0.22605189062863992,0.0854751159372819,0.2321169701321937,0.12023331354858523,0.2689656202363012,0.2689656202363012,0.25070223988779344,0.14459694721055483,0.09034825973655479
282,24,0.004677060038409213,0.0021124608832340528,0.009030455508325867,0.16093554033587953,0.05886028961738096,0.24655181854994276,51,False,15,0,34,0,0,0,0,6720,6721,6471,6673,6231,6170,6327,6123,6479,6537,6269,6757,6585,6491,6661,6674,6482,6698,6245,6756,6740,6631,6612,6466,0.0033677864216525594,0.004399591292550688,0.004399591292550688,0.004486732074268241,0.003139475369208453,0.0029693410178382416,0.0051852738695174865,0.003009514159702665,0.005304036557880126,0.004237032123896595,0.0021124608832340528,0.006657133392025537,0.006657133392025537,0.009030455508325867,0.009030455508325867,0.0033677864216525594,0.0028186673867160823,0.004486732074268241,0.0025324154354268427,0.002950685997226231,0.002950685997226231,0.004237032123896595,0.007975154173447624,0.006944268448958093,0.20721423307625325,0.21860915163352326,0.21860915163352326,0.21277388928784421,0.1371910849281051,0.06285855324869848,0.07881414000336794,0.05886028961738096,0.07207664018355393,0.22981038656381064,0.0732512265951592,0.18629193194723828,0.18629193194723828,0.1864828556520278,0.1864828556520278,0.20721423307625325,0.07835218960917507,0.21277388928784421,0.11021387075286979,0.24655181854994276,0.24655181854994276,0.22981038656381064,0.13254720160967526,0.08281923809184188
283,24,0.0046322664870764455,0.002039725283174735,0.00900049630669977,0.14752424530788955,0.05395526548259921,0.22600583367078086,52,False,15,0,34,0,0,0,0,6720,6721,6471,6673,6231,6170,6327,6123,6479,6537,6269,6757,6585,6491,6661,6674,6482,6698,6245,6756,6740,6631,6612,6466,0.003376161106043465,0.004424631052612744,0.004424631052612744,0.004504898896907452,0.003086156165588194,0.002858767844131916,0.005014543353400553,0.002894202020843176,0.005119724980332736,0.004274536539900831,0.002039725283174735,0.0066346930529908735,0.0066346930529908735,0.00900049630669977,0.00900049630669977,0.003376161106043465,0.002725507168626167,0.004504898896907452,0.002470666860205794,0.0029907956846306526,0.0029907956846306526,0.004274536539900831,0.00782951772098639,0.006723159012973451,0.1899463803198988,0.20039172233072966,0.20039172233072966,0.1950427318471905,0.12575849451742968,0.0576203404779736,0.07224629500308727,0.05395526548259921,0.0660702535015911,0.21065952101682642,0.06714695771222927,0.17076760428496843,0.17076760428496843,0.17094261768102548,0.17094261768102548,0.1899463803198988,0.07182284047507714,0.1950427318471905,0.10102938152346397,0.22600583367078086,0.22600583367078086,0.21065952101682642,0.12150160147553565,0.07591763491752172
284,24,0.004571488292068253,0.0019661296066630883,0.008931674813611765,0.13523055819889873,0.049458993359049276,0.2071720141982158,53,False,15,0,34,0,0,0,0,6720,6721,6471,6673,6231,6170,6327,6123,6479,6537,6269,6757,6585,6491,6661,6674,6482,6698,6245,6756,6740,6631,6612,6466,0.0033682264003970916,0.004427165682598196,0.004427165682598196,0.0045007314016290685,0.0030240434433696675,0.0027482770368355306,0.004840521474711355,0.0027794869135515615,0.004933511251135037,0.004289303221994475,0.0019661296066630883,0.006583638726105495,0.006583638726105495,0.008931674813611765,0.008931674813611765,0.0033682264003970916,0.0026306106821321657,0.0045007314016290685,0.0024042310529562667,0.003014055371894175,0.003014055371894175,0.004289303221994475,0.0076627969744133915,0.00649651933740948,0.17411751529324057,0.18369241213650217,0.18369241213650217,0.17878917085992463,0.11527861997431053,0.052818645438142464,0.06622577041949666,0.049458993359049276,0.06056439904312517,0.19310456093209089,0.061551377902876826,0.15653697059455438,0.15653697059455438,0.15669739954094,0.15669739954094,0.17411751529324057,0.06583760376882071,0.17878917085992463,0.09261026639650863,0.2071720141982158,0.2071720141982158,0.19310456093209089,0.11137646801924102,0.06959116534106158
285,24,0.0046031778751770246,0.0018922213815323699,0.008828085308552705,0.12950911066248738,0.045337410579128504,0.2268255563783415,54,False,15,0,34,0,0,0,0,6720,6721,6471,6673,6231,6170,6327,6123,6479,6537,6269,6757,6585,6491,6661,6674,6482,6698,6245,6756,6740,6612,6466,6852,0.0033454452233034324,0.00440903086554548,0.00440903086554548,0.004476143653495347,0.0029544956408976346,0.002638505712844961,0.004664666070315926,0.0026659591240358817,0.004746744619660547,0.004283009437845629,0.0018922213815323699,0.006506989330094528,0.0066748040210731375,0.008828085308552705,0.008828085308552705,0.0033454452233034324,0.0025347653973569794,0.004476143653495347,0.002334071151041397,0.003021514702032391,0.003021514702032391,0.007478387736415373,0.0062664058542023695,0.0066748040210731375,0.1596077223521372,0.16838471112512698,0.16838471112512698,0.16389007328826424,0.10567206830978465,0.04841709165163059,0.060706956217871935,0.045337410579128504,0.055517365789531405,0.17701251418774996,0.05642209641097042,0.14349222304500817,0.2268255563783415,0.14363928291252834,0.14363928291252834,0.1596077223521372,0.060351136788085645,0.16389007328826424,0.08489274419679957,0.1899076796816978,0.1899076796816978,0.10209509568430426,0.06379190156263978,0.2268255563783415
286,24,0.004629308356027775,0.0018184769839621848,0.008918054864646034,0.12595609794018306,0.04155929303086779,0.2574153730415563,55,False,15,0,34,0,0,0,0,6720,6721,6471,6673,6231,6170,6327,6123,6479,6537,6269,6757,6884,6491,6661,6674,6482,6698,6245,6756,6585,6612,6466,6878,0.0033093413148649977,0.004372184027258552,0.004372184027258552,0.004433151470712886,0.0028787908562598577,0.0025299978481837966,0.004488256248736591,0.0025541181227387833,0.0045605967775112655,0.00425749194098712,0.0018184769839621848,0.006407777160557395,0.0030921214365135516,0.008693841447066137,0.008918054864646034,0.0033093413148649977,0.002438661780295811,0.004433151470712886,0.0022610657914363505,0.003014380816459597,0.006728259192059249,0.007279467762427307,0.00603463302450668,0.008918054864646034,0.14630707882279242,0.15435265186469974,0.15435265186469974,0.15023256718090888,0.09686606261730259,0.04438233401399471,0.05564804319971594,0.04155929303086779,0.050890918640403786,0.1622614713387708,0.05172025504338955,0.13153453779125748,0.2574153730415563,0.13166934266981764,0.21500267600315098,0.14630707882279242,0.055321875389078505,0.15023256718090888,0.07781834884706627,0.17408203970822297,0.20792342668014638,0.09358717104394557,0.05847590976575313,0.21500267600315098
287,24,0.00455200459788858,0.0017453065848187733,0.008959755688363238,0.11545975644516782,0.038096018611628805,0.23596409195475995,56,False,15,0,34,0,0,0,0,6720,6721,6471,6673,6231,6170,6327,6123,6479,6537,6269,6757,6884,6491,6661,6674,6482,6698,6245,6756,6585,6612,6466,6878,0.0032614541184163735,0.004318638284063115,0.004318638284063115,0.004373808753208877,0.0027981158374353046,0.0024232123072984836,0.0043124030983112925,0.002444380951284214,0.00437607454969264,0.004214676847625007,0.0017453065848187733,0.006288978947959744,0.003143704834581008,0.008532982488520427,0.008959755688363238,0.0032614541184163735,0.002342899184229008,0.004373808753208877,0.0021860080642171053,0.0029939631431465004,0.0067463303310889376,0.0070689734248938,0.005802786066120459,0.008959755688363238,0.13411482225422638,0.14148993087597475,0.14148993087597475,0.1377131865824998,0.08879389073252737,0.04068380617949515,0.051010706266406275,0.038096018611628805,0.04665000875370347,0.1487396820605399,0.04741023378977375,0.12057332630865268,0.23596409195475995,0.12069689744733283,0.19708578633622173,0.13411482225422638,0.05071171910665529,0.1377131865824998,0.07133348644314408,0.15957520306587106,0.19059647445680084,0.08578824012361677,0.0536029172852737,0.19708578633622173
288,24,0.004384232007081425,0.0016730594114018492,0.008956590884940139,0.12076903298580899,0.03492135039399307,0.29963375095852995,57,False,16,0,34,0,0,0,0,6720,6721,6913,6471,6673,6231,6170,6327,6123,6479,6537,6269,6757,6884,6491,6661,6674,6482,6698,6245,6924,6612,6466,6878,0.0032033020142501903,0.004360025166668882,0.004360025166668882,0.004250407524908389,0.004300155073530516,0.002713559470952895,0.002318530864093611,0.004138061649365814,0.00233709045000281,0.004194033278982566,0.0041565202626118935,0.0016730594114018492,0.006153462109908602,0.003258937394740023,0.008349400156304636,0.008956590884940139,0.0032033020142501903,0.0022479924004110982,0.004300155073530516,0.002109606641707263,0.003258937394740023,0.006849587029752885,0.005572235851290399,0.008956590884940139,0.12293858706637419,0.2130324366363102,0.2130324366363102,0.12969910330297685,0.12623708770062483,0.08139439983815008,0.03729348899787056,0.04675981407753908,0.03492135039399307,0.04276250802422818,0.13634470855549488,0.043459380973959266,0.11052554911626496,0.29963375095852995,0.11063882266005509,0.18066197080820323,0.12293858706637419,0.04648574251443401,0.12623708770062483,0.06538902923954873,0.29963375095852995,0.07863922011331537,0.04913600751150089,0.18066197080820323
289,24,0.004301938825101913,0.0016433453165315525,0.00891233433139482,0.11417716912588045,0.032011237861160315,0.27466427171198576,58,False,16,0,34,0,0,0,0,6720,6721,6913,6471,6673,6231,6170,6327,6123,6479,6537,6947,6757,6884,6491,6661,6674,6482,6698,6245,6924,6612,6466,6878,0.0031363534056368203,0.0043779959825021265,0.0043779959825021265,0.004169462243487561,0.0042141739907975515,0.0026261099477052226,0.002216266030005304,0.0039660435051239945,0.0022325231746302015,0.004015190420447792,0.004084959591121916,0.0016433453165315525,0.006003944681788491,0.003352716216790194,0.008146784078929959,0.00891233433139482,0.0031363534056368203,0.0021543785541197416,0.0042141739907975515,0.0020324885552458934,0.003352716216790194,0.006623732748399708,0.005344155100665559,0.00891233433139482,0.112693704810843,0.19527973358328432,0.19527973358328432,0.11889084469439544,0.11571733039223943,0.07461153318497091,0.034185698248048006,0.04286316290441083,0.032011237861160315,0.03919896568887583,0.12498264950920364,0.12317109922612934,0.10131508668990954,0.27466427171198576,0.10141892077171716,0.16560680657418628,0.112693704810843,0.042611930638231175,0.11571733039223943,0.05993994346958633,0.27466427171198576,0.07208595177053909,0.04504134021887582,0.16560680657418628
290,24,0.004234904151701577,0.0016091043958147936,0.008830979008622925,0.11282905651821729,0.02934363470606362,0.25177558240265363,59,False,16,0,34,0,0,0,0,6720,6721,6913,6471,6673,6231,6170,6327,6123,6479,6537,6947,6757,6884,6491,6661,6674,6965,6698,6245,6924,6612,6466,6878,0.0030620049249891856,0.004374236248281835,0.004374236248281835,0.004077695328981397,0.0041177611884446914,0.002602074962041423,0.002116668555540364,0.0037970296819437995,0.0021308968966605385,0.003840138977127474,0.004001874974918089,0.0016091043958147936,0.0058429671994830535,0.003425154912746361,0.007928583472421254,0.008830979008622925,0.0030620049249891856,0.002602074962041423,0.0041177611884446914,0.0019552031677476122,0.003425154912746361,0.00639357932216052,0.005119535177786117,0.008830979008622925,0.10330256274327274,0.17900642245134396,0.17900642245134396,0.10898327430319582,0.10607421952621947,0.15172723875289001,0.03133689006071067,0.03929123266237659,0.02934363470606362,0.03593238521480284,0.11456742871677,0.11290684095728523,0.09287216279908375,0.25177558240265363,0.09296734404074072,0.15180623935967075,0.10330256274327274,0.15172723875289001,0.10607421952621947,0.05494494818045413,0.25177558240265363,0.06607878912299416,0.041287895200636165,0.15180623935967075
291,24,0.004138866311949368,0.0015710537343067415,0.008716607630881498,0.10342663514169918,0.026898331813891653,0.23079428386909914,60,False,16,0,34,0,0,0,0,6720,6721,6913,6471,6673,6231,6170,6327,6123,6479,6537,6947,6757,6884,6491,6661,6674,6965,6698,6245,6924,6612,6466,6878,0.002981565901240742,0.004350604278925752,0.004350604278925752,0.003976896776462135,0.004012701328006522,0.0025683182548937983,0.002019934513529302,0.003631583307679408,0.0020323776188569593,0.0036693605039644873,0.003909059967619669,0.0015710537343067415,0.0056728747464866594,0.0034767975323120575,0.007697982639041588,0.008716607630881498,0.002981565901240742,0.0025683182548937983,0.004012701328006522,0.0018782269640105268,0.0034767975323120575,0.0061610479183070764,0.004899202943999541,0.008716607630881498,0.09469401584800001,0.16408922058039863,0.16408922058039863,0.09990133477792949,0.09723470123236784,0.13908330219014917,0.02872548255565145,0.03601696327384521,0.026898331813891653,0.03293801978023594,0.1050201429903725,0.10349793754417813,0.08513281589916011,0.23079428386909914,0.085220065370679,0.1391557194130315,0.09469401584800001,0.13908330219014917,0.09723470123236784,0.05036620249874962,0.23079428386909914,0.06057222336274464,0.03784723726724982,0.1391557194130315
292,24,0.004056586116024513,0.0015298657901106538,0.008573285743232321,0.1000567691932116,0.024656804162734015,0.21156142688000754,61,False,17,0,34,0,0,0,0,6720,6721,6913,7024,6471,6673,6231,6170,6327,6123,6479,6537,6947,6757,6884,6491,6661,6674,6698,6245,6924,6612,6466,6878,0.002896248183481446,0.004309058220016309,0.004309058220016309,0.002970942173167339,0.0038687361561569157,0.003900652420311876,0.0025260377195119774,0.0019262119059271661,0.0034701619181478727,0.0019370860667275464,0.0035032374864612144,0.0038082003793519638,0.0015298657901106538,0.0054958074227657045,0.00350853943162183,0.007457887917108674,0.008573285743232321,0.002970942173167339,0.003900652420311876,0.0018019688492479351,0.00350853943162183,0.005927823746682392,0.004683837266207505,0.008573285743232321,0.08680284786066667,0.1504151188653654,0.1504151188653654,0.170136181194,0.09157622354643537,0.08913180946300385,0.12749302700763673,0.026331692342680492,0.03301554966769144,0.024656804162734015,0.030193184798549606,0.09626846440784145,0.09487310941549662,0.0780384145742301,0.21156142688000754,0.07811839325645574,0.12755940946194555,0.170136181194,0.08913180946300385,0.04616901895718715,0.21156142688000754,0.055524538082515916,0.03469330082831233,0.12755940946194555
293,24,0.003949984340837004,0.0014861631212392326,0.008404976323405845,0.09171870509377729,0.02260207048250618,0.19393130797334024,62,False,17,0,34,0,0,0,0,6720,6721,6913,7024,6471,6673,6231,6170,6327,6123,6479,6537,6947,6757,6884,6491,6661,6674,6698,6245,6924,6612,6466,6878,0.0028071604283786376,0.004251594014503944,0.004251594014503944,0.002947559267835181,0.0037547516531491153,0.0037831365112334443,0.0024764008929332483,0.0018356067624567477,0.0033131291670768902,0.0018451036395055085,0.0033420649649738496,0.0037008601455319184,0.0014861631212392326,0.00531369760877558,0.0035215494151573986,0.007210923873186372,0.008404976323405845,0.002947559267835181,0.0037831365112334443,0.0017267757079513489,0.0035215494151573986,0.005695370270069907,0.0044739848805881,0.008404976323405845,0.0795692772056111,0.13788052562658495,0.13788052562658495,0.1559581660945,0.08394487158423242,0.0817041586744202,0.11686860809033367,0.024137384647457117,0.030264253862050488,0.02260207048250618,0.02767708606533714,0.08824609237385467,0.08696701696420524,0.07153521335971091,0.19393130797334024,0.07160852715175109,0.11692945867345009,0.1559581660945,0.0817041586744202,0.042321600710754886,0.19393130797334024,0.05089749324230625,0.03180219242595297,0.11692945867345009
294,24,0.0039072303125428426,0.0014405154112088682,0.008215474167684172,0.09055940044938005,0.020718564608963996,0.17777036564222853,63,False,17,0,34,0,0,0,0,6720,6721,6913,7024,6471,6673,6231,6170,6327,6123,6479,6537,6947,6757,6884,6491,6661,6674,6698,7064,6924,6612,6466,6878,0.0027153060110896173,0.004180194318725483,0.004180194318725483,0.0029127703324153755,0.00363634452816398,0.003661535535021442,0.0024205256543366567,0.0017481887198007107,0.003242281702901769,0.001756477821391812,0.0031860613268948628,0.003588473078290504,0.0014405154112088682,0.005128272556762547,0.003517196540058198,0.0069594367427469935,0.008215474167684172,0.0029127703324153755,0.003661535535021442,0.003242281702901769,0.003517196540058198,0.005464945050432858,0.004270075406295913,0.008215474167684172,0.0729385041051435,0.12639048182436954,0.12639048182436954,0.14296165225329166,0.0769494656188797,0.07489547878488519,0.10712955741613919,0.02212593592683569,0.11107556604021296,0.020718564608963996,0.02537066222655904,0.0808922513427001,0.07971976555052146,0.065573945579735,0.17777036564222853,0.06564114988910516,0.10718533711732925,0.14296165225329166,0.07489547878488519,0.11107556604021296,0.17777036564222853,0.04665603547211406,0.02915200972379022,0.10718533711732925
295,24,0.003974170789289809,0.0013934383617264592,0.00821489274931771,0.09293766777765716,0.018992017558216997,0.1815865590242185,64,False,17,0,34,0,0,0,0,6720,6721,6913,7024,6471,6673,6231,6170,6327,6123,6479,6537,6947,6757,6884,6491,6661,6674,6698,7064,6924,6612,7103,6878,0.002621583796092444,0.004096787849732546,0.004096787849732546,0.0028679330447667715,0.003514777933014509,0.0035370912825320754,0.002359466110408178,0.0016639960854132538,0.0031639878156073695,0.0016712270664943304,0.003035378229067718,0.003472339417391896,0.0013934383617264592,0.004941061021259534,0.003496983857059198,0.0067055033690723576,0.00800835789319357,0.0028679330447667715,0.0035370912825320754,0.0031639878156073695,0.003496983857059198,0.005237616461789831,0.00821489274931771,0.00821489274931771,0.06686029542971487,0.11585794167233875,0.11585794167233875,0.131048181232184,0.07053701015063973,0.06865418888614475,0.0982020942981276,0.020282107932932714,0.10181926887019521,0.018992017558216997,0.023256440374345787,0.07415123039747509,0.07307645175464467,0.06010945011475709,0.16295616850537614,0.06017105406501306,0.09825322569088514,0.131048181232184,0.06865418888614475,0.10181926887019521,0.16295616850537614,0.04276803251610455,0.1815865590242185,0.1815865590242185
296,24,0.00385839577245424,0.001380091656192044,0.008176418270450198,0.11005579631453222,0.01740934942836558,0.23270982112992813,65,False,17,0,34,0,0,0,0,6720,6721,6913,7105,6471,6673,6231,6170,6327,6123,6479,7116,6757,6884,7124,6491,6661,6674,7024,7064,6924,6612,7119,6878,0.002526791093932315,0.004106460946680466,0.004003218293771518,0.004106460946680466,0.00339117912298954,0.003410908547379705,0.0022942029682631237,0.0015830404012398892,0.0030795899850603143,0.0015893451798849958,0.0028901096434007898,0.001380091656192044,0.00475340282575604,0.003462490410590556,0.0035517877382474946,0.0066173134316361674,0.007786957183574209,0.002814379035966346,0.002814379035966346,0.0030795899850603143,0.0035517877382474946,0.005014280666295264,0.0066173134316361674,0.008176418270450198,0.0612886041439053,0.1895364465329772,0.10620311319964384,0.1895364465329772,0.06465892597141976,0.06293300647896602,0.0900185864399503,0.01859193227185499,0.09333432979767894,0.01740934942836558,0.021318403676483636,0.15032008077509096,0.05510032927186066,0.1493764877965948,0.23270982112992813,0.13849013289292864,0.09006545688331137,0.12012749946283534,0.12012749946283534,0.09333432979767894,0.23270982112992813,0.039204029806429175,0.13849013289292864,0.16645434577220028
297,24,0.0037724808326016746,0.00136165095371992,0.0081037041869483,0.10088447995498785,0.015958570309335115,0.21331733603576744,66,False,17,0,34,0,0,0,0,6720,6721,6913,7105,6471,6673,6231,6170,6327,6123,6479,7116,6757,6884,7124,6491,6661,6674,7024,7064,6924,6612,7119,6878,0.0024316282236875033,0.004096339512822029,0.003901221701317398,0.004096339512822029,0.003266544229237746,0.003283960637515511,0.0022256376890544332,0.001505310530498839,0.002990328253768058,0.0015108052232357466,0.0027503000414201284,0.00136165095371992,0.004566460441991765,0.003415322053667026,0.003586137817475061,0.006507295722829684,0.007554332878921584,0.0027533900924333853,0.0027533900924333853,0.002990328253768058,0.003586137817475061,0.004795678392567852,0.006507295722829684,0.0081037041869483,0.056181220465246526,0.17374174265522907,0.09735285376634019,0.17374174265522907,0.05927068214046811,0.057688589272385515,0.08251703756995443,0.01704260458253374,0.0855564689812057,0.015958570309335115,0.019541870036776664,0.1377934073771667,0.05050863516587227,0.13692844714687855,0.21331733603576744,0.12694928848518458,0.08256000214303542,0.11011687450759905,0.11011687450759905,0.0855564689812057,0.21331733603576744,0.03593702732256007,0.12694928848518458,0.15258315029118358
298,24,0.0036863771800867994,0.0013387512242346372,0.0081037041869483,0.09999309109518457,0.017913380867045275,0.19554089136612016,0,False,17,0,34,0,0,0,0,6720,6721,6913,7105,6471,6673,6231,6170,6327,7159,6479,7116,6757,6884,7124,6491,6661,6674,7024,7064,6924,6612,7119,6878,0.0023367041929700226,0.004068205498480042,0.0037924112043569865,0.004068205498480042,0.0031417448771206237,0.0031570965639381703,0.0021545897448404625,0.0014676758925635796,0.0028973349824208587,0.0014676758925635796,0.002615951749868447,0.0013387512242346372,0.00438123182518421,0.0033570710496307454,0.0036012062424047166,0.006378455389852944,0.007313267610211333,0.0026861804530186216,0.0026861804530186216,0.0028973349824208587,0.0036012062424047166,0.004582411175297722,0.006378455389852944,0.0081037041869483,0.05149945209314265,0.15926326410062663,0.08924011595247851,0.15926326410062663,0.05433145862876243,0.052881206833020056,0.07564061777245823,0.0989557208673226,0.07842676323277188,0.0989557208673226,0.017913380867045275,0.12631062342906946,0.04629958223538291,0.125517743217972,0.19554089136612016,0.1163701811114192,0.07568000196444914,0.10094046829863246,0.10094046829863246,0.07842676323277188,0.19554089136612016,0.032942275045680064,0.1163701811114192,0.15258315029118358
299,24,0.00354435957746076,0.0013120100777090332,0.008000492631900597,0.09852897162286223,0.016420599128124835,0.17924581708561013,1,False,18,0,34,0,0,0,0,6720,6721,6913,7105,6471,6673,6231,6170,6327,7185,7159,6479,7116,6757,6884,7124,6491,6661,6674,7064,6924,6612,7119,6878,0.0022425430935405573,0.0040239133439107545,0.0036782678865274815,0.0040239133439107545,0.0030175360547896055,0.0030310493361247522,0.002081796354544151,0.001427381052080545,0.002801633227838894,0.0014641930857280845,0.0014641930857280845,0.0024870315206797105,0.0013120100777090332,0.004198563898725456,0.0032892840165773454,0.003598376805206914,0.006233667455944369,0.0070662648587853155,0.002613884425477491,0.002801633227838894,0.003598376805206914,0.004374956814338171,0.006233667455944369,0.008000492631900597,0.04720783108538076,0.14599132542557441,0.0818034396231053,0.14599132542557441,0.049803837076365556,0.04847443959693505,0.0693372329580867,0.09070941079504571,0.07189119963004088,0.17404274412837906,0.17404274412837906,0.016420599128124835,0.11578473814331366,0.04244128371576767,0.11505793128314099,0.17924581708561013,0.10667266601880093,0.06937333513407838,0.09252876260707975,0.07189119963004088,0.17924581708561013,0.03019708545854006,0.10667266601880093,0.13986788776691828
300,24,0.003318063329276867,0.0013150809551278552,0.007870515187783781,0.10574507792093558,0.015052215867447764,0.18946934329803755,2,False,19,0,34,0,0,0,0,6720,6721,6913,7105,6471,6673,6231,6170,6327,7185,7159,6479,7212,7116,6757,6884,7124,6491,6661,7200,7064,6924,7119,6878,0.0022050286515474366,0.003965335357800317,0.003560136690367447,0.003965335357800317,0.002894564745585294,0.0029064449016150936,0.002007914141658131,0.0013849898505983943,0.002704137965763241,0.0014542594818304849,0.0014542594818304849,0.0023634763658120185,0.0013150809551278552,0.0013150809551278552,0.004019166213641883,0.0032134374975179205,0.0035791764297887184,0.006075641038146207,0.006815554548056312,0.0022050286515474366,0.002704137965763241,0.0035791764297887184,0.006075641038146207,0.007870515187783781,0.12660717849493236,0.13382538164010988,0.07498648632117985,0.13382538164010988,0.04565351732000176,0.04443490296385713,0.06355913021157948,0.0831502932287919,0.06590026632753747,0.15953918211768078,0.15953918211768078,0.015052215867447764,0.18946934329803755,0.18946934329803755,0.03890451007278703,0.10546977034287923,0.1643086656618093,0.09778327718390085,0.06359222387290518,0.12660717849493236,0.06590026632753747,0.1643086656618093,0.09778327718390085,0.12821223045300842
301,24,0.0032291008295354828,0.0013118149424287055,0.007717413453360711,0.09693298809419094,0.01379786454516045,0.1736802313565344,3,False,19,0,34,0,0,0,0,6720,6721,6913,7105,6471,6673,6231,6170,6327,7185,7159,6479,7212,7116,6757,6884,7124,6491,6661,7200,7064,6924,7119,6878,0.002161163383175545,0.003894317243955144,0.0034392263371679746,0.003894317243955144,0.002773378935850691,0.002783811363027845,0.0019335222290360313,0.0013410153315728008,0.0026056594751489347,0.0014385375560495173,0.0014385375560495173,0.002245198711412368,0.0013118149424287055,0.0013118149424287055,0.003843624421120759,0.0031309202832018913,0.0035452150143634314,0.005906895045830064,0.006563103521197825,0.002161163383175545,0.0026056594751489347,0.0035452150143634314,0.005906895045830064,0.007717413453360711,0.11605658028702133,0.12267326650343405,0.06873761246108152,0.12267326650343405,0.04184905754333494,0.040731994383535704,0.05826253602728119,0.07622110212639258,0.06040857746690934,0.14624425027454072,0.14624425027454072,0.01379786454516045,0.1736802313565344,0.1736802313565344,0.035662467566721444,0.09668062281430595,0.15061627685665852,0.08963467075190912,0.05829287188349641,0.11605658028702133,0.06040857746690934,0.15061627685665852,0.08963467075190912,0.1175278779152577
302,24,0.0032408051180751094,0.001295919455835434,0.007544677859875546,0.09347052496428532,0.012648042499730412,0.16549844818925002,4,False,20,0,34,0,0,0,0,6720,6721,6913,7105,6471,6673,6231,6170,6327,7185,7159,6479,7212,7116,6757,6884,7124,6491,6661,7270,7200,7064,7119,6878,0.002111920478538162,0.003812643159551964,0.0033166123471756906,0.003812643159551964,0.00265443669537067,0.00266358818893629,0.0018591263591435788,0.001295919455835434,0.002506908298021469,0.0014176965223413201,0.0014176965223413201,0.0021320909273667967,0.001302782838201652,0.001302782838201652,0.0036724132914205533,0.0030430215486426933,0.0034981342639219225,0.0057297435391915974,0.006310629506467056,0.005877513128572829,0.002111920478538162,0.002506908298021469,0.005877513128572829,0.007544677859875546,0.10638519859643622,0.11245049429481455,0.06300947808932472,0.11245049429481455,0.038361636081390364,0.03733766151824106,0.05340732469167442,0.06986934361585986,0.0553745293446669,0.13405722941832898,0.13405722941832898,0.012648042499730412,0.15920687874348988,0.15920687874348988,0.03269059526949466,0.08862390424644712,0.13806492045193697,0.08216511485591668,0.05343513255987171,0.16549844818925002,0.10638519859643622,0.0553745293446669,0.16549844818925002,0.10773388808898622
303,24,0.00314922833279766,0.001250114038264092,0.007355602766085537,0.08568131455059486,0.01159403895808621,0.15170691084014584,5,False,20,0,34,0,0,0,0,6720,6721,6913,7105,6471,6673,6231,6170,6327,7185,7159,6479,7212,7116,6757,6884,7124,6491,6661,7270,7200,7064,7119,6878,0.0020582165666024202,0.003722009409170947,0.003193242368818405,0.003722009409170947,0.0025381151008411237,0.002546135205664718,0.001785163697799439,0.001250114038264092,0.0024085012836808145,0.001392396367988756,0.001392396367988756,0.002024029288072953,0.0012885785778091582,0.0012885785778091582,0.0035059090908873157,0.0029509238647706967,0.003439565533037759,0.00554628900658584,0.006059617408290585,0.0058236841037606,0.0020582165666024202,0.0024085012836808145,0.0058236841037606,0.007355602766085537,0.09751976538006653,0.10307961977024667,0.05775868824854766,0.10307961977024667,0.03516483307460783,0.034226189725054305,0.048956714300701545,0.0640468983145382,0.05075998523261132,0.12288579363346823,0.12288579363346823,0.01159403895808621,0.14593963884819905,0.14593963884819905,0.029966378997036767,0.08123857889257652,0.12655951041427554,0.07531802195125696,0.04898220484654906,0.15170691084014584,0.09751976538006653,0.05075998523261132,0.15170691084014584,0.0987560640815707
304,24,0.0030103918098278587,0.0012039626008715065,0.005961210856571301,0.08358456454781878,0.010627869044912358,0.1390646682701337,6,False,20,0,34,0,0,0,0,6720,6721,6913,7105,6471,6673,6231,6170,6327,7185,7159,6479,7212,7116,6757,6884,7124,6491,6661,7270,7200,7064,7119,7314,0.0020009035865746452,0.003624005727422607,0.003069943146380788,0.003624005727422607,0.0024247188341174316,0.0024317412159228996,0.0017120080433982248,0.0012039626008715065,0.0023109683142888,0.0013632753003141465,0.0013632753003141465,0.0019208774187553638,0.0012698017544711792,0.0012698017544711792,0.003344401192332162,0.002855700192768736,0.0033710962584425895,0.005358421959174546,0.005961210856571301,0.005748100747209504,0.0020009035865746452,0.0023109683142888,0.005748100747209504,0.005961210856571301,0.08939311826506098,0.09448965145605945,0.05294546422783535,0.09448965145605945,0.03223443031839051,0.03137400724796645,0.04487698810897642,0.05870965678832669,0.04652998646322704,0.1126453108306792,0.1126453108306792,0.010627869044912358,0.1337780022775158,0.1337780022775158,0.027469180747283703,0.07446869731819514,0.11601288454641924,0.06904152012198554,0.1282336877760033,0.1390646682701337,0.08939311826506098,0.04652998646322704,0.1390646682701337,0.1282336877760033
305,24,0.002879945963259511,0.00118764200316808,0.005845285125375092,0.08402882435486199,0.00974221329116966,0.1371505187226328,7,False,21,0,34,0,0,0,0,6720,6721,6913,7105,6471,6673,6231,6170,7327,6327,7185,7159,6479,7212,7116,6757,6884,7124,6491,6661,7270,7200,7119,7314,0.001940763915644648,0.0035201030490790946,0.0029474285702370037,0.0035201030490790946,0.0023144883374661192,0.002320632138348845,0.0016399752206246974,0.00118764200316808,0.00118764200316808,0.00221475938845987,0.0013309402869020256,0.0013309402869020256,0.0018224892792216211,0.0012470433897214808,0.0012470433897214808,0.0031881028445562075,0.0027583140438093585,0.003294244269047805,0.005167825414809557,0.005845285125375092,0.005653444035933174,0.001940763915644648,0.005653444035933174,0.005845285125375092,0.08194369174297256,0.08661551383472116,0.04853334220884907,0.08661551383472116,0.029548227791857964,0.028759506643969243,0.04113723909989505,0.1371505187226328,0.1371505187226328,0.042652487591291456,0.10325820159478927,0.10325820159478927,0.00974221329116966,0.12262983542105614,0.12262983542105614,0.025180082351676725,0.06826297254167887,0.10634514416755096,0.06328806011182007,0.11754754712800303,0.1274759459142892,0.08194369174297256,0.1274759459142892,0.11754754712800303
306,24,0.0025319081303864007,0.0011674584489947465,0.005714484068709193,0.08289061270239463,0.02636288109030514,0.1257213088290801,8,False,23,0,34,0,0,0,0,6720,6721,6913,7105,6471,6673,6231,6170,7327,6327,7185,7159,7356,6479,7212,7116,6757,6884,7124,7359,6491,6661,7270,7200,0.001878508163975184,0.0034116466822601598,0.0028263083587091614,0.0034116466822601598,0.0022076074488226187,0.002212978600710869,0.0015693284872597103,0.0011674584489947465,0.0011674584489947465,0.0021202518093723886,0.001295960315762771,0.001295960315762771,0.0017732950597624793,0.0017732950597624793,0.0012208747552996271,0.0012208747552996271,0.00311548918692489,0.0026596220780834372,0.003210439091261576,0.00311548918692489,0.004975983030824094,0.005714484068709193,0.005542326929560857,0.001878508163975184,0.07511505076439151,0.0793975543484944,0.04448889702477831,0.0793975543484944,0.0270858754758698,0.02636288109030514,0.037709135841570464,0.1257213088290801,0.1257213088290801,0.0390981136253505,0.09465335146189016,0.09465335146189016,0.09226369551690553,0.09226369551690553,0.11241068246930146,0.11241068246930146,0.106415075489037,0.06257439149653897,0.09748304882025505,0.106415075489037,0.05801405510250173,0.10775191820066944,0.11685295042143176,0.07511505076439151
307,24,0.0024515118782014816,0.0011439499842949648,0.005571303092993843,0.07598306164386176,0.02416597433277971,0.1152445330933234,9,False,23,0,34,0,0,0,0,6720,6721,6913,7105,6471,6673,6231,6170,7327,6327,7185,7159,7356,6479,7212,7116,6757,6884,7124,7359,6491,6661,7270,7200,0.0018147750956307171,0.0032998538646372283,0.0027070970139372037,0.0032998538646372283,0.0021042104723913045,0.0021089029500030785,0.0015002838249008777,0.0011439499842949648,0.0011439499842949648,0.0020277572839407947,0.0012588619820090327,0.0012588619820090327,0.001721379929458069,0.001721379929458069,0.0011918389593354706,0.0011918389593354706,0.0030362909889105416,0.0025603785144789285,0.003121009292404107,0.0030362909889105416,0.004784189833477038,0.005571303092993843,0.00541725118975633,0.0018147750956307171,0.06885546320069222,0.07278109148611986,0.04078148893938012,0.07278109148611986,0.024828719186213984,0.02416597433277971,0.03456670785477292,0.1152445330933234,0.1152445330933234,0.03583993748990462,0.08676557217339931,0.08676557217339931,0.08457505422383006,0.08457505422383006,0.10304312559685966,0.10304312559685966,0.09754715253161725,0.05735985887182739,0.08935946141856713,0.09754715253161725,0.05317955051062658,0.09877259168394699,0.10711520455297911,0.06885546320069222
308,24,0.002431444281614079,0.0011176304298906549,0.005557797261304312,0.08872982619540883,0.0221521431383814,0.17778953179712137,10,False,25,0,34,0,0,0,0,6720,6721,6913,7105,6471,6673,6231,6170,7327,6327,7185,7356,6479,7406,7212,7116,6757,6884,7411,7124,7359,6491,7413,7270,0.0017501331931878846,0.0031858147764778997,0.0025902227751277303,0.0031858147764778997,0.002004388665044822,0.0020084856661904834,0.0014330150196789951,0.0011176304298906549,0.0011176304298906549,0.0019375287901085175,0.0012201270131470378,0.001667390024629346,0.001667390024629346,0.001190372736337599,0.001190372736337599,0.001160444961339684,0.0029517652475464042,0.0024612408191495086,0.0030278910175038608,0.0030271748999390283,0.0030278910175038608,0.004593564670790543,0.005557797261304312,0.005280575806504223,0.06311750793396786,0.0667160005289432,0.037383031527765107,0.0667160005289432,0.022759659254029483,0.0221521431383814,0.03168614886687517,0.10564082200221311,0.10564082200221311,0.032853276032412566,0.07953510782561603,0.07752713303851089,0.07752713303851089,0.17778953179712137,0.17778953179712137,0.09445619846378801,0.08941822315398247,0.052579870632508435,0.17275155648731583,0.08191283963368653,0.17275155648731583,0.0487479213014077,0.17387487571028476,0.09818893750689751
309,24,0.0026936961799204876,0.001127163663361128,0.005662187637156067,0.11090965447261682,0.02030613121018295,0.24271863606776103,11,False,22,0,34,0,0,0,0,6720,6721,6913,7105,6471,6673,6231,7428,7356,6479,7406,7212,7116,6757,6884,7433,7411,7124,7359,6491,7413,7270,7417,7438,0.0016850834474915173,0.0031496840243061645,0.0024760363613594806,0.003070496193539828,0.0019081961380489822,0.0019117711840714849,0.0013676584679567347,0.0016534792884600677,0.001611908312749556,0.0016534792884600677,0.001183538236261791,0.001183538236261791,0.001127163663361128,0.002863066367009931,0.0024237120272194053,0.0024237120272194053,0.003006261316308724,0.0029300439777709794,0.003006261316308724,0.004405063679619557,0.005662187637156067,0.005134495465688086,0.0031496840243061645,0.005662187637156067,0.05785771560613721,0.14448966715153128,0.034267778900451344,0.06115633381819793,0.02086302098286036,0.02030613121018295,0.02904563646130224,0.1543998719519683,0.07106653861863498,0.1543998719519683,0.16297373748069457,0.16297373748069457,0.08658484859180568,0.08196670455781727,0.13153154807979942,0.13153154807979942,0.15835559344670616,0.07508676966421265,0.15835559344670616,0.04468559452629039,0.24271863606776103,0.09000652604798938,0.14448966715153128,0.24271863606776103
310,24,0.0026505922335178576,0.0010924257300767202,0.0058808506824104805,0.1120838499332321,0.01861395360933437,0.3058254163954476,12,False,21,0,34,0,0,0,0,6720,6721,6913,7105,6471,6673,6231,7428,7356,6479,7406,7212,7116,6757,6884,7433,7411,7124,7456,6491,7463,7417,7413,7270,0.0016200630177314723,0.003102527394839905,0.002364819353476267,0.002954747076944017,0.0018156551877129162,0.0018187731406635232,0.0013043176652647846,0.0016332508780674071,0.0015554554863599975,0.0016332508780674071,0.0011718698533200638,0.0011718698533200638,0.0010924257300767202,0.002771242894695369,0.0023787751616544087,0.0023787751616544087,0.0030494427080526923,0.0028306125155424956,0.0030494427080526923,0.004219494203879013,0.0058808506824104805,0.003102527394839905,0.0057329971818665965,0.004981027475935974,0.053036239305625774,0.13244886155557034,0.03141213065874707,0.05605997266668144,0.019124435900955326,0.01861395360933437,0.026625166756193717,0.14153321595597093,0.06514432706708206,0.14153321595597093,0.14939259269063668,0.14939259269063668,0.07936944454248854,0.07513614584466582,0.12057058573981612,0.12057058573981612,0.2284926273261473,0.0688295388588616,0.2284926273261473,0.04096179498243285,0.3058254163954476,0.13244886155557034,0.22249208306211427,0.08250598221065693
311,24,0.002517594455203075,0.00105662081125691,0.006060578778530561,0.10940648674426169,0.017062790808556504,0.28033996502916025,13,False,22,0,34,0,0,0,0,6720,6721,6913,7105,6471,6673,6231,7428,7356,6479,7406,7212,7116,6757,6884,7433,7411,7124,7477,7456,6491,7463,7417,7413,0.0015554494675712551,0.0030457874056731733,0.0022567921115324886,0.0028393055089473633,0.0017267610785770362,0.0017294790745944302,0.0012430673551092045,0.0016074664117480127,0.0014984920581859321,0.0016074664117480127,0.001155911073645158,0.001155911073645158,0.00105662081125691,0.0027462831160968383,0.0023275148017300527,0.0023275148017300527,0.003075299798869763,0.0027297668790297863,0.0027462831160968383,0.003075299798869763,0.004037528727776085,0.006060578778530561,0.0030457874056731733,0.005771899858236762,0.04861655269682363,0.12141145642593948,0.028794453103851477,0.05138830827779132,0.01753073290920905,0.017062790808556504,0.02440640285984424,0.12973878129297334,0.059715633144825225,0.12973878129297334,0.13694320996641696,0.13694320996641696,0.07275532416394782,0.15220813369094366,0.11052303692816477,0.11052303692816477,0.20945157504896836,0.06309374395395646,0.15220813369094366,0.20945157504896836,0.03754831206723011,0.28033996502916025,0.12141145642593948,0.20395107614027141
312,24,0.002471065963562221,0.001020097870136148,0.006201374094161578,0.11153732081879746,0.016069838500108295,0.2569783012767302,14,False,21,0,34,0,0,0,0,6720,6721,6913,7105,6471,7495,7428,7356,6479,7406,7212,7116,6757,6884,7433,7411,7124,7477,7456,6491,7463,7417,6231,7413,0.0014915653385192365,0.00298085553468548,0.0021521211619682816,0.00272480648824193,0.0016414863095146344,0.0016175385193197061,0.0016175385193197061,0.0014414213261897619,0.0015768711490255904,0.0011362007992030696,0.0011362007992030696,0.001020097870136148,0.0027110207338390873,0.00227095901999679,0.00227095901999679,0.0030848797300367155,0.0026282881691561443,0.0027110207338390873,0.0030848797300367155,0.0038597184958495995,0.006201374094161578,0.00298085553468548,0.0011839573285014964,0.005780966720067202,0.04456517330542165,0.11129383505711118,0.026394915345197185,0.04710594925464204,0.016069838500108295,0.2022605495185589,0.2022605495185589,0.054739330382756454,0.11892721618522556,0.12553127580254886,0.12553127580254886,0.06669238048361883,0.1395241225500317,0.1013127838508177,0.1013127838508177,0.19199727712822098,0.05783593195779342,0.1395241225500317,0.19199727712822098,0.0344192860616276,0.2569783012767302,0.11129383505711118,0.02237253595485722,0.18695515312858213
313,24,0.002538057419599119,0.0009831663561968658,0.006304054883614676,0.10964710745603125,0.014730685291765936,0.23556344283700267,15,False,22,0,34,0,0,0,0,6720,6721,6913,7105,6471,7495,7428,7356,6479,7406,7212,7116,6757,6884,7433,7411,7124,7477,7456,6491,7531,7463,7417,7413,0.0014286828710655059,0.00290905234857377,0.0020509260184191614,0.002611790193226476,0.0015597843973273256,0.0016193125176557919,0.0016193125176557919,0.0013845929316552764,0.0015421810412246828,0.001113262495473557,0.001113262495473557,0.0009831663561968658,0.0026667202223383743,0.0022100687480948555,0.0022100687480948555,0.003079398022866743,0.002526857936519136,0.0026667202223383743,0.003079398022866743,0.003781581266981916,0.003781581266981916,0.006304054883614676,0.00290905234857377,0.005762550197159735,0.04085140886330318,0.10201934880235192,0.024195339066430753,0.043180453483421866,0.014730685291765936,0.18540550372534564,0.18540550372534564,0.050177719517526746,0.10901661483645676,0.11507033615233644,0.11507033615233644,0.06113468210998393,0.12789711233752904,0.09287005186324955,0.09287005186324955,0.17599750403420256,0.05301627096131063,0.12789711233752904,0.17599750403420256,0.11488434555649198,0.11488434555649198,0.23556344283700267,0.10201934880235192,0.1713755570345336
314,24,0.0026919027591336946,0.0009460979974234724,0.0065343968109413285,0.1264176030446068,0.013503128184118774,0.2992664892672524,16,False,18,0,34,0,0,0,0,6720,6721,6913,7105,6471,7495,7428,7356,6479,7406,7212,7116,6757,7554,7456,6491,7531,7463,7417,7539,6884,7477,7413,7557,0.0013670287269376981,0.0028316134789094756,0.001953285423011454,0.0025652035099206047,0.00148159321463904,0.0016134533826402044,0.0016134533826402044,0.0013283067837976113,0.00150407315665802,0.0010875959203414658,0.0010875959203414658,0.0009460979974234724,0.0026146148830397216,0.0031391031414007052,0.0031391031414007052,0.0036942034106094003,0.0036942034106094003,0.0065343968109413285,0.0028316134789094756,0.0025652035099206047,0.0021457309870438626,0.0026146148830397216,0.005719180854091695,0.0065343968109413285,0.037447124791361246,0.09351773640215592,0.022179060810894855,0.12291541569313671,0.013503128184118774,0.16995504508156684,0.16995504508156684,0.04599624289106618,0.0999318969334187,0.10548114147297508,0.10548114147297508,0.056040125267485266,0.11723901964273495,0.24466437869801902,0.24466437869801902,0.10531065009345097,0.10531065009345097,0.2992664892672524,0.09351773640215592,0.12291541569313671,0.08513088087464542,0.11723901964273495,0.15709426061498913,0.2992664892672524
315,24,0.002625438120143151,0.0009091290228765921,0.006721738408397106,0.1328094006556436,0.020330805743320284,0.27432761516164805,17,False,18,0,34,0,0,0,0,6720,6721,6913,7565,7495,7428,7356,6479,7567,7406,7212,7116,6757,7554,7456,6491,7531,7463,7417,7105,6884,7477,7413,7557,0.0013067886022363232,0.0027496805815469707,0.0018592430122793887,0.001641954657777553,0.001641954657777553,0.0016006734287518163,0.0013056430141855512,0.0014631790415430533,0.0013056430141855512,0.0010596711387583046,0.0010596711387583046,0.0009091290228765921,0.0025558862689779795,0.0031800924221954386,0.0031800924221954386,0.003599180291943731,0.003599180291943731,0.006721738408397106,0.0027496805815469707,0.0025115747791737975,0.0020787552028670637,0.0025558862689779795,0.005653478226142317,0.006721738408397106,0.034326531058747806,0.08572459170197626,0.020330805743320284,0.23912545799143628,0.23912545799143628,0.15579212465810294,0.12549655598347734,0.0916042388556338,0.12549655598347734,0.09669104635022716,0.09669104635022716,0.05137011482852816,0.1074691013391737,0.22427568047318408,0.22427568047318408,0.09653476258566339,0.09653476258566339,0.27432761516164805,0.08572459170197626,0.11267246438537531,0.0780366408017583,0.1074691013391737,0.1440030722304067,0.27432761516164805
316,24,0.002613823769655232,0.0008724626599586415,0.006866320616489799,0.1440826309797106,0.018636571931376928,0.28891937376708543,18,False,19,0,34,0,0,0,0,6720,6721,6913,7565,7495,7428,7591,7356,6479,7567,7406,7212,7116,6757,7554,7456,6491,7531,7463,7417,7603,7598,7413,7557,0.0012481116515665456,0.0026642964335712553,0.0017688124244719333,0.0016608161041360664,0.0016608161041360664,0.0015817077190678004,0.0014567043219873327,0.0012792714686398817,0.0014567043219873327,0.0012792714686398817,0.0010299245054032986,0.0010299245054032986,0.0008724626599586415,0.002491649107639085,0.003203271595709426,0.0032858836925924446,0.0034979925234839,0.0034979925234839,0.006866320616489799,0.0026642964335712553,0.0025152597751644974,0.0032858836925924446,0.0055680762055396755,0.006866320616489799,0.03146598680385215,0.07858087572681156,0.018636571931376928,0.21919833649214993,0.21919833649214993,0.14280944760326103,0.16730388561766432,0.11503850965152089,0.16730388561766432,0.11503850965152089,0.08863345915437489,0.08863345915437489,0.04708927192615081,0.09851334289424256,0.20558604043375206,0.28891937376708543,0.0884901990368581,0.0884901990368581,0.251466980564844,0.07858087572681156,0.18661642568659403,0.28891937376708543,0.13200281621120613,0.251466980564844
317,24,0.002595879027327049,0.0008362717810929951,0.0069692448303341654,0.13554796728695692,0.01708352427042885,0.3481760926198283,19,False,19,0,34,0,0,0,0,6720,6721,6913,7565,7495,7428,7591,7356,6479,7567,7406,7212,7116,6757,7554,7456,6491,7531,7463,7417,7603,7629,7413,7557,0.001191114668134141,0.0025764033758980723,0.0016819818738855327,0.001670544106035314,0.001670544106035314,0.0015572935505514334,0.0014440932182441279,0.0012497663697322045,0.0014440932182441279,0.0012497663697322045,0.0009987562976793527,0.0009987562976793527,0.0008362717810929951,0.002422940985424886,0.003209773046788072,0.003370308371428647,0.0033919980157055838,0.0033919980157055838,0.0069692448303341654,0.0025764033758980723,0.002507009005914004,0.0034572283322833706,0.005465562613088462,0.0069692448303341654,0.02884382123686447,0.07203246941624393,0.01708352427042885,0.20093180845113742,0.20093180845113742,0.13090866030298928,0.1533618951495256,0.10545196718056081,0.1533618951495256,0.10545196718056081,0.08124733755817698,0.08124733755817698,0.043165165932304905,0.09030389765305567,0.18845387039760605,0.264842759286495,0.08111601578378659,0.08111601578378659,0.230511398851107,0.07203246941624393,0.17106505687937787,0.3481760926198283,0.12100258152693895,0.230511398851107
318,24,0.0025715924683704697,0.0008007016012853692,0.007032314285181619,0.1277245255685994,0.01565989724789311,0.31916141823484256,20,False,19,0,34,0,0,0,0,6720,6721,6913,7565,7495,7428,7591,7356,6479,7567,7406,7212,7116,7645,7554,7456,6491,7531,7463,7417,7603,7629,7413,7557,0.0011358859847483537,0.002486844385167444,0.0015987182237288005,0.0016717539436905617,0.0016717539436905617,0.0015281538939097604,0.0014260117605948016,0.0012176677988685212,0.0014260117605948016,0.0012176677988685212,0.0009665296969766107,0.0009665296969766107,0.0008007016012853692,0.002411340810657059,0.003200891005589745,0.003433668367505895,0.0032824285911326025,0.0032824285911326025,0.007032314285181619,0.002486844385167444,0.0024879247051226763,0.0036054017137738576,0.005348432011345438,0.007032314285181619,0.026440169467125765,0.06602976363155694,0.01565989724789311,0.1841874910802093,0.1841874910802093,0.11999960527774017,0.14058173722039846,0.09666430324884741,0.14058173722039846,0.09666430324884741,0.07447672609499556,0.07447672609499556,0.039568068771279497,0.1661119061819677,0.17274938119780553,0.24277252934595372,0.07435634780180438,0.07435634780180438,0.21130211561351475,0.06602976363155694,0.15680963547276305,0.31916141823484256,0.1109190330663607,0.21130211561351475
319,24,0.0025389270008973745,0.0007658723510712484,0.007057878106058603,0.11708081510454944,0.014354905810568684,0.292564633381939,21,False,19,0,34,0,0,0,0,6720,6721,6913,7565,7495,7428,7591,7356,6479,7567,7406,7212,7116,7645,7554,7456,6491,7531,7463,7417,7603,7629,7413,7557,0.0010824890764265403,0.0023963661450033674,0.0015189705925459927,0.0016651368917378472,0.0016651368917378472,0.001494984511486264,0.0014031250350286257,0.0011834770861681373,0.0014031250350286257,0.0011834770861681373,0.0009335708415656672,0.0009335708415656672,0.0007658723510712484,0.0023896671887376456,0.00317802354485269,0.0034766612285730162,0.003170390223531901,0.003170390223531901,0.007057878106058603,0.0023963661450033674,0.0024591470765934044,0.0037294933392728546,0.005219050453789033,0.007057878106058603,0.02423682201153195,0.06052728332892719,0.014354905810568684,0.16883853349019184,0.16883853349019184,0.10999963817126182,0.12886659245203191,0.08860894464477678,0.12886659245203191,0.08860894464477678,0.06827033225374593,0.06827033225374593,0.036270729707006205,0.1522692473334704,0.15835359943132174,0.22254148523379091,0.06815998548498735,0.06815998548498735,0.1936936059790552,0.06052728332892719,0.1437421658500328,0.292564633381939,0.10167578031083063,0.1936936059790552
320,24,0.002515750913064125,0.0007318818687927106,0.007057878106058603,0.11734480359759658,0.01315866365968796,0.2284907994787116,0,False,22,0,34,0,0,0,0,6720,6721,6913,7565,7495,7428,7591,7356,6479,7567,7406,7212,7116,7645,7554,7694,7456,6491,7697,7531,7702,7463,7417,7557,0.0010309658574597172,0.0023056235762168487,0.0014426735309395016,0.0016514310322952085,0.0016514310322952085,0.0014584443804885857,0.0013760828374525186,0.001147654095766877,0.0013760828374525186,0.001147654095766877,0.0009001697053339741,0.0009001697053339741,0.0007318818687927106,0.0023590241490874125,0.0032236702976138946,0.0032236702976138946,0.0035003014108650615,0.003056866069039791,0.003135702380076351,0.003135702380076351,0.0052106339105888145,0.007048684780707456,0.0023056235762168487,0.007057878106058603,0.022217086843904287,0.055483343051516594,0.01315866365968796,0.1547686556993425,0.1547686556993425,0.10083300165699,0.11812770974769592,0.08122486592437872,0.11812770974769592,0.08122486592437872,0.0625811378992671,0.0625811378992671,0.03324816889808902,0.1395801433890145,0.2284907994787116,0.2284907994787116,0.20399636146430833,0.062479986694571735,0.1458133200279051,0.1458133200279051,0.17653613195159473,0.17755247214746725,0.055483343051516594,0.1936936059790552
321,24,0.002446627333840327,0.0006988080722469609,0.007048684780707456,0.11289394679324787,0.020365662940245596,0.2094498995221523,1,False,22,0,34,0,0,0,0,7706,6721,6913,7565,7495,7428,7591,7356,6479,7567,7406,7212,7116,7645,7554,7694,7456,6491,7697,7531,7702,7463,6720,7557,0.0014050755344803348,0.002215185372669661,0.0014050755344803348,0.0016313961840276638,0.0016313961840276638,0.0014191489999597247,0.0013455085965292054,0.001110616059487094,0.0013455085965292054,0.001110616059487094,0.0008665815895656306,0.0008665815895656306,0.0006988080722469609,0.0023205119885615438,0.0032510030492413954,0.0032510030492413954,0.0035058443717106333,0.0029427215681741945,0.003089900435772448,0.003089900435772448,0.005178898700523286,0.007007749584441098,0.0009813396749657442,0.007048684780707456,0.09539544168804731,0.050859731130556876,0.09539544168804731,0.1418712677243973,0.1418712677243973,0.09243025151890749,0.10828373393538791,0.07445612709734716,0.10828373393538791,0.07445612709734716,0.057366043074328174,0.057366043074328174,0.030477488156581602,0.1279484647732633,0.2094498995221523,0.2094498995221523,0.18699666467561596,0.05727332113669076,0.13366221002557965,0.13366221002557965,0.16182478762229516,0.16275643280184499,0.020365662940245596,0.17755247214746725
322,24,0.0022280076357703623,0.000666711282840372,0.00693823858321284,0.11540176864047652,0.027937697476866467,0.19199574122863958,2,False,24,0,34,0,0,0,0,7728,7706,6721,6913,7565,7729,7495,7428,7591,7356,6479,7567,7406,7212,7116,7645,7554,7694,7456,6491,7697,7531,7702,7463,0.0014003441481617346,0.0014003441481617346,0.0021803576675928113,0.001365137373588946,0.0016057930367373967,0.0021803576675928113,0.0016057930367373967,0.0013776661466327628,0.0013119912174448865,0.0010727376410674923,0.0013119912174448865,0.0010727376410674923,0.0008330290477546851,0.0008330290477546851,0.000666711282840372,0.0022752039749825838,0.003261128786847018,0.003261128786847018,0.0034947163774321347,0.0028287110090457214,0.0030344224453798412,0.0030344224453798412,0.005126190528781602,0.00693823858321284,0.17077915488071005,0.17077915488071005,0.1299547535363438,0.08744582154737669,0.1300486620806975,0.1299547535363438,0.1300486620806975,0.08472773055899853,0.09926008944077225,0.0682514498392349,0.09926008944077225,0.0682514498392349,0.052585539484800825,0.052585539484800825,0.027937697476866467,0.11728609270882469,0.19199574122863958,0.19199574122863958,0.1714136092859813,0.05250054437529986,0.12252369252344801,0.12252369252344801,0.14833938865377055,0.14919339673502457
323,24,0.0021880365082499287,0.0006356363858327915,0.006843370309481375,0.10925717680932569,0.025609556020460927,0.17599609612625294,3,False,25,0,34,0,0,0,0,7728,7706,6721,6913,7565,7729,7495,7428,7591,7356,7762,7567,7406,7212,7116,7645,7554,7694,7456,6491,7697,7531,7702,7463,0.0013895729187370775,0.0013895729187370775,0.0021389878274741623,0.0013233844531615531,0.0015753663522128025,0.0021389878274741623,0.0015753663522128025,0.0013345136569235397,0.0012760794612820827,0.0010343519486134243,0.0013089894400135356,0.0010343519486134243,0.0007997040944798851,0.0007997040944798851,0.0006356363858327915,0.002224128420925314,0.0032553324917687938,0.0032553324917687938,0.003468451872382883,0.0027154850474072935,0.0029706581615424436,0.0029706581615424436,0.0050548895609307375,0.006843370309481375,0.15654755864065087,0.15654755864065087,0.11912519074164848,0.08015866975176196,0.11921127357397271,0.11912519074164848,0.11921127357397271,0.07766708634574865,0.0909884153207079,0.06256382901929865,0.17432174865404124,0.06256382901929865,0.048203411194400754,0.048203411194400754,0.025609556020460927,0.10751225164975596,0.17599609612625294,0.17599609612625294,0.15712914184548285,0.04812549901069153,0.11231338481316067,0.11231338481316067,0.135977772932623,0.1367606136737725
324,24,0.002142342861179134,0.0006056148184375992,0.006726335040892797,0.10015241207521523,0.02347542635208918,0.16132975478239853,4,False,25,0,34,0,0,0,0,7728,7706,6721,6913,7565,7729,7495,7428,7591,7356,7762,7567,7406,7212,7116,7645,7554,7694,7456,6491,7697,7531,7702,7463,0.0013733990194303596,0.0013733990194303596,0.0020920475330568115,0.001280292706768767,0.0015408319362972287,0.0020920475330568115,0.0015408319362972287,0.0012901588412771521,0.0012382784674681456,0.0009957522508395778,0.0013002103962596067,0.0009957522508395778,0.0007667705777053038,0.0007667705777053038,0.0006056148184375992,0.002168255544450304,0.003235016620807529,0.003235016620807529,0.0034286393834678675,0.0026035987752853536,0.002899928620465145,0.002899928620465145,0.004967351576787712,0.006726335040892797,0.14350192875392995,0.14350192875392995,0.10919809151317778,0.0734787806057818,0.10927700077614165,0.10919809151317778,0.10927700077614165,0.07119482915026959,0.08340604737731556,0.057350176601023754,0.15979493626620447,0.057350176601023754,0.04418646026153402,0.04418646026153402,0.02347542635208918,0.09855289734560962,0.16132975478239853,0.16132975478239853,0.14403504669169262,0.04411504075980057,0.1029539360787306,0.1029539360787306,0.12464629185490442,0.1253638958676248
325,24,0.0021247523731619143,0.0005915385598762956,0.006590230782009216,0.1108625394462278,0.04043878736315052,0.18350391737812985,5,False,25,0,34,0,0,0,0,7728,7706,6721,6913,7565,7729,7804,7495,7428,7591,7356,7762,7567,7814,7116,7645,7554,7694,7456,6491,7820,7531,7702,7463,0.001352462459455083,0.001352462459455083,0.0020404559510385227,0.001236288857928731,0.0015416258014856045,0.0020404559510385227,0.0015416258014856045,0.001502866991988848,0.0012450191760983388,0.0011990480409957902,0.0009571941903551417,0.0012862460240905943,0.0009571941903551417,0.0005915385598762956,0.0005915385598762956,0.0021084884759247496,0.0032016483273119446,0.0032016483273119446,0.003376876248615518,0.0024935200151613335,0.0028962887189902756,0.00282347163030457,0.004865861414732792,0.006590230782009216,0.13154343469110244,0.13154343469110244,0.10009825055374628,0.06735554888863331,0.18350391737812985,0.10009825055374628,0.18350391737812985,0.1001705840447965,0.06526192672108046,0.07645554342920594,0.0525709952176051,0.1464786915773541,0.0525709952176051,0.10485247415608176,0.10485247415608176,0.09034015590014215,0.14788560855053198,0.14788560855053198,0.13203212613405158,0.04043878736315052,0.1777077747388364,0.09437444140550305,0.11425910086699571,0.11491690454532273
326,24,0.0021673787003029786,0.0005762489182291693,0.006438014506295756,0.11810940716402357,0.03706888841622131,0.218895141171321,6,False,27,0,34,0,0,0,0,7728,7706,6721,6913,7565,7729,7495,7428,7832,7591,7762,7567,7814,7116,7839,7840,7554,7694,7456,6491,7820,7531,7702,7463,0.0013273915303109497,0.0013273915303109497,0.0019850706615218584,0.0011917517342504118,0.0015352298468854068,0.0019850706615218584,0.0014621034160943944,0.0012303980340410614,0.0012303980340410614,0.0011588023543410194,0.0012676945781102743,0.0009188983229017207,0.0005762489182291693,0.0005762489182291693,0.002098415097990325,0.003238126268689738,0.003238126268689738,0.003156714865835918,0.003314731948971462,0.0023856375904729005,0.0028795937959660905,0.0027424323039236145,0.004752597619646644,0.006438014506295756,0.12058148180017723,0.12058148180017723,0.09175672967426743,0.0617425864812472,0.16821192426328568,0.09175672967426743,0.09182303537439679,0.14315676616099043,0.14315676616099043,0.07008424814343878,0.13427213394590792,0.04819007894947134,0.09611476797640828,0.09611476797640828,0.16614514290846366,0.218895141171321,0.218895141171321,0.13556180783798766,0.12102944895621394,0.03706888841622131,0.16289879351060002,0.08650990462171113,0.1047375091280794,0.1053404958332125
327,24,0.002164754897869641,0.0005599823111750577,0.006272466905581661,0.12280262139576155,0.033979814381536196,0.20065387940704424,7,False,25,0,34,0,0,0,0,7728,7706,6721,6913,7849,7565,7729,7495,7857,7762,7567,7814,7116,7839,7840,7554,7694,7456,6491,7820,7531,7702,7463,7850,0.0012987914592524888,0.0013322871784435556,0.001976370929286536,0.0011470143579297557,0.0013322871784435556,0.0015223260567433091,0.0019266819682758121,0.0014191235905941634,0.0011467415717530344,0.001245146299382977,0.0008810528440075258,0.0005599823111750577,0.0005599823111750577,0.002079573475467316,0.0032568165583261727,0.0032568165583261727,0.0031016871025416675,0.003243719473148439,0.002280269385791995,0.0028511443242707616,0.0026578577912652382,0.004629606988402594,0.006272466905581661,0.001976370929286536,0.11053302498349579,0.19386635831682913,0.1674436688680785,0.05659737094114326,0.19386635831682913,0.15419426390801186,0.08411033553474515,0.08417111575986372,0.14757722746481888,0.12308278945041559,0.044174239037015395,0.08810520397837425,0.08810520397837425,0.15229971433275835,0.20065387940704424,0.20065387940704424,0.12426499051815534,0.11094366154319611,0.033979814381536196,0.14932389405138335,0.0793007459032352,0.09600938336740611,0.0965621211804448,0.1674436688680785
328,24,0.0021167240443114104,0.000542955440835633,0.006096168764361913,0.1408788009957067,0.031148163183074843,0.2672660561231239,8,False,24,0,34,0,0,0,0,7728,7706,6721,6913,7849,7565,7729,7495,7857,7762,7567,7882,7116,7839,7840,7554,7887,6491,7820,7531,7702,7463,7872,7891,0.0012999178553662837,0.0013306161740047724,0.0019593376348615377,0.001102366579495991,0.0013306161740047724,0.0015036155600972368,0.0018660100017109664,0.0013744582339870995,0.0011305499971782974,0.0012191721399553513,0.0008655783450688431,0.0008655783450688431,0.000542955440835633,0.002052924329991394,0.00325892149916838,0.0033429688022394216,0.0033429688022394216,0.0021776700621090168,0.002884790715411385,0.0025706954172176493,0.0044987876183219715,0.006096168764361913,0.0012999178553662837,0.002884790715411385,0.18465527290153783,0.17771082845709338,0.15349002979573861,0.05188092336271465,0.17771082845709338,0.14134474191567753,0.07710114090684972,0.07715685611320841,0.13527912517608398,0.11282589032954762,0.12382638578393079,0.12382638578393079,0.08076310364684305,0.13960807147169516,0.18393272278979053,0.2672660561231239,0.2672660561231239,0.031148163183074843,0.22021356954710142,0.07269235041129893,0.08800860142012226,0.08851527774874106,0.18465527290153783,0.22021356954710142
329,24,0.0020949576694255074,0.0005389138957397842,0.005911487078632717,0.14302778980162004,0.028552482917818606,0.285195772084843,9,False,24,0,34,0,0,0,0,7728,7706,6721,6913,7849,7565,7729,7495,7857,7762,7567,7882,7908,7839,7840,7554,7887,6491,7820,7531,7702,7463,7918,7914,0.0012949422413187628,0.0013229473055094995,0.0019348742543870302,0.0010580580625433257,0.0013229473055094995,0.0014797995521586844,0.0018037040665966346,0.0013285859087973629,0.001110754331916092,0.0011903152585408614,0.0008476986341745421,0.0008476986341745421,0.0005389138957397842,0.0020194251874039327,0.0032457905771331695,0.0034081273020105892,0.0034081273020105892,0.002078038335190344,0.002977368783837943,0.002481793504233619,0.004361879071041847,0.005911487078632717,0.0013283386895128616,0.002977368783837943,0.16926733349307632,0.1629015927523356,0.14069919397942707,0.04755751308248843,0.1629015927523356,0.1295660134227044,0.0706760458312789,0.07072711810377437,0.12400586474474365,0.10342373280208532,0.11350752030193656,0.11350752030193656,0.15736617834293948,0.12797406551572055,0.16860499589064132,0.2449938847795302,0.2449938847795302,0.028552482917818606,0.285195772084843,0.06663465454369068,0.08067455130177874,0.08113900460301264,0.2526006668264097,0.285195772084843
330,24,0.001996787619618995,0.0005327633638435738,0.00572056913244328,0.13761411923418693,0.02617310934133372,0.2614294577444394,10,False,25,0,34,0,0,0,0,7728,7706,6721,6913,7849,7565,7729,7925,7495,7928,7857,7762,7567,7882,7908,7933,7840,7554,7887,6491,7820,7531,7702,7463,0.001284437736674758,0.001309878033511166,0.001903883192516523,0.0010143014642871344,0.001309878033511166,0.0014889996652577614,0.0017403437420764351,0.0014889996652577614,0.001281933822254832,0.0011159208007586597,0.0011159208007586597,0.0011590849540165603,0.0008277922759747688,0.0008277922759747688,0.0005327633638435738,0.002031074382331773,0.003218863685804003,0.0034529480691337317,0.0034529480691337317,0.0019815237590941207,0.003050683365180232,0.002391904244171256,0.0042204583368892256,0.00572056913244328,0.15516172236865328,0.14932646002297428,0.12897426114780813,0.043594386992281055,0.14932646002297428,0.2021021789708124,0.06478637534533899,0.2021021789708124,0.0648331915951265,0.19700537601601503,0.19700537601601503,0.09480508840191154,0.10404856027677517,0.10404856027677517,0.1442523301476945,0.2006428933894105,0.1545545795664212,0.22457772771456935,0.22457772771456935,0.02617310934133372,0.2614294577444394,0.06108176666504978,0.07395167202663051,0.07437742088609492
331,24,0.00198102714714245,0.0005247520203907948,0.005525342896603764,0.14811986828326332,0.0559916194429623,0.2639215946813471,11,False,22,0,34,0,0,0,0,7728,7947,6913,7849,7565,7729,7925,7495,7928,7857,7954,7957,7908,7933,7840,7554,7887,6491,7820,7531,7702,7463,7706,7963,0.0012689948838894797,0.0009963248054446429,0.0009963248054446429,0.0012920158957071043,0.0014905665709081944,0.0016764413033900551,0.0014905665709081944,0.0012348796026864178,0.0011155015064343548,0.0011442701936247076,0.0011442701936247076,0.0008270067747055317,0.0005247520203907948,0.0020323808494576655,0.0031796223821831835,0.0034784103080493854,0.0034784103080493854,0.0019369303488038121,0.003105064595039822,0.0023016880727789353,0.0040759403987831,0.005525342896603764,0.0012920158957071043,0.0019369303488038121,0.14223157883793217,0.12329485474292431,0.12329485474292431,0.1368825883543931,0.1852603307232447,0.0593875107332274,0.1852603307232447,0.059430425628865954,0.18058826134801378,0.2639215946813471,0.2639215946813471,0.17871118025371058,0.13223130263538663,0.18392265227362628,0.14167503126921943,0.20586291707168858,0.20586291707168858,0.10732535022955592,0.2396436695990694,0.0559916194429623,0.06778903269107797,0.06817930247892035,0.1368825883543931,0.10732535022955592
332,24,0.0019122597622999926,0.0005151238008175328,0.005327522297008667,0.15512756543758702,0.05132565115604877,0.32526146179123483,12,False,24,0,34,0,0,0,0,7728,7947,6913,7969,7849,7565,7729,7925,7495,7928,7857,7954,7977,7957,7908,7933,7840,7554,7887,6491,7820,7531,7702,7463,0.001249205330096758,0.0010007597066810981,0.0009755990906704529,0.0010007597066810981,0.0012699632359250842,0.0014851128867724391,0.00161244509775755,0.0014851128867724391,0.0011877537805872113,0.0011099666436460136,0.0011955387724818924,0.0011654811155044614,0.0011955387724818924,0.0008224708235659822,0.0005151238008175328,0.0020241862238517877,0.0031295493396964265,0.003485740500991285,0.003485740500991285,0.001888173397751439,0.0031411889661360254,0.0022117190873210944,0.003929582331009904,0.005327522297008667,0.13037894726810448,0.19635361684768063,0.11302028351434729,0.19635361684768063,0.125475705991527,0.16982196982964096,0.05443855150545845,0.16982196982964096,0.05447789015979379,0.16553923956901262,0.32526146179123483,0.24192812845790151,0.32526146179123483,0.16381858189923468,0.12121202741577107,0.16859576458415743,0.12986877866345115,0.1887076739823812,0.1887076739823812,0.09838157104375958,0.21967336379914695,0.05132565115604877,0.06213994663348814,0.062497693939010314
333,24,0.0020446928980652652,0.0005041139315403373,0.005260882660142454,0.156686323526477,0.047048513559711375,0.3814896733086319,13,False,26,0,34,0,0,0,0,7728,7947,6913,7994,7849,7565,7925,7495,7928,7954,8002,7977,7957,7908,7933,7840,7554,7887,6491,7820,7531,7702,7463,8015,0.0012256486757023374,0.0010002010765154672,0.0009771256833635718,0.0009771256833635718,0.0012443050884564978,0.001473294585508774,0.001473294585508774,0.001140842748085612,0.0010998136136758094,0.0011797950035900067,0.0012707505026809572,0.001238801908797892,0.0008145548965952995,0.0005041139315403373,0.002007388501392916,0.003070095721071885,0.003476341925494859,0.003476341925494859,0.0018360385694013803,0.003160008464769894,0.0021224911293555287,0.003782490012915228,0.005260882660142454,0.005260882660142454,0.11951403499576244,0.17999081544370724,0.18693525988815168,0.18693525988815168,0.11501939715889974,0.1556701390105042,0.1556701390105042,0.04993806597981097,0.15174430293826155,0.22176745108640972,0.3814896733086319,0.29815633997529856,0.1501670334076318,0.11111102513112348,0.15454611753547765,0.11904638044149687,0.1729820344838494,0.1729820344838494,0.09018310679011295,0.20136725014921802,0.047048513559711375,0.05696161774736413,0.14062288611075946,0.14062288611075946
334,24,0.0019658964896412667,0.0004919455879148805,0.005176507970529827,0.1610018283684156,0.04312780409640209,0.34969886719957927,14,False,24,0,34,0,0,0,0,7728,7947,8019,7849,7565,8022,7495,7928,7954,8002,7977,7957,7908,7933,7840,7554,7887,6491,7820,7531,7702,7463,8037,8017,0.0011988822631924766,0.0010207345935615312,0.0009991269772223555,0.0012155999461934423,0.0014557883932649234,0.001493333049780051,0.0010943920119247902,0.0010855509248911177,0.0011875597392358096,0.0013376368990923378,0.0012739222622753,0.0008036364120360837,0.0004919455879148805,0.001982911643284054,0.0030026558921184715,0.003451731540866587,0.003451731540866587,0.0017812482167476873,0.0031626827088109236,0.002034424228456895,0.00372938917778137,0.005176507970529827,0.00372938917778137,0.0010207345935615312,0.1095545320794489,0.24832491415673164,0.2546906548974724,0.10543444739565809,0.1426976274262955,0.22603096075962884,0.04577656048149339,0.13909894436007308,0.20328683016254223,0.34969886719957927,0.2733099783106903,0.1376531139569958,0.10185177303686319,0.14166727440752117,0.1091258487380388,0.15856686494352862,0.15856686494352862,0.08266784789093687,0.1845866459701165,0.04312780409640209,0.13554814960175046,0.12890431226819615,0.13554814960175046,0.24832491415673164
335,24,0.002086225095551588,0.0004911764595349009,0.005207725740902089,0.1542829262284164,0.03953382042170192,0.33386748011813283,15,False,23,0,34,0,0,0,0,7728,7947,8019,7849,7565,8022,7495,7928,8050,7957,7908,8052,7933,7840,7554,7887,6491,7820,7531,7702,7463,8061,8040,8037,0.0011995931956755395,0.0010351237360452358,0.0010150196848025311,0.0011843730821105845,0.0014332729393170074,0.001504957427054248,0.0010486095922251628,0.0010676848912925046,0.0013345044767445336,0.0007900901122302916,0.0004911764595349009,0.0004911764595349009,0.0019516802926437336,0.00292854871361591,0.0034134852943615585,0.0034134852943615585,0.0017244591415601623,0.0031505165470808887,0.0019478711676860028,0.0036643645539405703,0.005207725740902089,0.005207725740902089,0.0011995931956755395,0.0036643645539405703,0.18375832107282816,0.22763117131033733,0.23346643365601635,0.09664824344601991,0.1308061584741042,0.2071950473629931,0.041961847108035605,0.12750736566340032,0.33386748011813283,0.12618202112724616,0.1766974586171246,0.1766974586171246,0.1298616682068944,0.10003202800986889,0.1453529595315679,0.1453529595315679,0.07577886056669213,0.1692044254726068,0.03953382042170192,0.12425247046827124,0.20149561957917983,0.20149561957917983,0.18375832107282816,0.12425247046827124
336,24,0.0023479720865604214,0.0004882070238127628,0.005346745618929342,0.16115360930931472,0.0384650265156993,0.3060451901082884,16,False,21,0,34,0,0,0,0,7728,7947,8069,7495,7928,8050,7957,7908,8052,7933,7840,7554,7887,6491,7820,7531,7702,7463,8061,8085,8040,8077,8082,8037,0.0011947014060177863,0.0010436489944102999,0.0015476007299730246,0.0010036694517685284,0.0010467090085526179,0.001386133611635708,0.0007742804132128424,0.0004882070238127628,0.0004882070238127628,0.0019145994300452359,0.0029224801383003953,0.0033631921967289397,0.0033631921967289397,0.0016662623463716954,0.003124904657888482,0.0019111737937735985,0.0035891003745852634,0.0052123203292955035,0.005346745618929342,0.005346745618929342,0.0011947014060177863,0.0029224801383003953,0.0019111737937735985,0.0035891003745852634,0.16844512765009248,0.20866190703447587,0.2732621267494103,0.0384650265156993,0.11688175185811696,0.3060451901082884,0.11566685269997565,0.16197267039903088,0.16197267039903088,0.11903986252298653,0.17502935900904648,0.13324021290393723,0.13324021290393723,0.06946395551946778,0.1551040566832229,0.11957266871989344,0.11389809792924864,0.1847043179475815,0.26803765128091483,0.26803765128091483,0.16844512765009248,0.17502935900904648,0.11957266871989344,0.11389809792924864
337,24,0.0023573103654489446,0.00048325831997189265,0.005452138327520416,0.17373329466308843,0.035259607639391025,0.28054142426593104,17,False,21,0,34,0,0,0,0,7728,7947,8069,7495,7928,8050,7957,8094,8052,7933,7840,7554,7887,6491,7820,7531,7702,7463,8061,8085,8088,8098,8103,8037,0.001215291450085422,0.0010466685594465192,0.0015804173496517518,0.000959714868323749,0.0010230957929307674,0.0014285839832932296,0.0007760670608015378,0.0007760670608015378,0.00048325831997189265,0.0018725386068399793,0.002978335098343242,0.003302416993383893,0.003302416993383893,0.0016071843322515002,0.003087283922994147,0.0019176805927976497,0.0035052016013316354,0.0051924407865435365,0.005452138327520416,0.005452138327520416,0.001215291450085422,0.002978335098343242,0.0019176805927976497,0.0035052016013316354,0.23774136701258478,0.19127341478160287,0.2504902828536261,0.035259607639391025,0.10714160586994054,0.28054142426593104,0.18936128164164434,0.18936128164164434,0.1484749478657783,0.10911987397940431,0.24377691242495927,0.12213686182860913,0.12213686182860913,0.06367529255951213,0.14217871862628767,0.19294161299323564,0.10440658976847791,0.1693122914519497,0.2457011803408386,0.2457011803408386,0.23774136701258478,0.24377691242495927,0.19294161299323564,0.10440658976847791
338,24,0.002352177999622813,0.0004765547001344028,0.005524934601201857,0.1661999645522755,0.03232130700277511,0.2571629722437701,18,False,21,0,34,0,0,0,0,7728,7947,8069,7495,7928,8050,7957,8094,8052,7933,7840,7554,7887,6491,7820,7531,7702,7463,8061,8085,8088,8098,8103,8128,0.0012287752786684031,0.0010445968596273045,0.0016036685921050843,0.0009168616858311247,0.0009972908129102548,0.0014618543776879413,0.0007741162621179573,0.0007741162621179573,0.0004765547001344028,0.0018263202805104438,0.0030164752211253886,0.0032326708928308904,0.0032326708928308904,0.0015476895534956973,0.0030390937590668173,0.00191477934653434,0.003502226667280477,0.005150384830059809,0.005524934601201857,0.005524934601201857,0.0012287752786684031,0.0030164752211253886,0.00191477934653434,0.003502226667280477,0.2179295864282027,0.17533396354980263,0.22961609261582394,0.03232130700277511,0.09821313871411215,0.2571629722437701,0.17358117483817398,0.17358117483817398,0.1361020355436301,0.10002655114778729,0.22346216972287933,0.11195879000955836,0.11195879000955836,0.05836901817955278,0.13033049207409703,0.17686314524379934,0.17903937395443809,0.15520293383095388,0.22522608197910204,0.22522608197910204,0.2179295864282027,0.22346216972287933,0.17686314524379934,0.17903937395443809
339,24,0.0025393553949755922,0.0004683182698718612,0.005710250968053157,0.18701572920870624,0.029627864752543847,0.2897905751475102,19,False,22,0,34,0,0,0,0,7728,7947,8069,7495,7928,8050,7957,8094,8052,7933,7840,7554,8146,6491,7820,7531,7702,7463,8153,8061,8085,8156,8151,8154,0.0012355335143816395,0.0010378852397128695,0.00161777554587673,0.0008752013994418469,0.0009697086179429317,0.0014861362624396636,0.0007687649895208023,0.0007687649895208023,0.0004683182698718612,0.0017767117196427003,0.0031161133692544887,0.003155389583112163,0.0031161133692544887,0.0014881836988083275,0.002981744152175008,0.0019523774919135842,0.0034833379104092996,0.005219752754265133,0.005219752754265133,0.005710250968053157,0.0055666866029289086,0.0012673978166559232,0.0019523774919135842,0.005710250968053157,0.1997687875591858,0.16072279992065241,0.21048141823117195,0.029627864752543847,0.09002871048793613,0.23573272455678926,0.1591160769349928,0.1591160769349928,0.12476019924832758,0.09169100521880501,0.2881736555793061,0.10262889084209516,0.2881736555793061,0.05350493333125671,0.11946961773458893,0.2454578831401494,0.16411942612490157,0.22560268934504105,0.22560268934504105,0.2897905751475102,0.20645724181417688,0.2831021208925192,0.2454578831401494,0.2897905751475102
340,24,0.0025498456084342143,0.0004587644881700101,0.005858394635215483,0.1714310851079807,0.02715887602316519,0.26564136055188436,20,False,22,0,34,0,0,0,0,7728,7947,8069,7495,7928,8050,7957,8094,8052,7933,7840,7554,8146,6491,7820,7531,7702,7463,8153,8061,8085,8156,8151,8154,0.0012360256043549471,0.0010270051337852135,0.0016232832834350743,0.0008348040449129763,0.0009407302655261388,0.001501780004119554,0.0007603637950518889,0.0007603637950518889,0.0004587644881700101,0.0017244199329009937,0.00319550859889536,0.0030719176432922007,0.00319550859889536,0.001429017524336464,0.002916590843008881,0.0019783105756211584,0.0034501029933324883,0.005259753288320169,0.005259753288320169,0.005858394635215483,0.0055793461978055105,0.0012978448572325742,0.0019783105756211584,0.005858394635215483,0.1831213885959203,0.14732923326059805,0.19294130004524093,0.02715887602316519,0.08252631794727479,0.21608833084372348,0.14585640385707674,0.14585640385707674,0.11436351597763361,0.08405008811723792,0.2641591842810306,0.09407648327192056,0.2641591842810306,0.049046188886985316,0.10951381625670652,0.22500305954513694,0.15044280728115977,0.20680246523295429,0.20680246523295429,0.26564136055188436,0.18925247166299547,0.25951027748480926,0.22500305954513694,0.26564136055188436
341,24,0.002648715178117282,0.00044809882465880925,0.006123826815795,0.18450952340927332,0.02489563635456809,0.32683791383922733,21,False,21,0,34,0,0,0,0,7728,7947,8069,7495,7928,8050,7957,8094,8052,7933,7840,7554,8146,8196,6491,8199,7702,8200,8153,8061,8085,8205,7463,8207,0.0012307656596675228,0.0010124338667793227,0.0016208272868379046,0.0007957208751587433,0.0009107021602661165,0.0015092611995076127,0.0007492665084077437,0.0007492665084077437,0.00044809882465880925,0.0016700890939602728,0.0032549591845409363,0.0029834984147713403,0.003338904299861079,0.003338904299861079,0.0013704910151889724,0.0020445389945568542,0.003491911894794247,0.003491911894794247,0.005272224635080588,0.0059698645269465654,0.005565151792097098,0.0013543198877943741,0.005272224635080588,0.006123826815795,0.1678612728795936,0.13505179715554821,0.17686285837480417,0.02489563635456809,0.07564912478500188,0.19808096994007984,0.13370170353565367,0.13370170353565367,0.10483322297949747,0.0770459141074681,0.24214591892427803,0.08623677633259384,0.3254792522576114,0.3254792522576114,0.04495900647973654,0.28958613791637555,0.2212392400077298,0.2212392400077298,0.18956892646354143,0.243504580505894,0.17348143235774585,0.32121775436107514,0.18956892646354143,0.32683791383922733
342,24,0.002476212784012403,0.0004365143511440325,0.006201774566572729,0.17355014347980133,0.04121242260642516,0.3065458654637362,22,False,22,0,34,0,0,0,0,7728,7947,8069,8211,7495,7928,8050,7957,8094,8052,7933,7840,7554,8146,8196,6491,8199,7702,8200,8153,8061,8085,8205,8227,0.001220301069787963,0.0009946430534357475,0.0016111031178827793,0.0007775352306336628,0.0007775352306336628,0.000879935941082258,0.0015091486986291663,0.0007358218519279909,0.0007358218519279909,0.0004365143511440325,0.0016142999721961934,0.003295136056580012,0.00289126841381907,0.0034599407729468826,0.0034599407729468826,0.0013128576977929141,0.00209746130311808,0.0035143736777880474,0.0035143736777880474,0.005259277720923081,0.006201774566572729,0.005526526888669621,0.0014017403314981268,0.006201774566572729,0.1538728334729608,0.12379748072591919,0.1621242868435705,0.10615433332502075,0.10615433332502075,0.0693450310529184,0.18157422244507318,0.12255989490768252,0.12255989490768252,0.09609712106453934,0.07062542126517908,0.22196709234725484,0.07905037830487768,0.29835598123614376,0.29835598123614376,0.04121242260642516,0.26545395975667757,0.2028026366737523,0.2028026366737523,0.17377151592491297,0.3065458654637362,0.1590246463279337,0.29444960816431887,0.3065458654637362
343,24,0.00227360724485195,0.0004241901360210549,0.006392600452408134,0.15589781252512894,0.0635662784651752,0.2810003766750915,23,False,23,0,34,0,0,0,0,7728,7947,8069,8211,7495,7928,8050,7957,8094,8052,7933,7840,7554,8146,8196,8247,6491,8199,7702,8200,8153,8061,8085,8205,0.0012051941714771052,0.0009740894471748322,0.001594839919152937,0.0007577143310323513,0.0007577143310323513,0.0008487091809448735,0.001502075405174141,0.0007203668553563276,0.0007203668553563276,0.0004241901360210549,0.0015575709287133854,0.003317008232065674,0.0027962554229947058,0.0035582299495081075,0.0035582299495081075,0.0012887295803801812,0.0012887295803801812,0.0021372583063564332,0.003518762215938163,0.003518762215938163,0.0052232001038134135,0.006392600452408134,0.005465992082932855,0.001439984222786993,0.14105009735021407,0.11348102399875926,0.14861392960660627,0.09730813888126902,0.09730813888126902,0.0635662784651752,0.16644303724131707,0.1123465703320423,0.1123465703320423,0.08808902764249439,0.06473996949308082,0.20346983465165025,0.07246284677947121,0.27349298279979845,0.27349298279979845,0.12111138738922307,0.12111138738922307,0.2433327964436211,0.18590241695093962,0.18590241695093962,0.15929055626450356,0.2810003766750915,0.14577259246727256,0.26991214081729226
344,24,0.0022586267123873853,0.0004112903107362089,0.006711044980072582,0.16643941489662775,0.05826908859307726,0.34091701195216717,24,False,23,0,34,0,0,0,0,7728,7947,8069,8211,7495,7928,8050,8264,7957,8094,8052,7933,7840,8269,8196,8247,6491,8199,7702,8200,8277,8061,8085,8205,0.0011860070252179237,0.000951208016364498,0.0015727779839504598,0.000736571399815377,0.000736571399815377,0.0008172666942590783,0.0014887125135047492,0.0007213579325457887,0.0007032219006633609,0.0007213579325457887,0.0004112903107362089,0.0015003600926904578,0.003321771017441075,0.0037276349915495747,0.0036339165973895368,0.0012611496916719095,0.0012611496916719095,0.002164358473922614,0.0035065183388756495,0.0035065183388756495,0.006711044980072582,0.006711044980072582,0.005386091091454032,0.001469139702191067,0.12929592257102956,0.10402427199886265,0.1362294354727224,0.08919912730782993,0.08919912730782993,0.05826908859307726,0.15257278413787398,0.18631768947103877,0.10298435613770544,0.18631768947103877,0.0807482753389532,0.05934497203532408,0.18651401509734605,0.3340352342331486,0.25070190089981526,0.11101877177345448,0.11101877177345448,0.22305506340665268,0.17041054887169466,0.17041054887169466,0.34091701195216717,0.34091701195216717,0.13362487642833318,0.24741946241585122
345,24,0.00234162711039519,0.000684687198830545,0.0069844583696326195,0.16668393265412518,0.05341333121032082,0.3125072609561532,25,False,26,0,34,0,0,0,0,7728,7947,8069,8211,7495,7928,8050,8264,7957,8094,7933,7840,8269,8196,8247,6491,8295,8199,8297,7702,8200,8277,8061,8085,0.001163289186922771,0.000926406983819159,0.0015456503689157187,0.0007143940031159283,0.0007143940031159283,0.0007858222778768081,0.001469747493104154,0.0007189315145934607,0.000684687198830545,0.0007189315145934607,0.0014430683894583898,0.003310779692103372,0.003872031176855928,0.003687597673006694,0.0012624151874561973,0.001230676156032829,0.0012624151874561973,0.0022355951501919517,0.0022355951501919517,0.0034791875219720115,0.0034791875219720115,0.0069844583696326195,0.0069844583696326195,0.005289330558633863,0.1185212623567771,0.09535558266562409,0.1248769825166622,0.0817658666988441,0.0817658666988441,0.05341333121032082,0.13985838545971782,0.1707912153484522,0.09440232645956331,0.1707912153484522,0.05439955769904707,0.17097118050590054,0.30619896471371955,0.22981007582483065,0.1851005407923333,0.10176720745899993,0.1851005407923333,0.2878004747894316,0.2878004747894316,0.15620966979905343,0.15620966979905343,0.3125072609561532,0.3125072609561532,0.12248947005930541
346,24,0.0020386662705086517,0.0006650404904751788,0.005311676391488904,0.15283064198042684,0.04896222027612741,0.2806823843209096,26,False,24,0,34,0,0,0,0,7728,7947,8069,8211,7495,7928,8050,8264,7957,8094,7933,7840,8269,8196,8247,6491,8295,8199,8297,7702,8200,8327,8310,8085,0.0011375682507673052,0.0009000645493627809,0.0015141683354941184,0.0006914432593326033,0.0006914432593326033,0.0007545607411626162,0.0014831546177326246,0.0007134040150906355,0.0006650404904751788,0.0007134040150906355,0.0013860431460744006,0.003285490394762008,0.003990784098764607,0.003720238403880826,0.0012577399708348991,0.0011978310033816278,0.0012577399708348991,0.0022923161018480833,0.0022923161018480833,0.0034383661827133397,0.0034383661827133397,0.005311676391488904,0.0014831546177326246,0.005311676391488904,0.10864449049371233,0.08740928411015542,0.11447056730694034,0.07495204447394042,0.07495204447394042,0.04896222027612741,0.21153685333807468,0.15655861406941451,0.08653546592126636,0.15655861406941451,0.04986626122412648,0.15672358213040882,0.2806823843209096,0.21065923617276142,0.1696754957263055,0.0932866068374166,0.1696754957263055,0.26381710189031227,0.26381710189031227,0.14319219731579896,0.14319219731579896,0.1956153475543633,0.21153685333807468,0.1956153475543633
347,24,0.0018045217533178037,0.0006445357654581812,0.005307613739553412,0.1472751129062249,0.04488203525311679,0.25729218562750045,27,False,26,0,34,0,0,0,0,7728,7947,8069,8211,7495,8331,7928,8050,8264,7957,8094,8337,7933,7840,8269,8196,8247,6491,8295,8199,8297,7702,8200,8327,0.001109342871294132,0.0008725270179371046,0.0014790102841887643,0.0006851802985086611,0.0006679538271851817,0.0006851802985086611,0.0007236401075769503,0.0014886440438673751,0.0007051025502395883,0.0006445357654581812,0.0007232870839116247,0.0007232870839116247,0.0013295820504168644,0.0032474091139721405,0.004083886990903061,0.003733089926893624,0.0012476798797153245,0.0011630963964458115,0.0012476798797153245,0.0023347396013035137,0.0023347396013035137,0.0033856568334084238,0.0033856568334084238,0.005307613739553412,0.09959078295256964,0.08012517710097579,0.1049313533646953,0.15203937410111207,0.06870604076777873,0.15203937410111207,0.04488203525311679,0.19390878222656843,0.1435120628969633,0.07932417709449416,0.22684539623029665,0.22684539623029665,0.045710739455449276,0.14366328361954142,0.25729218562750045,0.1931042998250313,0.1555358710824467,0.08551272293429855,0.1555358710824467,0.2418323433994529,0.2418323433994529,0.13125951420614904,0.13125951420614904,0.17931406859149968
348,24,0.0018996668536801523,0.0006234028088654915,0.005279394067227201,0.15370427398642778,0.04114186564869039,0.3050129814494985,28,False,28,0,34,0,0,0,0,7728,7947,8069,8354,8331,7928,8050,8264,7957,8094,8337,7933,7840,8269,8196,8247,6491,8295,8372,8199,8297,7702,8200,8327,0.0010790779399982478,0.0008441080711160588,0.0014779722387924204,0.0014779722387924204,0.0006763505860627731,0.0006931938943433248,0.0014867945977109906,0.0006943556989917788,0.0006234028088654915,0.0007290835803493785,0.0007290835803493785,0.001273937284891389,0.003198049039510049,0.004151871965285216,0.003727612013506837,0.0012328081552439622,0.001126912599781777,0.0012328081552439622,0.0024243009639872857,0.0023633503629170143,0.0024243009639872857,0.0033226318406847075,0.0033226318406847075,0.005279394067227201,0.09129155103985549,0.0734480790092278,0.1795204072509707,0.1795204072509707,0.13936942625935272,0.04114186564869039,0.17774971704102105,0.13155272432221635,0.07271382900328631,0.20794161321110524,0.20794161321110524,0.041901511167495166,0.13169134331791296,0.23585117015854207,0.17701227483961202,0.1425745484922428,0.07838666268977368,0.1425745484922428,0.3050129814494985,0.22167964811616514,0.3050129814494985,0.12032122135563661,0.12032122135563661,0.16437122954220804
349,24,0.0018848692855671994,0.0006018473985355267,0.005229391584177078,0.1408955844875588,0.03771337684463286,0.27959523299537364,29,False,28,0,34,0,0,0,0,7728,7947,8069,8354,8331,7928,8050,8264,7957,8094,8337,7933,7840,8269,8196,8247,6491,8295,8372,8199,8297,7702,8200,8327,0.0010472015846856918,0.0008150889432104307,0.0014701990799069983,0.0014701990799069983,0.0006652695842894581,0.0006633333977303288,0.0014782417125661438,0.0006814860298715994,0.0006018473985355267,0.0007310455181325853,0.0007310455181325853,0.0012193196952257524,0.0031388960539923726,0.00419571563889822,0.00370540323877438,0.0012136995077982288,0.001089677356114044,0.0012136995077982288,0.0024978229731385457,0.002378846079128843,0.0024978229731385457,0.0032508051992301006,0.0032508051992301006,0.005229391584177078,0.0836839217865342,0.06732740575845882,0.16456037331338982,0.16456037331338982,0.12775530740440666,0.03771337684463286,0.16293724062093595,0.12058999729536497,0.06665434325301245,0.19061314544351313,0.19061314544351313,0.0384097185702039,0.12071706470808688,0.21619690597866356,0.162261251936311,0.13069333611788922,0.0718544407989592,0.13069333611788922,0.27959523299537364,0.2032063441064847,0.27959523299537364,0.11029445290933355,0.11029445290933355,0.15067362708035736
350,24,0.0020447618408142624,0.0006341499293291623,0.005160027715506078,0.1678892331222099,0.03457059544091345,0.2696058154309443,30,False,24,0,34,0,0,0,0,7728,7947,8069,8404,7928,8050,8264,8410,8094,8337,7933,7840,8269,8196,8414,8417,8372,8199,8297,7702,8200,8327,8354,8419,0.001014103671345141,0.0007857192907070205,0.0014563516029628958,0.0006690662416142305,0.0006341499293291623,0.0014636529157951352,0.000666804274461473,0.0007482764263239904,0.0007294636227040348,0.0007482764263239904,0.0011659028885112237,0.0030713818152180205,0.00421674504897096,0.003762740962981765,0.003762740962981765,0.0012216309159413421,0.0025553176477080943,0.002443519770045909,0.0025553176477080943,0.0031716115146965783,0.0031716115146965783,0.005160027715506078,0.0014563516029628958,0.002443519770045909,0.07671026163765635,0.06171678861192058,0.15084700887060734,0.20044236512070612,0.03457059544091345,0.14935913723585795,0.11054083085408456,0.258062049989887,0.17472871665655368,0.258062049989887,0.03520890868935357,0.1106573093157463,0.19818049714710825,0.23207281427495174,0.23207281427495174,0.2031355581080651,0.2562956302457592,0.2696058154309443,0.2562956302457592,0.10110324850022243,0.10110324850022243,0.13811749149032757,0.15084700887060734,0.2696058154309443
351,24,0.002019087672304317,0.0006057169636132693,0.005073708863462791,0.16148351848854497,0.03168971248750399,0.33047199747836564,31,False,24,0,34,0,0,0,0,7728,7947,8069,8404,7928,8050,8264,8410,8094,8337,7933,7840,8269,8196,8414,8417,8372,8199,8297,7702,8200,8327,8424,8447,0.0010054131216814764,0.0007562185728419768,0.001437104004224294,0.0006694590091876119,0.0006057169636132693,0.0014437070421303144,0.0006506049833370661,0.000760897134082184,0.0007246539020166898,0.000760897134082184,0.0011138271828847173,0.0029968636748922317,0.0042165482736377675,0.0037984534308485155,0.0037984534308485155,0.001223270478260417,0.002597131305545639,0.0024927800281145493,0.002597131305545639,0.003086391281674683,0.003086391281674683,0.005073708863462791,0.0010054131216814764,0.002557068609034908,0.15365107316785165,0.05657372289426053,0.1382764247980567,0.1837388346939806,0.03168971248750399,0.1369125424662031,0.10132909494957751,0.23655687915739643,0.16016799026850753,0.23655687915739643,0.03227483296524077,0.10143586687276744,0.18166545571818254,0.2127334130853724,0.2127334130853724,0.186207594932393,0.23493766105861258,0.24713866414503227,0.23493766105861258,0.09267797779187055,0.09267797779187055,0.12660770053280027,0.15365107316785165,0.33047199747836564
352,24,0.002101763126227432,0.000578092169287169,0.005101024326576766,0.15042114847765675,0.029048903113545323,0.22654377546627957,32,False,24,0,34,0,0,0,0,7728,7947,8069,8404,7928,8050,8264,8410,8094,8337,7933,7840,8269,8196,8414,8417,8372,8199,8297,7702,8200,8327,8449,8469,0.000992904786009355,0.0007455213259510206,0.0014131265023325805,0.0006667254008462201,0.000578092169287169,0.0014190771612459638,0.000633163477418179,0.0007690841956584102,0.0007169459659298337,0.0007690841956584102,0.0010632033544850138,0.0029166105732528706,0.004196892798584585,0.003813790168932148,0.003813790168932148,0.0012191181925093873,0.0026238855011633303,0.0025270805874225886,0.0026238855011633303,0.002996381511785641,0.002996381511785641,0.005101024326576766,0.0007455213259510206,0.005101024326576766,0.14084681707053068,0.13519257931973883,0.12675338939821865,0.1684272651361489,0.029048903113545323,0.12550316392735283,0.09288500370377938,0.21684380589428004,0.1468206577461319,0.21684380589428004,0.029585263551470706,0.09298287796670349,0.16652666774166733,0.19500562866159138,0.19500562866159138,0.17069029535469357,0.2153595226370615,0.22654377546627957,0.2153595226370615,0.08495481297588134,0.08495481297588134,0.19939039215506693,0.13519257931973883,0.19939039215506693
353,24,0.0020118524507291937,0.0005513193067692309,0.005102515146950299,0.156918897836337,0.026628161187416545,0.23979943740846912,33,False,25,0,34,0,0,0,0,7728,7947,8069,8404,7928,8050,8264,8410,8094,8337,7933,7840,8269,8487,8417,8484,8372,8199,8297,7702,8200,8327,8472,8469,0.0010022395569075073,0.0007324496669873228,0.0013850714919981116,0.0006611613712559693,0.0005513193067692309,0.0013904170316386074,0.0006147339010236823,0.000773078997178439,0.0007066731825558388,0.000773078997178439,0.0010141161460962723,0.0028317940176051464,0.00426693058048253,0.001240909153339672,0.001240909153339672,0.00426693058048253,0.002636418286622459,0.0025471176748870657,0.002636418286622459,0.0029027107918607967,0.0029027107918607967,0.005102515146950299,0.0010022395569075073,0.005102515146950299,0.21244291564798645,0.12392653104309392,0.11619060694836708,0.15439165970813648,0.026628161187416545,0.11504456693340676,0.08514458672846442,0.19877348873642336,0.13458560293395425,0.19877348873642336,0.02711982492218148,0.08523430480281152,0.23598277876319507,0.23979943740846912,0.23979943740846912,0.23598277876319507,0.19741289575063972,0.20766512751075628,0.19741289575063972,0.07787524522789123,0.07787524522789123,0.18277452614214468,0.21244291564798645,0.18277452614214468
354,24,0.0018293256908542826,0.0005254299819235404,0.005080307643821126,0.15539215733804593,0.02440914775513183,0.27807267267732094,34,False,26,0,34,0,0,0,0,8496,7728,7947,8069,8404,7928,8050,8264,8410,8094,8337,7933,7840,8269,8487,8417,8484,8372,8199,8297,7702,8200,8327,8518,0.0010321542751046179,0.0010321542751046179,0.0007173400330582273,0.0013535629389231205,0.0006530713229044304,0.0005254299819235404,0.001358350777626777,0.0005955481877859151,0.0007731713286121374,0.0006941646460033983,0.0007731713286121374,0.0009666275167866626,0.0027434832746526046,0.004312148224502671,0.001255400681446481,0.001255400681446481,0.004312148224502671,0.0026357285164406545,0.002553774101255676,0.0026357285164406545,0.002806397914221781,0.002806397914221781,0.005080307643821126,0.0010321542751046179,0.27807267267732094,0.27807267267732094,0.11359932012283609,0.10650805636933648,0.14152568806579177,0.02440914775513183,0.10545751968895618,0.07804920450109239,0.18220903134172142,0.12337013602279139,0.18220903134172142,0.02485983951199969,0.0781314460692439,0.21631754719959548,0.21981615095776336,0.21981615095776336,0.21631754719959548,0.18096182110475306,0.19035970021819323,0.18096182110475306,0.07138564145890029,0.07138564145890029,0.16754331563029928,0.27807267267732094
355,24,0.00181175013993689,0.0005004452521673746,0.005036663735520842,0.14591503311543097,0.022375052108870846,0.25489994995421084,35,False,25,0,34,0,0,0,0,8496,7728,7947,8069,8404,7928,8050,8264,8410,8094,8530,7933,7840,8269,8487,8417,8484,8372,8199,8297,7702,8200,8327,8518,0.0010554621074117985,0.0010554621074117985,0.0007005128746725946,0.0013191886545059785,0.000642759796829241,0.0005004452521673746,0.0013234654203406922,0.0005758157631449625,0.0007696843606778771,0.0006797388498994456,0.0007895344536449651,0.0009207796234256651,0.0026526439640344552,0.004333907651458495,0.0012629725507677485,0.0012629725507677485,0.004333907651458495,0.002622925061439683,0.00254806714933004,0.002622925061439683,0.002708353305361987,0.002708353305361987,0.005036663735520842,0.0010554621074117985,0.25489994995421084,0.25489994995421084,0.10413271011259975,0.0976323850052251,0.12973188072697578,0.022375052108870846,0.09666939304820983,0.07154510412600135,0.16702494539657797,0.11308929135422544,0.25035827872991134,0.02278818621933305,0.07162049223014023,0.19829108493296252,0.20149813837794975,0.20149813837794975,0.19829108493296252,0.16588166934602364,0.17449639186667712,0.16588166934602364,0.06543683800399193,0.06543683800399193,0.15358137266110766,0.25489994995421084
356,24,0.0017880477452894307,0.0004763770856210843,0.004973905542451978,0.1337554470224784,0.02051046443313161,0.23365828745802658,36,False,25,0,34,0,0,0,0,8496,7728,7947,8069,8404,7928,8050,8264,8410,8094,8530,7933,7840,8269,8487,8417,8484,8372,8199,8297,7702,8200,8327,8518,0.001072313774388631,0.001072313774388631,0.0006822689876055592,0.001282495057461669,0.0006305247891852881,0.0004763770856210843,0.0012863058657658594,0.0005557238243369336,0.0007629613723885481,0.0006636989097031909,0.0008011205349895231,0.0008765975337539177,0.002560139319466245,0.004333839646529176,0.0012640877176586004,0.0012640877176586004,0.004333839646529176,0.0025991820567149745,0.0025311017502201833,0.0025991820567149745,0.0026093825745124814,0.0026093825745124814,0.004973905542451978,0.001072313774388631,0.23365828745802658,0.23365828745802658,0.09545498426988311,0.08949635292145634,0.11892089066639445,0.02051046443313161,0.08861361029419235,0.06558301211550123,0.15310619994686314,0.10366518374137332,0.22949508883575206,0.020889170701055296,0.06565211787762855,0.18176682785521564,0.18470662684645392,0.18470662684645392,0.18176682785521564,0.15205819690052166,0.15995502587778734,0.15205819690052166,0.059983768170325934,0.059983768170325934,0.14078292493934869,0.23365828745802658
357,24,0.0019235273516323374,0.00045322967729673815,0.005020577750329427,0.1505789776377897,0.018801259063703973,0.29752009683652436,37,False,24,0,34,0,0,0,0,8568,8496,7728,8570,8069,8404,7928,8050,8264,8410,8094,8530,7933,7840,8269,8584,8372,8199,8297,7702,8200,8590,8327,8569,0.001110901760918371,0.001110901760918371,0.001110901760918371,0.0006799828868732195,0.001243984026979725,0.0006166525741208462,0.00045322967729673815,0.0012473719530974989,0.0005354380582689008,0.0007533543948457644,0.000646329148558731,0.000808140342981422,0.0008340916771698447,0.0024667334735013493,0.0043137598981281,0.004425011392104311,0.002565700705891112,0.002504029776358375,0.002565700705891112,0.002510191601388356,0.002510191601388356,0.005020577750329427,0.005020577750329427,0.001110901760918371,0.29752009683652436,0.29752009683652436,0.29752009683652436,0.17083373558072618,0.08203832351133498,0.10901081644419491,0.018801259063703973,0.08122914276967631,0.060117761105876126,0.1403473499512912,0.09502641842959221,0.2103704980994394,0.019148406475967352,0.06018110805449283,0.16661959220061434,0.24995292553394768,0.13938668049214487,0.14662544038797173,0.13938668049214487,0.05498512082279877,0.05498512082279877,0.21238434786106963,0.21238434786106963,0.29752009683652436
358,24,0.001972953671049457,0.0004310006286703564,0.005040356147893814,0.14706163276595074,0.017234487475061976,0.27617295659115276,38,False,25,0,34,0,0,0,0,8568,8496,7728,8570,8069,8404,7928,8050,8264,8410,8603,8530,7933,7840,8269,8584,8372,8199,8297,7702,8612,8200,8590,8327,0.0011421925473967846,0.0011421925473967846,0.0011421925473967846,0.0006747628797090718,0.001204111469635424,0.0006014138759342907,0.0004310006286703564,0.0012071171861841132,0.0005151036777273424,0.000741214797547429,0.0008317786509319925,0.0008317786509319925,0.0007932600440178485,0.0023730962142816383,0.004275594888794531,0.004489436803315886,0.002523677699414206,0.0024680157528590967,0.002523677699414206,0.0024113926771522323,0.002473582285343661,0.002473582285343661,0.005040356147893814,0.005040356147893814,0.2727267554334806,0.2727267554334806,0.2727267554334806,0.156597590948999,0.07520179655205707,0.099926581740512,0.017234487475061976,0.07446004753886995,0.055107947680386446,0.12865173745535025,0.27617295659115276,0.27617295659115276,0.017552705936303405,0.05516601571661842,0.15273462618389647,0.22912351507278536,0.12777112378446612,0.1344066536889741,0.12777112378446612,0.050403027420898874,0.13373636075423223,0.13373636075423223,0.1946856522059805,0.1946856522059805
359,24,0.0019504243106153488,0.0004096819985483123,0.005035189678025368,0.13480649670212153,0.015798280185473478,0.25315854354189005,39,False,25,0,34,0,0,0,0,8568,8496,7728,8570,8069,8404,7928,8050,8264,8410,8603,8530,7933,7840,8269,8584,8372,8199,8297,7702,8612,8200,8590,8327,0.0011662376584713782,0.0011662376584713782,0.0011662376584713782,0.0006669183399254331,0.0011632872527709832,0.0005850612150111823,0.0004096819985483123,0.001165948802624341,0.0004948466758156221,0.0007268857421143398,0.0008501091939737873,0.0008501091939737873,0.0007540901472866802,0.0022798087522616713,0.004221318541560099,0.004528304125322904,0.0024742799686092638,0.002424208892831406,0.0024742799686092638,0.002313511300639635,0.0024292205057123957,0.0024292205057123957,0.005035189678025368,0.005035189678025368,0.2499995258140239,0.2499995258140239,0.2499995258140239,0.14354779170324908,0.06893498017271897,0.09159936659546933,0.015798280185473478,0.06825504357729745,0.050515618707020905,0.11793075933407106,0.25315854354189005,0.25315854354189005,0.016089980441611453,0.050568847740233555,0.14000674066857174,0.2100298888167199,0.1171235301357606,0.12320609921489291,0.1171235301357606,0.046202775135823965,0.12259166402471287,0.12259166402471287,0.1784618478554821,0.1784618478554821
360,24,0.00196530199318933,0.00038926123408990963,0.005007223067339839,0.13214411649921967,0.01448175683668402,0.23206199824673254,40,False,27,0,34,0,0,0,0,8568,7728,8570,8069,8404,8645,7928,8050,8648,8603,8530,7933,7840,8269,8584,8659,8372,8199,8297,7702,8612,8200,8590,8327,0.0011832327966916128,0.0011832327966916128,0.0006567600473937176,0.001121876194831111,0.0005824714633478827,0.0005824714633478827,0.00038926123408990963,0.0011242288736271772,0.00048701962829520514,0.0008632610027992372,0.0008632610027992372,0.0007165607625715759,0.0021873701182522002,0.004152899750373902,0.004543146186459341,0.0022741693764554783,0.0024186252725802155,0.0023737210842386678,0.0024186252725802155,0.0022741693764554783,0.002378218998991285,0.002378218998991285,0.005007223067339839,0.005007223067339839,0.22916623199618857,0.22916623199618857,0.13158547572797832,0.06319039849165906,0.16729941937918022,0.16729941937918022,0.01448175683668402,0.06256712327918933,0.1296393171481025,0.23206199824673254,0.23206199824673254,0.014749148738143831,0.04635477709521409,0.1283395122795241,0.19252739808199323,0.12568587720783864,0.10736323595778055,0.1129389242803185,0.10736323595778055,0.12568587720783864,0.11237569202265346,0.11237569202265346,0.1635900272008586,0.1635900272008586
361,24,0.0019322781106908486,0.0003697219913260037,0.004958713255257606,0.12113210679095136,0.013274943766960352,0.21272349839283816,41,False,27,0,34,0,0,0,0,8568,7728,8570,8069,8404,8645,7928,8050,8648,8603,8530,7933,7840,8269,8584,8659,8372,8199,8297,7702,8612,8200,8590,8327,0.001193490920327833,0.001193490920327833,0.0006445931152021299,0.0010801998439464715,0.0005774281198382806,0.0005774281198382806,0.0003697219913260037,0.0010822761689495053,0.00047773676676817373,0.0008714516402291894,0.0008714516402291894,0.0006806434631863324,0.00209620388920876,0.004072260360575044,0.004535746629517825,0.002228353571687894,0.0023577679818864708,0.0023176102778352924,0.0023577679818864708,0.002228353571687894,0.0023216355858051373,0.0023216355858051373,0.004958713255257606,0.004958713255257606,0.2100690459965062,0.2100690459965062,0.12062001941731346,0.05792453195068747,0.15335780109758188,0.15335780109758188,0.013274943766960352,0.05735319633925688,0.11883604071909395,0.21272349839283816,0.21272349839283816,0.013520053009965179,0.04249187900394625,0.11764455292289708,0.17648344824182713,0.11521205410718541,0.0984162996279655,0.10352734725695863,0.0984162996279655,0.11521205410718541,0.10301105102076567,0.10301105102076567,0.14995752493412037,0.14995752493412037
362,24,0.0018946345829033617,0.000351044854633813,0.004891958424508777,0.11450998678059432,0.01216869845304699,0.22391131767278338,42,False,28,0,34,0,0,0,0,8568,7728,8570,8069,8692,8645,7928,8050,8648,8603,8530,7933,7840,8269,8584,8659,8372,8199,8297,7702,8612,8200,8590,8327,0.001197415863042876,0.001197415863042876,0.0006307114746359518,0.001038538816894232,0.0005849028460711527,0.0005701975019058331,0.000351044854633813,0.0010403685621769194,0.0004672149465899784,0.0008749678070732715,0.0008749678070732715,0.0006463039676519631,0.0020066650040635177,0.003981242787495844,0.004508055277479656,0.002177064678003804,0.002292689361304151,0.002256868628048536,0.002292689361304151,0.002177064678003804,0.002260461527083762,0.002260461527083762,0.004891958424508777,0.004891958424508777,0.192563292163464,0.192563292163464,0.11056835113253734,0.05309748762146351,0.22391131767278338,0.14057798433945004,0.01216869845304699,0.052573763310985476,0.10893303732583612,0.194996540193435,0.194996540193435,0.012393381925801413,0.03895088908695073,0.10784084017932231,0.16177649422167487,0.10561104959825329,0.09021494132563504,0.09490006831887873,0.09021494132563504,0.10561104959825329,0.09442679676903519,0.09442679676903519,0.13746106452294368,0.13746106452294368
363,24,0.002064168681856698,0.00033320796448507755,0.0049332694982261146,0.12660348235203464,0.011154640248626406,0.20933930914603172,43,False,29,0,34,0,0,0,0,8568,7728,8570,8069,8692,8645,7928,8050,8648,8603,8530,7933,8269,8725,8584,8659,8372,8199,8297,7702,8732,8734,8590,8327,0.001195477615184574,0.001195477615184574,0.0006153937627562203,0.0009971355093998508,0.000589105982778234,0.0005610455474202316,0.00033320796448507755,0.000998745790373442,0.0004556592193477337,0.000874147062034573,0.000874147062034573,0.0006135033166164899,0.0039816920081827915,0.0039816920081827915,0.004462114247887808,0.0021212442112685634,0.002224291645459075,0.0021924147025497408,0.002224291645459075,0.0021212442112685634,0.002252238615207005,0.0049332694982261146,0.0049332694982261146,0.0048092396250275435,0.176516351149842,0.176516351149842,0.10135432187149256,0.04867269698634155,0.20525204120005142,0.12886315231116252,0.011154640248626406,0.04819261636840335,0.09985528421534977,0.17874682851064874,0.17874682851064874,0.011360600098651296,0.18218743683104546,0.18218743683104546,0.14829511970320194,0.09681012879839884,0.08269702954849878,0.0869917292923055,0.08269702954849878,0.09681012879839884,0.16989123037161558,0.20933930914603172,0.20933930914603172,0.12600597581269837
364,24,0.0020401868710724466,0.00031618756245412613,0.0050761025354995925,0.11952541437825397,0.010225086894574206,0.2752277000505291,44,False,29,0,34,0,0,0,0,8568,7728,8570,8069,8692,8645,7928,8050,8648,8603,8530,7933,8269,8725,8584,8659,8372,8199,8297,7702,8732,8757,8590,8327,0.0011881900113741815,0.0011881900113741815,0.0005989004357156579,0.0009561970243265462,0.0005902464284691575,0.0005502320788599436,0.00031618756245412613,0.0009576124175091052,0.00044326082831548994,0.0008693612371031359,0.0008693612371031359,0.0005821988957202781,0.003963710781793694,0.003963710781793694,0.004399995460899501,0.0020617663215278747,0.0021533952297718047,0.0021250890847802806,0.0021533952297718047,0.0020617663215278747,0.0022343589894226155,0.0050761025354995925,0.004948481623232921,0.004712774377392129,0.1618066552206885,0.1618066552206885,0.0929081283822015,0.04461663890414642,0.18814770443338047,0.1181245562852323,0.010225086894574206,0.044176565004369735,0.09153401053073729,0.16385125946809467,0.16385125946809467,0.010413883423763688,0.16700515042845834,0.16700515042845834,0.13593719306126845,0.08874261806519894,0.07580561041945721,0.07974241851794671,0.07580561041945721,0.08874261806519894,0.1557336278406476,0.2752277000505291,0.19189436671719573,0.11550547782830684
365,24,0.002010356713910146,0.0002999584620141203,0.0051865951125806675,0.11303718540228835,0.009372996320026356,0.2522920583796517,45,False,28,0,34,0,0,0,0,8568,7728,8570,8069,8692,8645,7928,8050,8648,8603,8530,8771,8269,8725,8584,8659,8372,8199,8297,7702,8732,8757,8590,8327,0.0011760912504534217,0.0011760912504534217,0.0005814719245982096,0.0009158981959608729,0.0005885626321725502,0.0005380063744181842,0.0002999584620141203,0.000917140882465769,0.000430195956117694,0.0008610018906192075,0.0008610018906192075,0.0005665902580720219,0.003929067037293618,0.003929067037293618,0.004323749452264908,0.0019994330141805436,0.0020807383518800437,0.002055652732567962,0.0020807383518800437,0.0019994330141805436,0.0022078488298333645,0.0051865951125806675,0.004939545988756901,0.0046046812431666,0.1483227672856311,0.1483227672856311,0.08516578435035137,0.04089858566213422,0.1724687290639321,0.10828084326146294,0.009372996320026356,0.040495184587338924,0.08390617631984251,0.15019698784575344,0.15019698784575344,0.09287939313845006,0.15308805455942015,0.15308805455942015,0.12460909363949607,0.08134739989309903,0.06948847621783577,0.07309721697478448,0.06948847621783577,0.08134739989309903,0.14275582552059363,0.2522920583796517,0.17590316949076273,0.1058800213426146
366,24,0.0019893599384540584,0.0002844944531104898,0.005265557433965342,0.11290732509759226,0.008591913293357492,0.23126772018134736,46,False,29,0,34,0,0,0,0,8568,7728,8570,8069,8692,8645,7928,8050,8648,8603,8530,8771,8269,8725,8584,8659,8372,8199,8297,8804,8732,8757,8590,8327,0.0011597274182792734,0.0011597274182792734,0.0005633276551461387,0.0008763846160999937,0.0005843119526725477,0.0005246039070157601,0.0002844944531104898,0.0008774745396144478,0.0004166250929326268,0.0008494679466966542,0.0008494679466966542,0.0005500975730597713,0.003879573702653144,0.003879573702653144,0.004235364882258165,0.001934972077296063,0.0020069787051980362,0.001984787513655949,0.0020069787051980362,0.0022297978207182568,0.0022297978207182568,0.005265557433965342,0.004908591519581848,0.004486954119397528,0.13596253667849517,0.13596253667849517,0.07806863565448875,0.037490370190289696,0.1580963349752711,0.09925743965634103,0.008591913293357492,0.03712058587172735,0.07691399495985564,0.13768057219194066,0.13768057219194066,0.08513944371024589,0.14033071667946848,0.14033071667946848,0.11422500250287139,0.07456844990200744,0.06369776986634945,0.06700578222688577,0.06369776986634945,0.21419284006054415,0.21419284006054415,0.23126772018134736,0.16124457203319917,0.09705668623073004
367,24,0.0020165161476611883,0.0002697686479162682,0.005314334727785132,0.1251342494873734,0.007875920518911034,0.2796767700554988,47,False,29,0,34,0,0,0,0,8568,7728,8570,8811,8069,8692,8645,7928,8050,8648,8603,8530,8771,8269,8725,8584,8822,8659,8372,8828,8732,8757,8590,8327,0.0011396389903256879,0.0011396389903256879,0.0005446657646063894,0.0008593817509234749,0.0008593817509234749,0.0005777614472939025,0.0005102440971438133,0.0002697686479162682,0.000838730623025957,0.0004026929030913625,0.0008351555219127695,0.0008351555219127695,0.000532928378062996,0.0038170402393514716,0.0038170402393514716,0.004243423902849552,0.004243423902849552,0.0018690371607046515,0.0019326964987861795,0.002297478353180688,0.002297478353180688,0.005314334727785132,0.004857844863148065,0.004361444915216515,0.12463232528862057,0.12463232528862057,0.07156291601661469,0.11769950600776556,0.11769950600776556,0.1449216403939985,0.09098598635164594,0.007875920518911034,0.03402720371575007,0.07050449537986767,0.1262071911759456,0.1262071911759456,0.07804449006772539,0.12863649028951277,0.12863649028951277,0.18803958562763212,0.18803958562763212,0.06835441241017348,0.058389622377486995,0.2796767700554988,0.2796767700554988,0.21199541016623508,0.1478075243637659,0.08896862904483586
368,24,0.0018364812991286976,0.0002557537745717473,0.005334689186051068,0.11744963824134584,0.00721959380900178,0.25637037255087386,48,False,31,0,34,0,0,0,0,8568,7728,8570,8811,8069,8692,8645,7928,8050,8648,8603,8530,8844,8771,8269,8725,8584,8659,8372,8828,8732,8757,8590,8327,0.0011163501538267921,0.0011163501538267921,0.000525663365180825,0.0008401869618253619,0.0008401869618253619,0.0005691801459355336,0.0004951289225815948,0.0002557537745717473,0.0008010030845752494,0.00038852848039574653,0.0008184498342883638,0.0008184498342883638,0.0005285588388959659,0.0005285588388959659,0.0037432337929764817,0.0037432337929764817,0.004231190548998445,0.0018022095141192215,0.0018583985506792468,0.002350415190499279,0.002350415190499279,0.005334689186051068,0.0047895627958948655,0.004229853265480709,0.11424629818123552,0.11424629818123552,0.0655993396818968,0.10789121384045176,0.10789121384045176,0.13284483702783195,0.08340382082234211,0.00721959380900178,0.03119160340610423,0.06462912076487869,0.11568992524461678,0.11568992524461678,0.15487411589541494,0.15487411589541494,0.1179167827653867,0.1179167827653867,0.17236962015866278,0.06265821137599235,0.05352382051269641,0.25637037255087386,0.25637037255087386,0.19432912598571547,0.1354902306667854,0.08155457662443287
369,24,0.0018778670840194692,0.00024242242511057348,0.0053286888673744846,0.1272221362553123,0.006617960991584965,0.31833950817163437,49,False,33,0,34,0,0,0,0,8568,7728,8570,8069,8692,8645,7928,8050,8648,8603,8866,8844,8771,8269,8725,8584,8659,8372,8828,8732,8876,8757,8590,8327,0.0010903607000236574,0.0010903607000236574,0.0005064772219843229,0.0008191673642421972,0.0005588327784020215,0.00047944223372485366,0.00024242242511057348,0.0007643652718876643,0.00037424589632238615,0.0008203437039735865,0.0008203437039735865,0.0005221618869604293,0.0005221618869604293,0.003659849221302923,0.003659849221302923,0.004200515707957014,0.0017350009575319732,0.0017845230714989128,0.002388925960712813,0.0024505361542340575,0.0024505361542340575,0.0053286888673744846,0.004705976926685945,0.004093722000042786,0.10472577333279923,0.10472577333279923,0.06013272804173873,0.09890027935374744,0.12177443394217928,0.07645350242048027,0.006617960991584965,0.028592303122262207,0.059243360701138795,0.18938243147423206,0.18938243147423206,0.14196793957079704,0.14196793957079704,0.10809038420160447,0.10809038420160447,0.15800548514544088,0.05743669376132632,0.049063502136638376,0.23500617483830102,0.31833950817163437,0.31833950817163437,0.17813503215357251,0.12419937811121994,0.07475836190573013
370,24,0.0019831172697321576,0.00022974726319041107,0.0052986070445806875,0.12611469965017805,0.006066464242286218,0.29181121582399816,50,False,34,0,34,0,0,0,0,8568,7728,8570,8069,8692,8645,7928,8050,8648,8603,8866,8844,8771,8269,8725,8584,8372,8828,8732,8876,8757,8590,8327,8902,0.0010621401868176705,0.0010621401868176705,0.000487244732382382,0.0007966648652137321,0.0005469748621844815,0.00046334963454929717,0.00022974726319041107,0.0007288724246616102,0.0003599449593642406,0.0008182864545962231,0.0008182864545962231,0.0005139809902302227,0.0005139809902302227,0.003568487050508584,0.003568487050508584,0.004153319590357504,0.001711444859211283,0.0024135816578739386,0.002534295835900031,0.002534295835900031,0.0052986070445806875,0.004728122175243421,0.003954437193409911,0.004728122175243421,0.09599862555506596,0.09599862555506596,0.05512166737159383,0.09065858940760181,0.11162656444699767,0.07008237721877357,0.006066464242286218,0.02620961119540702,0.054306413976043896,0.1736005621847127,0.1736005621847127,0.13013727793989727,0.13013727793989727,0.09908285218480409,0.09908285218480409,0.1448383613833208,0.044974876958585173,0.21542232693510927,0.29181121582399816,0.29181121582399816,0.1632904461407748,0.19718276326861828,0.06852849841358595,0.19718276326861828
371,24,0.0019579848029666184,0.0002177011966884766,0.0052468340315263,0.11560514134599653,0.005560925555429033,0.26749361450533166,51,False,36,0,34,0,0,0,0,8568,7728,8570,8069,8692,8645,7928,8050,8648,8603,8866,8844,8771,8269,8725,8584,8372,8828,8732,8876,8757,8590,8327,8902,0.0010321240518567324,0.0010321240518567324,0.00046808511197747913,0.0007729940403644885,0.0005338490194450929,0.0004469988037756791,0.0002177011966884766,0.0006945639778077921,0.00034571211731129834,0.0008126342572747827,0.0008126342572747827,0.0005042545564057347,0.0005042545564057347,0.0034706383097675183,0.0034706383097675183,0.004091536256533316,0.00163948068300968,0.002425152603876571,0.002601516192761241,0.002601516192761241,0.0052468340315263,0.0047265804716969655,0.003813231749356723,0.0047265804716969655,0.08799874009214378,0.08799874009214378,0.05052819509062768,0.08310370695696832,0.1023243507430812,0.0642421791172091,0.005560925555429033,0.024025476929123102,0.04978087947804024,0.15913384866931998,0.15913384866931998,0.11929250477823916,0.11929250477823916,0.09082594783607041,0.09082594783607041,0.1327684979347107,0.041226970545369744,0.1974704663571835,0.26749361450533166,0.26749361450533166,0.14968290896237688,0.18075086632956675,0.06281779021245379,0.18075086632956675
372,24,0.0019273690142762024,0.00020625751969700781,0.0051758023549562885,0.11703613545045077,0.0050975150924766136,0.24520247996322067,52,False,37,0,34,0,0,0,0,8568,7728,8570,8069,8933,7928,8050,8648,8603,8866,8844,8771,8940,8269,8725,8584,8372,8828,8732,8876,8757,8590,8327,8902,0.0010007113577195376,0.0010007113577195376,0.00044910070962122145,0.000748441104446292,0.00044162322410745735,0.00020625751969700781,0.0006614656674771266,0.0003316214467953774,0.0008037576528711392,0.0008037576528711392,0.0004932117545230849,0.000505931642934383,0.000505931642934383,0.0033676751762812887,0.0033676751762812887,0.0040170685878182805,0.001568894684012313,0.0024245572033743477,0.0026523919368318383,0.0026523919368318383,0.0051758023549562885,0.004703342469058378,0.003671191614406927,0.004703342469058378,0.0806655117511318,0.0806655117511318,0.046317512166408704,0.07617839804388762,0.14222199752410836,0.0050975150924766136,0.022023353851696174,0.04563247285487022,0.14587269461354332,0.14587269461354332,0.10935146271338589,0.19268479604671923,0.19268479604671923,0.08325711884973121,0.08325711884973121,0.12170445644015147,0.03779138966658893,0.18101459416075152,0.24520247996322067,0.24520247996322067,0.13720933321551212,0.16568829413543618,0.05758297436141597,0.16568829413543618
373,24,0.0018925940849824645,0.00019539002796485107,0.005087925246860135,0.1072831241629132,0.004672722168103562,0.2247689399662856,53,False,38,0,34,0,0,0,0,8568,7728,8570,8069,8933,7928,8050,8648,8603,8866,8844,8771,8940,8269,8725,8584,8372,8828,8732,8876,8757,8590,8327,8902,0.0009682638675456986,0.0009682638675456986,0.00043037838923349974,0.0007232637574923717,0.00043473508990593833,0.00019539002796485107,0.0006295914417857864,0.0003177356856461377,0.0007920306595600035,0.0007920306595600035,0.0004810694196665527,0.000505129885729131,0.000505129885729131,0.0032608464024944587,0.0032608464024944587,0.003931753032992201,0.001499903662808671,0.0024128152097565255,0.0026874309317877487,0.0026874309317877487,0.005087925246860135,0.004660514864131228,0.00352926385296994,0.004660514864131228,0.07394338577187082,0.07394338577187082,0.042457719485874644,0.06983019820689698,0.1303701643970993,0.004672722168103562,0.020188074364054825,0.04182976678363103,0.13371663672908138,0.13371663672908138,0.10023884082060373,0.17662772970949261,0.17662772970949261,0.07631902561225361,0.07631902561225361,0.11156241840347218,0.03464210719437318,0.16593004464735556,0.2247689399662856,0.2247689399662856,0.12577522211421943,0.15188093629081648,0.0527843931646313,0.15188093629081648
374,24,0.0018542057809897768,0.00018507311138060768,0.00498554779664426,0.1052873082604482,0.004283328654094932,0.2452420855670349,54,False,39,0,34,0,0,0,0,8568,7728,8570,8069,8933,7928,8050,8648,8603,8866,8844,8988,8940,8269,8725,8584,8372,8828,8732,8876,8757,8590,8327,8902,0.0009351061756071444,0.0009351061756071444,0.0004119909297218952,0.0006976917115112143,0.0004265361054838406,0.00018507311138060768,0.0005989451822263629,0.00030410727340924107,0.0007778219068960237,0.0007778219068960237,0.00046802990084518275,0.000515014534097653,0.000515014534097653,0.003151276574663896,0.003151276574663896,0.003837333184953837,0.0014326821592648184,0.00239100653928054,0.0027073931993662065,0.0027073931993662065,0.00498554779664426,0.004600252059581582,0.003388265948607832,0.004600252059581582,0.06778143695754825,0.06778143695754825,0.03891957619538509,0.06401101502298889,0.11950598403067436,0.004283328654094932,0.01850573483371692,0.03834395288499511,0.12257358366832459,0.12257358366832459,0.09188560408555342,0.2452420855670349,0.2452420855670349,0.06995910681123248,0.06995910681123248,0.10226555020318283,0.03175526492817542,0.15210254092674258,0.20603819496909515,0.20603819496909515,0.11529395360470114,0.1392241915999151,0.04838569373424536,0.1392241915999151
375,24,0.001811722311306499,0.00017528182668048804,0.004870909684546452,0.09651336590541086,0.003926384599587021,0.2248052451031153,55,False,41,0,34,0,0,0,0,8568,7728,8570,8069,8933,7928,8050,8648,8603,8866,8844,8988,8940,8269,8725,8584,8372,8828,8732,8876,8757,8590,8327,8902,0.0009015266485976008,0.0009015266485976008,0.0003939984058850364,0.0006719277277441512,0.0004172202267051799,0.00017528182668048804,0.0005695222446775311,0.0002907793737573413,0.0007614876725354986,0.0007614876725354986,0.0004542797083808698,0.0005218238390377865,0.0005218238390377865,0.0030399683512347215,0.0030399683512347215,0.003735441096671043,0.001367367259013478,0.0023602361153292617,0.0027132317974093707,0.0027132317974093707,0.004870909684546452,0.004524699684016671,0.0032488958163018468,0.004524699684016671,0.06213298387775256,0.06213298387775256,0.035676278179102995,0.05867676377107315,0.10954715202811816,0.003926384599587021,0.016963590264240512,0.035148623477912186,0.11235911836263086,0.11235911836263086,0.0842284704117573,0.2248052451031153,0.2248052451031153,0.06412918124362976,0.06412918124362976,0.09374342101958426,0.029108992850827464,0.13942732918284736,0.18886834538833722,0.18886834538833722,0.10568612413764271,0.12762217563325548,0.04435355258972491,0.12762217563325548
376,24,0.001765793826854372,0.00016599195318943823,0.0047461181775061865,0.08847058541329328,0.003599185882954769,0.2060714746778557,56,False,42,0,34,0,0,0,0,8568,7728,8570,8069,8933,7928,8050,8648,8603,8866,8844,8988,8940,8269,8725,8584,8372,8828,8732,8876,8757,8590,8327,8902,0.0008677789666159138,0.0008677789666159138,0.00037644952292907087,0.0006461490198574242,0.00040697102621757797,0.00016599195318943823,0.000541310830847946,0.00027778685954748405,0.0007433666422731106,0.0007433666422731106,0.0004399888216190984,0.0005257052982239536,0.0005257052982239536,0.0029278069386322546,0.0029278069386322546,0.0036275851974938234,0.0013040630844229526,0.0023216047971433766,0.002706037907965469,0.002706037907965469,0.0047461181775061865,0.004435949464391345,0.003111742117526457,0.004435949464391345,0.05695523522127318,0.05695523522127318,0.032703254997511075,0.053787033456817054,0.10041822269244163,0.003599185882954769,0.015549957742220469,0.0322195715214195,0.10299585849907829,0.10299585849907829,0.07720943121077752,0.2060714746778557,0.2060714746778557,0.058785082806660616,0.058785082806660616,0.08593146926795224,0.026683243446591842,0.12780838508427675,0.17312931660597577,0.17312931660597577,0.09687894712617248,0.11698699433048418,0.040657423207247835,0.11698699433048418
377,24,0.001731881192138244,0.0001571800340657475,0.00461312996611393,0.09597182378222475,0.0032992537260418714,0.2722321851213677,57,False,44,0,34,0,0,0,0,8568,7728,8570,8069,8933,7928,8050,9055,8603,8866,9057,8988,9060,8269,8725,8584,8372,8828,8732,8876,8757,8590,8327,8902,0.000834084085664139,0.000834084085664139,0.0003593828852691056,0.000620508902701433,0.0003959598586360756,0.0001571800340657475,0.0005142932021309884,0.00027199562948134945,0.0007237761840156418,0.0007424423090846524,0.0007424423090846524,0.0005268439129117795,0.0005404311717736235,0.0028155661724793796,0.0028155661724793796,0.0035151436935150367,0.0012428449463052326,0.0022761861379089693,0.002686991650052816,0.002686991650052816,0.00461312996611393,0.004336004544628689,0.0029772945626695933,0.004336004544628689,0.05220896561950041,0.05220896561950041,0.029977983747718484,0.049304780668748965,0.0920500374680715,0.0032992537260418714,0.014254127930368763,0.11286794056130121,0.09441287029082177,0.1777462036241551,0.1777462036241551,0.18889885178803437,0.2722321851213677,0.053886325906105564,0.053886325906105564,0.07877051349562289,0.02445963982604252,0.11715768632725368,0.1587018735554778,0.1587018735554778,0.08880570153232477,0.10723807813627716,0.03726930460664385,0.10723807813627716
378,24,0.0017325347660567762,0.00014882340521525504,0.0044737404198572995,0.10540361107646062,0.003024315915538382,0.24954616969458707,58,False,45,0,34,0,0,0,0,8568,7728,8570,8069,8933,7928,8050,9055,8603,9081,9082,8988,9060,8269,8725,8584,9089,8828,8732,8876,8757,8590,8327,8902,0.0008006324744666759,0.0008006324744666759,0.00034282818680507547,0.0005951385886093903,0.00038434470420384547,0.00014882340521525504,0.0004884467483868138,0.00026556082662835965,0.0007030099157024201,0.0007572079904137296,0.0007572079904137296,0.0005254515235477062,0.0005517317401505671,0.002703915678024665,0.002703915678024665,0.0033993624057158836,0.002282391286791215,0.002282391286791215,0.002657319441013671,0.002657319441013671,0.0044737404198572995,0.0042267541075221874,0.002845953964075721,0.0042267541075221874,0.04785821848454204,0.04785821848454204,0.027479818435408608,0.045196048946353214,0.08437920101239887,0.003024315915538382,0.013066283936171366,0.10346227884785944,0.08654513109991994,0.2462673533221422,0.2462673533221422,0.17315728080569817,0.24954616969458707,0.04939579874726343,0.04939579874726343,0.07220630403765431,0.19072787913331588,0.19072787913331588,0.14547671742585463,0.14547671742585463,0.08140522640463103,0.09830157162492072,0.03416352922275686,0.09830157162492072
379,24,0.0016875440264387095,0.0001409002137691914,0.004329578906448035,0.1000921990423111,0.0027722895892435167,0.22875065555337146,59,False,47,0,34,0,0,0,0,8568,7728,9098,8069,8933,7928,8050,9055,8603,9081,9082,8988,9060,8269,8725,8584,9089,8828,8732,8876,8757,8590,8327,8902,0.0007675865066319318,0.0007675865066319318,0.00033523564738224723,0.0005701490531649372,0.00037226957311274714,0.0001409002137691914,0.00046374492425605443,0.00025859609843948046,0.0006813363506151777,0.0007674398290584072,0.0007674398290584072,0.0005217572565557356,0.0005597008408669654,0.0025934286810310944,0.0025934286810310944,0.0032813560986111015,0.0022775256534129005,0.0022775256534129005,0.002618258183275092,0.002618258183275092,0.004329578906448035,0.004109956047957489,0.002718041868573519,0.004109956047957489,0.0438700336108302,0.0438700336108302,0.10852316689912457,0.04142971153415711,0.07734760092803229,0.0027722895892435167,0.011977426941490418,0.09484042227720449,0.07933303684159328,0.22574507387863033,0.22574507387863033,0.15872750740522332,0.22875065555337146,0.045279482184991476,0.045279482184991476,0.06618911203451645,0.17483388920553955,0.17483388920553955,0.13335365764036675,0.13335365764036675,0.07462145753757844,0.09010977398951066,0.03131656845419379,0.09010977398951066
380,24,0.001632109687692773,0.00013338942777720307,0.004182108934092355,0.10027994129995499,0.002541265456806557,0.2435977317717446,60,False,49,0,34,0,0,0,0,8568,7728,9098,8069,8933,7928,8050,9055,8603,9081,9082,8988,9060,8269,8725,8584,9089,8828,8732,9137,8757,8590,8327,8902,0.0007350829141585637,0.0007350829141585637,0.0003269066608013818,0.0005456329097589272,0.0003598643609303544,0.00013338942777720307,0.00044015806536642284,0.00025120665402232595,0.0006589984164583006,0.0007733517924224544,0.0007733517924224544,0.0005159992425110621,0.0005644874983122282,0.002484590127496801,0.002484590127496801,0.003162112465796833,0.002262575430946848,0.002320927055253971,0.002571026144637556,0.002320927055253971,0.004182108934092355,0.003987226431282264,0.0025938096519866434,0.003987226431282264,0.04021419747659435,0.04021419747659435,0.09947956965753085,0.03797723557297735,0.07090196751736293,0.002541265456806557,0.010979308029699548,0.08693705375410411,0.07272195043812717,0.20693298438874447,0.20693298438874447,0.1455002151214547,0.20968810092392381,0.04150619200290885,0.04150619200290885,0.060673352698306746,0.16026439843841125,0.2435977317717446,0.12224085283700284,0.2435977317717446,0.06840300274278023,0.08260062615705144,0.028706854416344307,0.08260062615705144
381,24,0.0016645256532578645,0.00012627083855176264,0.0040326320132991035,0.09206047594962401,0.0023294933354060104,0.22329792079076588,61,False,50,0,34,0,0,0,0,8568,7728,9098,8069,8933,7928,8050,9055,8603,9082,8988,9060,8269,8725,8584,9089,8828,8732,9137,8757,8590,8327,9166,8902,0.0007032352298897173,0.0007032352298897173,0.0003179781355221402,0.0005216662470865317,0.00034724505657409425,0.00012627083855176264,0.0004176540963161866,0.0002434887627064825,0.0006362136633809895,0.000775213818200693,0.0005084176596233884,0.0005662834597585718,0.0023778048465332466,0.0023778048465332466,0.003042498056782938,0.0022385695116207234,0.002350530537537535,0.002516800115270333,0.002350530537537535,0.0040326320132991035,0.0038600345227601395,0.0025372369850267685,0.0025372369850267685,0.0038600345227601395,0.03686301435354482,0.03686301435354482,0.09118960551940328,0.0348124659418959,0.06499347022424935,0.0023294933354060104,0.010064365693891252,0.07969229927459544,0.06666178790161657,0.18968856902301576,0.1333751971946668,0.19221409251359683,0.038047342669333115,0.038047342669333115,0.05561723997344785,0.14690903190187699,0.22329792079076588,0.11205411510058594,0.22329792079076588,0.06270275251421521,0.07571724064396382,0.10964794988164896,0.10964794988164896,0.07571724064396382
382,24,0.0016193475816555858,0.00011952505690953372,0.003882294282387864,0.0878609918427109,0.0021353688907888428,0.20468976072486872,62,False,52,0,34,0,0,0,0,9168,7728,9098,8069,8933,7928,8050,9055,8603,9082,8988,9060,8269,8725,8584,9089,8828,8732,9137,8757,8590,8327,9166,8902,0.0006894704982632824,0.0006721361648147449,0.00030857613433568116,0.000498310396139426,0.0003345142165715843,0.00011952505690953372,0.00039619914168345286,0.0002355295679649022,0.0006131749979427377,0.0007733360533749531,0.0004992490770461562,0.0005653115262459038,0.0022734055555287142,0.0022734055555287142,0.0029232655445155867,0.0022065487141491747,0.0023670148430245874,0.00245669824398525,0.0023670148430245874,0.003882294282387864,0.0037297022690406614,0.0024749785041079477,0.0024749785041079477,0.0037297022690406614,0.11712442982408275,0.03379109649074941,0.08359047172611966,0.03191142711340458,0.0595773477055619,0.0021353688907888428,0.009225668552733648,0.07305127433504581,0.061106638909815186,0.17388118827109778,0.12226059742844457,0.1761962514707971,0.03487673078022202,0.03487673078022202,0.05098246997566053,0.13466661257672055,0.20468976072486872,0.10271627217553711,0.20468976072486872,0.05747752313803061,0.06940747059030017,0.10051062072484487,0.10051062072484487,0.06940747059030017
383,24,0.0015287206155584047,0.00011313350438699474,0.0037320950877385273,0.09561609895123496,0.0019574214832231056,0.187632280664463,63,False,53,0,34,0,0,0,0,9168,9193,9194,8069,8933,7928,8050,9055,8603,9082,8988,9060,8269,8725,8584,9089,8828,8732,9137,8757,8590,8327,9166,9214,0.0006739622084709464,0.0006584133920427866,0.0003065218620887719,0.00047561360343170364,0.0003217616319146387,0.00011313350438699474,0.0003757580505769227,0.00022740715036773275,0.000590051802822913,0.0007680547122750007,0.0004887220171578879,0.0005618150270791215,0.002171660560943023,0.002171660560943023,0.0028050618403622487,0.002167540668043535,0.0023712236538170495,0.002391767859310002,0.0023712236538170495,0.0037320950877385273,0.0035974072320511512,0.0024080768359638917,0.0024701809288983976,0.0024701809288983976,0.10736406067207585,0.1143085051165203,0.15995793241560968,0.02925214152062086,0.05461256873009841,0.0019574214832231056,0.008456862840005843,0.06696366814045866,0.056014419000663916,0.15939108924850628,0.11207221430940752,0.16151323051489733,0.03197033654853685,0.03197033654853685,0.046733930811022145,0.12344439486199384,0.187632280664463,0.09415658282757568,0.187632280664463,0.05268772954319472,0.06362351470777515,0.09213473566444114,0.17546806899777448,0.17546806899777448
384,24,0.0014223115686930188,0.00010983994302620269,0.0035828968489833987,0.10082489815860528,0.007752124270005356,0.22944183181113076,64,False,51,0,34,0,0,0,0,9168,9193,9194,8069,8933,9221,8050,9055,8603,9082,9225,8988,9060,8269,8725,8584,9089,8828,8732,9233,8757,8590,8327,9214,0.0006570041672900786,0.0006430962483564111,0.0003032436347383403,0.00045361259540843674,0.0003090651259423854,0.00010983994302620269,0.0003562948444577835,0.00021919078099719643,0.000566991324397883,0.0007793129057304624,0.0007793129057304624,0.00047705362085840377,0.0005560486365997558,0.002072781052611918,0.002072781052611918,0.002688436660294667,0.0021225400264513884,0.002364117939068632,0.002382886937148589,0.002382886937148589,0.0035828968489833987,0.0034641881058265155,0.0023374933493643018,0.0024544020055887296,0.09841705561606953,0.10478279635681027,0.14662810471430887,0.026814463060569123,0.050061521335923544,0.08512763635962119,0.007752124270005356,0.0613833624620871,0.05134655075060859,0.22944183181113076,0.22944183181113076,0.10273286311695688,0.14805379463865587,0.02930614183615878,0.02930614183615878,0.0428394365767703,0.11315736195682768,0.17199625727575774,0.16964353425861106,0.16964353425861106,0.04829708541459516,0.058321555148793884,0.08445684102573771,0.1608457299146266
385,24,0.001339445216495055,0.0001064113567490834,0.0034354356664812857,0.1023055163901823,0.007106113914171576,0.2103216791602032,65,False,54,0,34,0,0,0,0,9240,9168,9193,9194,8069,8933,9221,8050,9055,8603,9225,8988,9060,8269,8725,8584,9089,8828,8732,9233,8757,9262,8327,9214,0.0006553462074850934,0.0006553462074850934,0.0006264617562471521,0.00029888247857984886,0.000432334025480979,0.0002964914329236713,0.0001064113567490834,0.0003377730971579336,0.00021094131488274873,0.0005441202312101121,0.0007861298979550936,0.0004644472810514123,0.0005482706116562722,0.0019769279253557593,0.0019769279253557593,0.0025738512312703603,0.0020724935182400827,0.0023467333797849506,0.0023638061448766393,0.0023638061448766393,0.0034354356664812857,0.0023224955599684574,0.0023224955599684574,0.002428756240838432,0.17354896764806374,0.17354896764806374,0.09605089666040942,0.13440909598811646,0.02457992447218836,0.04588972789126325,0.07803366666298608,0.007106113914171576,0.056268082256913175,0.0470676715213912,0.2103216791602032,0.09417179119054381,0.13571597841876787,0.02686396334981221,0.02686396334981221,0.03926948352870611,0.10372758179375871,0.15766323583611125,0.15550657307039348,0.15550657307039348,0.04427232829671223,0.1607521042735929,0.1607521042735929,0.1474419190884077
386,24,0.001429708982374529,0.0002079395987116439,0.00329033224128033,0.1221373003715171,0.006513937754657278,0.27612820589685294,66,False,57,0,34,0,0,0,0,9265,9168,9193,9194,8069,8933,8050,9272,8603,9274,8988,9060,8269,8725,8584,9279,9281,8828,8732,9233,8757,9262,8327,9214,0.0006675944275340461,0.0006675944275340461,0.0006087668283269605,0.00029357756622535604,0.0004117958001668065,0.0002840971170942809,0.00032015625522189704,0.0002079395987116439,0.0005215462652752782,0.0008091133311136485,0.000451091102981377,0.0005387364372631818,0.001884218090112403,0.001884218090112403,0.0025251735919545096,0.0025251735919545096,0.0023799798514557696,0.0023799798514557696,0.0023356115832076367,0.0023356115832076367,0.00329033224128033,0.0022981678029288144,0.0022981678029288144,0.0023943723389415693,0.2424198870107251,0.2424198870107251,0.08804665527204196,0.12320833798910674,0.02253159743283933,0.042065583900324645,0.006513937754657278,0.13491240873550375,0.04314536556127527,0.27612820589685294,0.08632414192466516,0.1244063135505372,0.02462529973732786,0.02462529973732786,0.11933035990131394,0.11933035990131394,0.22785796618310197,0.22785796618310197,0.14254769198119402,0.14254769198119402,0.04058296760531954,0.14735609558412682,0.14735609558412682,0.13515509249770705
387,24,0.0014074494398773386,0.00020427764174829363,0.0031481027756021162,0.11890363645166846,0.005971109608435838,0.2531175220721152,67,False,58,0,34,0,0,0,0,9265,9168,9193,9194,8069,8933,8050,9272,8603,9274,8988,9060,8269,8725,8584,9302,9281,8828,8732,9233,8757,9262,8327,9214,0.0006758865954994009,0.0006758865954994009,0.0005902469321875598,0.0002874635506256818,0.0003920082846214852,0.0002719295007286525,0.00030340790592648856,0.00020427764174829363,0.0004993599248456011,0.0008269340160118633,0.0004371570525154543,0.0005276938035601139,0.0017947302588535968,0.0017947302588535968,0.0025335988616486944,0.0025335988616486944,0.0023997337526596874,0.0023997337526596874,0.0022993920775484936,0.0022993920775484936,0.0031481027756021162,0.0022655781797177445,0.0022655781797177445,0.0023523657168275794,0.22221822975983133,0.22221822975983133,0.08070943399937179,0.11294097649001451,0.020653964313436052,0.03856011857529759,0.005971109608435838,0.1236697080075451,0.03954991843116899,0.2531175220721152,0.07913046343094306,0.11403912075465909,0.02257319142588387,0.02257319142588387,0.19271949657620446,0.19271949657620446,0.20886980233451014,0.20886980233451014,0.13066871764942783,0.13066871764942783,0.03720105363820958,0.13507642095211625,0.13507642095211625,0.12389216812289812
388,24,0.0014786478861681769,0.00020004922696480754,0.0030091696049090377,0.13105260661940235,0.005473517141066185,0.27479731880663427,68,False,60,0,34,0,0,0,0,9265,9168,9193,9194,8069,8933,8050,9272,8603,9274,9060,8269,8725,8584,9302,9281,8828,9329,9233,8757,9262,9334,9335,9214,0.0006804207986833765,0.0006804207986833765,0.0005711155409055657,0.0002806685531888626,0.00037297539065161544,0.00026002757737821584,0.0002874919995957577,0.00020004922696480754,0.00047763613160476304,0.000839717639691804,0.0005153787954394706,0.0017085102042340842,0.0017085102042340842,0.0025296084168806615,0.0025296084168806615,0.0024068169904765137,0.0024688885921050683,0.0024688885921050683,0.0022562148369137565,0.0030091696049090377,0.0022257820627358954,0.0022831847892650827,0.002363232052254358,0.002363232052254358,0.20370004394651203,0.20370004394651203,0.07398364783275747,0.10352922844917997,0.018932800620649712,0.035346775360689454,0.005473517141066185,0.11336389900691635,0.03625409189523824,0.23202439523277224,0.10453586069177083,0.020692092140393546,0.020692092140393546,0.17665953852818742,0.17665953852818742,0.19146398547330096,0.27479731880663427,0.27479731880663427,0.11977965784530885,0.03410096583502545,0.1238200525394399,0.20715338587277324,0.19690115411265663,0.19690115411265663
389,24,0.0015487239483680127,0.0002484228927457905,0.0028738713817493947,0.13094758970965273,0.005017390712644002,0.25189754223941474,69,False,61,0,34,0,0,0,0,9265,9168,9193,9339,8069,8933,8050,8603,9274,9060,8269,8725,8584,9302,9281,8828,9329,9233,9356,8757,9262,9334,9335,9214,0.0006814417309020268,0.0006814417309020268,0.0005515642066175472,0.00028036143906574434,0.0003546955522805992,0.0002484228927457905,0.0002723730321368191,0.00045643584738467316,0.0008476759691816076,0.0005020131527809619,0.0016255755072027654,0.0016255755072027654,0.0025142888180026816,0.0025142888180026816,0.0024021813303863717,0.0025223253262695064,0.0025223253262695064,0.0022071065351362018,0.002236018501580843,0.0028738713817493947,0.002236018501580843,0.002288823383181414,0.002362275135134769,0.002362275135134769,0.1867250402843027,0.1867250402843027,0.06781834384669434,0.17823512607841496,0.01735506723559557,0.03240121074729867,0.005017390712644002,0.033232917570635054,0.21268902896337455,0.09582453896745659,0.018967751128694085,0.018967751128694085,0.16193791031750512,0.16193791031750512,0.17550865335052587,0.25189754223941474,0.25189754223941474,0.1097980196915331,0.19683504816115324,0.03125921868210666,0.19683504816115324,0.1898906037167088,0.18049272460326857,0.18049272460326857
390,24,0.0015346493604374933,0.00023714038088532726,0.002742472688090932,0.1269797350116261,0.0045992748199236684,0.23177641779104638,70,False,61,0,34,0,0,0,0,9265,9168,9193,9339,8069,8933,8050,8603,9274,9060,8269,8725,8584,9372,9281,8828,9329,9233,9356,8757,9262,9334,9335,9214,0.0006792270709515843,0.0006792270709515843,0.00053176311302372,0.0002787865422731149,0.00033716259526842386,0.00023714038088532726,0.00025801619307934577,0.0004358076155263508,0.0008510879880460384,0.0004878024498955031,0.001545919814506481,0.001545919814506481,0.0025529639154096666,0.0025529639154096666,0.002386863904429174,0.0025604430366006972,0.0025604430366006972,0.0021530392616900132,0.002235071711125676,0.002742472688090932,0.002235071711125676,0.0022834084822524166,0.0023504911694256355,0.0023504911694256355,0.1711646202606108,0.1711646202606108,0.06216681519280314,0.16338219890521372,0.01590881163262927,0.029701109851690444,0.0045992748199236684,0.03046350777308213,0.19496494321642666,0.08783916072016854,0.017387105201302912,0.017387105201302912,0.23177641779104638,0.23177641779104638,0.16088293223798206,0.23090608038613017,0.23090608038613017,0.10064818471723867,0.18043212748105714,0.028654283791931103,0.18043212748105714,0.17406638674031638,0.16545166421966284,0.16545166421966284
391,24,0.0015162429329055272,0.0002261991476380671,0.002615172998217296,0.11987031264954613,0.0042160019182633625,0.24023423523889323,71,False,57,0,34,0,0,0,0,9265,9385,9193,9339,8069,8933,8050,8603,9274,9060,8269,8725,8584,9372,9281,8828,9329,9233,9356,8757,9262,9334,9335,9214,0.0006740753352336788,0.0006914596797192874,0.0005118619822543146,0.00027606959663703035,0.0003203665078022895,0.0002261991476380671,0.0002443874838097381,0.00041578901016434486,0.0008502821178689335,0.0004729350437355656,0.0014695166338583054,0.0014695166338583054,0.002576980349169965,0.002576980349169965,0.002361948449142865,0.0025838998613850086,0.0025838998613850086,0.0020949207185073523,0.002223884540689854,0.002615172998217296,0.002223884540689854,0.0022679320497513028,0.0023289337495221614,0.0023289337495221614,0.1569009019055599,0.24023423523889323,0.056986247260069546,0.14976701566311257,0.014583077329910163,0.027226017364049573,0.0042160019182633625,0.027924882125325286,0.17871786461505776,0.08051923066015448,0.015938179767861,0.015938179767861,0.21246171630845917,0.21246171630845917,0.1474760212181502,0.21166390702061932,0.21166390702061932,0.0922608359908021,0.1653961168576357,0.026266426809270178,0.1653961168576357,0.15956085451195667,0.15166402553469094,0.15166402553469094
392,24,0.0014932199834526063,0.00021561319656744447,0.002593555641406487,0.1098811199287506,0.0038646684250747488,0.22021471563565212,72,False,58,0,34,0,0,0,0,9265,9385,9193,9339,8069,8933,8050,8603,9274,9060,8269,8725,8584,9372,9281,8828,9329,9233,9356,8757,9262,9334,9335,9214,0.0006662953914058464,0.0006996198493680353,0.0004919912309062479,0.0002723385800523674,0.0003042941199939226,0.00021561319656744447,0.00023145381015040855,0.00039640798322532504,0.0008456200897691247,0.0004575816484366584,0.00139632269813512,0.00139632269813512,0.0025871883413910446,0.0025871883413910446,0.0023285325866114746,0.002593555641406487,0.002593555641406487,0.002033588020509008,0.002203454005068798,0.0024921149499815497,0.002203454005068798,0.002243427169132947,0.002298679802374646,0.002298679802374646,0.14382582674676322,0.22021471563565212,0.05223739332173041,0.13728643102451984,0.013367820885750982,0.024957182583712108,0.0038646684250747488,0.02559780861488151,0.1638247092304696,0.07380929477180827,0.01460999812053925,0.01460999812053925,0.19475657328275423,0.19475657328275423,0.13518635278330435,0.19402524810223437,0.19402524810223437,0.0845724329915686,0.15161310711949938,0.024077557908497662,0.15161310711949938,0.14626411663596028,0.13902535674013336,0.13902535674013336
393,24,0.0014660948384013304,0.00020539209526208014,0.0025904179878730115,0.10072435993468805,0.003542612722985186,0.2018634893326811,73,False,58,0,34,0,0,0,0,9265,9385,9193,9339,8069,8933,8050,8603,9274,9060,8269,8725,8584,9372,9281,8828,9329,9233,9356,8757,9262,9334,9335,9214,0.0006561976872021583,0.0007039181394936145,0.0004722632883389277,0.0002677204739745638,0.0002889296999384194,0.00020539209526208014,0.00021918305294403573,0.0003776841040277268,0.0008374827983983681,0.0004418954061898334,0.0013262809318254647,0.0013262809318254647,0.002584587760490787,0.002584587760490787,0.0022877010808493715,0.0025904179878730115,0.0025904179878730115,0.001969804476109205,0.00217479908202155,0.002373391909747622,0.00217479908202155,0.002210937476128975,0.0022608014543027007,0.0022608014543027007,0.13184034118453294,0.2018634893326811,0.04788427721158621,0.12584589510580985,0.0122538358119384,0.022877417368402764,0.003542612722985186,0.023464657896974717,0.15017265012793046,0.06765852020749091,0.013392498277160977,0.013392498277160977,0.1785268588425247,0.1785268588425247,0.12392082338469565,0.17785647742704816,0.17785647742704816,0.0775247302422712,0.13897868152620776,0.022071094749456188,0.13897868152620776,0.13407544024963025,0.12743991034512225,0.12743991034512225
394,24,0.0015293741045529976,0.0001955415818581446,0.0026420177837544532,0.10423932369836016,0.003247394996069754,0.24636843764146082,74,False,59,0,34,0,0,0,0,9265,9385,9339,8069,8933,8050,8603,9274,9060,8269,8725,8584,9372,9471,9281,8828,9329,9233,9356,8757,9262,9334,9335,9214,0.0006440871502372995,0.0007046117788142119,0.00026233868928104954,0.0002742554739870802,0.0001955415818581446,0.0002075441198599359,0.00035962969027122704,0.000826258282744848,0.00042601233927126475,0.0012593230534906654,0.0012593230534906654,0.0025702791629660933,0.0025702791629660933,0.0026420177837544532,0.002240504732835071,0.0026420177837544532,0.002575593451812875,0.0019042587671405575,0.002138934115022535,0.0022590548370614028,0.002138934115022535,0.002171492252190959,0.0022163435657192626,0.0022163435657192626,0.12085364608582186,0.185041531888291,0.11535873718032569,0.0112326828276102,0.020970965921035867,0.003247394996069754,0.02150926973889349,0.13765826261726957,0.062020310190200004,0.01227645675406423,0.01227645675406423,0.16364962060564764,0.16364962060564764,0.24636843764146082,0.11359408810263767,0.24636843764146082,0.16303510430812748,0.07106433605541526,0.12739712473235712,0.02023183685366817,0.12739712473235712,0.12290248689549439,0.11681991781636206,0.11681991781636206
395,24,0.0015004358175486913,0.00018606411309780562,0.002677794093433148,0.09555271339016348,0.002976778746397274,0.22583773450467243,75,False,59,0,34,0,0,0,0,9265,9385,9339,8069,8933,8050,8603,9274,9060,8269,8725,8584,9372,9471,9281,8828,9329,9233,9356,8757,9262,9334,9335,9214,0.0006302576467668128,0.0007019907235613813,0.00025631110186560564,0.00026025207862608355,0.00018606411309780562,0.0001965069812421659,0.0003422508321152214,0.0008123318343955987,0.00041005208376129147,0.0011953718475738336,0.0011953718475738336,0.0025454208701028986,0.0025454208701028986,0.002677794093433148,0.0021879444039932293,0.002677794093433148,0.0025502447725003342,0.0018375660054946908,0.002096847577419068,0.002149118470200157,0.002096847577419068,0.0021260868398361205,0.0021663064783270965,0.0021663064783270965,0.11078250891200336,0.16962140423093341,0.10574550908196521,0.01029662592530935,0.01922338542761621,0.002976778746397274,0.0197168305939857,0.1261867407324971,0.05685195100768334,0.011253418691225543,0.011253418691225543,0.15001215222184366,0.15001215222184366,0.22583773450467243,0.10412791409408453,0.22583773450467243,0.14944884561578353,0.06514230805079732,0.11678069767132736,0.018545850449195822,0.11678069767132736,0.11266061298753652,0.10708492466499855,0.10708492466499855
396,24,0.0014680442392718373,0.00017695935628570108,0.0026984924821397693,0.08758998727431654,0.002728713850864168,0.20701792329594973,76,False,59,0,34,0,0,0,0,9265,9385,9339,8069,8933,8050,8603,9274,9060,8269,8725,8584,9372,9471,9281,8828,9329,9233,9356,8757,9262,9334,9335,9214,0.0006149878450620139,0.0006963652679573101,0.00024974862863730204,0.00024689895098405914,0.00017695935628570108,0.00018604269246354536,0.00032554831314559967,0.000796078130989895,0.0003941188210060738,0.0011343431377688433,0.0011343431377688433,0.0025111925121700926,0.0025111925121700926,0.0026984924821397693,0.0021309595614094506,0.0026984924821397693,0.002515554616885379,0.0017702702086900546,0.002049485766512093,0.0020435668643258437,0.002049485766512093,0.0020756678831443886,0.0021116334021779436,0.0021116334021779436,0.10155063316933641,0.15548628721168894,0.09693338332513478,0.009438573764866905,0.017621436641981524,0.002728713850864168,0.018073761377820224,0.11567117900478902,0.05211428842370972,0.01031563380029008,0.01031563380029008,0.13751113953669003,0.13751113953669003,0.20701792329594973,0.09545058791957749,0.20701792329594973,0.13699477514780156,0.059713782379897544,0.10704897286538341,0.017000362911762837,0.10704897286538341,0.10327222857190847,0.09816118094291534,0.09816118094291534
397,24,0.0014328897055037413,0.00016822462821402019,0.0027050540900652857,0.08376304389034571,0.008652025951127995,0.1897664296879539,77,False,59,0,34,0,0,0,0,9265,9385,9339,8069,8933,9533,8603,9274,9060,8269,8725,8584,9372,9471,9281,8828,9329,9233,9356,8757,9262,9334,9335,9214,0.0005985383070540694,0.0006880553840013264,0.00024275426915778634,0.0002341746645537545,0.00016822462821402019,0.00018066561228499687,0.00030951843347724845,0.0007778552247305748,0.000378302337504653,0.0010761474925638271,0.0010761474925638271,0.0024687650375177683,0.0024687650375177683,0.0027050540900652857,0.002070420700680311,0.0027050540900652857,0.0024726957914895974,0.001702847803041784,0.001997740885477577,0.0019423583209397552,0.001997740885477577,0.0020211228109170325,0.0020532018163969836,0.0020532018163969836,0.09308808040522504,0.14252909661071486,0.08885560138137354,0.008652025951127995,0.016152983588483064,0.08583465436329216,0.016567614596335205,0.10603191408772326,0.047771431055067246,0.009455997650265906,0.009455997650265906,0.1260518779086325,0.1260518779086325,0.1897664296879539,0.0874963722596127,0.1897664296879539,0.12557854388548476,0.05473763384823941,0.09812822512660145,0.015583666002449266,0.09812822512660145,0.09466620952424942,0.08998108253100573,0.08998108253100573
398,24,0.0014234211700639183,0.00015985528457010634,0.0026985606118835512,0.09519235101874646,0.007931023788533996,0.19844699856169434,78,False,56,0,34,0,0,0,0,9265,9385,9339,8069,8933,9533,8603,9559,9560,8269,8725,8584,9372,9471,9281,8828,9329,9568,9569,8757,9262,9334,9335,9214,0.000581149625267369,0.0006773818343709714,0.0002354225380479799,0.00022205721623612564,0.00015985528457010634,0.00017506091026336454,0.00029415374117144726,0.0007775489354197376,0.0003720326212550018,0.0010206916916722588,0.0010206916916722588,0.002419276872562076,0.002419276872562076,0.0026985606118835512,0.0020071250079811928,0.0026985606118835512,0.002485291599128275,0.002485291599128275,0.0016778966936120102,0.0018454297514858909,0.001942442920544366,0.0019632729489642456,0.001991818250925955,0.001991818250925955,0.08533074037145628,0.1306516718931553,0.08145096793292574,0.007931023788533996,0.01480690162277614,0.07868176649968447,0.015186980046640604,0.180529254580413,0.12712381180047833,0.00866799784607708,0.00866799784607708,0.1155475547495798,0.1155475547495798,0.17395256054729108,0.08020500790464496,0.17395256054729108,0.19844699856169434,0.19844699856169434,0.13350949769421946,0.014285027168911826,0.089950873032718,0.08677735873056197,0.08248265898675525,0.08248265898675525
399,24,0.0013951999077628687,0.0001518450635783197,0.0026801849203282216,0.09420409954496205,0.007270105139489495,0.18190974868155313,79,False,56,0,34,0,0,0,0,9265,9385,9339,8069,8933,9533,8603,9559,9560,8269,8725,8584,9372,9471,9281,8828,9329,9568,9569,8757,9262,9334,9599,9214,0.0005630414264337658,0.0006646590040527959,0.00022783921688352253,0.0002105242703220346,0.0001518450635783197,0.0001692905714862359,0.00027944367867695257,0.000773678128864429,0.0003646844373545402,0.0009678799799909951,0.0009678799799909951,0.0023638157135314045,0.0023638157135314045,0.0026801849203282216,0.0019417946580332166,0.0026801849203282216,0.0024853611354876868,0.0024853611354876868,0.0016477002153023358,0.001752700519931762,0.001884354714886778,0.001902869656562058,0.001977944362631746,0.001977944362631746,0.0782198453405016,0.11976403256872568,0.07466338727184858,0.007270105139489495,0.013572993154211462,0.07212495262471076,0.01392139837608722,0.16548515003204525,0.11653016081710513,0.007945664692237323,0.007945664692237323,0.10591859185378148,0.10591859185378148,0.15945651383501683,0.07352125724592455,0.15945651383501683,0.18190974868155313,0.18190974868155313,0.12238370621970117,0.013094608238169173,0.08245496694665816,0.0795459121696818,0.15894243740452565,0.15894243740452565
400,24,0.00136382678063499,0.00014418638770967521,0.002651148189125232,0.08635375791621519,0.006664263044532037,0.16675060295809035,80,False,57,0,34,0,0,0,0,9265,9385,9339,8069,8933,9533,8603,9559,9560,8269,8725,8584,9372,9471,9281,8828,9329,9568,9569,8757,9262,9334,9599,9214,0.0005444120749046513,0.0006501893291592955,0.00022008136023618226,0.00019955336453409325,0.00014418638770967521,0.00016341005323540516,0.00026537515122598186,0.0007665895659735535,0.0003564222429595612,0.0009176151335782623,0.0009176151335782623,0.0023034053124160133,0.0023034053124160133,0.002651148189125232,0.0018750771981259004,0.002651148189125232,0.002473944876781788,0.002473944876781788,0.0016130127776191323,0.0016640758095049632,0.0018241696658450872,0.0018405929175656316,0.001956233906419029,0.001956233906419029,0.07170152489545979,0.10978369652133187,0.06844143833252786,0.006664263044532037,0.012441910391360505,0.06611453990598486,0.012761281844746617,0.15169472086270813,0.10681931408234636,0.007283525967884212,0.007283525967884212,0.09709204253263302,0.09709204253263302,0.1461684710154321,0.06739448580876417,0.1461684710154321,0.16675060295809035,0.16675060295809035,0.11218506403472607,0.012003390884988408,0.07558371970110331,0.07291708615554165,0.14569723428748185,0.14569723428748185
401,24,0.0013120743381123748,0.00013687062725884942,0.0026126838173439783,0.08529793414758374,0.006108907790821034,0.2168891314301917,81,False,59,0,34,0,0,0,0,9265,9385,9339,8069,8933,9533,8603,9559,9560,8269,8725,8584,9372,9471,9281,8828,9568,9569,8757,9262,9334,9647,9599,9214,0.0005254389251397596,0.00063425916006636,0.00021221749775924344,0.0001891220827711184,0.00013687062725884942,0.00015746848502687738,0.00025193302410924057,0.0007566377113706133,0.00034740103977209426,0.0008697993599990474,0.0008697993599990474,0.002238996568349211,0.002238996568349211,0.0026126838173439783,0.001807547531655193,0.0026126838173439783,0.002452147192538439,0.0015745513438358185,0.001579449557917643,0.0017625115173241237,0.0017770518687186105,0.001977309875194221,0.0019275973076600921,0.001977309875194221,0.06572639782083814,0.1006350551445542,0.06273798513815053,0.006108907790821034,0.011405084525413795,0.060604994913819446,0.011697841691017731,0.1390534941241491,0.09791770457548417,0.006676565470560527,0.006676565470560527,0.08900103898824693,0.08900103898824693,0.13398776509747942,0.06177827865803382,0.13398776509747942,0.1528547193782495,0.1028363086984989,0.011003108311239374,0.06928507639267803,0.06684066230924651,0.2168891314301917,0.13355579809685836,0.2168891314301917
402,24,0.0013033724053174633,0.00012988832947101404,0.0025660080425607143,0.08945284291121913,0.005599832141585948,0.19881503714434237,82,False,59,0,34,0,0,0,0,9265,9385,9339,8069,8933,9653,8603,9559,9560,8269,8725,8584,9372,9660,9471,9281,8828,9568,9569,8757,9262,9647,9599,9214,0.0005062789909197188,0.0006171358751348479,0.00020430798197743893,0.00017920819873850572,0.00012988832947101404,0.00015541636802505034,0.0002391005555803926,0.000744175468874053,0.0003377649755432126,0.000824335053293636,0.000824335053293636,0.0021714622339252965,0.002227464056776388,0.002227464056776388,0.0025660080425607143,0.0017397110814389332,0.0025660080425607143,0.002421099957853734,0.0015329875881328206,0.001498707003717847,0.001699935775879582,0.0019876057140406802,0.0018929316090638337,0.0019876057140406802,0.06024919800243496,0.09224880054917468,0.057509819709971315,0.005599832141585948,0.010454660814962645,0.1388879120043345,0.010723021550099587,0.1274657029471367,0.08975789586086048,0.006120185014680483,0.006120185014680483,0.08158428573922635,0.1649176190725597,0.1649176190725597,0.1228221180060228,0.056630088769864334,0.1228221180060228,0.14011682609672868,0.09426661630695732,0.010086182618636093,0.06351132002662152,0.19881503714434237,0.12242614825545349,0.19881503714434237
403,24,0.0012521656846278997,0.0001232294167264083,0.002512296839894307,0.09315649789665055,0.005133179463120452,0.23450781748317973,83,False,60,0,34,0,0,0,0,9265,9385,9339,8069,8933,9653,8603,9559,9560,8269,8725,9684,9372,9471,9281,8828,9568,9569,9691,8757,9262,9647,9599,9214,0.00048706991787524426,0.0005990660558022122,0.00019640543917126335,0.00016978979421504732,0.0001232294167264083,0.00015284948523173507,0.00022685977185006245,0.0007295467828566965,0.0003276464993109862,0.0007811254218237466,0.0007811254218237466,0.0022636155933528812,0.0022636155933528812,0.002512296839894307,0.0016720077789205343,0.002512296839894307,0.002381932408229777,0.0014889427864227243,0.0014583930972885773,0.0014583930972885773,0.0016369323405784314,0.001987866233961554,0.001853103581236337,0.001987866233961554,0.05522843150223204,0.08456140050341013,0.05271733473414037,0.005133179463120452,0.009583439080382424,0.12731391933730662,0.00982943642092462,0.1168435610348753,0.08227807120578877,0.0056101695967904425,0.0056101695967904425,0.23450781748317973,0.23450781748317973,0.1125869415055209,0.05191091470570897,0.1125869415055209,0.12844042392200128,0.08641106494804421,0.09257900073374976,0.09257900073374976,0.058218710024403056,0.18224711738231383,0.1122239692341657,0.18224711738231383
404,24,0.001231718885400777,0.00011688335707882086,0.0024526685187756248,0.09581012307192967,0.004705414507860414,0.29829883269291474,84,False,60,0,34,0,0,0,0,9265,9385,9339,8069,8933,9653,8603,9559,9560,8269,8725,9707,9372,9471,9281,8828,9568,9713,9691,8757,9716,9647,9599,9214,0.0004679311643225158,0.0005802745393052597,0.0001885552880705098,0.00016084535530355308,0.00011688335707882086,0.00014983846453443437,0.0002151917902619718,0.0007130809556955086,0.00031716597075590573,0.0007400750053638617,0.0007400750053638617,0.002345631506972874,0.002286658775301712,0.0024526685187756248,0.0016048165873287048,0.0024526685187756248,0.002335746990518851,0.0014801994399483319,0.0014158220947526065,0.0014158220947526065,0.001614520491046286,0.0019789221568832912,0.0018089370216226375,0.0019789221568832912,0.05062606221037937,0.07751461712812595,0.04832422350629534,0.004705414507860414,0.008784819157017221,0.11670442605919773,0.009010316719180901,0.10710659761530235,0.07542156527197304,0.005142655463724572,0.005142655463724572,0.29829883269291474,0.2149654993595814,0.10320469638006081,0.04758500514689989,0.10320469638006081,0.1177370552618345,0.16254347620237386,0.08486408400593728,0.08486408400593728,0.13670048418903613,0.16705985760045433,0.10287197179798521,0.16705985760045433
405,24,0.0012458988940436157,0.00011083931021080553,0.0024122270377443726,0.11119889416359226,0.0043132966322053795,0.27344059663517184,85,False,59,0,34,0,0,0,0,9265,9385,9339,8069,8933,9653,8603,9559,9728,9729,9707,9372,9471,9734,8828,9568,9713,9737,9691,8757,9716,9647,9599,9214,0.0004489653125150752,0.0005609641780261623,0.0001807962977654897,0.000152353849640664,0.00011083931021080553,0.00014645091196871561,0.0002040770963297009,0.0006950884929000895,0.00031433447723014845,0.0007191711488733437,0.0024122270377443726,0.0022973272695528614,0.002388171328539631,0.001578137081587794,0.002388171328539631,0.002283600745905871,0.001503222995179193,0.001503222995179193,0.001371526830142562,0.001371526830142562,0.001586882247294022,0.001961655980142372,0.0017612037314941411,0.001961655980142372,0.046407223692847756,0.07105506570078211,0.04429720488077073,0.0043132966322053795,0.008052750893932453,0.10697905722093125,0.008259456992582492,0.09818104781402714,0.1524697681659753,0.08804743417508086,0.27344059663517184,0.19705170774628294,0.09460430501505575,0.12695292138465825,0.09460430501505575,0.10792563399001497,0.23233151985217604,0.23233151985217604,0.07779207700544251,0.07779207700544251,0.12530877717328312,0.15313820280041646,0.09429930748148645,0.15313820280041646
406,24,0.0012389018358755454,0.00010508625162531949,0.0024635010591263205,0.1070769226496902,0.003953855246188264,0.296303893197828,86,False,62,0,34,0,0,0,0,9265,9385,9339,8069,8933,9653,8603,9559,9728,9729,9707,9372,9471,9734,8828,9568,9761,9691,8757,9716,9647,9599,9214,9766,0.00043025944784831334,0.0005413161515009042,0.00017316116218766571,0.000144294787200804,0.00010508625162531949,0.00014275056212498903,0.00019349577987509022,0.0006758582698278197,0.00031032115037368997,0.0006972926861265385,0.0024635010591263205,0.0022964938772307678,0.002319775347656443,0.001546892541150302,0.002319775347656443,0.0022264916306916406,0.0015567389422234269,0.0013259882398155623,0.0013259882398155623,0.001554748420692987,0.0019369727671729212,0.0017547343159583296,0.0019369727671729212,0.0017547343159583296,0.04253995505177711,0.06513381022571693,0.0406057711407065,0.003953855246188264,0.007381688319438082,0.09806413578585364,0.007571168909867284,0.08999929382952487,0.13976395415214402,0.08071014799382412,0.2506538802489075,0.18063073210075936,0.08672061293046776,0.11637351126927005,0.08672061293046776,0.09893183115751371,0.296303893197828,0.07130940392165563,0.07130940392165563,0.11486637907550952,0.14037668590038174,0.16977436519136258,0.14037668590038174,0.16977436519136258
407,24,0.0012176327609789725,9.961307764931768e-05,0.0024998588556391374,0.09815384576221602,0.003624367309005909,0.271611902098009,87,False,62,0,34,0,0,0,0,9265,9385,9339,8069,8933,9653,8603,9559,9728,9729,9707,9372,9471,9734,8828,9568,9761,9691,8757,9716,9647,9599,9214,9766,0.0004118865570908058,0.0005214906962553244,0.00016567707366339118,0.00013664826701975641,9.961307764931768e-05,0.00013879669948087066,0.00018342773506584424,0.0006556558117404269,0.00030527073020213276,0.0006746918069891871,0.0024998588556391374,0.002285126384111496,0.0022483679418409254,0.0015117802189719882,0.0022483679418409254,0.002165349118999561,0.001600042484513614,0.0012796360519311786,0.0012796360519311786,0.0015188164975874661,0.0019057759326633343,0.0017407471978220712,0.0019057759326633343,0.0017407471978220712,0.03899495879746235,0.059705992706907185,0.03722195687898096,0.003624367309005909,0.0067665476261515745,0.08989212447036583,0.0069402381673783434,0.08249935267706446,0.12811695797279868,0.0739843023276721,0.22976605689483187,0.16557817109236275,0.07949389518626211,0.10667571866349754,0.07949389518626211,0.09068751189438756,0.271611902098009,0.065366953594851,0.065366953594851,0.10529418081921706,0.1286786287420166,0.15562650142541568,0.1286786287420166,0.15562650142541568
408,24,0.0012096228485316838,9.440869358599885e-05,0.0025869962418807067,0.1028426459203201,0.003322336699922083,0.29395221882026257,88,False,62,0,34,0,0,0,0,9265,9385,9339,8069,8933,9653,9798,9559,9728,9729,9707,9802,9471,9734,8828,9568,9761,9691,8757,9716,9647,9599,9214,9766,0.0003939069083350475,0.0005016281382136981,0.00015836628241773222,0.00012939501188369775,9.440869358599885e-05,0.0001346438078874163,0.00017833647810092907,0.0006347224876533387,0.00029932444285198903,0.0006515948049022319,0.0025869962418807067,0.0025869962418807067,0.002174752118362369,0.0014734571353666396,0.002174752118362369,0.002101028420937995,0.0016332160504057994,0.0012328504743246867,0.0012328504743246867,0.0014797423371555633,0.0018689478296296184,0.0017200420183337856,0.0018689478296296184,0.0017200420183337856,0.03574537889767382,0.05473049331466492,0.03412012713906588,0.003322336699922083,0.00620266865730561,0.08240111409783535,0.08969521832009683,0.07562440662064242,0.11744054480839879,0.06781894380036609,0.29395221882026257,0.29395221882026257,0.07286940392074026,0.0977860754415394,0.07286940392074026,0.08313021923652193,0.2489775769231749,0.05991970746194674,0.05991970746194674,0.09651966575094896,0.11795540968018188,0.14265762630663104,0.11795540968018188,0.14265762630663104
409,24,0.001190155907910442,8.946208712329509e-05,0.0026572074327623277,0.0977446476491823,0.0030454753082619092,0.26945620058524067,89,False,65,0,34,0,0,0,0,9265,9385,9339,8069,8933,9653,9798,9559,9728,9825,9707,9802,9471,9734,8828,9568,9761,9691,8757,9716,9647,9599,9214,9766,0.00037636938513318846,0.00048185013134082263,0.00015124663254709552,0.00012251639277809507,8.946208712329509e-05,0.00013034140724883783,0.00017299098840042968,0.0006132754341331047,0.0002926176328362082,0.000644404023494057,0.0026572074327623277,0.0026572074327623277,0.0020996471655032076,0.0014325341836514782,0.0020996471655032076,0.0020343076750361675,0.001656542050290541,0.001185964606846448,0.001185964606846448,0.001438134609808078,0.0018273347701709159,0.0016934206027317041,0.0018273347701709159,0.0016934206027317041,0.032766597322867665,0.05016961887177617,0.031276783210810385,0.0030454753082619092,0.005685779602530142,0.0755343545896824,0.08222061679342209,0.06932237273558887,0.10765383274103221,0.14550069848366892,0.26945620058524067,0.26945620058524067,0.0667969535940119,0.08963723582141112,0.0667969535940119,0.07620270096681177,0.22822944551291033,0.05492639850678451,0.05492639850678451,0.0884763602717032,0.10812579220683338,0.13076949078107844,0.10812579220683338,0.13076949078107844
410,24,0.0011700311522499132,8.476238888975141e-05,0.002710661942465484,0.1043530127211834,0.0027916856992400833,0.24700151720313726,90,False,65,0,34,0,0,0,0,9265,9385,9339,8069,8933,9653,9798,9559,9728,9825,9707,9802,9471,9734,8828,9568,9761,9691,8757,9716,9862,9599,9861,9863,0.0003593127553521092,0.00046226102371681296,0.00014433206795688513,0.000115994444665833,8.476238888975141e-05,0.0001259340396766577,0.00016745477806914957,0.0005915080448919007,0.00028527802610116146,0.0006349358736235085,0.002710661942465484,0.002710661942465484,0.0020236910379518645,0.0013895725786389117,0.0020236910379518645,0.0019658875224179274,0.0016704651974796484,0.0011392673489908124,0.0011392673489908124,0.001394551532544375,0.0018276868234446794,0.0017045232992374266,0.0017045232992374266,0.0017045232992374266,0.030036047545962025,0.045988817299128154,0.02867038460990952,0.0027916856992400833,0.00521196463565263,0.0692398250405422,0.07536889872730358,0.06354550834095647,0.09868268001261286,0.13337564027669652,0.24700151720313726,0.24700151720313726,0.06123054079451091,0.08216746616962685,0.06123054079451091,0.06985247588624412,0.20921032505350112,0.05034919863121913,0.05034919863121913,0.08110333024906127,0.18244864285626394,0.20320536654932192,0.20320536654932192,0.20320536654932192
411,24,0.0011925325544981868,8.029892184692892e-05,0.0028187219331238978,0.11316901423224761,0.0025590452243034094,0.3097513907695425,91,False,66,0,34,0,0,0,0,9265,9385,9339,8069,8933,9653,9798,9559,9728,9825,9707,9802,9875,9734,8828,9568,9761,9691,9882,9716,9862,9599,9861,9863,0.0003427668618235437,0.0004429492879987666,0.00013763310415064147,0.00010981187496331663,8.029892184692892e-05,0.00012146137145291561,0.00016178496028915177,0.000569590883444438,0.00027742453966196764,0.0006234857940707916,0.0027478549910131744,0.0028187219331238978,0.0028187219331238978,0.0013450822257128471,0.0019474440240817446,0.001896392532318395,0.0016755556737575211,0.0010930066151918127,0.0011211951610862509,0.0013494994798295627,0.0018195661512262374,0.001706844329262893,0.001706844329262893,0.001706844329262893,0.027533043583798524,0.04215641585753414,0.02628118589241706,0.0025590452243034094,0.004777634249348244,0.06346983962049701,0.06908815716669495,0.05825004931254343,0.09045912334489511,0.1222610035869718,0.22641805743620916,0.3097513907695425,0.3097513907695425,0.07532017732215794,0.05612799572830166,0.0640314362290571,0.1917761312990427,0.04615343207861754,0.12948676541195087,0.07434471939497284,0.1672445892849086,0.1862715860035451,0.1862715860035451,0.1862715860035451
412,24,0.0012660755858447735,7.606124102079032e-05,0.002983061268428241,0.12075068507956092,0.0023457914556114586,0.367272108205414,92,False,66,0,34,0,0,0,0,9265,9385,9339,8069,8933,9653,9798,9559,9728,9825,9707,9802,9875,9899,9734,8828,9568,9761,9882,9716,9862,9599,9861,9863,0.0003267537270703448,0.0004239889670163125,0.00013115726363943913,0.00010395206590508297,7.606124102079032e-05,0.00011695838153919172,0.00015603238366920552,0.0005476728976080424,0.000269166552394152,0.0006103391746159476,0.002769545062126259,0.002983061268428241,0.0029080625863169627,0.002983061268428241,0.0012995216220794373,0.0018713933047540337,0.001826374016740889,0.0016724746802570612,0.0010997775727200714,0.0013034330842973548,0.001803783691069765,0.0017010810828592463,0.0017010810828592463,0.0017010810828592463,0.025238623285148646,0.03864338120273962,0.02409108706804897,0.0023457914556114586,0.004379498061902557,0.05818068631878893,0.06333081073613703,0.05339587853649814,0.08292086306615386,0.11207258662139082,0.2075498859831917,0.367272108205414,0.28393877487208063,0.367272108205414,0.06904349587864478,0.05145066275094319,0.05869548320996901,0.17579478702412246,0.11869620162762162,0.06814932611205843,0.15330754017783288,0.170748953836583,0.170748953836583,0.170748953836583
413,24,0.0012630182623471471,7.20391649034518e-05,0.0031275960863437185,0.11068812798959748,0.0021503088343105036,0.33666609918829615,93,False,66,0,34,0,0,0,0,9265,9385,9339,8069,8933,9653,9798,9559,9728,9825,9707,9802,9875,9899,9734,8828,9568,9761,9882,9716,9862,9599,9861,9863,0.0003112885684504367,0.0004054410970591789,0.00012490947419163646,9.839907182965239e-05,7.20391649034518e-05,0.00011245561178696525,0.00015024187700269615,0.000525882835145031,0.0002606035549096762,0.0005957671914571681,0.002776693133430742,0.0031275960863437185,0.0029786216906112157,0.0031275960863437185,0.0012532989438454373,0.0017959580823363615,0.0017563138409422028,0.0016619433927769055,0.0010755136097892713,0.001256756484790258,0.0017811714398459954,0.0016879823528466052,0.0016879823528466052,0.0016879823528466052,0.023135404678052925,0.03542309943584465,0.022083496479044888,0.0021503088343105036,0.0040145398900773436,0.053332295792223185,0.058053243174792275,0.04894622199178996,0.07601079114397437,0.10273320440294158,0.19025406215125906,0.33666609918829615,0.26027721029940726,0.33666609918829615,0.06328987122209104,0.047163107521697924,0.05380419294247159,0.1611452214387789,0.10880485149198649,0.062470215602720224,0.14053191182968014,0.1565198743502011,0.1565198743502011,0.1565198743502011
414,24,0.0012572875255842189,6.82227997010035e-05,0.0032511435986088562,0.10493633954601993,0.001971116431451295,0.3086105909226048,94,False,68,0,34,0,0,0,0,9265,9385,9339,8069,8933,9653,9798,9559,9728,9825,9707,9802,9875,9899,9734,8828,9568,9761,9882,9716,9862,9599,9861,9959,0.0002963807231567279,0.00038735508133041184,0.00011889243023482265,9.313761228003532e-05,6.82227997010035e-05,0.0001079794582162951,0.00014445257262905788,0.0005043307786861395,0.00025182510274956933,0.0005800238517516663,0.002770406048262454,0.0032511435986088562,0.003030740068303903,0.0032511435986088562,0.0012067740181088253,0.0017214950211877564,0.0016866289023874147,0.0016447158988790015,0.001048875042171386,0.001209825425360289,0.001752560133092591,0.0016683221878841137,0.0016683221878841137,0.0017113480725459628,0.02120745428821518,0.03247117448285759,0.020243205105791147,0.001971116431451295,0.003679994899237565,0.048887937809537915,0.05321547291022625,0.044867370159140794,0.06967655854864317,0.09417210403602977,0.17439955697198747,0.3086105909226048,0.23858744277445665,0.3086105909226048,0.058015715286916784,0.04323284856155643,0.04932051019726562,0.14771645298554734,0.09973778053432095,0.057264364302493535,0.12882091917720678,0.14347655148768432,0.14347655148768432,0.22680988482101766
415,24,0.0011805801046289907,6.460255746227881e-05,0.0033531184582715123,0.10030110835543449,0.0018068567288303536,0.2828930416790544,95,False,70,0,34,0,0,0,0,9265,9385,9339,8069,8933,9653,9798,9559,9728,9825,9707,9802,9875,9734,8828,9568,9761,9978,9716,9862,9599,9981,9861,9959,0.0002820344848100103,0.00036976999420964917,0.00011310691851833428,8.8153061689645e-05,6.460255746227881e-05,0.00010355248659495931,0.0001386982819995733,0.0004831097348664114,0.00024291100512807947,0.0005633440707771275,0.002751885644968019,0.0033531184582715123,0.0030650928314464687,0.0011602609248576154,0.0016483037960132777,0.0016176760115501235,0.0016215563406738187,0.0010466152882113975,0.001162949954635876,0.0017187613426377995,0.0016852477239471123,0.0016852477239471123,0.0016428780416128104,0.0017250458322667635,0.019440166430863916,0.029765243275952792,0.01855627134697522,0.0018068567288303536,0.0033733286576344344,0.04481394299207642,0.04878085016770739,0.04112842264587906,0.06387017866958958,0.08632442869969395,0.15986626055765518,0.2828930416790544,0.21870515587658526,0.05318107234634038,0.03963011118142672,0.045210467680826816,0.13540674857008506,0.17475963215646087,0.052492333943952404,0.11808584257910622,0.2148535055303773,0.2148535055303773,0.13152017219704396,0.20790906108593285
416,24,0.0011663371800340668,6.27467165647233e-05,0.00343347025481291,0.09888712710359271,0.0016562853347611573,0.25931862153913315,96,False,68,0,34,0,0,0,0,9265,9385,9339,8069,9988,9653,9798,9559,9992,9825,9707,9802,9875,9734,8828,9568,9761,9978,9716,9862,9599,9981,9861,9959,0.0002682498550301559,0.0003527158035823472,0.00010755210970256516,8.343143631663536e-05,6.27467165647233e-05,9.919375899412532e-05,0.0001330079020055258,0.00046229722720995123,0.00023996476823856498,0.00054594260823722,0.00272238454064496,0.00343347025481291,0.00308262034014331,0.001114031016883119,0.0015766325920102751,0.001549756962197632,0.0015932202203276012,0.0010397234301582098,0.0011163975182602384,0.0016805536555610056,0.0016930572021249032,0.0016930572021249032,0.0016124131014597252,0.0017296720982269951,0.017820152561625256,0.02728480633629006,0.01700991540139395,0.0016562853347611573,0.08642555126949825,0.04107944774273672,0.04471577932039844,0.037701054092055805,0.14188099711379046,0.07913072630805279,0.14654407217785057,0.25931862153913315,0.20047972622020316,0.04874931631747868,0.03632760191630783,0.04144292870742458,0.12412285285591129,0.1601963294767558,0.04811797278195637,0.10824535569751403,0.1969490467361792,0.1969490467361792,0.12056015784729028,0.19058330599543843
417,24,0.0011486947978854,6.081021909972602e-05,0.0034926094675788327,0.09411875540051556,0.015592422451277786,0.23770873641087203,97,False,70,0,34,0,0,0,0,9265,9385,9339,10011,9988,9653,9798,9559,9992,9825,9707,9802,9875,9734,8828,9568,9761,9978,9716,9862,9599,9981,9861,9959,0.00025502321449711197,0.00033621450374156305,0.00010222581790918284,8.099573453757793e-05,6.081021909972602e-05,9.491916099096766e-05,0.00012740583504065807,0.0004419568547340845,0.00023619940254759203,0.0005280137007877699,0.002683168894045392,0.0034926094675788327,0.0030844622340371643,0.0010683161857118104,0.0015066834408434667,0.0014831236260894694,0.0015604396367536197,0.001028672354864783,0.0010703962766121496,0.0016386724998829726,0.0016923943536609747,0.0016923943536609747,0.0015776625127251708,0.0017259148688965823,0.016335139848156485,0.025011072474932554,0.015592422451277786,0.08485159489019774,0.07922342199704005,0.03765616043084199,0.0409894643770319,0.03455929958438449,0.13005758068764126,0.07253649911571505,0.13433206616302967,0.23770873641087203,0.18377308236851955,0.044686873291022125,0.03330030175661551,0.0379893513151392,0.11377928178458535,0.1468466353536928,0.044108141716793337,0.09922490938938786,0.1805366261748309,0.1805366261748309,0.11051347802668275,0.17470136382915188
418,24,0.0010559215935503552,5.8814721561043855e-05,0.0030718968871424573,0.09081343863658746,0.014293053913671304,0.24347625017672256,98,False,72,0,34,0,0,0,0,9265,9385,9339,10011,9988,9653,9798,9559,9992,9825,9707,9875,9734,8828,9568,9761,9978,9716,9862,9599,9981,9861,9959,10055,0.00024234791872697478,0.0003202811554556932,9.712473048554749e-05,7.846143584034906e-05,5.8814721561043855e-05,9.074172173721943e-05,0.0001219124096054463,0.00042213978862616484,0.00023172445775702542,0.0005097312430315758,0.00263548804269402,0.0030718968871424573,0.001023312236990035,0.0014386173097186861,0.0014179829473491305,0.0015239121000259093,0.0010139403674232134,0.001025138515052439,0.001593803135559487,0.0016839727259458062,0.0016839727259458062,0.0015393231091837295,0.0017587392796753808,0.0017587392796753808,0.014973878194143444,0.02292681643535484,0.014293053913671304,0.07778062864934793,0.07262147016395337,0.03451814706160516,0.03757367567894591,0.031679357952352445,0.11921944896367115,0.06649179085607212,0.12313772731611053,0.16845865883780958,0.04096296718343695,0.030525276610230884,0.03482357203887759,0.10429767496920324,0.13460941574088506,0.04043246324039389,0.0909561669402722,0.1654919073269283,0.1654919073269283,0.10130402152445918,0.24347625017672256,0.24347625017672256
419,24,0.0010446867680921343,5.677961500498191e-05,0.003046287744259838,0.09664088740071812,0.013101966087532028,0.30651989599532903,99,False,75,0,34,0,0,0,0,9265,9385,9339,10011,9988,9653,9798,9559,9992,9825,9707,9875,9734,8828,9568,9761,9978,9716,9862,9981,9861,10078,10079,10055,0.00023021482418200196,0.00030492483290440705,9.224461034150908e-05,7.585604984615945e-05,5.677961500498191e-05,8.667192124019144e-05,0.00011654429152359056,0.0004028861878579119,0.00022664522574430168,0.0004912493867821556,0.0025805506077512122,0.003046287744259838,0.000979182269537925,0.0013725588878584396,0.0013545017455017748,0.0014842925019766693,0.000995999661635509,0.0009807840442746217,0.0015465763204824702,0.0016685470562115166,0.0014980462075516458,0.0018270461472474624,0.0018270461472474624,0.0018270461472474624,0.013726055011298156,0.02101624839907527,0.013101966087532028,0.07129890959523559,0.06656968098362392,0.03164163480647139,0.034442536039033744,0.029039411456323074,0.10928449488336521,0.06095080828473278,0.11287625003976798,0.15442043726799212,0.0375493865848172,0.02798150355937831,0.031921607702304455,0.09560620205510297,0.12339196442914463,0.037063091303694395,0.08337648636191618,0.15170091504968428,0.09286201973075424,0.30651989599532903,0.30651989599532903,0.30651989599532903
420,24,0.0010277460531730519,5.472209123140592e-05,0.0030090372627900085,0.08858748011732494,0.012010135580237691,0.28097657132905157,100,False,77,0,34,0,0,0,0,9265,9385,9339,10011,9988,9653,9798,9559,9992,9825,9707,9875,9734,8828,9568,9761,9978,9716,9862,9981,9861,10078,10079,10055,0.00021861275048319076,0.00029014947948543667,8.758047323562949e-05,7.320415664751047e-05,5.472209123140592e-05,8.271798094650385e-05,0.00011131487856370196,0.00038422652145363916,0.00022106132123249272,0.00047270344668591156,0.0025195064671686956,0.0030090372627900085,0.0009360599784712038,0.0013086010362704779,0.0012928112638686247,0.0014421877947507252,0.0009753072382642655,0.0009374635140630158,0.0014975661790513268,0.0016468888598410133,0.0014544330074663502,0.0018832498580607052,0.0018832498580607052,0.0018832498580607052,0.012582217093689976,0.019264894365818998,0.012010135580237691,0.06535733379563262,0.061022207568321926,0.02900483190593211,0.0315723247024476,0.026619460501629482,0.10017745364308477,0.055871574261005044,0.1034698958697873,0.14155206749565943,0.03442027103608243,0.02564971159609678,0.029261473727112415,0.08763901855051105,0.1131093007267159,0.03397450036171986,0.0764284458317565,0.13905917212887725,0.08512351808652471,0.28097657132905157,0.28097657132905157,0.28097657132905157
421,24,0.0010836570490051834,5.265724322806235e-05,0.0030379266944166074,0.09724933609192454,0.011009290948551216,0.34089519038496396,101,False,78,0,34,0,0,0,0,9265,9385,9339,10011,9988,9653,9798,9559,9992,9825,9707,9875,10115,9734,8828,9568,9761,9978,9716,9862,9981,10126,10079,10055,0.0002075288844624415,0.00027595467613737143,8.312674234369777e-05,7.052750345493098e-05,5.265724322806235e-05,7.888613512202519e-05,0.0001062346734895348,0.0003661827905400655,0.00021506569547974678,0.00045421101817156315,0.002453433891989147,0.0030379266944166074,0.0030379266944166074,0.0008940528246332249,0.0012468088836053981,0.0012330114223404376,0.0013981539325764944,0.0009522980459385693,0.0008952815851640003,0.0014472898361940502,0.0016197662635002727,0.0019770499236259373,0.0019770499236259373,0.0019273438916682783,0.011533699002549145,0.01765948650200075,0.011009290948551216,0.05991088931266323,0.055937023604295096,0.026587762580437765,0.028941297643910298,0.02440117212649369,0.09182933250616103,0.051215609739254625,0.09484740454730503,0.2130893952043545,0.2130893952043545,0.031551915116408896,0.023512235629755383,0.02682301758318638,0.08033576700463513,0.10368352566615624,0.031143291998243203,0.07005940867911012,0.12747090778480413,0.34089519038496396,0.34089519038496396,0.2575618570516306
422,24,0.0010717097577365206,5.19031123027145e-05,0.00305049685286317,0.09261744697315304,0.010091850036171949,0.3124872578528836,102,False,78,0,34,0,0,0,0,9265,9385,9339,10011,10132,9653,9798,9559,9992,9825,9707,9875,10115,9734,8828,9568,9761,9978,9716,9862,9981,10126,10079,10055,0.000196949131628683,0.00026233632693887534,7.88773823535638e-05,6.78451426665135e-05,5.19031123027145e-05,7.518088162951021e-05,0.00010131163235616376,0.0003487696474913971,0.00020874401696749308,0.0004358732304176801,0.0023833311017292164,0.00305049685286317,0.00305049685286317,0.0008532450304717613,0.0011872235638494338,0.001175174751220399,0.001352694656140598,0.0009273800789747904,0.0008543199214589933,0.001396208425173125,0.0015879278996176504,0.002057583957250859,0.002057583957250859,0.0019595766320598743,0.010572557419003382,0.01618786262683402,0.010091850036171949,0.05491831520327463,0.13460893830393716,0.024372115698734615,0.026529522840251105,0.022367741115952546,0.08417688813064761,0.046947642260983406,0.08694345416836294,0.1953319456039916,0.1953319456039916,0.028922588856708155,0.0215528826606091,0.024587766117920847,0.07364111975424886,0.09504323186064322,0.02854801766505627,0.06422112462251761,0.11684833213607045,0.3124872578528836,0.3124872578528836,0.2360983689639947
423,24,0.0010582489869659973,5.0984729515851175e-05,0.0030479217210824497,0.09184377083650141,0.009250862533157619,0.28644665303181,103,False,79,0,34,0,0,0,0,10152,9385,9339,10011,10132,9653,9798,9559,9992,9825,9707,9875,10115,9734,10166,9568,9761,9978,9716,9862,9981,10126,10079,10055,0.00019167748283835877,0.0002492872674442691,7.482601521132923e-05,6.517359825312943e-05,5.0984729515851175e-05,7.160521156226981e-05,9.655148628537067e-05,0.0003319954126446573,0.00020217435514003072,0.0004177760721543075,0.00231011150430675,0.0030479217210824497,0.0030479217210824497,0.0008137003768850767,0.0011590047372158519,0.001119349996520334,0.0013062617360019135,0.0009009311511593648,0.0008146399786495576,0.001344729127576047,0.0015520905362361452,0.00212442731844556,0.00212442731844556,0.0019804068325273002,0.09302484430075311,0.01483887407459785,0.009250862533157619,0.05034178893633508,0.12339152677860907,0.022341106057173397,0.02431872927023018,0.020503762689623166,0.07716214745309363,0.043035338739234784,0.07969816632099935,0.17905428347032565,0.17905428347032565,0.02651237311864914,0.10309014243889168,0.02253878560809411,0.06750435977472811,0.08712296253892295,0.026169016192968245,0.058869364237307806,0.10711097112473124,0.28644665303181,0.28644665303181,0.2164235048836618
424,24,0.0011335372403773825,4.992548848920658e-05,0.0030314958523707906,0.10461862035490883,0.00847995732206115,0.3459094319458258,104,False,79,0,34,0,0,0,0,10152,9385,9339,10011,10132,10181,9559,9992,9825,9707,9875,10115,9734,10166,9568,9761,9978,9716,9862,9981,10126,10079,10055,10198,0.00018610558929019896,0.0002367978015927658,7.0966019506115e-05,6.252704972915486e-05,4.992548848920658e-05,6.991867942485514e-05,0.0003158629913782453,0.00019542710779353787,0.0003999917414320768,0.002234601928403563,0.0030314958523707906,0.0030314958523707906,0.0007754647869167498,0.0011284904801439667,0.001065565397459215,0.0012592563354678057,0.0008732970677759015,0.0007762855766964752,0.0012932079545800717,0.0015129300321747858,0.0021775018927719424,0.002233659477901339,0.0019904591874862895,0.002233659477901339,0.08527277394235702,0.013602301235048029,0.00847995732206115,0.04614663985830715,0.11310889954705831,0.10381268055240896,0.018795115798821236,0.07073196849866915,0.039449060510965216,0.07305665246091607,0.16413309318113184,0.16413309318113184,0.024303008692095045,0.0944992972356507,0.020660553474086265,0.06187899646016744,0.07986271566067936,0.023988264843554225,0.05396358388419882,0.09818505686433697,0.2625760986124925,0.3459094319458258,0.1983882128100233,0.3459094319458258
425,24,0.0009536594113319892,4.874765399364958e-05,0.0030025835049596215,0.09981477450910947,0.012468776132127359,0.32402809039478475,105,False,75,0,34,0,0,0,0,10152,9385,9339,10202,10011,10132,10181,9559,9992,9825,9707,9875,10115,9734,10166,9568,9761,9978,9716,9862,10219,10126,10220,10200,0.00018495376533500993,0.000224856173161227,6.902603447118495e-05,6.902603447118495e-05,5.991752511618862e-05,4.874765399364958e-05,6.809164044500135e-05,0.0003003706959814082,0.00018856511871756233,0.00038257998195325376,0.0021575432189733577,0.0030025835049596215,0.0030025835049596215,0.000738568690953426,0.0010961388615511698,0.001013831644535067,0.0012120311998481351,0.000844790933951334,0.0007392852517506565,0.0012419530271836003,0.0015090140700689005,0.0022742067871260865,0.0022742067871260865,0.00018495376533500993,0.16150004278049396,0.012468776132127359,0.09110662754522272,0.09110662754522272,0.04230108653678155,0.10368315791813679,0.0951616238397082,0.017228856148919464,0.06483763779044673,0.03616163880171811,0.06696859808917306,0.1504553354160375,0.1504553354160375,0.02227775796775379,0.08662435579934648,0.018938840684579076,0.05672241342182015,0.07320748935562274,0.02198924277325804,0.04946661856051558,0.17333630212564222,0.32402809039478475,0.32402809039478475,0.16150004278049396
426,24,0.0009903144504257767,4.7472111012650124e-05,0.0029625753946426075,0.10090056980893454,0.011429711454450079,0.29702574952855265,106,False,75,0,34,0,0,0,0,10152,9385,9339,10228,10132,10181,9559,9992,9825,9707,9875,10115,9734,10237,10166,9568,9761,9978,10242,9716,9862,10219,10126,10220,0.0001830547497149203,0.00021344897768128132,6.698351072812511e-05,5.883427914097414e-05,4.7472111012650124e-05,6.615185694447985e-05,0.00028551297783189426,0.00018164393888794292,0.0003655893782247364,0.0020795926401464744,0.0029625753946426075,0.0029625753946426075,0.0007211602361947775,0.0007211602361947775,0.001062368833994598,0.0009641445319379121,0.0011648934248791579,0.0008156933609887904,0.0007218015754334395,0.0007218015754334395,0.0011912281579055414,0.0014984798524526194,0.0023556899076024474,0.0023556899076024474,0.14804170588211946,0.011429711454450079,0.08351440858312083,0.1221093293253831,0.09504289475829206,0.08723148851973252,0.015793118136509507,0.0594345013079095,0.03314816890157493,0.06138788158174197,0.13791739079803436,0.13791739079803436,0.10375461147044099,0.10375461147044099,0.07940565948273427,0.01736060396086415,0.051995545636668465,0.06710686524265418,0.10349013920881989,0.10349013920881989,0.04534440034713928,0.15889161028183868,0.29702574952855265,0.29702574952855265
427,24,0.0009734704257340233,4.6118199596889954e-05,0.0029128530773020285,0.09249218899152332,0.010477235499912571,0.2722736037345066,107,False,77,0,34,0,0,0,0,10152,9385,9339,10228,10132,10181,9559,9992,9825,9707,9875,10115,9734,10237,10166,9568,9761,9978,10242,9716,9862,10219,10126,10220,0.00018049356325920005,0.00020256152056189917,6.486334630128038e-05,5.759127189972985e-05,4.6118199596889954e-05,6.41247432836897e-05,0.0002712810760608381,0.0001747121913398832,0.00034905858979250543,0.0020013276069200314,0.0029128530773020285,0.0029128530773020285,0.000702304237406017,0.000702304237406017,0.001027559471288981,0.0009164873216899725,0.001118107600306689,0.0007862533600735561,0.0007028767389729146,0.0007028767389729146,0.001141256576525781,0.0014820110308284744,0.0024217073202626184,0.0024217073202626184,0.1357048970586095,0.010477235499912571,0.07655487453452742,0.11193355188160117,0.08712265352843439,0.0799621978097548,0.014477024958467047,0.054481626198917034,0.03038582149311035,0.05627222478326347,0.12642427489819816,0.12642427489819816,0.09510839384790423,0.09510839384790423,0.07278852119250641,0.015913886964125473,0.047662583500279423,0.06151462647243299,0.09486596094141822,0.09486596094141822,0.04156570031821101,0.14565064275835213,0.2722736037345066,0.2722736037345066
428,24,0.0009551226170940678,4.470362129379824e-05,0.002854760601334138,0.08825672879778527,0.009604132541586523,0.24958413675663105,108,False,79,0,34,0,0,0,0,10152,9385,9339,10228,10132,10181,9559,9992,9825,9707,9875,10115,10284,10237,10166,9568,9761,9978,10242,9716,9862,10219,10126,10220,0.00017735431252920747,0.00019217812688847,6.268797167728357e-05,5.621407834513889e-05,4.470362129379824e-05,6.203331403277786e-05,0.00025766358921593845,0.00016781200643176716,0.0003330175113180264,0.0019232503427576624,0.002854760601334138,0.002854760601334138,0.0006998830577826645,0.0006822869368041075,0.0009920502828445735,0.0008708328391205286,0.001071899163895887,0.0007566897418690013,0.0006827967547739756,0.0006827967547739756,0.001092224677388439,0.001460297351855557,0.002472374585995287,0.002472374585995287,0.1243961556370587,0.009604132541586523,0.07017530165665013,0.10260575589146774,0.07986243240106486,0.07329868132560857,0.013270606211928125,0.04994149068234061,0.02785366970201782,0.051582872717991515,0.11588891865668163,0.11588891865668163,0.17051602769391222,0.08718269436057888,0.06672281109313087,0.014587729717115016,0.043690701541922804,0.05638840759973024,0.08696046419630003,0.08696046419630003,0.03810189195836009,0.13351308919515611,0.24958413675663105,0.24958413675663105
429,24,0.0009522053912436812,4.324440374421868e-05,0.00278958282424643,0.08965751556114616,0.00880378816312098,0.22878545869357844,109,False,80,0,34,0,0,0,0,10152,9385,9339,10228,10132,10301,9559,9992,9825,9707,9875,10115,10284,10166,9568,10312,9761,9978,10242,9716,9862,10219,10126,10220,0.00017371853657691306,0.00018228240804076147,6.04773924433372e-05,5.4726649606482895e-05,4.324440374421868e-05,6.144296762994325e-05,0.00024464697651702865,0.00016097950030149325,0.0003174883504434618,0.0018457931312795036,0.00278958282424643,0.00278958282424643,0.0006944484834161845,0.000956142350286789,0.0008271453204250369,0.001052930094510851,0.001052930094510851,0.0007271928691571522,0.0006618233413795218,0.0006618233413795218,0.001044285695616988,0.0014340183699479538,0.0025081117320707464,0.0025081117320707464,0.11402980933397047,0.00880378816312098,0.06432735985192929,0.09405527623384542,0.07320722970097612,0.1505237912151412,0.012164722360934114,0.04577969979214556,0.025532530560183002,0.047284299991492224,0.10623150876862483,0.10623150876862483,0.15630635871941953,0.061162576835369964,0.013372085574022098,0.1233831430800959,0.1233831430800959,0.05168937363308605,0.07971375884660836,0.07971375884660836,0.034926734295163415,0.1223869984288931,0.22878545869357844,0.22878545869357844
430,24,0.0010157320277953987,4.175491124613941e-05,0.0027185296449696488,0.10524087780020575,0.008070139149527564,0.29305333713578025,110,False,83,0,34,0,0,0,0,10152,9385,10322,10228,10132,10301,9559,10327,10328,9707,9875,10115,10284,10166,9568,10312,9761,9978,9716,9862,10219,10126,10220,10343,0.00016966395288512588,0.00017285748990929814,5.975152066702995e-05,5.3151132763017065e-05,4.175491124613941e-05,6.062542941183126e-05,0.00023221599519788498,0.00015822324705181242,0.0003102877231538825,0.001769323894652336,0.0027185296449696488,0.0027185296449696488,0.0006863190994998743,0.0009201000674542106,0.0007853820333840945,0.0010310523635577158,0.0010310523635577158,0.0006979266365718483,0.0006401934153795448,0.0009975632445536683,0.001403830663818634,0.0025295861916851937,0.0025948240003747063,0.0025948240003747063,0.10452732522280626,0.008070139149527564,0.1423000798642685,0.08621733654769163,0.06710662722589478,0.13798014194721275,0.011150995497522936,0.1252980581428001,0.10673815301350109,0.04334394165886787,0.0973788830379061,0.0973788830379061,0.14328082882613458,0.056065695432422465,0.012257745109520256,0.1131012144900879,0.1131012144900879,0.04738192583032888,0.073070945609391,0.032016173103899793,0.112188081893152,0.2097200038024469,0.29305333713578025,0.29305333713578025
431,24,0.0010024420552004615,4.128588011287072e-05,0.002664576691760991,0.10341524909463302,0.0073976275537336,0.27557667015224296,111,False,83,0,34,0,0,0,0,10152,9385,10322,10228,10348,10301,9559,10327,10328,9707,9875,10115,10284,10166,9568,10312,9761,9978,9716,9862,10219,10365,10220,10343,0.00016526355571641797,0.00016388620711121424,5.882084410810744e-05,5.1507771484355776e-05,4.128588011287072e-05,5.960897157013208e-05,0.00022035408019727262,0.00015501881461482618,0.0003024273298412827,0.001694151888133812,0.0026427253407090884,0.0026427253407090884,0.0006758147651562551,0.0008841532996829311,0.0007454946920414582,0.0010067257667396895,0.0010067257667396895,0.0006690305758749547,0.0006181192606704647,0.0009521546672456784,0.0013703582248780217,0.002603102897951481,0.002664576691760991,0.002664576691760991,0.09581671478757241,0.0073976275537336,0.13044173987557947,0.07903255850205067,0.14484774162373687,0.126481796784945,0.010221745872729358,0.11485655329756675,0.09784330692904267,0.03973194652062888,0.08926397611808058,0.08926397611808058,0.13134075975729,0.05139355414638726,0.011236266350393568,0.10367611328258057,0.10367611328258057,0.0434334320111348,0.06698170014194174,0.02934815867857481,0.10283907506872267,0.27557667015224296,0.26863222570779854,0.26863222570779854
432,24,0.0009866191278302258,4.1720755655386416e-05,0.0027175521931336972,0.09826953389230252,0.006781158590922466,0.252611947639556,112,False,85,0,34,0,0,0,0,10152,9385,10322,10228,10372,10301,9559,10327,10328,9707,9875,10115,10284,10166,9568,10312,9761,9978,9716,9862,10219,10365,10220,10343,0.00016058501702803576,0.00015535126722627637,5.771265613775122e-05,4.9814872177443306e-05,4.1720755655386416e-05,5.842110147889137e-05,0.00020904367214250863,0.00015143574482252655,0.0002940326003192503,0.0016205333492313187,0.0025632021934616253,0.0025632021934616253,0.0006632493684488501,0.0008484998108925601,0.0007074306854333638,0.000980381600818651,0.000980381600818651,0.0006406220067684653,0.000595789215810882,0.0009081341713473103,0.0013341856307177082,0.0026600251674589476,0.0027175521931336972,0.0027175521931336972,0.0878319885552747,0.006781158590922466,0.11957159488594785,0.07244651196021311,0.2161104298217588,0.11594164705286625,0.009369933716668577,0.10528517385610285,0.0896896980182891,0.036420950977243134,0.08182531144157386,0.08182531144157386,0.1203956964441825,0.04711075796752165,0.010299910821194105,0.09503643717569885,0.09503643717569885,0.03981397934354024,0.061399891796779925,0.026902478788693576,0.09426915214632911,0.252611947639556,0.24624620689881532,0.24624620689881532
433,24,0.001044821067976897,4.192884930357067e-05,0.002754257039449289,0.10529519804091124,0.006216062041678927,0.23156095200292634,113,False,83,0,34,0,0,0,0,10152,9385,10322,10228,10372,10301,9559,10327,10328,9707,9875,10115,10284,10403,9568,10312,9761,9978,10410,10411,10219,10365,10220,10343,0.00015569034042700215,0.0001472353887014863,5.6453204482597836e-05,4.808882171626062e-05,4.192884930357067e-05,5.708811733104039e-05,0.0001982664991927762,0.00014753942823839095,0.00028521877321824915,0.0015486769813312718,0.002480897628606466,0.0025448797634731466,0.0006489251819498704,0.0025448797634731466,0.0006711341394599837,0.0009524192542692762,0.0009524192542692762,0.0006127981718170371,0.0005881558724974527,0.0008878783371790452,0.0012958535978726347,0.002700764183736965,0.002754257039449289,0.002754257039449289,0.08051265617566847,0.006216062041678927,0.10960729531211885,0.06640930263019534,0.19810122733661223,0.10627984313179406,0.008589105906946195,0.09651140936809427,0.08221555651676501,0.03338587172913954,0.07500653548810937,0.15833986882144271,0.11036272174050063,0.15833986882144271,0.009441584919427929,0.08711673407772394,0.08711673407772394,0.03649614773157855,0.1396165674803816,0.1079939388896358,0.08641338946746835,0.23156095200292634,0.22572568965724737,0.22572568965724737
434,24,0.0009611007200160757,4.192596179690022e-05,0.0027754593559082856,0.10715669358756878,0.007873347081367344,0.2284782130863225,114,False,86,0,34,0,0,0,0,10152,9385,10417,10322,10228,10372,10301,9559,10327,10328,9707,9875,10429,9568,10312,9761,9978,10410,10411,10219,10436,10365,10220,10343,0.0001506357212775336,0.00014311966093688393,0.00014311966093688393,5.506733403814977e-05,4.6344144489145335e-05,4.192596179690022e-05,5.563478490769427e-05,0.0001880038179020565,0.000143390549863255,0.00027609055892378767,0.0014787491859663184,0.002396654151484461,0.0025814225848422466,0.0006365468298003924,0.0009232042758876991,0.0009232042758876991,0.0005856383097584814,0.0005785598583021106,0.0008656905158540508,0.0012882449454534983,0.0012882449454534983,0.0027260064948065018,0.0027754593559082856,0.0027754593559082856,0.07380326816102943,0.08903139020487236,0.08903139020487236,0.10047335403610895,0.060875194077679065,0.18159279172522788,0.09742318953747789,0.007873347081367344,0.08846879192075308,0.07536426014036793,0.030603715751711242,0.06875599086410025,0.2284782130863225,0.008654786176142269,0.07985700623791361,0.07985700623791361,0.033454802087280334,0.12798185352368313,0.09899444398216614,0.162545607011846,0.162545607011846,0.21226420600268248,0.2069152155191434,0.2069152155191434
435,24,0.0009660657599564396,4.172967425729356e-05,0.002782128078618461,0.10304869665911336,0.007217234824586732,0.2094383619957956,115,False,82,0,34,0,0,0,0,10152,9385,10322,10228,10372,10301,9559,10327,10328,9707,9875,10429,9568,10312,9761,10456,9978,10410,10411,10219,10436,10365,10220,10343,0.00014547157016771875,0.0001388039557718811,5.3578238009341756e-05,4.45935882250314e-05,4.172967425729356e-05,5.408411888505817e-05,0.00017823661784170224,0.00013904476382542596,0.00026674211744510165,0.0014108789858139437,0.0023112214460738884,0.0026033006897247988,0.0006036089624766877,0.0008930676444712998,0.0008930676444712998,0.0005736274993587348,0.0005736274993587348,0.0005672687778693923,0.0008419322329815284,0.0012753913205124318,0.0012753913205124318,0.0027366534136639004,0.002782128078618461,0.002782128078618461,0.06765299581427697,0.08161210768779965,0.09210057453309986,0.05580226123787248,0.1664600590814589,0.08930459040935473,0.007217234824586732,0.08109639259402365,0.0690839051286706,0.028053406105735305,0.06302632495875857,0.2094383619957956,0.00793355399479708,0.07320225571808747,0.07320225571808747,0.11400023524667365,0.11400023524667365,0.1173166990633762,0.0907449069836523,0.14900013976085882,0.14900013976085882,0.1945755221691256,0.18967228089254812,0.18967228089254812
436,24,0.000981607087088401,4.135863234537846e-05,0.002775376395750034,0.10621477384604845,0.006615798589204504,0.21991679478078727,116,False,84,0,34,0,0,0,0,10152,9385,10322,10467,10372,10301,9559,10327,10328,9707,9875,10429,9568,10312,9761,9978,10410,10411,10219,10436,10484,10365,10220,10343,0.00014024266182380784,0.0001343389305099427,5.200730094372213e-05,4.395328187867807e-05,4.135863234537846e-05,5.24572520028135e-05,0.0001689457943042683,0.0001345525550371255,0.0002572572800781401,0.0013451626028333607,0.0022252600841169974,0.0026114006220330803,0.0005722598373327413,0.0008623059876331529,0.0008623059876331529,0.0005602344157679319,0.0005545390395608876,0.0008169361567669814,0.0012578844846459747,0.0012903252165066162,0.0012903252165066162,0.002733763958360185,0.002775376395750034,0.002775376395750034,0.06201524616308722,0.07481109871381635,0.08442552665534153,0.13448540613471643,0.1525883874913373,0.08186254120857517,0.006615798589204504,0.07433835987785502,0.06332691303461471,0.025715622263590695,0.05777413121219535,0.19198516516281264,0.0072724244952306555,0.06710206774158017,0.06710206774158017,0.10450021564278417,0.10754030747476151,0.08318283140168127,0.13658346144745392,0.21991679478078727,0.21991679478078727,0.17836089532169846,0.17386625748483578,0.17386625748483578
437,24,0.0009651168195462893,4.083193451952486e-05,0.0027564110004707084,0.10083576491443332,0.006064482040104128,0.20159039521572164,117,False,87,0,34,0,0,0,0,10152,9385,10490,10467,10372,10301,9559,10327,10328,9707,9875,10429,9568,10312,9761,9978,10410,10411,10219,10436,10484,10365,10220,10343,0.0001349883767312336,0.00012977009927751798,5.167315926444908e-05,4.317407091994418e-05,4.083193451952486e-05,5.077337617717669e-05,0.00016011229300319952,0.0001299592493639544,0.00024770995306811486,0.001281667673430916,0.0021393463772002835,0.0026067514248434283,0.0005424384083541127,0.0008311825271204851,0.0008311825271204851,0.0005457000558275978,0.0005406125763522566,0.0007910049990549995,0.0012363108074012498,0.0012981443245782401,0.0012981443245782401,0.0027185031299821138,0.0027564110004707084,0.0027564110004707084,0.05684730898282995,0.06857684048766498,0.16072339943406308,0.1232782889568234,0.13987268853372584,0.07504066277452723,0.006064482040104128,0.06814349655470044,0.05804967028173015,0.023572653741624802,0.05295962027784574,0.1759864013992449,0.0066663891206281,0.061510228763115155,0.061510228763115155,0.09579186433921881,0.09857861518519805,0.0762509287848745,0.12520150632683275,0.20159039521572164,0.20159039521572164,0.1634974873782236,0.1593774026944328,0.1593774026944328
438,24,0.0009272861161419846,4.016862557092178e-05,0.00272648803166754,0.09749916703622126,0.005559108536762117,0.18479119561441149,118,False,87,0,34,0,0,0,0,10152,9385,10490,10467,10372,10301,9559,10327,10520,9707,9875,10429,9568,10312,9761,10526,9978,10410,10411,10219,10484,10365,10220,10343,0.0001297430078308945,0.00012513794980985616,5.1131480364257454e-05,4.227576053787217e-05,4.016862557092178e-05,4.9049740939172475e-05,0.00015171723029422466,0.00012530513816270337,0.00024430689654623007,0.0012204370959468971,0.002053977984215765,0.0025904761827565542,0.0005140837534507745,0.0007999285588028451,0.0008205586470188518,0.0008205586470188518,0.0005302478361222719,0.0005257146008814671,0.0007644113438373359,0.0012112395402329075,0.001299324121785849,0.002692096581946047,0.00272648803166754,0.00272648803166754,0.052110033234260784,0.06286210378035956,0.14732978281455783,0.11300509821042144,0.12821663115591533,0.06878727420998329,0.005559108536762117,0.06246487184180873,0.136545531091586,0.021608265929822734,0.04854631858802526,0.16132086794930783,0.006110856693909092,0.05638437636618889,0.13971770969952224,0.13971770969952224,0.08780920897761724,0.09036373058643153,0.06989668471946828,0.11476804746626335,0.18479119561441149,0.14987269676337162,0.1460959524698967,0.1460959524698967
439,24,0.0009067354140718984,3.9387291186499427e-05,0.002686876010299206,0.08937423644986948,0.00509584949203194,0.1693919293132105,119,False,88,0,34,0,0,0,0,10152,9385,10490,10467,10372,10301,9559,10327,10520,9707,9875,10429,9568,10312,9761,10526,9978,10410,10411,10219,10484,10365,10220,10343,0.0001245361094751032,0.00012047814670421389,5.040602879643203e-05,4.1277197145147e-05,3.9387291186499427e-05,4.7301696177596873e-05,0.0001437419920782811,0.00012062568764067047,0.0002401142961519366,0.0011614925157687895,0.0019695799597895785,0.0025637497624472106,0.0004871354650761928,0.0007687453057698445,0.0008071937491422422,0.0008071937491422422,0.0005140824524996362,0.0005100522327500284,0.0007373981968542107,0.0011832138916334563,0.0012944000584305644,0.002655792132467272,0.002686876010299206,0.002686876010299206,0.04776753046473905,0.05762359513199626,0.13505230091334466,0.10358800669288631,0.11753191189292238,0.06305500135915135,0.00509584949203194,0.05725946585499134,0.12516673683395382,0.019807577102337506,0.04450079203902315,0.14787746228686552,0.0056016186360833345,0.05168567833567315,0.12807456722456204,0.12807456722456204,0.08049177489614913,0.0828334197042289,0.06407196099284591,0.10520404351074139,0.1693919293132105,0.13738330536642399,0.13392128976407197,0.13392128976407197
440,24,0.0009692194831024285,3.850574565346551e-05,0.0027068807384595037,0.09603858462048664,0.004671195367695944,0.23860926853710965,120,False,87,0,34,0,0,0,0,10152,9385,10490,10467,10372,10301,9559,10327,10520,9707,9875,10429,9568,10312,10574,9978,10410,10411,10219,10580,10365,10582,10220,10343,0.00011939287020995679,0.00011582179593435818,4.9520284843171463e-05,4.0196056671026087e-05,3.850574565346551e-05,4.554276788972561e-05,0.00013616831420512024,0.00011595180805440739,0.00023524270401085635,0.0011048374606151708,0.0018865109943117196,0.0025277631064155423,0.00046153397187984,0.0007378060114073249,0.0008118729562645678,0.0004973894199180731,0.0004938138426141979,0.0007101800764170762,0.001152744580606339,0.001317057582810127,0.0026108281132919834,0.0027068807384595037,0.0027068807384595037,0.0026388256535152268,0.04378690292601079,0.05282162887099657,0.12379794250389926,0.09495567280181245,0.10773758590184551,0.0578004179125554,0.004671195367695944,0.05248784370040872,0.11473617543112433,0.018156945677142714,0.04079239270243789,0.13555434042962672,0.005134817083076389,0.04737853847436705,0.20073501995584853,0.0737841269881367,0.0759306347288765,0.05873263091010875,0.09643703988484627,0.23860926853710965,0.12593469658588866,0.206094515617066,0.206094515617066,0.12276118228373263
441,24,0.0009031428175133013,3.754080264952779e-05,0.002712761024818536,0.10275557858080524,0.0042819290870546155,0.30205849615901714,121,False,90,0,34,0,0,0,0,10152,9385,10490,10467,10372,10301,9559,10327,10520,9707,9875,10429,9568,10312,10574,9978,10600,10411,10219,10603,10580,10582,10220,10343,0.00011433449482868738,0.00011119574974311999,4.849698890393735e-05,3.9048705388539744e-05,3.754080264952779e-05,4.378475736494712e-05,0.00012897834688265503,0.00011131016208285379,0.00022979760919301375,0.0010504601435403758,0.0018050696526540168,0.0024836940173956533,0.0004372208004942162,0.0007072581651162154,0.0008124161482518596,0.00048033515135258354,0.0004894751159841527,0.0006829444923653841,0.001120305522201728,0.0013663462967701268,0.0013663462967701268,0.002712761024818536,0.002712761024818536,0.00258354615074844,0.04013799434884322,0.04841982646508019,0.11348144729524098,0.08704270006832808,0.09875945374335839,0.052983716419842446,0.0042819290870546155,0.04811385672537466,0.10517482747853063,0.016643866870714154,0.0373930266439014,0.12425814539382449,0.00470691565948669,0.04343032693483646,0.18400710162619446,0.0676354497391253,0.1529364151681368,0.053838245000933024,0.08840061989444241,0.30205849615901714,0.30205849615901714,0.18891997264897714,0.18891997264897714,0.11253108376008825
442,24,0.0008892584930443141,3.6508118043056e-05,0.0027056075075055667,0.09766483592129367,0.0039251016631333974,0.27688695481243236,122,False,90,0,34,0,0,0,0,10152,9385,10490,10467,10372,10301,9559,10327,10520,9707,9875,10429,9568,10621,10574,9978,10600,10411,10219,10603,10580,10582,10220,10343,0.00010937858449219073,0.00010662293498286803,4.735779677946412e-05,3.7850121239924437e-05,3.6508118043056e-05,4.2037855862532664e-05,0.00012215470530982476,0.00010672349564846358,0.0002238781870329087,0.0009983359544457656,0.001725500466634626,0.0024326840755568764,0.000414138785546228,0.0006946913701926593,0.0008091595992931514,0.00046306745061473596,0.00048328881063222406,0.0006558536857204739,0.0010863312995644124,0.001406619112196485,0.001406619112196485,0.0027056075075055667,0.0027056075075055667,0.002522187296067051,0.036793161486439616,0.044384840926323506,0.10402466002063757,0.07978914172930074,0.09052949926474518,0.048568406718188906,0.0039251016631333974,0.04410436866492677,0.09641025852198641,0.015256877964821306,0.03427694109024295,0.1139032999443391,0.004314672687862799,0.12314446635693344,0.16867317649067826,0.06199916226086486,0.1401917139041254,0.04935172458418861,0.08103390156990554,0.27688695481243236,0.27688695481243236,0.1731766415948957,0.1731766415948957,0.10315349344674755
443,24,0.0008760823464230627,3.542209346327458e-05,0.0027558870689786113,0.09647054403896364,0.0035980098578722807,0.2538130419113963,123,False,93,0,34,0,0,0,0,10152,9385,10490,10467,10372,10301,9559,10639,10520,9707,9875,10429,9568,10621,10574,9978,10600,10411,10219,10603,10580,10582,10654,10343,0.0001045395065505037,0.00010212269148582592,4.612303269964754e-05,3.6613864313529435e-05,3.542209346327458e-05,4.031076834255955e-05,0.00011568050848974628,0.0001048469902171127,0.00021757646234387646,0.0009484296627393634,0.0016479997762734655,0.0023758211394326817,0.0003922322350572276,0.0006802116315107601,0.0008024621823285679,0.00044571631101849576,0.00047548033830874015,0.0006290465252265384,0.0010512160943312073,0.0014379053862890714,0.0014379053862890714,0.0026865998905996665,0.0027558870689786113,0.0024558267678639572,0.03372706469590298,0.04068610418246321,0.0953559383522511,0.07314004658519234,0.08298537432601641,0.04452103949167316,0.0035980098578722807,0.12376233794284955,0.08837607031182088,0.013985471467752864,0.031420529332722706,0.10441135828231084,0.003955116630540899,0.11288242749385564,0.1546170784497884,0.05683256540579279,0.12850907107878162,0.04523908086883956,0.07428107643908008,0.2538130419113963,0.2538130419113963,0.15874525479532106,0.2420785881286544,0.09455736899285191
444,24,0.0008631261607458594,3.429582983696597e-05,0.0027898511403415044,0.09190355425793889,0.0032981757030495903,0.2326619550854466,124,False,94,0,34,0,0,0,0,10152,9385,10490,10467,10372,10301,9559,10639,10520,9707,9875,10667,9568,10621,10574,9978,10600,10411,10219,10603,10580,10582,10654,10343,9.9828748056091e-05,9.77111100921438e-05,4.4811526146663776e-05,3.535208615099444e-05,3.429582983696597e-05,3.861084114092025e-05,0.00010953940794416323,0.00010267938945320905,0.00021097681941672705,0.0009006973545862864,0.0015727212476070972,0.0023738079034731144,0.00037144705755468477,0.0006641220539537176,0.0007926932082016351,0.0004283949286945163,0.0004662697899343441,0.0006026404780822831,0.001015313775143343,0.001460418530218613,0.001460418530218613,0.002656964291674968,0.0027898511403415044,0.002385461809978026,0.0309164759712444,0.03729559550059128,0.08740961015623018,0.06704504270309297,0.07606992646551504,0.04081095286736706,0.0032981757030495903,0.11344880978094542,0.0810113977858358,0.012820015512106792,0.028802151888329144,0.1790437450921183,0.003625523577995824,0.10347555853603434,0.14173232191230603,0.05209651828864339,0.11779998182221649,0.041469157463102924,0.06809098673582341,0.2326619550854466,0.2326619550854466,0.14551648356237765,0.22190537245126654,0.08667758824344758
445,24,0.000958443310926372,3.314112091488087e-05,0.0028083208296720255,0.09588639838781814,0.0030233277277954577,0.21672344326551285,125,False,95,0,34,0,0,0,0,10152,9385,10490,10467,10372,10685,9559,10520,9707,9875,10667,9568,10621,10574,9978,10600,10411,10219,10603,10580,10582,10654,10343,10701,9.52552488823012e-05,9.340136255041662e-05,4.344051865647452e-05,3.407556876647645e-05,3.314112091488087e-05,3.7896977084831106e-05,0.0001037156078383265,0.00020415579507822112,0.0008550881282037339,0.0014997810211269983,0.00236100800188298,0.0003517308564581539,0.0006467068694338455,0.0007802223083797927,0.0004112008552550655,0.0004558682132516683,0.0005767335905697814,0.000978938877745279,0.0014745227731529057,0.0014745227731529057,0.0026854537924434294,0.0028083208296720255,0.0023120045792890047,0.0026854537924434294,0.0283401029736407,0.03418762920887534,0.08012547597654433,0.06145795581116856,0.06973076592672212,0.12074337346175315,0.0030233277277954577,0.07426044797034947,0.011751680886097892,0.026401972564301716,0.16412343300110843,0.0033233966131628384,0.09485259532469814,0.12992129508628053,0.04775514176458977,0.1079833166703651,0.038013394341177675,0.06241673784117145,0.21327345882832605,0.21327345882832605,0.21672344326551285,0.20341325808032765,0.07945445588982694,0.21672344326551285
446,24,0.0009445276436270849,3.196847786251546e-05,0.00281230864107235,0.09136808741105551,0.0027713837504791694,0.1986631563267201,126,False,97,0,34,0,0,0,0,10704,9385,10490,10467,10372,10685,9559,10520,9707,9875,10667,9568,10621,10574,9978,10600,10411,10219,10603,10580,10582,10654,10343,10701,9.316809913949235e-05,8.920401766033262e-05,4.202562754757537e-05,3.2793785522848796e-05,3.196847786251546e-05,3.70821275954036e-05,9.819387783586525e-05,0.00019718209651432372,0.0008115455700914097,0.0014292624656347629,0.0023384839846155117,0.00033303299661861324,0.0006282292103225095,0.0007654112925236918,0.0003942172289787681,0.00044447487682791023,0.0005514064299847267,0.0009423682460809783,0.0014807003040490823,0.0014807003040490823,0.002699311659133181,0.00281230864107235,0.00223628046825592,0.002699311659133181,0.10931176105917065,0.03133866010813573,0.07344835297849897,0.056336459493571175,0.06391986876616193,0.11068142567327371,0.0027713837504791694,0.06807207730615368,0.010772374145589734,0.024201808183943237,0.15044648025101606,0.0030464468953992686,0.08694821238097329,0.11909452049575715,0.04377554661754062,0.09898470694783468,0.03484561147941287,0.05721534302107383,0.1955006705926322,0.1955006705926322,0.1986631563267201,0.18646215324030033,0.07283325123234136,0.1986631563267201
447,24,0.0009281008536231525,3.078717714133478e-05,0.0028029623466267694,0.08722630234902311,0.0027925763207826628,0.18210789329949342,127,False,97,0,34,0,0,0,0,10704,9385,10490,10467,10372,10685,10734,10520,9707,9875,10667,9568,10621,10574,9978,10600,10411,10219,10603,10580,10582,10654,10343,10701,9.087339173889685e-05,8.512733978978916e-05,4.058085468701521e-05,3.151497725086765e-05,3.078717714133478e-05,3.618268210523971e-05,9.535697882723826e-05,0.00019011679211226006,0.0007700090341228007,0.0013612205283097493,0.0023073189868134535,0.0003153046472784061,0.0006089298542004178,0.000748607836850407,0.0003775140364847462,0.00043227538953790793,0.0005267239524034674,0.0009058431394614959,0.0014795202626904224,0.0014795202626904224,0.002699550620747935,0.0028029623466267694,0.0021590287743366837,0.002699550620747935,0.10020244763757309,0.028727105099124416,0.06732765689695738,0.051641754535773576,0.058593213035648434,0.10145797353383423,0.08587376843793924,0.06239940419730754,0.009874676300123923,0.0221849908352813,0.13790927356343138,0.0027925763207826628,0.07970252801589219,0.10916997712111072,0.04012758439941223,0.09073598136884845,0.03194181052279513,0.05244739776931768,0.1792089480432462,0.1792089480432462,0.18210789329949342,0.1709236404702753,0.06676381362964624,0.18210789329949342
448,24,0.0008160237236446189,2.9605325068228573e-05,0.002781514959942458,0.09189569591055974,0.0025598616273841074,0.16693223552453562,128,False,94,0,34,0,0,0,0,10704,9385,10490,10755,10372,10685,10734,10520,9707,9875,10667,9568,10621,10574,9978,10766,10600,10768,10219,10603,10580,10582,10654,10774,8.840934228138311e-05,8.1177567314405e-05,3.9118629775844695e-05,3.102628602359301e-05,2.9605325068228573e-05,3.5213963024191794e-05,9.239977762008827e-05,0.00018301363055645462,0.000730414744189844,0.0012956856838392762,0.0022685889928017373,0.00029849880517354753,0.0005890267574877463,0.0007301408132915286,0.0003704633788331096,0.0003704633788331096,0.000419440542490679,0.0005157028222770958,0.0008695716445929166,0.001471610577115147,0.001471610577115147,0.0026872996418594447,0.002781514959942458,0.002134571525963877,0.09185224366777534,0.02633317967419738,0.06171701882221093,0.13067160832445912,0.05371044528267773,0.0930031424060147,0.07871762106811098,0.05719945384753191,0.00905178660844693,0.02033624159900786,0.1264168340998121,0.0025598616273841074,0.0730606506812345,0.10007247902768482,0.12011695236612789,0.12011695236612789,0.08317464958811108,0.11261332631256221,0.048076781288541204,0.16427486903964234,0.16427486903964234,0.16693223552453562,0.156680003764419,0.14453349582717573
449,24,0.0008038279979493457,2.8429933552159955e-05,0.0027492415724299233,0.09230655959846086,0.0023465398251020985,0.18656221578651538,129,False,96,0,34,0,0,0,0,10704,9385,10490,10755,10372,10685,10734,10520,9707,9875,10667,9568,10621,10574,9978,10766,10793,10768,10219,10603,10580,10582,10654,10774,8.581117334526063e-05,7.735916964265278e-05,3.7649879082734576e-05,3.0443709109833633e-05,2.8429933552159955e-05,3.4190116685240554e-05,8.935500350263685e-05,0.00017591945033946233,0.0006926967396979976,0.0012326674942723416,0.0022233407618314446,0.00028257030101561277,0.0005687152120692175,0.0007103170466936958,0.00036243418904183,0.00036243418904183,0.000516450909590683,0.000516450909590683,0.0008337312620050969,0.0014576332374544906,0.0014576332374544906,0.0026637576222183173,0.0027492415724299233,0.002102638831116663,0.08419789002879405,0.02413874803468093,0.05657393392036002,0.11978230763075419,0.04923457484245458,0.0852528805388468,0.07215781931243506,0.052432832693570915,0.008297471057743018,0.018641554799090538,0.11588209792482776,0.0023465398251020985,0.06697226312446496,0.09173310577537774,0.11010720633561723,0.11010720633561723,0.18656221578651538,0.18656221578651538,0.04407038284782944,0.15058529661967213,0.15058529661967213,0.153021215897491,0.14362333678405076,0.13248903784157776
450,24,0.0007860502140941412,2.726700252953073e-05,0.0027074232681150137,0.08808656852081136,0.007606015136264433,0.17101536447097243,130,False,97,0,34,0,0,0,0,10704,9385,10490,10755,10372,10685,10734,10520,9707,9875,10667,10811,10621,10574,9978,10766,10793,10768,10219,10603,10580,10582,10654,10774,8.311098416727466e-05,7.367508235019404e-05,3.618411197954375e-05,2.978109978716415e-05,2.726700252953073e-05,3.312405518799327e-05,8.625194048880975e-05,0.00016887464839592211,0.0006567876817305171,0.0011721577974441646,0.0021725749437163655,0.00027437396966385963,0.0005481684784129269,0.0006894192819519947,0.0003535862936366058,0.0003535862936366058,0.0005147489874485118,0.0005147489874485118,0.0007984715636842339,0.0014382632664032887,0.0014382632664032887,0.0026301537890789217,0.0027074232681150137,0.0020642083445981457,0.0771813991930612,0.022127185698457518,0.05185943942699668,0.10980044866152466,0.04513169360558336,0.07814847382727623,0.06614466770306547,0.04806342996910667,0.007606015136264433,0.017088091899166324,0.10622525643109211,0.08548432817301027,0.061391241197426206,0.08408868029409626,0.10093160580764912,0.10093160580764912,0.17101536447097243,0.17101536447097243,0.04039785094384365,0.13803652190136612,0.13803652190136612,0.1402694479060334,0.13165472538537987,0.12144828468811293
451,24,0.000768745736933499,2.6121605532903075e-05,0.0027074232681150137,0.08120315560722076,0.00697218054157573,0.15676408409839138,0,False,97,0,34,0,0,0,0,10704,9385,10490,10755,10372,10685,10734,10520,9707,9875,10667,10811,10621,10574,9978,10766,10793,10768,10219,10603,10580,10582,10654,10774,8.033772054159766e-05,7.01269205946022e-05,3.4729518972830875e-05,2.9051574856228398e-05,2.6121605532903075e-05,3.202743932749516e-05,8.31165325715742e-05,0.00016191368253837176,0.000622619536199615,0.0011141335459145714,0.0021172338013890736,0.0002658361124143216,0.0005275387690139389,0.0006677051499382188,0.0003440689960800038,0.0003440689960800038,0.0005108234135273731,0.0005108234135273731,0.000763916842314135,0.0014141713942148195,0.0014141713942148195,0.002587714871281918,0.0027074232681150137,0.0020202231872431713,0.07074961592697276,0.02028325355691939,0.04753781947474696,0.10065041127306427,0.04137071913845141,0.07163610100833655,0.06063261206114334,0.04405814413834778,0.00697218054157573,0.015664084240902463,0.0973731517285011,0.07836063415859275,0.05627530443097402,0.07708129026958824,0.0925206386570117,0.0925206386570117,0.15676408409839138,0.15676408409839138,0.03703136336519001,0.1265334784095856,0.1265334784095856,0.12858032724719728,0.13165472538537987,0.11132759429743685
452,24,0.0008226170556700818,2.4997975623100453e-05,0.0026573179291371285,0.08904343608455194,0.006391165496444419,0.1853836281059838,1,False,100,0,34,0,0,0,0,10704,9385,10490,10755,10372,10685,10734,10520,9707,10857,10667,10811,10621,10861,9978,10793,10768,10219,10603,10580,10582,10654,10774,10871,7.75172229805639e-05,6.671517145451213e-05,3.32930761427928e-05,2.826738235099557e-05,2.4997975623100453e-05,3.091069374916508e-05,7.997153988479381e-05,0.00015506558766672823,0.0005901241488217879,0.0010858594739784151,0.0020581929085929382,0.0002570505293387284,0.0005069584759572148,0.0006620519251382468,0.0003340200420306324,0.0005049083174902192,0.0005049083174902192,0.0007301686925422212,0.0013860102649466536,0.0013860102649466536,0.002537638791029938,0.0026573179291371285,0.0020224253023941575,0.0020224253023941575,0.06485381459972503,0.018592982427176108,0.04357633451851804,0.09226287700030891,0.03792315921024712,0.0656664259243085,0.05557989438938139,0.0403866321268188,0.006391165496444419,0.09769207722082726,0.08925872241779267,0.07183058131204335,0.05158569572839285,0.15399118274712256,0.08481058543559405,0.1437004104235254,0.1437004104235254,0.03394541641809084,0.11598902187545346,0.11598902187545346,0.1178652999765975,0.12068349826993154,0.1853836281059838,0.1853836281059838
453,24,0.0008046774632361635,2.3899589592796412e-05,0.0026001374659812963,0.08509537196639483,0.005858568371740718,0.16993499243048515,2,False,100,0,34,0,0,0,0,10704,9385,10490,10875,10372,10685,10734,10520,9707,10857,10667,10811,10621,10861,9978,10793,10768,10219,10603,10580,10582,10654,10774,10871,7.467233393276906e-05,6.343936616876279e-05,3.188065197692193e-05,2.814748840215218e-05,2.3899589592796412e-05,2.978304655244219e-05,7.683673000498282e-05,0.0001483544903051615,0.000559233725325754,0.0010556736426087158,0.0019962561880723533,0.00024810110287551,0.0004865415551250313,0.0006538776298849415,0.0003235650767948457,0.0004972389663892839,0.0004972389663892839,0.0006973084813318322,0.0013544038808542005,0.0013544038808542005,0.0024810743716363105,0.0026001374659812963,0.0020150952433041864,0.0020150952433041864,0.059449330049747943,0.017043567224911432,0.03994497330864154,0.16790763725028318,0.03476289594272653,0.06019422376394946,0.05094823652359961,0.037021079449583896,0.005858568371740718,0.08955107078575832,0.08182049554964328,0.06584469953603973,0.047286887751026775,0.14115858418486235,0.07774303664929455,0.13172537622156497,0.13172537622156497,0.031116631716583267,0.106323270052499,0.106323270052499,0.10804319164521438,0.11062654008077057,0.16993499243048515,0.16993499243048515
454,24,0.0007850690739250272,2.3418013267986944e-05,0.0025370308333863153,0.08147631319141747,0.0053703543407623245,0.15577374306127806,3,False,100,0,34,0,0,0,0,10704,9385,10490,10875,10900,10685,10734,10520,9707,10857,10667,10811,10621,10861,9978,10793,10768,10219,10603,10580,10582,10654,10774,10871,7.182304766160943e-05,6.0298233470105896e-05,3.0497113514389426e-05,2.7908526697521034e-05,2.3418013267986944e-05,2.865258668066861e-05,7.372909144540935e-05,0.00014180010990469025,0.0005298812289450082,0.0010239893467394532,0.0019321536846768573,0.0002390621100891915,0.0004663849965580203,0.0006434872040663502,0.00031281749943452814,0.0004880463958544078,0.0004880463958544078,0.0006653996780572458,0.0013199399221065907,0.0013199399221065907,0.0024191064170838708,0.0025370308333863153,0.0019991227082997187,0.0019991227082997187,0.05449521921226894,0.015623269956168813,0.03661622553292141,0.1539153341460929,0.11519932128083266,0.055178038450287,0.04670255014663297,0.0339359894954519,0.0053703543407623245,0.08208848155361179,0.07500212092050634,0.060357641241369754,0.043346313771774544,0.12939536883612382,0.07126445026185334,0.12074826153643455,0.12074826153643455,0.02852357907353466,0.09746299754812408,0.09746299754812408,0.0990395923414465,0.10140766174070635,0.15577374306127806,0.15577374306127806
455,24,0.0008388918391353255,2.2878931036911023e-05,0.002469072103243463,0.0926070693020997,0.004922824812365464,0.2244223896339185,4,False,100,0,34,0,0,0,0,10920,9385,10490,10923,10900,10685,10734,10520,9707,10857,10667,10930,10621,10861,9978,10793,10768,10219,10603,10580,10940,10654,10774,10871,7.07658498271215e-05,5.728983533893986e-05,2.91464295025774e-05,2.827421365266749e-05,2.2878931036911023e-05,2.752633351678743e-05,7.066305894215378e-05,0.00013541823858089844,0.000502000705976058,0.0009911820512358064,0.0019146794612568678,0.0019146794612568678,0.000446570325463653,0.000631178855897241,0.0003018786274306568,0.0004775532217516014,0.0004775532217516014,0.0006344900258992873,0.0012831645482225846,0.0012831645482225846,0.0024134225527943434,0.002469072103243463,0.0019754257692235692,0.0019754257692235692,0.1332872842779132,0.014321330793154745,0.033564873405177956,0.2244223896339185,0.10559937784076326,0.05057986857942975,0.04281067096774689,0.03110799037083091,0.004922824812365464,0.07524777475747747,0.15208527751046413,0.15208527751046413,0.03973412095746,0.1186124214331135,0.06532574607336555,0.11068590640839833,0.11068590640839833,0.026146614150740106,0.0893410810857804,0.0893410810857804,0.17411962631299263,0.09295702326231416,0.14279259780617154,0.14279259780617154
456,24,0.0008252793884842648,2.2292236814929113e-05,0.0024589216775843525,0.09530648019359139,0.004512589411335009,0.24294299078690992,5,False,100,0,34,0,0,0,0,10920,9385,10490,10923,10900,10685,10734,10520,9707,10857,10667,10955,10621,10861,9978,10793,10960,10219,10603,10580,10964,10654,10774,10871,6.948797824493336e-05,5.441168656565213e-05,2.7831768918937224e-05,2.8481470112086623e-05,2.2292236814929113e-05,2.6410314111062047e-05,6.765074237115277e-05,0.00012922119359491628,0.0004755275490051755,0.0009575893290962305,0.0018900298632050544,0.0019387735696019866,0.0004271650912848367,0.0006172389189564736,0.00029083809643266195,0.00046597051510134804,0.0004779878543084711,0.0006046135446742566,0.0012445792855904395,0.0012445792855904395,0.0024589216775843525,0.002397252839291262,0.001944925256582849,0.001944925256582849,0.1221800105880871,0.01312788656039185,0.030767800621413124,0.20572052383109196,0.09679942968736632,0.04636487953114393,0.039243115053767985,0.02851565783992833,0.004512589411335009,0.06897712686102102,0.13941150438459213,0.22274483771792547,0.036422944211005,0.10872805298035404,0.05988193390058509,0.10146208087436513,0.18479541420769846,0.02396772963817843,0.08189599099529869,0.08189599099529869,0.24294299078690992,0.08521060465712131,0.13089321465565723,0.13089321465565723
457,24,0.0007803680731294193,2.166711645844371e-05,0.00248982863789248,0.09482532414473793,0.012033896013692529,0.22269774155466743,6,False,100,0,34,0,0,0,0,10920,9385,10490,10923,10900,10685,10734,10520,9707,10976,10857,10667,10955,10621,10861,9978,10793,10960,10219,10986,10964,10654,10774,10871,6.80212341327338e-05,5.166085952226137e-05,2.6555593742402394e-05,2.8540351945486936e-05,2.166711645844371e-05,2.5309644373712427e-05,6.470215306006152e-05,0.0001232182390016477,0.0004620144499319006,0.0004620144499319006,0.0009235116711704272,0.0018590864361953893,0.001952067790396791,0.0004082243131538055,0.0006019380556827302,0.000279774430532356,0.0004534956065043746,0.0004761769809666921,0.0005757923618314666,0.0012357071748749279,0.00248982863789248,0.002322478037056242,0.0019085240833739158,0.0019085240833739158,0.11199834303907984,0.012033896013692529,0.02820381723629536,0.18857714684516763,0.08873281054675246,0.04250113957021527,0.03597285546595398,0.0261393530199343,0.0874698736270571,0.0874698736270571,0.06322903295593593,0.12779387901920944,0.20418276790809833,0.03338769886008791,0.09966738189865787,0.054891772742203,0.09300690746816803,0.16939579635705693,0.021970418834996893,0.15840465841235712,0.22269774155466743,0.07810972093569453,0.11998544676768579,0.11998544676768579
458,24,0.000828562159017963,2.1011997582345234e-05,0.0025068683885864865,0.09510957249568656,0.011031071345884817,0.2041395964251118,7,False,100,0,34,0,0,0,0,10920,9385,10490,10923,10900,10685,10734,10520,9707,10857,10667,10955,10621,10861,9978,10793,10960,10219,10986,11014,10964,10654,10774,10871,6.639583136083005e-05,4.9034075518736425e-05,2.531974528339443e-05,2.8462358218612863e-05,2.1011997582345234e-05,2.422861136090778e-05,6.182542288014155e-05,0.00011741597455338969,0.00044788668968950233,0.0008892139460172971,0.0018227088379596692,0.0019552611035946335,0.000389791859101748,0.0005855286312267577,0.00026875572905730457,0.00044031068139370607,0.0004723312527469143,0.0005480383733134811,0.0012219596411640588,0.0019152432812787582,0.0025068683885864865,0.0022455649412654174,0.0019152432812787582,0.0018670911619982616,0.10266514778582318,0.011031071345884817,0.025853499133270747,0.17286238460807032,0.08133840966785642,0.038959377939364,0.03297511751045781,0.02396107360160644,0.080180717491469,0.0579599468762746,0.11714438910094198,0.18716753724909013,0.03060539062174725,0.09136176674043638,0.050317458347019416,0.0852563318458207,0.15527947999396885,0.02013955059874715,0.14520427021132737,0.19331999287037865,0.2041395964251118,0.07160057752438664,0.19331999287037865,0.1099866595370453
459,24,0.0008140929302313332,2.033452780965062e-05,0.002510938916420424,0.08718377478771268,0.010111815400394415,0.18712796338968582,8,False,100,0,34,0,0,0,0,10920,9385,10490,10923,10900,10685,10734,10520,9707,10857,10667,10955,10621,10861,9978,10793,10960,10219,10986,11014,10964,10654,10774,10871,6.464006796544334e-05,4.6527784067519796e-05,2.412552371473231e-05,2.8259914957090047e-05,2.033452780965062e-05,2.317075446512978e-05,5.902701284379484e-05,0.00011181869122828946,0.0004333053800424465,0.0008549273221399964,0.0017817205296729464,0.0019491481413658424,0.00037190174375657396,0.0005682430776984167,0.0002578404256775702,0.00042658203081356313,0.00046666778467942374,0.0005213547395835284,0.0012039055756565983,0.0019125484062264895,0.002510938916420424,0.0021672441198710237,0.0019125484062264895,0.0018214494486690142,0.09410971880367125,0.010111815400394415,0.023699040872164852,0.15845718589073113,0.07456020886220172,0.035712763111083665,0.030227191051252995,0.021964317468139236,0.07349899103384658,0.05312995130325172,0.10738235667586347,0.1715702424783326,0.02805494140326831,0.08374828617873334,0.04612433681810113,0.07815163752533563,0.14233952332780478,0.01846125471551822,0.1331039143603834,0.17720999346451377,0.18712796338968582,0.06563386273068775,0.17720999346451377,0.10082110457562485
460,24,0.0007975363937502393,1.9641575627979145e-05,0.0025030609284948852,0.07991846022206996,0.009269164117028213,0.17153396644054533,9,False,100,0,34,0,0,0,0,10920,9385,10490,10923,10900,10685,10734,10520,9707,10857,10667,10955,10621,10861,9978,10793,10960,10219,10986,11014,10964,10654,10774,10871,6.278011261589463e-05,4.41382313100038e-05,2.297376070160836e-05,2.7945927892310528e-05,1.9641575627979145e-05,2.213894389497156e-05,5.631190902149392e-05,0.00010642869371530878,0.00041841497888427207,0.0008208514968110798,0.0017368982964624062,0.0019345842103480186,0.000354579335143626,0.0005502930749853882,0.00024707808443089074,0.00041245983135595457,0.00045940414517604274,0.0004957372246458259,0.0011821050421453796,0.0019012589039536026,0.0025030609284948852,0.002088162249720459,0.0019012589039536026,0.0017723675887147414,0.08626724223669864,0.009269164117028213,0.021724120799484447,0.14525242039983685,0.0683468581236849,0.03273669951849336,0.027708258463648577,0.020133957679127634,0.06737407511435936,0.048702455361314075,0.09843382695287485,0.1572727222718049,0.02571702961966262,0.07676926233050556,0.042280642083259365,0.07163900106489099,0.13047789638382104,0.01692281682255837,0.12201192149701812,0.16244249400913763,0.17153396644054533,0.0601643741697971,0.16244249400913763,0.09241934586098945
461,24,0.0007795545643782014,1.8939248675321494e-05,0.002484332948092068,0.07673081075911968,0.00849673377394253,0.15723946923716656,10,False,100,0,34,0,0,0,0,10920,9385,10490,10923,10900,10685,10734,10520,9707,10857,10667,10955,11076,10861,9978,10793,10960,10219,10986,11014,10964,10654,10774,10871,6.083988670491917e-05,4.18615187776977e-05,2.186488522025669e-05,2.753340701262824e-05,1.8939248675321494e-05,2.113545530328943e-05,5.368380445895342e-05,0.0001012465908878593,0.0004033437339807218,0.0007871571050050885,0.0016889650831474108,0.001912455070681744,0.00034655539373183107,0.0005318693870193976,0.00023651020499135006,0.0003980783401590659,0.00045075351039648,0.0004711753875397964,0.0011570988291800008,0.0018822344936766972,0.002484332948092068,0.0020088861470905664,0.0018822344936766972,0.0017205546196669935,0.07907830538364041,0.00849673377394253,0.019913777399527408,0.13314805203318378,0.06265128661337782,0.030008641225285577,0.025399236925011195,0.018456127872533663,0.06175956885482941,0.0446439174145379,0.09023100804013527,0.1441666620824878,0.10690727715135741,0.07037182380296343,0.03875725524298775,0.0656690843094834,0.11960473835183595,0.015512582087345171,0.1118442613722666,0.14890561950837616,0.15723946923716656,0.055150676322314005,0.14890561950837616,0.08471773370590699
462,24,0.0007613052216017172,1.8232924971025007e-05,0.002484332948092068,0.07435476913071098,0.007788672626113984,0.15723946923716656,0,False,100,0,34,0,0,0,0,10920,9385,10490,10923,10900,10685,10734,11095,9707,10857,10667,10955,11076,10861,9978,10793,10960,10219,10986,11014,10964,10654,10774,10871,5.884102391272647e-05,3.9693653573720854e-05,2.0798982793691037e-05,2.703516146869027e-05,1.8232924971025007e-05,2.0162039806705046e-05,5.1145266452798064e-05,9.875439086899571e-05,0.00038820438970763597,0.0007539882080365328,0.0016385856249741524,0.0018836516361997796,0.00033779224717958415,0.0005131422089047966,0.00022617101612205172,0.000383556404802325,0.0004409209006042644,0.0004476536367671527,0.0011294006080291668,0.0018563485944128439,0.002484332948092068,0.0019299076521642254,0.0018563485944128439,0.0016666572041834366,0.07248844660167038,0.007788672626113984,0.01825429594956679,0.12205238103041846,0.057430346062263,0.027507921123178444,0.023282633847926927,0.10025145054982254,0.056612938116926956,0.04092359096332641,0.082711757370124,0.1321527735756138,0.09799833738874429,0.06450750515271647,0.03552748397273877,0.06019666061702645,0.10963767682251628,0.01421986691339974,0.10252390625791105,0.13649681788267815,0.15723946923716656,0.05055478662878784,0.13649681788267815,0.07765792256374807
463,24,0.0007359704631480672,1.7527293297768247e-05,0.0024558925202254876,0.0763278861180537,0.007139616573937819,0.1545197623501024,1,False,100,0,34,0,0,0,0,10920,9385,10490,10923,10900,10685,10734,11095,9707,10857,10667,10955,11076,10861,9978,10793,10960,11129,10986,10964,10654,10774,10871,11135,5.680289078941234e-05,3.763059097092213e-05,1.9775848469147734e-05,2.646356040574968e-05,1.7527293297768247e-05,1.9219988945031965e-05,4.869788906052529e-05,9.607796530245418e-05,0.00037309507785492036,0.0007214647841547426,0.0015863643741697454,0.0018490494754452975,0.0003284301250034818,0.0004942618986433077,0.0002160882418096003,0.00036899820229135955,0.000430100387714638,0.00043611679589800355,0.0010994913763908716,0.0024558925202254876,0.001851649047083424,0.001824466524645671,0.0016528131284910242,0.0016528131284910242,0.06644774271819784,0.007139616573937819,0.016733104620436222,0.11188134927788358,0.052644483890407746,0.02521559436291357,0.021342414360599683,0.091897163004004,0.051895193273849706,0.03751329171638254,0.07581911092261366,0.12114004244431265,0.0898318092730156,0.05913187972332343,0.032566860308343874,0.055180272232274244,0.10050120375397326,0.0963682113372831,0.09398024740308512,0.14413618013406934,0.04634188774305552,0.12512208305912162,0.1545197623501024,0.1545197623501024
464,24,0.0007831274853132977,1.6826399593634363e-05,0.002418883736947646,0.07810747395850849,0.006544648526109667,0.19437837224061993,2,False,100,0,34,0,0,0,0,10920,9385,10490,10923,10900,10685,10734,11095,9707,10857,10667,10955,11147,10861,9978,10793,10960,11129,10986,10964,10654,10774,10871,11135,5.474265385808452e-05,3.566827033420008e-05,1.8795033924412283e-05,2.583035341348384e-05,1.6826399593634363e-05,1.831019436751225e-05,4.634243110558083e-05,9.32556045854754e-05,0.00035810032739120684,0.0006896851626111551,0.0015328452619515216,0.00185615945876638,0.00185615945876638,0.00047535998579951923,0.0002062838291604599,0.0003544941352612353,0.0004184731492630358,0.0004238359858528846,0.001067815852975764,0.002418883736947646,0.0017744687507540192,0.0017874282271176547,0.0016326476918589498,0.0016326476918589498,0.06091043082501468,0.006544648526109667,0.015338679235399869,0.10255790350472661,0.0482574435662071,0.023114294832670773,0.019563879830549708,0.08423906608700366,0.047570593834362226,0.03438718407335066,0.06950085167906252,0.19437837224061993,0.19437837224061993,0.05420422307971314,0.02985295528264855,0.050581916212918056,0.09212610344114215,0.08833752705917618,0.08614856011949469,0.13212483178956355,0.04248006376446756,0.11469524280419481,0.14164311548759387,0.14164311548759387
465,24,0.0007651901288837269,1.613369681011132e-05,0.0023744309271509154,0.07159851779529945,0.005999261148933861,0.1781801745539016,3,False,100,0,34,0,0,0,0,10920,9385,10490,10923,10900,10685,10734,11095,9707,10857,10667,10955,11147,10861,9978,10793,10960,11129,10986,10964,10654,10774,10871,11135,5.267538077978835e-05,3.3802645188508447e-05,1.7855889126442503e-05,2.514654327661162e-05,1.613369681011132e-05,1.7433202214451873e-05,4.4078940215236397e-05,9.032220587003126e-05,0.0003432921406443764,0.0006587283587831563,0.0014785128845947403,0.001854097273556649,0.001854097273556649,0.0004565503673380627,0.00019677463084935963,0.00034012182649035774,0.0004062062404419141,0.0004109755345156556,0.001034780494235845,0.0023744309271509154,0.0016986670893216875,0.0017460351247409907,0.0016069222117539531,0.0016069222117539531,0.05583456158959679,0.005999261148933861,0.014060455965783213,0.09401141154599939,0.04423598993568984,0.021188103596614875,0.017933556511337233,0.07721914391308668,0.043606377681498706,0.031521585400571435,0.06370911403914063,0.1781801745539016,0.1781801745539016,0.04968720448973704,0.027365209009094504,0.04636675652850822,0.0844489281543803,0.08097606647091149,0.07896951344287013,0.12111442914043324,0.03894005845076193,0.10513730590384524,0.12983952253029438,0.12983952253029438
466,24,0.0007457927168424694,1.5452096221455605e-05,0.0023236181030556837,0.06563197464569116,0.005499322719856039,0.1633318266744098,4,False,100,0,34,0,0,0,0,10920,9385,10490,10923,10900,10685,10734,11095,9707,10857,10667,10955,11147,10861,9978,10793,10960,11129,10986,10964,10654,10774,10871,11135,5.061416511357076e-05,3.202970817196633e-05,1.695759898179028e-05,2.4422303368459383e-05,1.5452096221455605e-05,1.6589262297682496e-05,4.190686361892558e-05,8.730923981361273e-05,0.0003287310944541889,0.0006286562810976964,0.0014237947555731964,0.0018436537274275746,0.0018436537274275746,0.0004379306173825249,0.0001875730378583105,0.0003259471644945242,0.00039345195966081117,0.00039768447991125763,0.001000752824791541,0.0023236181030556837,0.0016244919890613,0.0017010406307370503,0.001576381786849284,0.001576381786849284,0.05118168145713039,0.005499322719856039,0.012888751301967946,0.08617712725049943,0.04054965744104902,0.019422428296896967,0.016439093468725796,0.07078421525366278,0.03997251287470715,0.02889478661719048,0.058400021202545574,0.1633318266744098,0.1633318266744098,0.04554660411559228,0.025084774925003293,0.042502860151132534,0.07741151747484862,0.07422806093166887,0.07238872065596429,0.11102156004539714,0.0356950535798651,0.09637586374519146,0.1190195623194365,0.1190195623194365
467,24,0.0007251971490700813,1.4784018629788397e-05,0.0022674735975692075,0.0601626434252169,0.005041045826534703,0.14972084111820896,5,False,100,0,34,0,0,0,0,10920,9385,10490,10923,10900,10685,10734,11095,9707,10857,10667,10955,11147,10861,9978,10793,10960,11129,10986,10964,10654,10774,10871,11135,4.8570266067772216e-05,3.034551153634545e-05,1.6099215419321625e-05,2.36669321686839e-05,1.4784018629788397e-05,1.5778372279920372e-05,3.98251465559325e-05,8.42448024923299e-05,0.0003144674344381558,0.0005995157910791363,0.001369064319545478,0.0018256604342297594,0.0018256604342297594,0.0004195833524396723,0.00017868756054128138,0.0003120253632164001,0.0003803476917796037,0.00038409660686054603,0.000966061802037612,0.0022674735975692075,0.0015521444786368904,0.0016531438018098001,0.0015417423220592768,0.0015417423220592768,0.046916541335702854,0.005041045826534703,0.011814688693470616,0.07899569997962448,0.0371705193209616,0.017803892605488886,0.015069169012998646,0.06488553064919088,0.03664147013514822,0.026486887732424608,0.053533352769000106,0.14972084111820896,0.14972084111820896,0.04175105377262626,0.022994377014586353,0.03896095513853815,0.0709605576852779,0.06804238918736312,0.06635632726796727,0.10176976337494736,0.03272046578154301,0.08834454176642549,0.10910126545948345,0.10910126545948345
468,24,0.0007040806963310225,1.4131444299738362e-05,0.0022069592439942923,0.058621312028671026,0.004620958674323477,0.1372441043583582,6,False,100,0,34,0,0,0,0,10920,9385,10490,10923,10900,10685,10734,11095,9707,10857,10667,10955,11147,11245,9978,10793,10960,11129,10986,10964,10654,10774,10871,11135,4.655325632312847e-05,2.874618378549499e-05,1.5279685335732504e-05,2.2888837849182224e-05,1.4131444299738362e-05,1.5000317119083917e-05,3.783231920913353e-05,8.11537315923589e-05,0.0003005421386190116,0.0005713406061934299,0.0013146444752930725,0.0018009637645062838,0.0018009637645062838,0.0004119342582253836,0.00017012335779798752,0.0002984020076166402,0.0003670161247612705,0.0003703308202521964,0.0009309989687667405,0.0022069592439942923,0.0014817839208814292,0.0016029856244521063,0.0015036809302822797,0.0015036809302822797,0.04300682955772761,0.004620958674323477,0.010830131302348065,0.07241272498132244,0.034072976044214796,0.01632023488836481,0.013813404928582091,0.059478403095091635,0.03358801429055253,0.02427964708805589,0.049072240038250094,0.1372441043583582,0.1372441043583582,0.12160513262490741,0.02107817893003749,0.0357142088769933,0.06504717787817141,0.06237219008841619,0.06082663332896999,0.09328894976036842,0.029993760299747756,0.08098249661922337,0.10000949333785983,0.10000949333785983
469,24,0.0006821765781542779,1.3495960780650451e-05,0.002142963423922991,0.05373620269294845,0.0042358787847965205,0.12580709566182835,7,False,100,0,34,0,0,0,0,10920,9385,10490,10923,10900,10685,10734,11095,9707,10857,10667,10955,11147,11245,9978,10793,10960,11129,10986,10964,10654,10774,10871,11135,4.457117249114833e-05,2.7227942976218965e-05,1.4497874816623739e-05,2.2095546533195847e-05,1.3495960780650451e-05,1.4254704085413927e-05,3.5926573108551286e-05,7.805776904645361e-05,0.00028698793339065925,0.0005441530416099468,0.0012608114018963306,0.0017704034311034646,0.0017704034311034646,0.0004031742741447502,0.0001618827154353468,0.00028511406436620144,0.0003535657484773065,0.0003564917677858064,0.0008958201823447535,0.002142963423922991,0.0014135329211466346,0.001551147450291178,0.0014628292724227889,0.0014628292724227889,0.03942292709458364,0.0042358787847965205,0.009927620360485726,0.0663783312328789,0.03123356137386356,0.01496021531433441,0.01266228785120025,0.054521869503833996,0.030789013099673152,0.022256343164051232,0.04498288670172925,0.12580709566182835,0.12580709566182835,0.11147137157283178,0.019321664019201032,0.032738024803910526,0.05962657972165712,0.057174507581048174,0.055757747218222485,0.08551487061367105,0.027494280274768777,0.07423395523428808,0.09167536889303818,0.09167536889303818
470,24,0.000659735400637,1.3210951382733574e-05,0.0020762973244270438,0.056202630246313855,0.003882888886063477,0.14418013696347232,8,False,100,0,34,0,0,0,0,10920,9385,10490,11283,11284,10685,10734,11095,9707,10857,10667,10955,11147,11245,9978,10793,10960,11129,10986,10964,10654,10774,10871,11135,4.263066404720808e-05,2.578710714576562e-05,1.375259002300659e-05,2.1842892010564153e-05,1.3210951382733574e-05,1.3540993682230416e-05,3.410582794516926e-05,7.49757552233655e-05,0.0002738302502826718,0.0005179655918653256,0.0012077985245212543,0.0017347954805868439,0.0017347954805868439,0.0003934821325810768,0.0001539654757211471,0.00027219084294228515,0.0003400915576796157,0.00034267063853176706,0.0008607477428479409,0.0020762973244270438,0.0013474818806732925,0.0014981511376847543,0.0014197693864480456,0.0014197693864480456,0.036137683170035004,0.003882888886063477,0.009100318663778582,0.14418013696347232,0.1119640979260416,0.013713530704806541,0.011607097196933562,0.04997838037851449,0.028223262008033722,0.020401647900380297,0.04123431280991848,0.11532317102334265,0.11532317102334265,0.10218209060842913,0.017711525350934277,0.030009856070251313,0.05465769807818569,0.052409965282627494,0.051111268283370606,0.07838863139586513,0.02520309025187138,0.0680477922980974,0.08403575481861833,0.08403575481861833
471,24,0.0006467261849398783,1.2858526809844401e-05,0.002007693788330451,0.06357217398449772,0.003559314812224854,0.18596708976553813,9,False,100,0,34,0,0,0,0,10920,9385,10490,11283,11308,10685,10734,11095,9707,10857,10667,10955,11147,11245,9978,10793,10960,11129,10986,10964,11325,10774,10871,11135,4.073713765372403e-05,2.4420102275296176e-05,1.3042595107060483e-05,2.1513997998626145e-05,1.3227709815033198e-05,1.2858526809844401e-05,3.236778971015157e-05,7.192384250069023e-05,0.0002610881163703336,0.0004927823569727219,0.0011558004928187394,0.001694919315507058,0.001694919315507058,0.00038302511120860537,0.00014636942076451598,0.0002596548973770871,0.00032667589397381355,0.0003289460764038448,0.0008259727742284968,0.002007693788330451,0.0014817130178673733,0.0014817130178673733,0.001375031570744591,0.001375031570744591,0.03312620957253209,0.003559314812224854,0.008341958775130366,0.1321651255498496,0.18596708976553813,0.012570736479405995,0.010639839097189099,0.04581351534697162,0.025871323507364243,0.018701510575348603,0.037798120075758605,0.10571290677139743,0.10571290677139743,0.09366691639106003,0.016235564905023085,0.027509034731063704,0.05010288990500355,0.04804246817574187,0.04685199592642306,0.07185624544620971,0.14571047627325595,0.14571047627325595,0.07703277525040013,0.07703277525040013
472,24,0.0006271386539129221,1.220654851018752e-05,0.0019378082006050227,0.06521893726356735,0.0032627052445394493,0.17046983228507662,10,False,100,0,34,0,0,0,0,10920,9385,10490,11283,11308,10685,11334,11095,9707,10857,10667,10955,11147,11341,9978,10793,10960,11129,10986,10964,11325,10774,10871,11135,3.889489467910209e-05,2.3123468149241336e-05,1.2366627493281751e-05,2.1118864857016254e-05,1.3181921485947707e-05,1.220654851018752e-05,3.150200929956792e-05,6.89157184944775e-05,0.00024877497461936796,0.00046860032002300636,0.0011049770761408111,0.0016515082888208582,0.0016515082888208582,0.00038155055884471663,0.0001390906127543365,0.00024752286284421873,0.00031338937350967096,0.0003153851592669429,0.0007916577411869573,0.0019378082006050227,0.0014600281735268439,0.0014600281735268439,0.0013290939182254268,0.0013290939182254268,0.030365692108154412,0.0032627052445394493,0.007646795543869502,0.12115136508736213,0.17046983228507662,0.011523175106122161,0.09308651917242335,0.04199572240139065,0.023715379881750556,0.017143051360736218,0.03464827673611205,0.09690349787378097,0.09690349787378097,0.16919467335847171,0.014882601162937827,0.02521661517014173,0.04592764907958658,0.04403892916109671,0.04294766293255447,0.06586822499235889,0.13356793658381794,0.13356793658381794,0.07061337731286678,0.07061337731286678
473,24,0.0005935223655924815,1.15842286200834e-05,0.0016052433759565915,0.0727864453648883,0.0029908131408278283,0.20577060853516643,11,False,100,0,34,0,0,0,0,10920,9385,10490,11283,11308,10685,11334,11095,9707,10857,10667,10955,11147,11341,9978,10793,10960,11129,10986,11373,11372,10774,10871,11135,3.7107260441619235e-05,2.189386242603046e-05,1.1723410832990196e-05,2.0667134939457903e-05,1.3079394961387122e-05,1.15842286200834e-05,3.058680234535285e-05,6.59628313553207e-05,0.00023689943309752962,0.0004454104849861696,0.0010554569058477557,0.0016052433759565915,0.0016052433759565915,0.00037844773831664953,0.00013212369430224674,0.0002358062243370395,0.0003002918577725955,0.0003020444047077958,0.00075793900960906,0.0014707530220417272,0.0014707530220417272,0.0014707530220417272,0.001282383138641054,0.001282383138641054,0.02783521776580821,0.0029908131408278283,0.007009562581880377,0.11105541799674862,0.1562640129279869,0.010562910513945315,0.08532930924138807,0.03849607886794143,0.021739098224938008,0.015714463747341534,0.031760920341436044,0.08882820638429922,0.08882820638429922,0.15509511724526573,0.013642384399359674,0.023115230572629916,0.04210034498962103,0.040369018397671985,0.039368691021508265,0.20577060853516643,0.20577060853516643,0.20577060853516643,0.06472892920346121,0.06472892920346121
474,24,0.0005231600460009101,1.0990679646114219e-05,0.001556749429438714,0.07674378857929387,0.002741578712425509,0.18862305782390257,12,False,100,0,34,0,0,0,0,11376,9385,11378,11283,11308,10685,11334,11095,11384,10857,10667,10955,11147,11341,9978,11390,10793,10960,11129,10986,11373,11372,10871,11135,3.6289066422495946e-05,2.072806319595172e-05,1.1398234813363901e-05,2.0167955811721225e-05,1.2926131048306231e-05,1.0990679646114219e-05,2.9633727994539535e-05,6.307461136840859e-05,0.00023128069112126985,0.00042319888442312936,0.0010073410163629593,0.001556749429438714,0.001556749429438714,0.0003738906688854165,0.0001286978102487522,0.0001286978102487522,0.00022451201703344332,0.00028743343419623525,0.00028897077241626495,0.0007249293800825013,0.0014738142927463688,0.0014738142927463688,0.0012352763521660246,0.0012352763521660246,0.10884894961865754,0.002741578712425509,0.08975876570005702,0.1018007998303529,0.14324201185065463,0.009682667971116539,0.07821853347127239,0.035288072295612975,0.10326084003952651,0.014404925101729738,0.029114176979649707,0.08142585585227428,0.08142585585227428,0.1421705241414936,0.09583885236607971,0.09583885236607971,0.02118896135824409,0.03859198290715261,0.03700493353119932,0.03608796676971591,0.18862305782390257,0.18862305782390257,0.05933485176983944,0.05933485176983944
475,24,0.0006032291976751472,1.042497215557936e-05,0.0015454484617563903,0.09409462413616172,0.002513113819723383,0.21365631379636912,13,False,100,0,34,0,0,0,0,11376,9385,11378,11283,11308,10685,11334,11095,11384,10857,10667,10955,11147,11412,11413,11414,10960,11129,10986,11373,11423,10871,11135,11422,3.5390687634570275e-05,1.9622970266513126e-05,1.1056778870563494e-05,1.9629883888546283e-05,1.272815407356656e-05,1.042497215557936e-05,2.865322631565432e-05,6.0258684628157386e-05,0.00022520230392654417,0.0004019474673120774,0.0009607061538539282,0.0015065935447859113,0.0015454484617563903,0.0015454484617563903,0.00037754574630012686,0.0001282803701250082,0.0002748553813085325,0.0002762026406865486,0.0006927205422658568,0.001469805623188547,0.0012187446722761296,0.0012187446722761296,0.0012187446722761296,0.0012187446722761296,0.09977820381710274,0.002513113819723383,0.08227886855838559,0.09331739984449015,0.13130517752976675,0.008875778973523494,0.07170032234866636,0.03234739960431189,0.09465577003623263,0.013204514676585594,0.026687995564678896,0.07464036786458476,0.1579737011979181,0.1579737011979181,0.21365631379636912,0.17118561466890642,0.03537598433155655,0.03392118907026604,0.033080636205572916,0.17290446967191067,0.13772361412235284,0.13772361412235284,0.13772361412235284,0.13772361412235284
476,24,0.000590176498195892,9.886147957526937e-06,0.0015280705218369195,0.08625340545814825,0.0023036876680797677,0.19585162098000503,14,False,100,0,34,0,0,0,0,11376,9385,11378,11283,11308,10685,11334,11095,11384,10857,10667,10955,11147,11412,11413,11414,10960,11129,10986,11373,11423,10871,11135,11422,3.442697123137911e-05,1.857560538426011e-05,1.0703104701196361e-05,1.9060822493827546e-05,1.2491375523908538e-05,9.886147957526937e-06,2.7654631592537676e-05,5.752107582039759e-05,0.0002187557807710783,0.000381634877304395,0.0009156078350276191,0.0014552851057081286,0.0015280705218369195,0.0015280705218369195,0.00037916813660068523,0.00012730815021300362,0.0002625910998311316,0.00026377074083653375,0.0006613854129852624,0.0014593685885050302,0.0011982248626349167,0.0011982248626349167,0.0011982248626349167,0.0011982248626349167,0.09146335349901084,0.0023036876680797677,0.07542229617852013,0.08554094985744931,0.12036307940228619,0.008136130725729869,0.0657252954862775,0.029651782970619232,0.0867677891998799,0.012104138453536794,0.02446399593428899,0.0684203372092027,0.14480922609809158,0.14480922609809158,0.19585162098000503,0.15692014677983088,0.032427985637260175,0.031094423314410535,0.03032391652177517,0.1584957638659181,0.12624664627882343,0.12624664627882343,0.12624664627882343,0.12624664627882343
477,24,0.0005784205567391622,9.373231326346369e-06,0.0015053271932541012,0.08601006611441368,0.002111713695739787,0.19905942575558816,15,False,100,0,34,0,0,0,0,11376,9385,11378,11283,11308,10685,11334,11095,11384,10857,10667,10955,11147,11412,11413,11414,10960,11129,10986,11373,11423,10871,11135,11470,3.341159371114972e-05,1.7583111574207024e-05,1.0340865082760349e-05,1.8467988483168234e-05,1.2221487823674373e-05,9.373231326346369e-06,2.664620754986249e-05,5.486639816572034e-05,0.00021202483430206672,0.000362237131554534,0.0008720831490629724,0.001403277124533908,0.0015053271932541012,0.0015053271932541012,0.0003789032030834055,0.0001258394819956127,0.0002506669966778114,0.00025169903847907044,0.0006309803332033301,0.0014431695951042517,0.0011742696446876988,0.0011742696446876988,0.0012045539570712208,0.0012045539570712208,0.08384140737409328,0.002111713695739787,0.06913710483031012,0.07841253736932853,0.110332822785429,0.007458119831919046,0.0602481875290877,0.02718080105640096,0.07953714009988991,0.011095460249075394,0.022425329606431572,0.06271864244176914,0.13274179058991728,0.13274179058991728,0.1795306525650046,0.14384346788151164,0.029725653500821826,0.02850322137154299,0.027796923478293906,0.14528778354375826,0.1157260924222548,0.1157260924222548,0.19905942575558816,0.19905942575558816
478,24,0.0005698490950309665,8.885238498747517e-06,0.001477918553976473,0.09273144949376809,0.0019357375544281378,0.26580447360928916,16,False,100,0,34,0,0,0,0,11376,9385,11378,11283,11308,10685,11334,11095,11384,10857,10667,10955,11147,11412,11413,11414,10960,11129,11490,11373,11423,11493,11470,11495,3.235701221823903e-05,1.6642751753512096e-05,9.973312391680238e-06,1.7857901946766113e-05,1.1923885226181309e-05,8.885238498747517e-06,2.5635198541714395e-05,5.229802938746609e-05,0.00020508522387506086,0.0003437282098974822,0.0008301533036656254,0.0013509685451405585,0.001477918553976473,0.001477918553976473,0.0003769115038136584,0.00012393299747942866,0.00023910331326761804,0.0002400055546964312,0.0006170609565985882,0.0014218804822807218,0.0011474072606125095,0.0011769987944384153,0.0012358658485299224,0.0012358658485299224,0.07685462342625217,0.0019357375544281378,0.06337567942778427,0.07187815925521782,0.10113842088664324,0.006836609845925792,0.05522750523499705,0.02491573430170088,0.07290904509156575,0.010170838561652443,0.02055655213922894,0.057492088904955045,0.12167997470742417,0.12167997470742417,0.1645697648512542,0.131856512224719,0.027248515709086672,0.026127952923914406,0.10881384652176943,0.13318046824844507,0.1060822513870669,0.18941558472040024,0.26580447360928916,0.26580447360928916
479,24,0.0005597764521634859,8.421185653703615e-06,0.0014465202135850034,0.08500382870262074,0.0017744260915591263,0.24365410080851505,17,False,100,0,34,0,0,0,0,11376,9385,11378,11283,11308,10685,11334,11095,11384,10857,10667,10955,11147,11412,11413,11414,10960,11129,11490,11373,11423,11493,11470,11495,3.127445448349778e-05,1.5751906754440846e-05,9.60331419434739e-06,1.723639403721431e-05,1.1603608383509409e-05,8.421185653703615e-06,2.462789170283841e-05,4.981827319760297e-05,0.00019800481466238887,0.00032608056364088795,0.0007898259220736923,0.001298707226770063,0.0014465202135850034,0.0014465202135850034,0.00037336244062510256,0.00012164628781364766,0.00022791489311730346,0.00022870312340740045,0.0006017789655268581,0.0013961627573425518,0.001118135021833822,0.0011740580313754805,0.0012594386740786513,0.0012594386740786513,0.07045007147406449,0.0017744260915591263,0.058094372808802246,0.06588831265061633,0.09271021914608964,0.006266892358765309,0.050625213132080626,0.022839423109892475,0.06683329133393527,0.00932326868151474,0.018843506127626527,0.052701081496208786,0.11153997681513882,0.11153997681513882,0.15085561778031636,0.12086846953932574,0.02497780606666278,0.023950623513588204,0.09974602597828863,0.12208209589440797,0.09724206377147798,0.17363095266036688,0.24365410080851505,0.24365410080851505
480,24,0.0005489170560009867,7.980095564510967e-06,0.0014117735984851166,0.08486462075518013,0.0016265572505958657,0.22334959240780544,18,False,100,0,34,0,0,0,0,11376,9385,11378,11283,11308,10685,11334,11095,11528,11529,10667,10955,11147,11412,11413,11414,10960,11129,11490,11373,11423,11493,11470,11495,3.0173938892307878e-05,1.4908072872715592e-05,9.233373875957545e-06,1.6608628567500815e-05,1.1265309042452612e-05,7.980095564510967e-06,2.3629685963240254e-05,4.7428506272281294e-05,0.00019576564677664643,0.0003172414844510259,0.0007510971019702799,0.001246793375543583,0.0014117735984851166,0.0014117735984851166,0.0003684288541060901,0.00011903485637114495,0.00021711188643902846,0.00021780008370935055,0.000585386772563071,0.001366655235981497,0.0010869149524991761,0.0011659583172460989,0.0012755229841727442,0.0012755229841727442,0.0645792321845591,0.0016265572505958657,0.05325317507473539,0.06039761992973163,0.08498436755058217,0.005744651328868199,0.046406445371073905,0.020936137850734768,0.144597183722774,0.09187966295805519,0.017273213950324315,0.048309324704858055,0.10224497874721057,0.10224497874721057,0.13828431629862334,0.11079609707771526,0.022896322227774216,0.021954738220789187,0.09143385714676458,0.1119085879032073,0.08913855845718814,0.1591617066053363,0.22334959240780544,0.22334959240780544
481,24,0.0005382100982211035,7.561003092791344e-06,0.0013742790836450717,0.081264791247804,0.00149101081304621,0.288070459707155,19,False,100,0,34,0,0,0,0,11376,9385,11378,11283,11308,10685,11334,11095,11528,11529,10667,10955,11147,11412,11413,11414,10960,11129,11490,11373,11423,11493,11566,11495,2.90643172450146e-05,1.4108859040754891e-05,8.865654617560888e-06,1.5979133645391036e-05,1.0913231407382726e-05,7.561003092791344e-06,2.264516463869669e-05,4.512931104246761e-05,0.00019284047807057475,0.0003079207737872195,0.0007139532500147093,0.0011954832347379073,0.0013742790836450717,0.0013742790836450717,0.000362282567734644,0.00011615133715101894,0.00020670039156905838,0.00020730090784951456,0.0005681168781776166,0.0013339647622703126,0.0010541711927453303,0.0011532312653983637,0.0013176136399858079,0.001284486835794204,0.05919762950251251,0.00149101081304621,0.048815410485174106,0.05536448493558733,0.07790233692136699,0.005265930384795849,0.04253924159015108,0.01919145969650687,0.13254741841254283,0.08422302437821726,0.015833779454463955,0.04428354764611988,0.09372456385160968,0.09372456385160968,0.12676062327373805,0.10156308898790566,0.0209882953754597,0.02012517670239009,0.08381436905120086,0.10258287224460669,0.08171034525242246,0.1458982310548916,0.288070459707155,0.20473712637382166
482,24,0.0005269099878774516,7.1629596762008846e-06,0.0013511459690434943,0.08143716975493144,0.0013667599119590258,0.2640645880648921,20,False,100,0,34,0,0,0,0,11376,9385,11378,11283,11308,10685,11334,11095,11528,11577,10667,10955,11147,11412,11413,11414,11584,11129,11490,11373,11423,11493,11566,11495,2.7953333868530002e-05,1.3351983710806456e-05,8.50200534875864e-06,1.5351840214128703e-05,1.0551206943572052e-05,7.1629596762008846e-06,2.1678169022249987e-05,4.2920594877079646e-05,0.00018931897731698462,0.0003059250614025109,0.0006783727073845933,0.0011449928841736146,0.0013345915518166325,0.0013345915518166325,0.0003550908375779631,0.00011304494520145437,0.00020175547302567817,0.00019720676684212426,0.0005501810453151176,0.0012986596305482702,0.0010202888421401795,0.0011364135067774685,0.0013511459690434943,0.001286787865014795,0.05426449371063647,0.0013667599119590258,0.04474745961140959,0.050750777857621714,0.07141047551125307,0.004827102852729528,0.03899430479097182,0.017592171388464632,0.12150180021149759,0.16053777234669916,0.014514297833258624,0.040593252008943224,0.0859141835306422,0.0859141835306422,0.11619723800092654,0.09309949823891352,0.1025726040941714,0.01844807864385758,0.07682983829693413,0.09403429955755613,0.07490114981472058,0.13374004513365065,0.2640645880648921,0.18767569917600319
483,24,0.0005147976039569668,6.785036944900567e-06,0.0013762467916872863,0.08159518338646495,0.001252863252629107,0.24205920572615106,21,False,100,0,34,0,0,0,0,11376,9385,11378,11595,11308,10685,11334,11095,11528,11577,10667,10955,11147,11412,11413,11414,11608,11129,11490,11373,11423,11493,11566,11495,2.6847695789971827e-05,1.263527152033315e-05,8.14398758582412e-06,1.5110013577448952e-05,1.018265971112965e-05,6.785036944900567e-06,2.0731871013234603e-05,4.080169640670294e-05,0.0001852876535994389,0.00030270237434727894,0.0006443271825711483,0.0010955020331177344,0.0012932179695582344,0.0012932179695582344,0.00034701363299082986,0.00010976112450530191,0.00020148071478828995,0.00018751603669914889,0.0005317701304803827,0.0012612653137570068,0.0009856139499505483,0.0011160339637128393,0.0013762467916872863,0.001282947421093955,0.04974245256808343,0.001252863252629107,0.04101850464379213,0.12985487970281992,0.06545960255198198,0.004424844281668734,0.03574477939172417,0.016126157106092578,0.11137665019387279,0.1471596246511409,0.013304773013820406,0.03721048100819795,0.07875466823642202,0.07875466823642202,0.10651413483418266,0.08534120671900405,0.17735822041965713,0.01691073875686945,0.07042735177218962,0.08619810792775978,0.06865938733016053,0.12259504137251309,0.24205920572615106,0.17203605757800292
484,24,0.0005033716567113023,6.4263295865168825e-06,0.001393200352870363,0.08521225143759285,0.0011484579815766813,0.24591170205135238,22,False,100,0,34,0,0,0,0,11376,9385,11618,11595,11308,10685,11334,11095,11528,11577,10667,10955,11147,11412,11413,11414,11632,11129,11490,11373,11423,11493,11566,11639,2.5753149655299274e-05,1.1956649801009182e-05,7.993880585730573e-06,1.4822903364545086e-05,9.81061967741945e-06,6.4263295865168825e-06,1.980884333473982e-05,3.877147984252047e-05,0.00018082861802524801,0.00029839342238194625,0.0006117830078932913,0.0010471577200078153,0.0012506165951868423,0.0012506165951868423,0.00033820165565759993,0.00010634135959395564,0.00020546543078103156,0.00017822474886636122,0.0005130544266586795,0.0012222621099124147,0.0009504543911264565,0.0010926038540139504,0.001393200352870363,0.0013063716170606749,0.0455972481874098,0.0011484579815766813,0.12093362925680945,0.11903363972758492,0.060004635672650145,0.004056107258196339,0.032766047775747154,0.014782310680584863,0.10209526267771672,0.13489632259687917,0.012196041929335372,0.03410960759084812,0.07219177921672018,0.07219177921672018,0.0976379569313341,0.07822943949242038,0.24591170205135238,0.015501510527130329,0.0645584057911738,0.07901493226711313,0.0629377717193138,0.11237878792480366,0.2218876052489718,0.241033052779836
485,24,0.0004923609451750378,6.085957565363222e-06,0.0014024167969652198,0.08158345270668234,0.0010527531497786244,0.22541906021373967,23,False,100,0,34,0,0,0,0,11376,9385,11618,11595,11308,10685,11334,11095,11528,11577,10667,10955,11147,11653,11413,11414,11632,11129,11490,11373,11423,11493,11566,11639,2.467456194676565e-05,1.1314144983129122e-05,7.82241539092164e-06,1.4497241564826131e-05,9.437741823533194e-06,6.085957565363222e-06,1.8911126315068264e-05,3.682841820199685e-05,0.00017601870930001267,0.0002931371916452979,0.0005807022359572494,0.0010000778563719315,0.0012071974702192263,0.00123833098836994,0.0003287949962629345,0.00010282311936803802,0.00020822105720148942,0.0001693269888247029,0.0004941843916985574,0.0011820843422612364,0.0009150814015752531,0.0010666091681856057,0.0014024167969652198,0.00132208436220261,0.04179747750512565,0.0010527531497786244,0.110855826818742,0.10911416975028618,0.05500424936659597,0.0037180983200133105,0.03003554379443489,0.013550451457202791,0.09358732412124032,0.12365496238047256,0.011179705101890758,0.031267140291610776,0.06617579761532683,0.14950913094866017,0.0895014605203896,0.07171031953471868,0.22541906021373967,0.0142097179832028,0.05917853864190932,0.07243035457818704,0.057692957409370985,0.10301388893107001,0.20339697147822414,0.22094696504818298
486,24,0.00048043646863579255,5.763067789058138e-06,0.001404401820176704,0.07478483164779214,0.0009650237206304057,0.20663413852926135,24,False,100,0,34,0,0,0,0,11376,9385,11618,11595,11308,10685,11334,11095,11528,11577,10667,10955,11147,11653,11413,11414,11632,11129,11490,11373,11423,11493,11566,11639,2.3615999813652883e-05,1.0705878938952068e-05,7.633051659943072e-06,1.413939551506251e-05,9.066329216616214e-06,5.763067789058138e-06,1.80402905530201e-05,3.497066637209031e-05,0.00017092892946065613,0.00028706825613765755,0.0005510435917200398,0.0009543545719956414,0.001163323887699829,0.0012215069976118855,0.00031892232742795006,9.92399046549015e-05,0.0002098059264805857,0.0001608152469888481,0.00047529165438941746,0.001141120782782625,0.0008797315809080695,0.0010385053194108696,0.001404401820176704,0.0013304797695549455,0.03831435437969851,0.0009650237206304057,0.10161784125051349,0.10002132227109566,0.05042056191937964,0.0034082567933455344,0.027532581811565315,0.012421247169102558,0.08578838044447029,0.11335038218209985,0.010248063010066527,0.028661545267309876,0.06066114781404959,0.13705003670293847,0.0820430054770238,0.06573445957349212,0.20663413852926135,0.0130255748179359,0.054246993755083545,0.06639449169667146,0.05288521095859007,0.09442939818681417,0.18644722385503879,0.2025347179608344
487,24,0.00046282307119676074,5.456835304301292e-06,0.0013997286439994484,0.07738267185939811,0.0008846050772445385,0.18941462698515624,25,False,100,0,34,0,0,0,0,11376,9385,11618,11595,11308,10685,11334,11095,11528,11577,10667,10955,11147,11653,11413,11703,11632,11129,11490,11373,11423,11708,11566,11639,2.258081048078834e-05,1.0130065301342051e-05,7.4290245874409474e-06,1.375530524191776e-05,8.698358550801946e-06,5.456835304301292e-06,1.7197495060789297e-05,3.319612493207639e-05,0.000165624137181745,0.00028031474485103565,0.0005227632950221841,0.0009100573341814338,0.0011193145742200987,0.0012007141261843016,0.00030870053605638144,9.808744146422841e-05,0.00021029348019477583,0.00015268072605930419,0.0004564902083533056,0.001099716008067499,0.0008663916018661903,0.0008663916018661903,0.0013997286439994484,0.0013320412296946769,0.035121491514723636,0.0008846050772445385,0.09314968781297069,0.09168621208183768,0.046218848426098,0.003124235393900073,0.02523819999393487,0.01138614323834401,0.07863934874076443,0.10390451700025818,0.00939405775922765,0.026273083161700718,0.05560605216287879,0.12562920031102692,0.07520608835393848,0.1435899212757011,0.18941462698515624,0.011940110249774575,0.04972641094215991,0.0608616173886155,0.13181144337870757,0.13181144337870757,0.1709099552004522,0.1856568247974315
488,24,0.0004533661283441252,5.166464093373547e-06,0.0013890130361652537,0.08482300476000383,0.0008108879874741602,0.2041604897638153,26,False,100,0,34,0,0,0,0,11376,9385,11714,11595,11308,10685,11334,11095,11528,11577,11722,10955,11147,11653,11413,11703,11632,11129,11490,11373,11423,11732,11566,11639,2.1571697744034528e-05,9.585005787885285e-06,7.399352636188248e-06,1.33504442141972e-05,8.335506957301888e-06,5.166464093373547e-06,1.6383540691956694e-05,3.150249562930849e-05,0.00016016294940628326,0.0002729968865664341,0.0005086028132000933,0.0008672358263836232,0.0010754463647497624,0.0011765056573577405,0.00029823470605311835,9.659454391838142e-05,0.00020976800002179503,0.0001449136089009214,0.00043787772039557537,0.0010581724375799285,0.0008723265334845051,0.0008723265334845051,0.0013890130361652537,0.0013273149548368387,0.03219470055516333,0.0008108879874741602,0.1687205471618898,0.0840456944083512,0.04236727772392316,0.0028638824444084,0.023135016661106966,0.01043729796848201,0.07208606967903407,0.09524580725023667,0.09194455294595869,0.024083659564892324,0.05097221448263889,0.11516010028510801,0.0689389143244436,0.13162409450272602,0.17363007473639322,0.01094510106229336,0.04558254336364658,0.055789815939564204,0.2041604897638153,0.2041604897638153,0.15666745893374787,0.17018542273097886
489,24,0.0004482695448877815,4.891187533829325e-06,0.0014082985183980765,0.08765477657941483,0.0007433139885179801,0.2269451706892689,27,False,100,0,34,0,0,0,0,11376,9385,11714,11595,11308,10685,11334,11743,11528,11577,11722,10955,11147,11653,11413,11703,11632,11129,11490,11373,11423,11732,11566,11758,2.059079450998442e-05,9.069086555342484e-06,7.33820553128228e-06,1.2929799416760815e-05,7.979179145257583e-06,4.891187533829325e-06,1.559891882504221e-05,3.065812099300904e-05,0.00015459780673760415,0.0002652260497060743,0.0004936687851377212,0.0008259225810904419,0.0010319571888954993,0.0011494098920233305,0.0002876183720589927,9.480608896325445e-05,0.00020832077941543696,0.00013750329086098864,0.00041953689476171435,0.0010167528443231493,0.0008737480870129434,0.0008737480870129434,0.0014082985183980765,0.0014082985183980765,0.02951180884223305,0.0007433139885179801,0.15466050156506564,0.0770418865409886,0.03883667124692956,0.0026252255740410336,0.021207098606014718,0.09290085647110852,0.06607889720578122,0.08730865664605027,0.08428250686712879,0.02207668793448463,0.04672452994241898,0.105563425261349,0.06319400479740662,0.12065541996083218,0.1591609018416938,0.010033009307102247,0.0417839980833427,0.051140664611267185,0.18714711561683067,0.18714711561683067,0.2269451706892689,0.2269451706892689
490,24,0.00047352662579518904,4.6302685757590326e-06,0.0014562364299708628,0.10147870649746722,0.0006813711561414817,0.29136640646516315,28,False,100,0,34,0,0,0,0,11376,9385,11714,11595,11308,10685,11334,11743,11528,11577,11722,10955,11653,11773,11413,11703,11776,11129,11490,11373,11732,11566,11758,11783,1.9639730698982562e-05,8.580774604721403e-06,7.248960215354306e-06,1.2497866951111348e-05,7.630534158779737e-06,4.6302685757590326e-06,1.4843855394058915e-05,2.9765883017355633e-05,0.00014897516339696157,0.00025710419546928434,0.0004781460200855734,0.0007861353690375391,0.001148806542278502,0.001148806542278502,0.0002769339753075756,9.27653114238821e-05,0.000211360730612833,0.00013043858022915674,0.0004015368476757776,0.0009756831653368796,0.0008710114036841987,0.001419624438710022,0.0014562364299708628,0.0014562364299708628,0.02705249143871363,0.0006813711561414817,0.1417721264346435,0.07062172932923955,0.0356002819763521,0.0024064567762042805,0.019439840388846823,0.08515911843184946,0.06057232243863279,0.0800329352588794,0.0772589646282014,0.020236963939944244,0.1800998064895699,0.1800998064895699,0.05792783773095607,0.11060080163076283,0.2292308266882193,0.00919692519817706,0.038301998243064135,0.04687894256032825,0.17155152264876145,0.2080330731318298,0.29136640646516315,0.29136640646516315
491,24,0.0004701799385581972,4.382999683829126e-06,0.0014946758139012556,0.09996659206712273,0.0006245902264630249,0.2670858725930662,29,False,100,0,34,0,0,0,0,11376,9385,11714,11595,11308,10685,11334,11743,11528,11577,11722,10955,11653,11773,11413,11799,11776,11801,11490,11373,11732,11566,11758,11783,1.8719696117449896e-05,8.11861425333503e-06,7.134996831885365e-06,1.2058659753121205e-05,7.2905112237022755e-06,4.382999683829126e-06,1.4118350444258035e-05,2.8837013563700356e-05,0.00014333576811384574,0.0002487236670541609,0.0004622011913220338,0.0007478793520985654,0.0011429500468855597,0.0011429500468855597,0.00026625346317881403,9.284752608931653e-05,0.00021319699522138953,0.00012689828555415169,0.0003839344575832225,0.0009351554732680163,0.0008644987200773811,0.001423481062390924,0.0014946758139012556,0.0014946758139012556,0.02479811715215416,0.0006245902264630249,0.12995778256508986,0.06473658521846958,0.03263359181165609,0.0022059187115205906,0.017819853689776254,0.07806252522919534,0.055524628902080056,0.07336352398730611,0.07082071757585127,0.018550550278282223,0.16509148928210574,0.16509148928210574,0.05310051792004306,0.18471740149486593,0.21012825779753436,0.09176384809832898,0.035110165056142124,0.042972364013634225,0.15725556242803132,0.19069698370417731,0.2670858725930662,0.2670858725930662
492,24,0.0005058124872030551,4.148702584971822e-06,0.0015630288640416643,0.10714238131034474,0.002022092152227208,0.3281620498769774,30,False,100,0,34,0,0,0,0,11376,11714,11811,11308,10685,11334,11743,11528,11577,11722,10955,11653,11773,11413,11799,11776,11801,11490,11373,11827,11732,11566,11830,11783,1.783149812829212e-05,6.999624211864448e-06,1.1915292974240268e-05,6.959854312745927e-06,4.148702584971822e-06,1.3422213450522712e-05,2.7881654693645108e-05,0.00013771500773388244,0.00024016724466555895,0.0004459831085871199,0.0007111490108827755,0.0011323532937462944,0.0011323532937462944,0.00025563898398078176,9.249374897676349e-05,0.0002139016674305012,0.00012316595615247821,0.0003667756657772971,0.0009184215089264117,0.0009184215089264117,0.0008546058659959967,0.001420434173838032,0.0015630288640416643,0.001523731949108778,0.022731607389474644,0.11912796735133237,0.14267520311693044,0.029914125827351416,0.002022092152227208,0.016334865882294897,0.07155731479342906,0.050897576493573383,0.06724989698836394,0.064918991111197,0.01700467108842537,0.1513338651752636,0.1513338651752636,0.04867547476003947,0.1693242847036271,0.19261756964773982,0.08411686075680157,0.03218431796813028,0.12272466701249804,0.12272466701249804,0.14415093222569536,0.17480556839549585,0.3281620498769774,0.24482871654364402
493,24,0.0005010700243819699,3.926727857013817e-06,0.0016209067617524709,0.09821384953448269,0.0018535844728749405,0.30081521238722925,31,False,100,0,34,0,0,0,0,11376,11714,11811,11308,10685,11334,11743,11528,11577,11722,10955,11653,11773,11413,11799,11776,11801,11490,11373,11827,11732,11566,11830,11783,1.6975614117239825e-05,6.846022106845073e-06,1.1730935484356604e-05,6.639135183473113e-06,3.926727857013817e-06,1.2755094673432186e-05,2.6908872177564732e-05,0.00013214329038270867,0.00023150840414499737,0.0004296233313324742,0.0006759298604986189,0.001117540140897104,0.001117540140897104,0.000245143637613542,9.174490792515961e-05,0.00021355867309304856,0.00011928763017771826,0.0003500967097015637,0.000899172737346337,0.000899172737346337,0.0008417309614688864,0.0014110989110793994,0.0016209067617524709,0.0015436993479098818,0.02083730677368509,0.10920063673872134,0.13078560285718624,0.027421282008405466,0.0018535844728749405,0.014973627058770322,0.06559420522730997,0.0466561117857756,0.06164573890600027,0.05950907518526392,0.015587615164389923,0.13872270974399162,0.13872270974399162,0.04461918519670285,0.1552139276449915,0.17656610551042817,0.07710712236040143,0.02950229147078609,0.1124976114281232,0.1124976114281232,0.13213835454022074,0.1602384376958712,0.30081521238722925,0.22442632349834035
494,24,0.0004958673899933687,3.7164543886268214e-06,0.0016681017100142483,0.09697380651772021,0.001699119100135362,0.2757472780216268,32,False,100,0,34,0,0,0,0,11376,11714,11811,11308,10685,11334,11743,11528,11577,11722,10955,11653,11773,11869,11799,11776,11801,11490,11373,11827,11876,11566,11830,11783,1.61522388776879e-05,6.677198431975506e-06,1.1511032622358725e-05,6.328774743343854e-06,3.7164543886268214e-06,1.2116512848730052e-05,2.592669021696612e-05,0.00012664644958555082,0.00022281172562492338,0.0004132370283058546,0.0006421999693887558,0.001099031805050892,0.001099031805050892,0.00024086803849026424,9.064318016621405e-05,0.00021225978237101898,0.0001153048182588434,0.0003339252773701489,0.0008778092825453661,0.0008778092825453661,0.0008475745684021976,0.001396117003594106,0.0016681017100142483,0.0015550167309465182,0.019100864542544668,0.10010058367716122,0.11988680261908738,0.025136175174371677,0.001699119100135362,0.013725824803872794,0.060128021458367466,0.0427681024702943,0.056508593997166914,0.05454998558649192,0.014288647234024095,0.1271624839319923,0.1271624839319923,0.12423425309697761,0.14227943367457555,0.16185226338455916,0.07068152883036798,0.027043767181553914,0.10312281047577959,0.10312281047577959,0.2044601583285357,0.1468852345545486,0.2757472780216268,0.20572412987347866
495,24,0.0004901328650505402,3.5172887366806642e-06,0.0017046596870072851,0.09583710041902133,0.0015575258417907486,0.2527683381864912,33,False,100,0,34,0,0,0,0,11376,11714,11811,11308,10685,11334,11743,11528,11577,11722,10955,11653,11773,11869,11799,11776,11896,11490,11898,11827,11876,11566,11830,11783,1.5361327125282284e-05,6.4959595739176e-06,1.1260823823458013e-05,6.0290626740543045e-06,3.5172887366806642e-06,1.1505879513810674e-05,2.4942141590285635e-05,0.00012124615475137778,0.00021413340704293064,0.00039692400456043764,0.0006099312968332139,0.0010773360021640586,0.0010773360021640586,0.0002359195280119446,8.923082589610233e-05,0.00021010112817713346,0.00011412381954745211,0.00031828157622110475,0.0008767489529076599,0.0008547061552264835,0.0008490270458865807,0.0013761375867667432,0.0017046596870072851,0.0015582331050109095,0.017509125830665946,0.09175886837073112,0.10989623573416343,0.023041493909840702,0.0015575258417907486,0.012582006070216728,0.05511735300350351,0.03920409393110311,0.051799544497403004,0.05000415345428426,0.013097926631188753,0.11656561027099295,0.11656561027099295,0.11388139867222948,0.13042281420169424,0.14836457476917922,0.14812473476117066,0.024790119916424422,0.1778625762694646,0.09452924293613128,0.18742181180115772,0.13464479834166954,0.2527683381864912,0.1885804523840221
496,24,0.00048400249011655317,3.328664403316344e-06,0.0017308428343580224,0.0913228976063251,0.0014277320216415194,0.23170431000428357,34,False,100,0,34,0,0,0,0,11376,11714,11811,11308,10685,11334,11743,11528,11577,11722,10955,11915,11773,11869,11799,11776,11896,11490,11898,11827,11876,11566,11830,11783,1.4602631413348015e-05,6.3048917691471505e-06,1.0985270717054416e-05,5.7401753066609285e-06,3.328664403316344e-06,1.0922520273172627e-05,2.396132837349053e-05,0.00011596031687555948,0.00020552184527854278,0.0003807698313977028,0.0005790908648404795,0.0010800938123375708,0.0010529386166534588,0.00023040359788591014,8.75492480850229e-05,0.00020718026099767216,0.00011252968807010527,0.00030317931350343094,0.0008717329519904066,0.0008302103620594607,0.0008464329141634706,0.0013518015441650055,0.0017308428343580224,0.0015539762778792655,0.016050032011443782,0.08411229600650352,0.1007382160896498,0.021121369417353975,0.0014277320216415194,0.011533505564365333,0.05052424025321155,0.03593708610351118,0.04748291578928608,0.04583714066642724,0.012006432745256358,0.1901851427484102,0.10685180941507687,0.10439128211621035,0.11955424635155305,0.13600086020508095,0.13578100686440644,0.022724276590055718,0.1630406949136759,0.086651806024787,0.17180332748439456,0.12342439847986374,0.23170431000428357,0.17286541468535357
497,24,0.0004764175426557344,3.1500410517712445e-06,0.0017470900628951376,0.08718487836135354,0.0013087543531713928,0.2123956175039266,35,False,100,0,34,0,0,0,0,11376,11714,11811,11308,10685,11334,11934,11528,11577,11722,10955,11915,11773,11869,11799,11776,11896,11490,11898,11827,11876,11566,11830,11783,1.3875735757398183e-05,6.106351621581234e-06,1.0689006916323426e-05,5.4621917829663494e-06,3.1500410517712445e-06,1.0365693296226824e-05,2.3582386198554943e-05,0.00011080348121629666,0.00019701825487338995,0.0003648470276912281,0.0005496417798529005,0.0010776274238407867,0.0010262976197805919,0.00022441930824522064,8.563826236726753e-05,0.00020359373607559798,0.00011057486241322956,0.00028862658817032716,0.0008631548132886939,0.0008046392902801303,0.0008401632611362289,0.0013237291726211472,0.0017470900628951376,0.001542924672364628,0.014712529343823466,0.07710293800596156,0.09234336474884565,0.019361255299241143,0.0013087543531713928,0.010572380100668221,0.1296472202321106,0.03294232892821858,0.04352600614017891,0.04201737894422497,0.011005896683151661,0.17433638085270933,0.09794749196382045,0.09569200860652614,0.10959139248892363,0.12466745518799087,0.12446592295903923,0.02083058687421774,0.14945397033753624,0.07943082218938809,0.15748638352736166,0.11313903193987508,0.2123956175039266,0.1584599634615741
498,24,0.0004676408171682641,2.9809036771271924e-06,0.001753978202067928,0.08339169405346297,0.00119969149040711,0.19742709604578595,36,False,100,0,34,0,0,0,0,11376,11714,11811,11308,10685,11334,11934,11528,11577,11722,10955,11915,11773,11869,11799,11776,11968,11490,11898,11827,11876,11566,11830,11783,1.318008529654927e-05,5.902463966316313e-06,1.0376306223247865e-05,5.195108570113464e-06,2.9809036771271924e-06,9.834605327498407e-06,2.313294417596249e-05,0.00010578720109816127,0.00018865730065403016,0.00034921625235579437,0.0005215441191043714,0.0010704044504515385,0.0009978389323259775,0.00021805847942226963,8.353555547049234e-05,0.00019943520438939414,0.0001111034967366412,0.0002746266963696435,0.0008514148193798813,0.0007782801269758336,0.0008306025866217569,0.0012925108648182784,0.001753978202067928,0.001525782906559531,0.013486485231838177,0.07067769317213143,0.08464808435310851,0.017747817357637714,0.00119969149040711,0.009691348425612535,0.11884328521276803,0.03019713485086703,0.03989883896183066,0.03851593069887289,0.010088738626222355,0.15980834911498354,0.08978520096683541,0.0877176745559823,0.10045877644817999,0.11427850058899162,0.19742709604578595,0.019094704634699596,0.13699947280940822,0.07281158700693907,0.14436251823341484,0.10371077927821883,0.19469598271193272,0.1452549665064429
499,24,0.00045895175065443263,2.8207617456644908e-06,0.00175218540787389,0.08338683066011883,0.0010997171995398508,0.18097483804197045,37,False,100,0,34,0,0,0,0,11376,11714,11811,11308,10685,11334,11934,11528,11984,11722,10955,11915,11988,11869,11799,11776,11968,11490,11898,11827,11876,11566,11830,11783,1.2515012325942228e-05,5.695125467961336e-06,1.0051066065783174e-05,4.938852416777451e-06,2.8207617456644908e-06,9.3284254727804e-06,2.262350306785339e-05,0.00010092038894240143,0.00018512197308141338,0.0003339274774096228,0.000494755695680814,0.0010589121921824416,0.0009929173718457702,0.00021140522649345408,8.127630793985199e-05,0.0001947939629083817,0.00011107487034549457,0.0002611788541285247,0.0008369099190538406,0.0007513900945338574,0.0008181377834157596,0.0012587004488412111,0.00175218540787389,0.0015032612944668909,0.012362611462518328,0.06478788540778714,0.0775940773236828,0.01626883257783457,0.0010997171995398508,0.008883736056811491,0.10893967811170402,0.02768070694662811,0.11990726904834478,0.035306269807300145,0.009248010407370492,0.1464909866887349,0.16563643421959912,0.08040786834298377,0.092087211744165,0.10475529220657565,0.18097483804197045,0.01750347924847463,0.12558285007529085,0.06674395475636082,0.13233230838063026,0.09506821433836725,0.17847131748593834,0.1331503859642393
500,24,0.00044913001095251765,2.6691483143470863e-06,0.0017424579855851992,0.07643792810510892,0.0010080740995781965,0.1658936015384729,38,False,100,0,34,0,0,0,0,11376,11714,11811,11308,10685,11334,11934,11528,11984,11722,10955,11915,11988,11869,11799,11776,11968,11490,11898,11827,11876,11566,11830,11783,1.1879759030691472e-05,5.48601254444815e-06,9.716803203118622e-06,4.693291852873495e-06,2.6691483143470863e-06,8.84629700646249e-06,2.20639921655678e-05,9.620964217428714e-05,0.00018109911971007822,0.0003190211192009839,0.0004692327154221911,0.001043643161905654,0.000983861792771561,0.00020453577296861348,7.889295622538115e-05,0.00018975391060729955,0.00011053571015538506,0.0002482788418453429,0.0008200257249145724,0.0007241973094665377,0.0008031492045451801,0.0012228108034165585,0.0017424579855851992,0.0014760591878280897,0.0113323938406418,0.05938889495713821,0.07112790421337589,0.014913096529681688,0.0010080740995781965,0.008143424718743866,0.09986137160239535,0.02537398136774243,0.10991499662764938,0.032364080656691795,0.00847734287342295,0.13428340446467366,0.15183339803463253,0.07370721264773512,0.08441327743215124,0.09602568452269433,0.1658936015384729,0.016044855977768408,0.1151176125690166,0.061181958526664075,0.12130461601557774,0.08714586314350331,0.16359870769544346,0.12205452046721936
