generation,parent_idx,lineage_id,m_active,A_delta_fro,condition_number_after,shrink_applied,psd_fallback,active_js,v_norms
1,0,0,1,0.015815229952933794,1.0254766864284572,True,False,[7],[0.03692934353476365]
1,1,1,2,0.016293514350566113,1.0254766864284575,True,False,"[7, 17]","[0.022485337019450005, 0.022485337019450005]"
1,2,2,3,0.016540732602376717,1.0254766864284581,True,False,"[7, 8, 16]","[0.03324960680224305, 0.03324960680224305, 0.03324960680224305]"
1,3,3,2,0.015632087915575278,1.0254766864284568,True,False,"[8, 11]","[0.027571810148872514, 0.027571810148872514]"
1,5,5,1,0.01658066242902838,1.025476686428457,True,False,[11],[0.03399327220066742]
1,6,6,1,0.016511351484266162,1.0254766864284568,True,False,[15],[0.05939858018975334]
1,7,7,1,0.01649154273209148,1.0254766864284575,True,False,[8],[0.02907624554677016]
1,8,8,2,0.014966470303531244,1.0254766864284577,True,False,"[7, 15]","[0.03668975691328432, 0.03668975691328432]"
1,9,9,2,0.01591096163236646,1.0254766864284566,True,False,"[6, 7]","[0.03606049142139613, 0.03606049142139613]"
1,10,10,1,0.015183143759929404,1.0254766864284577,True,False,[16],[0.031280971066908296]
1,12,12,1,0.016386698619001418,1.025476686428457,True,False,[5],[0.04210011015319378]
1,13,13,1,0.014946693329541951,1.0254766864284566,True,False,[16],[0.03334853368047089]
1,14,14,1,0.015106733163737162,1.0254766864284572,True,False,[11],[0.02594914125231842]
1,15,15,1,0.01640850127707549,1.0254766864284575,True,False,[5],[0.04177667977845237]
1,16,16,1,0.015249441347768464,1.025476686428457,True,False,[7],[0.01687713687882502]
1,17,17,2,0.016387603381717252,1.0254766864284575,True,False,"[15, 16]","[0.034499476904389155, 0.034499476904389155]"
1,18,18,1,0.01570164818581175,1.0254766864284572,True,False,[5],[0.020596623502534564]
1,19,19,1,0.016286395421763543,1.0254766864284572,True,False,[5],[0.02922337910267371]
1,20,20,1,0.016541182252904327,1.0254766864284575,True,False,[5],[0.03494010961990115]
1,21,21,1,0.0135334931041736,1.0254766864284572,True,False,[9],[0.04963052559003493]
1,22,22,1,0.016091136806164096,1.0254766864284572,True,False,[16],[0.025504420058505648]
2,0,0,1,0.01603178464169449,1.0454818072048429,True,False,[5],[0.020068561669234368]
2,1,7,2,0.014960460180251762,1.0326990152982651,True,False,"[7, 8]","[0.03645582223226983, 0.02596793749081911]"
2,5,13,1,0.014569936121232807,1.0378200566766795,True,False,[16],[0.036621447598063774]
2,6,12,1,0.01647514005607324,1.0380090850698027,True,False,[5],[0.020913249138207468]
2,8,8,1,0.01616608064779173,1.0369871415619174,True,False,[5],[0.018211322672559902]
2,9,28,1,0.018209681583698747,1.0600509060904801,True,False,[8],[0.017338652068896777]
2,10,20,1,0.014943689946616746,1.0256672657284018,True,False,[16],[0.05914765484472032]
2,11,21,3,0.015487110105200739,1.0271434696328967,True,False,"[7, 12, 16]","[0.029901469351142854, 0.029901469351142854, 0.029901469351142854]"
2,12,47,1,0.020979137964100874,1.0689148639818258,True,False,[5],[0.04735549252561794]
2,14,22,2,0.0165734521734842,1.0299760280300312,True,False,"[7, 16]","[0.04088674759943837, 0.04088674759943837]"
2,15,14,1,0.016725977183464608,1.025574613144563,True,False,[7],[0.029953869775815635]
2,16,10,1,0.015902499868132445,1.0255410862729395,True,False,[7],[0.04211083465035303]
2,17,15,1,0.016247942032523516,1.0306308165624787,True,False,[7],[0.015856565402119105]
2,18,23,1,0.016586439149476745,1.0254766864284577,True,False,[5],[0.03151199197418233]
2,20,6,1,0.016456744341290432,1.026436072596577,True,False,[7],[0.032015050350548135]
2,21,5,1,0.014507106260805966,1.0354465922827831,True,False,[7],[0.028903022561683634]
2,22,18,1,0.015849236966274365,1.0255112266212145,True,False,[7],[0.0214580354665151]
2,23,3,1,0.01526696911576918,1.0329931130687302,True,False,[5],[0.03939749024418821]
3,0,0,2,0.013429868490497848,1.0587639969107188,True,False,"[7, 15]","[0.05257718928729179, 0.034235518388042896]"
3,1,7,2,0.013910433147337645,1.0450155236497958,True,False,"[7, 8]","[0.042178817427659804, 0.03298941206172759]"
3,2,16,1,0.016449854271347972,1.0297718563223495,True,False,[7],[0.039199638075524026]
3,3,17,1,0.016476036451936706,1.0408653083923296,True,False,[15],[0.023361257196249003]
3,5,13,2,0.013453994334452947,1.0565090660787249,True,False,"[8, 16]","[0.025906633488919553, 0.044282752638409306]"
3,6,55,1,0.0295779828423627,1.1142832889352268,True,False,[5],[0.039313922341978384]
3,7,4,1,0.014518849324539776,1.0254766864284572,True,False,[12],[0.02733748904290441]
3,8,12,1,0.015864192070859342,1.0431048723480716,True,False,[5],[0.04288274355227008]
3,9,50,3,0.08296636195558593,1.2862558483075246,True,False,"[8, 12, 15]","[0.04285940978289809, 0.04776864033917927, 0.04776864033917927]"
3,10,28,1,0.01617386934834854,1.0593720488730736,True,False,[8],[0.020546187652276202]
3,11,52,1,0.03693515293653778,1.1355167269213218,True,False,[15],[0.04190033122597767]
3,12,8,1,0.01613576303829742,1.050938575063616,True,False,[15],[0.0430895354884909]
3,14,22,1,0.016134970505690814,1.0419192891919318,True,False,[5],[0.02445629201297569]
3,15,14,1,0.015501899343490569,1.026890179106723,True,False,[5],[0.05497777432244068]
3,16,20,1,0.015469522841978164,1.0463334450157893,True,False,[7],[0.03901080773456481]
3,17,21,2,0.01647673351356328,1.042608868270614,True,False,"[9, 12]","[0.038685173723368244, 0.038685173723368244]"
3,18,47,1,0.01602434488275472,1.0720641588775046,True,False,[6],[0.03168490668782985]
3,19,10,1,0.015492538696923611,1.0474047284568593,True,False,[7],[0.0270193249739076]
3,20,15,1,0.015787568860172185,1.0359420244778212,True,False,[5],[0.04277465572650164]
3,21,23,1,0.015973441580950355,1.0436691399243059,True,False,[5],[0.037937268661658634]
3,23,6,1,0.015759891813065658,1.0443631380228608,True,False,[5],[0.037857565462294025]
4,0,0,1,0.01586863040669067,1.0628642224062572,True,False,[6],[0.029248294139956367]
4,1,7,1,0.014110193329681074,1.064163092492574,True,False,[7],[0.04616877416557964]
4,2,76,1,0.033789628910157514,1.1085598080672951,True,False,[5],[0.038292668939733945]
4,3,16,1,0.015374048109916065,1.046372041500587,True,False,[5],[0.03012400552270363]
4,4,17,2,0.01665444550162982,1.0417740095434627,True,False,"[15, 16]","[0.019754762438857234, 0.019754762438857234]"
4,5,19,1,0.016337991100503605,1.034578601775316,True,False,[8],[0.03490304288971865]
4,6,13,1,0.015611532833094912,1.0700636564968484,True,False,[16],[0.025318472363600252]
4,7,55,1,0.016255744570994664,1.1145928349116085,True,False,[7],[0.015940683901167207]
4,8,4,2,0.016100612522892924,1.046623360378098,True,False,"[8, 12]","[0.024960167524800677, 0.024960167524800677]"
4,10,50,2,0.016281184578072653,1.2846489435343467,True,False,"[7, 8]","[0.02749978039527567, 0.043275416999454336]"
4,11,28,1,0.01582957199227605,1.068974918397858,True,False,[5],[0.021932397285325797]
4,12,52,1,0.01499514728004729,1.1541116705233982,True,False,[7],[0.020228052439691283]
4,13,8,1,0.0161687695461022,1.0541199298859292,True,False,[5],[0.021778913616523038]
4,14,2,1,0.016404305033440873,1.0383644655065896,True,False,[5],[0.042029604895824364]
4,16,14,1,0.015653072395813393,1.047622763488592,True,False,[7],[0.052784139234728446]
4,17,20,1,0.016186484069321137,1.0467124383639532,True,False,[5],[0.04389486752642503]
4,18,21,3,0.015396769046448646,1.0456334409046277,True,False,"[7, 12, 16]","[0.03451819771978551, 0.03451819771978551, 0.03451819771978551]"
4,19,47,1,0.016310542355879216,1.075344531517432,True,False,[5],[0.05336818538118182]
4,21,15,1,0.01638281013129747,1.0459698126889319,True,False,[7],[0.032108824526188705]
4,22,23,1,0.016542895646557816,1.0442780498585789,True,False,[5],[0.031693844515375755]
4,23,6,2,0.015181598349008413,1.0525382308618192,True,False,"[7, 15]","[0.024030885434886, 0.024030885434886]"
5,0,0,1,0.015102434859792674,1.0655688774929486,True,False,[16],[0.03663389058940748]
5,2,76,1,0.016028797832850744,1.112784268995452,True,False,[7],[0.043894272452852795]
5,4,17,2,0.014971983152189368,1.0543885520576348,True,False,"[7, 16]","[0.024714202861295918, 0.040533881429432754]"
5,5,19,1,0.015893552605938978,1.0588770895594504,True,False,[8],[0.06252737581079859]
5,6,13,2,0.014746784942875985,1.0857214304337877,True,False,"[8, 16]","[0.03017698050746734, 0.048547379452126116]"
5,7,55,1,0.016428818406710108,1.1105913845744666,True,False,[5],[0.019721862041696406]
5,8,4,1,0.014695068969794743,1.0536580703071996,True,False,[15],[0.06370552847290566]
5,9,12,1,0.015267935800165132,1.048657998832034,True,False,[7],[0.04076743321713898]
5,10,50,1,0.01590527965900574,1.2987440897226141,True,False,[7],[0.029869233007798337]
5,12,111,1,0.03478583986852436,1.1208106452942384,True,False,[7],[0.03811943493678341]
5,13,52,1,0.015441128876012972,1.1480778319921698,True,False,[7],[0.033410264586316234]
5,14,8,1,0.016446410793460067,1.0615176273770646,True,False,[5],[0.035028294728609806]
5,15,2,1,0.016344521942341535,1.0492361390010447,True,False,[16],[0.030147522342607577]
5,16,22,1,0.01640321131140021,1.05550029429094,True,False,[5],[0.018724850850545968]
5,17,14,1,0.01628302225655071,1.0614216231223954,True,False,[7],[0.029091124422466075]
5,18,20,1,0.01567950484306102,1.0570107077607387,True,False,[7],[0.03690007177697024]
5,19,21,2,0.013061048349077965,1.0633134425235797,True,False,"[7, 16]","[0.0289283608983167, 0.021114524170292612]"
5,20,47,1,0.015656654884639368,1.0917977254187767,True,False,[5],[0.04794372747343783]
5,22,15,1,0.015999911527495515,1.055008543737904,True,False,[7],[0.03679313520555683]
5,23,6,1,0.016139210172736052,1.0587759172539473,True,False,[7],[0.028995063922660925]
6,0,0,1,0.016070792678287718,1.0836248527866297,True,False,[5],[0.0557928077426953]
6,1,7,2,0.014188104214215893,1.0855475311765284,True,False,"[7, 8]","[0.051724400009877464, 0.048822754115345895]"
6,2,76,1,0.015426189832009241,1.1260595163032132,True,False,[7],[0.04947441023930415]
6,3,16,1,0.016278638588907386,1.0509268686020807,True,False,[12],[0.03201465169781521]
6,4,17,1,0.01609586940217063,1.0759395922097261,True,False,[16],[0.04694534412648298]
6,5,19,1,0.014809938982583244,1.0657753637031933,True,False,[5],[0.034682022274742604]
6,6,13,2,0.014773240341351771,1.0963884789491283,True,False,"[8, 12]","[0.04936193357628964, 0.03539767170630965]"
6,7,55,1,0.01626308448811809,1.1207841380808024,True,False,[5],[0.03156644136627971]
6,8,121,2,0.011645409865497848,1.0888227710816716,True,False,"[7, 8]","[0.04080002702282179, 0.028164855102310336]"
6,9,4,1,0.015533416701287836,1.057475564341486,True,False,[7],[0.06513551132854174]
6,10,12,1,0.016106997527341006,1.0492581706127626,True,False,[5],[0.03193958669277943]
6,13,141,1,0.10344932038898352,1.3479354960798398,True,False,[7],[0.04947111374764436]
6,14,111,1,0.015897379364562952,1.1308416169043074,True,False,[16],[0.04929876477143437]
6,15,52,2,0.015024886685255794,1.145185068405167,True,False,"[15, 16]","[0.035761144425398295, 0.05648069003946055]"
6,16,8,1,0.01618891887561065,1.0638386889792615,True,False,[7],[0.07513660229315847]
6,18,22,1,0.015576985535615841,1.0583718325163547,True,False,[5],[0.039798993190022024]
6,19,131,1,0.06188132353825265,1.2492164441033076,True,False,[8],[0.03920873055985569]
6,20,20,1,0.015297782045914698,1.074773069063872,True,False,[5],[0.04843648414391566]
6,21,21,1,0.015618511486065393,1.0704848094274793,True,False,[9],[0.07152592976037395]
6,22,15,1,0.015548599019604646,1.0745009458646022,True,False,[5],[0.050636622614596866]
6,23,14,1,0.015984964019542042,1.0589317372061298,True,False,[11],[0.028526852929455067]
7,2,76,1,0.016028892640362204,1.1270901604254582,True,False,[8],[0.04109153263052538]
7,3,16,1,0.01623784604349413,1.072812481180051,True,False,[5],[0.033726181474539256]
7,4,17,3,0.013301020020562352,1.08362965017615,True,False,"[7, 8, 16]","[0.04626342114916049, 0.0414272438288667, 0.054774265394818784]"
7,5,19,1,0.016022209565227066,1.0657772070886251,True,False,[15],[0.04250529172033405]
7,6,13,1,0.016031137993092564,1.1117455572497177,True,False,[8],[0.04170881445954073]
7,7,55,1,0.016352098229682182,1.1369966845831097,True,False,[5],[0.05252421752225837]
7,9,4,1,0.016242332007194413,1.05767778055308,True,False,[8],[0.06872447430398106]
7,10,12,1,0.015568937480101618,1.0586818904639403,True,False,[5],[0.05027395079532397]
7,11,50,1,0.01586949959929116,1.305411670037782,True,False,[7],[0.04540605742883468]
7,12,28,2,0.01405782640868653,1.072657160245513,True,False,"[7, 8]","[0.0614439992906921, 0.037880061980336284]"
7,13,141,1,0.016006634787783216,1.3617675672569767,True,False,[7],[0.06220764057710089]
7,14,111,1,0.015099012641678714,1.127925947699857,True,False,[7],[0.05127428239308457]
7,15,52,1,0.015502236821309247,1.1678406725777803,True,False,[15],[0.035539535471900044]
7,16,8,1,0.016150017409675838,1.0690986075478481,True,False,[7],[0.08262918389586779]
7,18,22,2,0.01490234532615588,1.0614276324217227,True,False,"[7, 16]","[0.06856504626369422, 0.0683883830081325]"
7,19,131,1,0.01586166374964386,1.256140846546802,True,False,[7],[0.04124203999633894]
7,20,20,1,0.016333172011207302,1.085082837120885,True,False,[7],[0.03766658685225149]
7,21,21,2,0.01608366447034944,1.0729913644258608,True,False,"[12, 16]","[0.023496233628816667, 0.023496233628816667]"
7,22,15,1,0.01594414598139176,1.0911642349849284,True,False,[5],[0.06468208840281175]
8,0,0,1,0.015087848251184158,1.088393116737205,True,False,[6],[0.050556499841444405]
8,1,7,1,0.0161437118402063,1.0984587857560222,True,False,[8],[0.061852918286890574]
8,2,76,1,0.014765950073390162,1.1522722856596839,True,False,[7],[0.07852565103333498]
8,4,17,3,0.013228698725629035,1.0893609558951418,True,False,"[8, 15, 16]","[0.05635131267549576, 0.02566674469644512, 0.060490396286154484]"
8,5,19,2,0.010035660752362435,1.07879437302097,True,False,"[7, 8]","[0.033414538599880986, 0.04287036492798258]"
8,7,55,1,0.016003277656911258,1.151858940671857,True,False,[5],[0.059802777782368935]
8,9,4,1,0.01650501595964437,1.060833159815136,True,False,[5],[0.01804991405596576]
8,10,12,1,0.015529480438136215,1.0726793049552454,True,False,[6],[0.03109168485907363]
8,11,50,1,0.014243852876112642,1.3105301815088148,True,False,[7],[0.02757948442118337]
8,13,28,1,0.015623040591090535,1.0835914733204106,True,False,[5],[0.03038232314972608]
8,14,141,1,0.014853744605825754,1.3701256800985304,True,False,[9],[0.04019060025035567]
8,15,111,1,0.01578714584731854,1.134353882881185,True,False,[7],[0.0424983520709879]
8,17,8,1,0.016281713753234762,1.0853536481271626,True,False,[7],[0.04498000106866948]
8,19,22,1,0.01460203051287387,1.0625484159493557,True,False,[7],[0.058711866506306866]
8,20,131,1,0.013308800268922482,1.25694245649692,True,False,[5],[0.0538231489049726]
8,21,20,1,0.016273040491257246,1.0908725031383575,True,False,[5],[0.05687053731864544]
8,23,14,1,0.015868775509781562,1.0802439298501816,True,False,[5],[0.039387947623598214]
9,0,208,1,0.020801848032209316,1.1801569958666174,True,False,[8],[0.012652282941919436]
9,1,0,1,0.015522530074635369,1.0865605317168714,True,False,[5],[0.028262537350453684]
9,2,7,1,0.01600939849194321,1.098477245516715,True,False,[8],[0.037163156244959465]
9,5,17,2,0.012259893324808025,1.0916410279832174,True,False,"[15, 16]","[0.05614602482951104, 0.04648363639717326]"
9,6,19,2,0.012557433605736006,1.08046605875802,True,False,"[7, 15]","[0.02812071769717792, 0.06597141849464433]"
9,8,55,1,0.01425792505618819,1.1631042976765709,True,False,[8],[0.04541321536529604]
9,9,214,1,0.03879630598915821,1.1512539049662789,True,False,[7],[0.06504238667187806]
9,10,121,2,0.015134068201779859,1.0962909672889218,True,False,"[7, 8]","[0.042302606426922525, 0.05569730174861614]"
9,11,4,1,0.015309549063859491,1.0614529133728297,True,False,[8],[0.022947943090881613]
9,12,12,1,0.01616777830988029,1.0729171573891865,True,False,[15],[0.08434119839501557]
9,16,28,1,0.015866791207960338,1.0907632887286942,True,False,[7],[0.09468741370416134]
9,17,141,1,0.01606349669611639,1.382597542183875,True,False,[5],[0.059110577637904296]
9,19,52,1,0.01310717337892219,1.1739716330385601,True,False,[7],[0.06547521424283505]
9,20,8,2,0.0125569795156317,1.0902587485488038,True,False,"[7, 17]","[0.03763254126165609, 0.03090625688863234]"
9,23,131,1,0.015586693916455115,1.267981104230566,True,False,[5],[0.06363143509955865]
10,0,208,2,0.014559269920538513,1.1806617638435197,True,False,"[7, 15]","[0.0804033221909285, 0.06306173578678981]"
10,1,0,1,0.015524959946303162,1.102836351590795,True,False,[6],[0.03708774750066065]
10,2,7,2,0.011972568281251705,1.1130559348823832,True,False,"[7, 8]","[0.0875577130312596, 0.06081300965865249]"
10,3,76,1,0.01579962297329759,1.15823113442032,True,False,[8],[0.05507939680625073]
10,4,16,1,0.016416039952380734,1.0730797470276137,True,False,[5],[0.03568824907860605]
10,5,17,1,0.014709666617873643,1.099314523121706,True,False,[8],[0.06428622185422748]
10,6,19,1,0.01617158795074077,1.0802932951350235,True,False,[5],[0.04441521000487991]
10,7,13,1,0.015705560537223235,1.1142696969230483,True,False,[8],[0.047830039122244615]
10,8,55,1,0.015583973879575103,1.169020357718565,True,False,[7],[0.054758595693801426]
10,9,214,1,0.014843599377892503,1.1617656494952562,True,False,[7],[0.07149659718446434]
10,10,121,1,0.015735657969473325,1.105845162605167,True,False,[8],[0.06212818970501232]
10,11,4,2,0.012736776041560897,1.0618589656791828,True,False,"[7, 8]","[0.04293098869185574, 0.04151736579585146]"
10,12,12,2,0.012302365359344205,1.079272601240216,True,False,"[7, 15]","[0.06366098921191543, 0.10755092246550654]"
10,13,210,2,0.013533714457053463,1.0772862498147917,True,False,"[7, 8]","[0.061060137383623876, 0.027207833583185004]"
10,14,50,1,0.01641626154547516,1.2970701775971079,True,False,[12],[0.03606537056228576]
10,15,168,1,0.016676411087395863,1.0831869163332821,True,False,[15],[0.062312970588971915]
10,17,141,1,0.015265551947832768,1.3868876679658184,True,False,[7],[0.06078460392471665]
10,18,111,1,0.015440336837516132,1.1343759566705052,True,False,[7],[0.048118787151314124]
10,19,52,1,0.01621836838769733,1.1769459205384465,True,False,[15],[0.03209219842237904]
10,20,8,1,0.01406014512625986,1.1011607460813362,True,False,[5],[0.05191980804336549]
10,21,229,1,0.0214037821227616,1.1016577994540133,True,False,[7],[0.0395563290585138]
10,22,131,1,0.015675955451964756,1.2713760409386254,True,False,[8],[0.030005984233904718]
10,23,220,1,0.0197310321783706,1.089033253859733,True,False,[7],[0.03995051095598176]
11,1,0,1,0.015620003716407914,1.1220016872631529,True,False,[6],[0.05090987751481042]
11,2,7,3,0.013471097131666122,1.1267689811432484,True,False,"[7, 8, 15]","[0.09502746674711325, 0.08265346329160755, 0.03478199179945505]"
11,5,17,1,0.015465396342033427,1.107982662690317,True,False,[15],[0.08736376872477435]
11,6,19,1,0.015372740891533052,1.0900709374680284,True,False,[7],[0.035389086406237565]
11,7,13,1,0.01600817174226101,1.1181737299344696,True,False,[8],[0.05942382510485794]
11,8,55,1,0.014640660528817892,1.1793099394017623,True,False,[7],[0.06800205016239202]
11,9,214,1,0.014318095608278361,1.186763590850391,True,False,[7],[0.08663381378081755]
11,10,121,2,0.015284188108819709,1.1304743382409996,True,False,"[7, 8]","[0.05177017835552509, 0.07001727345969441]"
11,14,50,2,0.013218050864923208,1.3005090742803567,True,False,"[7, 16]","[0.046583890898947454, 0.05688523432504854]"
11,15,168,3,0.013868907400316169,1.0994712113710268,True,False,"[6, 7, 8]","[0.02974079318527744, 0.04901769778056802, 0.02974079318527744]"
11,17,141,1,0.0166167096288622,1.4053263498310766,True,False,[5],[0.05966951639051516]
11,18,111,1,0.013294684001159058,1.1488735706215054,True,False,[16],[0.0852191730208323]
11,19,52,1,0.01577005799763845,1.1899427529359619,True,False,[15],[0.03346149627007008]
11,20,8,1,0.012460235786701338,1.1213155741748815,True,False,[7],[0.048189482086941994]
11,22,131,1,0.015575319915490951,1.2701634563194086,True,False,[7],[0.03442769300059964]
12,0,208,1,0.015720537737388632,1.180751166799064,True,False,[5],[0.06621416898123465]
12,1,0,1,0.01583713352051283,1.124144920982233,True,False,[5],[0.03303696061619505]
12,3,76,1,0.014140443704231948,1.1624914974478746,True,False,[5],[0.04159419267739386]
12,4,16,1,0.0157418137005692,1.0824072236570697,True,False,[5],[0.03467940236630376]
12,6,19,1,0.01590849373685467,1.0949062445396587,True,False,[5],[0.05013033721197227]
12,7,13,1,0.015447931576322125,1.1248061215694585,True,False,[8],[0.06117324778852801]
12,10,121,1,0.014341512834956653,1.1556970007674292,True,False,[7],[0.05460113178385272]
12,11,4,1,0.01466434625852152,1.0660959754652142,True,False,[7],[0.0574517507741554]
12,12,12,1,0.01564394568893487,1.0929603661978775,True,False,[15],[0.10894756930974468]
12,14,50,1,0.016607965481001505,1.2997745402457506,True,False,[12],[0.056469817302178975]
12,16,28,1,0.015511542980783322,1.0931545661119004,True,False,[5],[0.03160281262434458]
12,17,141,1,0.01644732288377114,1.4213661902294714,True,False,[5],[0.07351449486394962]
12,18,111,1,0.012416728233572077,1.1692493187412674,True,False,[16],[0.08704691513911142]
12,19,264,1,0.04218183766891121,1.2214426183720313,True,False,[5],[0.04979713867502915]
12,20,8,1,0.01580138461641741,1.1214536732680367,True,False,[15],[0.025128422027863712]
12,21,229,1,0.015071161615586057,1.1187049666636533,True,False,[7],[0.05158043658755444]
12,22,131,1,0.016142717044598052,1.2827199305206547,True,False,[5],[0.07455469406709565]
12,23,52,1,0.015385743583323928,1.1865828398498242,True,False,[5],[0.07071582887773376]
13,0,208,1,0.015023962429147733,1.186455879043114,True,False,[5],[0.08792458709007404]
13,1,0,1,0.016104760735400927,1.1276325445945041,True,False,[15],[0.02617471908822552]
13,2,7,1,0.015989621269951258,1.1418112450374875,True,False,[8],[0.0911286724807315]
13,3,76,1,0.014898649658814985,1.1748600965638447,True,False,[8],[0.06273889267822778]
13,4,16,1,0.016165928433496648,1.0896650654249929,True,False,[7],[0.05099815411795042]
13,6,19,2,0.01124816405213931,1.0999652221363512,True,False,"[8, 15]","[0.047423971937548465, 0.047575021034771334]"
13,8,55,1,0.01464994768722995,1.196247339282338,True,False,[5],[0.05766870285249166]
13,9,214,1,0.01491662805387683,1.2144378099448376,True,False,[7],[0.08220394794041906]
13,10,121,2,0.013914953693174097,1.175260477992808,True,False,"[7, 8]","[0.06230194784756797, 0.06529969527771783]"
13,12,12,2,0.013311965784960933,1.113016314068099,True,False,"[7, 15]","[0.07212901362652449, 0.11753071135746532]"
13,13,210,1,0.014746381855905325,1.0776994845697843,True,False,[8],[0.03998919584989449]
13,14,293,3,0.019293060832094158,1.1522050359137428,True,False,"[8, 15, 16]","[0.028871380224719086, 0.028871380224719086, 0.06415221715137312]"
13,15,50,4,0.012856545712419955,1.2802549174778155,True,False,"[8, 12, 15, 16]","[0.05090827879487519, 0.04644407039488494, 0.06453400763090962, 0.09043284772357453]"
13,16,168,1,0.015107515763081331,1.1136446602150134,True,False,[7],[0.09026858712368031]
13,17,28,1,0.015250420156142383,1.109033245763352,True,False,[12],[0.06057550401841577]
13,18,141,1,0.014828006251230394,1.4395763827901695,True,False,[5],[0.04487364153719322]
13,19,111,1,0.015405463709800222,1.1721514248768,True,False,[5],[0.08249879570761945]
13,20,264,1,0.014323035325336507,1.2343820393353973,True,False,[5],[0.06258510838565415]
13,22,131,2,0.01221865363447315,1.2830832070282503,True,False,"[7, 8]","[0.03746451195012912, 0.037553986019276335]"
13,23,52,1,0.01657414175679115,1.1770180609363332,True,False,[15],[0.035069684772031075]
14,0,208,1,0.013980580006364093,1.191896392425998,True,False,[15],[0.06445083324869275]
14,1,0,2,0.011164729195431653,1.1319642108271206,True,False,"[7, 15]","[0.05663870521884531, 0.03251376794387634]"
14,2,7,1,0.013945949869561575,1.166573836298657,True,False,[7],[0.10273435287930405]
14,3,76,3,0.012214319717563614,1.1764564869865481,True,False,"[7, 8, 15]","[0.03920107093492419, 0.07138135048318801, 0.03993366103156582]"
14,4,16,1,0.014345464053937853,1.1125526822151923,True,False,[7],[0.05570627217310183]
14,5,17,2,0.010748726645936383,1.1199425766537614,True,False,"[8, 15]","[0.06042966397007547, 0.08898062173812028]"
14,6,19,1,0.015132459563875959,1.1153763605266194,True,False,[5],[0.0534388019162304]
14,9,214,1,0.015685610491866276,1.2224256744554014,True,False,[5],[0.026652934461439282]
14,10,121,1,0.014454495761327315,1.1881658850825272,True,False,[7],[0.07272956564041208]
14,12,12,1,0.015750255107055175,1.1350278460067966,True,False,[7],[0.08040488012299554]
14,13,210,1,0.015819604854643617,1.0675939762551243,True,False,[8],[0.061030980548226414]
14,14,333,2,0.04141254486599741,1.2257361575064036,True,False,"[7, 15]","[0.058673321539816616, 0.0430487078584111]"
14,15,28,1,0.014427792815527701,1.1075060318015326,True,False,[5],[0.0815778667460804]
14,16,141,1,0.015618800439030455,1.444614569182036,True,False,[5],[0.04508663068097261]
14,17,111,1,0.01534524806542463,1.1768499128661711,True,False,[16],[0.06734761018912044]
14,19,293,2,0.013641494513575476,1.1475449857711797,True,False,"[15, 16]","[0.050885573050559775, 0.056324611443268696]"
14,20,50,1,0.013619450069961589,1.294978648319813,True,False,[8],[0.03361172454695155]
14,21,168,1,0.01506858053412918,1.1162287252581515,True,False,[6],[0.015997101738942567]
14,23,52,1,0.012708982733460591,1.180700524688618,True,False,[8],[0.026258259060340367]
15,0,208,1,0.012792156402206696,1.1974405100127226,True,False,[8],[0.024591575549229906]
15,1,0,1,0.015333980581597437,1.139099869195766,True,False,[5],[0.04415971064960847]
15,2,7,1,0.014863673121217598,1.1812272668403407,True,False,[8],[0.09678711786913696]
15,3,76,1,0.014851251234283033,1.1951808367308245,True,False,[8],[0.08352061328962627]
15,5,17,3,0.008387244640833534,1.127727332629564,True,False,"[8, 15, 16]","[0.06454422099257973, 0.0775749528444855, 0.04380773375117606]"
15,6,19,1,0.015133760285394458,1.1274513711061702,True,False,[5],[0.056541332914693716]
15,7,13,2,0.010306978907017844,1.1318054421050037,True,False,"[8, 16]","[0.047750498962709796, 0.017780401099522534]"
15,8,55,2,0.013638079046260028,1.2138846935312153,True,False,"[7, 8]","[0.09219594287619216, 0.08057177201420579]"
15,9,214,1,0.015158028283648352,1.2498313954985685,True,False,[7],[0.09281340352028064]
15,10,121,1,0.01445461176262734,1.201687658313163,True,False,[7],[0.08168864392550333]
15,12,12,1,0.013871431760712797,1.1383586149128009,True,False,[5],[0.04806095288844043]
15,13,210,2,0.01224612393933416,1.0755148384659288,True,False,"[7, 8]","[0.07592863152154126, 0.07618199432939332]"
15,17,111,1,0.014368389655901818,1.1864650861593877,True,False,[7],[0.0763980475792307]
15,18,264,1,0.0151102175695662,1.243120141836734,True,False,[7],[0.06296021449334573]
15,19,293,1,0.015428828487872937,1.1630064011679047,True,False,[15],[0.04766743689529488]
15,20,50,2,0.01626008336233784,1.2989516456995,True,False,"[12, 16]","[0.0351175844029573, 0.0351175844029573]"
15,21,168,2,0.012884089356909535,1.107705830663041,True,False,"[6, 7]","[0.05853474315421849, 0.08822698033459389]"
16,0,208,1,0.014525704260933848,1.2089169081794195,True,False,[8],[0.04815067283443833]
16,1,0,2,0.010489294420153212,1.1483503965116115,True,False,"[6, 7]","[0.058932784610919366, 0.06474848878484284]"
16,2,7,1,0.01594172364824661,1.1952813134974674,True,False,[5],[0.0553335810911783]
16,3,76,1,0.015502646427818552,1.2012314319803203,True,False,[7],[0.043722501129731826]
16,4,16,1,0.014379759686354956,1.1140322322757212,True,False,[16],[0.08361961380607828]
16,5,17,1,0.015729126635656066,1.138470142575758,True,False,[16],[0.04534883176362388]
16,6,19,1,0.016042024961004712,1.1264883796811602,True,False,[8],[0.0890854912613274]
16,9,383,1,0.03784174635845375,1.252981433213171,True,False,[16],[0.039302485923762405]
16,11,4,2,0.014433857705400484,1.0742939955481245,True,False,"[7, 8]","[0.08425213352703453, 0.07522687748949623]"
16,12,371,2,0.03107587953301819,1.1536751749765635,True,False,"[11, 12]","[0.03908982544443374, 0.03908982544443374]"
16,13,12,1,0.015048802830409127,1.1420105880161586,True,False,[7],[0.07977590198191557]
16,14,210,1,0.016224591382724078,1.0791877675099846,True,False,[7],[0.06691644624885085]
16,15,214,1,0.01434849713215543,1.259582729380563,True,False,[7],[0.05365824939532456]
16,16,333,2,0.015245164608536204,1.228665123733535,True,False,"[15, 16]","[0.038087313198642204, 0.038087313198642204]"
16,18,382,1,0.02786349081133823,1.370348462682843,True,False,[8],[0.03776867995396917]
16,19,141,1,0.013481878576219066,1.4709951590867545,True,False,[7],[0.08116386905971577]
16,20,111,1,0.013695513789516413,1.1908889074369042,True,False,[5],[0.08964538435532834]
16,21,264,1,0.015492496862946296,1.2361854785532036,True,False,[5],[0.07677974303914921]
16,22,293,2,0.012039337703952982,1.1621704844672351,True,False,"[7, 16]","[0.05016560246736207, 0.03173072610377147]"
16,23,52,1,0.014622016272374729,1.1818696785988234,True,False,[5],[0.07436173026038762]
17,0,208,1,0.014532139544921642,1.2285251853572388,True,False,[8],[0.05593155553356874]
17,1,0,2,0.013320787542734459,1.1482064113580055,True,False,"[7, 16]","[0.07159432621260772, 0.025790254854061733]"
17,2,7,1,0.014469284051031945,1.2090937208918031,True,False,[8],[0.08498418507073978]
17,4,16,1,0.015760053843908606,1.1086266756632435,True,False,[12],[0.027091396813863394]
17,5,17,2,0.010979417165219512,1.143662767415036,True,False,"[8, 15]","[0.0857278388617559, 0.09049007798526111]"
17,6,19,1,0.01557488694867563,1.1373777074777451,True,False,[5],[0.08694615324134887]
17,7,13,1,0.0158421589723006,1.1311755030462696,True,False,[16],[0.032917244516030064]
17,11,121,1,0.015236142687181924,1.2093474775474427,True,False,[5],[0.04154141573530693]
17,12,4,2,0.01056988607828174,1.0766449419704578,True,False,"[8, 12]","[0.040569003283463814, 0.04297323469285652]"
17,13,371,1,0.015585100881520512,1.1505601824958325,True,False,[7],[0.08709656890842855]
17,15,210,1,0.015410324129828729,1.0790026603575733,True,False,[16],[0.08465956578891116]
17,16,214,1,0.014782633319377727,1.265769052892725,True,False,[7],[0.08470768596949711]
17,17,333,2,0.010401928546976535,1.240995114500241,True,False,"[7, 15]","[0.08492337728602693, 0.039283822547162894]"
17,18,28,3,0.013530029022203061,1.1059240224379296,True,False,"[8, 11, 12]","[0.053112127846423135, 0.05290963744160639, 0.0601893654120797]"
17,19,382,1,0.01243333268184682,1.3962717133588631,True,False,[7],[0.09163225489511477]
17,20,141,1,0.012971223491980526,1.4998858565567421,True,False,[7],[0.05858731119066436]
17,21,111,1,0.015626807958205778,1.19664252200516,True,False,[5],[0.07668337319571754]
17,23,52,1,0.016196653451166967,1.1785578345185015,True,False,[15],[0.06046746334851053]
18,1,0,2,0.011438320269970525,1.1472697132982626,True,False,"[8, 15]","[0.0680947781971561, 0.06311048898386049]"
18,2,7,2,0.012818414335706848,1.2220479290571247,True,False,"[7, 15]","[0.10573901730963652, 0.054938800864968856]"
18,3,76,2,0.011422868892377687,1.2089041451643954,True,False,"[7, 8]","[0.08306342096652065, 0.07119633113278584]"
18,4,16,1,0.014013963678184705,1.1252620659819224,True,False,[5],[0.03027222173582438]
18,5,17,1,0.015308485047950448,1.1439190831742232,True,False,[15],[0.10553811367922156]
18,6,19,1,0.015997262013292275,1.1501167266979617,True,False,[15],[0.0518607603652743]
18,7,13,1,0.015198338085790684,1.1234324173208072,True,False,[15],[0.03371739488068754]
18,9,401,1,0.07963783009837297,1.4094426866776304,True,False,[7],[0.08220986706626995]
18,10,383,1,0.015761333178664405,1.2415369957195372,True,False,[5],[0.05007800628189194]
18,13,371,2,0.012644187581028466,1.1539114988347627,True,False,"[8, 11]","[0.0784893291516973, 0.031293120623823514]"
18,15,210,1,0.01543896848880555,1.0956671812037222,True,False,[8],[0.06809489976515339]
18,16,214,1,0.012118517016576747,1.2876036543087124,True,False,[7],[0.07302099532530594]
18,18,28,2,0.014851024020479206,1.1029844658072134,True,False,"[8, 12]","[0.09024291816360293, 0.10417174895825869]"
18,20,422,1,0.03538087927598114,1.133146029367995,True,False,[7],[0.0761893162250399]
18,21,430,1,0.04513608532585747,1.3256923404881233,True,False,[7],[0.09733903593022636]
18,22,141,1,0.015220135153840297,1.5151716245210083,True,False,[5],[0.060013954099419634]
18,23,264,1,0.014549441392403674,1.2366786191057126,True,False,[5],[0.08164450762548954]
19,0,208,1,0.014501531520423333,1.252258505244973,True,False,[5],[0.08555629273229313]
19,1,451,1,0.034988376806229834,1.5295520211419438,True,False,[8],[0.07217076512853023]
19,2,444,1,0.02084283651172376,1.1126712990477432,True,False,[12],[0.0386831376283089]
19,3,16,1,0.015670951998585158,1.1432657258351153,True,False,[7],[0.09028884291565646]
19,4,17,1,0.013511746313382832,1.142584093779908,True,False,[16],[0.08996870337033841]
19,5,19,1,0.015541779391281782,1.1525686920778146,True,False,[7],[0.05632579670214672]
19,6,0,1,0.015988822114543444,1.1467602604952125,True,False,[16],[0.05436371838382591]
19,7,7,1,0.01558554410678143,1.2204516742169762,True,False,[8],[0.06911122424732759]
19,8,76,2,0.013006293215111743,1.2062789070818178,True,False,"[8, 15]","[0.089104559486497, 0.07997391198162458]"
19,9,401,1,0.014571303317140323,1.4387242103835622,True,False,[5],[0.039444825654214866]
19,10,383,1,0.015591493745581263,1.2330352958999868,True,False,[5],[0.07717213920497219]
19,11,449,2,0.04317147565232566,1.319976082585524,True,False,"[7, 12]","[0.09412526172931848, 0.049306896565311426]"
19,12,13,1,0.015205194579446225,1.1338602387967665,True,False,[16],[0.04103676259003528]
19,14,214,1,0.015080186338448907,1.3064594908562268,True,False,[5],[0.04458764306944346]
19,15,121,2,0.011621176431195765,1.2228089098200965,True,False,"[7, 8]","[0.06897618700529247, 0.07862851038886441]"
19,16,4,1,0.01612791557001035,1.0936464339835703,True,False,[8],[0.026723312645550914]
19,18,12,1,0.014999164291153617,1.1448635592254872,True,False,[15],[0.03081399174847684]
19,19,210,1,0.014891020438289016,1.0945002642084234,True,False,[16],[0.06707289280903625]
19,21,28,1,0.015188557939384334,1.1177740591488425,True,False,[5],[0.0943998854259822]
19,23,430,1,0.014778501612962926,1.3303426626884427,True,False,[5],[0.08541717016552995]
20,1,451,1,0.012802273843812417,1.5348387669964647,True,False,[8],[0.08444899072258644]
20,2,444,1,0.015796103887712066,1.1148555202256025,True,False,[5],[0.04785956536257477]
20,3,16,1,0.015243275881018448,1.165864901824768,True,False,[7],[0.09158499596890395]
20,4,17,2,0.011553132345320039,1.1419055050747258,True,False,"[15, 16]","[0.03475203220928477, 0.07987594346546957]"
20,5,19,1,0.01543606055460993,1.1588128866991239,True,False,[8],[0.09687371032352357]
20,7,7,1,0.015043350858681696,1.2148013679485576,True,False,[7],[0.034146859902057854]
20,9,401,2,0.015525016911642731,1.4335211291959322,True,False,"[8, 10]","[0.09768563958398582, 0.04373729623600243]"
20,10,383,1,0.013942603624304436,1.236410788036093,True,False,[7],[0.09608349553558845]
20,12,13,1,0.015312086198574331,1.1520482382864532,True,False,[16],[0.05198106271196469]
20,13,55,1,0.014632456018262028,1.240234868293144,True,False,[5],[0.039401825430466386]
20,14,214,2,0.014725283038712603,1.2980864115191117,True,False,"[7, 11]","[0.08738007704643021, 0.051704592840603844]"
20,16,4,1,0.01603405414272816,1.0968454343937846,True,False,[5],[0.05524166471183182]
20,17,371,1,0.01472690759362922,1.1567726990768035,True,False,[7],[0.10210582634637702]
20,19,210,1,0.013623298188537646,1.0919501076257179,True,False,[7],[0.09531952787942087]
20,20,333,2,0.010063932252531204,1.2537005829449908,True,False,"[7, 15]","[0.0745652297364784, 0.03403631000162339]"
20,23,430,1,0.014298208905055551,1.341101667372484,True,False,[5],[0.08906087023793809]
21,0,501,1,0.023689540749326114,1.1404530016588883,True,False,[8],[0.07714975350960898]
21,1,451,1,0.013294258652165552,1.5565757772624051,True,False,[7],[0.0731593599871271]
21,2,444,1,0.014029130357660093,1.1320160011103453,True,False,[7],[0.11969986830980744]
21,4,17,1,0.014627407323498149,1.146985080365385,True,False,[8],[0.05822603700799218]
21,5,495,1,0.032656289758082685,1.2820130673912038,True,False,[8],[0.11293978966153971]
21,6,19,2,0.00986509584153097,1.1699513727643218,True,False,"[7, 8]","[0.046395432528475375, 0.09014473357879091]"
21,7,208,1,0.01431474121041781,1.2596562948489942,True,False,[8],[0.07305162686772641]
21,8,0,1,0.01554364598567802,1.153810795979313,True,False,[5],[0.05719599090859334]
21,9,7,2,0.009968745711229948,1.2271320426995926,True,False,"[7, 8]","[0.07846143708075208, 0.0887686597116831]"
21,10,76,1,0.014745319138285773,1.2127035271900664,True,False,[5],[0.08468768197956127]
21,11,401,1,0.015503613183118993,1.445504459800914,True,False,[5],[0.05248597749867012]
21,12,383,1,0.014706968313305185,1.2508138594501037,True,False,[15],[0.12448157901224734]
21,13,449,1,0.015374156383619348,1.3024243024183184,True,False,[12],[0.025014982538686434]
21,16,214,1,0.013120712637068318,1.325014428290331,True,False,[7],[0.07641304739044245]
21,18,4,1,0.015173469634897371,1.099023816331929,True,False,[5],[0.06425579965407055]
21,19,371,1,0.013570611665633071,1.1788971044263186,True,False,[7],[0.10088211710141545]
21,21,210,1,0.012364754136366628,1.1049146154396112,True,False,[8],[0.017239939811620413]
21,22,333,1,0.015415996302976428,1.2625057884054232,True,False,[7],[0.06053380806065982]
21,23,430,1,0.014262883346427165,1.3395597215556843,True,False,[7],[0.03992850631959115]
22,0,501,1,0.014939281222203397,1.12539361803001,True,False,[7],[0.0926372857821418]
22,1,451,1,0.012733594995268558,1.5913172247546306,True,False,[7],[0.07033652580303398]
22,4,17,1,0.012451225033958577,1.1470743787965663,True,False,[16],[0.08154109853814977]
22,5,495,1,0.015477053962591499,1.2789663852854976,True,False,[7],[0.07631999368580758]
22,6,19,1,0.014138096186552979,1.1880253654750017,True,False,[7],[0.05738443896222952]
22,7,208,1,0.014561773659241698,1.2891928317124064,True,False,[5],[0.0673897392602352]
22,10,76,1,0.015070218330795282,1.2327424005249303,True,False,[8],[0.06862175520026743]
22,11,401,1,0.014501221000694788,1.4569108111792537,True,False,[7],[0.12308507102613372]
22,13,449,1,0.012685592071783288,1.301045909348597,True,False,[17],[0.01210769962630112]
22,14,13,1,0.013889550494484126,1.1624236110897397,True,False,[12],[0.07043524100508299]
22,15,507,2,0.020891197256507652,1.2155212069041486,True,False,"[7, 12]","[0.07408258200424217, 0.03741821983695501]"
22,16,214,1,0.012245987205433571,1.356551736362349,True,False,[7],[0.07585314640626623]
22,17,55,1,0.01531522008063382,1.2566117341748844,True,False,[5],[0.09969564176433497]
22,18,121,2,0.010502056299128495,1.2315327257015691,True,False,"[7, 8]","[0.04467226870070244, 0.1028932702324256]"
22,19,4,1,0.014219256877409365,1.1055188829216376,True,False,[7],[0.10370321126217893]
22,20,371,2,0.010995252921169261,1.190734424205193,True,False,"[7, 8]","[0.08791734293902341, 0.049999848178098605]"
22,21,12,1,0.015973239256169985,1.1357568165615957,True,False,[7],[0.10544740466605104]
22,22,210,1,0.015488924442511374,1.1002950463904109,True,False,[8],[0.04826004972572137]
22,23,430,1,0.015374524404180257,1.3493181797705043,True,False,[7],[0.03724275007900176]
23,0,501,1,0.013953937910722736,1.1457177243511842,True,False,[8],[0.08499669145302806]
23,1,451,1,0.015436174573287576,1.570052183221369,True,False,[5],[0.05677187308125806]
23,2,444,1,0.014476100970513831,1.1535252058702108,True,False,[7],[0.13212080224758224]
23,3,16,1,0.013995307222855028,1.1920673918495404,True,False,[5],[0.044389150124400215]
23,4,17,1,0.01473961036363457,1.1462486562062904,True,False,[7],[0.06408494605339234]
23,5,495,1,0.015623344719580549,1.2787314090777708,True,False,[7],[0.09267258444443591]
23,8,208,1,0.013722805710412908,1.3019291026375934,True,False,[7],[0.08882051378133841]
23,9,0,1,0.01528688884705502,1.1549845188630883,True,False,[5],[0.06885940431075334]
23,10,7,1,0.014491317830017584,1.2464573837790138,True,False,[5],[0.09135914209091422]
23,11,76,2,0.013561824167599853,1.2338737966873738,True,False,"[7, 8]","[0.12953520674578073, 0.0868493628640909]"
23,12,401,3,0.011486341743354545,1.458998775561646,True,False,"[8, 12, 15]","[0.06213739887573804, 0.07897943539063199, 0.1468573720142236]"
23,13,383,1,0.015924131463295875,1.2405955906576367,True,False,[15],[0.0328478367413857]
23,14,449,2,0.012137330835493404,1.308862296764854,True,False,"[7, 15]","[0.08484955288391369, 0.05267798903293582]"
23,16,507,2,0.012647614781804092,1.2360731880249516,True,False,"[7, 8]","[0.10370245756644933, 0.06651776592190994]"
23,17,214,2,0.009591079578468421,1.374713761859956,True,False,"[7, 11]","[0.08302752201640695, 0.04101024186434008]"
23,18,540,1,0.027171747050686236,1.3301235201333512,True,False,[5],[0.08045057380002371]
23,19,55,1,0.015460981743042997,1.2566069160749191,True,False,[8],[0.06058354017483039]
23,20,536,1,0.029528526506005574,1.2206384607340626,True,False,[16],[0.039799157150267]
23,21,371,3,0.010737484086450028,1.1931689026993306,True,False,"[7, 8, 11]","[0.07152473033119942, 0.06631162368749788, 0.05334698268268959]"
23,22,12,1,0.01520880901032115,1.1448288843109715,True,False,[5],[0.061819079154812405]
24,0,501,2,0.009652255555071786,1.1580711718772854,True,False,"[7, 8]","[0.09175782367369928, 0.08648985600988748]"
24,1,451,1,0.01400871609658957,1.6033767624483988,True,False,[7],[0.08934586614426093]
24,2,444,1,0.013053479959886078,1.1561920404011805,True,False,[12],[0.04303776771609191]
24,3,16,1,0.015485657298715098,1.1936234102526464,True,False,[16],[0.04102664144609059]
24,4,17,3,0.009940217646152464,1.1624591188362252,True,False,"[7, 8, 16]","[0.061708132408863796, 0.06929275226122228, 0.08412454383970824]"
24,5,495,1,0.016171182938100104,1.2788359459023981,True,False,[7],[0.09124405156341706]
24,6,19,1,0.015353286276639825,1.1879978003200582,True,False,[12],[0.060156472690333015]
24,7,537,1,0.023784007728659528,1.2771520183619869,True,False,[5],[0.0812438346588464]
24,8,208,1,0.014464674841409831,1.2932606407308638,True,False,[16],[0.043813548211371685]
24,9,0,2,0.013305292434323938,1.164353901232216,True,False,"[6, 7]","[0.0384112763300705, 0.0861477544745593]"
24,10,7,2,0.012956644587195497,1.2692088610202388,True,False,"[7, 8]","[0.10799275017661962, 0.08776026621228901]"
24,11,76,1,0.014321236794874561,1.2399966093505048,True,False,[8],[0.08151844024985538]
24,12,401,1,0.014889481207094555,1.4684761633964405,True,False,[7],[0.07364581031819713]
24,13,383,1,0.013817828278072564,1.2458955395391063,True,False,[5],[0.04065624524439932]
24,14,449,1,0.01372436137966075,1.3362061468509125,True,False,[5],[0.04566296707955673]
24,15,13,1,0.015378284851901661,1.1688454754555444,True,False,[8],[0.08693319658390457]
24,16,507,1,0.015180305483470291,1.2373175566967956,True,False,[5],[0.07332643406355888]
24,17,214,2,0.009717653525296651,1.386824576985181,True,False,"[7, 12]","[0.08243203453131143, 0.08317504680596423]"
24,18,540,1,0.014050215116305236,1.3475625309034442,True,False,[7],[0.059415196507438844]
24,20,536,1,0.015330422925430505,1.2200543168774225,True,False,[16],[0.04752630791963771]
24,21,371,1,0.015654003202099323,1.2057955046233522,True,False,[12],[0.0382216929140322]
25,0,501,1,0.014442666563823538,1.1781947410702638,True,False,[5],[0.0968917236222731]
25,1,451,1,0.014690922642449367,1.5838804475134753,True,False,[5],[0.08705865577305069]
25,2,444,1,0.014637782899845497,1.180125665206481,True,False,[7],[0.13189964728157808]
25,3,16,1,0.015610556394672355,1.2132247286064735,True,False,[5],[0.05543627119193314]
25,4,17,2,0.013762358381702304,1.1892208652863854,True,False,"[8, 16]","[0.08381028146157081, 0.09189242774232141]"
25,5,495,1,0.015506701115211073,1.279458057747879,True,False,[8],[0.13126626608816522]
25,6,19,2,0.012999272255521407,1.1873262680131782,True,False,"[8, 12]","[0.10429308041162415, 0.08142481756655173]"
25,7,537,1,0.015351877123749672,1.2604530838039563,True,False,[8],[0.08952714885473916]
25,8,208,2,0.009778266517236428,1.2946811634519175,True,False,"[8, 16]","[0.09027969802883475, 0.062177710293060566]"
25,9,0,1,0.014054876060687161,1.1666790139309875,True,False,[15],[0.049652494773964516]
25,10,7,1,0.013367882163485436,1.2915727560425325,True,False,[7],[0.09577100949173065]
25,12,595,1,0.024245843110733085,1.2949048128966467,True,False,[5],[0.06812666995907692]
25,13,401,1,0.013540650727849558,1.4940492716536946,True,False,[5],[0.051932915879666]
25,14,383,3,0.011837586041793437,1.2408465246626454,True,False,"[7, 12, 15]","[0.10966074976562222, 0.09696235457064523, 0.09205140747531419]"
25,15,449,1,0.014023911684853166,1.36490821911465,True,False,[7],[0.08761813391552548]
25,16,13,1,0.015588054005437061,1.1689594585845131,True,False,[8],[0.07996757802017534]
25,17,507,1,0.012721030236067852,1.2376868057347399,True,False,[12],[0.08927917666875752]
25,18,214,1,0.014998199900834806,1.4107259992553893,True,False,[5],[0.08686401431774397]
25,19,540,1,0.013713345898722704,1.3755932610213766,True,False,[5],[0.0816902267723802]
25,20,55,1,0.013959416334341314,1.266199125591969,True,False,[5],[0.10855658516389581]
25,21,536,1,0.015595609682624977,1.209086176332759,True,False,[16],[0.044539368666903764]
25,22,371,1,0.015720352599777946,1.203085828983605,True,False,[5],[0.0761038440707367]
25,23,210,1,0.015530934025106342,1.1017092672524165,True,False,[15],[0.06722739186813927]
26,0,501,1,0.013950189733105524,1.2029543056441703,True,False,[8],[0.10218150064694793]
26,1,451,1,0.012240752951292058,1.5883416278523415,True,False,[8],[0.0858263172700626]
26,2,444,2,0.00912437086296222,1.1930790103732567,True,False,"[7, 8]","[0.10944667202048268, 0.09351128302709077]"
26,3,16,1,0.01529906101189867,1.2360114511376523,True,False,[5],[0.07791861944052123]
26,4,17,1,0.013828805300810274,1.214555802107427,True,False,[16],[0.09355942526910138]
26,5,495,1,0.015917720409337265,1.2857458734463427,True,False,[7],[0.10714127489894176]
26,6,19,1,0.014683225700509422,1.2044464611158703,True,False,[7],[0.0669774245136368]
26,7,537,1,0.01557741896742235,1.2558649703795053,True,False,[7],[0.07292834030970301]
26,8,208,1,0.01338285052767881,1.2938139447134342,True,False,[15],[0.08921792533935614]
26,9,0,1,0.015122405591438709,1.1806864951735554,True,False,[5],[0.07848577723192098]
26,10,7,1,0.013511928192306047,1.3129135045296945,True,False,[5],[0.0931401339357352]
26,11,76,1,0.015489485940729453,1.2434538472849583,True,False,[7],[0.14871374497762987]
26,12,595,1,0.01384179051622946,1.3149465389462711,True,False,[5],[0.0782039965720434]
26,13,401,1,0.013576531869509273,1.52718094546548,True,False,[5],[0.05787109842744352]
26,14,383,1,0.014057402119134244,1.2495904657323291,True,False,[5],[0.04617912530854003]
26,15,449,1,0.014205605421017602,1.3740729048100382,True,False,[17],[0.020670549548771573]
26,16,13,2,0.010975196523116404,1.1756834481738512,True,False,"[8, 12]","[0.07349295213766152, 0.017463719125987938]"
26,17,507,1,0.012630368473799796,1.237696423685671,True,False,[12],[0.09425602410737587]
26,18,214,1,0.014810306362869395,1.4170814367805966,True,False,[7],[0.061799920505988995]
26,19,540,1,0.01397955579158142,1.3779863365262255,True,False,[12],[0.020298239518023318]
26,20,55,1,0.013604596786899167,1.2799890914843532,True,False,[5],[0.12428999586651293]
26,21,536,2,0.011114563497449817,1.208271330071382,True,False,"[6, 7]","[0.08104796003673445, 0.07542498957278987]"
26,22,371,1,0.015117411276990749,1.220025454658741,True,False,[7],[0.06008227948127055]
27,0,501,2,0.012404570366993519,1.1946794428866798,True,False,"[7, 11]","[0.10165607893915941, 0.04504270207008456]"
27,1,451,1,0.01262137953864435,1.6167000272426966,True,False,[7],[0.08453620877544828]
27,2,444,1,0.014222750682497296,1.2199608750525084,True,False,[7],[0.12274755406908447]
27,4,17,2,0.011622821834387386,1.2269312521409605,True,False,"[15, 16]","[0.05165257842877431, 0.09335047632016405]"
27,5,495,1,0.015622152799020373,1.2922585004387264,True,False,[5],[0.04219744666010457]
27,6,19,2,0.010274966765106266,1.206584811265072,True,False,"[7, 15]","[0.07632414558487319, 0.0731657960813053]"
27,7,537,1,0.015275220667206773,1.2576005516819775,True,False,[7],[0.0603472636827401]
27,9,0,1,0.012260494719943062,1.205067300568173,True,False,[7],[0.07787184889910213]
27,10,7,1,0.012996040471519045,1.3379541792923608,True,False,[7],[0.09085877945076322]
27,11,76,1,0.014721108110162737,1.259082728367314,True,False,[8],[0.08894543853333892]
27,12,595,1,0.014333587221820049,1.3210483975171279,True,False,[7],[0.09726504839068999]
27,13,401,1,0.013507277584070523,1.56179947467105,True,False,[5],[0.06560448019576201]
27,14,383,1,0.01284688413185141,1.249377668933403,True,False,[12],[0.10698957733308653]
27,15,449,1,0.014033716258289173,1.4048917132873255,True,False,[7],[0.08664974560970576]
27,16,13,1,0.015193854613620782,1.1918152033956493,True,False,[8],[0.071958870273125]
27,17,507,1,0.014372534668248296,1.258690858597264,True,False,[5],[0.11008851549667814]
27,18,214,1,0.01445121142397032,1.4448800550781353,True,False,[5],[0.07716042886956956]
27,19,540,1,0.013382750711229716,1.4060891642172684,True,False,[5],[0.08719159874532245]
27,20,55,2,0.013121279050294121,1.2840756761697878,True,False,"[7, 11]","[0.10769714559140717, 0.06477328251183855]"
27,21,536,1,0.014956267096778676,1.2092035053458148,True,False,[5],[0.10934528398010984]
27,22,371,1,0.014109346486197931,1.2205412587216973,True,False,[12],[0.039203876251778604]
28,0,501,1,0.01422133706370758,1.1984916198189624,True,False,[7],[0.09836943953169226]
28,1,451,1,0.012016204476888956,1.6512169927631815,True,False,[7],[0.09123189658113585]
28,2,444,1,0.014507731258032645,1.2218558073328785,True,False,[12],[0.06770432854202675]
28,3,16,1,0.015170036033546568,1.2583748991585413,True,False,[5],[0.07699311596884865]
28,4,17,1,0.014600619429680672,1.2266805192875325,True,False,[15],[0.06766301982076363]
28,6,19,1,0.01517393057573856,1.2183269200814355,True,False,[5],[0.09382978010054246]
28,8,208,2,0.013386601215971993,1.3031878895673035,True,False,"[7, 8]","[0.11488587010032567, 0.10493989884645817]"
28,9,0,1,0.012341235079761885,1.2316080557960336,True,False,[7],[0.08224994613272239]
28,10,7,2,0.013041911457011744,1.364405336377575,True,False,"[7, 8]","[0.09821951713812076, 0.10623993531802943]"
28,12,595,1,0.01348577658518994,1.337102089125595,True,False,[7],[0.08954313161460353]
28,13,401,1,0.015297331583059237,1.5594361383854283,True,False,[7],[0.09463789016663365]
28,14,383,1,0.014813302418375909,1.2728523991337553,True,False,[5],[0.0758828698766455]
28,15,449,1,0.015486956455055167,1.412148641915505,True,False,[5],[0.07826605523722929]
28,16,13,1,0.015766877130841787,1.2081331214353395,True,False,[5],[0.06232618697694495]
28,18,214,1,0.014169911286922887,1.4748395610223182,True,False,[5],[0.0932371371392254]
28,19,540,1,0.014500160906428335,1.403442300632357,True,False,[16],[0.07526201305183577]
28,22,371,1,0.014265909165589712,1.2418245336630287,True,False,[7],[0.05911524477804721]
28,23,210,1,0.01525269442084247,1.103943066999113,True,False,[7],[0.05778136148039781]
29,0,501,1,0.014171975938344955,1.2187803123129068,True,False,[8],[0.10400774503294845]
29,1,451,1,0.012244148038629502,1.6895746752971972,True,False,[7],[0.08963478378319345]
29,2,444,1,0.01563468702659588,1.2234972221571696,True,False,[5],[0.07713681514796177]
29,3,16,1,0.014694736160758334,1.285242637152494,True,False,[5],[0.0907918765273812]
29,4,17,1,0.013835848508001866,1.2506442482540605,True,False,[16],[0.08797346376556511]
29,6,19,2,0.012500090807137487,1.215907192217605,True,False,"[7, 15]","[0.09098644599613541, 0.09525809468064006]"
29,8,208,1,0.014336243535332626,1.3182719115154906,True,False,[8],[0.08915502159004335]
29,9,0,1,0.014919644014512394,1.2497008889622214,True,False,[6],[0.03331913130592399]
29,12,595,1,0.01420803978804224,1.3282061343158666,True,False,[16],[0.08277200259272716]
29,14,383,2,0.01061533112218256,1.2731396777040926,True,False,"[8, 12]","[0.07088467966500235, 0.12398118060272285]"
29,15,449,1,0.015163369468850793,1.4227392093009752,True,False,[5],[0.07755979579085985]
29,16,13,1,0.013701318709413657,1.214316189513476,True,False,[7],[0.11076175954869391]
29,17,507,2,0.011802955408160135,1.2541884882077754,True,False,"[8, 12]","[0.038153529997789426, 0.10462040626118453]"
29,18,214,1,0.0136436151544153,1.5104307719310819,True,False,[5],[0.0814289237901014]
29,19,540,2,0.010415981693484656,1.405436076474055,True,False,"[7, 16]","[0.11169035894810309, 0.08990626465614886]"
29,20,55,1,0.013575779893341017,1.2960789210918389,True,False,[7],[0.10249096047014537]
29,21,536,2,0.012333149772507877,1.2111915467255472,True,False,"[6, 7]","[0.08127575786417059, 0.08101277497954754]"
30,2,444,1,0.013544969378632995,1.223447134636323,True,False,[8],[0.11606666300296074]
30,3,16,1,0.015771900730117118,1.2840273251092318,True,False,[12],[0.047411905551298594]
30,4,17,2,0.009812500459393187,1.2567220098683003,True,False,"[8, 15]","[0.08782555635038627, 0.07459780778040069]"
30,6,19,1,0.015023135930153477,1.2203765883585689,True,False,[8],[0.12359099281184531]
30,7,537,1,0.014136131662118303,1.2830359301879182,True,False,[5],[0.08437433162728225]
30,8,208,1,0.013936766689591198,1.3334981446735372,True,False,[8],[0.09133043971920776]
30,9,0,1,0.015578212797556801,1.2681175353079832,True,False,[6],[0.040535991283801684]
30,10,7,1,0.013041758955401774,1.394707190658809,True,False,[7],[0.09929881864164301]
30,11,76,1,0.0140002328252806,1.2844447226897457,True,False,[8],[0.07865982317171064]
30,12,595,3,0.009276502947282684,1.328947618520209,True,False,"[7, 12, 16]","[0.09165069068457232, 0.09420644804073172, 0.11329462811339557]"
30,14,383,2,0.012279394110867453,1.2711353435418076,True,False,"[15, 16]","[0.10390377156718957, 0.08432019366575368]"
30,15,449,1,0.014668529381497812,1.4281993579747452,True,False,[17],[0.036853159280312936]
30,16,13,2,0.012552769283669874,1.2356084788649957,True,False,"[7, 8]","[0.1166001858951076, 0.08341747134534898]"
30,17,507,1,0.013891964762456936,1.2795698099420156,True,False,[5],[0.11334094476290811]
30,18,214,1,0.014686610941145078,1.5139128057163687,True,False,[7],[0.07216342276237099]
30,19,540,3,0.009499093921341505,1.4128850803097242,True,False,"[7, 12, 15]","[0.09606460194490674, 0.0462741336172057, 0.05379337249904541]"
30,20,55,1,0.012138212581167438,1.3182113721097035,True,False,[5],[0.11099694133969955]
30,21,536,2,0.011310066898837727,1.2140653608279712,True,False,"[6, 15]","[0.075502997357481, 0.04055725291874947]"
30,22,371,3,0.011241760077672015,1.239859399418172,True,False,"[8, 11, 12]","[0.05495983935031219, 0.02862327109860883, 0.0461035109960648]"
30,23,210,1,0.015011811878314851,1.117761594981818,True,False,[5],[0.09582958479336744]
31,0,501,2,0.010540641545883666,1.236827445398979,True,False,"[7, 8]","[0.10086126786893855, 0.12441989665506019]"
31,2,444,1,0.01545954427312082,1.2291100235594592,True,False,[5],[0.09876935303073694]
31,3,16,1,0.015091987408748769,1.3075292315845273,True,False,[7],[0.10520300175729437]
31,4,17,1,0.013494999720018743,1.2547420590949714,True,False,[7],[0.07294572450312163]
31,5,495,1,0.015346436895721094,1.2942869735135758,True,False,[8],[0.11586946513348188]
31,6,19,2,0.011232068191538097,1.2236966298349472,True,False,"[8, 15]","[0.1236675952834433, 0.10634924421653366]"
31,9,0,1,0.01490176999354688,1.2848298940721332,True,False,[6],[0.04186833908916756]
31,10,7,1,0.014398153131579924,1.4205731804738715,True,False,[8],[0.09180689976779133]
31,11,76,1,0.01402678783209719,1.307725035844191,True,False,[8],[0.0827605596240873]
31,14,383,1,0.014739777512950742,1.2782214242607484,True,False,[7],[0.1060088568665943]
31,15,449,3,0.00855413324512605,1.4388504059310343,True,False,"[7, 15, 17]","[0.07876965278750707, 0.08337229076715764, 0.056903788148709264]"
31,16,13,1,0.014403595781385926,1.2651202437365558,True,False,[8],[0.0786278943287121]
31,17,507,2,0.01084632101299161,1.290468975388421,True,False,"[7, 12]","[0.09978769164327, 0.10856816724045443]"
31,18,214,1,0.012952812315630441,1.550912802310555,True,False,[5],[0.08340976400949363]
31,19,540,1,0.013814923480510553,1.4287821366974547,True,False,[15],[0.07679006518735036]
31,21,536,2,0.012614730790529686,1.2035686903252045,True,False,"[8, 16]","[0.06865676276435165, 0.048028172110452814]"
31,23,210,1,0.015000157263200782,1.1345818341340834,True,False,[5],[0.10528602695685563]
32,0,501,1,0.012186256365172012,1.2443712370114965,True,False,[7],[0.09884134948180125]
32,1,451,1,0.011511511377398226,1.732445052621741,True,False,[7],[0.09209012231301412]
32,2,444,1,0.014576625662782892,1.2490863589935786,True,False,[7],[0.13703205383261396]
32,4,17,1,0.012890952630964923,1.268109419141337,True,False,[8],[0.08595135671983412]
32,5,495,1,0.015203216974382797,1.2942250681940708,True,False,[8],[0.11564842060454113]
32,6,19,1,0.014596156501742926,1.23258595697384,True,False,[8],[0.11478382332052005]
32,7,537,1,0.014981092268145757,1.2902698108228317,True,False,[7],[0.06082109185972617]
32,8,208,1,0.01396441347616309,1.3320150256092784,True,False,[15],[0.09900615706587038]
32,9,0,1,0.014850544185836829,1.3133130873697199,True,False,[5],[0.07543407882567844]
32,10,7,1,0.012566403682667959,1.4476660298666173,True,False,[7],[0.10115626983636757]
32,12,595,1,0.01366894026749153,1.3582836238214422,True,False,[5],[0.07122588973829369]
32,13,401,2,0.011743742218939248,1.5582066597616333,True,False,"[7, 12]","[0.10124319780984878, 0.04329249606696688]"
32,14,383,1,0.01360928868173355,1.3035128112102825,True,False,[7],[0.08271003094344868]
32,16,13,1,0.014504467743906988,1.2954276829954492,True,False,[8],[0.08434907813644583]
32,17,507,2,0.011867494870283749,1.304329422028509,True,False,"[7, 12]","[0.10780997975704538, 0.1067454575453575]"
32,18,214,1,0.013254273387489877,1.566552285460228,True,False,[7],[0.06667475852190924]
32,19,756,1,0.05274219141779136,1.3561969087696062,True,False,[15],[0.11264163765888682]
32,20,55,1,0.014490968027473933,1.332688714772764,True,False,[8],[0.0817921526028412]
32,21,540,1,0.01347730243952158,1.4428869947452625,True,False,[7],[0.08970211396981909]
32,22,536,2,0.014604896500597835,1.207299892462546,True,False,"[6, 16]","[0.014160858543553248, 0.03984137660168232]"
33,2,444,2,0.008694573444736202,1.2617644948295166,True,False,"[7, 8]","[0.11119302910266089, 0.11922592009786216]"
33,3,16,2,0.010406620928119266,1.3208064324357047,True,False,"[7, 16]","[0.10374255501298431, 0.06569656462942547]"
33,4,17,1,0.012952820084052595,1.2795955882754069,True,False,[8],[0.08640146899974604]
33,7,537,1,0.014359946913923846,1.2893791001499675,True,False,[8],[0.09048597553410632]
33,8,208,1,0.013914440250333303,1.3592502771822468,True,False,[5],[0.06708829736838115]
33,9,0,1,0.015614045318284902,1.31847582740233,True,False,[6],[0.053695086051066744]
33,10,7,1,0.013957603072293991,1.4717558268189008,True,False,[8],[0.08531654088512006]
33,11,76,1,0.014897119985630631,1.3245891719804006,True,False,[5],[0.08044760853213702]
33,13,401,1,0.014850759512963215,1.5611547484397816,True,False,[7],[0.11004570626329434]
33,14,383,1,0.014477325441802635,1.307190619555666,True,False,[15],[0.09985799838697013]
33,15,449,1,0.013909377139544257,1.4431307810973149,True,False,[17],[0.08086237457193891]
33,16,13,1,0.014841248611210292,1.2944979666332395,True,False,[16],[0.054647259469855124]
33,17,507,1,0.013422329269497229,1.3349506309165713,True,False,[5],[0.113922913033826]
33,18,214,1,0.012939434776164124,1.5983482460870961,True,False,[5],[0.08923572607223018]
33,19,756,1,0.012091640784904645,1.373373346784618,True,False,[7],[0.09220347059865215]
33,20,55,1,0.012545646246216674,1.3547096570594357,True,False,[7],[0.12494483883326109]
33,21,540,1,0.013838607033394906,1.4651060766894854,True,False,[5],[0.11792822968907912]
33,22,536,3,0.014824290965709658,1.216789198693706,True,False,"[6, 15, 16]","[0.048855106716449014, 0.043294229815346794, 0.06985212294726635]"
34,2,444,1,0.015237094410946827,1.2642599247668689,True,False,[5],[0.09518494654702703]
34,3,16,2,0.011190862419068994,1.3372160835492974,True,False,"[7, 12]","[0.11029380411843022, 0.06805195517641215]"
34,4,17,2,0.011573090307726921,1.2861890578081439,True,False,"[15, 16]","[0.09055643013025977, 0.10296007085706926]"
34,6,19,1,0.014482188151340645,1.2326415802089874,True,False,[15],[0.11249934589472811]
34,8,208,2,0.010411239749524643,1.3661802048653282,True,False,"[8, 15]","[0.09344945836780334, 0.1070044801323119]"
34,9,0,2,0.011238263672306681,1.3396312982984167,True,False,"[6, 7]","[0.06121198664267217, 0.0916060284808152]"
34,10,7,1,0.013111297300808615,1.4916071041002406,True,False,[7],[0.112372996108189]
34,11,76,1,0.014518878925972301,1.332189198478377,True,False,[7],[0.14018878877474766]
34,13,401,1,0.014731030040821337,1.5655636178316794,True,False,[7],[0.11638996538028595]
34,15,449,1,0.014868730258198935,1.450617359045285,True,False,[5],[0.08813283662508424]
34,17,507,1,0.012234901278950192,1.3400121597570755,True,False,[12],[0.13531692997723524]
34,18,214,1,0.012998560389442403,1.6287582933554305,True,False,[5],[0.08349927257107842]
34,20,55,1,0.012152764001683664,1.3794334430059965,True,False,[5],[0.11295531315553654]
34,21,540,2,0.010920237944220972,1.4614386301642548,True,False,"[15, 16]","[0.06238397973025009, 0.052810420953022845]"
34,22,536,3,0.011648092478596602,1.218730239578672,True,False,"[7, 15, 16]","[0.05531820988189516, 0.05574841587439334, 0.07390668057054564]"
35,0,501,2,0.010032580935410448,1.2654050692875722,True,False,"[7, 8]","[0.1052377704938577, 0.11900009192244476]"
35,1,451,2,0.009803521829961914,1.7503463244378161,True,False,"[7, 8]","[0.11229469053332865, 0.11221259931068259]"
35,2,444,1,0.014807031152561555,1.2675499691384473,True,False,[5],[0.09847101759330282]
35,3,16,1,0.014075104556375024,1.3675506792059653,True,False,[7],[0.11054489397735771]
35,4,17,2,0.011009643982542946,1.2955700946970161,True,False,"[15, 16]","[0.07705277502304039, 0.08260942818324238]"
35,6,19,2,0.012118557252199829,1.2525397893583958,True,False,"[7, 8]","[0.10107994907681872, 0.1291754705474928]"
35,8,208,1,0.013863864615990547,1.3939017020169402,True,False,[5],[0.08238414116747181]
35,9,0,2,0.011239660752607605,1.3523508982112877,True,False,"[7, 16]","[0.1006545288391364, 0.05311156844591761]"
35,10,7,2,0.01357068178819798,1.4961073803889315,True,False,"[8, 15]","[0.11114502569411294, 0.060703988748936344]"
35,13,401,2,0.011800283214889786,1.5644697781288421,True,False,"[7, 12]","[0.11692313564690435, 0.08387423575933811]"
35,14,383,1,0.014665526647610803,1.3244291496804763,True,False,[5],[0.08658203634027943]
35,15,449,1,0.014303919220851025,1.466199340040421,True,False,[5],[0.08338831746035807]
35,16,13,1,0.014271156057857406,1.3267104273157175,True,False,[8],[0.08165520403169454]
35,17,507,2,0.01097360355383848,1.3561909362994402,True,False,"[7, 12]","[0.1074339656954936, 0.13139763242333444]"
35,18,214,2,0.01238718320367992,1.6353239745533898,True,False,"[7, 9]","[0.07916823913005548, 0.034608156761776254]"
35,19,756,1,0.013956900624146687,1.3737184084325158,True,False,[8],[0.08428980638619457]
35,21,540,1,0.01479865660509049,1.465337015625041,True,False,[15],[0.09389571342626621]
35,22,536,1,0.015026427411592323,1.2252433567196341,True,False,[16],[0.07702936331727543]
35,23,210,1,0.014852764752042641,1.1371333930446283,True,False,[16],[0.04115553136202829]
36,0,501,1,0.014019353725664012,1.2906603536337855,True,False,[8],[0.11174668968326544]
36,3,16,1,0.012435127530564846,1.3951900228689402,True,False,[5],[0.08593440058133618]
36,4,847,1,0.0777940418433005,1.5021608834630633,True,False,[15],[0.08814298223724192]
36,5,19,1,0.014964115736980954,1.2496572555100112,True,False,[8],[0.11516552704203616]
36,6,537,1,0.013327023737165202,1.2900166967515454,True,False,[15],[0.1108919609814615]
36,7,208,1,0.013063741496246638,1.4045935143151207,True,False,[8],[0.0861093172440219]
36,8,0,3,0.012010626296155095,1.3491899825697917,True,False,"[6, 8, 15]","[0.049727768924048905, 0.11171714231030198, 0.12005949715978001]"
36,10,76,1,0.015575856369389608,1.339168323549879,True,False,[8],[0.11966256660127864]
36,12,17,2,0.009835011552805042,1.296658255633842,True,False,"[15, 16]","[0.1389779054243568, 0.11789678365107416]"
36,13,495,1,0.014754851913422037,1.2896537689246939,True,False,[8],[0.07532090171638811]
36,14,449,1,0.014710684076028284,1.4510567916965817,True,False,[17],[0.02396906819624149]
36,16,507,2,0.013948985105265939,1.3501284461213898,True,False,"[8, 12]","[0.09263913919591045, 0.0434719500668379]"
36,17,401,1,0.014547643360436284,1.5788697580958506,True,False,[7],[0.1081777728971229]
36,18,383,1,0.013135876649939019,1.3438428951094559,True,False,[7],[0.09864686166531964]
36,19,756,1,0.012156415913427013,1.3919247642883281,True,False,[7],[0.09410000119114209]
36,21,214,1,0.014049990703430638,1.6545741653449682,True,False,[5],[0.11300539887829329]
36,22,540,2,0.013202585103808864,1.4574920118477472,True,False,"[7, 16]","[0.06244189137713351, 0.08378026655460732]"
36,23,210,1,0.01442755674557429,1.1358588905658638,True,False,[8],[0.03850065169773702]
37,0,501,1,0.013538216031518006,1.3150907168107668,True,False,[8],[0.11171763599727431]
37,2,444,1,0.013212139512691328,1.2924471904398775,True,False,[7],[0.12445435682425539]
37,3,875,1,0.03470430302353659,1.4020960399612623,True,False,[7],[0.11013806529452579]
37,4,16,1,0.012506942712100818,1.428846515961942,True,False,[5],[0.037079373842261724]
37,5,847,1,0.014815909639977377,1.4883945321068874,True,False,[15],[0.10040139319122768]
37,7,537,1,0.014015482672140162,1.3139307911207814,True,False,[5],[0.08690893660153488]
37,8,208,1,0.014377253853164629,1.4143520528844769,True,False,[8],[0.11720504176982778]
37,9,0,1,0.01473173216522334,1.3567309815461825,True,False,[6],[0.06904311365365917]
37,10,7,1,0.015770381711040816,1.501364059966448,True,False,[8],[0.13120216204790258]
37,11,76,1,0.012735126583243758,1.3699433739423326,True,False,[8],[0.09101635702405605]
37,13,17,1,0.014040717977230778,1.2926959143148542,True,False,[8],[0.07811294874832761]
37,16,13,1,0.015377426232000455,1.3438969085044867,True,False,[8],[0.09682055055873515]
37,17,507,1,0.013715169834107952,1.354022404630974,True,False,[12],[0.13860515351815983]
37,19,383,1,0.012707498306312496,1.3648842838453814,True,False,[7],[0.09990606501953922]
37,20,879,1,0.027727794874423832,1.3425803113617514,True,False,[12],[0.0391557725372368]
37,23,756,1,0.015182217393209907,1.3773962772639883,True,False,[15],[0.0830885166764562]
38,0,501,1,0.013260716347879918,1.346241797014813,True,False,[5],[0.09440587457008842]
38,1,451,2,0.010725792590703989,1.7687427702384333,True,False,"[7, 8]","[0.11728159147305815, 0.11446152687327871]"
38,2,444,1,0.015138766296104663,1.2905591772927951,True,False,[5],[0.12327397295229876]
38,3,875,2,0.010614913573149025,1.4094542916811899,True,False,"[7, 16]","[0.132237076978784, 0.08398107083730556]"
38,5,847,2,0.013537294341148767,1.4779641260989942,True,False,"[7, 15]","[0.10976358814952264, 0.09359025283090618]"
38,6,19,2,0.010701947231796991,1.2588008154886694,True,False,"[8, 15]","[0.12279352857881974, 0.11890834848400918]"
38,7,537,1,0.014837170909215212,1.319290744222879,True,False,[7],[0.07509333685169951]
38,8,208,2,0.011142868307539876,1.4414193443071126,True,False,"[7, 8]","[0.12691479280910373, 0.13213453346459858]"
38,9,0,2,0.012284295874141074,1.3673469772515552,True,False,"[7, 16]","[0.10204879644592921, 0.06895825885589614]"
38,10,7,1,0.015397501910612236,1.506491735634859,True,False,[8],[0.1340801066982891]
38,12,595,1,0.012522634157944683,1.3736703910898789,True,False,[7],[0.09540030968775377]
38,13,17,2,0.009776422798048565,1.2977305798194185,True,False,"[8, 16]","[0.0726947373697082, 0.04158207081382947]"
38,15,449,1,0.014494154846030928,1.4673951962864376,True,False,[5],[0.08568804972145841]
38,16,13,1,0.015240339938228913,1.366379936007751,True,False,[5],[0.06169080495559485]
38,17,507,1,0.013996375152433488,1.376111667814775,True,False,[7],[0.10263562284068117]
38,18,401,2,0.009786180405962873,1.5868338964789865,True,False,"[7, 12]","[0.0930100555511534, 0.12664395266694775]"
38,20,879,1,0.014729052102324702,1.348782370509645,True,False,[12],[0.0410961220560094]
38,21,55,1,0.013968213662348229,1.3883133206590743,True,False,[7],[0.09584826528231935]
38,22,214,1,0.014539513033157585,1.66462918289153,True,False,[7],[0.07461804134659782]
38,23,756,1,0.013651998585848596,1.400264967034789,True,False,[5],[0.11529574491508643]
39,0,501,1,0.011931476763425652,1.3580139278936176,True,False,[7],[0.10860129670914713]
39,1,451,1,0.013066703489087943,1.7688373465185494,True,False,[8],[0.12654113871240882]
39,2,444,1,0.012615961094181883,1.2890777802615745,True,False,[8],[0.12456887865016655]
39,3,875,1,0.013445151263668364,1.429512907949295,True,False,[7],[0.1375907468588706]
39,4,16,1,0.013925772333337732,1.4564001699078635,True,False,[5],[0.056291764888334594]
39,5,847,1,0.015061175365089967,1.4739573458216304,True,False,[15],[0.11180895049525677]
39,6,19,1,0.014491265062078285,1.2751159656183573,True,False,[5],[0.09538928191396845]
39,7,537,1,0.01407249268629914,1.320676158619053,True,False,[8],[0.09537754570731694]
39,8,208,2,0.012013358266064134,1.4515365010644299,True,False,"[8, 15]","[0.14449707125674024, 0.13089909677889205]"
39,9,0,2,0.010293032138734781,1.3726797707206109,True,False,"[7, 15]","[0.11577604672431271, 0.07489544247089455]"
39,10,7,1,0.014761095984226952,1.517852035346117,True,False,[8],[0.11508719856301329]
39,11,76,1,0.013913077620741541,1.4000817176006957,True,False,[8],[0.09558140441287219]
39,13,17,1,0.014178163518647978,1.315734429445687,True,False,[16],[0.040789687264412754]
39,15,449,1,0.014248473635165161,1.4602395985244703,True,False,[12],[0.05278468370934867]
39,16,13,1,0.015312649286418288,1.3804851803027365,True,False,[8],[0.10173186548035162]
39,17,507,1,0.013817282703826428,1.3778665910183954,True,False,[12],[0.14383252632832183]
39,18,401,1,0.015584883296356484,1.5757580927623214,True,False,[10],[0.04094368632019321]
39,19,383,2,0.013125709900334293,1.374544775869155,True,False,"[12, 15]","[0.0895384769943592, 0.13485633839058814]"
39,20,879,1,0.015383636333429039,1.3592739117598507,True,False,[12],[0.05006880634151369]
39,21,55,1,0.01348618861262976,1.405632292166488,True,False,[7],[0.10854949186419045]
39,22,214,1,0.014112659284632472,1.6953442943261678,True,False,[5],[0.07873163211701202]
40,0,501,1,0.012065143003329445,1.3679121972249109,True,False,[7],[0.1133183679686882]
40,1,451,1,0.01383699894176941,1.7857132188277662,True,False,[5],[0.08022137974066257]
40,2,444,1,0.014014178573594204,1.3054295644336757,True,False,[12],[0.08002659169449826]
40,3,875,1,0.014050008710486998,1.4278391458707902,True,False,[8],[0.08652246931352113]
40,5,847,1,0.01511209169803326,1.4649835548379728,True,False,[7],[0.09524970805712325]
40,6,19,1,0.013710253887500808,1.2955051504335173,True,False,[8],[0.13855506405847656]
40,7,537,1,0.014365478506744125,1.326560048292161,True,False,[7],[0.09664574674376014]
40,8,208,2,0.012626913258658775,1.4594771346685596,True,False,"[8, 15]","[0.15714019565500345, 0.14518976283750315]"
40,9,0,1,0.012920427053979635,1.388268706231759,True,False,[7],[0.11188463497004847]
40,10,7,2,0.01275537293796985,1.525198251961945,True,False,"[8, 15]","[0.11905444407594458, 0.07541450481967535]"
40,11,76,1,0.01352510091912254,1.4325316253835783,True,False,[8],[0.09476029326935324]
40,12,595,1,0.014921399101665987,1.3730021402247112,True,False,[8],[0.08324762777662414]
40,13,17,1,0.015518029728974703,1.3219420941201718,True,False,[15],[0.03934544142065608]
40,16,13,1,0.015239595051771831,1.3966344034961031,True,False,[8],[0.10144960061240453]
40,19,383,1,0.011752113601157353,1.4014538532583325,True,False,[7],[0.11338613409364681]
40,20,879,2,0.009613760096373611,1.3698762134098337,True,False,"[7, 12]","[0.12586978213513123, 0.05521761542993885]"
40,21,55,1,0.01436977342448631,1.4196583116918713,True,False,[7],[0.11391338345928788]
40,22,214,1,0.014013738057311952,1.714477629812861,True,False,[7],[0.0758720217324961]
40,23,756,1,0.014876463452940417,1.3891169373314052,True,False,[15],[0.0896878645125701]
41,0,501,1,0.011038242482787569,1.381028448053815,True,False,[7],[0.1278520459627754]
41,1,451,1,0.013985099917595332,1.8141859578176092,True,False,[5],[0.10055287361469266]
41,4,16,1,0.012180000459304303,1.490762400496851,True,False,[5],[0.0618577212637457]
41,5,847,1,0.015063838296859403,1.4624940790972316,True,False,[15],[0.1140323362951724]
41,8,208,1,0.012639054482005925,1.4952724461163927,True,False,[5],[0.09242660133780164]
41,9,0,1,0.015379320935167638,1.389711790335145,True,False,[6],[0.07463400535385059]
41,12,595,1,0.01227529025229604,1.39204989250581,True,False,[7],[0.13381590229061693]
41,13,17,1,0.015201024886921995,1.3365555782076304,True,False,[16],[0.04942487611903357]
41,14,495,1,0.013843834086544913,1.2997971050385553,True,False,[7],[0.0906900722337437]
41,15,449,1,0.013277598880076078,1.4639785439361321,True,False,[17],[0.07829843257008733]
41,17,507,1,0.014321345111455882,1.3781941555562958,True,False,[12],[0.15318621849144362]
41,18,401,1,0.01425872506562204,1.5769407004865434,True,False,[15],[0.0718200187514178]
41,19,383,2,0.013008084657744015,1.4113884579522729,True,False,"[12, 15]","[0.08685173003119279, 0.13048194297780194]"
41,20,879,2,0.009746474021351951,1.3813796159512197,True,False,"[8, 12]","[0.09485846463761069, 0.05409158398610868]"
41,21,55,1,0.013872432915688224,1.4481297056849785,True,False,[5],[0.11651015143276759]
41,22,214,1,0.013944277033656282,1.7475919409572098,True,False,[5],[0.07741612630268735]
42,0,1000,1,0.025939662758298565,1.4883653958090381,True,False,[16],[0.04266276278182785]
42,1,501,1,0.013361911418815165,1.386510132700767,True,False,[8],[0.12182525567739794]
42,2,451,1,0.014269360431687689,1.8155277564384,True,False,[11],[0.052086257131501966]
42,3,444,1,0.013254734150198944,1.3271777812103123,True,False,[5],[0.09289293648827904]
42,4,875,1,0.011928451602751832,1.4624312364259489,True,False,[5],[0.08738053660883788]
42,5,16,1,0.01540234302047512,1.4761649169965156,True,False,[8],[0.13536704774308927]
42,6,847,1,0.014369945076105742,1.4925311174916056,True,False,[5],[0.10044320043667859]
42,7,19,2,0.013963686509405401,1.290352250881801,True,False,"[12, 15]","[0.08276497343921646, 0.08271039453780997]"
42,9,208,1,0.013842964338991865,1.4908501611805272,True,False,[7],[0.1364759772281095]
42,10,0,3,0.00811069311699185,1.3945517954744568,True,False,"[7, 15, 16]","[0.11326494289263059, 0.07582445451415452, 0.07103918068386818]"
42,11,7,1,0.013973953692847896,1.533214415208341,True,False,[8],[0.0982762832079246]
42,12,76,2,0.009676404946578362,1.4434556068502857,True,False,"[7, 8]","[0.1453362610035076, 0.0751729334520907]"
42,13,595,1,0.013351698926472021,1.3920447605394672,True,False,[12],[0.11053754467437188]
42,14,17,2,0.012080459500910488,1.340443303100543,True,False,"[8, 15]","[0.08072784389275485, 0.10339857096988887]"
42,15,495,1,0.014134784687136014,1.30604109179831,True,False,[8],[0.08451899211002147]
42,16,449,3,0.010560112639383269,1.4687056380082355,True,False,"[7, 15, 17]","[0.11301464591841652, 0.06966092940783251, 0.045978028011708576]"
42,17,13,1,0.014554399601849607,1.3995269355725515,True,False,[5],[0.12297530348112981]
42,18,507,2,0.012465815890866627,1.3792604521641287,True,False,"[8, 12]","[0.0950830276025502, 0.11420190306198111]"
42,19,401,2,0.009130629593504797,1.5912869499849285,True,False,"[7, 12]","[0.1134216254995706, 0.095166832300581]"
42,20,383,1,0.012926118363564254,1.4343726533269652,True,False,[5],[0.11585699384139621]
42,21,879,1,0.01379279396204629,1.3910346412390695,True,False,[8],[0.07551992684691809]
42,22,55,1,0.015340675479358214,1.4664788629849934,True,False,[5],[0.08939294727113335]
42,23,214,1,0.014050860590334162,1.7626222045272666,True,False,[5],[0.09718169786511893]
43,0,1000,1,0.013535020831877655,1.4981742346585551,True,False,[16],[0.0514066135584191]
43,1,501,2,0.009553078700868325,1.4069962801348683,True,False,"[7, 8]","[0.12158767202633826, 0.11895112082387108]"
43,3,444,1,0.01411212982305996,1.3448980288107482,True,False,[7],[0.13842514907807985]
43,5,16,1,0.014807356329027764,1.478543783823262,True,False,[7],[0.10618004472815903]
43,6,847,1,0.014109209042230614,1.5246345769376402,True,False,[5],[0.10359915449517282]
43,7,19,1,0.015361852763108681,1.2908969488617676,True,False,[15],[0.08794767774076954]
43,9,208,1,0.013318785785912819,1.4815579524286246,True,False,[15],[0.10200778643675878]
43,12,76,1,0.013114703388217283,1.4692608443258837,True,False,[8],[0.0719140070999084]
43,13,595,1,0.013116516179401464,1.4249707596844634,True,False,[5],[0.06494244179053527]
43,14,17,3,0.010123842329011666,1.3439356329858498,True,False,"[7, 15, 16]","[0.09566614616315536, 0.11056872303462886, 0.10195401992541507]"
43,15,495,1,0.013264897582817363,1.312016018993501,True,False,[8],[0.08359385082182459]
43,16,449,1,0.01385489541151115,1.4629098230229722,True,False,[12],[0.04499246715458667]
43,17,13,2,0.01053616518008972,1.4085584690154838,True,False,"[8, 16]","[0.04346890788127778, 0.056888003928813984]"
43,20,383,3,0.010653659080839411,1.43236924431676,True,False,"[8, 15, 16]","[0.12278949606202483, 0.07657758304750527, 0.06613476240787232]"
43,21,879,2,0.009035192449353096,1.4028593879584317,True,False,"[7, 8]","[0.10237973331325169, 0.0774809635210095]"
43,23,214,1,0.01435635759255431,1.7813748637733728,True,False,[5],[0.09473467073933053]
44,1,1043,1,0.04174503012154207,1.6814385107802634,True,False,[15],[0.07233982764720458]
44,4,875,1,0.01300023578230008,1.4616075321083308,True,False,[8],[0.08817576388935502]
44,5,16,1,0.015800851697823755,1.4715849774918839,True,False,[12],[0.040138472884876736]
44,6,847,2,0.010427272905833649,1.534442094176889,True,False,"[7, 15]","[0.11448668571944752, 0.1227815026659665]"
44,7,19,1,0.014720341892369418,1.295158238774041,True,False,[7],[0.09363595605562086]
44,10,0,1,0.015044882217611279,1.3909433783184448,True,False,[6],[0.038367146751082506]
44,11,7,1,0.01516518475974748,1.5337069030517494,True,False,[15],[0.06861884554603036]
44,12,76,1,0.013610799604020637,1.4921510438025436,True,False,[8],[0.07405464933256362]
44,13,595,1,0.012536528096483071,1.4575338791408414,True,False,[5],[0.09352853131798414]
44,14,17,1,0.014025327473970922,1.3434423864656204,True,False,[15],[0.10603476219809083]
44,15,495,1,0.013049024985487366,1.3265832404807412,True,False,[7],[0.09259447669029433]
44,16,449,1,0.01502188665927911,1.4541243495747749,True,False,[8],[0.10909747640697803]
44,17,208,1,0.012735582202741931,1.4907972851511941,True,False,[7],[0.12901166440464626]
44,18,13,1,0.014694975513017978,1.410844753295866,True,False,[8],[0.09220125268930249]
44,19,507,1,0.014217667858295625,1.3809041044117307,True,False,[12],[0.10543147919706325]
44,20,401,2,0.009770897039716637,1.6081813752601803,True,False,"[7, 15]","[0.11343722198448493, 0.07554404794659675]"
44,21,383,1,0.014614143618362717,1.4389008002485637,True,False,[15],[0.1041676993749442]
44,22,879,1,0.013952258366860275,1.404927843492362,True,False,[12],[0.05502242666886208]
44,23,214,1,0.014272939943610514,1.7806417212412462,True,False,[11],[0.05156615433498799]
45,0,1000,1,0.014153227370171745,1.5069185093762532,True,False,[16],[0.05698619631863486]
45,1,1043,1,0.01285097111974408,1.706663250810337,True,False,[7],[0.12174394095958675]
45,2,451,1,0.011217575975775275,1.8466137796770703,True,False,[7],[0.13649661935900204]
45,3,444,2,0.011363615590358403,1.3458127453012123,True,False,"[7, 12]","[0.1460285925989447, 0.10801810750574274]"
45,4,875,2,0.01109740291123306,1.4616574021267923,True,False,"[8, 16]","[0.09528368815707819, 0.09919711716810853]"
45,7,19,1,0.013924636941307085,1.3083760535425513,True,False,[8],[0.12354780589792144]
45,8,537,1,0.013145253657644969,1.3566555577082942,True,False,[5],[0.10377407020478889]
45,9,501,1,0.014970391531301879,1.4029559171590213,True,False,[8],[0.11832537724069979]
45,10,0,1,0.014358880243853019,1.413600845194936,True,False,[5],[0.1026464168980111]
45,11,7,1,0.014311541391234351,1.56041103749607,True,False,[5],[0.08279350614859395]
45,13,595,1,0.012019132005385647,1.4902923500944645,True,False,[5],[0.09440633967787238]
45,14,17,1,0.013625758239800513,1.3416002201096928,True,False,[15],[0.10646616353848651]
45,16,449,2,0.011648542783420106,1.462018490214778,True,False,"[7, 17]","[0.12356658820432868, 0.06548346228090708]"
45,17,208,2,0.012165208545034355,1.4953008951749551,True,False,"[7, 15]","[0.14768958082954903, 0.06341720526545705]"
45,19,507,1,0.01357572168535809,1.382173324069494,True,False,[12],[0.10614845374229932]
45,20,401,1,0.013497991464769354,1.6323219455630196,True,False,[7],[0.12556343958197103]
45,21,383,1,0.014689122682797805,1.44367865226331,True,False,[12],[0.055112882891754936]
45,22,879,1,0.013110578102299415,1.4191259656919373,True,False,[8],[0.05081568603328195]
45,23,214,1,0.014407965088497208,1.8025910319774494,True,False,[7],[0.05303770304725486]
46,0,1098,2,0.02176629450885026,1.414049431112004,True,False,"[15, 16]","[0.07580003980947939, 0.07555825324665902]"
46,2,875,1,0.011694067102893571,1.4838058079225684,True,False,[7],[0.13182353143701328]
46,3,16,1,0.014057397396681397,1.4922846412903434,True,False,[7],[0.13736208898904761]
46,4,847,2,0.009557313604741558,1.541111053409175,True,False,"[7, 15]","[0.08265876103262898, 0.10405212514677646]"
46,5,19,2,0.01095916447595291,1.3096361063338102,True,False,"[8, 15]","[0.15538012678347643, 0.12144244773084942]"
46,6,537,1,0.013346492422492466,1.3779570892667201,True,False,[7],[0.10832371635524905]
46,7,1000,1,0.013959650884861417,1.5187770513378138,True,False,[8],[0.11235891618011253]
46,8,1043,1,0.012030536390298227,1.7465048394902007,True,False,[7],[0.11668850368199396]
46,9,451,1,0.013245488175000646,1.873805832026816,True,False,[5],[0.09918236183244691]
46,10,7,1,0.013924152717652622,1.5782682913912793,True,False,[8],[0.10659909108315313]
46,13,17,2,0.009255474381956336,1.3558831424938118,True,False,"[8, 16]","[0.06586941577110281, 0.056534469859780646]"
46,15,449,2,0.011586254319614088,1.46342341624582,True,False,"[15, 17]","[0.0881107254058158, 0.08681131646786285]"
46,16,501,2,0.009075681993846608,1.40738006668349,True,False,"[7, 12]","[0.12052443700378113, 0.06645313755320517]"
46,17,0,1,0.014655661745292552,1.4094231283027687,True,False,[6],[0.029006843356649683]
46,19,401,3,0.007868956047083826,1.6424880410486464,True,False,"[7, 8, 12]","[0.13505988128920715, 0.10324307393562493, 0.11402233357191406]"
46,20,383,1,0.013158907335672642,1.4684919987470217,True,False,[5],[0.1192637690067101]
46,21,208,1,0.013287022020033748,1.526749593153876,True,False,[5],[0.12281829792888575]
46,23,214,1,0.013212062630339055,1.8369952717077702,True,False,[7],[0.05351518148148717]
47,0,1098,1,0.01388337206465356,1.421569742130733,True,False,[12],[0.019460656822000072]
47,1,444,1,0.012473382238400601,1.3455247473442584,True,False,[8],[0.1267330226992193]
47,3,16,1,0.013991896625624507,1.519674105415932,True,False,[7],[0.13014458121213424]
47,4,847,2,0.00928927533580605,1.5491102297813482,True,False,"[7, 15]","[0.08023477065154751, 0.07848246749765414]"
47,6,537,1,0.013033277744063257,1.3995967227180974,True,False,[7],[0.10752598727196823]
47,8,1043,1,0.013156102802839742,1.7553040505209019,True,False,[8],[0.1336567834850622]
47,9,451,1,0.013130601002281424,1.9001903171404542,True,False,[5],[0.11047374728798005]
47,10,7,1,0.013390579944528257,1.6069266365422545,True,False,[5],[0.10935828622406837]
47,12,595,1,0.014105919112663411,1.5182135911166033,True,False,[5],[0.08287269670727587]
47,13,17,1,0.015112577335529967,1.3647882758852656,True,False,[15],[0.049665923196654686]
47,16,501,1,0.014017248439840806,1.4199461173063006,True,False,[5],[0.0797908494075514]
47,17,0,1,0.014118585927281756,1.4147005844333052,True,False,[6],[0.032868757799039965]
47,18,507,1,0.014498520826337463,1.394637952603233,True,False,[5],[0.09048389531093273]
47,19,401,1,0.013031112936278472,1.6431604220014515,True,False,[12],[0.12386607602927871]
47,20,383,1,0.014714632341667287,1.4681294332080517,True,False,[15],[0.09623133928857938]
47,21,208,1,0.013482599188123758,1.5586107613092852,True,False,[5],[0.1288690911242021]
47,22,13,1,0.014646631652499893,1.4153240569873964,True,False,[16],[0.07923326341020334]
47,23,214,1,0.01163010984650057,1.8767190187956437,True,False,[5],[0.08173707377035731]
48,0,1098,1,0.013901484120526426,1.4370527920643166,True,False,[12],[0.03140934350660421]
48,1,444,2,0.011049972138261251,1.3412065002277962,True,False,"[8, 12]","[0.12932012354372607, 0.04191663027230956]"
48,2,875,1,0.014381024923874835,1.5045634350398616,True,False,[5],[0.11641966214803078]
48,3,16,1,0.01208062237501269,1.5469859800895724,True,False,[5],[0.09705457211779504]
48,4,847,1,0.014348626958744292,1.5482429390869779,True,False,[15],[0.1016681556765481]
48,5,1143,2,0.05861924810327255,1.600363299115962,True,False,"[7, 17]","[0.11087093399556495, 0.03069869176585021]"
48,7,1043,1,0.013860103411463485,1.7900849654078872,True,False,[5],[0.10991983570534047]
48,10,595,2,0.010941388524928732,1.535692536032721,True,False,"[7, 11]","[0.11733135664754575, 0.04637884521660688]"
48,11,17,1,0.014181912967695269,1.3618741021329788,True,False,[5],[0.08659743383210869]
48,13,19,1,0.01461110091831319,1.3080970801815541,True,False,[5],[0.1199554803373209]
48,14,537,1,0.013711018521536986,1.4307896611489397,True,False,[5],[0.0763852052769303]
48,15,1130,1,0.031020741832538817,1.5635651977085794,True,False,[5],[0.11576082880827007]
48,16,451,2,0.008645624075060473,1.9174982674195427,True,False,"[7, 8]","[0.11873021453834273, 0.11850270709591541]"
48,17,7,1,0.014434672488844716,1.6142009426205342,True,False,[8],[0.04898762538675456]
48,18,401,2,0.010577211179800287,1.6546329998179619,True,False,"[7, 12]","[0.10930700883649087, 0.12233382717317115]"
48,19,383,1,0.01287003846192842,1.4939922438076316,True,False,[5],[0.08644318326623632]
48,21,501,2,0.009587439186087825,1.4404033900152153,True,False,"[7, 8]","[0.11938654810394317, 0.08270900473908821]"
48,22,0,1,0.0146187341727634,1.4407674072853571,True,False,[5],[0.08150452329832972]
48,23,214,1,0.011909723261491551,1.9127845056216726,True,False,[5],[0.07681706187679048]
49,0,1098,1,0.013090719387879266,1.4580175178675905,True,False,[8],[0.11269568564255167]
49,1,444,1,0.015292288807449326,1.35014795545121,True,False,[5],[0.10950743760318919]
49,2,875,2,0.008654854202122012,1.5263840659383636,True,False,"[7, 8]","[0.14530773509007616, 0.11574295970400984]"
49,3,16,1,0.014419424773010234,1.573659626819995,True,False,[7],[0.13325679914007665]
49,4,847,1,0.012534347191982572,1.5768592546356361,True,False,[5],[0.10747967881147165]
49,6,1000,1,0.015102416508622403,1.5195952934468528,True,False,[16],[0.059755957700927835]
49,7,1043,1,0.013892765442545396,1.8001029286073462,True,False,[8],[0.1224766009202628]
49,8,1142,1,0.06536503584090407,1.4614131793306673,True,False,[5],[0.09301955765566393]
49,9,76,1,0.013851197504559095,1.511757842702246,True,False,[5],[0.11130899018812378]
49,11,17,1,0.01400270178750704,1.3662592242404423,True,False,[15],[0.07205464178206994]
49,12,495,1,0.013452881522388915,1.3464791854958489,True,False,[8],[0.07867582626878908]
49,14,537,2,0.009419055562393011,1.4432604788954395,True,False,"[7, 8]","[0.10187597427283683, 0.08527618429826891]"
49,15,1130,1,0.014084462147892267,1.5891813722124084,True,False,[5],[0.1317506437969691]
49,16,451,1,0.01047678595984677,1.9527037504815088,True,False,[7],[0.11869115025482105]
49,17,7,1,0.01499770721481048,1.6171069525213522,True,False,[8],[0.05947871926759905]
49,19,383,2,0.01007284880784743,1.5050952794368395,True,False,"[7, 12]","[0.14451714585121012, 0.13830565623174312]"
49,21,501,2,0.01088686441850277,1.4449124617056157,True,False,"[7, 12]","[0.1331196047525902, 0.08001499691287244]"
49,23,401,1,0.013905823524002292,1.681411637434065,True,False,[5],[0.09557166174286326]
50,0,1098,1,0.014411998270646908,1.4755858108507642,True,False,[12],[0.04427323530342177]
50,1,444,1,0.015181462050480782,1.3532020322335405,True,False,[12],[0.05840677235253725]
50,2,875,2,0.011483142781554701,1.5339794712524804,True,False,"[8, 16]","[0.11369877904480694, 0.07019347947204534]"
50,4,847,1,0.01469596325098177,1.5723814090558583,True,False,[15],[0.10203575724756475]
50,5,1143,1,0.014860425101620113,1.5979210824612557,True,False,[5],[0.05838098908763299]
50,6,1000,2,0.011361676272381277,1.521510300063308,True,False,"[12, 16]","[0.1006553458750439, 0.07505233863038702]"
50,8,1142,1,0.013774252218465581,1.490810161189329,True,False,[5],[0.09211522597485103]
50,9,76,1,0.013360125662796629,1.5089680879584428,True,False,[7],[0.1280346713333059]
50,10,595,2,0.009799879463254084,1.5634224782022268,True,False,"[7, 12]","[0.1261001041487703, 0.037974921759305856]"
50,11,17,2,0.009831954337140044,1.3789633831408563,True,False,"[8, 15]","[0.09090520214588278, 0.06899792128981208]"
50,13,19,1,0.014524045016866676,1.3100261196815661,True,False,[5],[0.14337243872925753]
50,14,537,1,0.012690022825248401,1.4577992262225028,True,False,[7],[0.11007275174325529]
50,15,1130,1,0.012287148575315297,1.6137303962959657,True,False,[7],[0.09641541941767874]
50,16,451,2,0.009883232863568651,1.9678024512016647,True,False,"[7, 8]","[0.12731943935058299, 0.1400793852137843]"
50,17,7,1,0.01519738778297583,1.6252762733343284,True,False,[8],[0.06607132425961412]
50,18,1164,1,0.025743696415949213,1.3237903059275535,True,False,[5],[0.08195421143394284]
50,19,383,2,0.01166052388381634,1.5152085891343536,True,False,"[7, 12]","[0.16694688981550518, 0.15986164532437586]"
50,20,449,1,0.012733903385572684,1.48210072571239,True,False,[5],[0.11648982551495206]
50,22,0,1,0.014179265140730252,1.44875197844347,True,False,[7],[0.08411733783445145]
50,23,401,1,0.014277112282525612,1.7092542190262536,True,False,[7],[0.07421389589419108]
51,0,1098,1,0.0123306047364089,1.498763501711584,True,False,[8],[0.11995769022022576]
51,1,444,2,0.009351424522707394,1.366175319042613,True,False,"[7, 12]","[0.11932625070944701, 0.04873522267919065]"
51,2,875,1,0.012463019651109025,1.5551090671707684,True,False,[8],[0.09922225814507742]
51,3,16,1,0.012500100001782567,1.6002459552674082,True,False,[5],[0.10045720659806658]
51,4,847,1,0.012365787649621594,1.6049783842838903,True,False,[5],[0.10380944823912697]
51,5,1143,1,0.014542784766025333,1.6011005926270996,True,False,[5],[0.061501107940939215]
51,6,1000,1,0.013729182066569806,1.5317889487918723,True,False,[8],[0.13048793249847548]
51,7,1043,1,0.013863063324322557,1.807787649643873,True,False,[8],[0.11586524228981412]
51,8,1142,1,0.01280354248694908,1.5202825023472153,True,False,[7],[0.11363818943285621]
51,9,76,1,0.014504851268743076,1.5183956345350393,True,False,[8],[0.09672973317143009]
51,10,595,2,0.009282107921687812,1.582506866256347,True,False,"[7, 8]","[0.12576768638844438, 0.1107230427312976]"
51,11,17,2,0.011815229825780019,1.3838958052189754,True,False,"[15, 16]","[0.08353010547621066, 0.0501390920084408]"
51,12,495,1,0.012740567326170422,1.3598253520422947,True,False,[7],[0.14282156706123383]
51,13,19,1,0.013562122572350335,1.3184015719660702,True,False,[5],[0.12132429802944507]
51,15,1130,1,0.013325684629671177,1.6189652008018545,True,False,[8],[0.09370422647180557]
51,16,451,1,0.014147593484166573,1.96521626763212,True,False,[8],[0.14164536933765223]
51,17,7,1,0.013104087443138386,1.6308375126184025,True,False,[7],[0.14165493213549024]
51,18,1164,1,0.012889517973303677,1.348753361912887,True,False,[5],[0.09856732228148857]
51,19,383,3,0.008660913616247302,1.5239872740386629,True,False,"[7, 12, 15]","[0.16114597909056458, 0.1614254528643763, 0.12980144379548197]"
51,20,449,1,0.014746099728422606,1.4864161586152902,True,False,[17],[0.03359988068103329]
51,21,501,1,0.013994516013030157,1.4719983821488882,True,False,[5],[0.13636576313687465]
51,23,401,1,0.01338785225664024,1.7436823771370074,True,False,[5],[0.09552466754997124]
52,0,1098,2,0.00911877494125622,1.5121882832802178,True,False,"[8, 12]","[0.12135516749408395, 0.0551451335552337]"
52,2,875,1,0.013570749461302484,1.5625082898795102,True,False,[8],[0.11674897435005137]
52,3,16,1,0.013667332263119964,1.6285476205240104,True,False,[7],[0.12095071881569103]
52,4,847,1,0.012740018926443034,1.6355267775501852,True,False,[5],[0.10692951458212262]
52,6,1000,1,0.013917398928684916,1.5418045767405877,True,False,[16],[0.07166441500942605]
52,7,1043,1,0.013635725777363824,1.8417746763275296,True,False,[5],[0.11568074527724717]
52,8,1142,1,0.013399476235794723,1.5490519243857357,True,False,[7],[0.11348223566669205]
52,9,76,1,0.013564925785323608,1.5170256007214367,True,False,[7],[0.1350322094768664]
52,12,495,2,0.009682751096213629,1.3784667307553837,True,False,"[7, 8]","[0.13058323785303003, 0.09311981357785709]"
52,13,19,2,0.009906940211963661,1.3097621225899287,True,False,"[12, 15]","[0.1210819957950835, 0.058140555181500915]"
52,15,1130,1,0.01315947968404983,1.6529328874915452,True,False,[5],[0.1238854898698431]
52,16,451,1,0.011112996538264183,2.00033553388042,True,False,[7],[0.14199618209056655]
52,19,383,1,0.012848234945045334,1.543098763336446,True,False,[7],[0.15150786701547989]
52,20,449,2,0.009507397793663934,1.4797436518201028,True,False,"[8, 12]","[0.12796411890027568, 0.06752310590458564]"
52,22,0,3,0.013045809455419957,1.4452294731722046,True,False,"[6, 7, 16]","[0.07560282340411134, 0.0949171494200663, 0.1043344373758257]"
53,1,444,1,0.01123234638441844,1.3983113140590797,True,False,[7],[0.1273116474559825]
53,3,16,1,0.012767475215031271,1.657663030440638,True,False,[5],[0.09794060144741204]
53,4,847,2,0.009756284863456142,1.6408678111668198,True,False,"[7, 15]","[0.09194293417964267, 0.09642444645127096]"
53,5,1143,1,0.01442028199815673,1.6115336575878938,True,False,[5],[0.07422302949260583]
53,6,1000,2,0.009569461788537119,1.550113050301017,True,False,"[7, 16]","[0.11675502817532903, 0.064265112908246]"
53,7,1043,1,0.012867604821644084,1.855620998593093,True,False,[8],[0.11547524932920111]
53,8,1142,1,0.013189877159442049,1.578723587447052,True,False,[7],[0.11340560018621212]
53,9,76,1,0.013829638210764104,1.5329076981623864,True,False,[8],[0.09535255070330213]
53,10,595,1,0.013450261333093851,1.6081613823568273,True,False,[5],[0.1089326969490401]
53,12,495,1,0.013595448809458932,1.3987186118134733,True,False,[7],[0.13483507394700098]
53,13,19,1,0.013722408440776327,1.3235514590076016,True,False,[5],[0.11522300637774191]
53,15,1130,1,0.01333176100467408,1.6504767958654059,True,False,[8],[0.10566833886498542]
53,16,451,2,0.010038843915788536,2.0189498399163517,True,False,"[7, 8]","[0.14153843259084767, 0.14485492236362355]"
53,19,383,1,0.013607047674664717,1.5481193985347839,True,False,[15],[0.14022178380516445]
53,20,449,2,0.011477236437027446,1.4798148791584775,True,False,"[15, 17]","[0.11675330793944728, 0.053458283863095236]"
53,21,501,1,0.012573697716998487,1.5043696812694447,True,False,[8],[0.08553460095464485]
53,23,401,2,0.010866721756584114,1.7474997534445547,True,False,"[7, 12]","[0.0650667167477434, 0.0330019435454377]"
54,0,1098,1,0.011297799948060601,1.534671713625605,True,False,[8],[0.11271806730749653]
54,1,444,1,0.014254261134502188,1.4196927822432566,True,False,[5],[0.09556289509418056]
54,2,875,1,0.012619706059490495,1.578429223604648,True,False,[7],[0.1557626320169157]
54,3,16,1,0.013925799673404012,1.6858330985934784,True,False,[5],[0.14178284375900044]
54,4,847,2,0.009029119122823299,1.6475473919596917,True,False,"[7, 15]","[0.08382853152785096, 0.07730490797017109]"
54,5,1143,2,0.013068281621698293,1.6084037964379967,True,False,"[12, 17]","[0.0556511771332829, 0.020343769229590518]"
54,7,1043,1,0.01155270553016308,1.872991855736644,True,False,[8],[0.11320278577745006]
54,9,76,1,0.01380379159243407,1.5225943059517726,True,False,[15],[0.11240639909599216]
54,11,17,1,0.013748612902159557,1.3833394071244238,True,False,[16],[0.06457812076975947]
54,13,19,1,0.011166994983876247,1.3449152900223071,True,False,[8],[0.09905873925400828]
54,15,1130,1,0.012758203289843506,1.666748821731394,True,False,[7],[0.09842469538008057]
54,16,451,1,0.011666828444082459,2.0510291582645372,True,False,[7],[0.1482515261450795]
54,17,7,1,0.014154752173755494,1.6440650423409582,True,False,[8],[0.06929872946739361]
54,18,595,2,0.01164700703100792,1.6239231718049716,True,False,"[7, 8]","[0.14318031244123822, 0.10968348974149286]"
54,19,1164,1,0.013595254230872314,1.3657181479078189,True,False,[7],[0.14552893354145635]
54,20,383,2,0.009769644571755843,1.560719747061573,True,False,"[7, 12]","[0.1266297527813605, 0.07993676328377905]"
54,21,449,1,0.014254150221118218,1.4806240874038716,True,False,[17],[0.03520301718622487]
55,0,1098,1,0.013893350300395926,1.5432372283857567,True,False,[16],[0.07956423088517557]
55,1,1319,2,0.05712113365519175,1.9470851733855776,True,False,"[7, 8]","[0.12140982439029904, 0.13120012982177487]"
55,2,847,1,0.013964675286024904,1.6770762913161896,True,False,[5],[0.11229030939642351]
55,3,1143,3,0.00990283272838947,1.61327685368335,True,False,"[7, 12, 17]","[0.11792559698988095, 0.11270510388054131, 0.030834879864847852]"
55,4,1000,1,0.013466420366652979,1.5597678002604756,True,False,[16],[0.09376616958057948]
55,5,1043,2,0.008916537111937212,1.8796125778668147,True,False,"[7, 8]","[0.11175747096807225, 0.15379865991790945]"
55,6,1142,1,0.013541357231806942,1.6111104427847531,True,False,[5],[0.09978791457561541]
55,7,444,2,0.012916374449021748,1.4206211280383136,True,False,"[7, 12]","[0.1012391283120522, 0.09499102204172097]"
55,9,875,1,0.013029161229436769,1.581474292971072,True,False,[8],[0.08915732345389324]
55,10,16,1,0.012773580431821823,1.7161068385119806,True,False,[7],[0.12066547428149973]
55,11,17,2,0.009590243865492959,1.3982447924133234,True,False,"[8, 15]","[0.09711404858824692, 0.0721607028851875]"
55,12,495,1,0.012574095494373048,1.4151438118940585,True,False,[8],[0.09200546142601305]
55,13,19,2,0.010428378673890007,1.3442708321536256,True,False,"[7, 15]","[0.12195277872182159, 0.05416121536265389]"
55,14,537,1,0.01283682771922228,1.494009937652684,True,False,[5],[0.07647592530575417]
55,16,451,1,0.014028089722155117,2.053364405977704,True,False,[8],[0.15080753475052353]
55,17,7,1,0.01315627233676101,1.650676624967587,True,False,[7],[0.1373823963282742]
55,18,76,1,0.012140900678836736,1.550231650698203,True,False,[8],[0.102483663237924]
55,19,1289,1,0.06099333329556416,1.8144452232600936,True,False,[5],[0.10185073179778767]
55,22,449,3,0.010347790695206088,1.486833320972874,True,False,"[7, 15, 17]","[0.08503937429549653, 0.06492244653414278, 0.030076356740589703]"
55,23,501,2,0.012693995120614946,1.5039709222407882,True,False,"[8, 12]","[0.05587642017068992, 0.061747707143690385]"
56,0,1098,3,0.0069268059419762456,1.5522057293871632,True,False,"[7, 8, 12]","[0.12450289688375125, 0.11056891110092931, 0.05413558607106091]"
56,1,1319,1,0.013607070493775816,1.9776957631819996,True,False,[5],[0.09831806367198143]
56,3,1143,1,0.014118263588798696,1.612582898323946,True,False,[17],[0.05471910306505235]
56,4,1000,1,0.013430527326834687,1.5725956404666255,True,False,[16],[0.10019030475600599]
56,5,1043,1,0.012279212894413725,1.8959370129496773,True,False,[8],[0.14715963604559545]
56,6,1142,1,0.013257667206068432,1.6462850466825139,True,False,[5],[0.09149872935122437]
56,8,1304,1,0.09597529124571416,1.7688146739371966,True,False,[5],[0.08071001780017928]
56,9,875,1,0.01381311343857154,1.5616458754389382,True,False,[16],[0.09507695170820332]
56,10,16,1,0.012442028142038607,1.7509257128610372,True,False,[7],[0.11591934269275786]
56,11,17,1,0.012277792817936298,1.4192607154637107,True,False,[8],[0.11340572000937091]
56,12,495,1,0.012939744998104939,1.4330911880232684,True,False,[8],[0.092091267853658]
56,13,19,2,0.011770680968691018,1.3452046303103262,True,False,"[7, 15]","[0.1286228535326717, 0.0639601969727186]"
56,14,537,1,0.012925228473428006,1.530422557390886,True,False,[5],[0.08524709307232586]
56,15,1130,1,0.013044283282705037,1.6984909475052201,True,False,[5],[0.14472817581095945]
56,16,451,1,0.010430590677742298,2.094863766477876,True,False,[7],[0.13546222511881273]
56,18,76,1,0.013937630755561961,1.5516224443456998,True,False,[5],[0.1096316441691202]
56,19,1289,1,0.01289096211667398,1.8503901706106087,True,False,[5],[0.09957545675646107]
56,21,383,2,0.008905387803367271,1.5630746223981495,True,False,"[7, 16]","[0.12596951658448793, 0.053448159378908545]"
56,22,449,1,0.012015036723904157,1.5147884481320482,True,False,[7],[0.07540228070039996]
56,23,501,1,0.013944361894743492,1.5033888294444802,True,False,[12],[0.09072554029739431]
57,0,1098,1,0.012518984352032017,1.5871861507400582,True,False,[5],[0.09667455237669961]
57,1,1319,2,0.01087017767588889,1.9731008906543226,True,False,"[8, 15]","[0.1427002938620061, 0.10238770366896674]"
57,2,847,1,0.013632082733293319,1.6629868889509474,True,False,[15],[0.0695424208727383]
57,3,1143,1,0.01364605369324014,1.6301134148999346,True,False,[7],[0.11271464542522852]
57,4,1000,1,0.012169308314407606,1.5849188940246588,True,False,[8],[0.08697636997098428]
57,5,1043,1,0.014398060201191111,1.9231914703625963,True,False,[5],[0.08957029707293906]
57,6,1142,1,0.012913009827912728,1.6781726356805355,True,False,[7],[0.12280255087148312]
57,7,444,2,0.01254325775933807,1.4217397813521808,True,False,"[8, 11]","[0.12815305561518558, 0.056610935174241026]"
57,8,1304,1,0.012423782579356729,1.8054892978523776,True,False,[7],[0.10876451771143283]
57,9,875,1,0.013251713435309932,1.5668789296688095,True,False,[8],[0.10750750333858464]
57,10,16,1,0.011980674409527155,1.7892365273655402,True,False,[7],[0.13282387386998276]
57,11,17,2,0.009407574312306714,1.43040988463091,True,False,"[8, 16]","[0.11568901424026906, 0.060160989277656604]"
57,12,495,1,0.013498806680888124,1.443581075565549,True,False,[8],[0.09649402188714816]
57,13,19,2,0.011334528542736123,1.3427555143572436,True,False,"[7, 12]","[0.13639692953834276, 0.14208410492266657]"
57,14,537,1,0.013815301629523933,1.5367495263784918,True,False,[15],[0.10902936644068321]
57,15,1130,1,0.013033718551461375,1.6982686867105181,True,False,[8],[0.14606029044654537]
57,17,7,1,0.012023995605623512,1.672395104176034,True,False,[8],[0.09306489912611333]
57,18,76,2,0.012160456808460993,1.5690660922886805,True,False,"[7, 8]","[0.15948850596576444, 0.11510429760202205]"
57,19,1289,1,0.014436113301678521,1.8457189275956962,True,False,[7],[0.1460525937180232]
57,20,1164,1,0.012684271250687853,1.3847101520238063,True,False,[5],[0.10939163879776351]
57,21,383,2,0.009085554877953156,1.5703503402535894,True,False,"[12, 15]","[0.10631778648137023, 0.09285948566158328]"
57,23,501,1,0.013691637841179426,1.508767766122715,True,False,[8],[0.05166399925573492]
58,0,1098,2,0.008823263710380757,1.6018358415389484,True,False,"[8, 16]","[0.11156028643686464, 0.085260049259962]"
58,1,1319,1,0.011885947754946771,1.97358682745209,True,False,[8],[0.13937256208567236]
58,2,847,1,0.013618988046682674,1.6477157958685076,True,False,[15],[0.08241349701593313]
58,3,1143,1,0.01357324425486583,1.62538843603557,True,False,[17],[0.05229165076807286]
58,7,444,1,0.013994119561789895,1.4316629579608353,True,False,[7],[0.10976692532305163]
58,8,1304,1,0.01447485692139955,1.8334231110633408,True,False,[5],[0.08128621293838154]
58,9,875,1,0.012687280560628438,1.6036152595504334,True,False,[5],[0.11684277655276272]
58,10,16,1,0.013488336346914674,1.7929754733404264,True,False,[12],[0.04682429903606938]
58,11,17,3,0.008762596611917186,1.4342225387513803,True,False,"[7, 15, 16]","[0.13797069047927615, 0.07891837816187275, 0.06523591109390368]"
58,12,495,1,0.013117320661096733,1.4598526329757173,True,False,[7],[0.12933749812290898]
58,13,19,1,0.013534868901699009,1.3431435093323756,True,False,[15],[0.06236714285413544]
58,15,1130,2,0.009443428291628418,1.697249497271043,True,False,"[7, 16]","[0.10196484841286496, 0.10237170588935746]"
58,16,451,1,0.010597145748677218,2.1343979286743826,True,False,[7],[0.14211176389100036]
58,17,7,1,0.013665977127121573,1.6863132888425572,True,False,[8],[0.1294718123567528]
58,18,76,2,0.012429307620953468,1.5868684311343013,True,False,"[7, 8]","[0.16059768873923552, 0.11655096266263018]"
58,19,1289,1,0.012465207094330648,1.885751184655553,True,False,[5],[0.09146700841178178]
58,21,383,1,0.014207452821392939,1.54950831299686,True,False,[16],[0.08110706334120099]
58,22,449,2,0.011875776514492935,1.5146036890713406,True,False,"[12, 15]","[0.0736492220410421, 0.08020372224263742]"
58,23,501,1,0.013480696358308683,1.5300537885228798,True,False,[5],[0.10064814393128374]
59,0,1098,1,0.012676921221970646,1.6021558476452475,True,False,[12],[0.05485699869756115]
59,2,847,1,0.014174032563186605,1.678608661705265,True,False,[5],[0.1088753477469247]
59,3,1143,2,0.009827084773539982,1.6362099572805249,True,False,"[7, 8]","[0.12034717056965868, 0.10444957299595616]"
59,4,1000,1,0.012106158257084733,1.5966086164927102,True,False,[8],[0.0977607889984275]
59,5,1043,1,0.011885845166886753,1.9501825883287351,True,False,[8],[0.1226152068131149]
59,9,875,1,0.015241805633090097,1.5695903986777002,True,False,[12],[0.07459804865926103]
59,10,16,1,0.01190778656714651,1.8333474860891967,True,False,[7],[0.12085747793487786]
59,11,17,2,0.010867421899586966,1.4320778502342577,True,False,"[7, 16]","[0.13953278648954484, 0.06991581127373876]"
59,12,495,1,0.013121346168229036,1.4720104837001502,True,False,[8],[0.10451685517159587]
59,13,19,2,0.012299548794100125,1.3417412747586297,True,False,"[7, 15]","[0.13294443161027472, 0.07287291512998267]"
59,14,537,1,0.012928877482568818,1.5432230812633365,True,False,[8],[0.0994608694027107]
59,16,451,1,0.01232240117446064,2.172834794739546,True,False,[5],[0.07551456620018554]
59,17,7,1,0.014126125523638493,1.687903914399922,True,False,[7],[0.14799147926655482]
59,18,76,1,0.012287409142984793,1.6168963325552872,True,False,[8],[0.11104628712789723]
59,19,1289,1,0.014219065473160989,1.8823720121410836,True,False,[7],[0.13934790001642625]
59,21,383,1,0.014020799053145272,1.56728541584854,True,False,[5],[0.13821542602239062]
59,22,449,1,0.011442592773133286,1.5413181523052768,True,False,[7],[0.09087963342733478]
59,23,501,1,0.013403872079512184,1.5392629081476745,True,False,[8],[0.07056882354459275]
60,0,1098,2,0.009909251212207,1.6162959620667545,True,False,"[8, 12]","[0.11939074034603545, 0.058579050856095445]"
60,1,1319,1,0.01082895815395087,2.019777827984511,True,False,[7],[0.11286811569027429]
60,2,847,2,0.009124170945476833,1.6786558438853156,True,False,"[7, 15]","[0.14412101842321087, 0.08294471455412444]"
60,4,1000,2,0.009427555675317058,1.606559989980632,True,False,"[8, 16]","[0.09259745164796192, 0.09624373667601614]"
60,5,1043,1,0.014164646219141413,1.965516877723102,True,False,[16],[0.08842859440383254]
60,7,444,2,0.013169315063538469,1.4363236629517104,True,False,"[7, 12]","[0.13385560374700614, 0.10694809951917648]"
60,8,1304,1,0.011380332685728784,1.871833367025052,True,False,[7],[0.10661266863233364]
60,9,875,1,0.01279279726155808,1.5748627064818739,True,False,[8],[0.10922942654591357]
60,10,16,1,0.011924948670255703,1.8753697623613426,True,False,[7],[0.1127448634931085]
60,11,17,1,0.013239199890585935,1.45064503426558,True,False,[15],[0.08770236239106438]
60,12,495,1,0.013518529469768,1.5013043724684416,True,False,[5],[0.08161480423286084]
60,13,19,1,0.014531292102552298,1.342000466899613,True,False,[7],[0.11791984475057166]
60,14,537,1,0.011983998198962913,1.5545230039864781,True,False,[8],[0.10443761996658885]
60,15,1130,2,0.009461545928740118,1.694487031815094,True,False,"[7, 12]","[0.09914839075268664, 0.0830245853040737]"
60,17,7,1,0.013307584858103412,1.702903366541384,True,False,[8],[0.12520734810844705]
60,21,383,1,0.012860316497561296,1.5898567654546345,True,False,[7],[0.13256721625720147]
60,22,449,1,0.013830079613629212,1.5673461790036352,True,False,[5],[0.0827147675841144]
61,0,1098,1,0.014408778464837345,1.6124076835017702,True,False,[17],[0.029900420120411882]
61,1,1319,2,0.008396036850078146,2.0444708299447982,True,False,"[7, 8]","[0.1140623049999078, 0.15779879452351409]"
61,2,847,1,0.014160347705852946,1.665402358822533,True,False,[15],[0.09960496744063087]
61,3,1143,1,0.01428438363111397,1.6456207579885167,True,False,[7],[0.13167841739767192]
61,5,1463,1,0.026076281826363193,1.6506634837031955,True,False,[5],[0.10916394742742153]
61,6,1043,1,0.013451410394609906,1.9759542314297063,True,False,[8],[0.12248155379684723]
61,8,444,1,0.014496763739886578,1.4521389676237397,True,False,[12],[0.05044874141270017]
61,10,875,2,0.008340906614953033,1.5967775920520417,True,False,"[7, 8]","[0.10865318640480881, 0.10127692318996559]"
61,11,16,3,0.009078031595314518,1.8884263439099096,True,False,"[7, 8, 12]","[0.13496697515870607, 0.13007377297057393, 0.07358753375503257]"
61,12,17,1,0.013856857683894743,1.4737231700170794,True,False,[15],[0.129785953120924]
61,13,495,1,0.012605473315014585,1.5174196058907485,True,False,[8],[0.10607166700987679]
61,15,537,1,0.012124633000248804,1.5642273286242765,True,False,[7],[0.10150352895350202]
61,18,7,2,0.009607123417189811,1.7142938249484705,True,False,"[8, 15]","[0.098518231511371, 0.09314642277892389]"
61,19,76,1,0.013681242121888836,1.6068879743262676,True,False,[7],[0.1365769122947879]
61,20,1289,1,0.012897474803427764,1.8998002099181177,True,False,[5],[0.10748960255318335]
61,22,383,2,0.011471182228067513,1.6052315957761314,True,False,"[7, 15]","[0.1203803118750301, 0.10357825444857785]"
61,23,449,2,0.009645306489889665,1.5876938914535808,True,False,"[7, 17]","[0.06698757036758543, 0.02512720900945121]"
62,1,1319,1,0.012415808266992697,2.091397685288417,True,False,[7],[0.11392976155170989]
62,2,847,1,0.014140776351910134,1.6509441076722307,True,False,[15],[0.10682060718377329]
62,3,1143,1,0.013779467194084415,1.6449398530730586,True,False,[17],[0.04460810929642174]
62,4,1000,1,0.011059152700299476,1.6220060950406068,True,False,[8],[0.08502612542533278]
62,6,1043,1,0.013186981164163029,1.985966361957879,True,False,[7],[0.1241507714860216]
62,7,1142,1,0.012474943480681348,1.7006199163115114,True,False,[7],[0.10997100741316977]
62,8,444,2,0.008766967723291266,1.464538188806354,True,False,"[7, 8]","[0.11335414826275997, 0.1262591695556787]"
62,9,1304,1,0.01239341112700459,1.8969562144805432,True,False,[7],[0.13879239416752467]
62,10,875,1,0.013791941749203864,1.5989656526487224,True,False,[8],[0.12381527074655335]
62,12,17,1,0.013003434262958271,1.5023969299261841,True,False,[15],[0.11108699502303326]
62,14,19,1,0.012907975752138411,1.3407112336722755,True,False,[15],[0.1062501083045807]
62,16,1130,1,0.012049201572971631,1.72454222564445,True,False,[7],[0.14669300736769525]
62,18,7,1,0.01236951114907742,1.744579101591524,True,False,[8],[0.09368433615153289]
62,20,1289,1,0.012135363034247596,1.9198496001011505,True,False,[5],[0.11186155640855533]
62,22,383,1,0.013548463782087301,1.58488711537089,True,False,[16],[0.1119877368907399]
62,23,449,1,0.013869362148696215,1.5965582337709046,True,False,[17],[0.037855982430975425]
63,0,1098,2,0.009555066398808189,1.6214074060190837,True,False,"[12, 16]","[0.0644935874309789, 0.09119985591526297]"
63,3,1143,2,0.009853808722925668,1.6573969172343292,True,False,"[7, 12]","[0.1139136970792642, 0.13252643682239654]"
63,4,1000,1,0.012064498630306755,1.6372831810249444,True,False,[16],[0.08647383132427032]
63,5,1463,1,0.012431837694902277,1.6599651348349855,True,False,[8],[0.12586023233318847]
63,7,1142,1,0.01252897376869707,1.7209834784325344,True,False,[7],[0.11969217685765743]
63,9,1304,1,0.012339814549027663,1.9226987355038982,True,False,[7],[0.12622291281233433]
63,10,875,1,0.013271057897636987,1.6040668817601216,True,False,[8],[0.10186948997450922]
63,11,16,1,0.014775688085735478,1.913379225867415,True,False,[5],[0.0901514314067559]
63,12,17,1,0.012245589294854007,1.5059178352722762,True,False,[16],[0.10773050746750018]
63,13,495,1,0.013181233168535419,1.516985112166075,True,False,[7],[0.11215584724506066]
63,15,537,1,0.012634889890970344,1.5724998053319925,True,False,[8],[0.13258386605990846]
63,16,1130,1,0.012478944564108505,1.7530825040414395,True,False,[7],[0.15368053958092323]
63,17,451,2,0.008189307922630592,2.1900351215351996,True,False,"[7, 8]","[0.11985710273328261, 0.14373507541730215]"
63,18,7,1,0.011855050294735525,1.7708258160391919,True,False,[8],[0.08109098817305056]
63,21,1164,1,0.013246883666368737,1.4074415721706401,True,False,[7],[0.1343597769760167]
63,22,383,1,0.01274262074728849,1.6127452071286261,True,False,[7],[0.13672026521259326]
63,23,449,1,0.014381394130749053,1.6083748258020314,True,False,[17],[0.06016821081187014]
64,0,1098,1,0.011960786695593669,1.6416561853885974,True,False,[8],[0.11830900948253877]
64,1,1319,1,0.012537586715268962,2.134596114419861,True,False,[7],[0.11878419741980992]
64,3,1143,1,0.011987473807508014,1.6892817199553563,True,False,[7],[0.11778125408162453]
64,4,1000,1,0.012411570920216497,1.6521132393987075,True,False,[16],[0.0838417524916763]
64,5,1463,2,0.00985094918593676,1.6619040372125293,True,False,"[7, 11]","[0.12717549321822424, 0.05775671202597607]"
64,7,1142,1,0.014693922012617162,1.7394758630111529,True,False,[5],[0.11104431289727902]
64,9,1304,1,0.01315511651359517,1.9587710814913106,True,False,[5],[0.11688493273889113]
64,11,16,1,0.01363116602900163,1.9444061570218991,True,False,[5],[0.08711330508677664]
64,12,17,2,0.00998215791085476,1.5119408081127022,True,False,"[8, 16]","[0.10565849641134514, 0.08897223596458122]"
64,13,495,1,0.01271629728776027,1.5357801898284411,True,False,[8],[0.11035075681700506]
64,14,19,1,0.013385663445932637,1.3333298221670344,True,False,[16],[0.1237355090826183]
64,16,1130,1,0.013109420322825131,1.7481310689482505,True,False,[12],[0.08671114105511446]
64,17,451,2,0.00802234406202128,2.2120003086468425,True,False,"[7, 8]","[0.11447530234309805, 0.1429327742360301]"
64,20,1289,1,0.013660696023278168,1.9258595540592502,True,False,[7],[0.13312241924212906]
64,21,1164,1,0.01412039837292512,1.4309211100987156,True,False,[5],[0.1272549713018159]
64,22,383,1,0.013525856744240209,1.6349049710188515,True,False,[5],[0.09702406612367755]
64,23,449,1,0.01386988628463666,1.5912460357786418,True,False,[12],[0.10425438891854598]
65,2,847,1,0.014109641483098711,1.6781243324909882,True,False,[5],[0.11121842064301342]
65,3,1143,2,0.00915269715023447,1.7172794059103473,True,False,"[7, 17]","[0.13595894794290073, 0.06130824026497041]"
65,4,1000,1,0.011089328943315433,1.6742389334957954,True,False,[8],[0.0823655515207525]
65,5,1463,1,0.012384606923348257,1.6930099773108738,True,False,[5],[0.10533238229451383]
65,6,1043,1,0.013630892816711157,1.9953410073733304,True,False,[8],[0.12023758176108056]
65,7,1142,1,0.012123368912936725,1.7666878500015553,True,False,[7],[0.11384181216044888]
65,8,444,1,0.012222760617694757,1.4653932643491656,True,False,[8],[0.12757454592352407]
65,10,875,1,0.013519617776064379,1.6126362333728208,True,False,[8],[0.12133975067447288]
65,11,16,1,0.012293900004770176,1.980712359870226,True,False,[5],[0.08394439935793475]
65,12,17,3,0.007858586849442599,1.5113649478156235,True,False,"[7, 8, 16]","[0.14659589947432503, 0.10622441650853721, 0.10357390181420055]"
65,13,495,1,0.01310582788252272,1.5357129667127372,True,False,[7],[0.11697194195290798]
65,15,537,1,0.012983876578924922,1.5811540165993867,True,False,[7],[0.10757253977754583]
65,18,7,1,0.013324368063823,1.7889833998038478,True,False,[5],[0.12632040110210246]
65,20,1289,1,0.013152368299903188,1.9345404100131658,True,False,[7],[0.13058881101960038]
65,22,383,1,0.012847241059260002,1.665385548171071,True,False,[7],[0.14573951742954824]
65,23,449,1,0.013986426647712755,1.5792224826986418,True,False,[8],[0.09008046320351758]
66,0,1098,1,0.012319323335344853,1.6722757944181983,True,False,[5],[0.09622000845693415]
66,1,1319,2,0.009931830966798076,2.1539131573758548,True,False,"[7, 11]","[0.1151648084701739, 0.0499076134888496]"
66,2,847,1,0.013841937569204835,1.659198230434769,True,False,[15],[0.10496247067176445]
66,4,1000,2,0.008465867362715202,1.6873085858440364,True,False,"[8, 16]","[0.07967915835400705, 0.0860603851544407]"
66,5,1463,1,0.012930885226778125,1.7047266737316404,True,False,[7],[0.1354695960675921]
66,6,1043,1,0.011506007094433016,2.0315978113162214,True,False,[5],[0.09079106653047854]
66,8,444,1,0.013530263277404989,1.4817045481743305,True,False,[5],[0.07676892595661988]
66,10,875,1,0.011898734921901284,1.651216343803448,True,False,[5],[0.11258214038406819]
66,11,16,1,0.01062331991717428,2.023637503770992,True,False,[5],[0.08855641466380006]
66,12,17,1,0.012260362403084334,1.5094892888945322,True,False,[16],[0.10825449264660209]
66,13,495,1,0.012038116930276923,1.5563929838284816,True,False,[8],[0.1162619064138441]
66,16,1130,1,0.011387276009456658,1.7785472268677767,True,False,[7],[0.1565374482926118]
66,17,451,1,0.009689929495552804,2.25651744710086,True,False,[7],[0.12817589088927642]
66,18,7,1,0.012706079492230252,1.8131440159686951,True,False,[7],[0.15290263449412908]
66,19,76,1,0.012885401008018566,1.632901516468767,True,False,[8],[0.11043823968502778]
66,20,1289,1,0.013427213062564572,1.9421795564227373,True,False,[7],[0.15351872813523385]
66,21,1164,1,0.013230348056112617,1.455195053863333,True,False,[7],[0.128362176990229]
66,22,1569,1,0.09122056654198007,2.1086382279522704,True,False,[5],[0.10007902252235142]
66,23,449,1,0.013094237244388306,1.5638495882427246,True,False,[8],[0.10609387990124186]
67,0,1098,1,0.011927634119323459,1.6761670067474086,True,False,[12],[0.06821250269672577]
67,1,1319,2,0.010170253095029773,2.1665346228656532,True,False,"[7, 15]","[0.11463113290348846, 0.09629092549078538]"
67,2,1587,1,0.03938625231079473,1.9208944543664803,True,False,[12],[0.080284850706848]
67,3,847,1,0.011439906051718438,1.6911010827407869,True,False,[7],[0.12206902361564145]
67,4,1143,1,0.012323406762216237,1.751758615483418,True,False,[17],[0.010042855800154774]
67,5,1000,1,0.013102982362312979,1.6892289656308763,True,False,[8],[0.11606413692617566]
67,7,1043,1,0.012708646804949418,2.0724611513332953,True,False,[5],[0.09908209837802157]
67,8,1142,1,0.013111629094157548,1.8032241694357571,True,False,[5],[0.08762201843740222]
67,9,444,2,0.01254337987066265,1.491078138256306,True,False,"[7, 11]","[0.14804284979488705, 0.06262580900460776]"
67,11,875,3,0.0071806468433579275,1.6523653670492309,True,False,"[7, 8, 15]","[0.1293475361771742, 0.11907356621400454, 0.13372992340077003]"
67,12,16,1,0.013320657354428521,2.065792473716669,True,False,[5],[0.07816550956468044]
67,13,17,1,0.012461954479336432,1.5267689622158225,True,False,[8],[0.11453109891603151]
67,15,19,2,0.011364018679208323,1.3360742107619834,True,False,"[8, 16]","[0.1390603415199814, 0.12998280110375268]"
67,17,1130,1,0.0100943049041527,1.8155236834399184,True,False,[7],[0.1383471646784426]
67,19,7,1,0.012213114974300715,1.8317971289446635,True,False,[8],[0.10072424509955206]
67,20,76,1,0.012415671064893217,1.6391807104164715,True,False,[5],[0.09892702315651103]
67,21,1289,1,0.012518658184208317,1.9887077256660912,True,False,[5],[0.13659033138365412]
67,23,1593,1,0.034720534057758164,2.086878344845179,True,False,[8],[0.1087022433945154]
68,0,1098,1,0.011232444411682807,1.6935088389484476,True,False,[8],[0.11706378663781075]
68,2,1587,2,0.012110333000661801,1.9316395705777036,True,False,"[12, 17]","[0.10024076959540829, 0.03858273652740144]"
68,3,847,1,0.014132540131801869,1.672261900479683,True,False,[15],[0.05484133329484757]
68,4,1143,1,0.010796710870818202,1.786522068981919,True,False,[7],[0.09324965428853858]
68,5,1000,1,0.012080027597477793,1.7198534728960952,True,False,[16],[0.08482593546912306]
68,6,1463,1,0.012459845561281603,1.7199368188922979,True,False,[7],[0.12430299082480238]
68,7,1043,1,0.01244347182680032,2.080671794048811,True,False,[8],[0.13352790807537476]
68,8,1142,1,0.011824204377539171,1.8411437160220603,True,False,[7],[0.10546522028201048]
68,10,1304,1,0.01057500646701863,2.002661194751958,True,False,[7],[0.1049589258133367]
68,11,875,1,0.012397172710509035,1.6640549088666579,True,False,[7],[0.13374924810995356]
68,12,16,1,0.013919703066995784,2.1022701822608054,True,False,[5],[0.09365047486542873]
68,13,17,3,0.0070528673903687625,1.535943497975431,True,False,"[8, 15, 16]","[0.11945951793967617, 0.07684146629402054, 0.06266819521085855]"
68,15,19,1,0.014514257174643668,1.3436236205636982,True,False,[5],[0.14212949933936667]
68,17,1130,2,0.008202709997600597,1.8429463049853236,True,False,"[7, 8]","[0.12707619562133768, 0.13053495938255208]"
68,18,451,1,0.011351616675399877,2.2986595516936,True,False,[7],[0.14399738277250496]
68,19,7,2,0.009523534025032173,1.8446003468244145,True,False,"[7, 8]","[0.13833461317570675, 0.10982083255941771]"
68,21,1289,1,0.012365570186236925,2.0358120493404237,True,False,[5],[0.13418173243625856]
69,0,1098,1,0.011858624926257822,1.6993340542364903,True,False,[12],[0.07069058849715325]
69,2,1587,2,0.008957669972488695,1.9284638015850428,True,False,"[8, 12]","[0.11790261873285621, 0.10893599212939312]"
69,3,847,1,0.012995520396986308,1.699103211770658,True,False,[5],[0.12951394055789806]
69,4,1143,2,0.009640735705648383,1.8077115958626813,True,False,"[7, 8]","[0.11028765536145003, 0.10175411535431376]"
69,8,1641,1,0.021840778390511868,1.5034841614491947,True,False,[5],[0.10043570169861489]
69,9,1142,1,0.012472082147466939,1.8664420557413477,True,False,[7],[0.13266307580485073]
69,10,444,1,0.013021372189190113,1.521659074214198,True,False,[7],[0.13183935311926767]
69,11,1304,1,0.010985456553392819,2.0431759158456035,True,False,[5],[0.0864972637075668]
69,12,875,1,0.012742771678188328,1.6608266674610048,True,False,[12],[0.12231655347478274]
69,13,16,1,0.012131912865587105,2.10237620781372,True,False,[12],[0.13999612148404578]
69,14,17,2,0.009648447803880963,1.5460295269803743,True,False,"[7, 8]","[0.11001466494345002, 0.10603656264809574]"
69,15,495,1,0.012536932724507514,1.5685415161450973,True,False,[8],[0.12416480246732567]
69,17,537,1,0.010203110819555054,1.6072430075913875,True,False,[7],[0.1269875986291832]
69,18,1130,1,0.013703621042486316,1.8414181223107562,True,False,[8],[0.11053994756589039]
69,20,76,1,0.01341536650286327,1.640272474743092,True,False,[7],[0.15513558186341145]
69,21,1289,1,0.012794107282767187,2.0833310892724097,True,False,[5],[0.1355091358354777]
69,22,1164,1,0.012991282987372947,1.4757148218532177,True,False,[7],[0.14402883153500623]
69,23,1593,1,0.010927042676041894,2.1238764187111063,True,False,[7],[0.07128159745912958]
70,0,1098,1,0.011359153547255228,1.7058504486348007,True,False,[12],[0.07085082883750528]
70,1,1319,1,0.013528397869964945,2.197633604991227,True,False,[5],[0.10781748629567697]
70,2,1587,1,0.013790240431315458,1.9533718667276707,True,False,[5],[0.10566985500088952]
70,3,847,1,0.012285306272144853,1.7034330371995736,True,False,[15],[0.047855228912557356]
70,4,1143,1,0.01356536074277643,1.8317939414096773,True,False,[17],[0.027895274503447615]
70,5,1000,1,0.011294246213155463,1.7491658917183983,True,False,[16],[0.08576261273479191]
70,6,1463,2,0.008391877285191718,1.7352712149509388,True,False,"[7, 8]","[0.11343528800655849, 0.10814058397266764]"
70,10,444,1,0.013725890521666135,1.5383141112120622,True,False,[5],[0.12297711820124606]
70,11,1304,1,0.011536639953905515,2.0801159096668873,True,False,[5],[0.09640994997041359]
70,12,875,1,0.0107975304877272,1.6865223486463083,True,False,[8],[0.12029658525991373]
70,14,17,2,0.008424795146377458,1.5556144872555295,True,False,"[8, 16]","[0.11769605205082914, 0.11486940595811014]"
70,15,495,1,0.011996585932027022,1.5841283311055623,True,False,[8],[0.11481900843475022]
70,17,537,2,0.009460242910749888,1.6346693896945643,True,False,"[7, 8]","[0.12481006692376906, 0.13753478200462857]"
70,18,1130,2,0.0111913800311092,1.8410140870746925,True,False,"[8, 12]","[0.12782916316270115, 0.14547993923033176]"
70,21,1289,1,0.012624527493759932,2.1300622527480337,True,False,[5],[0.14130228975771741]
70,23,1593,1,0.011927071833454445,2.1588467460813368,True,False,[7],[0.0867813186697174]
71,0,1098,1,0.011383961810713172,1.7090793496673793,True,False,[12],[0.07095358234508828]
71,1,1319,1,0.012544450205273998,2.2367236289481367,True,False,[5],[0.12196638240573839]
71,2,1587,2,0.009154320277367194,1.9538481177631903,True,False,"[8, 12]","[0.1234914502949492, 0.10678020277485721]"
71,3,847,1,0.01280583181504554,1.7063653934460474,True,False,[15],[0.05518412509547849]
71,4,1143,1,0.013182558115686716,1.8566941907505745,True,False,[5],[0.11396271166566263]
71,5,1000,2,0.008501118317509005,1.7627628329110523,True,False,"[8, 16]","[0.11412823139237588, 0.07858484743837033]"
71,6,1463,2,0.00793094544768805,1.7444800521803627,True,False,"[7, 12]","[0.11782062439773691, 0.11218782219494854]"
71,7,1043,1,0.011969037127755901,2.1225412719789047,True,False,[5],[0.08999711788498417]
71,8,1641,1,0.011491028346821286,1.5024909409636034,True,False,[8],[0.11759423966982713]
71,10,444,1,0.012867492233444739,1.5711353668204961,True,False,[7],[0.14487576632628335]
71,12,875,1,0.012354432867237983,1.7037814924120085,True,False,[7],[0.15606006228601746]
71,13,16,1,0.011964604930769014,2.146244839349246,True,False,[7],[0.11712060388488797]
71,14,17,2,0.009069047831354985,1.5643249709803784,True,False,"[15, 16]","[0.11510121177423692, 0.11721468969887047]"
71,15,495,1,0.012510601157777261,1.5841986708851152,True,False,[7],[0.09674385333977266]
71,16,19,1,0.013494582286830665,1.3333136109024497,True,False,[12],[0.10521354621183783]
71,17,537,2,0.010974889881854567,1.6572250276581626,True,False,"[7, 15]","[0.12444345513729661, 0.08196959477703046]"
71,18,1130,1,0.012110133594674334,1.822162154747385,True,False,[16],[0.10181643921377002]
71,19,451,2,0.008910283679779155,2.3143666823484907,True,False,"[7, 8]","[0.1288839567120468, 0.11324453535408707]"
71,20,76,1,0.011443605968346614,1.675584073851029,True,False,[8],[0.1238760182936564]
71,21,1289,1,0.012388834647096314,2.1203013621701556,True,False,[10],[0.05597704259684888]
71,22,1164,1,0.012922612734074567,1.4979228025707294,True,False,[7],[0.13466561461003387]
71,23,1593,1,0.012391262923972957,2.1857675380875685,True,False,[7],[0.08613799050011402]
72,1,1319,1,0.012688804574730025,2.276267004363619,True,False,[7],[0.11984740140750318]
72,2,1587,1,0.012172421798488351,1.955746941351569,True,False,[12],[0.10353642673203078]
72,3,847,2,0.009993689385700291,1.7293738632449478,True,False,"[7, 15]","[0.12934304412395056, 0.06281406976116316]"
72,4,1143,1,0.012144580077636226,1.8613546418843046,True,False,[8],[0.11795299411890492]
72,5,1000,1,0.011695795529554475,1.7899514129233696,True,False,[16],[0.0873690250393584]
72,6,1463,1,0.01076243055957271,1.7652402014734003,True,False,[7],[0.11763882467491345]
72,10,444,3,0.007762200544425736,1.582102296194669,True,False,"[7, 8, 12]","[0.13901449654420656, 0.11792581030537293, 0.06194962994725899]"
72,11,1304,1,0.012682728604338271,2.11388438610057,True,False,[7],[0.13287389629722368]
72,13,16,1,0.01209038488257783,2.186023655474911,True,False,[7],[0.11896757192304265]
72,14,17,2,0.008517394025321796,1.5719333576664731,True,False,"[8, 16]","[0.10665695540220797, 0.10548903201949425]"
72,15,495,1,0.012851835651814848,1.59703378826792,True,False,[8],[0.1195139579891099]
72,16,19,1,0.014114530108989581,1.3336944698826854,True,False,[15],[0.0778939163687417]
72,18,1130,1,0.01149613624451218,1.857260552153958,True,False,[5],[0.14291089188552478]
72,20,76,1,0.013389188654601522,1.6768470898504513,True,False,[7],[0.15090041706539295]
72,21,1289,1,0.012605813904419644,2.1663088910972643,True,False,[5],[0.1350624339805847]
72,23,1593,1,0.01315774243195851,2.156781925703466,True,False,[11],[0.060706997103949493]
73,0,1098,1,0.011591607179265955,1.720345203232256,True,False,[8],[0.11612183264747697]
73,1,1319,1,0.015085566327067626,2.2725190040788052,True,False,[15],[0.12189005617159665]
73,2,1587,1,0.012287269710852134,1.9538965022095989,True,False,[12],[0.09651553236567359]
73,3,847,1,0.01207269825586714,1.755876645886359,True,False,[7],[0.1185805395766647]
73,4,1143,1,0.013626739644589108,1.8569508729699282,True,False,[12],[0.05799164469005776]
73,5,1000,1,0.013944619128665634,1.7885303369447754,True,False,[8],[0.12000104814800973]
73,6,1463,1,0.012496521012762626,1.7704849575543053,True,False,[8],[0.11540961835387846]
73,7,1043,1,0.012144125158681122,2.12760273606857,True,False,[8],[0.12567658182909155]
73,9,1142,1,0.012488914431390188,1.889617677505198,True,False,[7],[0.1203829815225313]
73,10,444,1,0.013507048227550967,1.607566072928744,True,False,[5],[0.15088595534134921]
73,11,1304,1,0.011701493733367988,2.151631178551311,True,False,[7],[0.1267896598199809]
73,12,875,1,0.010938890089395194,1.730511320503529,True,False,[8],[0.12499153843535916]
73,13,16,1,0.013171908054471035,2.228477267627065,True,False,[5],[0.12025403186961989]
73,18,1130,1,0.012135710491412769,1.8539165694540483,True,False,[16],[0.11974401494740596]
73,19,451,1,0.012469336763378776,2.337523574855723,True,False,[7],[0.15819503893724832]
73,21,1289,1,0.01311027141986013,2.182890503733473,True,False,[7],[0.136395247321198]
73,22,1164,1,0.014643955738493229,1.5169917692125447,True,False,[5],[0.10622609476743193]
73,23,1593,1,0.012430148547774425,2.1832351626875806,True,False,[7],[0.09047771595203222]
74,0,1098,1,0.01218041069024314,1.7264512408038406,True,False,[8],[0.12085817014684863]
74,1,1319,3,0.007709438539551799,2.2854645938495532,True,False,"[7, 8, 15]","[0.10192731428762865, 0.1569548325806271, 0.14796958688678727]"
74,2,1587,2,0.008415411698594062,1.9613150470464664,True,False,"[7, 12]","[0.15062862554549464, 0.08772223724077227]"
74,3,847,1,0.012782821452231887,1.7870133148785043,True,False,[5],[0.12151815144078192]
74,4,1143,1,0.013273685722883942,1.881478473413894,True,False,[5],[0.11734066685708601]
74,5,1000,1,0.012367090019432054,1.8136922148806218,True,False,[16],[0.08918034404527328]
74,6,1463,1,0.01281447344888332,1.7774714615579168,True,False,[8],[0.11336819129861764]
74,7,1043,1,0.012429180411780098,2.131454464400902,True,False,[8],[0.13603184983268826]
74,8,1641,1,0.013846258729797143,1.5173041332889958,True,False,[5],[0.10540517286116607]
74,12,875,1,0.012665582738239856,1.745346470565051,True,False,[7],[0.1586183841464727]
74,13,16,1,0.014141555432996968,2.229169676098661,True,False,[16],[0.08257576084818219]
74,16,19,1,0.013821479920475308,1.3358644217130307,True,False,[15],[0.09971367077904883]
74,17,537,1,0.013254512993794335,1.6863075033071524,True,False,[5],[0.12001940212240057]
74,18,1130,1,0.011704253144086603,1.8439185728700613,True,False,[16],[0.13047028304424862]
74,20,76,1,0.011609860882793276,1.7132314768154973,True,False,[8],[0.1145856466048989]
74,21,1289,1,0.012418637965061739,2.2325248553668717,True,False,[5],[0.1337539444791997]
74,22,17,3,0.008982809098313832,1.5763589790939716,True,False,"[7, 8, 16]","[0.139530537633399, 0.06453124005087546, 0.12484394404000307]"
74,23,1593,1,0.014463571273646636,2.1629877387893486,True,False,[11],[0.08518153073836361]
75,1,1319,1,0.012414686415907433,2.3291396249189393,True,False,[7],[0.10031922486251423]
75,2,1587,2,0.012631004893850016,1.9521017673252226,True,False,"[12, 17]","[0.10450829982107142, 0.07564260148517475]"
75,4,1143,3,0.009707243964896629,1.8830053083153524,True,False,"[8, 12, 17]","[0.13020535862216492, 0.09522794816972553, 0.05862471970375606]"
75,5,1000,1,0.01316649032093251,1.8155765828630492,True,False,[8],[0.10116272633416697]
75,7,1043,1,0.011435658677694492,2.175800264283906,True,False,[5],[0.08754338067783778]
75,8,1641,2,0.010780340266053746,1.517434406984454,True,False,"[8, 12]","[0.1200880977481049, 0.05779188064539582]"
75,10,444,2,0.010272872143007195,1.628245331527562,True,False,"[7, 8]","[0.14395939881303085, 0.14068688827617673]"
75,11,1304,1,0.012913214459600687,2.1839988052741104,True,False,[5],[0.09931887518143338]
75,12,875,2,0.009062204783912446,1.7521910251843849,True,False,"[7, 12]","[0.15872079038885983, 0.13540888634465414]"
75,13,16,1,0.012896422017086441,2.2752382251181884,True,False,[5],[0.10969077879734407]
75,15,495,1,0.012770451801851115,1.5950344357347663,True,False,[7],[0.0938572030916624]
75,16,19,1,0.012782035680007502,1.3380397105395578,True,False,[7],[0.16034815283536677]
75,20,76,1,0.011272700344551889,1.7477571103919485,True,False,[8],[0.1091221151088485]
75,21,1289,1,0.012230089348127453,2.2840467997920495,True,False,[5],[0.12657091058718986]
75,22,17,2,0.011752034265926749,1.5951439590821967,True,False,"[15, 16]","[0.10206939911336346, 0.12425774311334312]"
76,0,1098,1,0.010991313579896156,1.7284214704209073,True,False,[7],[0.1213720351341809]
76,1,1319,1,0.012376952281070426,2.3699889429229946,True,False,[5],[0.12290198196342104]
76,2,1587,2,0.008898584466632567,1.9649571357454325,True,False,"[7, 12]","[0.14486779087925816, 0.10326932721614773]"
76,3,847,1,0.013917318569900661,1.8007953721808185,True,False,[15],[0.08922811412432755]
76,4,1143,2,0.009537413664650093,1.9042584955901218,True,False,"[7, 17]","[0.11263015633274462, 0.044249980748600544]"
76,5,1000,1,0.013384546323643677,1.8340876592012145,True,False,[16],[0.09168558719600563]
76,7,1043,1,0.01174853971007563,2.2138802970623526,True,False,[5],[0.09708743148135315]
76,8,1641,1,0.011842911367746073,1.5443475701173333,True,False,[7],[0.10771635728324722]
76,10,444,2,0.010997926701558873,1.6511125370954336,True,False,"[7, 8]","[0.15889504290631987, 0.16341070257175722]"
76,11,1304,1,0.009927030733732701,2.232765436357745,True,False,[7],[0.10585934225243827]
76,12,875,1,0.01270870032643906,1.7513239783065724,True,False,[16],[0.14177426965423542]
76,13,16,1,0.012053679779726746,2.2758726984299424,True,False,[12],[0.14677327469910983]
76,14,1772,1,0.05323305044422755,1.9259931268101926,True,False,[8],[0.10071695832155156]
76,15,495,1,0.01294286267187868,1.611948392011533,True,False,[8],[0.11594941367782585]
76,18,1130,1,0.011536887760147883,1.880993711701053,True,False,[7],[0.14981763996460026]
76,19,451,1,0.011060485704751743,2.370966912186478,True,False,[7],[0.13863736046008832]
76,21,1289,1,0.012422674796453747,2.3030221879328123,True,False,[7],[0.12414414110935477]
76,22,17,3,0.010255746913959562,1.5978279102684367,True,False,"[7, 8, 16]","[0.13621595045231222, 0.08683925338630265, 0.11949602671308597]"
77,0,1098,1,0.012242809907116032,1.7599601607629174,True,False,[5],[0.10335648507481275]
77,1,1319,2,0.008508729992134303,2.3940479623967312,True,False,"[7, 8]","[0.0967245396768602, 0.15213462440503112]"
77,3,847,1,0.013003462242282932,1.831819104172109,True,False,[5],[0.12498907178124193]
77,4,1143,1,0.012852490997991453,1.9309684298849992,True,False,[5],[0.11281129502561685]
77,5,1000,2,0.00898335789559555,1.8465774350590205,True,False,"[8, 16]","[0.1069515781142951, 0.07584486411073246]"
77,8,1641,1,0.014450240971896481,1.5508572678291126,True,False,[12],[0.054249113774919255]
77,9,1142,1,0.011625211463979797,1.9185802220065409,True,False,[7],[0.10767662331851427]
77,10,444,1,0.01121365499776034,1.6856445618563598,True,False,[7],[0.14197719369883]
77,11,1304,1,0.012887289667500914,2.2682000576611823,True,False,[5],[0.1032564110902304]
77,12,875,2,0.008767977516428915,1.761104576414983,True,False,"[8, 12]","[0.13094903286680074, 0.1516780680449032]"
77,14,1772,1,0.010083728279676575,1.9692312630398687,True,False,[8],[0.09213953232218045]
77,17,537,1,0.012935946810756556,1.7204009239321378,True,False,[5],[0.11716272150737006]
77,18,1130,1,0.01226687313649931,1.8833967102115652,True,False,[8],[0.11226628538488981]
77,20,76,1,0.010611653065693873,1.7859071165929377,True,False,[8],[0.09873452575085612]
77,21,1289,1,0.013061126438171181,2.2822331139071044,True,False,[10],[0.10859550323831987]
77,22,17,2,0.01105966115740518,1.6011641898001476,True,False,"[8, 16]","[0.09649189840553507, 0.11102738477954564]"
77,23,1593,1,0.013441880611359156,2.198464779730074,True,False,[5],[0.10350946782255734]
78,0,1098,1,0.011756664066124425,1.7978441573072719,True,False,[5],[0.09420426708874277]
78,1,1319,2,0.009434195449726944,2.4216658413059804,True,False,"[7, 8]","[0.10453054929570216, 0.16382876666784651]"
78,2,1587,1,0.012601156606133656,1.9604212816710374,True,False,[8],[0.11839750688511907]
78,3,847,1,0.012445570690641932,1.8561431275470628,True,False,[7],[0.11338032597286524]
78,5,1000,1,0.013439656137620843,1.8504892072531942,True,False,[8],[0.10270225367913527]
78,8,1641,2,0.009924000389715817,1.5522098871035812,True,False,"[8, 12]","[0.1202823250568832, 0.06283914770903784]"
78,9,1142,1,0.010233107605105325,1.9563274034980442,True,False,[7],[0.0960404712399069]
78,10,444,1,0.013071274781945154,1.6942954942257498,True,False,[8],[0.16634946541025333]
78,12,875,1,0.010918237043407244,1.784269246223296,True,False,[8],[0.14513015756962486]
78,13,16,1,0.01077699133893925,2.3301172675459823,True,False,[5],[0.10042335563209696]
78,14,1772,1,0.010298979144766407,2.0120881790864416,True,False,[8],[0.09239240292262375]
78,15,495,1,0.012880245098478389,1.6339503992506543,True,False,[8],[0.11387065151703037]
78,16,19,1,0.013624977447333316,1.3404596719936652,True,False,[15],[0.11323460331052623]
78,18,1130,1,0.010934120948088434,1.9232419625031112,True,False,[5],[0.1534065145372122]
78,22,17,1,0.013098231524791892,1.6032420948355015,True,False,[7],[0.14687873757042885]
79,0,1098,1,0.011346857303071724,1.8094852819687999,True,False,[12],[0.07645511305763594]
79,1,1319,1,0.012787356406186763,2.4736915890069886,True,False,[7],[0.10280700602169907]
79,2,1587,1,0.013101931030752433,1.9584533567608862,True,False,[12],[0.10203810128178761]
79,3,847,2,0.009906950532488737,1.8845622468815146,True,False,"[7, 15]","[0.11539445275562431, 0.09926518398699712]"
79,4,1143,1,0.012580364414463077,1.9243414042431684,True,False,[12],[0.1101895173169895]
79,5,1000,2,0.008957614362471302,1.8628245661523006,True,False,"[8, 16]","[0.10127737387309466, 0.07221725030907138]"
79,6,1463,1,0.01359969554056455,1.7815606163470386,True,False,[8],[0.12669200567361566]
79,7,1043,1,0.01179579289395333,2.223303490655817,True,False,[7],[0.11923782577940238]
79,8,1641,1,0.011371124946307603,1.55152732218822,True,False,[8],[0.13763156154300688]
79,9,1142,1,0.01233292638965232,1.9987920248189162,True,False,[5],[0.10685539733889589]
79,12,875,1,0.01034940486807177,1.8131617642238387,True,False,[8],[0.160996990620702]
79,13,16,2,0.008573993770602301,2.3528386922380675,True,False,"[7, 12]","[0.10783180123908136, 0.14198422530462582]"
79,16,19,1,0.012545485641629378,1.346545113370301,True,False,[7],[0.14859048866971403]
79,17,537,1,0.010229183632013328,1.7549993797200765,True,False,[7],[0.11272966681119097]
79,18,1130,2,0.009477400062959601,1.947267937706138,True,False,"[7, 8]","[0.14373990855283603, 0.12645772498851673]"
79,20,76,1,0.013049979204512339,1.7870118179047259,True,False,[7],[0.15083700896945212]
79,21,1289,1,0.0122807265605601,2.335777344225197,True,False,[5],[0.1240345158112162]
79,22,17,1,0.012697958700177966,1.6103587459796747,True,False,[16],[0.12760419271816603]
80,0,1098,2,0.010256583629598023,1.8063352294845751,True,False,"[12, 15]","[0.09098302643160681, 0.08976210488074841]"
80,2,1587,3,0.007100929728858043,1.9587996562543457,True,False,"[7, 8, 12]","[0.13741271803047994, 0.13452537599897413, 0.11152836226280217]"
80,3,847,1,0.013700965720723135,1.8941570656474056,True,False,[15],[0.10025083079529899]
80,5,1000,1,0.012570371279882833,1.873361106096839,True,False,[8],[0.09178170644258093]
80,6,1463,1,0.014011375467744318,1.7810314891342571,True,False,[8],[0.1547285844251844]
80,8,1641,1,0.011742754875078929,1.584119661446032,True,False,[7],[0.11292520936368197]
80,10,444,1,0.012231642027163068,1.7060832657770677,True,False,[8],[0.1517496933731034]
80,11,1304,1,0.012708388992246168,2.3075216349146834,True,False,[5],[0.09959579239148475]
80,12,875,1,0.011616489582851204,1.813204955556156,True,False,[12],[0.1677332621330132]
80,13,16,2,0.009104193434233746,2.3733632591625033,True,False,"[7, 16]","[0.10815423247110803, 0.0924491881610855]"
80,14,1772,1,0.011811515859905032,2.011996120607416,True,False,[15],[0.1119620375490059]
80,15,495,1,0.013145957272052181,1.656024980110067,True,False,[8],[0.11518991841920963]
80,16,19,2,0.008976859602300337,1.3539937908306772,True,False,"[8, 15]","[0.14293709548900213, 0.10254946334350888]"
80,17,537,1,0.01330674475024372,1.7767420581012527,True,False,[8],[0.13818811075495965]
80,18,1130,1,0.01155211123564255,1.9859574216387181,True,False,[5],[0.15839426889091773]
80,19,451,1,0.010617141232589732,2.410652333253896,True,False,[7],[0.13257666410517305]
80,21,1289,1,0.01210164190950965,2.3884452108873293,True,False,[5],[0.14576824755260348]
80,23,1593,1,0.012607057401680383,2.1957384828272937,True,False,[8],[0.111986532080108]
81,0,1098,1,0.012748006212600806,1.8350566545214235,True,False,[5],[0.10113335918938687]
81,1,1319,1,0.012861790556263838,2.52323205141932,True,False,[7],[0.10218657414836133]
81,2,1587,2,0.009940740079508074,1.962367228449102,True,False,"[7, 12]","[0.14765460980824882, 0.12107947551200755]"
81,3,847,1,0.013623334694122071,1.902931389134102,True,False,[15],[0.08783718823295011]
81,4,1143,2,0.008263596287276931,1.938090188057078,True,False,"[7, 17]","[0.12013945422886115, 0.049316398976199376]"
81,5,1000,2,0.008472895546997287,1.887495299475568,True,False,"[8, 16]","[0.08386168186735903, 0.06898575061216973]"
81,8,1641,1,0.01090646646972403,1.6201825947660258,True,False,[7],[0.1154457968940255]
81,12,875,1,0.009829744417308866,1.8399072205052442,True,False,[8],[0.1543306991774358]
81,13,16,1,0.010036315566582224,2.425871024010238,True,False,[7],[0.09618998367912461]
81,14,1772,1,0.011484986716012247,2.011944950301027,True,False,[15],[0.10579422587915883]
81,16,19,1,0.012513883242931187,1.3682133697733556,True,False,[7],[0.14562663331223744]
81,18,1130,2,0.00951203493030077,1.9909397366305406,True,False,"[8, 12]","[0.1276621990434178, 0.1602486945109649]"
81,19,451,1,0.010656846737237189,2.4610795387689106,True,False,[5],[0.0920449974904998]
81,22,17,2,0.011384727373955301,1.636755815300937,True,False,"[15, 16]","[0.10933937354904676, 0.11850733934261334]"
81,23,1593,1,0.013379256552089889,2.2159888717927507,True,False,[7],[0.09919723377624191]
82,1,1319,1,0.014057335887751772,2.515000995133482,True,False,[15],[0.13911793837673514]
82,2,1587,2,0.009124041842627308,1.9635395311868316,True,False,"[8, 16]","[0.12973402691815472, 0.10063898019029444]"
82,3,847,1,0.013049888597673271,1.9364236088730153,True,False,[5],[0.1344236092226411]
82,4,1143,4,0.007885230942905226,1.9427483551099614,True,False,"[7, 8, 12, 17]","[0.10958674158328148, 0.1469877036836575, 0.13787925494290415, 0.08300854617574148]"
82,5,1000,1,0.01183718030001259,1.9214287682665088,True,False,[5],[0.10969666781514821]
82,7,1043,1,0.01264669102746968,2.2278002105518118,True,False,[7],[0.12344256247998951]
82,8,1641,1,0.012157982555419177,1.6190695222417006,True,False,[8],[0.14140040777871368]
82,12,875,1,0.011994136028374928,1.8734945878220386,True,False,[5],[0.12009039356929359]
82,13,16,1,0.010437273711140711,2.469603835949756,True,False,[7],[0.10263479275778728]
82,14,1772,1,0.010454473102453577,2.0486386534856025,True,False,[8],[0.09739537341779263]
82,17,537,1,0.009941266321946958,1.8104492142838116,True,False,[7],[0.10987351282180612]
82,19,451,1,0.011304410290030991,2.509693741754747,True,False,[5],[0.09863640374058458]
82,20,76,1,0.011453092689410364,1.8242699282827148,True,False,[8],[0.10201119956969397]
82,21,1289,1,0.012744377069491938,2.40113734429783,True,False,[7],[0.1506571715055711]
82,22,17,2,0.008697701191711324,1.6515894846716854,True,False,"[8, 15]","[0.11251296642094968, 0.08827002368106511]"
82,23,1593,1,0.01276782262788912,2.257789087707484,True,False,[5],[0.09583138008170732]
83,0,1098,1,0.011963605851546813,1.844870744404875,True,False,[8],[0.11294675229817122]
83,1,1319,1,0.012715517270183706,2.5532408645166504,True,False,[5],[0.13621681520730763]
83,2,1587,1,0.0116613907991179,1.961829136394243,True,False,[8],[0.14282401363153516]
83,3,847,1,0.013109210256296104,1.9718519543650863,True,False,[5],[0.14396285854305926]
83,4,1143,2,0.011239657317802887,1.9321907979434645,True,False,"[12, 17]","[0.14965441070953517, 0.0815702460363137]"
83,5,1000,1,0.01098345114311401,1.9373716149657625,True,False,[8],[0.08718915097296773]
83,6,1463,1,0.011377756459818322,1.7812558345636351,True,False,[12],[0.1263070220950971]
83,8,1641,1,0.01349499644881984,1.6288787459626195,True,False,[5],[0.12940608902267325]
83,10,444,1,0.013073768467009647,1.6970332749736994,True,False,[12],[0.07715072418342583]
83,13,16,1,0.0112640056289887,2.5100299758840903,True,False,[7],[0.10169292076984172]
83,14,1772,1,0.011371082306837657,2.048398211020247,True,False,[15],[0.10185801254389777]
83,15,495,1,0.012313192514584976,1.6616251647358014,True,False,[7],[0.09628768102254956]
83,17,537,1,0.00986736995133029,1.8470937702887804,True,False,[7],[0.10600368337925482]
83,21,1289,1,0.01236548358190829,2.4188279922244234,True,False,[7],[0.14040581318291492]
83,22,17,2,0.008897388605748164,1.6638842085684755,True,False,"[8, 15]","[0.1092526300362774, 0.08313352439970426]"
83,23,1593,1,0.01343859961337625,2.2541432635154517,True,False,[8],[0.12461285230355293]
84,0,1098,1,0.011525498618315772,1.8607687841305656,True,False,[8],[0.10341874289231028]
84,1,1319,1,0.011914485149220715,2.5982086711008985,True,False,[5],[0.13239256840348487]
84,2,1587,1,0.01292463209131437,1.9776583003921497,True,False,[5],[0.104513179696612]
84,3,847,1,0.012660860300538474,1.9823249828911906,True,False,[15],[0.09173258268561273]
84,4,1143,1,0.011421149801446743,1.921527716574074,True,False,[17],[0.08049776079804712]
84,5,1000,2,0.00797195064440308,1.953789576357784,True,False,"[8, 16]","[0.08394679399540159, 0.06277407397558574]"
84,6,1463,1,0.011297949237620215,1.8200014962613884,True,False,[5],[0.09679597876420597]
84,8,1641,1,0.012290608348298862,1.6266439094834482,True,False,[8],[0.13432164584630074]
84,9,1142,1,0.011544736052172056,2.0459595246877633,True,False,[5],[0.10119647304713976]
84,10,444,1,0.013323938495616744,1.7272137330060022,True,False,[5],[0.14653462891064065]
84,11,1304,1,0.010333742277934491,2.3637433668266183,True,False,[7],[0.10412201521837838]
84,12,875,2,0.009287661168375665,1.8826146821846093,True,False,"[8, 16]","[0.15940389331072213, 0.18558810912710152]"
84,13,16,1,0.01070743533414897,2.5727955532267535,True,False,[5],[0.10062892207033276]
84,14,1772,1,0.011572859543394716,2.054614948308317,True,False,[7],[0.110855004683405]
84,17,537,1,0.01327157077139282,1.862374142322699,True,False,[8],[0.13985725051721168]
84,19,451,1,0.009716318671417158,2.551421329980235,True,False,[7],[0.12441389163840069]
84,20,76,1,0.010517512739913585,1.8643167441287212,True,False,[8],[0.09478359308835195]
84,22,17,1,0.012484942733317805,1.6783335306678515,True,False,[16],[0.11817199855486789]
84,23,1593,1,0.011744168561410244,2.2874417986801445,True,False,[7],[0.0954094541850978]
85,0,1098,1,0.012419983141170083,1.8744155691191213,True,False,[8],[0.11444639441462363]
85,2,1587,2,0.01024204159909424,1.9713304626145784,True,False,"[15, 17]","[0.13593773725561656, 0.0764693618141924]"
85,3,847,2,0.008944315554897303,2.0019345175631282,True,False,"[7, 15]","[0.11485397011238331, 0.08613288302083943]"
85,4,1143,2,0.008050860997807241,1.9367313956461667,True,False,"[7, 17]","[0.10648768395780933, 0.07866431846459783]"
85,6,1463,1,0.013772661478073645,1.8255546856822684,True,False,[8],[0.14946973705582872]
85,8,1641,2,0.008751756039214879,1.6450951953214017,True,False,"[7, 12]","[0.11108528454417026, 0.06870523696054902]"
85,10,444,1,0.012335693980747681,1.7330035988140515,True,False,[8],[0.1545323161789831]
85,11,1304,1,0.010520936166820979,2.4219036172192663,True,False,[7],[0.0953358036255798]
85,12,875,1,0.011817602259646343,1.8950735970916848,True,False,[8],[0.14684479025763084]
85,13,16,1,0.010611735849371895,2.6363220739890276,True,False,[5],[0.09625799753193974]
85,16,19,1,0.012310220703544147,1.3932943171964247,True,False,[7],[0.13609269284171302]
85,17,537,1,0.012827289372301284,1.8775611163242816,True,False,[8],[0.14185937266478832]
85,18,1130,1,0.01233819660272107,2.028207875096477,True,False,[5],[0.1539624397297582]
85,19,451,1,0.011211913969916113,2.5991706945428743,True,False,[5],[0.10451144719380526]
85,21,1289,1,0.012117837000988,2.470853533665804,True,False,[5],[0.15120567005888938]
85,22,17,2,0.0099242295494169,1.6969020074097556,True,False,"[15, 16]","[0.08103101402178464, 0.1145608769009083]"
85,23,1593,1,0.010428549662254798,2.3276445763764566,True,False,[7],[0.10011396408459662]
86,0,1098,1,0.010769662842429624,1.8832908742619618,True,False,[7],[0.12412524175812796]
86,1,1319,2,0.012070592323198915,2.6066279622012303,True,False,"[7, 10]","[0.1139842266524533, 0.038045222702419265]"
86,2,1587,3,0.008545116173713735,1.9742507866974635,True,False,"[7, 15, 17]","[0.13106902172205312, 0.15761679317750366, 0.09201787301782159]"
86,3,847,1,0.012611883920192942,2.0076073626662816,True,False,[15],[0.09723066920761834]
86,4,1143,2,0.011245281014167345,1.9251773061323247,True,False,"[12, 17]","[0.15897552834084414, 0.08955991710899924]"
86,5,1000,1,0.010056595517787427,1.9799962732540506,True,False,[16],[0.058076540365970424]
86,6,1463,1,0.011476034032990157,1.8258190031157524,True,False,[12],[0.14060832388917963]
86,7,1043,1,0.011689174575652916,2.2691672738836637,True,False,[5],[0.10694789300313189]
86,8,1641,2,0.0088907257127019,1.644758578918622,True,False,"[8, 12]","[0.11012390108394267, 0.07998671467977733]"
86,9,1142,1,0.010743224016664844,2.080189065980421,True,False,[7],[0.09729057257180886]
86,10,444,1,0.011966710368288403,1.7391467346432108,True,False,[8],[0.1552814846254703]
86,11,1304,1,0.011020444314279362,2.4801818323386238,True,False,[7],[0.09275115421471773]
86,13,16,1,0.01122565203111479,2.6929160824689773,True,False,[5],[0.10776009576915697]
86,14,1772,1,0.011092434093255854,2.0548898475975172,True,False,[15],[0.10252689053650907]
86,15,495,1,0.01202245563615433,1.6698794352127535,True,False,[7],[0.08758311220135999]
86,16,19,1,0.011850880778687832,1.4210412594133888,True,False,[7],[0.12563444347024427]
86,18,1130,1,0.012868123782044038,2.0633026033831823,True,False,[5],[0.1809014833556849]
86,21,1289,1,0.011424297983726366,2.4925667214067286,True,False,[7],[0.12779154442294507]
86,22,17,2,0.0116116290345325,1.7067602426514372,True,False,"[7, 16]","[0.15741327787492126, 0.11870152028973362]"
87,0,1098,2,0.008704431558252011,1.8953785722921974,True,False,"[8, 16]","[0.0965809037769208, 0.1063180887895017]"
87,2,1587,1,0.011732216728752326,1.9745494662944159,True,False,[8],[0.14148221327523958]
87,3,847,1,0.012658412649055383,2.010252342964126,True,False,[15],[0.08408377626477406]
87,5,1000,1,0.011508221511397632,2.01206398338826,True,False,[5],[0.10593937901312393]
87,6,1463,2,0.011092737996088045,1.821071127552897,True,False,"[7, 15]","[0.16121315485159818, 0.163589186904669]"
87,9,1142,1,0.010006512024423606,2.1219589144293356,True,False,[7],[0.08498245439858855]
87,11,1304,1,0.010668466848478409,2.5402034877521653,True,False,[7],[0.08667055253997343]
87,12,875,1,0.011499741299669412,1.9080505256124836,True,False,[8],[0.15488460014251648]
87,13,16,1,0.011942155087252543,2.693355665879879,True,False,[12],[0.13988546478661554]
87,15,495,2,0.009295487813613551,1.6877515704228456,True,False,"[7, 8]","[0.0816597931110554, 0.11209429177070468]"
87,16,19,1,0.013405063461242915,1.4427330795707953,True,False,[5],[0.08702327529776989]
87,17,537,1,0.012516318581003683,1.9167128516544893,True,False,[5],[0.11689607970648229]
87,20,76,1,0.010378842353214082,1.9024647305544327,True,False,[8],[0.08737884987193578]
87,21,1289,1,0.012248376573850755,2.5479413526714048,True,False,[5],[0.15029417337851278]
87,22,17,2,0.010589853742084886,1.7345153944840639,True,False,"[15, 16]","[0.08222094653294429, 0.11810590636804487]"
87,23,1593,1,0.011014942538708506,2.365693538713261,True,False,[7],[0.10751345856518979]
88,0,1098,2,0.00977251231271966,1.900549885744582,True,False,"[7, 12]","[0.1397081914048064, 0.09579192386083629]"
88,1,1319,1,0.013340561865694225,2.652891216958451,True,False,[7],[0.10682409573651719]
88,3,847,1,0.012475286268114224,2.0121809498044487,True,False,[15],[0.09321027470160245]
88,4,1143,3,0.00921035371569983,1.9347031640653172,True,False,"[7, 8, 17]","[0.11378062684637064, 0.16735466700719767, 0.09962953877957051]"
88,5,1000,1,0.013452434852106886,1.9967185656451292,True,False,[7],[0.13303618826301755]
88,8,1641,2,0.011074471748761363,1.6648148563977485,True,False,"[7, 11]","[0.11898612580589893, 0.03479490922688019]"
88,10,444,1,0.011731745959726305,1.7453395153201052,True,False,[8],[0.15768050587998253]
88,11,1304,1,0.012069479512146446,2.594855616339741,True,False,[7],[0.09034051746943426]
88,12,875,1,0.01157283103691032,1.926262529308777,True,False,[8],[0.15527842102938821]
88,13,16,1,0.011597592422661986,2.735397367114111,True,False,[7],[0.10934012039108405]
88,18,1130,1,0.012413569871006622,2.1021742180813976,True,False,[5],[0.17288797930570074]
88,19,451,1,0.011284599460799617,2.6482560916423856,True,False,[5],[0.09928600084725002]
88,21,1289,1,0.011377468682801591,2.5704731637161453,True,False,[7],[0.14290769793750477]
88,22,17,1,0.01430372429327279,1.734590034478832,True,False,[5],[0.11283746684387379]
88,23,1593,1,0.011048305555224352,2.4023667008121126,True,False,[7],[0.11640304215454472]
89,0,1098,1,0.012731525834294986,1.9045216240865344,True,False,[12],[0.09062962227154943]
89,1,1319,1,0.011439794664445951,2.7033960285918983,True,False,[5],[0.13915988959851064]
89,2,1587,2,0.008551566064086897,1.96295351869856,True,False,"[8, 12]","[0.14197818486626984, 0.13366456133343965]"
89,3,847,1,0.012748607513917218,2.0147964370099203,True,False,[15],[0.0956790216353073]
89,4,1143,1,0.012701526344143989,1.9310653976476009,True,False,[17],[0.08595263513343879]
89,5,1000,1,0.010783306569548264,2.012445205943935,True,False,[8],[0.08377171724193254]
89,6,1463,2,0.00904378434170144,1.834581604344346,True,False,"[7, 8]","[0.14340932836358003, 0.1533256434576818]"
89,8,1641,1,0.011100656622238985,1.664622584384137,True,False,[8],[0.11257330951706232]
89,9,1142,1,0.011070077463517267,2.171297233920287,True,False,[5],[0.09455525172835773]
89,10,444,1,0.011273897464691455,1.7789624020641626,True,False,[7],[0.14012244114159397]
89,15,495,1,0.012464070874473753,1.7179536122015113,True,False,[8],[0.11022120704248507]
89,18,1130,1,0.012746597754435766,2.1399611549026405,True,False,[5],[0.17781682236425622]
89,21,1289,1,0.01170185496346925,2.630353026127758,True,False,[5],[0.1357373661712327]
89,22,17,1,0.012845167786913464,1.7606203310357698,True,False,[15],[0.08305863433295223]
89,23,1593,1,0.012825504739158652,2.3838144066287503,True,False,[11],[0.0873730922457896]
90,0,1098,1,0.012076884693524385,1.910323497154578,True,False,[12],[0.08359356128405093]
90,2,1319,2,0.00878643348455402,2.701297306754514,True,False,"[8, 15]","[0.1446923450238287, 0.16644379272572224]"
90,3,1587,1,0.012344667391588215,1.9540965139027526,True,False,[12],[0.11896133026217748]
90,4,847,1,0.012665313923972878,2.0544761560202742,True,False,[5],[0.10617279869286905]
90,5,1143,1,0.01154827938712281,1.9624669242290453,True,False,[17],[0.049661642906592494]
90,7,1463,1,0.01215729396512536,1.8669930749466785,True,False,[5],[0.11561755181268234]
90,8,1043,1,0.009815007734772079,2.2989552347454536,True,False,[8],[0.10077897132056644]
90,9,1641,1,0.013709995522338035,1.6609254363386983,True,False,[8],[0.11402363521832591]
90,12,1304,1,0.01400908692547458,2.6164968581315127,True,False,[5],[0.11878590507800803]
90,13,875,1,0.012242727231714039,1.9249557448167494,True,False,[7],[0.12238756653365054]
90,14,16,1,0.012160372460228079,2.7345289117486455,True,False,[12],[0.1291068237769925]
90,16,495,1,0.013163667735597061,1.7471451019286317,True,False,[8],[0.13287330033382644]
90,19,1130,1,0.011667664102304272,2.1656266659647487,True,False,[7],[0.13221291490598852]
90,21,1289,1,0.01261266595064385,2.645370997938561,True,False,[7],[0.14830242824161155]
90,22,17,1,0.012320104778284654,1.7872704716283159,True,False,[15],[0.07159386259477658]
91,0,1098,1,0.012440577289205543,1.913067436275921,True,False,[12],[0.09301811056574429]
91,1,2156,1,0.034460701742656565,1.8903986100584758,True,False,[7],[0.09998847877262755]
91,2,1319,1,0.011272105596002604,2.703267870397006,True,False,[8],[0.13934806040332154]
91,4,847,1,0.012372084571446597,2.0953662790845557,True,False,[5],[0.1166775287465417]
91,5,1143,1,0.01116579559680268,1.9535306431393786,True,False,[12],[0.07083506233020709]
91,6,1000,1,0.015056165137813987,2.0085825278563436,True,False,[8],[0.14557796338200396]
91,7,1463,2,0.008155055715114545,1.8760240504029586,True,False,"[7, 8]","[0.12233400671770837, 0.12924858138019008]"
91,8,1043,1,0.012592046441111403,2.3372499189288747,True,False,[5],[0.12847502345805]
91,9,1641,1,0.014247325652212837,1.6560164166869096,True,False,[12],[0.08938827049079263]
91,11,444,1,0.01134635634409598,1.8192104428447173,True,False,[7],[0.0846721465434997]
91,12,1304,1,0.011742915515799635,2.663338704656888,True,False,[7],[0.16178744639144488]
91,14,16,1,0.011267017528043472,2.7937612457087013,True,False,[5],[0.0857534529287037]
91,15,1772,1,0.012557414228959228,2.051495389157842,True,False,[15],[0.08129441494845849]
91,18,537,1,0.011702268126111092,1.9537233065625237,True,False,[7],[0.13112475309568808]
91,19,1130,1,0.01128201757655981,2.1945611820407374,True,False,[7],[0.14910328440698734]
91,21,1289,1,0.011615311635567949,2.7062273120126417,True,False,[5],[0.1314248365364961]
91,23,1593,1,0.010553792190183587,2.4259894855973445,True,False,[7],[0.10576807725837678]
92,0,1098,2,0.008659252192167205,1.9203168504244603,True,False,"[8, 15]","[0.1036346047015092, 0.10049005390268878]"
92,2,1319,1,0.013570138126938622,2.694022353133568,True,False,[15],[0.15639102389116136]
92,3,1587,1,0.010705080201183409,1.9907001901248969,True,False,[7],[0.1250188393362671]
92,4,847,1,0.011394669791462085,2.1368002088474847,True,False,[7],[0.10307000174389049]
92,5,1143,1,0.012778258770130689,1.974887348206739,True,False,[5],[0.11120285176719322]
92,6,1000,2,0.009871473453897642,2.0099245813827435,True,False,"[8, 16]","[0.1455431911296997, 0.07515164163700037]"
92,8,1043,1,0.012059831838142349,2.3812725613770778,True,False,[5],[0.12178123184499043]
92,9,1641,3,0.010477988146587482,1.6507664772739294,True,False,"[7, 12, 15]","[0.10100339270645078, 0.1025773300972465, 0.13165696282413425]"
92,10,1142,1,0.010515647225244028,2.219882725358608,True,False,[7],[0.12350517265806556]
92,11,444,1,0.013630256946210551,1.8415224500864835,True,False,[5],[0.10447317118566259]
92,12,1304,1,0.014112171562870472,2.6260630394279327,True,False,[11],[0.07076764142190987]
92,13,875,1,0.010386961363550959,1.944740608495414,True,False,[8],[0.10922079690794956]
92,14,16,1,0.00881408301851848,2.856815287572071,True,False,[7],[0.09942005247976243]
92,15,1772,1,0.012059642792038128,2.051002614308234,True,False,[15],[0.08056532213341984]
92,18,537,1,0.011492484681504097,1.9714772274913757,True,False,[8],[0.12149738976674833]
92,19,1130,1,0.011872759072878688,2.222705332817845,True,False,[7],[0.15955175447376904]
92,21,1289,1,0.011548105464185703,2.735390460293599,True,False,[7],[0.143171000206166]
92,22,17,1,0.013836962901963692,1.787081821360575,True,False,[5],[0.10273652830567238]
92,23,1593,1,0.012415675730933226,2.46948479922712,True,False,[5],[0.10329042292017544]
93,0,1098,1,0.012409612694031116,1.9264501851988072,True,False,[12],[0.10048202190516951]
93,3,1587,1,0.01265594603390928,1.9893461719808632,True,False,[12],[0.1273580743247098]
93,4,847,1,0.010913356843792943,2.1706711804356966,True,False,[7],[0.0919465002991538]
93,5,1143,2,0.008502957243363793,1.9913354538715797,True,False,"[7, 17]","[0.13173645172053924, 0.05752666200743905]"
93,6,1000,1,0.011703268702497266,2.0281602855021292,True,False,[16],[0.06904916370558953]
93,7,1463,1,0.011327325617743604,1.8955361412725247,True,False,[7],[0.12346639543475989]
93,9,1641,1,0.013722572382544058,1.650364717031802,True,False,[8],[0.10627839921619629]
93,10,1142,1,0.010639542608611528,2.2700495241151875,True,False,[7],[0.11451734119029061]
93,11,444,2,0.009213788756333673,1.8604445883358678,True,False,"[7, 12]","[0.07690173707110473, 0.08581981680935769]"
93,13,875,1,0.009425559815794606,1.9699982446469022,True,False,[8],[0.10011036219501833]
93,17,19,1,0.010423079993100283,1.4751683504610025,True,False,[7],[0.09978743606878313]
93,19,1130,2,0.009757857856167814,2.2176221865594443,True,False,"[15, 16]","[0.15794894824557498, 0.13139928465679007]"
93,20,451,1,0.011037001866218324,2.696074238001051,True,False,[7],[0.1387725614131025]
93,21,1289,1,0.010066140676937695,2.803186129146412,True,False,[5],[0.11822585342679529]
93,22,17,1,0.012649361229879693,1.7886194183632216,True,False,[7],[0.15098802868474448]
93,23,1593,1,0.009754466122838184,2.517876252748686,True,False,[7],[0.09790845958636091]
94,0,1098,1,0.011937368471479139,1.9423830246051033,True,False,[8],[0.10578963307205141]
94,2,1319,1,0.011782621125672084,2.7400488883097482,True,False,[7],[0.13280699562134513]
94,3,1587,1,0.012051351862240376,1.9837294481856556,True,False,[12],[0.10391858631604137]
94,4,847,2,0.009824628870524547,2.181074198464838,True,False,"[7, 15]","[0.1016241465910235, 0.08267539259319703]"
94,5,1143,2,0.007946780687493318,2.0055408230561085,True,False,"[7, 17]","[0.13472324436032337, 0.056558118918744314]"
94,6,1000,1,0.01503731529121263,2.024238603256288,True,False,[8],[0.13182114590757257]
94,7,1463,1,0.01202934359683131,1.9342615310128477,True,False,[5],[0.1256775656555805]
94,8,1043,1,0.010380756971175735,2.38826730037729,True,False,[7],[0.111621285961188]
94,9,1641,2,0.009332129784609297,1.6457103260442012,True,False,"[8, 12]","[0.08810900366288724, 0.11300305416124913]"
94,11,444,1,0.009863865750972627,1.90204538417124,True,False,[7],[0.07289033926708946]
94,12,1304,1,0.013977068336146991,2.6603989768092746,True,False,[5],[0.10452921182012025]
94,13,875,2,0.008510430290035016,1.969166200858878,True,False,"[8, 15]","[0.09819636121343418, 0.10570670148664806]"
94,14,16,1,0.012628271707717258,2.850786872503613,True,False,[12],[0.12935132745710975]
94,15,1772,1,0.011935008965689678,2.090022624674584,True,False,[8],[0.10854266296999941]
94,18,537,1,0.010803497485448831,2.011018397888377,True,False,[7],[0.11840119011997517]
94,19,1130,2,0.008416189166546188,2.224440738780813,True,False,"[8, 16]","[0.11314411429770767, 0.16201557821172144]"
94,20,451,1,0.00939967900612997,2.7603529151400017,True,False,[5],[0.09422777954168247]
94,22,17,3,0.008084494930055511,1.7956972638666955,True,False,"[7, 8, 16]","[0.14223867345037838, 0.11069058210254465, 0.11308435957722827]"
94,23,1593,1,0.012643615357232598,2.5591381839322898,True,False,[5],[0.10899898888644124]
95,0,1098,1,0.012326476201839734,1.952224588127492,True,False,[8],[0.12041693583098571]
95,2,1319,1,0.01228021990028597,2.7846469219135717,True,False,[7],[0.13202439561269907]
95,6,1000,1,0.014726168456711854,2.0281609626779002,True,False,[8],[0.12322611572603026]
95,7,1463,1,0.01293722216466329,1.93466440723536,True,False,[8],[0.14400174158097337]
95,8,1043,1,0.011868832484344087,2.434175156036491,True,False,[5],[0.11714840025955961]
95,9,1641,2,0.008329251419067537,1.6342170840581483,True,False,"[8, 15]","[0.08876297220074482, 0.1474688649758257]"
95,11,444,1,0.012948867608917409,1.930574061663263,True,False,[5],[0.1325218188367604]
95,13,875,1,0.012181108552510408,1.96925431443426,True,False,[7],[0.13038302644559255]
95,14,16,1,0.007949516840918849,2.912521104269998,True,False,[7],[0.09768676143846179]
95,16,495,1,0.011098128540939086,1.7562560009753467,True,False,[7],[0.12184534914326568]
95,17,19,1,0.013972537071721565,1.4866722483044332,True,False,[15],[0.08361379430086262]
95,18,537,1,0.013542874439345074,2.0453264938949802,True,False,[5],[0.16851521843932815]
95,19,1130,1,0.011214184651268453,2.2570743929491695,True,False,[7],[0.15018153767268896]
95,21,1289,1,0.012316379477064477,2.8243910465266033,True,False,[7],[0.13559171526460015]
95,22,17,1,0.011399271700876332,1.8167350721351883,True,False,[16],[0.09521638352271083]
96,0,1098,1,0.012895323241750868,1.9443747046014368,True,False,[15],[0.11202297411902655]
96,3,1587,1,0.011847110445022652,1.9708621229773997,True,False,[12],[0.10438097639054421]
96,4,847,1,0.011804103476693861,2.1875243592874165,True,False,[15],[0.06736308780507912]
96,5,1143,2,0.008475571683487336,2.0234736746095257,True,False,"[7, 17]","[0.12717292853549117, 0.0712074188223643]"
96,6,1000,2,0.00893182829415637,2.0383221845686563,True,False,"[7, 8]","[0.13571140241700916, 0.12439769267200071]"
96,7,1463,1,0.01337060256392544,1.9304776465900853,True,False,[12],[0.1370690139349061]
96,8,1043,1,0.009937640880440734,2.4652868460627952,True,False,[8],[0.09578271318550195]
96,9,1641,2,0.010119100134700293,1.6354681445967711,True,False,"[7, 15]","[0.11998265351076794, 0.16095221606695387]"
96,11,444,1,0.012965886593496432,1.9617081906413607,True,False,[5],[0.14008392266197403]
96,13,875,2,0.00776420880183139,1.9841421935144405,True,False,"[7, 8]","[0.1322286736627822, 0.10060175427810995]"
96,16,495,1,0.012883227517470584,1.788286211534742,True,False,[8],[0.12618083169092337]
96,17,19,2,0.0083420066786747,1.502957464586745,True,False,"[7, 8]","[0.09652391683459222, 0.1345343796496869]"
96,19,1130,1,0.010277049283565187,2.2724004490972183,True,False,[8],[0.11168631793117548]
96,21,1289,1,0.009611459617232535,2.8926782856186337,True,False,[5],[0.11512280546792557]
96,22,17,1,0.013859911092470372,1.8160614073520265,True,False,[5],[0.10892848576550063]
96,23,1593,2,0.008770844586141224,2.571170580407804,True,False,"[7, 11]","[0.10367662683531575, 0.10203237846321501]"
97,2,2156,1,0.012820109564075328,1.9102159769306732,True,False,[5],[0.09803031662150286]
97,3,1319,2,0.009192822096674243,2.782432716018251,True,False,"[8, 15]","[0.10764519581261713, 0.08926761022113584]"
97,4,1587,2,0.007472016253765099,1.9879268748216272,True,False,"[7, 8]","[0.08526639263002635, 0.1614902872995414]"
97,5,847,2,0.008121641370280193,2.2034363409035373,True,False,"[7, 15]","[0.11498850062237312, 0.10838992266359797]"
97,6,1143,1,0.011000495365688466,2.0687561829023227,True,False,[5],[0.09941297203999368]
97,7,1000,1,0.01129245156239883,2.080733024173947,True,False,[5],[0.1246884302941601]
97,8,1463,1,0.011961294184898238,1.9711951095284932,True,False,[5],[0.11761220260436919]
97,9,1043,1,0.012095051884116957,2.47936101716993,True,False,[7],[0.1290317228096708]
97,10,1641,1,0.01166550413840225,1.6367624768743252,True,False,[8],[0.16265460295638132]
97,14,875,1,0.009338551331861468,1.9908107393355958,True,False,[7],[0.09613037026279037]
97,15,16,1,0.012349676309709278,2.96588983569897,True,False,[5],[0.14435360918169213]
97,17,495,1,0.009920834195227558,1.7908742655676493,True,False,[7],[0.09194255613815185]
97,18,19,2,0.00881806293623407,1.5167809165545725,True,False,"[7, 15]","[0.11109476255393469, 0.08753945735285294]"
97,20,1130,2,0.009125449076580595,2.2964379834255726,True,False,"[7, 12]","[0.1464257176219493, 0.0913586001943777]"
97,22,17,1,0.010588286949864268,1.8230165409401706,True,False,[8],[0.11501503141022575]
98,1,1098,1,0.013668506248495195,1.944600944954492,True,False,[15],[0.15125049558721654]
98,3,1319,1,0.009967038526773277,2.8474041768617577,True,False,[7],[0.11453147439399357]
98,4,1587,1,0.010369763493127524,1.9870573138904275,True,False,[17],[0.06784620608441262]
98,5,847,2,0.008497776996537233,2.2198696990150784,True,False,"[7, 15]","[0.11984855310033236, 0.11263771453354594]"
98,6,1143,1,0.012687478760104239,2.0678012286046097,True,False,[8],[0.1470404579304295]
98,8,1463,1,0.012444948847679905,2.0041377374814613,True,False,[5],[0.14821717226509237]
98,10,1641,2,0.01144212437271644,1.6318130341744843,True,False,"[11, 12]","[0.06738051843029767, 0.08848494506677021]"
98,12,444,2,0.008357682828683887,1.9765342194064468,True,False,"[7, 11]","[0.14482579546029262, 0.10075248421396922]"
98,13,1304,1,0.010889282627232443,2.7192560484217854,True,False,[5],[0.09311898719666992]
98,14,875,1,0.010755453137020402,2.0312720354798564,True,False,[5],[0.09615479980017691]
98,15,16,1,0.013783069356353763,2.963272519859379,True,False,[12],[0.09221539993128106]
98,16,1772,1,0.01256739074590216,2.120934688862997,True,False,[8],[0.11717354549141692]
98,21,451,1,0.011401155833402904,2.7997209916837127,True,False,[7],[0.12568230537328856]
98,22,17,1,0.012219321733998862,1.8524809434438667,True,False,[15],[0.08782861912906736]
98,23,1593,1,0.01239548025724223,2.6154107282945978,True,False,[5],[0.1024308391901128]
99,0,2306,1,0.05809817757754448,3.1050513563133353,True,False,[15],[0.11765696993601595]
99,1,1098,3,0.009101554689984529,1.9502921238847077,True,False,"[8, 12, 16]","[0.15235002041155388, 0.06838517972618728, 0.041577625264121]"
99,2,2156,1,0.013384559114719799,1.9070483373536582,True,False,[7],[0.11835723823090578]
99,3,1319,1,0.012810238622576756,2.8482712289058303,True,False,[15],[0.10330636532773102]
99,5,847,1,0.012266516889752345,2.2218325925321345,True,False,[15],[0.0956847589552688]
99,6,1143,1,0.012935117051399337,2.064095070424978,True,False,[17],[0.031677733457260056]
99,10,1641,2,0.008503171034825611,1.6303031133856034,True,False,"[8, 12]","[0.15210631386743728, 0.08863220452750586]"
99,12,444,2,0.00866055122574647,1.9910088196769167,True,False,"[7, 12]","[0.13994060021883414, 0.1609502605978981]"
99,13,1304,1,0.010577162635030037,2.7800835067936425,True,False,[5],[0.09472587097290648]
99,15,16,1,0.011433912601376292,3.024307710984258,True,False,[5],[0.11769785562830562]
99,17,495,1,0.010119017390864328,1.7982064163110263,True,False,[7],[0.09275193314869812]
99,19,537,1,0.012455316389022123,2.06059009096422,True,False,[7],[0.1407135753818317]
99,20,1130,1,0.009880294438552853,2.339122104329114,True,False,[5],[0.0951548593905268]
99,21,2370,1,0.013612886437127023,1.5544909351656688,True,False,[7],[0.12322274214872701]
99,22,17,1,0.010988968429444936,1.8710620873522446,True,False,[16],[0.09052453791897767]
100,0,2306,1,0.013130437437027744,3.1192463222066626,True,False,[8],[0.12320304895731683]
100,1,1098,2,0.008802180058140707,1.9702589506951467,True,False,"[8, 15]","[0.13812779413432036, 0.14895004326935957]"
100,2,2156,1,0.012424838371616759,1.9332758195106772,True,False,[5],[0.09424719368200701]
100,4,1587,1,0.01201260179861176,1.9794153261432144,True,False,[12],[0.15019454010687866]
100,5,847,2,0.008338996679911104,2.245596727339591,True,False,"[7, 15]","[0.11256925213295882, 0.09751416760874089]"
100,6,1143,2,0.008671638417578106,2.0855833173358502,True,False,"[7, 17]","[0.13102019951457278, 0.04234768436137341]"
100,8,1463,1,0.009954187777106075,2.0180905337524937,True,False,[8],[0.09923953614603635]
100,9,1043,1,0.011238644704610036,2.4938327229605286,True,False,[8],[0.08583390358504377]
100,10,1641,2,0.008773874894017113,1.634367556174637,True,False,"[8, 11]","[0.15163672296799002, 0.09251374297532006]"
100,12,444,2,0.009088072181654226,2.004611756772168,True,False,"[7, 12]","[0.13656258248436778, 0.15985973412025845]"
100,13,1304,1,0.01129626880516875,2.825090464122831,True,False,[7],[0.13591011404308603]
100,14,875,2,0.009856877876060335,2.020936108151224,True,False,"[7, 15]","[0.11514965597334871, 0.13236684700713183]"
100,16,1772,1,0.011471367126216079,2.120517921252887,True,False,[7],[0.11703951357137567]
100,20,2392,1,0.03706921312080509,2.25384150375192,True,False,[8],[0.08201665821741086]
100,21,2370,1,0.012012571279250534,1.5831142032748162,True,False,[7],[0.11654863727233228]
100,22,17,2,0.008372880927254718,1.8989683097279044,True,False,"[15, 16]","[0.08672997690480691, 0.08230268844280256]"
100,23,1593,1,0.011015831596623227,2.6614390176541916,True,False,[7],[0.10689632847845626]
101,0,2306,1,0.012642740581378353,3.1289689952450392,True,False,[8],[0.09767538479528129]
101,3,1319,1,0.012895560695214173,2.884986891133084,True,False,[5],[0.13759605288961096]
101,5,1000,1,0.011116343767629641,2.0981254364846786,True,False,[8],[0.0852891154450184]
101,6,1463,1,0.010898961699183357,2.019641409321791,True,False,[12],[0.15578334521920842]
101,7,1043,1,0.012048231329706845,2.5053678890916453,True,False,[8],[0.13338553621030053]
101,8,1641,3,0.007007116160987234,1.6492902460969023,True,False,"[7, 8, 12]","[0.11071398014828761, 0.09143563508263447, 0.0846968917534504]"
101,11,1587,2,0.009037688485192992,1.96853408311294,True,False,"[8, 12]","[0.13256870474693752, 0.07471751308765583]"
101,12,847,1,0.011725697605085777,2.285376051012289,True,False,[5],[0.10383588696278478]
101,13,1143,2,0.009234136479042514,2.102932664128772,True,False,"[7, 17]","[0.1328510104299081, 0.04801728399663991]"
101,17,875,2,0.008728318922872689,2.039704872543412,True,False,"[8, 15]","[0.12449487553748023, 0.1090873967593054]"
101,19,1772,1,0.009671042289981509,2.173908864452453,True,False,[8],[0.10380086390811676]
101,20,495,1,0.011305263343273647,1.8246492919776967,True,False,[7],[0.129010563713096]
101,21,19,1,0.012018729531362172,1.549150131617641,True,False,[5],[0.11198859489166214]
101,22,537,1,0.010776903882561363,2.0977121610296248,True,False,[7],[0.13081549915251617]
101,23,17,1,0.01180556739211859,1.9026566485670187,True,False,[8],[0.11865258115114216]
102,0,2306,1,0.01377014766080442,3.139328624088126,True,False,[8],[0.10106863444452113]
102,2,2156,1,0.012880494873874599,1.9305460785810917,True,False,[7],[0.11013705003515548]
102,5,1000,1,0.011640481957425071,2.1135726495781615,True,False,[8],[0.081218040143632]
102,6,1463,1,0.011494391387806183,2.047347603946373,True,False,[8],[0.12775981993063393]
102,7,1043,1,0.012896688290358616,2.510956769009992,True,False,[7],[0.13192779001995655]
102,8,1641,1,0.013964488953220935,1.6499833008722586,True,False,[12],[0.08572072907293857]
102,9,1142,1,0.011422997968403311,2.314182077320806,True,False,[7],[0.11825171579379676]
102,10,444,1,0.01338124892910287,2.0388998610904956,True,False,[5],[0.1523473154000963]
102,11,1587,1,0.011072494965798685,1.9932488907409436,True,False,[7],[0.08656972557667719]
102,12,847,2,0.008075296174169291,2.305059415890028,True,False,"[7, 15]","[0.13035068529493968, 0.10748261953708663]"
102,15,2370,1,0.011828597186812983,1.5828590358009096,True,False,[15],[0.0833825864747911]
102,16,1304,1,0.012904120724112848,2.8713520889441266,True,False,[5],[0.0905977084486748]
102,17,2433,1,0.04911995730581728,2.560803747852163,True,False,[7],[0.08765589805478444]
102,18,16,1,0.012511716600062046,3.0762859109539287,True,False,[5],[0.1482757854912512]
102,22,537,2,0.008576867976284788,2.1336210013521986,True,False,"[7, 8]","[0.1225302722041188, 0.11448504936657473]"
102,23,875,1,0.011769828396179821,2.038770104079986,True,False,[7],[0.11765943266232747]
103,1,1098,2,0.009477502983487289,1.9889676441615236,True,False,"[8, 15]","[0.13254244939885237, 0.16279192003594822]"
103,3,1319,1,0.01305594071796789,2.918872509132546,True,False,[5],[0.140281558641211]
103,4,2411,1,0.04326964891662992,2.4702086049006247,True,False,[7],[0.08154524987521351]
103,5,2451,1,0.02902031054820758,3.0476696137613124,True,False,[7],[0.12480884553830204]
103,6,1142,1,0.010480848948925144,2.363706483210036,True,False,[7],[0.11935803137091631]
103,7,444,1,0.012737280490836861,2.056565843848106,True,False,[7],[0.13648973579482393]
103,8,1587,1,0.009617736192726729,2.0311816917447767,True,False,[7],[0.1163687419743161]
103,9,847,1,0.00989676745571732,2.354347476250722,True,False,[7],[0.10729042770634427]
103,10,1143,1,0.01245150934141123,2.094846271233876,True,False,[17],[0.02518691172264946]
103,12,1463,1,0.011172659734589972,2.054118057789312,True,False,[7],[0.1313033033812112]
103,14,1641,2,0.007491056788134994,1.6617105317213678,True,False,"[8, 12]","[0.09208931556687587, 0.11878569964036792]"
103,15,2370,1,0.010961973376186563,1.6158392081817212,True,False,[7],[0.08452903839452906]
103,16,1304,1,0.01049010120656211,2.925242994987552,True,False,[5],[0.08359605337257352]
103,18,16,1,0.012067492349698465,3.1335482890438793,True,False,[5],[0.1336134006286633]
103,20,495,1,0.010759384582271398,1.8589204721101122,True,False,[8],[0.08206729628021357]
104,0,2306,1,0.008442541064091058,3.209521815933542,True,False,[7],[0.13375576947590745]
104,1,1098,3,0.009767539956400484,1.9964333036024324,True,False,"[8, 12, 16]","[0.12404513064588221, 0.08058965487662831, 0.05978710249091146]"
104,3,1319,1,0.010187074332713287,2.9829847659758264,True,False,[7],[0.11259891517561571]
104,4,2411,1,0.013411627058155812,2.50940359644009,True,False,[5],[0.1061254471426714]
104,5,2451,1,0.011477165353598006,3.048698485205914,True,False,[8],[0.08662131059811828]
104,9,847,1,0.010618585641184041,2.3966938112584937,True,False,[7],[0.10874782387060866]
104,10,2491,1,0.10032008445261731,2.6155156942726365,True,False,[15],[0.07017892038076216]
104,11,1143,1,0.010867196715015303,2.1265987452067354,True,False,[7],[0.09464238680083134]
104,12,1000,2,0.008473063906195072,2.126841841114904,True,False,"[8, 16]","[0.1420935155002395, 0.17144297844176717]"
104,13,1463,1,0.011984887480477274,2.075878396861105,True,False,[8],[0.10857004668491163]
104,14,1043,1,0.009189163386836586,2.548097941330696,True,False,[8],[0.09014579522141684]
104,15,1641,1,0.011698429986613497,1.689895673919891,True,False,[8],[0.11592743920243223]
104,17,1304,1,0.011459797808873639,2.977718697190891,True,False,[5],[0.10809891757766693]
104,19,16,1,0.011889896962350854,3.1943418721833767,True,False,[5],[0.10033597701944842]
105,0,2306,1,0.012578558886941388,3.228044962665598,True,False,[8],[0.09247428122385237]
105,2,2156,1,0.01195806105229626,1.9598377120571038,True,False,[5],[0.0871402437482142]
105,3,1319,1,0.012360598236279689,3.0271949428482423,True,False,[5],[0.12609300475447602]
105,7,444,1,0.011974108598586407,2.0546073939435097,True,False,[8],[0.1196354371422801]
105,8,1587,2,0.008355664853697287,2.0573271791757897,True,False,"[7, 17]","[0.10996495129840153, 0.02128427773304825]"
105,9,847,1,0.009626014568997998,2.41201231772908,True,False,[15],[0.14583032013087904]
105,11,1143,2,0.012751728046264326,2.103655641979065,True,False,"[12, 17]","[0.0987952681310391, 0.03858263282006633]"
105,12,1000,1,0.01016757305616971,2.1455362066750543,True,False,[16],[0.15543780841599908]
105,13,1463,1,0.012243893165594499,2.0933679694995364,True,False,[8],[0.11182669935923217]
105,15,1641,1,0.012327861813978713,1.6907282378907154,True,False,[5],[0.12634541442885586]
105,17,1304,1,0.008986088412137366,3.0377546874971384,True,False,[7],[0.08621878964898079]
105,22,19,1,0.013910286510834445,1.549266439064414,True,False,[15],[0.09339145011391106]
106,1,1098,2,0.010143393977426439,2.01117576506559,True,False,"[8, 16]","[0.12878066083383047, 0.07739134275506335]"
106,2,2156,1,0.011752222792295522,1.9956140746146658,True,False,[5],[0.07969332161501061]
106,3,1319,1,0.01304223752331056,3.029018936105043,True,False,[15],[0.10552448452413339]
106,6,1142,1,0.010041898481898015,2.417282120679729,True,False,[7],[0.1073722648155896]
106,7,444,1,0.011287374327894348,2.0964985407136645,True,False,[5],[0.11294572472964848]
106,8,1587,1,0.012851366844800899,2.065980027844807,True,False,[5],[0.13226497494912814]
106,11,1143,1,0.012931564110464562,2.1031119168233072,True,False,[17],[0.04380580285693294]
106,12,1000,1,0.0103064698260119,2.1657353419610246,True,False,[16],[0.1453599157002412]
106,15,1641,3,0.008640442789268081,1.7016031151461342,True,False,"[7, 8, 11]","[0.10129332120301483, 0.12454768885489387, 0.046370741772816894]"
106,19,2518,1,0.024867399768195953,1.5806956060768358,True,False,[8],[0.0964185436358327]
106,20,1772,1,0.009837236413877615,2.223932307925393,True,False,[8],[0.07800511780545279]
107,0,2306,1,0.015318472578671952,3.1919869403063696,True,False,[10],[0.03942118517877231]
107,1,1098,1,0.013008763008242913,2.00993984493418,True,False,[12],[0.07779628629134953]
107,5,2451,1,0.0088989269995375,3.1111837133534563,True,False,[7],[0.12263061960033646]
107,7,444,1,0.011574391174782457,2.1406077766253016,True,False,[5],[0.10892806749785126]
107,8,1587,2,0.008090417793558229,2.0627643964622027,True,False,"[12, 17]","[0.0706191736360796, 0.04803399692665067]"
107,9,847,2,0.007903833277882575,2.445292377839099,True,False,"[7, 15]","[0.10412709404034605, 0.1333053855129415]"
107,11,1143,2,0.008427430046915835,2.115329552115303,True,False,"[7, 17]","[0.1000560673421205, 0.05639874329611196]"
107,12,1000,2,0.008497273837676003,2.1794203057995443,True,False,"[8, 16]","[0.13245426209841785, 0.13813907768198025]"
107,13,1463,1,0.012089568724231475,2.1139256621287954,True,False,[8],[0.12002583906765008]
107,15,1641,1,0.012385405384782045,1.7157287362114897,True,False,[5],[0.13638891177608656]
107,20,1772,1,0.009592358547469466,2.274465347686634,True,False,[8],[0.07151807387155558]
107,21,495,1,0.011416666250244192,1.8766759277097418,True,False,[8],[0.08669493841056906]
107,22,19,1,0.011421849904163592,1.5781701761984326,True,False,[7],[0.11594627874303703]
108,3,1319,2,0.007656370614694267,3.057036836145179,True,False,"[7, 15]","[0.11103839284392772, 0.10891175893575093]"
108,5,2451,1,0.011403110715627886,3.156667664166509,True,False,[5],[0.12192871557254707]
108,7,444,1,0.01161225714539534,2.1621237009509504,True,False,[7],[0.13601033216506392]
108,8,1587,3,0.007820161876011119,2.0531178159720276,True,False,"[8, 12, 17]","[0.10732373211562485, 0.07587461915223936, 0.07431874509738116]"
108,9,847,1,0.010150951880308305,2.4932678204024823,True,False,[5],[0.09338555743304132]
108,10,2491,1,0.010985513200848094,2.6648087302445633,True,False,[8],[0.14065105600972191]
108,16,1641,2,0.007356961095238825,1.7196599557800956,True,False,"[7, 12]","[0.11574053115857554, 0.10632686752525532]"
108,18,1304,1,0.011627950304978953,3.0954431397229376,True,False,[5],[0.1199772354239625]
108,19,2433,1,0.011390270424137459,2.594520113172861,True,False,[7],[0.12626922653837513]
108,20,2518,1,0.01090771741687894,1.5797727951489444,True,False,[8],[0.06835315547210992]
108,21,1772,1,0.010138369117216934,2.3254049473321756,True,False,[8],[0.07729965382610093]
109,5,2451,1,0.013457180814051839,3.1313665738812033,True,False,[15],[0.08764206496801834]
109,7,444,1,0.013154626830676893,2.176566939374387,True,False,[11],[0.0786103314854129]
109,9,2606,1,0.022179804269255633,2.6099174089954955,True,False,[7],[0.10183643542404851]
109,11,1143,1,0.013062546720091281,2.116758706980492,True,False,[17],[0.061440415833548596]
109,16,1641,1,0.013873776306004044,1.7022567234729453,True,False,[11],[0.03814056178042451]
109,17,2370,1,0.012742624831587803,1.628550355782957,True,False,[15],[0.10686959486076224]
109,18,1304,1,0.007770741205263223,3.1666889524927506,True,False,[7],[0.10135215197678567]
109,21,847,1,0.010242456072966854,2.510628944332462,True,False,[7],[0.11661868971392929]
109,23,1772,1,0.013383906979919907,2.3331685818078385,True,False,[15],[0.09070239197079867]
110,0,2306,1,0.012171279307159813,3.2156142586548295,True,False,[8],[0.0931454334153986]
110,1,1098,1,0.009943533346040435,2.041434295156379,True,False,[8],[0.12055087685159434]
110,2,2616,3,0.040186066135226656,3.445656382854322,True,False,"[7, 8, 15]","[0.10334183290175371, 0.1295087068507933, 0.1458682432197183]"
110,3,1319,1,0.009314108106451969,3.124066817588198,True,False,[7],[0.11109282053111055]
110,7,1587,1,0.012786078449645013,2.050365382188907,True,False,[12],[0.13727024185466405]
110,8,2606,1,0.011232935089760882,2.6490836680369503,True,False,[8],[0.10263050436975797]
110,9,2491,1,0.011279229729058106,2.670469626542537,True,False,[15],[0.12133849143133918]
110,10,1143,1,0.012793102576344952,2.1012341084774895,True,False,[17],[0.033684197176508286]
110,11,1000,1,0.012060855567816832,2.2098214412825388,True,False,[5],[0.13095462830678048]
110,15,1641,2,0.011013078699651973,1.7235117254090773,True,False,"[8, 11]","[0.11882635685582651, 0.05948164516525243]"
110,16,1142,1,0.011830375673984008,2.4557636206776836,True,False,[5],[0.08598683484692864]
110,17,444,1,0.013210978235818462,2.185805478807924,True,False,[12],[0.14932585397074896]
110,18,1304,1,0.011105157382467997,3.232324091038492,True,False,[5],[0.10125570184620844]
110,20,2518,2,0.009496024142343804,1.5810358690559485,True,False,"[8, 15]","[0.06771167488776186, 0.10299547802661613]"
110,21,847,2,0.007977795600223448,2.5241083232598314,True,False,"[7, 15]","[0.10485960331406713, 0.07937729260220115]"
111,0,2306,1,0.012716658246269621,3.212675188658533,True,False,[15],[0.11858972952275858]
111,1,1098,2,0.008804777905775153,2.046672003638454,True,False,"[7, 12]","[0.10085940443914647, 0.07535201965984563]"
111,3,1319,1,0.010033492543351225,3.188134619274935,True,False,[7],[0.10730633103973775]
111,5,2451,1,0.013190537472322586,3.1329342544394647,True,False,[8],[0.09109069227830463]
111,7,1587,4,0.008292456288437682,2.0512743546093706,True,False,"[8, 12, 16, 17]","[0.1398550125166775, 0.10698774565139396, 0.06299555999093898, 0.0556435207861389]"
111,9,2491,1,0.010886826003997428,2.675173633647958,True,False,[15],[0.11574234129010441]
111,10,1143,1,0.012650916387366845,2.0869113302672164,True,False,[17],[0.04694326491269327]
111,12,1463,1,0.012640651742980628,2.1291419136077065,True,False,[8],[0.14630662158145155]
111,17,2644,1,0.0834195102885991,2.6053127857483243,True,False,[7],[0.07861454156275413]
111,18,444,1,0.009339829026258935,2.224915758005561,True,False,[7],[0.11436064236286868]
111,19,1304,1,0.00873213645267609,3.299266217695788,True,False,[7],[0.1071872194840711]
111,20,2433,1,0.010016349629766752,2.648433154830454,True,False,[5],[0.08996510282880418]
111,21,2518,1,0.012974222804457716,1.5837152509992942,True,False,[15],[0.08141937910762154]
111,22,847,1,0.012141666404767425,2.5262877789862483,True,False,[15],[0.0884757125957729]
112,0,2306,1,0.01222461105514176,3.2214534176654563,True,False,[8],[0.09301083532641885]
112,1,1098,1,0.011468105515677682,2.074752775218618,True,False,[5],[0.13009111379491353]
112,2,2616,1,0.010145659000757557,3.5197826749601813,True,False,[7],[0.09815088520499288]
112,3,1319,1,0.009300882442030322,3.2558736650873366,True,False,[7],[0.09770540281940412]
112,4,2411,1,0.012866675467299691,2.5551252980423658,True,False,[5],[0.0932966665349194]
112,7,1587,1,0.01170921525520113,2.04559677221363,True,False,[12],[0.10556980740375647]
112,8,2606,1,0.01090252483634624,2.68969343206541,True,False,[8],[0.09874020690935478]
112,9,2491,1,0.010775345051842652,2.681556717938121,True,False,[15],[0.10888598295050782]
112,10,1143,2,0.009990318033114887,2.088327959500763,True,False,"[7, 17]","[0.12112932880161677, 0.06640738384604114]"
112,15,1641,2,0.007458122760913602,1.7396176329952442,True,False,"[8, 12]","[0.10585172545850452, 0.09110512711154978]"
112,16,1142,1,0.009307828088519508,2.5069412220546927,True,False,[7],[0.10466563790347765]
112,18,444,1,0.011551105975071333,2.265646559479941,True,False,[5],[0.10026151996864294]
112,21,2518,1,0.012475374292283627,1.5865637879260877,True,False,[15],[0.08018054491317854]
112,22,847,1,0.01132386422000445,2.5284721612667145,True,False,[15],[0.08456665176824016]
113,0,2306,1,0.012043864956166756,3.2356493270142654,True,False,[8],[0.08531213495715399]
113,1,1098,1,0.01283904134911384,2.083653494686048,True,False,[7],[0.10699481116239293]
113,3,1319,1,0.011323066838987742,3.254665990909346,True,False,[8],[0.10883878431648243]
113,6,2616,4,0.0063462967937736835,3.539187900991668,True,False,"[7, 8, 12, 15]","[0.11500447300628223, 0.1279736868503256, 0.17239165230658293, 0.155027020232374]"
113,7,1587,1,0.012498146439194703,2.0469046701929137,True,False,[12],[0.11897402509327804]
113,8,2606,1,0.012760881723076324,2.698076233270564,True,False,[15],[0.13713901615767257]
113,9,2491,1,0.010723632153670944,2.6875800225227,True,False,[15],[0.09914928599366786]
113,11,1000,1,0.010570552520914328,2.2465893861500787,True,False,[8],[0.1275748652814954]
113,12,1463,1,0.012503412482688705,2.1667263445753226,True,False,[5],[0.10694011219370282]
113,16,1304,1,0.008260680252550534,3.3664874950900323,True,False,[7],[0.10923510801708905]
113,17,2433,1,0.011790196273430004,2.696516491977659,True,False,[5],[0.09882167941828186]
113,19,847,1,0.011138106053160624,2.578846734123314,True,False,[5],[0.08471885776387408]
113,22,1142,1,0.010319744408712757,2.5554843159236986,True,False,[7],[0.10705176973837383]
113,23,444,1,0.01166752054804959,2.2910985830400197,True,False,[7],[0.11784775838925983]
114,0,2306,2,0.00882439225037101,3.2702314157068826,True,False,"[7, 15]","[0.13131134661587943, 0.12699133930412423]"
114,1,1098,1,0.012002774829130433,2.0918190395984277,True,False,[12],[0.07967848541976497]
114,3,1319,2,0.008114322268429468,3.279098868770113,True,False,"[7, 15]","[0.0951741457370147, 0.11654645875535223]"
114,7,1587,1,0.012325715811460834,2.052164781921033,True,False,[12],[0.11643762613110513]
114,8,2606,1,0.01090513574019534,2.742435211719233,True,False,[8],[0.09176376622201089]
114,9,2491,1,0.010899205389622937,2.6938968192320747,True,False,[15],[0.09136193055138808]
114,10,1143,2,0.010951440753878033,2.082850326350119,True,False,"[7, 17]","[0.14274571917089182, 0.12067145092316245]"
114,12,1463,1,0.010891362706435212,2.168338317033555,True,False,[7],[0.12874995003849898]
114,19,847,1,0.009384444119303597,2.5833684120423257,True,False,[15],[0.1589967108875738]
114,21,1641,1,0.010160768627131295,1.740147290269732,True,False,[7],[0.10917061320644485]
114,23,444,1,0.011359440282969487,2.3335506550850056,True,False,[5],[0.10864903910728375]
115,0,2306,1,0.012043706502504744,3.319290990497521,True,False,[5],[0.10925670505435632]
115,1,1098,2,0.008412453019520495,2.099316718041532,True,False,"[7, 12]","[0.10052204649259172, 0.0949008783048609]"
115,3,1319,2,0.00916942410900528,3.2996694455888878,True,False,"[7, 15]","[0.10253126436800167, 0.11910842135704112]"
115,5,2451,1,0.014403137550880813,3.0998182915591688,True,False,[15],[0.0897506644299832]
115,6,2616,2,0.009937458287976774,3.5709350275205063,True,False,"[7, 15]","[0.12288197365860457, 0.15473020817395353]"
115,9,2491,1,0.01079842045628684,2.7032293127149334,True,False,[15],[0.08767514931346494]
115,10,1143,1,0.013136223818445472,2.0601192080286066,True,False,[12],[0.11534782353665225]
115,11,1000,1,0.011538319232234272,2.2807216868990268,True,False,[16],[0.06232322134218482]
115,14,2591,1,0.05798984062791767,2.294352294943714,True,False,[5],[0.0935594966945554]
115,19,847,1,0.009271410666808387,2.5884629733683684,True,False,[15],[0.1525999397454949]
115,20,537,1,0.010857070357971517,2.16055343182507,True,False,[7],[0.1208988979200491]
115,23,444,2,0.008731640871009059,2.345156502426161,True,False,"[7, 12]","[0.122712051094098, 0.11423825785689025]"
116,0,2306,1,0.013144974379050533,3.3075389117554757,True,False,[15],[0.12433117045220866]
116,1,1098,3,0.007714196624232766,2.11077762613074,True,False,"[8, 12, 15]","[0.12517157608846644, 0.089996125997503, 0.16476260316163607]"
116,3,1319,2,0.010410982976301013,3.311993138497355,True,False,"[7, 15]","[0.11036116190518788, 0.12600329085634623]"
116,5,2451,2,0.010460539802434997,3.084794893766902,True,False,"[8, 15]","[0.09329466532248122, 0.08648555016962453]"
116,6,2616,1,0.011454170408599654,3.5754882605494984,True,False,[15],[0.1534800816708817]
116,7,1587,1,0.012326281149901419,2.0556103404396064,True,False,[12],[0.12657180735367404]
116,8,2606,1,0.010256561945954137,2.7917274999479442,True,False,[8],[0.07887180107675983]
116,10,1143,1,0.012163227511523806,2.026892939419397,True,False,[17],[0.1213693123340977]
116,11,1000,1,0.011822612828866727,2.315896992741862,True,False,[5],[0.12479485463592789]
116,12,1463,1,0.012095315083129408,2.1874532876236144,True,False,[8],[0.14744184249648173]
116,16,1304,1,0.009711809790986396,3.4351578585399833,True,False,[5],[0.0816304827135556]
116,19,847,1,0.009240732417730928,2.5932699203547727,True,False,[15],[0.13850011035026896]
116,21,1641,2,0.0075395124952045865,1.7575482668273341,True,False,"[7, 8]","[0.11091643456961825, 0.08641946513835401]"
117,0,2306,2,0.00800748362410834,3.305245832185324,True,False,"[8, 15]","[0.0977532961379098, 0.11965237067870636]"
117,1,1098,1,0.010596020049184132,2.1377992422628633,True,False,[8],[0.1170088168342712]
117,3,1319,1,0.010549349240910798,3.3122322599032556,True,False,[8],[0.11129349217216401]
117,5,2451,1,0.00867964612004778,3.1488360900347883,True,False,[7],[0.12645461347311418]
117,6,2616,2,0.007927508841341217,3.5814800945150806,True,False,"[8, 15]","[0.13201533658761336, 0.13956577392408936]"
117,8,2606,1,0.01223377289009566,2.8037095764389557,True,False,[15],[0.1330142497853781]
117,9,2491,1,0.010575185974283094,2.713065626471485,True,False,[15],[0.08002166663728935]
117,10,1143,2,0.008958035154795312,2.0259219134033217,True,False,"[7, 12]","[0.13144949488836222, 0.1110375936891457]"
117,12,1463,1,0.011931797059052658,2.201848251639722,True,False,[8],[0.13617713875738754]
117,16,1304,1,0.008633760396334482,3.510086334720185,True,False,[5],[0.07989853704891807]
117,19,847,1,0.008936988669158192,2.623768599682679,True,False,[7],[0.104283358005362]
117,21,1641,2,0.009363548310138362,1.7668728271742655,True,False,"[8, 12]","[0.07951567016341192, 0.1144338942005051]"
118,0,2306,1,0.01125418615501611,3.3098583932737595,True,False,[8],[0.0961204338464266]
118,3,1319,1,0.01384875199455622,3.282719222268375,True,False,[15],[0.11764395315483654]
118,7,1587,1,0.012450412796795563,2.0781155787853827,True,False,[5],[0.12398326909167985]
118,9,2491,2,0.007168493454643209,2.7336848193326406,True,False,"[8, 15]","[0.0839218715431307, 0.07503248006855738]"
118,10,1143,1,0.012442067313179086,1.9978244838007697,True,False,[17],[0.12470580853969349]
118,11,1000,1,0.01101346524493252,2.3552299136229693,True,False,[16],[0.06600157378671186]
118,15,1304,1,0.009838890075584769,3.5940163147470034,True,False,[7],[0.09614297930913361]
118,17,2518,1,0.010396795488208975,1.5991612289141384,True,False,[8],[0.11755207643967111]
118,18,847,1,0.011257567830966384,2.6676112536119616,True,False,[5],[0.0979412907533076]
118,20,1043,1,0.011173093000804735,2.573722134592896,True,False,[5],[0.0807292131924854]
118,22,1142,1,0.013445595217988283,2.5987704513364314,True,False,[5],[0.09748341768403475]
119,0,2306,2,0.007235662571663419,3.3487430071963376,True,False,"[7, 8]","[0.12293968914836306, 0.08211919632556118]"
119,1,1098,1,0.010706062302178866,2.17319400132049,True,False,[5],[0.12592195522745947]
119,7,1587,1,0.013019759509215675,2.0754919795388567,True,False,[8],[0.1320074160336276]
119,8,2606,1,0.009943851616857884,2.855559373424347,True,False,[8],[0.07289193814085297]
119,10,1143,1,0.012344577017235974,1.9777027874553286,True,False,[17],[0.11272062472527666]
119,14,2826,1,0.03580075608090125,1.7191486417364321,True,False,[15],[0.12405645176808072]
119,16,1304,1,0.007708464272694669,3.6698632193762237,True,False,[7],[0.09884864396244677]
119,17,2433,1,0.01138886306853043,2.749544673986519,True,False,[5],[0.08927463377294641]
119,18,2518,1,0.012054528401896263,1.5974097752501983,True,False,[15],[0.08251564545240107]
119,20,847,2,0.007469870205546517,2.7062659838219987,True,False,"[7, 15]","[0.1196819840229702, 0.08939077883622998]"
120,4,2411,1,0.009042855948966992,2.6133780331269465,True,False,[7],[0.07500201921210187]
120,5,2451,2,0.010992299142670614,3.144080026869978,True,False,"[8, 15]","[0.09610466749073056, 0.08631156262857091]"
120,6,2616,1,0.010743777554955366,3.5825432518897,True,False,[15],[0.12755907041557665]
120,7,1319,1,0.014399039227205429,3.2761884288771914,True,False,[15],[0.08272278550842234]
120,8,1587,1,0.011668313527002112,2.071835510417287,True,False,[12],[0.0772308222263942]
120,10,2491,1,0.011597187991611812,2.732762016930486,True,False,[15],[0.06391801279924124]
120,11,1143,2,0.009891047127222377,1.9630372467035226,True,False,"[12, 17]","[0.11086613802750978, 0.06894977535500187]"
120,12,2848,1,0.04072800017025511,2.8043802995989853,True,False,[7],[0.12240078238317835]
120,16,2862,2,0.033298907227389214,3.6244424949513157,True,False,"[7, 8]","[0.10186674742172917, 0.1087428050210845]"
120,22,847,1,0.010364720733853269,2.7332223896966674,True,False,[7],[0.10762157587693987]
121,5,2451,1,0.012698361537139989,3.1567396150967997,True,False,[8],[0.08713821228988075]
121,6,2616,2,0.009539408879312643,3.6130758056453858,True,False,"[7, 15]","[0.12259853532271812, 0.1278459103972054]"
121,7,1319,1,0.010402122743207079,3.3285439878673833,True,False,[7],[0.1245163592534564]
121,8,1587,1,0.011673729916636079,2.064632562053271,True,False,[12],[0.07313828867629842]
121,11,1143,1,0.012659823456402777,1.9589568337746823,True,False,[17],[0.08155898753974587]
121,13,1000,1,0.011530463659394684,2.375566735776152,True,False,[8],[0.10536129500573055]
121,15,2826,1,0.011048234411732336,1.7199679245308013,True,False,[15],[0.08125670944299368]
121,18,1304,1,0.010366244097655731,3.753950277762896,True,False,[5],[0.08457664367336146]
121,22,847,1,0.010987311208972304,2.790355976342529,True,False,[5],[0.08678252894518128]
122,0,2306,1,0.011407020805858212,3.347043821266525,True,False,[8],[0.08110766364122496]
122,5,2411,1,0.012144095860486892,2.6561526990115176,True,False,[5],[0.11110892028015033]
122,6,2451,2,0.008040980524576512,3.1914769205794196,True,False,"[7, 8]","[0.11303428678950173, 0.12469649020856285]"
122,7,2616,1,0.011851610190366945,3.6464124774008595,True,False,[5],[0.125123347321706]
122,8,1319,1,0.011775288655940257,3.383743408446765,True,False,[5],[0.11297426612474201]
122,9,1587,1,0.010055854152199221,2.1041609827153622,True,False,[7],[0.09744248382421503]
122,11,2491,1,0.010669177071512081,2.73943230025889,True,False,[15],[0.11875228617201426]
122,12,1143,1,0.01323912706572564,1.9558647032283811,True,False,[17],[0.0434037110664607]
122,13,2848,1,0.010167104061107069,2.858000384761727,True,False,[7],[0.11633625370077529]
122,14,1000,1,0.010871861050625991,2.4071733908716313,True,False,[5],[0.09267808320474548]
122,16,2826,1,0.0111447215856846,1.720013765405803,True,False,[15],[0.09023226508299194]
122,19,1304,1,0.011266931425979572,3.8345853702542256,True,False,[5],[0.08304847321588078]
122,22,847,1,0.010903753788143051,2.8095473501243866,True,False,[7],[0.11320784291385208]
123,0,2306,1,0.011180061748297157,3.347502613778941,True,False,[8],[0.07437436404834608]
123,8,2616,2,0.007116867963840109,3.6884819246028484,True,False,"[7, 8]","[0.113653186803562, 0.07000819127671962]"
123,9,1319,1,0.011675417358889353,3.383178882756443,True,False,[15],[0.0844634183411219]
123,10,1587,2,0.008315555687516126,2.0827184908138356,True,False,"[8, 12]","[0.13947201530001932, 0.11786549391559943]"
123,12,2491,1,0.011784172503059215,2.759288881655776,True,False,[15],[0.09947855896248417]
123,13,1143,1,0.011010360673974687,1.9875336628663642,True,False,[7],[0.11758853133482976]
123,15,1000,2,0.008271209469474024,2.419550456006519,True,False,"[8, 16]","[0.0992501218421151, 0.12305633343964043]"
123,19,1304,1,0.011523247065310159,3.912608333776377,True,False,[5],[0.07725427252121528]
123,20,2433,1,0.00965923803632423,2.8035263215421704,True,False,[7],[0.10641641102293627]
123,22,847,1,0.010342997001268426,2.8383270229535977,True,False,[7],[0.09503642729694932]
124,1,1098,2,0.012213484580484492,2.173664524284158,True,False,"[12, 16]","[0.09204806658669454, 0.08378910311725953]"
124,8,2616,3,0.009300802885956182,3.665660444903861,True,False,"[8, 10, 15]","[0.06421307186438253, 0.02659892327610773, 0.13470355630419775]"
124,9,1319,1,0.009751083380486705,3.4540777551614124,True,False,[7],[0.09217546115310686]
124,10,1587,2,0.008569467573302184,2.061000869628634,True,False,"[8, 12]","[0.13944337795395753, 0.12354489490475339]"
124,14,2848,1,0.01041109016300004,2.9111501124986883,True,False,[7],[0.10849875874747818]
124,15,1000,1,0.011817796243643678,2.420350478781086,True,False,[16],[0.11193548609158153]
124,16,1463,1,0.010304753384670887,2.223088221008822,True,False,[5],[0.08608262501714126]
124,22,847,1,0.010550286426968144,2.836320917248344,True,False,[15],[0.08607036569608]
125,8,2451,1,0.011466764999618906,3.186683310365983,True,False,[15],[0.1150336525544412]
125,9,2616,1,0.012094930761066984,3.6717935476449983,True,False,[8],[0.08106865264022739]
125,10,1319,1,0.01113248312059967,3.519620919914927,True,False,[7],[0.11607833585442098]
125,11,1587,3,0.009205778160937282,2.0404298457589642,True,False,"[8, 12, 17]","[0.13068177982552548, 0.1408760800104753, 0.10517492415539315]"
125,13,2491,1,0.009421001487040672,2.7599163914225344,True,False,[15],[0.09368326146531382]
125,14,1143,1,0.01150948791725382,2.02347613724835,True,False,[5],[0.10138725128170532]
125,22,847,1,0.009810923606655694,2.868361548052279,True,False,[7],[0.09938340659385808]
126,0,2306,1,0.011146558705371675,3.349857060699029,True,False,[8],[0.07669235801596222]
126,6,2982,1,0.04520766888040658,3.0538980960339086,True,False,[7],[0.10038967468905216]
126,9,2616,1,0.010178008474081736,3.7442137472755204,True,False,[7],[0.09187444521751013]
126,11,1587,2,0.007967903292670473,2.0449784007077687,True,False,"[7, 17]","[0.10153728407229497, 0.10363905397115991]"
126,12,2606,1,0.01169405772127509,2.9011894754219543,True,False,[8],[0.1253964954757533]
126,16,1000,1,0.01228452335837689,2.4225070861551607,True,False,[5],[0.0876384515541404]
126,17,1463,1,0.00924614935398655,2.268778711022944,True,False,[8],[0.11779675945759771]
126,22,847,1,0.01081633654469754,2.861121379145271,True,False,[15],[0.09839909966638187]
127,0,2306,1,0.009895219067869197,3.3496392794208703,True,False,[8],[0.07277038803618976]
127,8,2451,1,0.012237183302534576,3.177520225381317,True,False,[15],[0.11728058798679794]
127,9,2616,1,0.010960412990256687,3.736867814802396,True,False,[15],[0.08891138200936814]
127,11,1587,1,0.011446935558717924,2.029186951324166,True,False,[15],[0.13504893148361025]
127,22,847,1,0.011113988824646256,2.8578779663026386,True,False,[15],[0.10041637145265783]
128,0,2306,1,0.010806331591832419,3.3469053573213334,True,False,[8],[0.07490212999102785]
128,8,2451,1,0.01016383695135189,3.2349769044881644,True,False,[7],[0.12005248796901573]
128,9,2616,1,0.0096024476932017,3.8159478024189473,True,False,[7],[0.08421578452414036]
128,11,1587,2,0.010948633239261913,2.009152073597597,True,False,"[12, 17]","[0.14694991143001895, 0.11373025805385958]"
128,13,2606,1,0.010550865106288585,2.959124741983836,True,False,[8],[0.09334750923686415]
128,18,1463,1,0.009963686134160767,2.302735123243533,True,False,[8],[0.11494672316815019]
128,19,2826,2,0.007490721236116098,1.7276502764934276,True,False,"[8, 15]","[0.0945162041262095, 0.12804343289050107]"
128,22,847,2,0.007468179456120217,2.8795259747629953,True,False,"[7, 15]","[0.09852862454163322, 0.08116659007801759]"
129,0,2306,2,0.006344992244044065,3.3903379513088283,True,False,"[7, 8]","[0.1200906127579368, 0.0760896964855459]"
129,11,1319,1,0.012315078956809791,3.514911948588949,True,False,[8],[0.13024969076573203]
129,12,1587,1,0.010839312350839786,1.995279143519195,True,False,[12],[0.1497915231807542]
129,15,2491,2,0.006864423867949845,2.7953481909539115,True,False,"[8, 15]","[0.09115487255213968, 0.07131926725804108]"
129,16,1143,3,0.007976851922988774,2.0338891596435635,True,False,"[7, 12, 17]","[0.11082980241906429, 0.11920559067739524, 0.07702739080759155]"
129,18,1000,1,0.009648243606517207,2.467146673334927,True,False,[8],[0.10760297827751959]
130,10,2616,1,0.009640229959382561,3.897385727664613,True,False,[7],[0.10531867203806214]
130,11,1319,1,0.010538623912779077,3.515450030183218,True,False,[15],[0.13009693441773526]
130,12,1587,1,0.01089554432482241,1.9862499909870943,True,False,[12],[0.14547889584807688]
130,18,1000,1,0.009401643680725368,2.4957783209470756,True,False,[16],[0.12132852309467838]
130,19,1463,1,0.009410066528184165,2.3168710587153862,True,False,[7],[0.10158971935308829]
131,11,2616,1,0.011945015855032739,3.8920207999270118,True,False,[8],[0.12950634572779943]
131,12,3129,1,0.02229756994241716,3.262572817621241,True,False,[8],[0.11732237493779536]
131,15,1143,1,0.011261825791872572,2.07302265464561,True,False,[5],[0.12659332950761984]
131,17,1000,1,0.011771438063830214,2.5035080330567427,True,False,[16],[0.05957974407195234]
131,21,1319,1,0.01077304812496817,3.5388816331332036,True,False,[8],[0.08678050619364161]
132,0,2306,2,0.00744313608016481,3.3883338778646954,True,False,"[8, 15]","[0.07124787822138161, 0.11438710808883867]"
132,1,1098,1,0.011849644739559687,2.1829162928626,True,False,[7],[0.10949793925556799]
132,5,3078,1,0.038224237682124816,3.1138970394140446,True,False,[5],[0.09989968044217354]
132,6,2916,1,0.0411963531888674,2.991867970431141,True,False,[7],[0.09089996687385511]
132,11,2616,1,0.010414925122355843,3.893563121148543,True,False,[15],[0.12829804947705467]
132,12,3129,2,0.007419098450028112,3.2891727624825,True,False,"[7, 8]","[0.11335938414124423, 0.1209474713733834]"
132,15,1143,1,0.01236647605513288,2.069099380682626,True,False,[8],[0.11224319516467075]
132,17,1000,1,0.009057972044589795,2.5383611283483547,True,False,[8],[0.1077253669307394]
133,0,2306,1,0.009659881796285788,3.3970240442250565,True,False,[8],[0.08151332823586692]
133,11,2451,1,0.012196914092175905,3.2315038606067903,True,False,[8],[0.13045292491883345]
133,12,2616,1,0.010984840554089353,3.893797954072392,True,False,[15],[0.09832966686064296]
133,15,3128,1,0.04355039073142019,2.922817026014441,True,False,[7],[0.0874162175694983]
133,16,1143,2,0.009015314066621797,2.101631502017841,True,False,"[7, 17]","[0.10312225215315192, 0.0743893214814962]"
133,18,1000,1,0.009676241005838287,2.5859154049271638,True,False,[8],[0.10096076887272847]
133,19,2826,1,0.011025186522869698,1.7312599415988101,True,False,[15],[0.11743810985042052]
133,21,1319,1,0.010351634726374778,3.544274049455385,True,False,[8],[0.08718445431996412]
133,22,2606,1,0.007993557484411742,3.0244550625354445,True,False,[8],[0.10447075933296186]
134,0,2306,1,0.009955635800484239,3.398231246679671,True,False,[8],[0.07572156822125725]
134,1,1098,1,0.01037150118737415,2.209196398651089,True,False,[8],[0.10695903254579965]
134,12,2616,2,0.007230970025574274,3.9295891167567927,True,False,"[7, 8]","[0.1014931749696206, 0.1088136250916713]"
134,18,1000,1,0.009174002739587133,2.6182893408682073,True,False,[16],[0.11041720666744374]
134,21,1319,2,0.0072757749215941305,3.5857176127991073,True,False,"[7, 15]","[0.10723602405058398, 0.08991138171686582]"
135,11,2451,2,0.0080569766061096,3.232394859456408,True,False,"[8, 15]","[0.11655164620431725, 0.12752915706349602]"
135,12,2616,1,0.009205830570544467,3.9985722800688266,True,False,[7],[0.10340438044060901]
135,13,3129,1,0.012019439466081848,3.283965113064996,True,False,[8],[0.10028472646381806]
135,16,1143,1,0.008152530847439547,2.151793718452365,True,False,[7],[0.09874177808635827]
135,21,1319,1,0.00947498309510165,3.588976497227454,True,False,[8],[0.08916759139452966]
136,0,3262,1,0.06553133373106085,3.398216466892514,True,False,[8],[0.07518165062531175]
136,1,2306,1,0.009089756140662642,3.3992081924109674,True,False,[8],[0.09679445884423073]
136,13,2451,1,0.012382775350622082,3.2265038841940332,True,False,[8],[0.0945763137524045]
136,15,3129,1,0.009879798248640572,3.345472683479922,True,False,[5],[0.11357975055927046]
136,18,1143,1,0.011719840757285391,2.1516529938556213,True,False,[17],[0.03775399442247775]
136,20,1000,1,0.011640423304995118,2.6213459855875914,True,False,[5],[0.07955502316386857]
137,1,2306,1,0.010310948296365825,3.463737370206914,True,False,[5],[0.1244835076992553]
137,2,1098,2,0.007543144330072844,2.227324327059304,True,False,"[8, 12]","[0.11337225423143822, 0.12424013591097464]"
137,13,2451,1,0.010713213062143836,3.2225718549372706,True,False,[15],[0.09682123923308225]
137,18,1143,1,0.010329444944402978,2.2002355596266594,True,False,[5],[0.08170524450674647]
137,22,1319,1,0.009900832775327833,3.616110858395676,True,False,[8],[0.10197841772130842]
138,1,2306,2,0.00896985302999616,3.4613244268876286,True,False,"[8, 15]","[0.09570686963937576, 0.16438785620620003]"
138,2,1098,1,0.008700759671057531,2.268741179228456,True,False,[8],[0.10242036152522753]
138,8,2916,1,0.009539529987776397,3.0478906740608744,True,False,[7],[0.10763477825763244]
138,13,2451,2,0.009163868475694998,3.221257643868313,True,False,"[8, 15]","[0.10053514464766726, 0.0927552515887489]"
138,14,2616,1,0.01088136963044161,3.991644562943716,True,False,[15],[0.1188915812933794]
138,15,3129,1,0.009124001255359965,3.4262857856006095,True,False,[7],[0.08170478549041553]
138,22,1319,1,0.01055592643924344,3.694949585148937,True,False,[7],[0.09925759655779434]
139,1,2306,2,0.006789148987312636,3.504559935841255,True,False,"[7, 8]","[0.1081080204893128, 0.08366847626571113]"
139,13,2451,3,0.006896549311786731,3.237226339292077,True,False,"[7, 8, 15]","[0.11218190287321922, 0.09079033400119488, 0.08586396054498495]"
139,14,2616,2,0.006825664453786321,4.028225321361631,True,False,"[7, 8]","[0.10039675332450419, 0.0908309931305719]"
139,17,3128,1,0.009357476291029926,2.976798074250987,True,False,[7],[0.07367911163040713]
139,22,1319,1,0.009503082677005779,3.7812989997116997,True,False,[7],[0.09252482881788518]
140,0,3262,1,0.007574727471289611,3.4693561378481452,True,False,[8],[0.06710511961821655]
140,1,2306,1,0.008344258008352663,3.5145313471306627,True,False,[8],[0.07109805660053636]
140,2,1098,1,0.009369334094774424,2.3067732173359308,True,False,[8],[0.10294238288926427]
140,13,2451,1,0.010727431867636817,3.237964651454177,True,False,[15],[0.08585840538380764]
140,14,2616,1,0.010754111492720736,4.027657676483791,True,False,[8],[0.09217574489208837]
140,15,3129,1,0.009084383993369574,3.5076963390576847,True,False,[7],[0.0818218830669821]
140,18,1143,2,0.00745710994018687,2.22746592923686,True,False,"[7, 17]","[0.11261784600439254, 0.04582237038767337]"
141,0,3262,1,0.007517539765746036,3.5396927280805093,True,False,[8],[0.06425521556943667]
141,1,2306,1,0.009658167665876098,3.5169466478246223,True,False,[8],[0.07031160754072995]
141,13,2451,1,0.011921218647610367,3.2365949069255953,True,False,[8],[0.08928523752440977]
141,15,3129,1,0.008351527982599558,3.5934902289179895,True,False,[7],[0.07786412768432276]
141,18,1143,2,0.007946119363771703,2.254949411360639,True,False,"[7, 17]","[0.10792100172014099, 0.05439510335910826]"
142,0,3262,1,0.007526225689958651,3.6121827273355374,True,False,[8],[0.0590118519931767]
142,1,2306,2,0.00847410499992902,3.5147991739220314,True,False,"[8, 15]","[0.06958819374254017, 0.1574071417718205]"
142,13,2616,1,0.010521838390709005,4.031173084387447,True,False,[15],[0.08465645296627505]
142,17,1143,1,0.011919530521078966,2.2569936725969706,True,False,[17],[0.023290830139447632]
142,19,1000,2,0.0066188299694935285,2.648366299235282,True,False,"[8, 16]","[0.08669708154073437, 0.14079970696228394]"
143,0,3262,1,0.008274162569348736,3.6819819285792263,True,False,[8],[0.0568402608409031]
143,13,2451,1,0.01073387581416876,3.2397807415011632,True,False,[15],[0.0820117028414715]
143,14,2616,2,0.00860134619806917,4.055423560842416,True,False,"[7, 15]","[0.10839392366530474, 0.1231260999490274]"
143,18,3424,1,0.058853421340870675,3.2446197689540894,True,False,[7],[0.09825089600364281]
144,1,2306,1,0.01014628330528933,3.5257675897231713,True,False,[8],[0.06231304884713665]
144,13,2451,1,0.009035631316797329,3.310865325838062,True,False,[5],[0.08617412401373299]
144,14,2616,1,0.008678034659286812,4.130595018663215,True,False,[7],[0.09708211063341474]
144,19,1143,1,0.011762140585682127,2.2930600056375523,True,False,[5],[0.07828456894769557]
145,1,2306,1,0.00990766700118157,3.5356739304204985,True,False,[8],[0.05793214950978607]
145,13,2451,1,0.008937030103188415,3.3705229371375216,True,False,[7],[0.1092870216466525]
145,14,2616,1,0.01111758755969714,4.131126529158868,True,False,[8],[0.0971861717976011]
145,19,1143,1,0.008560115788397084,2.34193617201944,True,False,[7],[0.11200259892569406]
146,1,2306,1,0.010640863591738601,3.548127778289256,True,False,[8],[0.061231762368247344]
146,14,2616,1,0.009566916613322958,4.205013956937457,True,False,[7],[0.1004740110956804]
146,19,1143,1,0.008677414448297687,2.391374947727117,True,False,[7],[0.10992162174163266]
146,21,1000,1,0.008411628826370221,2.6944586839934437,True,False,[8],[0.0835092456095881]
147,1,2306,1,0.00978240131268769,3.621952206943021,True,False,[7],[0.10696227749021534]
147,14,2616,1,0.011893998439106223,4.196031907911957,True,False,[15],[0.12141829526918632]
147,19,1143,1,0.012633552840145407,2.3876511273023615,True,False,[17],[0.032088415169264944]
147,21,1000,1,0.00817803915757155,2.745022602122892,True,False,[8],[0.07632991888018904]
148,1,2306,1,0.011081969282388667,3.6128774794643026,True,False,[15],[0.15425828601531164]
148,13,2451,1,0.01074602888374259,3.3740389424610973,True,False,[15],[0.07892770130404711]
148,14,2616,1,0.011264891000099808,4.197668674183203,True,False,[8],[0.09873621119202806]
148,15,3129,1,0.009511518504966985,3.6658198702808242,True,False,[5],[0.10812672570132666]
148,21,1000,1,0.007953291288858572,2.8006820440630587,True,False,[8],[0.06885031004062304]
149,1,2306,1,0.011209295231269964,3.6025297433714707,True,False,[15],[0.1520790394387142]
149,14,2451,2,0.009517281765683719,3.3714071825916094,True,False,"[8, 15]","[0.08991761308584083, 0.10730339119040455]"
149,15,2616,1,0.010087039129887388,4.202088164499537,True,False,[15],[0.07252942848326795]
149,16,3129,1,0.010450623147739839,3.6842576659563986,True,False,[8],[0.09872379193304848]
149,20,1143,2,0.006545057311265735,2.416337727558113,True,False,"[7, 17]","[0.09783988805449258, 0.05339098335998728]"
150,1,2306,1,0.009731547499639257,3.6209706454015946,True,False,[8],[0.04858823580885681]
150,3,3554,1,0.03842730900745506,2.5113685200829035,True,False,[8],[0.10147386721679381]
150,16,2616,1,0.007583272307311013,4.301114279283403,True,False,[7],[0.09452823400213173]
150,21,1143,1,0.012016399601849288,2.415525253437087,True,False,[12],[0.12159381942402776]
151,1,2306,1,0.010775356812915856,3.6359921831907704,True,False,[8],[0.054019169786929444]
151,16,2616,1,0.009404261430012575,4.308969105085878,True,False,[8],[0.086781261456869]
151,21,1143,1,0.009277516327670038,2.470446115176966,True,False,[5],[0.1086177756159645]
151,23,3129,1,0.010418823249841785,3.7419644886206784,True,False,[5],[0.10496470229175402]
152,3,3554,1,0.008505235598063238,2.554545706416591,True,False,[8],[0.0939785292577033]
152,16,2616,2,0.005926843529051058,4.364948509602589,True,False,"[7, 8]","[0.08978464059611775, 0.08313650526507693]"
152,21,1143,1,0.012468427766689974,2.434402342757263,True,False,[15],[0.11817782995401743]
152,23,3129,1,0.010970396664871034,3.7415481025013424,True,False,[8],[0.12019640652169189]
153,1,2306,1,0.010438466721869898,3.6269102688549935,True,False,[15],[0.13564324204775577]
153,15,2451,2,0.007419771844060538,3.375157676628129,True,False,"[8, 15]","[0.10168233101269829, 0.07009226192872287]"
153,17,2616,1,0.00832457140826549,4.453306318584178,True,False,[7],[0.07104046340785473]
154,15,2451,2,0.0077787465326178366,3.3777276907133316,True,False,"[8, 15]","[0.10130790866276831, 0.07237899452026905]"
154,17,2616,1,0.009086436687955614,4.5427031754463405,True,False,[7],[0.07217690752939987]
154,22,1143,1,0.008259611747518771,2.489590022334935,True,False,[7],[0.08194945225087892]
155,1,2306,2,0.0068200785743748335,3.6351633606653473,True,False,"[8, 15]","[0.04735336931424848, 0.1336733333174313]"
155,20,2616,1,0.009391948055634427,4.545311634467194,True,False,[8],[0.07313684609865631]
156,1,2306,1,0.00922219323513932,3.654570248606028,True,False,[8],[0.04311869991623151]
156,20,2616,1,0.007482571290101956,4.6533170436166476,True,False,[7],[0.09805370073222695]
157,18,2451,1,0.010774928203300579,3.368746682376217,True,False,[15],[0.08141005835400002]
158,18,2451,2,0.008022930888079179,3.362829171124072,True,False,"[8, 15]","[0.09581312527013722, 0.0856438131399443]"
159,19,2451,1,0.00855748318177562,3.4387247510034804,True,False,[7],[0.10860098788552364]
160,1,2306,2,0.006289137367565815,3.7067304357944866,True,False,"[7, 8]","[0.10009418265205819, 0.04238663675566588]"
160,18,2451,1,0.010958951646444006,3.4385912672482863,True,False,[8],[0.09206184844005874]
161,1,2306,1,0.008775175696400846,3.7717554829595517,True,False,[8],[0.0383330350565757]
162,0,3882,1,0.032880918407133676,3.4370783059128924,True,False,[15],[0.11564024615900827]
163,0,3882,1,0.010538193549732632,3.448978481263329,True,False,[8],[0.052308341318196026]
163,17,3262,1,0.007624223630108128,3.7686549541168075,True,False,[8],[0.09542369673424415]
163,18,2451,1,0.009922092743747835,3.4400859268111286,True,False,[8],[0.08382669529558828]
164,0,3882,1,0.01017000222508723,3.4579602348192133,True,False,[8],[0.05220351923848083]
165,0,3882,1,0.009465413679291101,3.4740227361233242,True,False,[8],[0.050242513553087544]
165,19,2451,1,0.009740057604575357,3.444376612286005,True,False,[8],[0.09200498475939856]
167,0,3882,2,0.007881666490024485,3.476032656742269,True,False,"[8, 15]","[0.05282651761187265, 0.11400718482920241]"
168,0,3882,1,0.009071201263970938,3.4958012179434785,True,False,[8],[0.050043545841887874]
169,0,3882,1,0.009656250109516254,3.5059878067163135,True,False,[8],[0.05603450389758275]
171,0,3882,1,0.009726427321821317,3.5258334984796473,True,False,[8],[0.06511052230823129]
172,0,3882,1,0.010567541375172166,3.546190553521695,True,False,[8],[0.06444024590120796]
172,20,2451,1,0.009055181986116457,3.4524805121114848,True,False,[8],[0.07027858128393986]
174,0,3882,1,0.009463042204977509,3.564412747747437,True,False,[8],[0.059786051989534246]
176,0,3882,1,0.009681882915576638,3.6001952339071077,True,False,[8],[0.05824602320198063]
177,0,3882,2,0.00868733784127544,3.6007117421989276,True,False,"[8, 15]","[0.07076105146624319, 0.11885329691908937]"
178,0,3882,1,0.010898045993401858,3.6239483166033124,True,False,[8],[0.06988872360554733]
181,0,3882,1,0.010619331500477423,3.6385211352386704,True,False,[8],[0.06705673459247997]
187,0,3882,1,0.009624188008167599,3.65373090091052,True,False,[8],[0.05809048958831712]
190,0,3882,1,0.010404266722596558,3.666420477150309,True,False,[8],[0.055546842375200044]
193,0,3882,1,0.010885740521623185,3.689729748676439,True,False,[8],[0.05610341167949619]
194,0,3882,1,0.010246722141425496,3.7186467543842134,True,False,[8],[0.05145854416332068]
195,0,3882,1,0.010496803504028445,3.748855975296332,True,False,[8],[0.05448771633828601]
196,0,3882,1,0.009516364232842744,3.781291460365517,True,False,[8],[0.046681068385208295]
203,0,3882,1,0.008902658565437012,3.821125330005215,True,False,[8],[0.040042506548684666]
204,0,3882,1,0.00948039703135556,3.8541749194498136,True,False,[8],[0.040132304487842385]
210,0,3882,1,0.008709793445467597,3.8907075443966415,True,False,[8],[0.03580960049589534]
211,0,3882,1,0.007798122227720051,3.9419646218301687,True,False,[8],[0.031224997715189523]
212,0,3882,1,0.007937461141700264,3.9854961247215894,True,False,[8],[0.028705989439474482]
226,0,3882,1,0.0076463578476228195,4.033150030179595,True,False,[8],[0.027251456998130193]
228,0,3882,1,0.00745017213014579,4.08762274677388,True,False,[8],[0.024606420633203927]
309,0,7358,1,0.16175144738063774,5.642795145167926,True,False,[12],[0.08999215325197005]
321,15,7695,1,0.16988263956335548,5.78938325350311,True,False,[12],[0.08009617430624283]
322,15,7695,1,0.012912125558611341,5.786957726094252,True,False,[12],[0.07050797698620713]
323,15,7695,1,0.01282560002785952,5.7838393398564945,True,False,[12],[0.061889611890960754]
325,15,7695,1,0.012625989519531512,5.780840610159993,True,False,[12],[0.05430975728118672]
326,17,7695,1,0.014310794672161226,5.785441413060471,True,False,[12],[0.13080838264186317]
329,20,7695,1,0.014013378675911238,5.784440637457869,True,False,[12],[0.08061200092707929]
330,19,7695,1,0.011392735276058176,5.772596060677952,True,False,[12],[0.14238383289634102]
332,21,7695,1,0.0134625516201685,5.772527487560974,True,False,[12],[0.10648464587716218]
333,19,7695,1,0.011232822718981024,5.76368041053387,True,False,[12],[0.1248350568531028]
334,19,7695,1,0.01112077409731213,5.7597827095846075,True,False,[12],[0.10998867116739615]
336,19,7695,1,0.010998802781157412,5.761328223199503,True,False,[12],[0.09608795318553336]
